t,leadI,leadII,leadIII,aVR,aVL,aVF
0,911,570,-1563.29462491119,733.562780499988,805.6895784334,-1539.25235893339
0.00214018191546281,841,630,-927.908505654105,758.000708163722,316.931025158718,-1074.93173332244
0.00428036383092563,825,667,-668.866472418523,706.68106006988,148.309324278952,-854.990384348833
0.00642054574638844,876,698,-766.61818307346,506.290053227261,321.818610691464,-828.108663918725
0.00856072766185126,871,712,-673.754057951269,484.2959183299,263.167584298502,-747.463502628402
0.0107009095773141,867,719,-619.990617091054,476.964540030779,226.510692802901,-703.47523283368
0.0128410914927769,865,725,-580.88993282908,467.189368965286,202.072765139167,-669.262134104453
0.0149812734082397,864,726,-571.114761763586,467.189368965286,194.741386840047,-661.930755805333
0.0171214553237025,865,732,-546.676834099852,450.082819600672,184.966215774553,-635.049035375225
0.0192616372391653,868,743,-507.576149837878,415.869720871444,172.747251942686,-588.61697281413
0.0214018191546281,869,748,-488.02580770689,401.206964273204,165.415873643566,-566.622837916769
0.023542001070091,870,756,-453.812708977663,379.212829375843,150.753117045325,-529.965946421168
0.0256821829855538,874,765,-429.374781313928,347.443523412989,148.309324278952,-495.752847691941
0.0278223649010166,876,774,-395.161682584701,320.561802982881,136.090360447085,-456.652163429966
0.0299625468164794,878,777,-390.274097051954,308.342839151014,138.534153213458,-446.876992364472
0.0321027287319422,878,783,-360.948583855473,293.680082552774,123.871396615218,-417.551479167991
0.034242910647405,880,791,-331.623070658992,269.24215488904,114.096225549724,-383.338380438764
0.0363830925628678,880,794,-316.960314060752,261.910776589919,106.764847250604,-368.675623840523
0.0385232744783307,881,799,-297.409971929764,247.248019991679,99.4334689514837,-346.681488943163
0.0406634563937935,884,807,-272.97204426603,220.366299561571,94.5458834187369,-314.912182980308
0.0428036383092563,884,808,-268.084458733283,217.922506795198,92.1020906523635,-310.024597447562
0.0449438202247191,884,807,-272.97204426603,220.366299561571,94.5458834187369,-314.912182980308
0.0470840021401819,887,813,-258.30928766779,198.372164664211,94.5458834187369,-292.918048082948
0.0492241840556447,887,818,-233.871360004056,186.153200832344,82.3269195868699,-268.480120419214
0.0513643659711075,887,815,-248.534116602296,193.484579131464,89.6582978859901,-283.142877017454
0.0535045478865704,890,818,-248.534116602296,178.821822533223,96.9896761851103,-275.811498718334
0.0556447298020332,890,825,-214.321017873068,161.71527316861,79.8831268204965,-241.598399989106
0.057784911717496,891,828,-204.545846807575,151.940102103116,77.4393340541231,-229.379436157239
0.0599250936329588,890,828,-199.658261274828,154.383894869489,72.5517485213763,-226.935643390866
0.0620652755484216,890,831,-184.995504676587,147.052516570369,65.220370222256,-212.272886792625
0.0642054574638844,893,835,-180.107919143841,129.945967205755,70.1079557550028,-200.053922960758
0.0663456393793472,894,837,-175.220333611094,122.614588906635,70.1079557550028,-192.722544661638
0.0684858212948101,893,834,-184.995504676587,132.389759972129,72.5517485213763,-204.941508493505
0.0706260032102729,893,841,-150.78240594736,115.283210607515,55.4451991567624,-170.728409764277
0.0727661851257357,894,843,-145.894820414613,107.951832308395,55.4451991567624,-163.397031465157
0.0749063670411985,894,842,-150.78240594736,110.395625074768,57.8889919231358,-168.284616997904
0.0770465489566613,894,844,-141.007234881866,105.508039542021,53.001406390389,-158.50944593241
0.0791867308721241,896,847,-136.119649349119,93.2890757101541,55.4451991567624,-148.734274866916
0.0813269127875869,893,847,-121.456892750879,100.620454009274,40.7824425585219,-141.402896567796
0.0834670947030498,895,845,-141.007234881866,100.620454009274,55.4451991567624,-156.065653166037
0.0856072766185126,896,850,-121.456892750879,85.9576974110339,48.1138208576422,-134.071518268676
0.0877474585339754,896,850,-121.456892750879,85.9576974110339,48.1138208576422,-134.071518268676
0.0898876404494382,896,847,-136.119649349119,93.2890757101541,55.4451991567624,-148.734274866916
0.092027822364901,896,850,-121.456892750879,85.9576974110339,48.1138208576422,-134.071518268676
0.0941680042803638,895,853,-101.906550619892,81.0701118782871,35.8948570257751,-116.964968904062
0.0963081861958267,895,852,-106.794136152638,83.5139046446605,38.3386497921485,-121.852554436809
0.0984483681112895,897,852,-116.569307218132,78.6263191119136,48.1138208576422,-126.740139969556
0.100588550026752,898,858,-92.1313795543979,61.5197697472998,38.3386497921485,-99.8584195394483
0.102728731942215,896,854,-101.906550619892,76.1825263455402,38.3386497921485,-114.521176137689
0.104868913857678,895,852,-106.794136152638,83.5139046446605,38.3386497921485,-121.852554436809
0.107009095773141,896,854,-101.906550619892,76.1825263455402,38.3386497921485,-114.521176137689
0.109149277688604,899,858,-97.0189650871447,59.0759769809264,43.2262353248953,-102.302212305822
0.111289459604066,898,854,-111.681721685385,71.2949408127934,48.1138208576422,-119.408761670436
0.113429641519529,898,855,-106.794136152638,68.85114804642,45.6700280912687,-114.521176137689
0.115569823434992,898,857,-97.0189650871447,63.9635625136732,40.7824425585219,-104.746005072195
0.117710005350455,899,860,-87.2437940216511,54.1883914481796,38.3386497921485,-92.5270412403281
0.119850187265918,898,855,-106.794136152638,68.85114804642,45.6700280912687,-114.521176137689
0.12199036918138,897,861,-72.5810374234106,56.632184214553,26.1196859602815,-82.7518701748344
0.124130551096843,898,861,-77.4686229561574,54.1883914481796,31.0072714930283,-85.1956629412078
0.126270733012306,898,858,-92.1313795543979,61.5197697472998,38.3386497921485,-99.8584195394483
0.128410914927769,897,860,-77.4686229561574,59.0759769809264,28.5634787266549,-87.6394557075812
0.130551096843232,898,864,-62.805866357917,46.8570131490593,23.6758931939081,-70.5329063429674
0.132691278758694,899,864,-67.6934518906638,44.4132203826859,28.5634787266549,-72.9766991093408
0.134831460674157,899,860,-87.2437940216511,54.1883914481796,38.3386497921485,-92.5270412403281
0.13697164258962,900,862,-82.3562084889042,46.8570131490593,38.3386497921485,-85.1956629412078
0.139111824505083,899,862,-77.4686229561574,49.3008059154327,33.4510642594017,-82.7518701748344
0.141252006420546,897,856,-97.0189650871447,68.85114804642,38.3386497921485,-107.189797838569
0.143392188336009,898,855,-106.794136152638,68.85114804642,45.6700280912687,-114.521176137689
0.145532370251471,900,863,-77.4686229561574,44.4132203826859,35.8948570257751,-80.308077408461
0.147672552166934,899,863,-72.5810374234106,46.8570131490593,31.0072714930283,-77.8642846420876
0.149812734082397,898,859,-87.243794021651,59.0759769809264,35.8948570257751,-94.9708340067015
0.15195291599786,898,863,-67.6934518906638,49.3008059154327,26.1196859602815,-75.4204918757142
0.154093097913323,900,864,-72.5810374234106,41.9694276163125,33.4510642594017,-75.4204918757142
0.156233279828785,897,860,-77.4686229561574,59.0759769809264,28.5634787266549,-87.6394557075812
0.158373461744248,898,860,-82.3562084889042,56.632184214553,33.4510642594017,-90.0832484739547
0.160513643659711,899,863,-72.5810374234106,46.8570131490593,31.0072714930283,-77.8642846420876
0.162653825575174,899,864,-67.6934518906638,44.4132203826859,28.5634787266549,-72.9766991093408
0.164794007490637,897,860,-77.4686229561574,59.0759769809264,28.5634787266549,-87.6394557075812
0.1669341894061,900,864,-72.5810374234106,41.9694276163125,33.4510642594017,-75.4204918757142
0.169074371321562,899,864,-67.6934518906638,44.4132203826859,28.5634787266549,-72.9766991093408
0.171214553237025,899,862,-77.4686229561574,49.3008059154327,33.4510642594017,-82.7518701748344
0.173354735152488,899,862,-77.4686229561574,49.3008059154327,33.4510642594017,-82.7518701748344
0.175494917067951,900,866,-62.805866357917,37.0818420835657,28.5634787266549,-65.6453208102206
0.177635098983414,898,864,-62.805866357917,46.8570131490593,23.6758931939081,-70.5329063429674
0.179775280898876,898,860,-82.3562084889042,56.632184214553,33.4510642594017,-90.0832484739547
0.181915462814339,899,864,-67.6934518906638,44.4132203826859,28.5634787266549,-72.9766991093408
0.184055644729802,900,866,-62.805866357917,37.0818420835657,28.5634787266549,-65.6453208102206
0.186195826645265,899,864,-67.6934518906638,44.4132203826859,28.5634787266549,-72.9766991093408
0.188336008560728,900,864,-72.5810374234106,41.9694276163125,33.4510642594017,-75.4204918757142
0.19047619047619,899,864,-67.6934518906638,44.4132203826859,28.5634787266549,-72.9766991093408
0.192616372391653,900,862,-82.3562084889042,46.8570131490593,38.3386497921485,-85.1956629412078
0.194756554307116,898,861,-77.4686229561574,54.1883914481796,31.0072714930283,-85.1956629412078
0.196896736222579,900,863,-77.4686229561574,44.4132203826859,35.8948570257751,-80.308077408461
0.199036918138042,899,866,-57.9182808251701,39.5256348499391,23.6758931939081,-63.2015280438472
0.201177100053505,898,862,-72.5810374234106,51.7445986818061,28.5634787266549,-80.308077408461
0.203317281968967,898,862,-72.5810374234106,51.7445986818061,28.5634787266549,-80.308077408461
0.20545746388443,900,864,-72.5810374234106,41.9694276163125,33.4510642594017,-75.4204918757142
0.207597645799893,899,863,-72.5810374234106,46.8570131490593,31.0072714930283,-77.8642846420876
0.209737827715356,900,862,-82.3562084889042,46.8570131490593,38.3386497921485,-85.1956629412078
0.211878009630819,900,863,-77.4686229561574,44.4132203826859,35.8948570257751,-80.308077408461
0.214018191546281,901,864,-77.4686229561574,39.5256348499391,38.3386497921485,-77.8642846420876
0.216158373461744,899,864,-67.6934518906638,44.4132203826859,28.5634787266549,-72.9766991093408
0.218298555377207,900,864,-72.5810374234106,41.9694276163125,33.4510642594017,-75.4204918757142
0.22043873729267,901,865,-72.5810374234106,37.0818420835657,35.8948570257751,-72.9766991093408
0.222578919208133,901,865,-72.5810374234106,37.0818420835657,35.8948570257751,-72.9766991093408
0.224719101123595,900,868,-53.0306952924233,32.1942565508189,23.6758931939081,-55.8701497447269
0.226859283039058,900,867,-57.9182808251701,34.6380493171923,26.1196859602815,-60.7577352774737
0.228999464954521,901,867,-62.805866357917,32.1942565508189,31.0072714930283,-63.2015280438472
0.231139646869984,899,864,-67.6934518906638,44.4132203826859,28.5634787266549,-72.9766991093408
0.233279828785447,900,867,-57.9182808251701,34.6380493171923,26.1196859602815,-60.7577352774737
0.23542001070091,900,869,-48.1431097596765,29.7504637844455,21.2321004275347,-50.9825642119801
0.237560192616372,900,866,-62.805866357917,37.0818420835657,28.5634787266549,-65.6453208102206
0.239700374531835,899,867,-53.0306952924233,37.0818420835657,21.2321004275347,-58.3139425111003
0.241840556447298,901,870,-48.1431097596765,24.8628782516986,23.6758931939081,-48.5387714456067
0.243980738362761,902,869,-57.9182808251701,24.8628782516986,31.0072714930283,-55.8701497447269
0.246120920278224,900,867,-57.9182808251701,34.6380493171923,26.1196859602815,-60.7577352774737
0.248261102193686,898,865,-57.9182808251702,44.4132203826859,21.2321004275347,-65.6453208102206
0.250401284109149,900,870,-43.2555242269297,27.306671018072,18.7883076611612,-46.0949786792333
0.252541466024612,899,867,-53.0306952924233,37.0818420835657,21.2321004275347,-58.3139425111003
0.254681647940075,900,865,-67.6934518906638,39.5256348499391,31.0072714930283,-70.5329063429674
0.256821829855538,901,867,-62.805866357917,32.1942565508189,31.0072714930283,-63.2015280438472
0.258962011771001,901,871,-43.2555242269297,22.4190854853252,21.2321004275347,-43.6511859128599
0.261102193686463,899,866,-57.9182808251701,39.5256348499391,23.6758931939081,-63.2015280438472
0.263242375601926,899,863,-72.5810374234106,46.8570131490593,31.0072714930283,-77.8642846420876
0.265382557517389,900,865,-67.6934518906638,39.5256348499391,31.0072714930283,-70.5329063429674
0.267522739432852,900,867,-57.9182808251701,34.6380493171923,26.1196859602815,-60.7577352774737
0.269662921348315,899,864,-67.6934518906638,44.4132203826859,28.5634787266549,-72.9766991093408
0.271803103263777,899,868,-48.1431097596765,34.6380493171923,18.7883076611612,-53.4263569783535
0.27394328517924,900,870,-43.2555242269297,27.306671018072,18.7883076611612,-46.0949786792333
0.276083467094703,903,869,-62.805866357917,22.4190854853252,35.8948570257751,-58.3139425111003
0.278223649010166,901,867,-62.805866357917,32.1942565508189,31.0072714930283,-63.2015280438472
0.280363830925629,902,868,-62.805866357917,27.306671018072,33.4510642594017,-60.7577352774737
0.282504012841092,900,865,-67.6934518906638,39.5256348499391,31.0072714930283,-70.5329063429674
0.284644194756554,900,865,-67.6934518906638,39.5256348499391,31.0072714930283,-70.5329063429674
0.286784376672017,899,868,-48.1431097596765,34.6380493171923,18.7883076611612,-53.4263569783535
0.28892455858748,902,865,-77.4686229561574,34.6380493171923,40.7824425585219,-75.4204918757142
0.291064740502943,899,864,-67.6934518906638,44.4132203826859,28.5634787266549,-72.9766991093408
0.293204922418406,899,865,-62.805866357917,41.9694276163125,26.1196859602815,-68.089113576594
0.295345104333868,901,867,-62.805866357917,32.1942565508189,31.0072714930283,-63.2015280438472
0.297485286249331,899,864,-67.6934518906638,44.4132203826859,28.5634787266549,-72.9766991093408
0.299625468164794,899,862,-77.4686229561574,49.3008059154327,33.4510642594017,-82.7518701748344
0.301765650080257,901,864,-77.4686229561574,39.5256348499391,38.3386497921485,-77.8642846420876
0.30390583199572,899,867,-53.0306952924233,37.0818420835657,21.2321004275347,-58.3139425111003
0.306046013911182,898,862,-72.5810374234106,51.7445986818061,28.5634787266549,-80.308077408461
0.308186195826645,900,865,-67.6934518906638,39.5256348499391,31.0072714930283,-70.5329063429674
0.310326377742108,900,867,-57.9182808251701,34.6380493171923,26.1196859602815,-60.7577352774737
0.312466559657571,901,866,-67.6934518906638,34.6380493171923,33.4510642594017,-68.089113576594
0.314606741573034,900,864,-72.5810374234106,41.9694276163125,33.4510642594017,-75.4204918757142
0.316746923488497,900,868,-53.0306952924233,32.1942565508189,23.6758931939081,-55.8701497447269
0.318887105403959,899,869,-43.2555242269297,32.1942565508189,16.3445148947878,-48.5387714456067
0.321027287319422,900,864,-72.5810374234106,41.9694276163125,33.4510642594017,-75.4204918757142
0.323167469234885,900,863,-77.4686229561574,44.4132203826859,35.8948570257751,-80.308077408461
0.325307651150348,899,866,-57.9182808251701,39.5256348499391,23.6758931939081,-63.2015280438472
0.327447833065811,901,862,-87.2437940216511,44.4132203826859,43.2262353248953,-87.6394557075812
0.329588014981273,901,863,-82.3562084889042,41.9694276163125,40.7824425585219,-82.7518701748344
0.331728196896736,900,866,-62.805866357917,37.0818420835657,28.5634787266549,-65.6453208102206
0.333868378812199,898,866,-53.0306952924233,41.9694276163125,18.7883076611612,-60.7577352774737
0.336008560727662,897,863,-62.805866357917,51.7445986818061,21.2321004275346,-72.9766991093408
0.338148742643125,902,867,-67.6934518906638,29.7504637844455,35.8948570257751,-65.6453208102206
0.340288924558588,900,865,-67.6934518906638,39.5256348499391,31.0072714930283,-70.5329063429674
0.34242910647405,899,862,-77.4686229561574,49.3008059154327,33.4510642594017,-82.7518701748344
0.344569288389513,900,864,-72.5810374234106,41.9694276163125,33.4510642594017,-75.4204918757142
0.346709470304976,902,869,-57.9182808251701,24.8628782516986,31.0072714930283,-55.8701497447269
0.348849652220439,903,866,-77.4686229561574,29.7504637844455,43.2262353248953,-72.9766991093408
0.350989834135902,899,864,-67.6934518906638,44.4132203826859,28.5634787266549,-72.9766991093408
0.353130016051364,900,866,-62.805866357917,37.0818420835657,28.5634787266549,-65.6453208102206
0.355270197966827,902,867,-67.6934518906638,29.7504637844455,35.8948570257751,-65.6453208102206
0.35741037988229,900,863,-77.4686229561574,44.4132203826859,35.8948570257751,-80.308077408461
0.359550561797753,899,864,-67.6934518906638,44.4132203826859,28.5634787266549,-72.9766991093408
0.361690743713216,900,869,-48.1431097596765,29.7504637844455,21.2321004275347,-50.9825642119801
0.363830925628678,901,868,-57.9182808251701,29.7504637844455,28.5634787266549,-58.3139425111003
0.365971107544141,901,865,-72.5810374234106,37.0818420835657,35.8948570257751,-72.9766991093408
0.368111289459604,903,867,-72.5810374234106,27.306671018072,40.7824425585219,-68.089113576594
0.370251471375067,900,868,-53.0306952924233,32.1942565508189,23.6758931939081,-55.8701497447269
0.37239165329053,900,866,-62.805866357917,37.0818420835657,28.5634787266549,-65.6453208102206
0.374531835205993,899,863,-72.5810374234106,46.8570131490593,31.0072714930283,-77.8642846420876
0.376672017121455,901,866,-67.6934518906638,34.6380493171923,33.4510642594017,-68.089113576594
0.378812199036918,899,867,-53.0306952924233,37.0818420835657,21.2321004275347,-58.3139425111003
0.380952380952381,902,866,-72.5810374234106,32.1942565508189,38.3386497921485,-70.5329063429674
0.383092562867844,902,869,-57.9182808251701,24.8628782516986,31.0072714930283,-55.8701497447269
0.385232744783307,901,868,-57.9182808251701,29.7504637844455,28.5634787266549,-58.3139425111003
0.387372926698769,899,866,-57.9182808251701,39.5256348499391,23.6758931939081,-63.2015280438472
0.389513108614232,901,865,-72.5810374234106,37.0818420835657,35.8948570257751,-72.9766991093408
0.391653290529695,901,866,-67.6934518906638,34.6380493171923,33.4510642594017,-68.089113576594
0.393793472445158,901,864,-77.4686229561574,39.5256348499391,38.3386497921485,-77.8642846420876
0.395933654360621,900,865,-67.6934518906638,39.5256348499391,31.0072714930283,-70.5329063429674
0.398073836276083,902,869,-57.9182808251701,24.8628782516986,31.0072714930283,-55.8701497447269
0.400214018191546,899,872,-28.5927676286892,24.8628782516986,9.0131365956676,-33.8760148473662
0.402354200107009,901,866,-67.6934518906638,34.6380493171923,33.4510642594017,-68.089113576594
0.404494382022472,901,864,-77.4686229561574,39.5256348499391,38.3386497921485,-77.8642846420876
0.406634563937935,901,869,-53.0306952924233,27.306671018072,26.1196859602815,-53.4263569783535
0.408774745853398,899,863,-72.5810374234106,46.8570131490593,31.0072714930283,-77.8642846420876
0.41091492776886,900,864,-72.5810374234106,41.9694276163125,33.4510642594017,-75.4204918757142
0.413055109684323,899,866,-57.9182808251701,39.5256348499391,23.6758931939081,-63.2015280438472
0.415195291599786,902,867,-67.6934518906638,29.7504637844455,35.8948570257751,-65.6453208102206
0.417335473515249,900,866,-62.805866357917,37.0818420835657,28.5634787266549,-65.6453208102206
0.419475655430712,900,863,-77.4686229561574,44.4132203826859,35.8948570257751,-80.308077408461
0.421615837346174,902,867,-67.6934518906638,29.7504637844455,35.8948570257751,-65.6453208102206
0.423756019261637,901,864,-77.4686229561574,39.5256348499391,38.3386497921485,-77.8642846420876
0.4258962011771,902,864,-82.3562084889042,37.0818420835657,43.2262353248953,-80.308077408461
0.428036383092563,901,865,-72.5810374234106,37.0818420835657,35.8948570257751,-72.9766991093408
0.430176565008026,900,868,-53.0306952924233,32.1942565508189,23.6758931939081,-55.8701497447269
0.432316746923488,901,866,-67.6934518906638,34.6380493171923,33.4510642594017,-68.089113576594
0.434456928838951,903,869,-62.805866357917,22.4190854853252,35.8948570257751,-58.3139425111003
0.436597110754414,902,869,-57.9182808251701,24.8628782516986,31.0072714930283,-55.8701497447269
0.438737292669877,901,866,-67.6934518906638,34.6380493171923,33.4510642594017,-68.089113576594
0.44087747458534,901,867,-62.805866357917,32.1942565508189,31.0072714930283,-63.2015280438472
0.443017656500803,901,871,-43.2555242269297,22.4190854853252,21.2321004275347,-43.6511859128599
0.445157838416265,901,866,-67.6934518906638,34.6380493171923,33.4510642594017,-68.089113576594
0.447298020331728,900,865,-67.6934518906638,39.5256348499391,31.0072714930283,-70.5329063429674
0.449438202247191,900,866,-62.805866357917,37.0818420835657,28.5634787266549,-65.6453208102206
0.451578384162654,902,872,-43.2555242269297,17.5314999525784,23.6758931939081,-41.2073931464865
0.453718566078117,901,865,-72.5810374234106,37.0818420835657,35.8948570257751,-72.9766991093408
0.455858747993579,900,865,-67.6934518906638,39.5256348499391,31.0072714930283,-70.5329063429674
0.457998929909042,900,865,-67.6934518906638,39.5256348499391,31.0072714930283,-70.5329063429674
0.460139111824505,899,869,-43.2555242269297,32.1942565508189,16.3445148947878,-48.5387714456067
0.462279293739968,899,864,-67.6934518906638,44.4132203826859,28.5634787266549,-72.9766991093408
0.464419475655431,900,863,-77.4686229561574,44.4132203826859,35.8948570257751,-80.308077408461
0.466559657570894,899,866,-57.9182808251701,39.5256348499391,23.6758931939081,-63.2015280438472
0.468699839486356,901,865,-72.5810374234106,37.0818420835657,35.8948570257751,-72.9766991093408
0.470840021401819,902,863,-87.243794021651,39.5256348499391,45.6700280912687,-85.1956629412078
0.472980203317282,902,867,-67.6934518906638,29.7504637844455,35.8948570257751,-65.6453208102206
0.475120385232745,902,867,-67.6934518906638,29.7504637844455,35.8948570257751,-65.6453208102206
0.477260567148208,900,864,-72.5810374234106,41.9694276163125,33.4510642594017,-75.4204918757142
0.47940074906367,900,866,-62.805866357917,37.0818420835657,28.5634787266549,-65.6453208102206
0.481540930979133,901,868,-57.9182808251701,29.7504637844455,28.5634787266549,-58.3139425111003
0.483681112894596,900,867,-57.9182808251701,34.6380493171923,26.1196859602815,-60.7577352774737
0.485821294810059,900,866,-62.805866357917,37.0818420835657,28.5634787266549,-65.6453208102206
0.487961476725522,903,872,-48.1431097596765,15.087707186205,28.5634787266549,-43.6511859128599
0.490101658640984,902,870,-53.0306952924233,22.4190854853252,28.5634787266549,-50.9825642119801
0.492241840556447,900,866,-62.805866357917,37.0818420835657,28.5634787266549,-65.6453208102206
0.49438202247191,901,869,-53.0306952924233,27.306671018072,26.1196859602815,-53.4263569783535
0.496522204387373,901,871,-43.2555242269297,22.4190854853252,21.2321004275347,-43.6511859128599
0.498662386302836,902,864,-82.3562084889042,37.0818420835657,43.2262353248953,-80.308077408461
0.500802568218299,900,863,-77.4686229561574,44.4132203826859,35.8948570257751,-80.308077408461
0.502942750133761,902,868,-62.805866357917,27.306671018072,33.4510642594017,-60.7577352774737
0.505082932049224,902,869,-57.9182808251701,24.8628782516986,31.0072714930283,-55.8701497447269
0.507223113964687,901,868,-57.9182808251701,29.7504637844455,28.5634787266549,-58.3139425111003
0.50936329588015,901,870,-48.1431097596765,24.8628782516986,23.6758931939081,-48.5387714456067
0.511503477795613,903,871,-53.0306952924233,17.5314999525784,31.0072714930283,-48.5387714456067
0.513643659711075,900,866,-62.805866357917,37.0818420835657,28.5634787266549,-65.6453208102206
0.515783841626538,901,866,-67.6934518906638,34.6380493171923,33.4510642594017,-68.089113576594
0.517924023542001,901,868,-57.9182808251701,29.7504637844455,28.5634787266549,-58.3139425111003
0.520064205457464,900,869,-48.1431097596765,29.7504637844455,21.2321004275347,-50.9825642119801
0.522204387372927,899,866,-57.9182808251701,39.5256348499391,23.6758931939081,-63.2015280438472
0.524344569288389,901,869,-53.0306952924233,27.306671018072,26.1196859602815,-53.4263569783535
0.526484751203852,901,870,-48.1431097596765,24.8628782516986,23.6758931939081,-48.5387714456067
0.528624933119315,901,868,-57.9182808251701,29.7504637844455,28.5634787266549,-58.3139425111003
0.530765115034778,900,865,-67.6934518906638,39.5256348499391,31.0072714930283,-70.5329063429674
0.532905296950241,900,868,-53.0306952924233,32.1942565508189,23.6758931939081,-55.8701497447269
0.535045478865704,901,869,-53.0306952924233,27.306671018072,26.1196859602815,-53.4263569783535
0.537185660781166,899,869,-43.2555242269297,32.1942565508189,16.3445148947878,-48.5387714456067
0.539325842696629,901,869,-53.0306952924233,27.306671018072,26.1196859602815,-53.4263569783535
0.541466024612092,902,870,-53.0306952924233,22.4190854853252,28.5634787266549,-50.9825642119801
0.543606206527555,900,866,-62.805866357917,37.0818420835657,28.5634787266549,-65.6453208102206
0.545746388443018,901,869,-53.0306952924233,27.306671018072,26.1196859602815,-53.4263569783535
0.54788657035848,901,870,-48.1431097596765,24.8628782516986,23.6758931939081,-48.5387714456067
0.550026752273943,899,869,-43.2555242269297,32.1942565508189,16.3445148947878,-48.5387714456067
0.552166934189406,900,865,-67.6934518906638,39.5256348499391,31.0072714930283,-70.5329063429674
0.554307116104869,903,869,-62.805866357917,22.4190854853252,35.8948570257751,-58.3139425111003
0.556447298020332,901,869,-53.0306952924233,27.306671018072,26.1196859602815,-53.4263569783535
0.558587479935794,900,865,-67.6934518906638,39.5256348499391,31.0072714930283,-70.5329063429674
0.560727661851257,902,866,-72.5810374234106,32.1942565508189,38.3386497921485,-70.5329063429674
0.56286784376672,902,867,-67.6934518906638,29.7504637844455,35.8948570257751,-65.6453208102206
0.565008025682183,900,868,-53.0306952924233,32.1942565508189,23.6758931939081,-55.8701497447269
0.567148207597646,898,865,-57.9182808251702,44.4132203826859,21.2321004275347,-65.6453208102206
0.569288389513109,900,867,-57.9182808251701,34.6380493171923,26.1196859602815,-60.7577352774737
0.571428571428571,902,867,-67.6934518906638,29.7504637844455,35.8948570257751,-65.6453208102206
0.573568753344034,901,865,-72.5810374234106,37.0818420835657,35.8948570257751,-72.9766991093408
0.575708935259497,900,866,-62.805866357917,37.0818420835657,28.5634787266549,-65.6453208102206
0.57784911717496,902,869,-57.9182808251701,24.8628782516986,31.0072714930283,-55.8701497447269
0.579989299090423,902,869,-57.9182808251701,24.8628782516986,31.0072714930283,-55.8701497447269
0.582129481005885,900,869,-48.1431097596765,29.7504637844455,21.2321004275347,-50.9825642119801
0.584269662921348,902,869,-57.9182808251701,24.8628782516986,31.0072714930283,-55.8701497447269
0.586409844836811,902,869,-57.9182808251701,24.8628782516986,31.0072714930283,-55.8701497447269
0.588550026752274,901,865,-72.5810374234106,37.0818420835657,35.8948570257751,-72.9766991093408
0.590690208667737,900,867,-57.9182808251701,34.6380493171923,26.1196859602815,-60.7577352774737
0.5928303905832,901,870,-48.1431097596765,24.8628782516986,23.6758931939081,-48.5387714456067
0.594970572498662,902,869,-57.9182808251701,24.8628782516986,31.0072714930283,-55.8701497447269
0.597110754414125,901,867,-62.805866357917,32.1942565508189,31.0072714930283,-63.2015280438472
0.599250936329588,902,872,-43.2555242269297,17.5314999525784,23.6758931939081,-41.2073931464865
0.601391118245051,902,869,-57.9182808251701,24.8628782516986,31.0072714930283,-55.8701497447269
0.603531300160514,902,866,-72.5810374234106,32.1942565508189,38.3386497921485,-70.5329063429674
0.605671482075976,901,867,-62.805866357917,32.1942565508189,31.0072714930283,-63.2015280438472
0.607811663991439,901,870,-48.1431097596765,24.8628782516986,23.6758931939081,-48.5387714456067
0.609951845906902,901,868,-57.9182808251701,29.7504637844455,28.5634787266549,-58.3139425111003
0.612092027822365,902,867,-67.6934518906638,29.7504637844455,35.8948570257751,-65.6453208102206
0.614232209737828,902,871,-48.1431097596765,19.9752927189518,26.1196859602815,-46.0949786792333
0.61637239165329,901,874,-28.5927676286892,15.087707186205,13.9007221284144,-28.9884293146194
0.618512573568753,899,869,-43.2555242269297,32.1942565508189,16.3445148947878,-48.5387714456067
0.620652755484216,902,868,-62.805866357917,27.306671018072,33.4510642594017,-60.7577352774737
0.622792937399679,901,870,-48.1431097596765,24.8628782516986,23.6758931939081,-48.5387714456067
0.624933119315142,899,867,-53.0306952924233,37.0818420835657,21.2321004275347,-58.3139425111003
0.627073301230605,900,867,-57.9182808251701,34.6380493171923,26.1196859602815,-60.7577352774737
0.629213483146067,900,869,-48.1431097596765,29.7504637844455,21.2321004275347,-50.9825642119801
0.63135366506153,901,870,-48.1431097596765,24.8628782516986,23.6758931939081,-48.5387714456067
0.633493846976993,901,869,-53.0306952924233,27.306671018072,26.1196859602815,-53.4263569783535
0.635634028892456,901,867,-62.805866357917,32.1942565508189,31.0072714930283,-63.2015280438472
0.637774210807919,901,872,-38.3679386941829,19.9752927189518,18.7883076611612,-38.7636003801131
0.639914392723381,900,867,-57.9182808251701,34.6380493171923,26.1196859602815,-60.7577352774737
0.642054574638844,900,870,-43.2555242269297,27.306671018072,18.7883076611612,-46.0949786792333
0.644194756554307,901,869,-53.0306952924233,27.306671018072,26.1196859602815,-53.4263569783535
0.64633493846977,900,870,-43.2555242269297,27.306671018072,18.7883076611612,-46.0949786792333
0.648475120385233,901,866,-67.6934518906638,34.6380493171923,33.4510642594017,-68.089113576594
0.650615302300696,902,868,-62.805866357917,27.306671018072,33.4510642594017,-60.7577352774737
0.652755484216158,902,869,-57.9182808251701,24.8628782516986,31.0072714930283,-55.8701497447269
0.654895666131621,900,866,-62.805866357917,37.0818420835657,28.5634787266549,-65.6453208102206
0.657035848047084,902,865,-77.4686229561574,34.6380493171923,40.7824425585219,-75.4204918757142
0.659176029962547,902,867,-67.6934518906638,29.7504637844455,35.8948570257751,-65.6453208102206
0.66131621187801,901,870,-48.1431097596765,24.8628782516986,23.6758931939081,-48.5387714456067
0.663456393793472,900,866,-62.805866357917,37.0818420835657,28.5634787266549,-65.6453208102206
0.665596575708935,901,868,-57.9182808251701,29.7504637844455,28.5634787266549,-58.3139425111003
0.667736757624398,900,871,-38.3679386941829,24.8628782516986,16.3445148947878,-41.2073931464865
0.669876939539861,900,868,-53.0306952924233,32.1942565508189,23.6758931939081,-55.8701497447269
0.672017121455324,900,867,-57.9182808251701,34.6380493171923,26.1196859602815,-60.7577352774737
0.674157303370786,900,869,-48.1431097596765,29.7504637844455,21.2321004275347,-50.9825642119801
0.676297485286249,901,867,-62.805866357917,32.1942565508189,31.0072714930283,-63.2015280438472
0.678437667201712,900,866,-62.805866357917,37.0818420835657,28.5634787266549,-65.6453208102206
0.680577849117175,900,869,-48.1431097596765,29.7504637844455,21.2321004275347,-50.9825642119801
0.682718031032638,901,869,-53.0306952924233,27.306671018072,26.1196859602815,-53.4263569783535
0.684858212948101,900,869,-48.1431097596765,29.7504637844455,21.2321004275347,-50.9825642119801
0.686998394863563,899,868,-48.1431097596765,34.6380493171923,18.7883076611612,-53.4263569783535
0.689138576779026,901,869,-53.0306952924233,27.306671018072,26.1196859602815,-53.4263569783535
0.691278758694489,901,869,-53.0306952924233,27.306671018072,26.1196859602815,-53.4263569783535
0.693418940609952,900,865,-67.6934518906638,39.5256348499391,31.0072714930283,-70.5329063429674
0.695559122525415,900,868,-53.0306952924233,32.1942565508189,23.6758931939081,-55.8701497447269
0.697699304440877,899,870,-38.3679386941829,29.7504637844455,13.9007221284144,-43.6511859128599
0.69983948635634,899,866,-57.9182808251701,39.5256348499391,23.6758931939081,-63.2015280438472
0.701979668271803,898,866,-53.0306952924233,41.9694276163125,18.7883076611612,-60.7577352774737
0.704119850187266,902,871,-48.1431097596765,19.9752927189518,26.1196859602815,-46.0949786792333
0.706260032102729,902,870,-53.0306952924233,22.4190854853252,28.5634787266549,-50.9825642119801
0.708400214018192,899,868,-48.1431097596765,34.6380493171923,18.7883076611612,-53.4263569783535
0.710540395933654,900,869,-48.1431097596765,29.7504637844455,21.2321004275347,-50.9825642119801
0.712680577849117,902,869,-57.9182808251701,24.8628782516986,31.0072714930283,-55.8701497447269
0.71482075976458,901,866,-67.6934518906638,34.6380493171923,33.4510642594017,-68.089113576594
0.716960941680043,900,865,-67.6934518906638,39.5256348499391,31.0072714930283,-70.5329063429674
0.719101123595506,900,870,-43.2555242269297,27.306671018072,18.7883076611612,-46.0949786792333
0.721241305510968,901,873,-33.480353161436,17.5314999525784,16.3445148947878,-33.8760148473662
0.723381487426431,902,868,-62.805866357917,27.306671018072,33.4510642594017,-60.7577352774737
0.725521669341894,901,871,-43.2555242269297,22.4190854853252,21.2321004275347,-43.6511859128599
0.727661851257357,902,869,-57.9182808251701,24.8628782516986,31.0072714930283,-55.8701497447269
0.72980203317282,902,869,-57.9182808251701,24.8628782516986,31.0072714930283,-55.8701497447269
0.731942215088282,899,864,-67.6934518906638,44.4132203826859,28.5634787266549,-72.9766991093408
0.734082397003745,901,869,-53.0306952924233,27.306671018072,26.1196859602815,-53.4263569783535
0.736222578919208,901,870,-48.1431097596765,24.8628782516986,23.6758931939081,-48.5387714456067
0.738362760834671,899,869,-43.2555242269297,32.1942565508189,16.3445148947878,-48.5387714456067
0.740502942750134,901,871,-43.2555242269297,22.4190854853252,21.2321004275347,-43.6511859128599
0.742643124665597,904,872,-53.0306952924233,12.6439144198316,33.4510642594017,-46.0949786792333
0.744783306581059,899,868,-48.1431097596765,34.6380493171923,18.7883076611612,-53.4263569783535
0.746923488496522,899,867,-53.0306952924233,37.0818420835657,21.2321004275347,-58.3139425111003
0.749063670411985,901,872,-38.3679386941829,19.9752927189518,18.7883076611612,-38.7636003801131
0.751203852327448,900,868,-53.0306952924233,32.1942565508189,23.6758931939081,-55.8701497447269
0.753344034242911,899,867,-53.0306952924233,37.0818420835657,21.2321004275347,-58.3139425111003
0.755484216158373,903,869,-62.805866357917,22.4190854853252,35.8948570257751,-58.3139425111003
0.757624398073836,901,873,-33.480353161436,17.5314999525784,16.3445148947878,-33.8760148473662
0.759764579989299,901,868,-57.9182808251701,29.7504637844455,28.5634787266549,-58.3139425111003
0.761904761904762,901,867,-62.805866357917,32.1942565508189,31.0072714930283,-63.2015280438472
0.764044943820225,903,870,-57.9182808251701,19.9752927189518,33.4510642594017,-53.4263569783535
0.766185125735688,899,871,-33.480353161436,27.306671018072,11.456929362041,-38.7636003801131
0.76832530765115,901,867,-62.805866357917,32.1942565508189,31.0072714930283,-63.2015280438472
0.770465489566613,902,871,-48.1431097596765,19.9752927189518,26.1196859602815,-46.0949786792333
0.772605671482076,902,871,-48.1431097596765,19.9752927189518,26.1196859602815,-46.0949786792333
0.774745853397539,901,871,-43.2555242269297,22.4190854853252,21.2321004275347,-43.6511859128599
0.776886035313002,902,867,-67.6934518906638,29.7504637844455,35.8948570257751,-65.6453208102206
0.779026217228464,901,869,-53.0306952924233,27.306671018072,26.1196859602815,-53.4263569783535
0.781166399143927,901,869,-53.0306952924233,27.306671018072,26.1196859602815,-53.4263569783535
0.78330658105939,900,868,-53.0306952924233,32.1942565508189,23.6758931939081,-55.8701497447269
0.785446762974853,900,869,-48.1431097596765,29.7504637844455,21.2321004275347,-50.9825642119801
0.787586944890316,901,869,-53.0306952924233,27.306671018072,26.1196859602815,-53.4263569783535
0.789727126805779,899,866,-57.9182808251701,39.5256348499391,23.6758931939081,-63.2015280438472
0.791867308721241,901,867,-62.805866357917,32.1942565508189,31.0072714930283,-63.2015280438472
0.794007490636704,901,869,-53.0306952924233,27.306671018072,26.1196859602815,-53.4263569783535
0.796147672552167,901,867,-62.805866357917,32.1942565508189,31.0072714930283,-63.2015280438472
0.79828785446763,900,866,-62.805866357917,37.0818420835657,28.5634787266549,-65.6453208102206
0.800428036383093,901,870,-48.1431097596765,24.8628782516986,23.6758931939081,-48.5387714456067
0.802568218298555,899,868,-48.1431097596765,34.6380493171923,18.7883076611612,-53.4263569783535
0.804708400214018,899,865,-62.805866357917,41.9694276163125,26.1196859602815,-68.089113576594
0.806848582129481,903,868,-67.6934518906638,24.8628782516986,38.3386497921485,-63.2015280438472
0.808988764044944,903,870,-57.9182808251701,19.9752927189518,33.4510642594017,-53.4263569783535
0.811128945960407,900,869,-48.1431097596765,29.7504637844455,21.2321004275347,-50.9825642119801
0.813269127875869,900,866,-62.805866357917,37.0818420835657,28.5634787266549,-65.6453208102206
0.815409309791332,902,869,-57.9182808251701,24.8628782516986,31.0072714930283,-55.8701497447269
0.817549491706795,902,872,-43.2555242269297,17.5314999525784,23.6758931939081,-41.2073931464865
0.819689673622258,899,866,-57.9182808251701,39.5256348499391,23.6758931939081,-63.2015280438472
0.821829855537721,901,867,-62.805866357917,32.1942565508189,31.0072714930283,-63.2015280438472
0.823970037453184,902,870,-53.0306952924233,22.4190854853252,28.5634787266549,-50.9825642119801
0.826110219368646,899,870,-38.3679386941829,29.7504637844455,13.9007221284144,-43.6511859128599
0.828250401284109,900,868,-53.0306952924233,32.1942565508189,23.6758931939081,-55.8701497447269
0.830390583199572,901,871,-43.2555242269297,22.4190854853252,21.2321004275347,-43.6511859128599
0.832530765115035,901,871,-43.2555242269297,22.4190854853252,21.2321004275347,-43.6511859128599
0.834670947030498,900,869,-48.1431097596765,29.7504637844455,21.2321004275347,-50.9825642119801
0.83681112894596,901,869,-53.0306952924233,27.306671018072,26.1196859602815,-53.4263569783535
0.838951310861423,902,867,-67.6934518906638,29.7504637844455,35.8948570257751,-65.6453208102206
0.841091492776886,901,867,-62.805866357917,32.1942565508189,31.0072714930283,-63.2015280438472
0.843231674692349,900,866,-62.805866357917,37.0818420835657,28.5634787266549,-65.6453208102206
0.845371856607812,902,871,-48.1431097596765,19.9752927189518,26.1196859602815,-46.0949786792333
0.847512038523275,902,870,-53.0306952924233,22.4190854853252,28.5634787266549,-50.9825642119801
0.849652220438737,900,868,-53.0306952924233,32.1942565508189,23.6758931939081,-55.8701497447269
0.8517924023542,900,868,-53.0306952924233,32.1942565508189,23.6758931939081,-55.8701497447269
0.853932584269663,901,871,-43.2555242269297,22.4190854853252,21.2321004275347,-43.6511859128599
0.856072766185126,899,867,-53.0306952924233,37.0818420835657,21.2321004275347,-58.3139425111003
0.858212948100589,902,866,-72.5810374234106,32.1942565508189,38.3386497921485,-70.5329063429674
0.860353130016051,901,869,-53.0306952924233,27.306671018072,26.1196859602815,-53.4263569783535
0.862493311931514,902,874,-33.480353161436,12.6439144198316,18.7883076611612,-31.4322220809928
0.864633493846977,901,867,-62.805866357917,32.1942565508189,31.0072714930283,-63.2015280438472
0.86677367576244,902,868,-62.805866357917,27.306671018072,33.4510642594017,-60.7577352774737
0.868913857677903,901,868,-57.9182808251701,29.7504637844455,28.5634787266549,-58.3139425111003
0.871054039593365,901,869,-53.0306952924233,27.306671018072,26.1196859602815,-53.4263569783535
0.873194221508828,899,865,-62.805866357917,41.9694276163125,26.1196859602815,-68.089113576594
0.875334403424291,901,870,-48.1431097596765,24.8628782516986,23.6758931939081,-48.5387714456067
0.877474585339754,901,872,-38.3679386941829,19.9752927189518,18.7883076611612,-38.7636003801131
0.879614767255217,899,871,-33.480353161436,27.306671018072,11.456929362041,-38.7636003801131
0.88175494917068,901,871,-43.2555242269297,22.4190854853252,21.2321004275347,-43.6511859128599
0.883895131086142,904,874,-43.2555242269297,7.75632888708477,28.5634787266549,-36.3198076137397
0.886035313001605,900,870,-43.2555242269297,27.306671018072,18.7883076611612,-46.0949786792333
0.888175494917068,901,870,-48.1431097596765,24.8628782516986,23.6758931939081,-48.5387714456067
0.890315676832531,901,870,-48.1431097596765,24.8628782516986,23.6758931939081,-48.5387714456067
0.892455858747994,902,870,-53.0306952924233,22.4190854853252,28.5634787266549,-50.9825642119801
0.894596040663456,901,867,-62.805866357917,32.1942565508189,31.0072714930283,-63.2015280438472
0.896736222578919,902,875,-28.5927676286892,10.2001216534582,16.3445148947878,-26.544636548246
0.898876404494382,903,872,-48.1431097596765,15.087707186205,28.5634787266549,-43.6511859128599
0.901016586409845,901,868,-57.9182808251701,29.7504637844455,28.5634787266549,-58.3139425111003
0.903156768325308,898,868,-43.2555242269297,37.0818420835657,13.9007221284144,-50.9825642119801
0.905296950240771,902,870,-53.0306952924233,22.4190854853252,28.5634787266549,-50.9825642119801
0.907437132156233,900,867,-57.9182808251701,34.6380493171923,26.1196859602815,-60.7577352774737
0.909577314071696,900,866,-62.805866357917,37.0818420835657,28.5634787266549,-65.6453208102206
0.911717495987159,901,870,-48.1431097596765,24.8628782516986,23.6758931939081,-48.5387714456067
0.913857677902622,902,872,-43.2555242269297,17.5314999525784,23.6758931939081,-41.2073931464865
0.915997859818085,900,869,-48.1431097596765,29.7504637844455,21.2321004275347,-50.9825642119801
0.918138041733547,900,866,-62.805866357917,37.0818420835657,28.5634787266549,-65.6453208102206
0.92027822364901,900,869,-48.1431097596765,29.7504637844455,21.2321004275347,-50.9825642119801
0.922418405564473,901,868,-57.9182808251701,29.7504637844455,28.5634787266549,-58.3139425111003
0.924558587479936,899,864,-67.6934518906638,44.4132203826859,28.5634787266549,-72.9766991093408
0.926698769395399,900,866,-62.805866357917,37.0818420835657,28.5634787266549,-65.6453208102206
0.928838951310861,901,867,-62.805866357917,32.1942565508189,31.0072714930283,-63.2015280438472
0.930979133226324,901,867,-62.805866357917,32.1942565508189,31.0072714930283,-63.2015280438472
0.933119315141787,900,866,-62.805866357917,37.0818420835657,28.5634787266549,-65.6453208102206
0.93525949705725,901,870,-48.1431097596765,24.8628782516986,23.6758931939081,-48.5387714456067
0.937399678972713,901,869,-53.0306952924233,27.306671018072,26.1196859602815,-53.4263569783535
0.939539860888176,902,867,-67.6934518906638,29.7504637844455,35.8948570257751,-65.6453208102206
0.941680042803638,903,870,-57.9182808251701,19.9752927189518,33.4510642594017,-53.4263569783535
0.943820224719101,901,869,-53.0306952924233,27.306671018072,26.1196859602815,-53.4263569783535
0.945960406634564,899,865,-62.805866357917,41.9694276163125,26.1196859602815,-68.089113576594
0.948100588550027,900,868,-53.0306952924233,32.1942565508189,23.6758931939081,-55.8701497447269
0.95024077046549,904,872,-53.0306952924233,12.6439144198316,33.4510642594017,-46.0949786792333
0.952380952380952,903,869,-62.805866357917,22.4190854853252,35.8948570257751,-58.3139425111003
0.954521134296415,902,869,-57.9182808251701,24.8628782516986,31.0072714930283,-55.8701497447269
0.956661316211878,901,872,-38.3679386941829,19.9752927189518,18.7883076611612,-38.7636003801131
0.958801498127341,902,873,-38.3679386941829,15.087707186205,21.2321004275347,-36.3198076137397
0.960941680042804,900,867,-57.9182808251701,34.6380493171923,26.1196859602815,-60.7577352774737
0.963081861958267,902,865,-77.4686229561574,34.6380493171923,40.7824425585219,-75.4204918757142
0.965222043873729,901,871,-43.2555242269297,22.4190854853252,21.2321004275347,-43.6511859128599
0.967362225789192,901,869,-53.0306952924233,27.306671018072,26.1196859602815,-53.4263569783535
0.969502407704655,901,866,-67.6934518906638,34.6380493171923,33.4510642594017,-68.089113576594
0.971642589620118,902,871,-48.1431097596765,19.9752927189518,26.1196859602815,-46.0949786792333
0.973782771535581,902,871,-48.1431097596765,19.9752927189518,26.1196859602815,-46.0949786792333
0.975922953451043,901,868,-57.9182808251701,29.7504637844455,28.5634787266549,-58.3139425111003
0.978063135366506,900,867,-57.9182808251701,34.6380493171923,26.1196859602815,-60.7577352774737
0.980203317281969,902,870,-53.0306952924233,22.4190854853252,28.5634787266549,-50.9825642119801
0.982343499197432,902,867,-67.6934518906638,29.7504637844455,35.8948570257751,-65.6453208102206
0.984483681112895,901,867,-62.805866357917,32.1942565508189,31.0072714930283,-63.2015280438472
0.986623863028357,901,869,-53.0306952924233,27.306671018072,26.1196859602815,-53.4263569783535
0.98876404494382,902,869,-57.9182808251701,24.8628782516986,31.0072714930283,-55.8701497447269
0.990904226859283,900,868,-53.0306952924233,32.1942565508189,23.6758931939081,-55.8701497447269
0.993044408774746,899,870,-38.3679386941829,29.7504637844455,13.9007221284144,-43.6511859128599
0.995184590690209,901,870,-48.1431097596765,24.8628782516986,23.6758931939081,-48.5387714456067
0.997324772605671,901,868,-57.9182808251701,29.7504637844455,28.5634787266549,-58.3139425111003
0.999464954521134,899,866,-57.9182808251701,39.5256348499391,23.6758931939081,-63.2015280438472
1.0016051364366,904,872,-53.0306952924233,12.6439144198316,33.4510642594017,-46.0949786792333
1.00374531835206,901,872,-38.3679386941829,19.9752927189518,18.7883076611612,-38.7636003801131
1.00588550026752,902,868,-62.805866357917,27.306671018072,33.4510642594017,-60.7577352774737
1.00802568218299,901,870,-48.1431097596765,24.8628782516986,23.6758931939081,-48.5387714456067
1.01016586409845,902,873,-38.3679386941829,15.087707186205,21.2321004275347,-36.3198076137397
1.01230604601391,902,868,-62.805866357917,27.306671018072,33.4510642594017,-60.7577352774737
1.01444622792937,901,868,-57.9182808251701,29.7504637844455,28.5634787266549,-58.3139425111003
1.01658640984484,902,870,-53.0306952924233,22.4190854853252,28.5634787266549,-50.9825642119801
1.0187265917603,902,873,-38.3679386941829,15.087707186205,21.2321004275347,-36.3198076137397
1.02086677367576,902,870,-53.0306952924233,22.4190854853252,28.5634787266549,-50.9825642119801
1.02300695559123,902,871,-48.1431097596765,19.9752927189518,26.1196859602815,-46.0949786792333
1.02514713750669,903,873,-43.2555242269297,12.6439144198316,26.1196859602815,-38.7636003801131
1.02728731942215,902,867,-67.6934518906638,29.7504637844455,35.8948570257751,-65.6453208102206
1.02942750133761,899,867,-53.0306952924233,37.0818420835657,21.2321004275347,-58.3139425111003
1.03156768325308,901,869,-53.0306952924233,27.306671018072,26.1196859602815,-53.4263569783535
1.03370786516854,901,871,-43.2555242269297,22.4190854853252,21.2321004275347,-43.6511859128599
1.035848047084,899,868,-48.1431097596765,34.6380493171923,18.7883076611612,-53.4263569783535
1.03798822899946,899,873,-23.7051820959424,22.4190854853252,6.56934382929419,-28.9884293146194
1.04012841091493,903,872,-48.1431097596765,15.087707186205,28.5634787266549,-43.6511859128599
1.04226859283039,902,869,-57.9182808251701,24.8628782516986,31.0072714930283,-55.8701497447269
1.04440877474585,902,869,-57.9182808251701,24.8628782516986,31.0072714930283,-55.8701497447269
1.04654895666132,903,875,-33.480353161436,7.75632888708477,21.2321004275347,-28.9884293146194
1.04868913857678,901,871,-43.2555242269297,22.4190854853252,21.2321004275347,-43.6511859128599
1.05082932049224,902,867,-67.6934518906638,29.7504637844455,35.8948570257751,-65.6453208102206
1.0529695024077,901,871,-43.2555242269297,22.4190854853252,21.2321004275347,-43.6511859128599
1.05510968432317,901,874,-28.5927676286892,15.087707186205,13.9007221284144,-28.9884293146194
1.05724986623863,901,870,-48.1431097596765,24.8628782516986,23.6758931939081,-48.5387714456067
1.05939004815409,901,870,-48.1431097596765,24.8628782516986,23.6758931939081,-48.5387714456067
1.06153023006956,901,873,-33.480353161436,17.5314999525784,16.3445148947878,-33.8760148473662
1.06367041198502,904,872,-53.0306952924233,12.6439144198316,33.4510642594017,-46.0949786792333
1.06581059390048,902,868,-62.805866357917,27.306671018072,33.4510642594017,-60.7577352774737
1.06795077581594,901,871,-43.2555242269297,22.4190854853252,21.2321004275347,-43.6511859128599
1.07009095773141,902,872,-43.2555242269297,17.5314999525784,23.6758931939081,-41.2073931464865
1.07223113964687,900,868,-53.0306952924233,32.1942565508189,23.6758931939081,-55.8701497447269
1.07437132156233,899,866,-57.9182808251701,39.5256348499391,23.6758931939081,-63.2015280438472
1.0765115034778,903,873,-43.2555242269297,12.6439144198316,26.1196859602815,-38.7636003801131
1.07865168539326,901,871,-43.2555242269297,22.4190854853252,21.2321004275347,-43.6511859128599
1.08079186730872,901,871,-43.2555242269297,22.4190854853252,21.2321004275347,-43.6511859128599
1.08293204922418,901,869,-53.0306952924233,27.306671018072,26.1196859602815,-53.4263569783535
1.08507223113965,901,870,-48.1431097596765,24.8628782516986,23.6758931939081,-48.5387714456067
1.08721241305511,899,868,-48.1431097596765,34.6380493171923,18.7883076611612,-53.4263569783535
1.08935259497057,901,867,-62.805866357917,32.1942565508189,31.0072714930283,-63.2015280438472
1.09149277688604,904,871,-57.9182808251701,15.087707186205,35.8948570257751,-50.9825642119801
1.0936329588015,903,870,-57.9182808251701,19.9752927189518,33.4510642594017,-53.4263569783535
1.09577314071696,901,869,-53.0306952924233,27.306671018072,26.1196859602815,-53.4263569783535
1.09791332263242,903,871,-53.0306952924233,17.5314999525784,31.0072714930283,-48.5387714456067
1.10005350454789,901,872,-38.3679386941829,19.9752927189518,18.7883076611612,-38.7636003801131
1.10219368646335,902,868,-62.805866357917,27.306671018072,33.4510642594017,-60.7577352774737
1.10433386837881,900,866,-62.805866357917,37.0818420835657,28.5634787266549,-65.6453208102206
1.10647405029427,901,872,-38.3679386941829,19.9752927189518,18.7883076611612,-38.7636003801131
1.10861423220974,901,868,-57.9182808251701,29.7504637844455,28.5634787266549,-58.3139425111003
1.1107544141252,900,869,-48.1431097596765,29.7504637844455,21.2321004275347,-50.9825642119801
1.11289459604066,903,871,-53.0306952924233,17.5314999525784,31.0072714930283,-48.5387714456067
1.11503477795613,902,874,-33.480353161436,12.6439144198316,18.7883076611612,-31.4322220809928
1.11717495987159,899,868,-48.1431097596765,34.6380493171923,18.7883076611612,-53.4263569783535
1.11931514178705,901,867,-62.805866357917,32.1942565508189,31.0072714930283,-63.2015280438472
1.12145532370251,903,870,-57.9182808251701,19.9752927189518,33.4510642594017,-53.4263569783535
1.12359550561798,901,866,-67.6934518906638,34.6380493171923,33.4510642594017,-68.089113576594
1.12573568753344,899,866,-57.9182808251701,39.5256348499391,23.6758931939081,-63.2015280438472
1.1278758694489,902,870,-53.0306952924233,22.4190854853252,28.5634787266549,-50.9825642119801
1.13001605136437,902,871,-48.1431097596765,19.9752927189518,26.1196859602815,-46.0949786792333
1.13215623327983,901,868,-57.9182808251701,29.7504637844455,28.5634787266549,-58.3139425111003
1.13429641519529,902,867,-67.6934518906638,29.7504637844455,35.8948570257751,-65.6453208102206
1.13643659711075,903,871,-53.0306952924233,17.5314999525784,31.0072714930283,-48.5387714456067
1.13857677902622,902,870,-53.0306952924233,22.4190854853252,28.5634787266549,-50.9825642119801
1.14071696094168,902,866,-72.5810374234106,32.1942565508189,38.3386497921485,-70.5329063429674
1.14285714285714,902,868,-62.805866357917,27.306671018072,33.4510642594017,-60.7577352774737
1.14499732477261,899,872,-28.5927676286892,24.8628782516986,9.0131365956676,-33.8760148473662
1.14713750668807,901,868,-57.9182808251701,29.7504637844455,28.5634787266549,-58.3139425111003
1.14927768860353,901,870,-48.1431097596765,24.8628782516986,23.6758931939081,-48.5387714456067
1.15141787051899,904,875,-38.3679386941829,5.31253612071136,26.1196859602815,-31.4322220809928
1.15355805243446,902,868,-62.805866357917,27.306671018072,33.4510642594017,-60.7577352774737
1.15569823434992,900,867,-57.9182808251701,34.6380493171923,26.1196859602815,-60.7577352774737
1.15783841626538,902,868,-62.805866357917,27.306671018072,33.4510642594017,-60.7577352774737
1.15997859818085,902,870,-53.0306952924233,22.4190854853252,28.5634787266549,-50.9825642119801
1.16211878009631,900,865,-67.6934518906638,39.5256348499391,31.0072714930283,-70.5329063429674
1.16425896201177,899,870,-38.3679386941829,29.7504637844455,13.9007221284144,-43.6511859128599
1.16639914392723,902,872,-43.2555242269297,17.5314999525784,23.6758931939081,-41.2073931464865
1.1685393258427,902,871,-48.1431097596765,19.9752927189518,26.1196859602815,-46.0949786792333
1.17067950775816,899,869,-43.2555242269297,32.1942565508189,16.3445148947878,-48.5387714456067
1.17281968967362,902,872,-43.2555242269297,17.5314999525784,23.6758931939081,-41.2073931464865
1.17495987158908,904,872,-53.0306952924233,12.6439144198316,33.4510642594017,-46.0949786792333
1.17710005350455,902,869,-57.9182808251701,24.8628782516986,31.0072714930283,-55.8701497447269
1.17924023542001,900,870,-43.2555242269297,27.306671018072,18.7883076611612,-46.0949786792333
1.18138041733547,902,875,-28.5927676286892,10.2001216534582,16.3445148947878,-26.544636548246
1.18352059925094,900,871,-38.3679386941829,24.8628782516986,16.3445148947878,-41.2073931464865
1.1856607811664,902,871,-48.1431097596765,19.9752927189518,26.1196859602815,-46.0949786792333
1.18780096308186,904,873,-48.1431097596765,10.2001216534582,31.0072714930283,-41.2073931464865
1.18994114499732,902,870,-53.0306952924233,22.4190854853252,28.5634787266549,-50.9825642119801
1.19208132691279,901,870,-48.1431097596765,24.8628782516986,23.6758931939081,-48.5387714456067
1.19422150882825,901,872,-38.3679386941829,19.9752927189518,18.7883076611612,-38.7636003801131
1.19636169074371,901,872,-38.3679386941829,19.9752927189518,18.7883076611612,-38.7636003801131
1.19850187265918,899,870,-38.3679386941829,29.7504637844455,13.9007221284144,-43.6511859128599
1.20064205457464,899,870,-38.3679386941829,29.7504637844455,13.9007221284144,-43.6511859128599
1.2027822364901,904,876,-33.480353161436,2.86874335433795,23.6758931939081,-26.544636548246
1.20492241840556,902,871,-48.1431097596765,19.9752927189518,26.1196859602815,-46.0949786792333
1.20706260032103,899,869,-43.2555242269297,32.1942565508189,16.3445148947878,-48.5387714456067
1.20920278223649,901,872,-38.3679386941829,19.9752927189518,18.7883076611612,-38.7636003801131
1.21134296415195,902,873,-38.3679386941829,15.087707186205,21.2321004275347,-36.3198076137397
1.21348314606742,902,867,-67.6934518906638,29.7504637844455,35.8948570257751,-65.6453208102206
1.21562332798288,899,868,-48.1431097596765,34.6380493171923,18.7883076611612,-53.4263569783535
1.21776350989834,902,871,-48.1431097596765,19.9752927189518,26.1196859602815,-46.0949786792333
1.2199036918138,902,874,-33.480353161436,12.6439144198316,18.7883076611612,-31.4322220809928
1.22204387372927,900,868,-53.0306952924233,32.1942565508189,23.6758931939081,-55.8701497447269
1.22418405564473,902,872,-43.2555242269297,17.5314999525784,23.6758931939081,-41.2073931464865
1.22632423756019,902,872,-43.2555242269297,17.5314999525784,23.6758931939081,-41.2073931464865
1.22846441947566,902,867,-67.6934518906638,29.7504637844455,35.8948570257751,-65.6453208102206
1.23060460139112,901,870,-48.1431097596765,24.8628782516986,23.6758931939081,-48.5387714456067
1.23274478330658,902,872,-43.2555242269297,17.5314999525784,23.6758931939081,-41.2073931464865
1.23488496522204,901,871,-43.2555242269297,22.4190854853252,21.2321004275347,-43.6511859128599
1.23702514713751,901,867,-62.805866357917,32.1942565508189,31.0072714930283,-63.2015280438472
1.23916532905297,902,873,-38.3679386941829,15.087707186205,21.2321004275347,-36.3198076137397
1.24130551096843,903,872,-48.1431097596765,15.087707186205,28.5634787266549,-43.6511859128599
1.2434456928839,900,870,-43.2555242269297,27.306671018072,18.7883076611612,-46.0949786792333
1.24558587479936,902,868,-62.805866357917,27.306671018072,33.4510642594017,-60.7577352774737
1.24772605671482,903,870,-57.9182808251701,19.9752927189518,33.4510642594017,-53.4263569783535
1.24986623863028,901,871,-43.2555242269297,22.4190854853252,21.2321004275347,-43.6511859128599
1.25200642054575,901,870,-48.1431097596765,24.8628782516986,23.6758931939081,-48.5387714456067
1.25414660246121,901,873,-33.480353161436,17.5314999525784,16.3445148947878,-33.8760148473662
1.25628678437667,903,875,-33.480353161436,7.75632888708477,21.2321004275347,-28.9884293146194
1.25842696629213,901,869,-53.0306952924233,27.306671018072,26.1196859602815,-53.4263569783535
1.2605671482076,900,868,-53.0306952924233,32.1942565508189,23.6758931939081,-55.8701497447269
1.26270733012306,901,871,-43.2555242269297,22.4190854853252,21.2321004275347,-43.6511859128599
1.26484751203852,903,871,-53.0306952924233,17.5314999525784,31.0072714930283,-48.5387714456067
1.26698769395399,901,867,-62.805866357917,32.1942565508189,31.0072714930283,-63.2015280438472
1.26912787586945,902,871,-48.1431097596765,19.9752927189518,26.1196859602815,-46.0949786792333
1.27126805778491,902,873,-38.3679386941829,15.087707186205,21.2321004275347,-36.3198076137397
1.27340823970037,902,871,-48.1431097596765,19.9752927189518,26.1196859602815,-46.0949786792333
1.27554842161584,901,869,-53.0306952924233,27.306671018072,26.1196859602815,-53.4263569783535
1.2776886035313,902,870,-53.0306952924233,22.4190854853252,28.5634787266549,-50.9825642119801
1.27982878544676,900,868,-53.0306952924233,32.1942565508189,23.6758931939081,-55.8701497447269
1.28196896736223,901,867,-62.805866357917,32.1942565508189,31.0072714930283,-63.2015280438472
1.28410914927769,902,866,-72.5810374234106,32.1942565508189,38.3386497921485,-70.5329063429674
1.28624933119315,900,868,-53.0306952924233,32.1942565508189,23.6758931939081,-55.8701497447269
1.28838951310861,902,867,-67.6934518906638,29.7504637844455,35.8948570257751,-65.6453208102206
1.29052969502408,900,867,-57.9182808251701,34.6380493171923,26.1196859602815,-60.7577352774737
1.29266987693954,901,869,-53.0306952924233,27.306671018072,26.1196859602815,-53.4263569783535
1.294810058855,900,866,-62.805866357917,37.0818420835657,28.5634787266549,-65.6453208102206
1.29695024077047,900,865,-67.6934518906638,39.5256348499391,31.0072714930283,-70.5329063429674
1.29909042268593,902,869,-57.9182808251701,24.8628782516986,31.0072714930283,-55.8701497447269
1.30123060460139,903,866,-77.4686229561574,29.7504637844455,43.2262353248953,-72.9766991093408
1.30337078651685,898,864,-62.805866357917,46.8570131490593,23.6758931939081,-70.5329063429674
1.30551096843232,900,865,-67.6934518906638,39.5256348499391,31.0072714930283,-70.5329063429674
1.30765115034778,900,868,-53.0306952924233,32.1942565508189,23.6758931939081,-55.8701497447269
1.30979133226324,900,866,-62.805866357917,37.0818420835657,28.5634787266549,-65.6453208102206
1.31193151417871,901,865,-72.5810374234106,37.0818420835657,35.8948570257751,-72.9766991093408
1.31407169609417,901,865,-72.5810374234106,37.0818420835657,35.8948570257751,-72.9766991093408
1.31621187800963,902,868,-62.805866357917,27.306671018072,33.4510642594017,-60.7577352774737
1.31835205992509,900,864,-72.5810374234106,41.9694276163125,33.4510642594017,-75.4204918757142
1.32049224184056,901,865,-72.5810374234106,37.0818420835657,35.8948570257751,-72.9766991093408
1.32263242375602,901,868,-57.9182808251701,29.7504637844455,28.5634787266549,-58.3139425111003
1.32477260567148,902,869,-57.9182808251701,24.8628782516986,31.0072714930283,-55.8701497447269
1.32691278758694,899,866,-57.9182808251701,39.5256348499391,23.6758931939081,-63.2015280438472
1.32905296950241,901,871,-43.2555242269297,22.4190854853252,21.2321004275347,-43.6511859128599
1.33119315141787,901,869,-53.0306952924233,27.306671018072,26.1196859602815,-53.4263569783535
1.33333333333333,902,870,-53.0306952924233,22.4190854853252,28.5634787266549,-50.9825642119801
1.3354735152488,901,870,-48.1431097596765,24.8628782516986,23.6758931939081,-48.5387714456067
1.33761369716426,902,869,-57.9182808251701,24.8628782516986,31.0072714930283,-55.8701497447269
1.33975387907972,900,868,-53.0306952924233,32.1942565508189,23.6758931939081,-55.8701497447269
1.34189406099518,901,869,-53.0306952924233,27.306671018072,26.1196859602815,-53.4263569783535
1.34403424291065,903,873,-43.2555242269297,12.6439144198316,26.1196859602815,-38.7636003801131
1.34617442482611,901,872,-38.3679386941829,19.9752927189518,18.7883076611612,-38.7636003801131
1.34831460674157,900,869,-48.1431097596765,29.7504637844455,21.2321004275347,-50.9825642119801
1.35045478865704,904,872,-53.0306952924233,12.6439144198316,33.4510642594017,-46.0949786792333
1.3525949705725,904,871,-57.9182808251701,15.087707186205,35.8948570257751,-50.9825642119801
1.35473515248796,899,868,-48.1431097596765,34.6380493171923,18.7883076611612,-53.4263569783535
1.35687533440342,899,866,-57.9182808251701,39.5256348499391,23.6758931939081,-63.2015280438472
1.35901551631889,903,870,-57.9182808251701,19.9752927189518,33.4510642594017,-53.4263569783535
1.36115569823435,903,872,-48.1431097596765,15.087707186205,28.5634787266549,-43.6511859128599
1.36329588014981,901,868,-57.9182808251701,29.7504637844455,28.5634787266549,-58.3139425111003
1.36543606206528,902,870,-53.0306952924233,22.4190854853252,28.5634787266549,-50.9825642119801
1.36757624398074,901,872,-38.3679386941829,19.9752927189518,18.7883076611612,-38.7636003801131
1.3697164258962,902,870,-53.0306952924233,22.4190854853252,28.5634787266549,-50.9825642119801
1.37185660781166,901,865,-72.5810374234106,37.0818420835657,35.8948570257751,-72.9766991093408
1.37399678972713,901,871,-43.2555242269297,22.4190854853252,21.2321004275347,-43.6511859128599
1.37613697164259,901,871,-43.2555242269297,22.4190854853252,21.2321004275347,-43.6511859128599
1.37827715355805,902,870,-53.0306952924233,22.4190854853252,28.5634787266549,-50.9825642119801
1.38041733547352,901,871,-43.2555242269297,22.4190854853252,21.2321004275347,-43.6511859128599
1.38255751738898,902,872,-43.2555242269297,17.5314999525784,23.6758931939081,-41.2073931464865
1.38469769930444,902,869,-57.9182808251701,24.8628782516986,31.0072714930283,-55.8701497447269
1.3868378812199,900,872,-33.480353161436,22.4190854853252,13.9007221284144,-36.3198076137397
1.38897806313537,904,870,-62.805866357917,17.5314999525784,38.3386497921485,-55.8701497447269
1.39111824505083,902,869,-57.9182808251701,24.8628782516986,31.0072714930283,-55.8701497447269
1.39325842696629,901,869,-53.0306952924233,27.306671018072,26.1196859602815,-53.4263569783535
1.39539860888175,902,874,-33.480353161436,12.6439144198316,18.7883076611612,-31.4322220809928
1.39753879079722,904,874,-43.2555242269297,7.75632888708477,28.5634787266549,-36.3198076137397
1.39967897271268,901,869,-53.0306952924233,27.306671018072,26.1196859602815,-53.4263569783535
1.40181915462814,900,870,-43.2555242269297,27.306671018072,18.7883076611612,-46.0949786792333
1.40395933654361,903,875,-33.480353161436,7.75632888708477,21.2321004275347,-28.9884293146194
1.40609951845907,902,871,-48.1431097596765,19.9752927189518,26.1196859602815,-46.0949786792333
1.40823970037453,899,869,-43.2555242269297,32.1942565508189,16.3445148947878,-48.5387714456067
1.41037988228999,901,872,-38.3679386941829,19.9752927189518,18.7883076611612,-38.7636003801131
1.41252006420546,902,875,-28.5927676286892,10.2001216534582,16.3445148947878,-26.544636548246
1.41466024612092,902,870,-53.0306952924233,22.4190854853252,28.5634787266549,-50.9825642119801
1.41680042803638,903,870,-57.9182808251701,19.9752927189518,33.4510642594017,-53.4263569783535
1.41894060995185,903,874,-38.3679386941829,10.2001216534582,23.6758931939081,-33.8760148473662
1.42108079186731,902,873,-38.3679386941829,15.087707186205,21.2321004275347,-36.3198076137397
1.42322097378277,901,872,-38.3679386941829,19.9752927189518,18.7883076611612,-38.7636003801131
1.42536115569823,903,873,-43.2555242269297,12.6439144198316,26.1196859602815,-38.7636003801131
1.4275013376137,903,873,-43.2555242269297,12.6439144198316,26.1196859602815,-38.7636003801131
1.42964151952916,902,869,-57.9182808251701,24.8628782516986,31.0072714930283,-55.8701497447269
1.43178170144462,902,871,-48.1431097596765,19.9752927189518,26.1196859602815,-46.0949786792333
1.43392188336009,901,874,-28.5927676286892,15.087707186205,13.9007221284144,-28.9884293146194
1.43606206527555,901,872,-38.3679386941829,19.9752927189518,18.7883076611612,-38.7636003801131
1.43820224719101,900,871,-38.3679386941829,24.8628782516986,16.3445148947878,-41.2073931464865
1.44034242910647,904,873,-48.1431097596765,10.2001216534582,31.0072714930283,-41.2073931464865
1.44248261102194,901,871,-43.2555242269297,22.4190854853252,21.2321004275347,-43.6511859128599
1.4446227929374,901,868,-57.9182808251701,29.7504637844455,28.5634787266549,-58.3139425111003
1.44676297485286,901,869,-53.0306952924233,27.306671018072,26.1196859602815,-53.4263569783535
1.44890315676833,904,874,-43.2555242269297,7.75632888708477,28.5634787266549,-36.3198076137397
1.45104333868379,902,871,-48.1431097596765,19.9752927189518,26.1196859602815,-46.0949786792333
1.45318352059925,903,869,-62.805866357917,22.4190854853252,35.8948570257751,-58.3139425111003
1.45532370251471,903,873,-43.2555242269297,12.6439144198316,26.1196859602815,-38.7636003801131
1.45746388443018,903,876,-28.5927676286892,5.31253612071136,18.7883076611612,-24.1008437818726
1.45960406634564,903,869,-62.805866357917,22.4190854853252,35.8948570257751,-58.3139425111003
1.4617442482611,901,868,-57.9182808251701,29.7504637844455,28.5634787266549,-58.3139425111003
1.46388443017656,902,872,-43.2555242269297,17.5314999525784,23.6758931939081,-41.2073931464865
1.46602461209203,902,871,-48.1431097596765,19.9752927189518,26.1196859602815,-46.0949786792333
1.46816479400749,899,867,-53.0306952924233,37.0818420835657,21.2321004275347,-58.3139425111003
1.47030497592295,902,873,-38.3679386941829,15.087707186205,21.2321004275347,-36.3198076137397
1.47244515783842,903,872,-48.1431097596765,15.087707186205,28.5634787266549,-43.6511859128599
1.47458533975388,900,868,-53.0306952924233,32.1942565508189,23.6758931939081,-55.8701497447269
1.47672552166934,900,867,-57.9182808251701,34.6380493171923,26.1196859602815,-60.7577352774737
1.4788657035848,901,871,-43.2555242269297,22.4190854853252,21.2321004275347,-43.6511859128599
1.48100588550027,900,868,-53.0306952924233,32.1942565508189,23.6758931939081,-55.8701497447269
1.48314606741573,901,869,-53.0306952924233,27.306671018072,26.1196859602815,-53.4263569783535
1.48528624933119,902,871,-48.1431097596765,19.9752927189518,26.1196859602815,-46.0949786792333
1.48742643124666,901,872,-38.3679386941829,19.9752927189518,18.7883076611612,-38.7636003801131
1.48956661316212,901,869,-53.0306952924233,27.306671018072,26.1196859602815,-53.4263569783535
1.49170679507758,902,869,-57.9182808251701,24.8628782516986,31.0072714930283,-55.8701497447269
1.49384697699304,902,871,-48.1431097596765,19.9752927189518,26.1196859602815,-46.0949786792333
1.49598715890851,901,867,-62.805866357917,32.1942565508189,31.0072714930283,-63.2015280438472
1.49812734082397,899,867,-53.0306952924233,37.0818420835657,21.2321004275347,-58.3139425111003
1.50026752273943,903,871,-53.0306952924233,17.5314999525784,31.0072714930283,-48.5387714456067
1.5024077046549,903,874,-38.3679386941829,10.2001216534582,23.6758931939081,-33.8760148473662
1.50454788657036,901,870,-48.1431097596765,24.8628782516986,23.6758931939081,-48.5387714456067
1.50668806848582,903,871,-53.0306952924233,17.5314999525784,31.0072714930283,-48.5387714456067
1.50882825040128,902,873,-38.3679386941829,15.087707186205,21.2321004275347,-36.3198076137397
1.51096843231675,902,871,-48.1431097596765,19.9752927189518,26.1196859602815,-46.0949786792333
1.51310861423221,901,866,-67.6934518906638,34.6380493171923,33.4510642594017,-68.089113576594
1.51524879614767,901,869,-53.0306952924233,27.306671018072,26.1196859602815,-53.4263569783535
1.51738897806314,901,869,-53.0306952924233,27.306671018072,26.1196859602815,-53.4263569783535
1.5195291599786,902,868,-62.805866357917,27.306671018072,33.4510642594017,-60.7577352774737
1.52166934189406,902,870,-53.0306952924233,22.4190854853252,28.5634787266549,-50.9825642119801
1.52380952380952,902,871,-48.1431097596765,19.9752927189518,26.1196859602815,-46.0949786792333
1.52594970572499,903,869,-62.805866357917,22.4190854853252,35.8948570257751,-58.3139425111003
1.52808988764045,901,869,-53.0306952924233,27.306671018072,26.1196859602815,-53.4263569783535
1.53023006955591,901,870,-48.1431097596765,24.8628782516986,23.6758931939081,-48.5387714456067
1.53237025147138,902,870,-53.0306952924233,22.4190854853252,28.5634787266549,-50.9825642119801
1.53451043338684,898,865,-57.9182808251702,44.4132203826859,21.2321004275347,-65.6453208102206
1.5366506153023,901,869,-53.0306952924233,27.306671018072,26.1196859602815,-53.4263569783535
1.53879079721776,904,870,-62.805866357917,17.5314999525784,38.3386497921485,-55.8701497447269
1.54093097913323,902,869,-57.9182808251701,24.8628782516986,31.0072714930283,-55.8701497447269
1.54307116104869,899,870,-38.3679386941829,29.7504637844455,13.9007221284144,-43.6511859128599
1.54521134296415,905,875,-43.2555242269297,2.86874335433795,31.0072714930283,-33.8760148473662
1.54735152487961,901,873,-33.480353161436,17.5314999525784,16.3445148947878,-33.8760148473662
1.54949170679508,900,870,-43.2555242269297,27.306671018072,18.7883076611612,-46.0949786792333
1.55163188871054,903,870,-57.9182808251701,19.9752927189518,33.4510642594017,-53.4263569783535
1.553772070626,901,875,-23.7051820959424,12.6439144198316,11.456929362041,-24.1008437818726
1.55591225254147,901,872,-38.3679386941829,19.9752927189518,18.7883076611612,-38.7636003801131
1.55805243445693,901,869,-53.0306952924233,27.306671018072,26.1196859602815,-53.4263569783535
1.56019261637239,902,874,-33.480353161436,12.6439144198316,18.7883076611612,-31.4322220809928
1.56233279828785,902,876,-23.7051820959424,7.75632888708477,13.9007221284144,-21.6570510154992
1.56447298020332,903,869,-62.805866357917,22.4190854853252,35.8948570257751,-58.3139425111003
1.56661316211878,902,871,-48.1431097596765,19.9752927189518,26.1196859602815,-46.0949786792333
1.56875334403424,902,870,-53.0306952924233,22.4190854853252,28.5634787266549,-50.9825642119801
1.57089352594971,901,866,-67.6934518906638,34.6380493171923,33.4510642594017,-68.089113576594
1.57303370786517,900,867,-57.9182808251701,34.6380493171923,26.1196859602815,-60.7577352774737
1.57517388978063,901,872,-38.3679386941829,19.9752927189518,18.7883076611612,-38.7636003801131
1.57731407169609,902,871,-48.1431097596765,19.9752927189518,26.1196859602815,-46.0949786792333
1.57945425361156,901,870,-48.1431097596765,24.8628782516986,23.6758931939081,-48.5387714456067
1.58159443552702,905,871,-62.805866357917,12.6439144198316,40.7824425585219,-53.4263569783535
1.58373461744248,903,870,-57.9182808251701,19.9752927189518,33.4510642594017,-53.4263569783535
1.58587479935795,902,867,-67.6934518906638,29.7504637844455,35.8948570257751,-65.6453208102206
1.58801498127341,900,869,-48.1431097596765,29.7504637844455,21.2321004275347,-50.9825642119801
1.59015516318887,902,869,-57.9182808251701,24.8628782516986,31.0072714930283,-55.8701497447269
1.59229534510433,903,869,-62.805866357917,22.4190854853252,35.8948570257751,-58.3139425111003
1.5944355270198,901,870,-48.1431097596765,24.8628782516986,23.6758931939081,-48.5387714456067
1.59657570893526,901,874,-28.5927676286892,15.087707186205,13.9007221284144,-28.9884293146194
1.59871589085072,902,872,-43.2555242269297,17.5314999525784,23.6758931939081,-41.2073931464865
1.60085607276619,899,870,-38.3679386941829,29.7504637844455,13.9007221284144,-43.6511859128599
1.60299625468165,904,868,-72.5810374234106,22.4190854853252,43.2262353248953,-65.6453208102206
1.60513643659711,900,871,-38.3679386941829,24.8628782516986,16.3445148947878,-41.2073931464865
1.60727661851257,902,869,-57.9182808251701,24.8628782516986,31.0072714930283,-55.8701497447269
1.60941680042804,902,869,-57.9182808251701,24.8628782516986,31.0072714930283,-55.8701497447269
1.6115569823435,902,873,-38.3679386941829,15.087707186205,21.2321004275347,-36.3198076137397
1.61369716425896,903,876,-28.5927676286892,5.31253612071136,18.7883076611612,-24.1008437818726
1.61583734617442,901,870,-48.1431097596765,24.8628782516986,23.6758931939081,-48.5387714456067
1.61797752808989,903,869,-62.805866357917,22.4190854853252,35.8948570257751,-58.3139425111003
1.62011771000535,903,871,-53.0306952924233,17.5314999525784,31.0072714930283,-48.5387714456067
1.62225789192081,902,871,-48.1431097596765,19.9752927189518,26.1196859602815,-46.0949786792333
1.62439807383628,900,868,-53.0306952924233,32.1942565508189,23.6758931939081,-55.8701497447269
1.62653825575174,901,872,-38.3679386941829,19.9752927189518,18.7883076611612,-38.7636003801131
1.6286784376672,904,872,-53.0306952924233,12.6439144198316,33.4510642594017,-46.0949786792333
1.63081861958266,902,872,-43.2555242269297,17.5314999525784,23.6758931939081,-41.2073931464865
1.63295880149813,901,870,-48.1431097596765,24.8628782516986,23.6758931939081,-48.5387714456067
1.63509898341359,901,872,-38.3679386941829,19.9752927189518,18.7883076611612,-38.7636003801131
1.63723916532905,901,869,-53.0306952924233,27.306671018072,26.1196859602815,-53.4263569783535
1.63937934724452,900,869,-48.1431097596765,29.7504637844455,21.2321004275347,-50.9825642119801
1.64151952915998,902,871,-48.1431097596765,19.9752927189518,26.1196859602815,-46.0949786792333
1.64365971107544,900,870,-43.2555242269297,27.306671018072,18.7883076611612,-46.0949786792333
1.6457998929909,902,870,-53.0306952924233,22.4190854853252,28.5634787266549,-50.9825642119801
1.64794007490637,903,870,-57.9182808251701,19.9752927189518,33.4510642594017,-53.4263569783535
1.65008025682183,904,874,-43.2555242269297,7.75632888708477,28.5634787266549,-36.3198076137397
1.65222043873729,900,872,-33.480353161436,22.4190854853252,13.9007221284144,-36.3198076137397
1.65436062065276,901,869,-53.0306952924233,27.306671018072,26.1196859602815,-53.4263569783535
1.65650080256822,904,870,-62.805866357917,17.5314999525784,38.3386497921485,-55.8701497447269
1.65864098448368,901,873,-33.480353161436,17.5314999525784,16.3445148947878,-33.8760148473662
1.66078116639914,901,869,-53.0306952924233,27.306671018072,26.1196859602815,-53.4263569783535
1.66292134831461,901,871,-43.2555242269297,22.4190854853252,21.2321004275347,-43.6511859128599
1.66506153023007,902,873,-38.3679386941829,15.087707186205,21.2321004275347,-36.3198076137397
1.66720171214553,901,873,-33.480353161436,17.5314999525784,16.3445148947878,-33.8760148473662
1.669341894061,903,870,-57.9182808251701,19.9752927189518,33.4510642594017,-53.4263569783535
1.67148207597646,902,874,-33.480353161436,12.6439144198316,18.7883076611612,-31.4322220809928
1.67362225789192,902,872,-43.2555242269297,17.5314999525784,23.6758931939081,-41.2073931464865
1.67576243980738,900,871,-38.3679386941829,24.8628782516986,16.3445148947878,-41.2073931464865
1.67790262172285,903,870,-57.9182808251701,19.9752927189518,33.4510642594017,-53.4263569783535
1.68004280363831,901,872,-38.3679386941829,19.9752927189518,18.7883076611612,-38.7636003801131
1.68218298555377,902,869,-57.9182808251701,24.8628782516986,31.0072714930283,-55.8701497447269
1.68432316746923,904,870,-62.805866357917,17.5314999525784,38.3386497921485,-55.8701497447269
1.6864633493847,902,872,-43.2555242269297,17.5314999525784,23.6758931939081,-41.2073931464865
1.68860353130016,901,873,-33.480353161436,17.5314999525784,16.3445148947878,-33.8760148473662
1.69074371321562,902,868,-62.805866357917,27.306671018072,33.4510642594017,-60.7577352774737
1.69288389513109,901,872,-38.3679386941829,19.9752927189518,18.7883076611612,-38.7636003801131
1.69502407704655,902,870,-53.0306952924233,22.4190854853252,28.5634787266549,-50.9825642119801
1.69716425896201,899,869,-43.2555242269297,32.1942565508189,16.3445148947878,-48.5387714456067
1.69930444087747,902,869,-57.9182808251701,24.8628782516986,31.0072714930283,-55.8701497447269
1.70144462279294,901,876,-18.8175965631956,10.2001216534582,9.0131365956676,-19.2132582491258
1.7035848047084,901,875,-23.7051820959424,12.6439144198316,11.456929362041,-24.1008437818726
1.70572498662386,900,871,-38.3679386941829,24.8628782516986,16.3445148947878,-41.2073931464865
1.70786516853933,903,874,-38.3679386941829,10.2001216534582,23.6758931939081,-33.8760148473662
1.71000535045479,904,874,-43.2555242269297,7.75632888708477,28.5634787266549,-36.3198076137397
1.71214553237025,902,869,-57.9182808251701,24.8628782516986,31.0072714930283,-55.8701497447269
1.71428571428571,901,868,-57.9182808251701,29.7504637844455,28.5634787266549,-58.3139425111003
1.71642589620118,903,873,-43.2555242269297,12.6439144198316,26.1196859602815,-38.7636003801131
1.71856607811664,902,875,-28.5927676286892,10.2001216534582,16.3445148947878,-26.544636548246
1.7207062600321,902,870,-53.0306952924233,22.4190854853252,28.5634787266549,-50.9825642119801
1.72284644194757,904,872,-53.0306952924233,12.6439144198316,33.4510642594017,-46.0949786792333
1.72498662386303,901,872,-38.3679386941829,19.9752927189518,18.7883076611612,-38.7636003801131
1.72712680577849,901,872,-38.3679386941829,19.9752927189518,18.7883076611612,-38.7636003801131
1.72926698769395,900,866,-62.805866357917,37.0818420835657,28.5634787266549,-65.6453208102206
1.73140716960942,902,871,-48.1431097596765,19.9752927189518,26.1196859602815,-46.0949786792333
1.73354735152488,901,872,-38.3679386941829,19.9752927189518,18.7883076611612,-38.7636003801131
1.73568753344034,901,869,-53.0306952924233,27.306671018072,26.1196859602815,-53.4263569783535
1.73782771535581,902,871,-48.1431097596765,19.9752927189518,26.1196859602815,-46.0949786792333
1.73996789727127,901,873,-33.480353161436,17.5314999525784,16.3445148947878,-33.8760148473662
1.74210807918673,901,870,-48.1431097596765,24.8628782516986,23.6758931939081,-48.5387714456067
1.74424826110219,903,869,-62.805866357917,22.4190854853252,35.8948570257751,-58.3139425111003
1.74638844301766,903,871,-53.0306952924233,17.5314999525784,31.0072714930283,-48.5387714456067
1.74852862493312,901,867,-62.805866357917,32.1942565508189,31.0072714930283,-63.2015280438472
1.75066880684858,899,868,-48.1431097596765,34.6380493171923,18.7883076611612,-53.4263569783535
1.75280898876405,902,871,-48.1431097596765,19.9752927189518,26.1196859602815,-46.0949786792333
1.75494917067951,902,873,-38.3679386941829,15.087707186205,21.2321004275347,-36.3198076137397
1.75708935259497,903,870,-57.9182808251701,19.9752927189518,33.4510642594017,-53.4263569783535
1.75922953451043,901,866,-67.6934518906638,34.6380493171923,33.4510642594017,-68.089113576594
1.7613697164259,901,870,-48.1431097596765,24.8628782516986,23.6758931939081,-48.5387714456067
1.76350989834136,901,868,-57.9182808251701,29.7504637844455,28.5634787266549,-58.3139425111003
1.76565008025682,899,869,-43.2555242269297,32.1942565508189,16.3445148947878,-48.5387714456067
1.76779026217228,902,870,-53.0306952924233,22.4190854853252,28.5634787266549,-50.9825642119801
1.76993044408775,903,871,-53.0306952924233,17.5314999525784,31.0072714930283,-48.5387714456067
1.77207062600321,903,872,-48.1431097596765,15.087707186205,28.5634787266549,-43.6511859128599
1.77421080791867,901,869,-53.0306952924233,27.306671018072,26.1196859602815,-53.4263569783535
1.77635098983414,902,871,-48.1431097596765,19.9752927189518,26.1196859602815,-46.0949786792333
1.7784911717496,902,868,-62.805866357917,27.306671018072,33.4510642594017,-60.7577352774737
1.78063135366506,901,868,-57.9182808251701,29.7504637844455,28.5634787266549,-58.3139425111003
1.78277153558052,901,868,-57.9182808251701,29.7504637844455,28.5634787266549,-58.3139425111003
1.78491171749599,899,870,-38.3679386941829,29.7504637844455,13.9007221284144,-43.6511859128599
1.78705189941145,901,868,-57.9182808251701,29.7504637844455,28.5634787266549,-58.3139425111003
1.78919208132691,902,869,-57.9182808251701,24.8628782516986,31.0072714930283,-55.8701497447269
1.79133226324238,904,872,-53.0306952924233,12.6439144198316,33.4510642594017,-46.0949786792333
1.79347244515784,901,868,-57.9182808251701,29.7504637844455,28.5634787266549,-58.3139425111003
1.7956126270733,902,868,-62.805866357917,27.306671018072,33.4510642594017,-60.7577352774737
1.79775280898876,902,874,-33.480353161436,12.6439144198316,18.7883076611612,-31.4322220809928
1.79989299090423,901,870,-48.1431097596765,24.8628782516986,23.6758931939081,-48.5387714456067
1.80203317281969,900,867,-57.9182808251701,34.6380493171923,26.1196859602815,-60.7577352774737
1.80417335473515,901,867,-62.805866357917,32.1942565508189,31.0072714930283,-63.2015280438472
1.80631353665062,902,874,-33.480353161436,12.6439144198316,18.7883076611612,-31.4322220809928
1.80845371856608,902,869,-57.9182808251701,24.8628782516986,31.0072714930283,-55.8701497447269
1.81059390048154,901,868,-57.9182808251701,29.7504637844455,28.5634787266549,-58.3139425111003
1.812734082397,902,871,-48.1431097596765,19.9752927189518,26.1196859602815,-46.0949786792333
1.81487426431247,901,872,-38.3679386941829,19.9752927189518,18.7883076611612,-38.7636003801131
1.81701444622793,901,869,-53.0306952924233,27.306671018072,26.1196859602815,-53.4263569783535
1.81915462814339,900,869,-48.1431097596765,29.7504637844455,21.2321004275347,-50.9825642119801
1.82129481005886,902,870,-53.0306952924233,22.4190854853252,28.5634787266549,-50.9825642119801
1.82343499197432,901,870,-48.1431097596765,24.8628782516986,23.6758931939081,-48.5387714456067
1.82557517388978,903,869,-62.805866357917,22.4190854853252,35.8948570257751,-58.3139425111003
1.82771535580524,902,871,-48.1431097596765,19.9752927189518,26.1196859602815,-46.0949786792333
1.82985553772071,902,872,-43.2555242269297,17.5314999525784,23.6758931939081,-41.2073931464865
1.83199571963617,902,868,-62.805866357917,27.306671018072,33.4510642594017,-60.7577352774737
1.83413590155163,902,870,-53.0306952924233,22.4190854853252,28.5634787266549,-50.9825642119801
1.83627608346709,901,869,-53.0306952924233,27.306671018072,26.1196859602815,-53.4263569783535
1.83841626538256,899,867,-53.0306952924233,37.0818420835657,21.2321004275347,-58.3139425111003
1.84055644729802,902,867,-67.6934518906638,29.7504637844455,35.8948570257751,-65.6453208102206
1.84269662921348,902,874,-33.480353161436,12.6439144198316,18.7883076611612,-31.4322220809928
1.84483681112895,902,872,-43.2555242269297,17.5314999525784,23.6758931939081,-41.2073931464865
1.84697699304441,901,869,-53.0306952924233,27.306671018072,26.1196859602815,-53.4263569783535
1.84911717495987,901,872,-38.3679386941829,19.9752927189518,18.7883076611612,-38.7636003801131
1.85125735687533,901,876,-18.8175965631956,10.2001216534582,9.0131365956676,-19.2132582491258
1.8533975387908,900,868,-53.0306952924233,32.1942565508189,23.6758931939081,-55.8701497447269
1.85553772070626,902,866,-72.5810374234106,32.1942565508189,38.3386497921485,-70.5329063429674
1.85767790262172,903,872,-48.1431097596765,15.087707186205,28.5634787266549,-43.6511859128599
1.85981808453719,904,877,-28.5927676286892,0.424950587964545,21.2321004275347,-21.6570510154992
1.86195826645265,901,870,-48.1431097596765,24.8628782516986,23.6758931939081,-48.5387714456067
1.86409844836811,902,871,-48.1431097596765,19.9752927189518,26.1196859602815,-46.0949786792333
1.86623863028357,902,874,-33.480353161436,12.6439144198316,18.7883076611612,-31.4322220809928
1.86837881219904,903,873,-43.2555242269297,12.6439144198316,26.1196859602815,-38.7636003801131
1.8705189941145,901,869,-53.0306952924233,27.306671018072,26.1196859602815,-53.4263569783535
1.87265917602996,901,873,-33.480353161436,17.5314999525784,16.3445148947878,-33.8760148473662
1.87479935794543,904,875,-38.3679386941829,5.31253612071136,26.1196859602815,-31.4322220809928
1.87693953986089,903,874,-38.3679386941829,10.2001216534582,23.6758931939081,-33.8760148473662
1.87907972177635,903,875,-33.480353161436,7.75632888708477,21.2321004275347,-28.9884293146194
1.88121990369181,903,875,-33.480353161436,7.75632888708477,21.2321004275347,-28.9884293146194
1.88336008560728,901,873,-33.480353161436,17.5314999525784,16.3445148947878,-33.8760148473662
1.88550026752274,903,871,-53.0306952924233,17.5314999525784,31.0072714930283,-48.5387714456067
1.8876404494382,901,876,-18.8175965631956,10.2001216534582,9.0131365956676,-19.2132582491258
1.88978063135367,903,874,-38.3679386941829,10.2001216534582,23.6758931939081,-33.8760148473662
1.89192081326913,902,873,-38.3679386941829,15.087707186205,21.2321004275347,-36.3198076137397
1.89406099518459,903,877,-23.7051820959424,2.86874335433795,16.3445148947878,-19.2132582491258
1.89620117710005,904,878,-23.7051820959424,-2.01884217840886,18.7883076611612,-16.7694654827524
1.89834135901552,902,875,-28.5927676286892,10.2001216534582,16.3445148947878,-26.544636548246
1.90048154093098,903,875,-33.480353161436,7.75632888708477,21.2321004275347,-28.9884293146194
1.90262172284644,905,878,-28.5927676286892,-4.46263494478227,23.6758931939081,-19.2132582491258
1.9047619047619,904,877,-28.5927676286892,0.424950587964545,21.2321004275347,-21.6570510154992
1.90690208667737,901,874,-28.5927676286892,15.087707186205,13.9007221284144,-28.9884293146194
1.90904226859283,902,874,-33.480353161436,12.6439144198316,18.7883076611612,-31.4322220809928
1.91118245050829,902,878,-13.9300110304488,2.86874335433795,9.0131365956676,-11.8818799500056
1.91332263242376,903,877,-23.7051820959424,2.86874335433795,16.3445148947878,-19.2132582491258
1.91546281433922,902,876,-23.7051820959424,7.75632888708477,13.9007221284144,-21.6570510154992
1.91760299625468,902,879,-9.04242549770196,0.424950587964545,6.56934382929419,-6.99429441725874
1.91974317817014,904,876,-33.480353161436,2.86874335433795,23.6758931939081,-26.544636548246
1.92188336008561,903,873,-43.2555242269297,12.6439144198316,26.1196859602815,-38.7636003801131
1.92402354200107,903,873,-43.2555242269297,12.6439144198316,26.1196859602815,-38.7636003801131
1.92616372391653,900,875,-18.8175965631956,15.087707186205,6.56934382929419,-21.6570510154992
1.928303905832,902,869,-57.9182808251701,24.8628782516986,31.0072714930283,-55.8701497447269
1.93044408774746,901,874,-28.5927676286892,15.087707186205,13.9007221284144,-28.9884293146194
1.93258426966292,904,876,-33.480353161436,2.86874335433795,23.6758931939081,-26.544636548246
1.93472445157838,903,873,-43.2555242269297,12.6439144198316,26.1196859602815,-38.7636003801131
1.93686463349385,902,872,-43.2555242269297,17.5314999525784,23.6758931939081,-41.2073931464865
1.93900481540931,904,876,-33.480353161436,2.86874335433795,23.6758931939081,-26.544636548246
1.94114499732477,903,875,-33.480353161436,7.75632888708477,21.2321004275347,-28.9884293146194
1.94328517924024,901,870,-48.1431097596765,24.8628782516986,23.6758931939081,-48.5387714456067
1.9454253611557,902,872,-43.2555242269297,17.5314999525784,23.6758931939081,-41.2073931464865
1.94756554307116,904,875,-38.3679386941829,5.31253612071136,26.1196859602815,-31.4322220809928
1.94970572498662,902,873,-38.3679386941829,15.087707186205,21.2321004275347,-36.3198076137397
1.95184590690209,902,872,-43.2555242269297,17.5314999525784,23.6758931939081,-41.2073931464865
1.95398608881755,903,876,-28.5927676286892,5.31253612071136,18.7883076611612,-24.1008437818726
1.95612627073301,903,877,-23.7051820959424,2.86874335433795,16.3445148947878,-19.2132582491258
1.95826645264848,901,869,-53.0306952924233,27.306671018072,26.1196859602815,-53.4263569783535
1.96040663456394,901,870,-48.1431097596765,24.8628782516986,23.6758931939081,-48.5387714456067
1.9625468164794,902,873,-38.3679386941829,15.087707186205,21.2321004275347,-36.3198076137397
1.96468699839486,901,871,-43.2555242269297,22.4190854853252,21.2321004275347,-43.6511859128599
1.96682718031033,904,873,-48.1431097596765,10.2001216534582,31.0072714930283,-41.2073931464865
1.96896736222579,904,877,-28.5927676286892,0.424950587964545,21.2321004275347,-21.6570510154992
1.97110754414125,902,877,-18.8175965631956,5.31253612071136,11.456929362041,-16.7694654827524
1.97324772605671,903,875,-33.480353161436,7.75632888708477,21.2321004275347,-28.9884293146194
1.97538790797218,904,877,-28.5927676286892,0.424950587964545,21.2321004275347,-21.6570510154992
1.97752808988764,905,879,-23.7051820959424,-6.90642771115568,21.2321004275347,-14.325672716379
1.9796682718031,904,877,-28.5927676286892,0.424950587964545,21.2321004275347,-21.6570510154992
1.98180845371857,904,877,-28.5927676286892,0.424950587964545,21.2321004275347,-21.6570510154992
1.98394863563403,904,885,10.5079166332853,-19.1253915430227,1.68175829654738,17.4436332464754
1.98608881754949,907,881,-23.7051820959424,-16.6815987766493,26.1196859602815,-9.43808718363215
1.98822899946495,904,882,-4.15483996495514,-11.7940132439025,9.0131365956676,2.7808766482349
1.99036918138042,906,883,-9.04242549770196,-19.1253915430227,16.3445148947878,2.7808766482349
1.99250936329588,906,882,-13.9300110304488,-16.6815987766493,18.7883076611612,-2.10670888451192
1.99464954521134,903,877,-23.7051820959424,2.86874335433795,16.3445148947878,-19.2132582491258
1.99678972712681,904,876,-33.480353161436,2.86874335433795,23.6758931939081,-26.544636548246
1.99892990904227,904,879,-18.8175965631956,-4.46263494478227,16.3445148947878,-11.8818799500056
2.00107009095773,903,880,-9.04242549770196,-4.46263494478227,9.0131365956676,-4.55050165088533
2.00321027287319,901,876,-18.8175965631956,10.2001216534582,9.0131365956676,-19.2132582491258
2.00535045478866,903,878,-18.8175965631956,0.424950587964545,13.9007221284144,-14.325672716379
2.00749063670412,905,880,-18.8175965631956,-9.35022047752909,18.7883076611612,-9.43808718363215
2.00963081861958,905,878,-28.5927676286892,-4.46263494478227,23.6758931939081,-19.2132582491258
2.01177100053505,903,874,-38.3679386941829,10.2001216534582,23.6758931939081,-33.8760148473662
2.01391118245051,903,876,-28.5927676286892,5.31253612071136,18.7883076611612,-24.1008437818726
2.01605136436597,905,875,-43.2555242269297,2.86874335433795,31.0072714930283,-33.8760148473662
2.01819154628143,902,874,-33.480353161436,12.6439144198316,18.7883076611612,-31.4322220809928
2.0203317281969,903,874,-38.3679386941829,10.2001216534582,23.6758931939081,-33.8760148473662
2.02247191011236,903,876,-28.5927676286892,5.31253612071136,18.7883076611612,-24.1008437818726
2.02461209202782,904,873,-48.1431097596765,10.2001216534582,31.0072714930283,-41.2073931464865
2.02675227394329,904,874,-43.2555242269297,7.75632888708477,28.5634787266549,-36.3198076137397
2.02889245585875,904,877,-28.5927676286892,0.424950587964545,21.2321004275347,-21.6570510154992
2.03103263777421,903,877,-23.7051820959424,2.86874335433795,16.3445148947878,-19.2132582491258
2.03317281968967,902,876,-23.7051820959424,7.75632888708477,13.9007221284144,-21.6570510154992
2.03531300160514,905,881,-13.9300110304488,-11.7940132439025,16.3445148947878,-4.55050165088533
2.0374531835206,904,882,-4.15483996495514,-11.7940132439025,9.0131365956676,2.7808766482349
2.03959336543606,905,881,-13.9300110304488,-11.7940132439025,16.3445148947878,-4.55050165088533
2.04173354735152,906,882,-13.9300110304488,-16.6815987766493,18.7883076611612,-2.10670888451192
2.04387372926699,906,883,-9.04242549770196,-19.1253915430227,16.3445148947878,2.7808766482349
2.04601391118245,906,883,-9.04242549770196,-19.1253915430227,16.3445148947878,2.7808766482349
2.04815409309791,905,879,-23.7051820959424,-6.90642771115568,21.2321004275347,-14.325672716379
2.05029427501338,905,882,-9.04242549770196,-14.2378060102759,13.9007221284144,0.337083881861489
2.05243445692884,905,882,-9.04242549770196,-14.2378060102759,13.9007221284144,0.337083881861489
2.0545746388443,903,879,-13.9300110304488,-2.01884217840886,11.456929362041,-9.43808718363215
2.05671482075976,906,880,-23.7051820959424,-11.7940132439025,23.6758931939081,-11.8818799500056
2.05885500267523,904,883,0.732745567791682,-14.2378060102759,6.56934382929419,7.66846218098172
2.06099518459069,904,880,-13.9300110304488,-6.90642771115568,13.9007221284144,-6.99429441725874
2.06313536650615,904,880,-13.9300110304488,-6.90642771115568,13.9007221284144,-6.99429441725874
2.06527554842162,904,880,-13.9300110304488,-6.90642771115568,13.9007221284144,-6.99429441725874
2.06741573033708,905,878,-28.5927676286892,-4.46263494478227,23.6758931939081,-19.2132582491258
2.06955591225254,902,873,-38.3679386941829,15.087707186205,21.2321004275347,-36.3198076137397
2.071696094168,902,873,-38.3679386941829,15.087707186205,21.2321004275347,-36.3198076137397
2.07383627608347,903,876,-28.5927676286892,5.31253612071136,18.7883076611612,-24.1008437818726
2.07597645799893,902,875,-28.5927676286892,10.2001216534582,16.3445148947878,-26.544636548246
2.07811663991439,902,874,-33.480353161436,12.6439144198316,18.7883076611612,-31.4322220809928
2.08025682182986,904,876,-33.480353161436,2.86874335433795,23.6758931939081,-26.544636548246
2.08239700374532,901,876,-18.8175965631956,10.2001216534582,9.0131365956676,-19.2132582491258
2.08453718566078,900,871,-38.3679386941829,24.8628782516986,16.3445148947878,-41.2073931464865
2.08667736757624,902,869,-57.9182808251701,24.8628782516986,31.0072714930283,-55.8701497447269
2.08881754949171,904,874,-43.2555242269297,7.75632888708477,28.5634787266549,-36.3198076137397
2.09095773140717,902,871,-48.1431097596765,19.9752927189518,26.1196859602815,-46.0949786792333
2.09309791332263,904,875,-38.3679386941829,5.31253612071136,26.1196859602815,-31.4322220809928
2.0952380952381,905,877,-33.480353161436,-2.01884217840886,26.1196859602815,-24.1008437818726
2.09737827715356,905,881,-13.9300110304488,-11.7940132439025,16.3445148947878,-4.55050165088533
2.09951845906902,902,875,-28.5927676286892,10.2001216534582,16.3445148947878,-26.544636548246
2.10165864098448,903,875,-33.480353161436,7.75632888708477,21.2321004275347,-28.9884293146194
2.10379882289995,904,876,-33.480353161436,2.86874335433795,23.6758931939081,-26.544636548246
2.10593900481541,903,875,-33.480353161436,7.75632888708477,21.2321004275347,-28.9884293146194
2.10807918673087,901,871,-43.2555242269297,22.4190854853252,21.2321004275347,-43.6511859128599
2.11021936864634,903,876,-28.5927676286892,5.31253612071136,18.7883076611612,-24.1008437818726
2.1123595505618,903,876,-28.5927676286892,5.31253612071136,18.7883076611612,-24.1008437818726
2.11449973247726,902,876,-23.7051820959424,7.75632888708477,13.9007221284144,-21.6570510154992
2.11663991439272,903,874,-38.3679386941829,10.2001216534582,23.6758931939081,-33.8760148473662
2.11878009630819,904,876,-33.480353161436,2.86874335433795,23.6758931939081,-26.544636548246
2.12092027822365,904,874,-43.2555242269297,7.75632888708477,28.5634787266549,-36.3198076137397
2.12306046013911,902,876,-23.7051820959424,7.75632888708477,13.9007221284144,-21.6570510154992
2.12520064205457,902,877,-18.8175965631956,5.31253612071136,11.456929362041,-16.7694654827524
2.12734082397004,904,878,-23.7051820959424,-2.01884217840886,18.7883076611612,-16.7694654827524
2.1294810058855,903,875,-33.480353161436,7.75632888708477,21.2321004275347,-28.9884293146194
2.13162118780096,904,878,-23.7051820959424,-2.01884217840886,18.7883076611612,-16.7694654827524
2.13376136971643,903,878,-18.8175965631956,0.424950587964545,13.9007221284144,-14.325672716379
2.13590155163189,904,875,-38.3679386941829,5.31253612071136,26.1196859602815,-31.4322220809928
2.13804173354735,903,875,-33.480353161436,7.75632888708477,21.2321004275347,-28.9884293146194
2.14018191546281,904,878,-23.7051820959424,-2.01884217840886,18.7883076611612,-16.7694654827524
2.14232209737828,902,878,-13.9300110304488,2.86874335433795,9.0131365956676,-11.8818799500056
2.14446227929374,902,875,-28.5927676286892,10.2001216534582,16.3445148947878,-26.544636548246
2.1466024612092,903,878,-18.8175965631956,0.424950587964545,13.9007221284144,-14.325672716379
2.14874264312467,904,878,-23.7051820959424,-2.01884217840886,18.7883076611612,-16.7694654827524
2.15088282504013,903,875,-33.480353161436,7.75632888708477,21.2321004275347,-28.9884293146194
2.15302300695559,903,874,-38.3679386941829,10.2001216534582,23.6758931939081,-33.8760148473662
2.15516318887105,903,876,-28.5927676286892,5.31253612071136,18.7883076611612,-24.1008437818726
2.15730337078652,904,875,-38.3679386941829,5.31253612071136,26.1196859602815,-31.4322220809928
2.15944355270198,902,873,-38.3679386941829,15.087707186205,21.2321004275347,-36.3198076137397
2.16158373461744,904,875,-38.3679386941829,5.31253612071136,26.1196859602815,-31.4322220809928
2.16372391653291,904,877,-28.5927676286892,0.424950587964545,21.2321004275347,-21.6570510154992
2.16586409844837,902,874,-33.480353161436,12.6439144198316,18.7883076611612,-31.4322220809928
2.16800428036383,902,876,-23.7051820959424,7.75632888708477,13.9007221284144,-21.6570510154992
2.17014446227929,903,876,-28.5927676286892,5.31253612071136,18.7883076611612,-24.1008437818726
2.17228464419476,905,873,-53.0306952924233,7.75632888708477,35.8948570257751,-43.6511859128599
2.17442482611022,901,870,-48.1431097596765,24.8628782516986,23.6758931939081,-48.5387714456067
2.17656500802568,902,875,-28.5927676286892,10.2001216534582,16.3445148947878,-26.544636548246
2.17870518994114,902,873,-38.3679386941829,15.087707186205,21.2321004275347,-36.3198076137397
2.18084537185661,902,872,-43.2555242269297,17.5314999525784,23.6758931939081,-41.2073931464865
2.18298555377207,902,872,-43.2555242269297,17.5314999525784,23.6758931939081,-41.2073931464865
2.18512573568753,905,879,-23.7051820959424,-6.90642771115568,21.2321004275347,-14.325672716379
2.187265917603,902,875,-28.5927676286892,10.2001216534582,16.3445148947878,-26.544636548246
2.18940609951846,902,874,-33.480353161436,12.6439144198316,18.7883076611612,-31.4322220809928
2.19154628143392,904,876,-33.480353161436,2.86874335433795,23.6758931939081,-26.544636548246
2.19368646334938,902,878,-13.9300110304488,2.86874335433795,9.0131365956676,-11.8818799500056
2.19582664526485,902,875,-28.5927676286892,10.2001216534582,16.3445148947878,-26.544636548246
2.19796682718031,903,874,-38.3679386941829,10.2001216534582,23.6758931939081,-33.8760148473662
2.20010700909577,904,878,-23.7051820959424,-2.01884217840886,18.7883076611612,-16.7694654827524
2.20224719101124,904,881,-9.04242549770196,-9.35022047752909,11.456929362041,-2.10670888451192
2.2043873729267,903,875,-33.480353161436,7.75632888708477,21.2321004275347,-28.9884293146194
2.20652755484216,904,878,-23.7051820959424,-2.01884217840886,18.7883076611612,-16.7694654827524
2.20866773675762,905,878,-28.5927676286892,-4.46263494478227,23.6758931939081,-19.2132582491258
2.21080791867309,904,873,-48.1431097596765,10.2001216534582,31.0072714930283,-41.2073931464865
2.21294810058855,901,872,-38.3679386941829,19.9752927189518,18.7883076611612,-38.7636003801131
2.21508828250401,902,877,-18.8175965631956,5.31253612071136,11.456929362041,-16.7694654827524
2.21722846441948,903,876,-28.5927676286892,5.31253612071136,18.7883076611612,-24.1008437818726
2.21936864633494,903,875,-33.480353161436,7.75632888708477,21.2321004275347,-28.9884293146194
2.2215088282504,904,881,-9.04242549770196,-9.35022047752909,11.456929362041,-2.10670888451192
2.22364901016586,904,878,-23.7051820959424,-2.01884217840886,18.7883076611612,-16.7694654827524
2.22578919208133,902,874,-33.480353161436,12.6439144198316,18.7883076611612,-31.4322220809928
2.22792937399679,904,873,-48.1431097596765,10.2001216534582,31.0072714930283,-41.2073931464865
2.23006955591225,905,878,-28.5927676286892,-4.46263494478227,23.6758931939081,-19.2132582491258
2.23220973782772,903,873,-43.2555242269297,12.6439144198316,26.1196859602815,-38.7636003801131
2.23434991974318,901,872,-38.3679386941829,19.9752927189518,18.7883076611612,-38.7636003801131
2.23649010165864,903,875,-33.480353161436,7.75632888708477,21.2321004275347,-28.9884293146194
2.2386302835741,902,878,-13.9300110304488,2.86874335433795,9.0131365956676,-11.8818799500056
2.24077046548957,901,873,-33.480353161436,17.5314999525784,16.3445148947878,-33.8760148473662
2.24291064740503,903,871,-53.0306952924233,17.5314999525784,31.0072714930283,-48.5387714456067
2.24505082932049,901,873,-33.480353161436,17.5314999525784,16.3445148947878,-33.8760148473662
2.24719101123596,901,873,-33.480353161436,17.5314999525784,16.3445148947878,-33.8760148473662
2.24933119315142,903,868,-67.6934518906638,24.8628782516986,38.3386497921485,-63.2015280438472
2.25147137506688,902,872,-43.2555242269297,17.5314999525784,23.6758931939081,-41.2073931464865
2.25361155698234,902,874,-33.480353161436,12.6439144198316,18.7883076611612,-31.4322220809928
2.25575173889781,902,871,-48.1431097596765,19.9752927189518,26.1196859602815,-46.0949786792333
2.25789192081327,901,869,-53.0306952924233,27.306671018072,26.1196859602815,-53.4263569783535
2.26003210272873,901,872,-38.3679386941829,19.9752927189518,18.7883076611612,-38.7636003801131
2.26217228464419,899,868,-48.1431097596765,34.6380493171923,18.7883076611612,-53.4263569783535
2.26431246655966,899,869,-43.2555242269297,32.1942565508189,16.3445148947878,-48.5387714456067
2.26645264847512,900,870,-43.2555242269297,27.306671018072,18.7883076611612,-46.0949786792333
2.26859283039058,900,871,-38.3679386941829,24.8628782516986,16.3445148947878,-41.2073931464865
2.27073301230605,901,869,-53.0306952924233,27.306671018072,26.1196859602815,-53.4263569783535
2.27287319422151,902,874,-33.480353161436,12.6439144198316,18.7883076611612,-31.4322220809928
2.27501337613697,902,873,-38.3679386941829,15.087707186205,21.2321004275347,-36.3198076137397
2.27715355805243,901,868,-57.9182808251701,29.7504637844455,28.5634787266549,-58.3139425111003
2.2792937399679,902,867,-67.6934518906638,29.7504637844455,35.8948570257751,-65.6453208102206
2.28143392188336,903,874,-38.3679386941829,10.2001216534582,23.6758931939081,-33.8760148473662
2.28357410379882,901,872,-38.3679386941829,19.9752927189518,18.7883076611612,-38.7636003801131
2.28571428571429,899,868,-48.1431097596765,34.6380493171923,18.7883076611612,-53.4263569783535
2.28785446762975,903,870,-57.9182808251701,19.9752927189518,33.4510642594017,-53.4263569783535
2.28999464954521,902,876,-23.7051820959424,7.75632888708477,13.9007221284144,-21.6570510154992
2.29213483146067,901,873,-33.480353161436,17.5314999525784,16.3445148947878,-33.8760148473662
2.29427501337614,903,872,-48.1431097596765,15.087707186205,28.5634787266549,-43.6511859128599
2.2964151952916,904,876,-33.480353161436,2.86874335433795,23.6758931939081,-26.544636548246
2.29855537720706,903,877,-23.7051820959424,2.86874335433795,16.3445148947878,-19.2132582491258
2.30069555912253,902,871,-48.1431097596765,19.9752927189518,26.1196859602815,-46.0949786792333
2.30283574103799,903,873,-43.2555242269297,12.6439144198316,26.1196859602815,-38.7636003801131
2.30497592295345,902,876,-23.7051820959424,7.75632888708477,13.9007221284144,-21.6570510154992
2.30711610486891,901,874,-28.5927676286892,15.087707186205,13.9007221284144,-28.9884293146194
2.30925628678438,902,874,-33.480353161436,12.6439144198316,18.7883076611612,-31.4322220809928
2.31139646869984,901,872,-38.3679386941829,19.9752927189518,18.7883076611612,-38.7636003801131
2.3135366506153,902,873,-38.3679386941829,15.087707186205,21.2321004275347,-36.3198076137397
2.31567683253077,903,869,-62.805866357917,22.4190854853252,35.8948570257751,-58.3139425111003
2.31781701444623,902,870,-53.0306952924233,22.4190854853252,28.5634787266549,-50.9825642119801
2.31995719636169,902,868,-62.805866357917,27.306671018072,33.4510642594017,-60.7577352774737
2.32209737827715,901,868,-57.9182808251701,29.7504637844455,28.5634787266549,-58.3139425111003
2.32423756019262,902,869,-57.9182808251701,24.8628782516986,31.0072714930283,-55.8701497447269
2.32637774210808,902,874,-33.480353161436,12.6439144198316,18.7883076611612,-31.4322220809928
2.32851792402354,901,871,-43.2555242269297,22.4190854853252,21.2321004275347,-43.6511859128599
2.330658105939,902,868,-62.805866357917,27.306671018072,33.4510642594017,-60.7577352774737
2.33279828785447,902,872,-43.2555242269297,17.5314999525784,23.6758931939081,-41.2073931464865
2.33493846976993,902,871,-48.1431097596765,19.9752927189518,26.1196859602815,-46.0949786792333
2.33707865168539,901,868,-57.9182808251701,29.7504637844455,28.5634787266549,-58.3139425111003
2.33921883360086,901,868,-57.9182808251701,29.7504637844455,28.5634787266549,-58.3139425111003
2.34135901551632,903,873,-43.2555242269297,12.6439144198316,26.1196859602815,-38.7636003801131
2.34349919743178,903,874,-38.3679386941829,10.2001216534582,23.6758931939081,-33.8760148473662
2.34563937934724,901,871,-43.2555242269297,22.4190854853252,21.2321004275347,-43.6511859128599
2.34777956126271,901,874,-28.5927676286892,15.087707186205,13.9007221284144,-28.9884293146194
2.34991974317817,902,875,-28.5927676286892,10.2001216534582,16.3445148947878,-26.544636548246
2.35205992509363,900,871,-38.3679386941829,24.8628782516986,16.3445148947878,-41.2073931464865
2.3542001070091,900,869,-48.1431097596765,29.7504637844455,21.2321004275347,-50.9825642119801
2.35634028892456,902,874,-33.480353161436,12.6439144198316,18.7883076611612,-31.4322220809928
2.35848047084002,901,873,-33.480353161436,17.5314999525784,16.3445148947878,-33.8760148473662
2.36062065275548,902,874,-33.480353161436,12.6439144198316,18.7883076611612,-31.4322220809928
2.36276083467095,903,874,-38.3679386941829,10.2001216534582,23.6758931939081,-33.8760148473662
2.36490101658641,903,875,-33.480353161436,7.75632888708477,21.2321004275347,-28.9884293146194
2.36704119850187,902,872,-43.2555242269297,17.5314999525784,23.6758931939081,-41.2073931464865
2.36918138041734,904,870,-62.805866357917,17.5314999525784,38.3386497921485,-55.8701497447269
2.3713215623328,905,874,-48.1431097596765,5.31253612071136,33.4510642594017,-38.7636003801131
2.37346174424826,901,870,-48.1431097596765,24.8628782516986,23.6758931939081,-48.5387714456067
2.37560192616372,901,869,-53.0306952924233,27.306671018072,26.1196859602815,-53.4263569783535
2.37774210807919,902,871,-48.1431097596765,19.9752927189518,26.1196859602815,-46.0949786792333
2.37988228999465,902,872,-43.2555242269297,17.5314999525784,23.6758931939081,-41.2073931464865
2.38202247191011,901,867,-62.805866357917,32.1942565508189,31.0072714930283,-63.2015280438472
2.38416265382558,899,868,-48.1431097596765,34.6380493171923,18.7883076611612,-53.4263569783535
2.38630283574104,901,871,-43.2555242269297,22.4190854853252,21.2321004275347,-43.6511859128599
2.3884430176565,902,869,-57.9182808251701,24.8628782516986,31.0072714930283,-55.8701497447269
2.39058319957196,900,868,-53.0306952924233,32.1942565508189,23.6758931939081,-55.8701497447269
2.39272338148743,902,873,-38.3679386941829,15.087707186205,21.2321004275347,-36.3198076137397
2.39486356340289,903,872,-48.1431097596765,15.087707186205,28.5634787266549,-43.6511859128599
2.39700374531835,901,870,-48.1431097596765,24.8628782516986,23.6758931939081,-48.5387714456067
2.39914392723382,900,870,-43.2555242269297,27.306671018072,18.7883076611612,-46.0949786792333
2.40128410914928,901,873,-33.480353161436,17.5314999525784,16.3445148947878,-33.8760148473662
2.40342429106474,902,870,-53.0306952924233,22.4190854853252,28.5634787266549,-50.9825642119801
2.4055644729802,902,871,-48.1431097596765,19.9752927189518,26.1196859602815,-46.0949786792333
2.40770465489567,901,872,-38.3679386941829,19.9752927189518,18.7883076611612,-38.7636003801131
2.40984483681113,903,871,-53.0306952924233,17.5314999525784,31.0072714930283,-48.5387714456067
2.41198501872659,900,869,-48.1431097596765,29.7504637844455,21.2321004275347,-50.9825642119801
2.41412520064205,903,874,-38.3679386941829,10.2001216534582,23.6758931939081,-33.8760148473662
2.41626538255752,903,874,-38.3679386941829,10.2001216534582,23.6758931939081,-33.8760148473662
2.41840556447298,903,872,-48.1431097596765,15.087707186205,28.5634787266549,-43.6511859128599
2.42054574638844,903,870,-57.9182808251701,19.9752927189518,33.4510642594017,-53.4263569783535
2.42268592830391,904,873,-48.1431097596765,10.2001216534582,31.0072714930283,-41.2073931464865
2.42482611021937,901,871,-43.2555242269297,22.4190854853252,21.2321004275347,-43.6511859128599
2.42696629213483,900,869,-48.1431097596765,29.7504637844455,21.2321004275347,-50.9825642119801
2.42910647405029,904,873,-48.1431097596765,10.2001216534582,31.0072714930283,-41.2073931464865
2.43124665596576,904,874,-43.2555242269297,7.75632888708477,28.5634787266549,-36.3198076137397
2.43338683788122,902,871,-48.1431097596765,19.9752927189518,26.1196859602815,-46.0949786792333
2.43552701979668,901,872,-38.3679386941829,19.9752927189518,18.7883076611612,-38.7636003801131
2.43766720171215,902,874,-33.480353161436,12.6439144198316,18.7883076611612,-31.4322220809928
2.43980738362761,902,878,-13.9300110304488,2.86874335433795,9.0131365956676,-11.8818799500056
2.44194756554307,901,870,-48.1431097596765,24.8628782516986,23.6758931939081,-48.5387714456067
2.44408774745853,901,871,-43.2555242269297,22.4190854853252,21.2321004275347,-43.6511859128599
2.446227929374,902,874,-33.480353161436,12.6439144198316,18.7883076611612,-31.4322220809928
2.44836811128946,901,872,-38.3679386941829,19.9752927189518,18.7883076611612,-38.7636003801131
2.45050829320492,902,871,-48.1431097596765,19.9752927189518,26.1196859602815,-46.0949786792333
2.45264847512039,903,873,-43.2555242269297,12.6439144198316,26.1196859602815,-38.7636003801131
2.45478865703585,902,874,-33.480353161436,12.6439144198316,18.7883076611612,-31.4322220809928
2.45692883895131,901,872,-38.3679386941829,19.9752927189518,18.7883076611612,-38.7636003801131
2.45906902086677,901,872,-38.3679386941829,19.9752927189518,18.7883076611612,-38.7636003801131
2.46120920278224,901,870,-48.1431097596765,24.8628782516986,23.6758931939081,-48.5387714456067
2.4633493846977,902,869,-57.9182808251701,24.8628782516986,31.0072714930283,-55.8701497447269
2.46548956661316,901,868,-57.9182808251701,29.7504637844455,28.5634787266549,-58.3139425111003
2.46762974852862,903,873,-43.2555242269297,12.6439144198316,26.1196859602815,-38.7636003801131
2.46976993044409,901,872,-38.3679386941829,19.9752927189518,18.7883076611612,-38.7636003801131
2.47191011235955,903,870,-57.9182808251701,19.9752927189518,33.4510642594017,-53.4263569783535
2.47405029427501,903,873,-43.2555242269297,12.6439144198316,26.1196859602815,-38.7636003801131
2.47619047619048,903,876,-28.5927676286892,5.31253612071136,18.7883076611612,-24.1008437818726
2.47833065810594,902,870,-53.0306952924233,22.4190854853252,28.5634787266549,-50.9825642119801
2.4804708400214,902,871,-48.1431097596765,19.9752927189518,26.1196859602815,-46.0949786792333
2.48261102193686,901,874,-28.5927676286892,15.087707186205,13.9007221284144,-28.9884293146194
2.48475120385233,903,877,-23.7051820959424,2.86874335433795,16.3445148947878,-19.2132582491258
2.48689138576779,901,874,-28.5927676286892,15.087707186205,13.9007221284144,-28.9884293146194
2.48903156768325,903,875,-33.480353161436,7.75632888708477,21.2321004275347,-28.9884293146194
2.49117174959872,902,876,-23.7051820959424,7.75632888708477,13.9007221284144,-21.6570510154992
2.49331193151418,901,875,-23.7051820959424,12.6439144198316,11.456929362041,-24.1008437818726
2.49545211342964,903,870,-57.9182808251701,19.9752927189518,33.4510642594017,-53.4263569783535
2.4975922953451,901,874,-28.5927676286892,15.087707186205,13.9007221284144,-28.9884293146194
2.49973247726057,901,875,-23.7051820959424,12.6439144198316,11.456929362041,-24.1008437818726
2.50187265917603,903,875,-33.480353161436,7.75632888708477,21.2321004275347,-28.9884293146194
2.50401284109149,904,877,-28.5927676286892,0.424950587964545,21.2321004275347,-21.6570510154992
2.50615302300696,904,877,-28.5927676286892,0.424950587964545,21.2321004275347,-21.6570510154992
2.50829320492242,904,872,-53.0306952924233,12.6439144198316,33.4510642594017,-46.0949786792333
2.51043338683788,903,874,-38.3679386941829,10.2001216534582,23.6758931939081,-33.8760148473662
2.51257356875334,902,876,-23.7051820959424,7.75632888708477,13.9007221284144,-21.6570510154992
2.51471375066881,902,872,-43.2555242269297,17.5314999525784,23.6758931939081,-41.2073931464865
2.51685393258427,903,872,-48.1431097596765,15.087707186205,28.5634787266549,-43.6511859128599
2.51899411449973,903,878,-18.8175965631956,0.424950587964545,13.9007221284144,-14.325672716379
2.5211342964152,903,875,-33.480353161436,7.75632888708477,21.2321004275347,-28.9884293146194
2.52327447833066,902,873,-38.3679386941829,15.087707186205,21.2321004275347,-36.3198076137397
2.52541466024612,904,873,-48.1431097596765,10.2001216534582,31.0072714930283,-41.2073931464865
2.52755484216158,903,880,-9.04242549770196,-4.46263494478227,9.0131365956676,-4.55050165088533
2.52969502407705,905,874,-48.1431097596765,5.31253612071136,33.4510642594017,-38.7636003801131
2.53183520599251,901,873,-33.480353161436,17.5314999525784,16.3445148947878,-33.8760148473662
2.53397538790797,904,877,-28.5927676286892,0.424950587964545,21.2321004275347,-21.6570510154992
2.53611556982343,904,882,-4.15483996495514,-11.7940132439025,9.0131365956676,2.7808766482349
2.5382557517389,903,876,-28.5927676286892,5.31253612071136,18.7883076611612,-24.1008437818726
2.54039593365436,906,878,-33.480353161436,-6.90642771115568,28.5634787266549,-21.6570510154992
2.54253611556982,905,881,-13.9300110304488,-11.7940132439025,16.3445148947878,-4.55050165088533
2.54467629748529,904,878,-23.7051820959424,-2.01884217840886,18.7883076611612,-16.7694654827524
2.54681647940075,904,878,-23.7051820959424,-2.01884217840886,18.7883076611612,-16.7694654827524
2.54895666131621,903,879,-13.9300110304488,-2.01884217840886,11.456929362041,-9.43808718363215
2.55109684323167,903,880,-9.04242549770196,-4.46263494478227,9.0131365956676,-4.55050165088533
2.55323702514714,904,877,-28.5927676286892,0.424950587964545,21.2321004275347,-21.6570510154992
2.5553772070626,904,878,-23.7051820959424,-2.01884217840886,18.7883076611612,-16.7694654827524
2.55751738897806,904,878,-23.7051820959424,-2.01884217840886,18.7883076611612,-16.7694654827524
2.55965757089353,904,877,-28.5927676286892,0.424950587964545,21.2321004275347,-21.6570510154992
2.56179775280899,903,876,-28.5927676286892,5.31253612071136,18.7883076611612,-24.1008437818726
2.56393793472445,903,878,-18.8175965631956,0.424950587964545,13.9007221284144,-14.325672716379
2.56607811663991,902,876,-23.7051820959424,7.75632888708477,13.9007221284144,-21.6570510154992
2.56821829855538,902,870,-53.0306952924233,22.4190854853252,28.5634787266549,-50.9825642119801
2.57035848047084,901,871,-43.2555242269297,22.4190854853252,21.2321004275347,-43.6511859128599
2.5724986623863,901,875,-23.7051820959424,12.6439144198316,11.456929362041,-24.1008437818726
2.57463884430177,901,869,-53.0306952924233,27.306671018072,26.1196859602815,-53.4263569783535
2.57677902621723,901,869,-53.0306952924233,27.306671018072,26.1196859602815,-53.4263569783535
2.57891920813269,903,872,-48.1431097596765,15.087707186205,28.5634787266549,-43.6511859128599
2.58105939004815,902,874,-33.480353161436,12.6439144198316,18.7883076611612,-31.4322220809928
2.58319957196362,900,867,-57.9182808251701,34.6380493171923,26.1196859602815,-60.7577352774737
2.58533975387908,902,869,-57.9182808251701,24.8628782516986,31.0072714930283,-55.8701497447269
2.58747993579454,901,871,-43.2555242269297,22.4190854853252,21.2321004275347,-43.6511859128599
2.58962011771001,901,870,-48.1431097596765,24.8628782516986,23.6758931939081,-48.5387714456067
2.59176029962547,901,867,-62.805866357917,32.1942565508189,31.0072714930283,-63.2015280438472
2.59390048154093,902,872,-43.2555242269297,17.5314999525784,23.6758931939081,-41.2073931464865
2.59604066345639,902,873,-38.3679386941829,15.087707186205,21.2321004275347,-36.3198076137397
2.59818084537186,902,872,-43.2555242269297,17.5314999525784,23.6758931939081,-41.2073931464865
2.60032102728732,902,874,-33.480353161436,12.6439144198316,18.7883076611612,-31.4322220809928
2.60246120920278,903,874,-38.3679386941829,10.2001216534582,23.6758931939081,-33.8760148473662
2.60460139111825,900,868,-53.0306952924233,32.1942565508189,23.6758931939081,-55.8701497447269
2.60674157303371,901,870,-48.1431097596765,24.8628782516986,23.6758931939081,-48.5387714456067
2.60888175494917,903,873,-43.2555242269297,12.6439144198316,26.1196859602815,-38.7636003801131
2.61102193686463,902,873,-38.3679386941829,15.087707186205,21.2321004275347,-36.3198076137397
2.6131621187801,901,871,-43.2555242269297,22.4190854853252,21.2321004275347,-43.6511859128599
2.61530230069556,904,874,-43.2555242269297,7.75632888708477,28.5634787266549,-36.3198076137397
2.61744248261102,903,873,-43.2555242269297,12.6439144198316,26.1196859602815,-38.7636003801131
2.61958266452648,902,871,-48.1431097596765,19.9752927189518,26.1196859602815,-46.0949786792333
2.62172284644195,902,870,-53.0306952924233,22.4190854853252,28.5634787266549,-50.9825642119801
2.62386302835741,903,879,-13.9300110304488,-2.01884217840886,11.456929362041,-9.43808718363215
2.62600321027287,904,876,-33.480353161436,2.86874335433795,23.6758931939081,-26.544636548246
2.62814339218834,901,875,-23.7051820959424,12.6439144198316,11.456929362041,-24.1008437818726
2.6302835741038,904,878,-23.7051820959424,-2.01884217840886,18.7883076611612,-16.7694654827524
2.63242375601926,905,880,-18.8175965631956,-9.35022047752909,18.7883076611612,-9.43808718363215
2.63456393793472,901,876,-18.8175965631956,10.2001216534582,9.0131365956676,-19.2132582491258
2.63670411985019,904,874,-43.2555242269297,7.75632888708477,28.5634787266549,-36.3198076137397
2.63884430176565,903,875,-33.480353161436,7.75632888708477,21.2321004275347,-28.9884293146194
2.64098448368111,903,874,-38.3679386941829,10.2001216534582,23.6758931939081,-33.8760148473662
2.64312466559658,902,875,-28.5927676286892,10.2001216534582,16.3445148947878,-26.544636548246
2.64526484751204,904,879,-18.8175965631956,-4.46263494478227,16.3445148947878,-11.8818799500056
2.6474050294275,903,880,-9.04242549770196,-4.46263494478227,9.0131365956676,-4.55050165088533
2.64954521134296,903,877,-23.7051820959424,2.86874335433795,16.3445148947878,-19.2132582491258
2.65168539325843,905,880,-18.8175965631956,-9.35022047752909,18.7883076611612,-9.43808718363215
2.65382557517389,903,880,-9.04242549770196,-4.46263494478227,9.0131365956676,-4.55050165088533
2.65596575708935,903,881,-4.15483996495514,-6.90642771115568,6.56934382929419,0.337083881861489
2.65810593900482,902,876,-23.7051820959424,7.75632888708477,13.9007221284144,-21.6570510154992
2.66024612092028,905,878,-28.5927676286892,-4.46263494478227,23.6758931939081,-19.2132582491258
2.66238630283574,902,881,0.732745567791682,-4.46263494478227,1.68175829654738,2.7808766482349
2.6645264847512,902,877,-18.8175965631956,5.31253612071136,11.456929362041,-16.7694654827524
2.66666666666667,902,879,-9.04242549770196,0.424950587964545,6.56934382929419,-6.99429441725874
2.66880684858213,905,880,-18.8175965631956,-9.35022047752909,18.7883076611612,-9.43808718363215
2.67094703049759,905,876,-38.3679386941829,0.424950587964545,28.5634787266549,-28.9884293146194
2.67308721241305,902,875,-28.5927676286892,10.2001216534582,16.3445148947878,-26.544636548246
2.67522739432852,902,880,-4.15483996495514,-2.01884217840886,4.12555106292078,-2.10670888451192
2.67736757624398,905,878,-28.5927676286892,-4.46263494478227,23.6758931939081,-19.2132582491258
2.67950775815944,903,873,-43.2555242269297,12.6439144198316,26.1196859602815,-38.7636003801131
2.68164794007491,902,875,-28.5927676286892,10.2001216534582,16.3445148947878,-26.544636548246
2.68378812199037,904,881,-9.04242549770196,-9.35022047752909,11.456929362041,-2.10670888451192
2.68592830390583,904,874,-43.2555242269297,7.75632888708477,28.5634787266549,-36.3198076137397
2.68806848582129,902,874,-33.480353161436,12.6439144198316,18.7883076611612,-31.4322220809928
2.69020866773676,905,876,-38.3679386941829,0.424950587964545,28.5634787266549,-28.9884293146194
2.69234884965222,902,879,-9.04242549770196,0.424950587964545,6.56934382929419,-6.99429441725874
2.69448903156768,902,874,-33.480353161436,12.6439144198316,18.7883076611612,-31.4322220809928
2.69662921348315,904,876,-33.480353161436,2.86874335433795,23.6758931939081,-26.544636548246
2.69876939539861,903,878,-18.8175965631956,0.424950587964545,13.9007221284144,-14.325672716379
2.70090957731407,904,875,-38.3679386941829,5.31253612071136,26.1196859602815,-31.4322220809928
2.70304975922953,903,874,-38.3679386941829,10.2001216534582,23.6758931939081,-33.8760148473662
2.705189941145,906,876,-43.2555242269297,-2.01884217840886,33.4510642594017,-31.4322220809928
2.70733012306046,903,877,-23.7051820959424,2.86874335433795,16.3445148947878,-19.2132582491258
2.70947030497592,901,873,-33.480353161436,17.5314999525784,16.3445148947878,-33.8760148473662
2.71161048689139,903,876,-28.5927676286892,5.31253612071136,18.7883076611612,-24.1008437818726
2.71375066880685,902,875,-28.5927676286892,10.2001216534582,16.3445148947878,-26.544636548246
2.71589085072231,902,874,-33.480353161436,12.6439144198316,18.7883076611612,-31.4322220809928
2.71803103263777,902,875,-28.5927676286892,10.2001216534582,16.3445148947878,-26.544636548246
2.72017121455324,904,881,-9.04242549770196,-9.35022047752909,11.456929362041,-2.10670888451192
2.7223113964687,904,878,-23.7051820959424,-2.01884217840886,18.7883076611612,-16.7694654827524
2.72445157838416,902,875,-28.5927676286892,10.2001216534582,16.3445148947878,-26.544636548246
2.72659176029963,903,876,-28.5927676286892,5.31253612071136,18.7883076611612,-24.1008437818726
2.72873194221509,904,878,-23.7051820959424,-2.01884217840886,18.7883076611612,-16.7694654827524
2.73087212413055,902,874,-33.480353161436,12.6439144198316,18.7883076611612,-31.4322220809928
2.73301230604601,903,874,-38.3679386941829,10.2001216534582,23.6758931939081,-33.8760148473662
2.73515248796148,903,876,-28.5927676286892,5.31253612071136,18.7883076611612,-24.1008437818726
2.73729266987694,903,879,-13.9300110304488,-2.01884217840886,11.456929362041,-9.43808718363215
2.7394328517924,905,875,-43.2555242269297,2.86874335433795,31.0072714930283,-33.8760148473662
2.74157303370787,904,877,-28.5927676286892,0.424950587964545,21.2321004275347,-21.6570510154992
2.74371321562333,903,877,-23.7051820959424,2.86874335433795,16.3445148947878,-19.2132582491258
2.74585339753879,902,878,-13.9300110304488,2.86874335433795,9.0131365956676,-11.8818799500056
2.74799357945425,903,872,-48.1431097596765,15.087707186205,28.5634787266549,-43.6511859128599
2.75013376136972,905,877,-33.480353161436,-2.01884217840886,26.1196859602815,-24.1008437818726
2.75227394328518,903,877,-23.7051820959424,2.86874335433795,16.3445148947878,-19.2132582491258
2.75441412520064,902,875,-28.5927676286892,10.2001216534582,16.3445148947878,-26.544636548246
2.7565543071161,903,874,-38.3679386941829,10.2001216534582,23.6758931939081,-33.8760148473662
2.75869448903157,903,874,-38.3679386941829,10.2001216534582,23.6758931939081,-33.8760148473662
2.76083467094703,902,870,-53.0306952924233,22.4190854853252,28.5634787266549,-50.9825642119801
2.76297485286249,902,868,-62.805866357917,27.306671018072,33.4510642594017,-60.7577352774737
2.76511503477796,900,867,-57.9182808251701,34.6380493171923,26.1196859602815,-60.7577352774737
2.76725521669342,902,867,-67.6934518906638,29.7504637844455,35.8948570257751,-65.6453208102206
2.76939539860888,902,867,-67.6934518906638,29.7504637844455,35.8948570257751,-65.6453208102206
2.77153558052434,902,870,-53.0306952924233,22.4190854853252,28.5634787266549,-50.9825642119801
2.77367576243981,902,870,-53.0306952924233,22.4190854853252,28.5634787266549,-50.9825642119801
2.77581594435527,899,869,-43.2555242269297,32.1942565508189,16.3445148947878,-48.5387714456067
2.77795612627073,901,868,-57.9182808251701,29.7504637844455,28.5634787266549,-58.3139425111003
2.7800963081862,904,873,-48.1431097596765,10.2001216534582,31.0072714930283,-41.2073931464865
2.78223649010166,902,870,-53.0306952924233,22.4190854853252,28.5634787266549,-50.9825642119801
2.78437667201712,901,868,-57.9182808251701,29.7504637844455,28.5634787266549,-58.3139425111003
2.78651685393258,902,871,-48.1431097596765,19.9752927189518,26.1196859602815,-46.0949786792333
2.78865703584805,903,874,-38.3679386941829,10.2001216534582,23.6758931939081,-33.8760148473662
2.79079721776351,902,869,-57.9182808251701,24.8628782516986,31.0072714930283,-55.8701497447269
2.79293739967897,901,870,-48.1431097596765,24.8628782516986,23.6758931939081,-48.5387714456067
2.79507758159444,901,873,-33.480353161436,17.5314999525784,16.3445148947878,-33.8760148473662
2.7972177635099,902,871,-48.1431097596765,19.9752927189518,26.1196859602815,-46.0949786792333
2.79935794542536,901,869,-53.0306952924233,27.306671018072,26.1196859602815,-53.4263569783535
2.80149812734082,900,868,-53.0306952924233,32.1942565508189,23.6758931939081,-55.8701497447269
2.80363830925629,902,869,-57.9182808251701,24.8628782516986,31.0072714930283,-55.8701497447269
2.80577849117175,899,868,-48.1431097596765,34.6380493171923,18.7883076611612,-53.4263569783535
2.80791867308721,902,871,-48.1431097596765,19.9752927189518,26.1196859602815,-46.0949786792333
2.81005885500268,902,871,-48.1431097596765,19.9752927189518,26.1196859602815,-46.0949786792333
2.81219903691814,901,870,-48.1431097596765,24.8628782516986,23.6758931939081,-48.5387714456067
2.8143392188336,899,868,-48.1431097596765,34.6380493171923,18.7883076611612,-53.4263569783535
2.81647940074906,904,869,-67.6934518906638,19.9752927189518,40.7824425585219,-60.7577352774737
2.81861958266453,902,870,-53.0306952924233,22.4190854853252,28.5634787266549,-50.9825642119801
2.82075976457999,900,866,-62.805866357917,37.0818420835657,28.5634787266549,-65.6453208102206
2.82289994649545,901,867,-62.805866357917,32.1942565508189,31.0072714930283,-63.2015280438472
2.82504012841091,903,874,-38.3679386941829,10.2001216534582,23.6758931939081,-33.8760148473662
2.82718031032638,899,869,-43.2555242269297,32.1942565508189,16.3445148947878,-48.5387714456067
2.82932049224184,899,868,-48.1431097596765,34.6380493171923,18.7883076611612,-53.4263569783535
2.8314606741573,903,872,-48.1431097596765,15.087707186205,28.5634787266549,-43.6511859128599
2.83360085607277,904,873,-48.1431097596765,10.2001216534582,31.0072714930283,-41.2073931464865
2.83574103798823,900,868,-53.0306952924233,32.1942565508189,23.6758931939081,-55.8701497447269
2.83788121990369,902,869,-57.9182808251701,24.8628782516986,31.0072714930283,-55.8701497447269
2.84002140181915,902,872,-43.2555242269297,17.5314999525784,23.6758931939081,-41.2073931464865
2.84216158373462,902,873,-38.3679386941829,15.087707186205,21.2321004275347,-36.3198076137397
2.84430176565008,902,870,-53.0306952924233,22.4190854853252,28.5634787266549,-50.9825642119801
2.84644194756554,901,874,-28.5927676286892,15.087707186205,13.9007221284144,-28.9884293146194
2.84858212948101,901,872,-38.3679386941829,19.9752927189518,18.7883076611612,-38.7636003801131
2.85072231139647,901,872,-38.3679386941829,19.9752927189518,18.7883076611612,-38.7636003801131
2.85286249331193,900,868,-53.0306952924233,32.1942565508189,23.6758931939081,-55.8701497447269
2.85500267522739,902,872,-43.2555242269297,17.5314999525784,23.6758931939081,-41.2073931464865
2.85714285714286,901,871,-43.2555242269297,22.4190854853252,21.2321004275347,-43.6511859128599
2.85928303905832,904,871,-57.9182808251701,15.087707186205,35.8948570257751,-50.9825642119801
2.86142322097378,903,876,-28.5927676286892,5.31253612071136,18.7883076611612,-24.1008437818726
2.86356340288925,902,876,-23.7051820959424,7.75632888708477,13.9007221284144,-21.6570510154992
2.86570358480471,901,871,-43.2555242269297,22.4190854853252,21.2321004275347,-43.6511859128599
2.86784376672017,904,875,-38.3679386941829,5.31253612071136,26.1196859602815,-31.4322220809928
2.86998394863563,904,872,-53.0306952924233,12.6439144198316,33.4510642594017,-46.0949786792333
2.8721241305511,900,870,-43.2555242269297,27.306671018072,18.7883076611612,-46.0949786792333
2.87426431246656,900,871,-38.3679386941829,24.8628782516986,16.3445148947878,-41.2073931464865
2.87640449438202,901,877,-13.9300110304488,7.75632888708477,6.56934382929419,-14.325672716379
2.87854467629749,903,879,-13.9300110304488,-2.01884217840886,11.456929362041,-9.43808718363215
2.88068485821295,901,873,-33.480353161436,17.5314999525784,16.3445148947878,-33.8760148473662
2.88282504012841,902,875,-28.5927676286892,10.2001216534582,16.3445148947878,-26.544636548246
2.88496522204387,902,874,-33.480353161436,12.6439144198316,18.7883076611612,-31.4322220809928
2.88710540395934,901,871,-43.2555242269297,22.4190854853252,21.2321004275347,-43.6511859128599
2.8892455858748,901,869,-53.0306952924233,27.306671018072,26.1196859602815,-53.4263569783535
2.89138576779026,903,874,-38.3679386941829,10.2001216534582,23.6758931939081,-33.8760148473662
2.89352594970573,903,875,-33.480353161436,7.75632888708477,21.2321004275347,-28.9884293146194
2.89566613162119,902,874,-33.480353161436,12.6439144198316,18.7883076611612,-31.4322220809928
2.89780631353665,903,875,-33.480353161436,7.75632888708477,21.2321004275347,-28.9884293146194
2.89994649545211,904,876,-33.480353161436,2.86874335433795,23.6758931939081,-26.544636548246
2.90208667736758,901,872,-38.3679386941829,19.9752927189518,18.7883076611612,-38.7636003801131
2.90422685928304,901,869,-53.0306952924233,27.306671018072,26.1196859602815,-53.4263569783535
2.9063670411985,901,872,-38.3679386941829,19.9752927189518,18.7883076611612,-38.7636003801131
2.90850722311396,901,871,-43.2555242269297,22.4190854853252,21.2321004275347,-43.6511859128599
2.91064740502943,901,870,-48.1431097596765,24.8628782516986,23.6758931939081,-48.5387714456067
2.91278758694489,902,876,-23.7051820959424,7.75632888708477,13.9007221284144,-21.6570510154992
2.91492776886035,902,874,-33.480353161436,12.6439144198316,18.7883076611612,-31.4322220809928
2.91706795077582,901,870,-48.1431097596765,24.8628782516986,23.6758931939081,-48.5387714456067
2.91920813269128,902,871,-48.1431097596765,19.9752927189518,26.1196859602815,-46.0949786792333
2.92134831460674,902,877,-18.8175965631956,5.31253612071136,11.456929362041,-16.7694654827524
2.9234884965222,902,871,-48.1431097596765,19.9752927189518,26.1196859602815,-46.0949786792333
2.92562867843767,901,871,-43.2555242269297,22.4190854853252,21.2321004275347,-43.6511859128599
2.92776886035313,903,873,-43.2555242269297,12.6439144198316,26.1196859602815,-38.7636003801131
2.92990904226859,902,875,-28.5927676286892,10.2001216534582,16.3445148947878,-26.544636548246
2.93204922418406,902,870,-53.0306952924233,22.4190854853252,28.5634787266549,-50.9825642119801
2.93418940609952,902,869,-57.9182808251701,24.8628782516986,31.0072714930283,-55.8701497447269
2.93632958801498,906,875,-48.1431097596765,0.424950587964545,35.8948570257751,-36.3198076137397
2.93846976993044,905,873,-53.0306952924233,7.75632888708477,35.8948570257751,-43.6511859128599
2.94060995184591,904,871,-57.9182808251701,15.087707186205,35.8948570257751,-50.9825642119801
2.94275013376137,904,874,-43.2555242269297,7.75632888708477,28.5634787266549,-36.3198076137397
2.94489031567683,906,876,-43.2555242269297,-2.01884217840886,33.4510642594017,-31.4322220809928
2.9470304975923,902,873,-38.3679386941829,15.087707186205,21.2321004275347,-36.3198076137397
2.94917067950776,902,872,-43.2555242269297,17.5314999525784,23.6758931939081,-41.2073931464865
2.95131086142322,904,878,-23.7051820959424,-2.01884217840886,18.7883076611612,-16.7694654827524
2.95345104333868,900,875,-18.8175965631956,15.087707186205,6.56934382929419,-21.6570510154992
2.95559122525415,900,873,-28.5927676286892,19.9752927189518,11.456929362041,-31.4322220809928
2.95773140716961,900,874,-23.7051820959424,17.5314999525784,9.0131365956676,-26.544636548246
2.95987158908507,901,873,-33.480353161436,17.5314999525784,16.3445148947878,-33.8760148473662
2.96201177100053,899,868,-48.1431097596765,34.6380493171923,18.7883076611612,-53.4263569783535
2.964151952916,899,872,-28.5927676286892,24.8628782516986,9.0131365956676,-33.8760148473662
2.96629213483146,902,876,-23.7051820959424,7.75632888708477,13.9007221284144,-21.6570510154992
2.96843231674692,902,873,-38.3679386941829,15.087707186205,21.2321004275347,-36.3198076137397
2.97057249866239,903,870,-57.9182808251701,19.9752927189518,33.4510642594017,-53.4263569783535
2.97271268057785,902,875,-28.5927676286892,10.2001216534582,16.3445148947878,-26.544636548246
2.97485286249331,902,873,-38.3679386941829,15.087707186205,21.2321004275347,-36.3198076137397
2.97699304440877,901,869,-53.0306952924233,27.306671018072,26.1196859602815,-53.4263569783535
2.97913322632424,902,873,-38.3679386941829,15.087707186205,21.2321004275347,-36.3198076137397
2.9812734082397,902,873,-38.3679386941829,15.087707186205,21.2321004275347,-36.3198076137397
2.98341359015516,900,873,-28.5927676286892,19.9752927189518,11.456929362041,-31.4322220809928
2.98555377207063,901,872,-38.3679386941829,19.9752927189518,18.7883076611612,-38.7636003801131
2.98769395398609,902,874,-33.480353161436,12.6439144198316,18.7883076611612,-31.4322220809928
2.98983413590155,901,875,-23.7051820959424,12.6439144198316,11.456929362041,-24.1008437818726
2.99197431781701,901,871,-43.2555242269297,22.4190854853252,21.2321004275347,-43.6511859128599
2.99411449973248,901,871,-43.2555242269297,22.4190854853252,21.2321004275347,-43.6511859128599
2.99625468164794,904,874,-43.2555242269297,7.75632888708477,28.5634787266549,-36.3198076137397
2.9983948635634,901,871,-43.2555242269297,22.4190854853252,21.2321004275347,-43.6511859128599
3.00053504547887,902,870,-53.0306952924233,22.4190854853252,28.5634787266549,-50.9825642119801
3.00267522739433,905,874,-48.1431097596765,5.31253612071136,33.4510642594017,-38.7636003801131
3.00481540930979,902,876,-23.7051820959424,7.75632888708477,13.9007221284144,-21.6570510154992
3.00695559122525,901,873,-33.480353161436,17.5314999525784,16.3445148947878,-33.8760148473662
3.00909577314072,902,873,-38.3679386941829,15.087707186205,21.2321004275347,-36.3198076137397
3.01123595505618,902,873,-38.3679386941829,15.087707186205,21.2321004275347,-36.3198076137397
3.01337613697164,901,871,-43.2555242269297,22.4190854853252,21.2321004275347,-43.6511859128599
3.01551631888711,902,870,-53.0306952924233,22.4190854853252,28.5634787266549,-50.9825642119801
3.01765650080257,903,876,-28.5927676286892,5.31253612071136,18.7883076611612,-24.1008437818726
3.01979668271803,903,876,-28.5927676286892,5.31253612071136,18.7883076611612,-24.1008437818726
3.02193686463349,903,873,-43.2555242269297,12.6439144198316,26.1196859602815,-38.7636003801131
3.02407704654896,904,875,-38.3679386941829,5.31253612071136,26.1196859602815,-31.4322220809928
3.02621722846442,905,877,-33.480353161436,-2.01884217840886,26.1196859602815,-24.1008437818726
3.02835741037988,900,872,-33.480353161436,22.4190854853252,13.9007221284144,-36.3198076137397
3.03049759229535,900,870,-43.2555242269297,27.306671018072,18.7883076611612,-46.0949786792333
3.03263777421081,901,873,-33.480353161436,17.5314999525784,16.3445148947878,-33.8760148473662
3.03477795612627,902,877,-18.8175965631956,5.31253612071136,11.456929362041,-16.7694654827524
3.03691813804173,899,871,-33.480353161436,27.306671018072,11.456929362041,-38.7636003801131
3.0390583199572,903,878,-18.8175965631956,0.424950587964545,13.9007221284144,-14.325672716379
3.04119850187266,904,877,-28.5927676286892,0.424950587964545,21.2321004275347,-21.6570510154992
3.04333868378812,903,877,-23.7051820959424,2.86874335433795,16.3445148947878,-19.2132582491258
3.04547886570358,901,870,-48.1431097596765,24.8628782516986,23.6758931939081,-48.5387714456067
3.04761904761905,903,875,-33.480353161436,7.75632888708477,21.2321004275347,-28.9884293146194
3.04975922953451,902,874,-33.480353161436,12.6439144198316,18.7883076611612,-31.4322220809928
3.05189941144997,902,871,-48.1431097596765,19.9752927189518,26.1196859602815,-46.0949786792333
3.05403959336544,901,876,-18.8175965631956,10.2001216534582,9.0131365956676,-19.2132582491258
3.0561797752809,902,875,-28.5927676286892,10.2001216534582,16.3445148947878,-26.544636548246
3.05831995719636,902,872,-43.2555242269297,17.5314999525784,23.6758931939081,-41.2073931464865
3.06046013911182,904,872,-53.0306952924233,12.6439144198316,33.4510642594017,-46.0949786792333
3.06260032102729,905,875,-43.2555242269297,2.86874335433795,31.0072714930283,-33.8760148473662
3.06474050294275,903,875,-33.480353161436,7.75632888708477,21.2321004275347,-28.9884293146194
3.06688068485821,902,871,-48.1431097596765,19.9752927189518,26.1196859602815,-46.0949786792333
3.06902086677368,902,874,-33.480353161436,12.6439144198316,18.7883076611612,-31.4322220809928
3.07116104868914,901,877,-13.9300110304488,7.75632888708477,6.56934382929419,-14.325672716379
3.0733012306046,902,872,-43.2555242269297,17.5314999525784,23.6758931939081,-41.2073931464865
3.07544141252006,902,872,-43.2555242269297,17.5314999525784,23.6758931939081,-41.2073931464865
3.07758159443553,903,876,-28.5927676286892,5.31253612071136,18.7883076611612,-24.1008437818726
3.07972177635099,903,876,-28.5927676286892,5.31253612071136,18.7883076611612,-24.1008437818726
3.08186195826645,902,873,-38.3679386941829,15.087707186205,21.2321004275347,-36.3198076137397
3.08400214018192,901,875,-23.7051820959424,12.6439144198316,11.456929362041,-24.1008437818726
3.08614232209738,903,876,-28.5927676286892,5.31253612071136,18.7883076611612,-24.1008437818726
3.08828250401284,901,875,-23.7051820959424,12.6439144198316,11.456929362041,-24.1008437818726
3.0904226859283,903,872,-48.1431097596765,15.087707186205,28.5634787266549,-43.6511859128599
3.09256286784377,904,877,-28.5927676286892,0.424950587964545,21.2321004275347,-21.6570510154992
3.09470304975923,904,874,-43.2555242269297,7.75632888708477,28.5634787266549,-36.3198076137397
3.09684323167469,903,874,-38.3679386941829,10.2001216534582,23.6758931939081,-33.8760148473662
3.09898341359016,904,874,-43.2555242269297,7.75632888708477,28.5634787266549,-36.3198076137397
3.10112359550562,902,873,-38.3679386941829,15.087707186205,21.2321004275347,-36.3198076137397
3.10326377742108,903,870,-57.9182808251701,19.9752927189518,33.4510642594017,-53.4263569783535
3.10540395933654,903,871,-53.0306952924233,17.5314999525784,31.0072714930283,-48.5387714456067
3.10754414125201,902,874,-33.480353161436,12.6439144198316,18.7883076611612,-31.4322220809928
3.10968432316747,901,871,-43.2555242269297,22.4190854853252,21.2321004275347,-43.6511859128599
3.11182450508293,903,872,-48.1431097596765,15.087707186205,28.5634787266549,-43.6511859128599
3.11396468699839,903,876,-28.5927676286892,5.31253612071136,18.7883076611612,-24.1008437818726
3.11610486891386,901,871,-43.2555242269297,22.4190854853252,21.2321004275347,-43.6511859128599
3.11824505082932,901,868,-57.9182808251701,29.7504637844455,28.5634787266549,-58.3139425111003
3.12038523274478,901,868,-57.9182808251701,29.7504637844455,28.5634787266549,-58.3139425111003
3.12252541466025,901,868,-57.9182808251701,29.7504637844455,28.5634787266549,-58.3139425111003
3.12466559657571,899,869,-43.2555242269297,32.1942565508189,16.3445148947878,-48.5387714456067
3.12680577849117,899,867,-53.0306952924233,37.0818420835657,21.2321004275347,-58.3139425111003
3.12894596040663,902,868,-62.805866357917,27.306671018072,33.4510642594017,-60.7577352774737
3.1310861423221,902,869,-57.9182808251701,24.8628782516986,31.0072714930283,-55.8701497447269
3.13322632423756,900,867,-57.9182808251701,34.6380493171923,26.1196859602815,-60.7577352774737
3.13536650615302,899,866,-57.9182808251701,39.5256348499391,23.6758931939081,-63.2015280438472
3.13750668806849,899,864,-67.6934518906638,44.4132203826859,28.5634787266549,-72.9766991093408
3.13964686998395,897,863,-62.805866357917,51.7445986818061,21.2321004275346,-72.9766991093408
3.14178705189941,898,865,-57.9182808251702,44.4132203826859,21.2321004275347,-65.6453208102206
3.14392723381487,901,869,-53.0306952924233,27.306671018072,26.1196859602815,-53.4263569783535
3.14606741573034,903,870,-57.9182808251701,19.9752927189518,33.4510642594017,-53.4263569783535
3.1482075976458,902,867,-67.6934518906638,29.7504637844455,35.8948570257751,-65.6453208102206
3.15034777956126,903,870,-57.9182808251701,19.9752927189518,33.4510642594017,-53.4263569783535
3.15248796147673,904,871,-57.9182808251701,15.087707186205,35.8948570257751,-50.9825642119801
3.15462814339219,901,870,-48.1431097596765,24.8628782516986,23.6758931939081,-48.5387714456067
3.15676832530765,902,867,-67.6934518906638,29.7504637844455,35.8948570257751,-65.6453208102206
3.15890850722311,903,872,-48.1431097596765,15.087707186205,28.5634787266549,-43.6511859128599
3.16104868913858,901,873,-33.480353161436,17.5314999525784,16.3445148947878,-33.8760148473662
3.16318887105404,902,870,-53.0306952924233,22.4190854853252,28.5634787266549,-50.9825642119801
3.1653290529695,903,871,-53.0306952924233,17.5314999525784,31.0072714930283,-48.5387714456067
3.16746923488497,904,875,-38.3679386941829,5.31253612071136,26.1196859602815,-31.4322220809928
3.16960941680043,901,870,-48.1431097596765,24.8628782516986,23.6758931939081,-48.5387714456067
3.17174959871589,900,868,-53.0306952924233,32.1942565508189,23.6758931939081,-55.8701497447269
3.17388978063135,900,869,-48.1431097596765,29.7504637844455,21.2321004275347,-50.9825642119801
3.17602996254682,902,872,-43.2555242269297,17.5314999525784,23.6758931939081,-41.2073931464865
3.17817014446228,901,867,-62.805866357917,32.1942565508189,31.0072714930283,-63.2015280438472
3.18031032637774,902,870,-53.0306952924233,22.4190854853252,28.5634787266549,-50.9825642119801
3.18245050829321,902,870,-53.0306952924233,22.4190854853252,28.5634787266549,-50.9825642119801
3.18459069020867,900,868,-53.0306952924233,32.1942565508189,23.6758931939081,-55.8701497447269
3.18673087212413,901,870,-48.1431097596765,24.8628782516986,23.6758931939081,-48.5387714456067
3.18887105403959,902,870,-53.0306952924233,22.4190854853252,28.5634787266549,-50.9825642119801
3.19101123595506,901,867,-62.805866357917,32.1942565508189,31.0072714930283,-63.2015280438472
3.19315141787052,900,868,-53.0306952924233,32.1942565508189,23.6758931939081,-55.8701497447269
3.19529159978598,902,874,-33.480353161436,12.6439144198316,18.7883076611612,-31.4322220809928
3.19743178170144,901,872,-38.3679386941829,19.9752927189518,18.7883076611612,-38.7636003801131
3.19957196361691,900,869,-48.1431097596765,29.7504637844455,21.2321004275347,-50.9825642119801
3.20171214553237,901,870,-48.1431097596765,24.8628782516986,23.6758931939081,-48.5387714456067
3.20385232744783,901,873,-33.480353161436,17.5314999525784,16.3445148947878,-33.8760148473662
3.2059925093633,902,872,-43.2555242269297,17.5314999525784,23.6758931939081,-41.2073931464865
3.20813269127876,899,867,-53.0306952924233,37.0818420835657,21.2321004275347,-58.3139425111003
3.21027287319422,900,869,-48.1431097596765,29.7504637844455,21.2321004275347,-50.9825642119801
3.21241305510968,901,874,-28.5927676286892,15.087707186205,13.9007221284144,-28.9884293146194
3.21455323702515,901,870,-48.1431097596765,24.8628782516986,23.6758931939081,-48.5387714456067
3.21669341894061,903,870,-57.9182808251701,19.9752927189518,33.4510642594017,-53.4263569783535
3.21883360085607,903,877,-23.7051820959424,2.86874335433795,16.3445148947878,-19.2132582491258
3.22097378277154,903,876,-28.5927676286892,5.31253612071136,18.7883076611612,-24.1008437818726
3.223113964687,901,870,-48.1431097596765,24.8628782516986,23.6758931939081,-48.5387714456067
3.22525414660246,903,873,-43.2555242269297,12.6439144198316,26.1196859602815,-38.7636003801131
3.22739432851792,901,874,-28.5927676286892,15.087707186205,13.9007221284144,-28.9884293146194
3.22953451043339,900,869,-48.1431097596765,29.7504637844455,21.2321004275347,-50.9825642119801
3.23167469234885,901,870,-48.1431097596765,24.8628782516986,23.6758931939081,-48.5387714456067
3.23381487426431,902,875,-28.5927676286892,10.2001216534582,16.3445148947878,-26.544636548246
3.23595505617978,902,873,-38.3679386941829,15.087707186205,21.2321004275347,-36.3198076137397
3.23809523809524,903,875,-33.480353161436,7.75632888708477,21.2321004275347,-28.9884293146194
3.2402354200107,901,876,-18.8175965631956,10.2001216534582,9.0131365956676,-19.2132582491258
3.24237560192616,902,876,-23.7051820959424,7.75632888708477,13.9007221284144,-21.6570510154992
3.24451578384163,901,872,-38.3679386941829,19.9752927189518,18.7883076611612,-38.7636003801131
3.24665596575709,902,869,-57.9182808251701,24.8628782516986,31.0072714930283,-55.8701497447269
3.24879614767255,901,874,-28.5927676286892,15.087707186205,13.9007221284144,-28.9884293146194
3.25093632958801,903,870,-57.9182808251701,19.9752927189518,33.4510642594017,-53.4263569783535
3.25307651150348,901,871,-43.2555242269297,22.4190854853252,21.2321004275347,-43.6511859128599
3.25521669341894,901,872,-38.3679386941829,19.9752927189518,18.7883076611612,-38.7636003801131
3.2573568753344,902,873,-38.3679386941829,15.087707186205,21.2321004275347,-36.3198076137397
3.25949705724987,900,867,-57.9182808251701,34.6380493171923,26.1196859602815,-60.7577352774737
3.26163723916533,900,869,-48.1431097596765,29.7504637844455,21.2321004275347,-50.9825642119801
3.26377742108079,902,869,-57.9182808251701,24.8628782516986,31.0072714930283,-55.8701497447269
3.26591760299625,902,869,-57.9182808251701,24.8628782516986,31.0072714930283,-55.8701497447269
3.26805778491172,898,865,-57.9182808251702,44.4132203826859,21.2321004275347,-65.6453208102206
3.27019796682718,901,871,-43.2555242269297,22.4190854853252,21.2321004275347,-43.6511859128599
3.27233814874264,900,872,-33.480353161436,22.4190854853252,13.9007221284144,-36.3198076137397
3.27447833065811,901,870,-48.1431097596765,24.8628782516986,23.6758931939081,-48.5387714456067
3.27661851257357,900,867,-57.9182808251701,34.6380493171923,26.1196859602815,-60.7577352774737
3.27875869448903,901,870,-48.1431097596765,24.8628782516986,23.6758931939081,-48.5387714456067
3.28089887640449,899,867,-53.0306952924233,37.0818420835657,21.2321004275347,-58.3139425111003
3.28303905831996,896,867,-38.3679386941829,44.4132203826859,6.56934382929419,-50.9825642119801
3.28517924023542,900,872,-33.480353161436,22.4190854853252,13.9007221284144,-36.3198076137397
3.28731942215088,899,871,-33.480353161436,27.306671018072,11.456929362041,-38.7636003801131
3.28945960406635,897,868,-38.3679386941829,39.5256348499391,9.0131365956676,-48.5387714456067
3.29159978598181,899,871,-33.480353161436,27.306671018072,11.456929362041,-38.7636003801131
3.29373996789727,896,870,-23.7051820959424,37.0818420835657,-0.762034469826034,-36.3198076137397
3.29588014981273,898,866,-53.0306952924233,41.9694276163125,18.7883076611612,-60.7577352774737
3.2980203317282,895,866,-38.3679386941829,49.3008059154327,4.12555106292078,-53.4263569783535
3.30016051364366,897,872,-18.8175965631956,29.7504637844455,-0.762034469826034,-28.9884293146194
3.30230069555912,899,869,-43.2555242269297,32.1942565508189,16.3445148947878,-48.5387714456067
3.30444087747459,899,867,-53.0306952924233,37.0818420835657,21.2321004275347,-58.3139425111003
3.30658105939005,899,870,-38.3679386941829,29.7504637844455,13.9007221284144,-43.6511859128599
3.30872124130551,899,870,-38.3679386941829,29.7504637844455,13.9007221284144,-43.6511859128599
3.31086142322097,896,868,-33.480353161436,41.9694276163125,4.12555106292078,-46.0949786792333
3.31300160513644,897,866,-48.1431097596765,44.4132203826859,13.9007221284144,-58.3139425111003
3.3151417870519,898,868,-43.2555242269297,37.0818420835657,13.9007221284144,-50.9825642119801
3.31728196896736,898,866,-53.0306952924233,41.9694276163125,18.7883076611612,-60.7577352774737
3.31942215088283,897,865,-53.0306952924233,46.8570131490593,16.3445148947878,-63.2015280438472
3.32156233279829,900,873,-28.5927676286892,19.9752927189518,11.456929362041,-31.4322220809928
3.32370251471375,903,873,-43.2555242269297,12.6439144198316,26.1196859602815,-38.7636003801131
3.32584269662921,903,872,-48.1431097596765,15.087707186205,28.5634787266549,-43.6511859128599
3.32798287854468,905,874,-48.1431097596765,5.31253612071136,33.4510642594017,-38.7636003801131
3.33012306046014,904,875,-38.3679386941829,5.31253612071136,26.1196859602815,-31.4322220809928
3.3322632423756,895,871,-13.9300110304488,37.0818420835657,-8.09341276894626,-28.9884293146194
3.33440342429106,896,865,-48.1431097596765,49.3008059154327,11.456929362041,-60.7577352774738
3.33654360620653,896,870,-23.7051820959424,37.0818420835657,-0.762034469826034,-36.3198076137397
3.33868378812199,899,872,-28.5927676286892,24.8628782516986,9.0131365956676,-33.8760148473662
3.34082397003745,900,869,-48.1431097596765,29.7504637844455,21.2321004275347,-50.9825642119801
3.34296415195292,899,868,-48.1431097596765,34.6380493171923,18.7883076611612,-53.4263569783535
3.34510433386838,902,874,-33.480353161436,12.6439144198316,18.7883076611612,-31.4322220809928
3.34724451578384,901,871,-43.2555242269297,22.4190854853252,21.2321004275347,-43.6511859128599
3.3493846976993,901,870,-48.1431097596765,24.8628782516986,23.6758931939081,-48.5387714456067
3.35152487961477,903,874,-38.3679386941829,10.2001216534582,23.6758931939081,-33.8760148473662
3.35366506153023,903,875,-33.480353161436,7.75632888708477,21.2321004275347,-28.9884293146194
3.35580524344569,902,873,-38.3679386941829,15.087707186205,21.2321004275347,-36.3198076137397
3.35794542536116,903,875,-33.480353161436,7.75632888708477,21.2321004275347,-28.9884293146194
3.36008560727662,905,880,-18.8175965631956,-9.35022047752909,18.7883076611612,-9.43808718363215
3.36222578919208,905,878,-28.5927676286892,-4.46263494478227,23.6758931939081,-19.2132582491258
3.36436597110754,904,878,-23.7051820959424,-2.01884217840886,18.7883076611612,-16.7694654827524
3.36650615302301,906,883,-9.04242549770196,-19.1253915430227,16.3445148947878,2.7808766482349
3.36864633493847,907,884,-9.04242549770196,-24.0129770757695,18.7883076611612,5.22466941460831
3.37078651685393,906,880,-23.7051820959424,-11.7940132439025,23.6758931939081,-11.8818799500056
3.3729266987694,900,881,10.5079166332853,0.424950587964545,-8.09341276894626,7.66846218098172
3.37506688068486,902,886,25.1706732315258,-16.6815987766493,-10.5372055353197,27.218804311969
3.37720706260032,904,885,10.5079166332853,-19.1253915430227,1.68175829654738,17.4436332464754
3.37934724451578,906,884,-4.15483996495514,-21.5691843093961,13.9007221284144,7.66846218098172
3.38148742643125,908,888,5.6203311005385,-36.2319409076366,13.9007221284144,22.3312187792222
3.38362760834671,905,889,25.1706732315258,-31.3443553748898,-3.20582723619944,34.5501826110892
3.38576779026217,905,886,10.5079166332853,-24.0129770757695,4.12555106292078,19.8874260128488
3.38790797217764,906,884,-4.15483996495514,-21.5691843093961,13.9007221284144,7.66846218098172
3.3900481540931,907,887,5.6203311005385,-31.3443553748898,11.456929362041,19.8874260128488
3.39218833600856,907,886,0.732745567791682,-28.9005626085164,13.9007221284144,14.9998404801019
3.39432851792402,908,888,5.6203311005385,-36.2319409076366,13.9007221284144,22.3312187792222
3.39646869983949,906,891,30.0582587642726,-38.67573367401,-3.20582723619944,41.8815609102094
3.39860888175495,906,893,39.8334298297662,-43.5633192067568,-8.09341276894626,51.6567319757031
3.40074906367041,904,887,20.283087698779,-24.0129770757695,-3.20582723619944,27.218804311969
3.40288924558587,905,891,34.9458442970194,-36.2319409076366,-8.09341276894626,44.3253536765829
3.40502942750134,906,893,39.8334298297662,-43.5633192067568,-8.09341276894626,51.6567319757031
3.4071696094168,907,892,30.0582587642726,-43.5633192067568,-0.762034469826034,44.3253536765829
3.40930979133226,906,891,30.0582587642726,-38.67573367401,-3.20582723619944,41.8815609102094
3.41144997324773,906,898,64.2713574935003,-55.7822830386239,-20.3123766008133,76.0946596394372
3.41359015516319,908,896,44.7210153625131,-55.7822830386239,-5.64962000257285,61.4319030411967
3.41573033707865,906,896,54.4961864280067,-50.894697505877,-15.4247910680665,66.3194885739435
3.41787051899411,908,897,49.6086008952599,-58.2260758049973,-8.09341276894626,66.3194885739435
3.42001070090958,909,899,54.4961864280067,-65.5574541041175,-8.09341276894627,73.6508668730638
3.42215088282504,908,896,44.7210153625131,-55.7822830386239,-5.64962000257285,61.4319030411967
3.4242910647405,910,897,39.8334298297662,-63.1136613377441,1.68175829654738,61.4319030411967
3.42643124665597,907,902,78.9341140917408,-68.0012468704909,-25.1999621335601,93.201209004051
3.42857142857143,945,1023,484.603713309728,-456.564296723863,-135.170636620364,591.734933344227
3.43071161048689,953,1023,445.503029047753,-476.114638854851,-96.0699523583895,572.18459121324
3.43285179240235,959,1023,416.177515851272,-490.777395453091,-66.7444391619085,557.521834615
3.43499197431782,967,1020,362.414074991056,-502.996359284959,-20.3123766008129,523.308735885772
3.43713215623328,967,1009,308.650634130841,-476.114638854851,6.56934382929461,469.545295025557
3.43927233814874,966,1005,293.987877532601,-463.895675022984,11.4569293620414,452.438745660943
3.44141252006421,965,997,259.774778803373,-441.901540125623,26.1196859602819,415.781854165342
3.44355270197967,962,991,245.112022205133,-419.907405228263,26.1196859602819,393.787719267981
3.44569288389513,960,984,220.674094541399,-397.913270330902,33.4510642594021,364.4622060715
3.44783306581059,959,982,215.786509008653,-390.581892031781,33.4510642594013,357.13082777238
3.44997324772606,956,978,210.898923475906,-373.475342667168,28.5634787266544,344.911863940513
3.45211342964152,953,970,186.460995812172,-346.59362223706,33.4510642594012,313.142557977659
3.45425361155698,950,961,157.135482615691,-317.268109040579,40.7824425585215,276.485666482058
3.45639379347245,946,961,176.685824746678,-307.492937975086,21.2321004275342,286.260837547551
3.45853397538791,942,953,157.13548261569,-278.167424778604,21.2321004275346,256.935324351069
3.46067415730337,941,948,137.585140484703,-263.504668180364,28.5634787266549,234.941189453709
3.46281433921883,939,949,152.247897082943,-261.06087541399,16.3445148947878,244.716360519202
3.4649545211343,936,946,152.247897082943,-246.39811881575,9.01313659566762,237.384982220082
3.46709470304976,932,932,103.372041755475,-202.409849021028,23.6758931939081,178.73395582712
3.46923488496522,925,919,74.046528558994,-153.53399369356,21.2321004275346,132.301893266026
3.47137506688068,920,916,83.8216996244876,-133.983651562573,4.12555106292079,129.858100499652
3.47351524879615,876,804,-248.534116602296,247.248019991679,62.7765774558826,-310.024597447562
3.47565543071161,872,795,-272.97204426603,279.017325954533,65.220370222256,-344.237696176789
3.47779561262707,866,801,-214.321017873068,279.017325954533,21.2321004275346,-300.249426382068
3.47993579454254,864,802,-199.658261274828,281.461118720907,9.01313659566762,-290.474255316574
3.482075976458,865,802,-204.545846807575,279.017325954533,13.9007221284144,-292.918048082948
3.48421615837346,863,802,-194.770675742081,283.90491148728,4.12555106292081,-288.030462550201
3.48635634028892,864,811,-155.669991480107,259.466983823546,-12.9809983016931,-246.485985521853
3.48849652220439,863,805,-180.107919143841,276.57353318816,-3.20582723619944,-273.36770595196
3.49063670411985,860,799,-194.770675742081,298.56766808552,-3.20582723619944,-295.361840849321
3.49277688603531,859,805,-160.557577012853,286.348704253653,-22.7561693671867,-263.592534886467
3.49491706795078,861,808,-155.669991480107,274.129740421786,-20.3123766008133,-253.817363820973
3.49705724986624,858,803,-165.4451625456,293.680082552774,-22.7561693671867,-270.923913185587
3.4991974317817,860,806,-160.557577012853,281.461118720907,-20.3123766008133,-261.148742120093
3.50133761369716,860,812,-131.232063816372,266.798362122666,-34.9751331990538,-231.823228923612
3.50347779561263,861,810,-145.894820414613,269.24215488904,-25.1999621335601,-244.042192755479
3.50561797752809,859,810,-136.119649349119,274.129740421786,-34.9751331990538,-239.154607222733
3.50775815944355,861,817,-111.681721685385,252.135605524426,-42.306511498174,-209.829094026252
3.50989834135902,863,819,-111.681721685385,242.360434458932,-37.4189259654271,-204.941508493505
3.51203852327448,860,814,-121.456892750879,261.910776589919,-39.8627187318006,-222.048057858119
3.51417870518994,861,814,-126.344478283626,259.466983823546,-34.9751331990538,-224.491850624492
3.5163188871054,861,818,-106.794136152638,249.691812758052,-44.7503042645474,-204.941508493505
3.51845906902087,860,817,-106.794136152638,254.579398290799,-47.1940970309208,-207.385301259878
3.52059925093633,860,818,-101.906550619892,252.135605524426,-49.6378897972942,-202.497715727131
3.52273943285179,860,824,-72.5810374234106,237.472848926185,-64.3006463955347,-173.172202530651
3.52487961476726,858,824,-62.805866357917,242.360434458932,-74.0758174610283,-168.284616997904
3.52701979668272,857,821,-72.5810374234106,252.135605524426,-71.6320246946549,-180.503580829771
3.52915997859818,857,819,-82.3562084889043,257.023191057173,-66.7444391619081,-190.278751895264
3.53130016051364,861,824,-77.4686229561574,235.029056159812,-59.4130608627879,-175.615995297024
3.53344034242911,858,820,-82.3562084889043,252.135605524426,-64.3006463955347,-187.834959128891
3.53558052434457,857,822,-67.6934518906638,249.691812758052,-74.0758174610283,-175.615995297024
3.53772070626003,859,827,-53.0306952924233,232.585263393438,-76.5196102274017,-156.065653166037
3.53986088817549,862,828,-62.805866357917,222.810092327945,-64.3006463955347,-158.50944593241
3.54200107009096,854,821,-57.9182808251701,259.466983823546,-86.2947812928954,-173.172202530651
3.54414125200642,864,825,-87.2437940216511,225.253885094318,-47.1940970309208,-178.059788063397
3.54628143392188,875,833,-101.906550619892,178.821822533223,-12.9809983016931,-165.84082423153
3.54842161583735,883,834,-136.119649349119,156.827687635863,23.6758931939081,-180.503580829771
3.55056179775281,886,837,-136.119649349119,142.164931037622,31.0072714930283,-173.172202530651
3.55270197966827,887,845,-101.906550619892,120.170796140262,16.3445148947878,-136.515311035049
3.55484216158373,887,848,-87.2437940216511,112.839417841141,9.0131365956676,-121.852554436809
3.5569823434992,887,846,-97.0189650871447,117.727003373888,13.9007221284144,-131.627725502303
3.55912252541466,889,853,-72.5810374234106,95.7328684765275,6.5693438292942,-102.302212305822
3.56126270733012,891,857,-62.805866357917,81.0701118782871,6.5693438292942,-87.6394557075812
3.56340288924559,893,859,-62.805866357917,71.2949408127934,11.456929362041,-82.7518701748344
3.56554307116105,896,861,-67.6934518906638,59.0759769809264,21.2321004275347,-80.308077408461
3.56768325307651,890,862,-33.480353161436,71.2949408127934,-10.5372055353197,-60.7577352774737
3.56982343499197,895,867,-33.480353161436,46.8570131490593,1.68175829654738,-48.5387714456067
3.57196361690744,896,865,-48.1431097596765,49.3008059154327,11.456929362041,-60.7577352774738
3.5741037988229,901,870,-48.1431097596765,24.8628782516986,23.6758931939081,-48.5387714456067
3.57624398073836,902,873,-38.3679386941829,15.087707186205,21.2321004275347,-36.3198076137397
3.57838416265383,902,871,-48.1431097596765,19.9752927189518,26.1196859602815,-46.0949786792333
3.58052434456929,901,871,-43.2555242269297,22.4190854853252,21.2321004275347,-43.6511859128599
3.58266452648475,903,877,-23.7051820959424,2.86874335433795,16.3445148947878,-19.2132582491258
3.58480470840021,903,877,-23.7051820959424,2.86874335433795,16.3445148947878,-19.2132582491258
3.58694489031568,902,873,-38.3679386941829,15.087707186205,21.2321004275347,-36.3198076137397
3.58908507223114,905,876,-38.3679386941829,0.424950587964545,28.5634787266549,-28.9884293146194
3.5912252541466,902,879,-9.04242549770196,0.424950587964545,6.56934382929419,-6.99429441725874
3.59336543606207,902,876,-23.7051820959424,7.75632888708477,13.9007221284144,-21.6570510154992
3.59550561797753,902,879,-9.04242549770196,0.424950587964545,6.56934382929419,-6.99429441725874
3.59764579989299,902,881,0.732745567791682,-4.46263494478227,1.68175829654738,2.7808766482349
3.59978598180845,902,883,10.5079166332853,-9.35022047752909,-3.20582723619944,12.5560477137285
3.60192616372392,900,878,-4.15483996495514,7.75632888708477,-0.762034469826034,-6.99429441725874
3.60406634563938,902,878,-13.9300110304488,2.86874335433795,9.0131365956676,-11.8818799500056
3.60620652755484,904,880,-13.9300110304488,-6.90642771115568,13.9007221284144,-6.99429441725874
3.6083467094703,902,879,-9.04242549770196,0.424950587964545,6.56934382929419,-6.99429441725874
3.61048689138577,904,879,-18.8175965631956,-4.46263494478227,16.3445148947878,-11.8818799500056
3.61262707330123,904,878,-23.7051820959424,-2.01884217840886,18.7883076611612,-16.7694654827524
3.61476725521669,901,878,-9.04242549770196,5.31253612071136,4.12555106292078,-9.43808718363215
3.61690743713216,900,875,-18.8175965631956,15.087707186205,6.56934382929419,-21.6570510154992
3.61904761904762,901,879,-4.15483996495514,2.86874335433795,1.68175829654738,-4.55050165088533
3.62118780096308,901,876,-18.8175965631956,10.2001216534582,9.0131365956676,-19.2132582491258
3.62332798287854,900,874,-23.7051820959424,17.5314999525784,9.0131365956676,-26.544636548246
3.62546816479401,902,876,-23.7051820959424,7.75632888708477,13.9007221284144,-21.6570510154992
3.62760834670947,905,881,-13.9300110304488,-11.7940132439025,16.3445148947878,-4.55050165088533
3.62974852862493,902,876,-23.7051820959424,7.75632888708477,13.9007221284144,-21.6570510154992
3.6318887105404,902,876,-23.7051820959424,7.75632888708477,13.9007221284144,-21.6570510154992
3.63402889245586,903,880,-9.04242549770196,-4.46263494478227,9.0131365956676,-4.55050165088533
3.63616907437132,905,881,-13.9300110304488,-11.7940132439025,16.3445148947878,-4.55050165088533
3.63830925628678,902,878,-13.9300110304488,2.86874335433795,9.0131365956676,-11.8818799500056
3.64044943820225,903,877,-23.7051820959424,2.86874335433795,16.3445148947878,-19.2132582491258
3.64258962011771,907,882,-18.8175965631956,-19.1253915430227,23.6758931939081,-4.55050165088533
3.64472980203317,906,882,-13.9300110304488,-16.6815987766493,18.7883076611612,-2.10670888451192
3.64686998394864,909,883,-23.7051820959424,-26.456769842143,31.0072714930283,-4.55050165088533
3.6490101658641,909,883,-23.7051820959424,-26.456769842143,31.0072714930283,-4.55050165088533
3.65115034777956,908,886,-4.15483996495514,-31.3443553748898,18.7883076611612,12.5560477137285
3.65329052969502,907,885,-4.15483996495514,-26.456769842143,16.3445148947878,10.1122549473551
3.65543071161049,906,885,0.732745567791682,-24.0129770757695,11.456929362041,12.5560477137285
3.65757089352595,903,886,20.283087698779,-19.1253915430227,-5.64962000257285,24.7750115455956
3.65971107544141,902,882,5.6203311005385,-6.90642771115568,-0.762034469826034,7.66846218098172
3.66185125735688,899,882,20.283087698779,0.424950587964545,-15.4247910680665,14.9998404801019
3.66399143927234,901,888,39.8334298297662,-19.1253915430227,-20.3123766008133,39.437768143836
3.6661316211878,901,885,25.1706732315258,-11.7940132439025,-12.9809983016931,24.7750115455956
3.66827180310326,901,881,5.6203311005385,-2.01884217840886,-3.20582723619944,5.22466941460831
3.67041198501873,901,882,10.5079166332853,-4.46263494478227,-5.64962000257285,10.1122549473551
3.67255216693419,901,885,25.1706732315258,-11.7940132439025,-12.9809983016931,24.7750115455956
3.67469234884965,902,880,-4.15483996495514,-2.01884217840886,4.12555106292078,-2.10670888451192
3.67683253076512,901,880,0.732745567791682,0.424950587964545,-0.762034469826034,0.337083881861489
3.67897271268058,904,883,0.732745567791682,-14.2378060102759,6.56934382929419,7.66846218098172
3.68111289459604,906,883,-9.04242549770196,-19.1253915430227,16.3445148947878,2.7808766482349
3.6832530765115,903,881,-4.15483996495514,-6.90642771115568,6.56934382929419,0.337083881861489
3.68539325842697,903,882,0.732745567791682,-9.35022047752909,4.12555106292078,5.22466941460831
3.68753344034243,904,883,0.732745567791682,-14.2378060102759,6.56934382929419,7.66846218098172
3.68967362225789,904,882,-4.15483996495514,-11.7940132439025,9.0131365956676,2.7808766482349
3.69181380417335,903,878,-18.8175965631956,0.424950587964545,13.9007221284144,-14.325672716379
3.69395398608882,901,885,25.1706732315258,-11.7940132439025,-12.9809983016931,24.7750115455956
3.69609416800428,902,882,5.6203311005385,-6.90642771115568,-0.762034469826034,7.66846218098172
3.69823434991974,902,882,5.6203311005385,-6.90642771115568,-0.762034469826034,7.66846218098172
3.70037453183521,903,883,5.6203311005385,-11.7940132439025,1.68175829654738,10.1122549473551
3.70251471375067,903,885,15.3955021660321,-16.6815987766493,-3.20582723619944,19.8874260128488
3.70465489566613,903,881,-4.15483996495514,-6.90642771115568,6.56934382929419,0.337083881861489
3.70679507758159,904,879,-18.8175965631956,-4.46263494478227,16.3445148947878,-11.8818799500056
3.70893525949706,903,886,20.283087698779,-19.1253915430227,-5.64962000257285,24.7750115455956
3.71107544141252,905,885,5.6203311005385,-21.5691843093961,6.56934382929419,14.9998404801019
3.71321562332798,902,883,10.5079166332853,-9.35022047752909,-3.20582723619944,12.5560477137285
3.71535580524345,903,888,30.0582587642726,-24.0129770757695,-10.5372055353197,34.5501826110892
3.71749598715891,905,890,30.0582587642726,-33.7881481412632,-5.64962000257285,39.437768143836
3.71963616907437,903,886,20.283087698779,-19.1253915430227,-5.64962000257285,24.7750115455956
3.72177635098983,902,884,15.3955021660321,-11.7940132439025,-5.64962000257285,17.4436332464754
3.7239165329053,904,889,30.0582587642726,-28.9005626085164,-8.09341276894626,36.9939753774626
3.72605671482076,904,889,30.0582587642726,-28.9005626085164,-8.09341276894626,36.9939753774626
3.72819689673622,903,884,10.5079166332853,-14.2378060102759,-0.762034469826034,14.9998404801019
3.73033707865169,904,889,30.0582587642726,-28.9005626085164,-8.09341276894626,36.9939753774626
3.73247726056715,906,889,20.283087698779,-33.7881481412632,1.68175829654738,32.1063898447158
3.73461744248261,904,886,15.3955021660321,-21.5691843093961,-0.762034469826034,22.3312187792222
3.73675762439807,905,886,10.5079166332853,-24.0129770757695,4.12555106292078,19.8874260128488
3.73889780631354,906,890,25.1706732315258,-36.2319409076366,-0.762034469826034,36.9939753774626
3.741037988229,907,890,20.283087698779,-38.67573367401,4.12555106292078,34.5501826110892
3.74317817014446,905,885,5.6203311005385,-21.5691843093961,6.56934382929419,14.9998404801019
3.74531835205992,904,888,25.1706732315258,-26.456769842143,-5.64962000257285,32.1063898447158
3.74745853397539,903,890,39.8334298297662,-28.9005626085164,-15.4247910680665,44.3253536765829
3.74959871589085,905,888,20.283087698779,-28.9005626085164,-0.762034469826034,29.6625970783424
3.75173889780631,904,883,0.732745567791682,-14.2378060102759,6.56934382929419,7.66846218098172
3.75387907972178,905,889,25.1706732315258,-31.3443553748898,-3.20582723619944,34.5501826110892
3.75601926163724,905,886,10.5079166332853,-24.0129770757695,4.12555106292078,19.8874260128488
3.7581594435527,905,884,0.732745567791682,-19.1253915430227,9.0131365956676,10.1122549473551
3.76029962546816,903,887,25.1706732315258,-21.5691843093961,-8.09341276894626,29.6625970783424
3.76243980738363,905,888,20.283087698779,-28.9005626085164,-0.762034469826034,29.6625970783424
3.76457998929909,903,884,10.5079166332853,-14.2378060102759,-0.762034469826034,14.9998404801019
3.76672017121455,904,885,10.5079166332853,-19.1253915430227,1.68175829654738,17.4436332464754
3.76886035313002,906,890,25.1706732315258,-36.2319409076366,-0.762034469826034,36.9939753774626
3.77100053504548,907,890,20.283087698779,-38.67573367401,4.12555106292078,34.5501826110892
3.77314071696094,906,889,20.283087698779,-33.7881481412632,1.68175829654738,32.1063898447158
3.7752808988764,905,891,34.9458442970194,-36.2319409076366,-8.09341276894626,44.3253536765829
3.77742108079187,906,891,30.0582587642726,-38.67573367401,-3.20582723619944,41.8815609102094
3.77956126270733,904,889,30.0582587642726,-28.9005626085164,-8.09341276894626,36.9939753774626
3.78170144462279,907,889,15.3955021660321,-36.2319409076366,6.56934382929419,29.6625970783424
3.78384162653826,906,892,34.9458442970194,-41.1195264403834,-5.64962000257285,46.7691464429563
3.78598180845372,906,893,39.8334298297662,-43.5633192067568,-8.09341276894626,51.6567319757031
3.78812199036918,904,891,39.8334298297662,-33.7881481412632,-12.9809983016931,46.7691464429563
3.79026217228464,905,896,59.3837719607535,-48.4509047395036,-20.3123766008133,68.763281340317
3.79240235420011,907,896,49.6086008952599,-53.3384902722505,-10.5372055353197,63.8756958075701
3.79454253611557,908,893,30.0582587642726,-48.4509047395036,1.68175829654738,46.7691464429563
3.79668271803103,906,893,39.8334298297662,-43.5633192067568,-8.09341276894626,51.6567319757031
3.7988228999465,908,895,39.8334298297662,-53.3384902722505,-3.20582723619945,56.5443175084499
3.80096308186196,906,893,39.8334298297662,-43.5633192067568,-8.09341276894626,51.6567319757031
3.80310326377742,906,896,54.4961864280067,-50.894697505877,-15.4247910680665,66.3194885739435
3.80524344569288,907,897,54.4961864280067,-55.7822830386239,-12.9809983016931,68.763281340317
3.80738362760835,908,898,54.4961864280067,-60.6698685713707,-10.5372055353197,71.2070741066904
3.80952380952381,907,894,39.8334298297662,-48.4509047395036,-5.64962000257285,54.1005247420765
3.81166399143927,906,895,49.6086008952599,-48.4509047395036,-12.9809983016931,61.4319030411967
3.81380417335474,907,895,44.7210153625131,-50.8946975058771,-8.09341276894627,58.9881102748233
3.8159443552702,906,893,39.8334298297662,-43.5633192067568,-8.09341276894626,51.6567319757031
3.81808453718566,906,891,30.0582587642726,-38.67573367401,-3.20582723619944,41.8815609102094
3.82022471910112,906,896,54.4961864280067,-50.894697505877,-15.4247910680665,66.3194885739435
3.82236490101659,908,896,44.7210153625131,-55.7822830386239,-5.64962000257285,61.4319030411967
3.82450508293205,908,893,30.0582587642726,-48.4509047395036,1.68175829654738,46.7691464429563
3.82664526484751,906,895,49.6086008952599,-48.4509047395036,-12.9809983016931,61.4319030411967
3.82878544676297,907,897,54.4961864280067,-55.7822830386239,-12.9809983016931,68.763281340317
3.83092562867844,908,895,39.8334298297662,-53.3384902722505,-3.20582723619945,56.5443175084499
3.8330658105939,907,894,39.8334298297662,-48.4509047395036,-5.64962000257285,54.1005247420765
3.83520599250936,907,895,44.7210153625131,-50.8946975058771,-8.09341276894627,58.9881102748233
3.83734617442483,907,897,54.4961864280067,-55.7822830386239,-12.9809983016931,68.763281340317
3.83948635634029,905,898,69.1589430262471,-53.3384902722505,-25.1999621335601,78.5384524058106
3.84162653825575,908,899,59.3837719607535,-63.1136613377441,-12.9809983016931,76.0946596394372
3.84376672017121,907,901,74.046528558994,-65.5574541041175,-22.7561693671867,88.3136234713042
3.84590690208668,907,898,59.3837719607535,-58.2260758049973,-15.4247910680665,73.6508668730638
3.84804708400214,908,898,54.4961864280067,-60.6698685713707,-10.5372055353197,71.2070741066904
3.8501872659176,909,900,59.3837719607535,-68.0012468704909,-10.5372055353197,78.5384524058106
3.85232744783307,907,898,59.3837719607535,-58.2260758049973,-15.4247910680665,73.6508668730638
3.85446762974853,907,896,49.6086008952599,-53.3384902722505,-10.5372055353197,63.8756958075701
3.85660781166399,909,898,49.6086008952599,-63.1136613377441,-5.64962000257285,68.763281340317
3.85874799357945,909,900,59.3837719607535,-68.0012468704909,-10.5372055353197,78.5384524058106
3.86088817549492,908,896,44.7210153625131,-55.7822830386239,-5.64962000257285,61.4319030411967
3.86302835741038,906,895,49.6086008952599,-48.4509047395036,-12.9809983016931,61.4319030411967
3.86516853932584,908,902,74.046528558994,-70.4450396368643,-20.3123766008133,90.7574162376776
3.86730872124131,908,899,59.3837719607535,-63.1136613377441,-12.9809983016931,76.0946596394372
3.86944890315677,905,894,49.6086008952599,-43.5633192067568,-15.4247910680665,58.9881102748233
3.87158908507223,907,895,44.7210153625131,-50.8946975058771,-8.09341276894627,58.9881102748233
3.87372926698769,910,900,54.4961864280067,-70.4450396368643,-5.64962000257285,76.0946596394372
3.87586944890316,907,895,44.7210153625131,-50.8946975058771,-8.09341276894627,58.9881102748233
3.87800963081862,907,896,49.6086008952599,-53.3384902722505,-10.5372055353197,63.8756958075701
3.88014981273408,906,899,69.1589430262472,-58.2260758049973,-22.7561693671867,80.982245172184
3.88228999464955,907,902,78.9341140917408,-68.0012468704909,-25.1999621335601,93.201209004051
3.88443017656501,907,896,49.6086008952599,-53.3384902722505,-10.5372055353197,63.8756958075701
3.88657035848047,905,900,78.9341140917408,-58.2260758049973,-30.0875476663069,88.3136234713042
3.88871054039593,908,900,64.2713574935003,-65.5574541041175,-15.4247910680665,80.982245172184
3.8908507223114,907,899,64.2713574935003,-60.6698685713707,-17.8685838344399,78.5384524058106
3.89299090422686,907,897,54.4961864280067,-55.7822830386239,-12.9809983016931,68.763281340317
3.89513108614232,909,902,69.1589430262471,-72.8888324032377,-15.4247910680665,88.3136234713042
3.89727126805778,908,901,69.1589430262471,-68.0012468704909,-17.8685838344399,85.8698307049308
3.89941144997325,908,900,64.2713574935003,-65.5574541041175,-15.4247910680665,80.982245172184
3.90155163188871,909,901,64.2713574935003,-70.4450396368643,-12.9809983016931,83.4260379385574
3.90369181380417,908,900,64.2713574935003,-65.5574541041175,-15.4247910680665,80.982245172184
3.90583199571964,906,898,64.2713574935003,-55.7822830386239,-20.3123766008133,76.0946596394372
3.9079721776351,907,898,59.3837719607535,-58.2260758049973,-15.4247910680665,73.6508668730638
3.91011235955056,908,903,78.9341140917408,-72.8888324032377,-22.7561693671867,95.6450017704245
3.91225254146602,907,901,74.046528558994,-65.5574541041175,-22.7561693671867,88.3136234713042
3.91439272338149,906,899,69.1589430262472,-58.2260758049973,-22.7561693671867,80.982245172184
3.91653290529695,908,901,69.1589430262471,-68.0012468704909,-17.8685838344399,85.8698307049308
3.91867308721241,908,901,69.1589430262471,-68.0012468704909,-17.8685838344399,85.8698307049308
3.92081326912788,905,896,59.3837719607535,-48.4509047395036,-20.3123766008133,68.763281340317
3.92295345104334,904,894,54.4961864280067,-41.1195264403834,-20.3123766008133,61.4319030411967
3.9250936329588,906,896,54.4961864280067,-50.894697505877,-15.4247910680665,66.3194885739435
3.92723381487426,903,893,54.4961864280067,-36.2319409076366,-22.7561693671867,58.9881102748233
3.92937399678973,903,893,54.4961864280067,-36.2319409076366,-22.7561693671867,58.9881102748233
3.93151417870519,905,896,59.3837719607535,-48.4509047395036,-20.3123766008133,68.763281340317
3.93365436062065,905,897,64.2713574935003,-50.894697505877,-22.7561693671867,73.6508668730638
3.93579454253612,905,894,49.6086008952599,-43.5633192067568,-15.4247910680665,58.9881102748233
3.93793472445158,903,891,44.7210153625131,-31.3443553748898,-17.8685838344399,49.2129392093297
3.94007490636704,905,894,49.6086008952599,-43.5633192067568,-15.4247910680665,58.9881102748233
3.9422150882825,905,890,30.0582587642726,-33.7881481412632,-5.64962000257285,39.437768143836
3.94435527019797,905,900,78.9341140917408,-58.2260758049973,-30.0875476663069,88.3136234713042
3.94649545211343,906,899,69.1589430262472,-58.2260758049973,-22.7561693671867,80.982245172184
3.94863563402889,906,902,83.8216996244876,-65.5574541041175,-30.0875476663069,95.6450017704245
3.95077581594436,908,898,54.4961864280067,-60.6698685713707,-10.5372055353197,71.2070741066904
3.95291599785982,907,902,78.9341140917408,-68.0012468704909,-25.1999621335601,93.201209004051
3.95505617977528,908,903,78.9341140917408,-72.8888324032377,-22.7561693671867,95.6450017704245
3.95719636169074,905,897,64.2713574935003,-50.894697505877,-22.7561693671867,73.6508668730638
3.95933654360621,906,897,59.3837719607535,-53.3384902722505,-17.8685838344399,71.2070741066904
3.96147672552167,907,901,74.046528558994,-65.5574541041175,-22.7561693671867,88.3136234713042
3.96361690743713,901,897,83.8216996244876,-41.1195264403834,-42.306511498174,83.4260379385574
3.9657570893526,906,894,44.7210153625131,-46.0071119731302,-10.5372055353197,56.5443175084499
3.96789727126806,907,899,64.2713574935003,-60.6698685713707,-17.8685838344399,78.5384524058106
3.97003745318352,908,904,83.8216996244876,-75.3326251696111,-25.1999621335601,100.532587303171
3.97217763509898,907,899,64.2713574935003,-60.6698685713707,-17.8685838344399,78.5384524058106
3.97431781701445,908,898,54.4961864280067,-60.6698685713707,-10.5372055353197,71.2070741066904
3.97645799892991,909,899,54.4961864280067,-65.5574541041175,-8.09341276894627,73.6508668730638
3.97859818084537,908,898,54.4961864280067,-60.6698685713707,-10.5372055353197,71.2070741066904
3.98073836276083,912,895,20.283087698779,-63.1136613377441,16.3445148947878,46.7691464429563
3.9828785446763,911,899,44.7210153625131,-70.4450396368643,1.68175829654737,68.763281340317
3.98501872659176,910,897,39.8334298297662,-63.1136613377441,1.68175829654738,61.4319030411967
3.98715890850722,906,895,49.6086008952599,-48.4509047395036,-12.9809983016931,61.4319030411967
3.98929909042269,903,892,49.6086008952599,-33.7881481412632,-20.3123766008133,54.1005247420765
3.99143927233815,905,896,59.3837719607535,-48.4509047395036,-20.3123766008133,68.763281340317
3.99357945425361,905,893,44.7210153625131,-41.1195264403834,-12.9809983016931,54.1005247420765
3.99571963616907,906,891,30.0582587642726,-38.67573367401,-3.20582723619944,41.8815609102094
3.99785981808454,897,893,83.8216996244876,-21.5691843093961,-52.0816825636676,73.6508668730638
4,904,894,54.4961864280067,-41.1195264403834,-20.3123766008133,61.4319030411967
4.00214018191546,905,892,39.8334298297662,-38.67573367401,-10.5372055353197,49.2129392093297
4.00428036383093,905,893,44.7210153625131,-41.1195264403834,-12.9809983016931,54.1005247420765
4.00642054574639,909,897,44.721015362513,-60.6698685713707,-3.20582723619944,63.8756958075701
4.00856072766185,908,895,39.8334298297662,-53.3384902722505,-3.20582723619945,56.5443175084499
4.01070090957731,905,891,34.9458442970194,-36.2319409076366,-8.09341276894626,44.3253536765829
4.01284109149278,906,893,39.8334298297662,-43.5633192067568,-8.09341276894626,51.6567319757031
4.01498127340824,903,893,54.4961864280067,-36.2319409076366,-22.7561693671867,58.9881102748233
4.0171214553237,901,890,49.6086008952599,-24.0129770757695,-25.1999621335601,49.2129392093297
4.01926163723917,904,890,34.9458442970194,-31.3443553748898,-10.5372055353197,41.8815609102094
4.02140181915463,907,893,34.9458442970194,-46.0071119731302,-3.20582723619944,49.2129392093297
4.02354200107009,906,891,30.0582587642726,-38.67573367401,-3.20582723619944,41.8815609102094
4.02568218298555,907,889,15.3955021660321,-36.2319409076366,6.56934382929419,29.6625970783424
4.02782236490102,907,892,30.0582587642726,-43.5633192067568,-0.762034469826034,44.3253536765829
4.02996254681648,905,893,44.7210153625131,-41.1195264403834,-12.9809983016931,54.1005247420765
4.03210272873194,904,888,25.1706732315258,-26.456769842143,-5.64962000257285,32.1063898447158
4.03424291064741,902,888,34.9458442970194,-21.5691843093961,-15.4247910680665,36.9939753774626
4.03638309256287,906,892,34.9458442970194,-41.1195264403834,-5.64962000257285,46.7691464429563
4.03852327447833,907,892,30.0582587642726,-43.5633192067568,-0.762034469826034,44.3253536765829
4.04066345639379,908,892,25.1706732315258,-46.0071119731302,4.12555106292078,41.8815609102094
4.04280363830926,910,892,15.3955021660321,-50.894697505877,13.9007221284144,36.9939753774626
4.04494382022472,908,892,25.1706732315258,-46.0071119731302,4.12555106292078,41.8815609102094
4.04708400214018,904,887,20.283087698779,-24.0129770757695,-3.20582723619944,27.218804311969
4.04922418405565,902,886,25.1706732315258,-16.6815987766493,-10.5372055353197,27.218804311969
4.05136436597111,902,888,34.9458442970194,-21.5691843093961,-15.4247910680665,36.9939753774626
4.05350454788657,902,888,34.9458442970194,-21.5691843093961,-15.4247910680665,36.9939753774626
4.05564472980203,904,889,30.0582587642726,-28.9005626085164,-8.09341276894626,36.9939753774626
4.0577849117175,907,892,30.0582587642726,-43.5633192067568,-0.762034469826034,44.3253536765829
4.05992509363296,906,890,25.1706732315258,-36.2319409076366,-0.762034469826034,36.9939753774626
4.06206527554842,906,887,10.5079166332853,-28.9005626085164,6.56934382929419,22.3312187792222
4.06420545746388,908,890,15.3955021660321,-41.1195264403834,9.0131365956676,32.1063898447158
4.06634563937935,907,892,30.0582587642726,-43.5633192067568,-0.762034469826034,44.3253536765829
4.06848582129481,905,888,20.283087698779,-28.9005626085164,-0.762034469826034,29.6625970783424
4.07062600321027,906,888,15.3955021660321,-31.3443553748898,4.12555106292078,27.218804311969
4.07276618512574,905,890,30.0582587642726,-33.7881481412632,-5.64962000257285,39.437768143836
4.0749063670412,907,894,39.8334298297662,-48.4509047395036,-5.64962000257285,54.1005247420765
4.07704654895666,904,888,25.1706732315258,-26.456769842143,-5.64962000257285,32.1063898447158
4.07918673087212,904,889,30.0582587642726,-28.9005626085164,-8.09341276894626,36.9939753774626
4.08132691278759,907,892,30.0582587642726,-43.5633192067568,-0.762034469826034,44.3253536765829
4.08346709470305,906,888,15.3955021660321,-31.3443553748898,4.12555106292078,27.218804311969
4.08560727661851,906,885,0.732745567791682,-24.0129770757695,11.456929362041,12.5560477137285
4.08774745853398,908,892,25.1706732315258,-46.0071119731302,4.12555106292078,41.8815609102094
4.08988764044944,907,892,30.0582587642726,-43.5633192067568,-0.762034469826034,44.3253536765829
4.0920278223649,906,889,20.283087698779,-33.7881481412632,1.68175829654738,32.1063898447158
4.09416800428036,905,889,25.1706732315258,-31.3443553748898,-3.20582723619944,34.5501826110892
4.09630818619583,906,892,34.9458442970194,-41.1195264403834,-5.64962000257285,46.7691464429563
4.09844836811129,906,889,20.283087698779,-33.7881481412632,1.68175829654738,32.1063898447158
4.10058855002675,904,886,15.3955021660321,-21.5691843093961,-0.762034469826034,22.3312187792222
4.10272873194222,904,888,25.1706732315258,-26.456769842143,-5.64962000257285,32.1063898447158
4.10486891385768,903,888,30.0582587642726,-24.0129770757695,-10.5372055353197,34.5501826110892
4.10700909577314,905,886,10.5079166332853,-24.0129770757695,4.12555106292078,19.8874260128488
4.1091492776886,906,889,20.283087698779,-33.7881481412632,1.68175829654738,32.1063898447158
4.11128945960407,906,892,34.9458442970194,-41.1195264403834,-5.64962000257285,46.7691464429563
4.11342964151953,903,888,30.0582587642726,-24.0129770757695,-10.5372055353197,34.5501826110892
4.11556982343499,906,888,15.3955021660321,-31.3443553748898,4.12555106292078,27.218804311969
4.11771000535045,907,889,15.3955021660321,-36.2319409076366,6.56934382929419,29.6625970783424
4.11985018726592,906,890,25.1706732315258,-36.2319409076366,-0.762034469826034,36.9939753774626
4.12199036918138,908,886,-4.15483996495514,-31.3443553748898,18.7883076611612,12.5560477137285
4.12413055109684,905,891,34.9458442970194,-36.2319409076366,-8.09341276894626,44.3253536765829
4.12627073301231,906,889,20.283087698779,-33.7881481412632,1.68175829654738,32.1063898447158
4.12841091492777,907,890,20.283087698779,-38.67573367401,4.12555106292078,34.5501826110892
4.13055109684323,906,888,15.3955021660321,-31.3443553748898,4.12555106292078,27.218804311969
4.13269127875869,907,891,25.1706732315258,-41.1195264403834,1.68175829654738,39.437768143836
4.13483146067416,906,892,34.9458442970194,-41.1195264403834,-5.64962000257285,46.7691464429563
4.13697164258962,906,886,5.6203311005385,-26.456769842143,9.0131365956676,17.4436332464754
4.13911182450508,907,890,20.283087698779,-38.67573367401,4.12555106292078,34.5501826110892
4.14125200642055,907,892,30.0582587642726,-43.5633192067568,-0.762034469826034,44.3253536765829
4.14339218833601,905,889,25.1706732315258,-31.3443553748898,-3.20582723619944,34.5501826110892
4.14553237025147,906,887,10.5079166332853,-28.9005626085164,6.56934382929419,22.3312187792222
4.14767255216693,907,892,30.0582587642726,-43.5633192067568,-0.762034469826034,44.3253536765829
4.1498127340824,909,891,15.3955021660321,-46.0071119731302,11.456929362041,34.5501826110892
4.15195291599786,907,889,15.3955021660321,-36.2319409076366,6.56934382929419,29.6625970783424
4.15409309791332,905,889,25.1706732315258,-31.3443553748898,-3.20582723619944,34.5501826110892
4.15623327982879,905,889,25.1706732315258,-31.3443553748898,-3.20582723619944,34.5501826110892
4.15837346174425,901,887,34.9458442970194,-16.6815987766493,-17.8685838344399,34.5501826110892
4.16051364365971,904,888,25.1706732315258,-26.456769842143,-5.64962000257285,32.1063898447158
4.16265382557517,904,890,34.9458442970194,-31.3443553748898,-10.5372055353197,41.8815609102094
4.16479400749064,903,888,30.0582587642726,-24.0129770757695,-10.5372055353197,34.5501826110892
4.1669341894061,905,888,20.283087698779,-28.9005626085164,-0.762034469826034,29.6625970783424
4.16907437132156,905,891,34.9458442970194,-36.2319409076366,-8.09341276894626,44.3253536765829
4.17121455323703,906,890,25.1706732315258,-36.2319409076366,-0.762034469826034,36.9939753774626
4.17335473515249,903,886,20.283087698779,-19.1253915430227,-5.64962000257285,24.7750115455956
4.17549491706795,904,887,20.283087698779,-24.0129770757695,-3.20582723619944,27.218804311969
4.17763509898341,906,891,30.0582587642726,-38.67573367401,-3.20582723619944,41.8815609102094
4.17977528089888,906,889,20.283087698779,-33.7881481412632,1.68175829654738,32.1063898447158
4.18191546281434,909,888,0.732745567791682,-38.67573367401,18.7883076611612,19.8874260128488
4.1840556447298,907,892,30.0582587642726,-43.5633192067568,-0.762034469826034,44.3253536765829
4.18619582664526,907,892,30.0582587642726,-43.5633192067568,-0.762034469826034,44.3253536765829
4.18833600856073,906,888,15.3955021660321,-31.3443553748898,4.12555106292078,27.218804311969
4.19047619047619,907,887,5.6203311005385,-31.3443553748898,11.456929362041,19.8874260128488
4.19261637239165,907,892,30.0582587642726,-43.5633192067568,-0.762034469826034,44.3253536765829
4.19475655430712,906,890,25.1706732315258,-36.2319409076366,-0.762034469826034,36.9939753774626
4.19689673622258,906,887,10.5079166332853,-28.9005626085164,6.56934382929419,22.3312187792222
4.19903691813804,905,894,49.6086008952599,-43.5633192067568,-15.4247910680665,58.9881102748233
4.2011771000535,906,892,34.9458442970194,-41.1195264403834,-5.64962000257285,46.7691464429563
4.20331728196897,910,890,5.6203311005385,-46.0071119731302,18.7883076611612,27.218804311969
4.20545746388443,908,887,0.732745567791682,-33.7881481412632,16.3445148947878,17.4436332464754
4.20759764579989,910,893,20.283087698779,-53.3384902722505,11.456929362041,41.8815609102094
4.20973782771536,907,889,15.3955021660321,-36.2319409076366,6.56934382929419,29.6625970783424
4.21187800963082,907,888,10.5079166332853,-33.7881481412632,9.0131365956676,24.7750115455956
4.21401819154628,907,891,25.1706732315258,-41.1195264403834,1.68175829654738,39.437768143836
4.21615837346174,904,891,39.8334298297662,-33.7881481412632,-12.9809983016931,46.7691464429563
4.21829855537721,904,888,25.1706732315258,-26.456769842143,-5.64962000257285,32.1063898447158
4.22043873729267,905,889,25.1706732315258,-31.3443553748898,-3.20582723619944,34.5501826110892
4.22257891920813,907,892,30.0582587642726,-43.5633192067568,-0.762034469826034,44.3253536765829
4.2247191011236,908,888,5.6203311005385,-36.2319409076366,13.9007221284144,22.3312187792222
4.22685928303906,907,888,10.5079166332853,-33.7881481412632,9.0131365956676,24.7750115455956
4.22899946495452,909,892,20.283087698779,-48.4509047395036,9.0131365956676,39.437768143836
4.23113964686998,909,892,20.283087698779,-48.4509047395036,9.0131365956676,39.437768143836
4.23327982878545,908,889,10.5079166332853,-38.67573367401,11.456929362041,27.218804311969
4.23542001070091,909,892,20.283087698779,-48.4509047395036,9.0131365956676,39.437768143836
4.23756019261637,910,893,20.283087698779,-53.3384902722505,11.456929362041,41.8815609102094
4.23970037453183,907,888,10.5079166332853,-33.7881481412632,9.0131365956676,24.7750115455956
4.2418405564473,904,887,20.283087698779,-24.0129770757695,-3.20582723619944,27.218804311969
4.24398073836276,905,891,34.9458442970194,-36.2319409076366,-8.09341276894626,44.3253536765829
4.24612092027822,908,891,20.283087698779,-43.5633192067568,6.56934382929419,36.9939753774626
4.24826110219369,905,888,20.283087698779,-28.9005626085164,-0.762034469826034,29.6625970783424
4.25040128410915,906,891,30.0582587642726,-38.67573367401,-3.20582723619944,41.8815609102094
4.25254146602461,905,891,34.9458442970194,-36.2319409076366,-8.09341276894626,44.3253536765829
4.25468164794007,903,887,25.1706732315258,-21.5691843093961,-8.09341276894626,29.6625970783424
4.25682182985554,904,888,25.1706732315258,-26.456769842143,-5.64962000257285,32.1063898447158
4.258962011771,905,890,30.0582587642726,-33.7881481412632,-5.64962000257285,39.437768143836
4.26110219368646,906,890,25.1706732315258,-36.2319409076366,-0.762034469826034,36.9939753774626
4.26324237560193,903,887,25.1706732315258,-21.5691843093961,-8.09341276894626,29.6625970783424
4.26538255751739,906,889,20.283087698779,-33.7881481412632,1.68175829654738,32.1063898447158
4.26752273943285,906,891,30.0582587642726,-38.67573367401,-3.20582723619944,41.8815609102094
4.26966292134831,904,889,30.0582587642726,-28.9005626085164,-8.09341276894626,36.9939753774626
4.27180310326378,905,888,20.283087698779,-28.9005626085164,-0.762034469826034,29.6625970783424
4.27394328517924,903,888,30.0582587642726,-24.0129770757695,-10.5372055353197,34.5501826110892
4.2760834670947,903,890,39.8334298297662,-28.9005626085164,-15.4247910680665,44.3253536765829
4.27822364901017,904,888,25.1706732315258,-26.456769842143,-5.64962000257285,32.1063898447158
4.28036383092563,904,888,25.1706732315258,-26.456769842143,-5.64962000257285,32.1063898447158
4.28250401284109,903,889,34.9458442970194,-26.456769842143,-12.9809983016931,39.437768143836
4.28464419475655,903,886,20.283087698779,-19.1253915430227,-5.64962000257285,24.7750115455956
4.28678437667202,902,888,34.9458442970194,-21.5691843093961,-15.4247910680665,36.9939753774626
4.28892455858748,905,890,30.0582587642726,-33.7881481412632,-5.64962000257285,39.437768143836
4.29106474050294,904,890,34.9458442970194,-31.3443553748898,-10.5372055353197,41.8815609102094
4.29320492241841,904,887,20.283087698779,-24.0129770757695,-3.20582723619944,27.218804311969
4.29534510433387,906,890,25.1706732315258,-36.2319409076366,-0.762034469826034,36.9939753774626
4.29748528624933,906,890,25.1706732315258,-36.2319409076366,-0.762034469826034,36.9939753774626
4.29962546816479,903,885,15.3955021660321,-16.6815987766493,-3.20582723619944,19.8874260128488
4.30176565008026,903,885,15.3955021660321,-16.6815987766493,-3.20582723619944,19.8874260128488
4.30390583199572,908,892,25.1706732315258,-46.0071119731302,4.12555106292078,41.8815609102094
4.30604601391118,908,891,20.283087698779,-43.5633192067568,6.56934382929419,36.9939753774626
4.30818619582665,907,887,5.6203311005385,-31.3443553748898,11.456929362041,19.8874260128488
4.31032637774211,903,891,44.7210153625131,-31.3443553748898,-17.8685838344399,49.2129392093297
4.31246655965757,906,893,39.8334298297662,-43.5633192067568,-8.09341276894626,51.6567319757031
4.31460674157303,900,887,39.8334298297662,-14.2378060102759,-22.7561693671867,36.9939753774626
4.3167469234885,902,886,25.1706732315258,-16.6815987766493,-10.5372055353197,27.218804311969
4.31888710540396,901,889,44.7210153625131,-21.5691843093961,-22.7561693671867,44.3253536765829
4.32102728731942,904,890,34.9458442970194,-31.3443553748898,-10.5372055353197,41.8815609102094
4.32316746923489,905,888,20.283087698779,-28.9005626085164,-0.762034469826034,29.6625970783424
4.32530765115035,907,890,20.283087698779,-38.67573367401,4.12555106292078,34.5501826110892
4.32744783306581,905,889,25.1706732315258,-31.3443553748898,-3.20582723619944,34.5501826110892
4.32958801498127,907,888,10.5079166332853,-33.7881481412632,9.0131365956676,24.7750115455956
4.33172819689674,907,891,25.1706732315258,-41.1195264403834,1.68175829654738,39.437768143836
4.3338683788122,909,893,25.1706732315258,-50.894697505877,6.56934382929419,44.3253536765829
4.33600856072766,907,891,25.1706732315258,-41.1195264403834,1.68175829654738,39.437768143836
4.33814874264312,909,893,25.1706732315258,-50.894697505877,6.56934382929419,44.3253536765829
4.34028892455859,908,894,34.9458442970194,-50.894697505877,-0.762034469826034,51.6567319757031
4.34242910647405,906,894,44.7210153625131,-46.0071119731302,-10.5372055353197,56.5443175084499
4.34456928838951,907,890,20.283087698779,-38.67573367401,4.12555106292078,34.5501826110892
4.34670947030498,910,889,0.732745567791682,-43.5633192067568,21.2321004275347,22.3312187792222
4.34884965222044,910,893,20.283087698779,-53.3384902722505,11.456929362041,41.8815609102094
4.3509898341359,907,889,15.3955021660321,-36.2319409076366,6.56934382929419,29.6625970783424
4.35313001605136,909,889,5.6203311005385,-41.1195264403834,16.3445148947878,24.7750115455956
4.35527019796683,911,893,15.3955021660321,-55.7822830386239,16.3445148947878,39.437768143836
4.35741037988229,912,894,15.3955021660321,-60.6698685713707,18.7883076611612,41.8815609102094
4.35955056179775,910,890,5.6203311005385,-46.0071119731302,18.7883076611612,27.218804311969
4.36169074371322,909,891,15.3955021660321,-46.0071119731302,11.456929362041,34.5501826110892
4.36383092562868,911,894,20.283087698779,-58.2260758049973,13.9007221284144,44.3253536765829
4.36597110754414,909,892,20.283087698779,-48.4509047395036,9.0131365956676,39.437768143836
4.3681112894596,910,890,5.6203311005385,-46.0071119731302,18.7883076611612,27.218804311969
4.37025147137507,909,892,20.283087698779,-48.4509047395036,9.0131365956676,39.437768143836
4.37239165329053,912,895,20.283087698779,-63.1136613377441,16.3445148947878,46.7691464429563
4.37453183520599,910,892,15.3955021660321,-50.894697505877,13.9007221284144,36.9939753774626
4.37667201712146,914,896,15.3955021660321,-70.4450396368643,23.6758931939081,46.7691464429563
4.37881219903692,901,896,78.9341140917408,-38.67573367401,-39.8627187318006,78.5384524058106
4.38095238095238,909,893,25.1706732315258,-50.894697505877,6.56934382929419,44.3253536765829
4.38309256286784,914,896,15.3955021660321,-70.4450396368643,23.6758931939081,46.7691464429563
4.38523274478331,916,900,25.1706732315258,-85.1077962351048,23.6758931939081,61.4319030411967
4.38737292669877,916,900,25.1706732315258,-85.1077962351048,23.6758931939081,61.4319030411967
4.38951310861423,915,896,10.5079166332853,-72.8888324032377,28.5634787266549,44.3253536765829
4.3916532905297,915,902,39.8334298297662,-87.5515890014782,13.9007221284144,73.6508668730638
4.39379347244516,916,902,34.9458442970194,-89.9953817678516,18.7883076611612,71.2070741066904
4.39593365436062,912,894,15.3955021660321,-60.6698685713707,18.7883076611612,41.8815609102094
4.39807383627608,910,893,20.283087698779,-53.3384902722505,11.456929362041,41.8815609102094
4.40021401819155,910,897,39.8334298297662,-63.1136613377441,1.68175829654738,61.4319030411967
4.40235420010701,907,892,30.0582587642726,-43.5633192067568,-0.762034469826034,44.3253536765829
4.40449438202247,904,886,15.3955021660321,-21.5691843093961,-0.762034469826034,22.3312187792222
4.40663456393793,901,887,34.9458442970194,-16.6815987766493,-17.8685838344399,34.5501826110892
4.4087747458534,904,891,39.8334298297662,-33.7881481412632,-12.9809983016931,46.7691464429563
4.41091492776886,887,883,83.8216996244876,27.306671018072,-76.5196102274017,49.2129392093297
4.41305510968432,889,881,64.2713574935003,27.306671018072,-61.8568536291613,34.5501826110892
4.41519529159979,898,888,54.4961864280067,-11.7940132439025,-34.9751331990538,46.7691464429563
4.41733547351525,904,886,15.3955021660321,-21.5691843093961,-0.762034469826034,22.3312187792222
4.41947565543071,902,885,20.283087698779,-14.2378060102759,-8.09341276894626,22.3312187792222
4.42161583734617,905,887,15.3955021660321,-26.456769842143,1.68175829654738,24.7750115455956
4.42375601926164,907,889,15.3955021660321,-36.2319409076366,6.56934382929419,29.6625970783424
4.4258962011771,907,888,10.5079166332853,-33.7881481412632,9.0131365956676,24.7750115455956
4.42803638309256,910,887,-9.04242549770196,-38.67573367401,26.1196859602815,12.5560477137285
4.43017656500803,910,891,10.5079166332853,-48.4509047395036,16.3445148947878,32.1063898447158
4.43231674692349,909,891,15.3955021660321,-46.0071119731302,11.456929362041,34.5501826110892
4.43445692883895,908,890,15.3955021660321,-41.1195264403834,9.0131365956676,32.1063898447158
4.43659711075441,906,891,30.0582587642726,-38.67573367401,-3.20582723619944,41.8815609102094
4.43873729266988,907,890,20.283087698779,-38.67573367401,4.12555106292078,34.5501826110892
4.44087747458534,906,886,5.6203311005385,-26.456769842143,9.0131365956676,17.4436332464754
4.4430176565008,905,885,5.6203311005385,-21.5691843093961,6.56934382929419,14.9998404801019
4.44515783841627,909,892,20.283087698779,-48.4509047395036,9.0131365956676,39.437768143836
4.44729802033173,907,888,10.5079166332853,-33.7881481412632,9.0131365956676,24.7750115455956
4.44943820224719,905,888,20.283087698779,-28.9005626085164,-0.762034469826034,29.6625970783424
4.45157838416265,893,889,83.8216996244876,-2.01884217840886,-61.8568536291613,63.8756958075701
4.45371856607812,899,890,59.3837719607535,-19.1253915430227,-34.9751331990538,54.1005247420765
4.45585874799358,906,887,10.5079166332853,-28.9005626085164,6.56934382929419,22.3312187792222
4.45799892990904,905,885,5.6203311005385,-21.5691843093961,6.56934382929419,14.9998404801019
4.46013911182451,908,890,15.3955021660321,-41.1195264403834,9.0131365956676,32.1063898447158
4.46227929373997,909,891,15.3955021660321,-46.0071119731302,11.456929362041,34.5501826110892
4.46441947565543,907,889,15.3955021660321,-36.2319409076366,6.56934382929419,29.6625970783424
4.46655965757089,908,892,25.1706732315258,-46.0071119731302,4.12555106292078,41.8815609102094
4.46869983948636,907,894,39.8334298297662,-48.4509047395036,-5.64962000257285,54.1005247420765
4.47084002140182,906,890,25.1706732315258,-36.2319409076366,-0.762034469826034,36.9939753774626
4.47298020331728,908,887,0.732745567791682,-33.7881481412632,16.3445148947878,17.4436332464754
4.47512038523274,908,892,25.1706732315258,-46.0071119731302,4.12555106292078,41.8815609102094
4.47726056714821,907,889,15.3955021660321,-36.2319409076366,6.56934382929419,29.6625970783424
4.47940074906367,907,889,15.3955021660321,-36.2319409076366,6.56934382929419,29.6625970783424
4.48154093097913,908,893,30.0582587642726,-48.4509047395036,1.68175829654738,46.7691464429563
4.4836811128946,909,893,25.1706732315258,-50.894697505877,6.56934382929419,44.3253536765829
4.48582129481006,907,889,15.3955021660321,-36.2319409076366,6.56934382929419,29.6625970783424
4.48796147672552,907,893,34.9458442970194,-46.0071119731302,-3.20582723619944,49.2129392093297
4.49010165864098,909,893,25.1706732315258,-50.894697505877,6.56934382929419,44.3253536765829
4.49224184055645,907,889,15.3955021660321,-36.2319409076366,6.56934382929419,29.6625970783424
4.49438202247191,899,887,44.7210153625131,-11.7940132439025,-27.6437548999335,39.437768143836
4.49652220438737,898,890,64.2713574935003,-16.6815987766493,-39.8627187318006,56.5443175084499
4.49866238630284,901,890,49.6086008952599,-24.0129770757695,-25.1999621335601,49.2129392093297
4.5008025682183,901,887,34.9458442970194,-16.6815987766493,-17.8685838344399,34.5501826110892
4.50294275013376,906,890,25.1706732315258,-36.2319409076366,-0.762034469826034,36.9939753774626
4.50508293204922,906,892,34.9458442970194,-41.1195264403834,-5.64962000257285,46.7691464429563
4.50722311396469,905,888,20.283087698779,-28.9005626085164,-0.762034469826034,29.6625970783424
4.50936329588015,906,887,10.5079166332853,-28.9005626085164,6.56934382929419,22.3312187792222
4.51150347779561,907,892,30.0582587642726,-43.5633192067568,-0.762034469826034,44.3253536765829
4.51364365971108,905,891,34.9458442970194,-36.2319409076366,-8.09341276894626,44.3253536765829
4.51578384162654,905,885,5.6203311005385,-21.5691843093961,6.56934382929419,14.9998404801019
4.517924023542,907,891,25.1706732315258,-41.1195264403834,1.68175829654738,39.437768143836
4.52006420545746,906,892,34.9458442970194,-41.1195264403834,-5.64962000257285,46.7691464429563
4.52220438737293,907,889,15.3955021660321,-36.2319409076366,6.56934382929419,29.6625970783424
4.52434456928839,908,890,15.3955021660321,-41.1195264403834,9.0131365956676,32.1063898447158
4.52648475120385,908,892,25.1706732315258,-46.0071119731302,4.12555106292078,41.8815609102094
4.52862493311931,906,892,34.9458442970194,-41.1195264403834,-5.64962000257285,46.7691464429563
4.53076511503478,908,887,0.732745567791682,-33.7881481412632,16.3445148947878,17.4436332464754
4.53290529695024,909,891,15.3955021660321,-46.0071119731302,11.456929362041,34.5501826110892
4.5350454788657,909,893,25.1706732315258,-50.894697505877,6.56934382929419,44.3253536765829
4.53718566078117,910,890,5.6203311005385,-46.0071119731302,18.7883076611612,27.218804311969
4.53932584269663,909,889,5.6203311005385,-41.1195264403834,16.3445148947878,24.7750115455956
4.54146602461209,896,890,74.046528558994,-11.7940132439025,-49.6378897972942,61.4319030411967
4.54360620652755,892,888,83.8216996244876,2.86874335433795,-64.3006463955347,61.4319030411967
4.54574638844302,900,885,30.0582587642726,-9.35022047752909,-17.8685838344399,27.218804311969
4.54788657035848,907,887,5.6203311005385,-31.3443553748898,11.456929362041,19.8874260128488
4.55002675227394,910,890,5.6203311005385,-46.0071119731302,18.7883076611612,27.218804311969
4.55216693418941,904,885,10.5079166332853,-19.1253915430227,1.68175829654738,17.4436332464754
4.55430711610487,904,888,25.1706732315258,-26.456769842143,-5.64962000257285,32.1063898447158
4.55644729802033,905,891,34.9458442970194,-36.2319409076366,-8.09341276894626,44.3253536765829
4.55858747993579,905,888,20.283087698779,-28.9005626085164,-0.762034469826034,29.6625970783424
4.56072766185126,905,885,5.6203311005385,-21.5691843093961,6.56934382929419,14.9998404801019
4.56286784376672,906,890,25.1706732315258,-36.2319409076366,-0.762034469826034,36.9939753774626
4.56500802568218,905,891,34.9458442970194,-36.2319409076366,-8.09341276894626,44.3253536765829
4.56714820759765,906,886,5.6203311005385,-26.456769842143,9.0131365956676,17.4436332464754
4.56928838951311,901,885,25.1706732315258,-11.7940132439025,-12.9809983016931,24.7750115455956
4.57142857142857,905,890,30.0582587642726,-33.7881481412632,-5.64962000257285,39.437768143836
4.57356875334403,906,890,25.1706732315258,-36.2319409076366,-0.762034469826034,36.9939753774626
4.5757089352595,909,888,0.732745567791682,-38.67573367401,18.7883076611612,19.8874260128488
4.57784911717496,909,889,5.6203311005385,-41.1195264403834,16.3445148947878,24.7750115455956
4.57998929909042,914,892,-4.15483996495514,-60.6698685713707,33.4510642594017,27.218804311969
4.58212948100589,914,887,-28.5927676286892,-48.4509047395036,45.6700280912687,2.7808766482349
4.58426966292135,909,889,5.6203311005385,-41.1195264403834,16.3445148947878,24.7750115455956
4.58640984483681,909,891,15.3955021660321,-46.0071119731302,11.456929362041,34.5501826110892
4.58855002675227,908,888,5.6203311005385,-36.2319409076366,13.9007221284144,22.3312187792222
4.59069020866774,907,889,15.3955021660321,-36.2319409076366,6.56934382929419,29.6625970783424
4.5928303905832,908,893,30.0582587642726,-48.4509047395036,1.68175829654738,46.7691464429563
4.59497057249866,905,889,25.1706732315258,-31.3443553748898,-3.20582723619944,34.5501826110892
4.59711075441413,905,886,10.5079166332853,-24.0129770757695,4.12555106292078,19.8874260128488
4.59925093632959,898,883,30.0582587642726,0.424950587964545,-22.7561693671867,22.3312187792222
4.60139111824505,897,887,54.4961864280067,-6.90642771115568,-37.4189259654272,44.3253536765829
4.60353130016051,901,884,20.283087698779,-9.35022047752909,-10.5372055353197,19.8874260128488
4.60567148207598,901,885,25.1706732315258,-11.7940132439025,-12.9809983016931,24.7750115455956
4.60781166399144,906,889,20.283087698779,-33.7881481412632,1.68175829654738,32.1063898447158
4.6099518459069,905,888,20.283087698779,-28.9005626085164,-0.762034469826034,29.6625970783424
4.61209202782236,902,887,30.0582587642726,-19.1253915430227,-12.9809983016931,32.1063898447158
4.61423220973783,905,886,10.5079166332853,-24.0129770757695,4.12555106292078,19.8874260128488
4.61637239165329,902,888,34.9458442970194,-21.5691843093961,-15.4247910680665,36.9939753774626
4.61851257356875,900,884,25.1706732315258,-6.90642771115568,-15.4247910680665,22.3312187792222
4.62065275548422,899,885,34.9458442970194,-6.90642771115568,-22.7561693671867,29.6625970783424
4.62279293739968,904,889,30.0582587642726,-28.9005626085164,-8.09341276894626,36.9939753774626
4.62493311931514,904,888,25.1706732315258,-26.456769842143,-5.64962000257285,32.1063898447158
4.6270733012306,903,884,10.5079166332853,-14.2378060102759,-0.762034469826034,14.9998404801019
4.62921348314607,903,886,20.283087698779,-19.1253915430227,-5.64962000257285,24.7750115455956
4.63135366506153,905,885,5.6203311005385,-21.5691843093961,6.56934382929419,14.9998404801019
4.63349384697699,903,885,15.3955021660321,-16.6815987766493,-3.20582723619944,19.8874260128488
4.63563402889246,902,883,10.5079166332853,-9.35022047752909,-3.20582723619944,12.5560477137285
4.63777421080792,904,886,15.3955021660321,-21.5691843093961,-0.762034469826034,22.3312187792222
4.63991439272338,903,888,30.0582587642726,-24.0129770757695,-10.5372055353197,34.5501826110892
4.64205457463884,904,883,0.732745567791682,-14.2378060102759,6.56934382929419,7.66846218098172
4.64419475655431,902,887,30.0582587642726,-19.1253915430227,-12.9809983016931,32.1063898447158
4.64633493846977,905,887,15.3955021660321,-26.456769842143,1.68175829654738,24.7750115455956
4.64847512038523,906,886,5.6203311005385,-26.456769842143,9.0131365956676,17.4436332464754
4.6506153023007,904,884,5.6203311005385,-16.6815987766493,4.12555106292078,12.5560477137285
4.65275548421616,905,888,20.283087698779,-28.9005626085164,-0.762034469826034,29.6625970783424
4.65489566613162,904,885,10.5079166332853,-19.1253915430227,1.68175829654738,17.4436332464754
4.65703584804708,904,884,5.6203311005385,-16.6815987766493,4.12555106292078,12.5560477137285
4.65917602996255,904,887,20.283087698779,-24.0129770757695,-3.20582723619944,27.218804311969
4.66131621187801,903,888,30.0582587642726,-24.0129770757695,-10.5372055353197,34.5501826110892
4.66345639379347,904,885,10.5079166332853,-19.1253915430227,1.68175829654738,17.4436332464754
4.66559657570894,904,884,5.6203311005385,-16.6815987766493,4.12555106292078,12.5560477137285
4.6677367576244,905,887,15.3955021660321,-26.456769842143,1.68175829654738,24.7750115455956
4.66987693953986,904,887,20.283087698779,-24.0129770757695,-3.20582723619944,27.218804311969
4.67201712145532,901,882,10.5079166332853,-4.46263494478227,-5.64962000257285,10.1122549473551
4.67415730337079,904,886,15.3955021660321,-21.5691843093961,-0.762034469826034,22.3312187792222
4.67629748528625,906,886,5.6203311005385,-26.456769842143,9.0131365956676,17.4436332464754
4.67843766720171,903,883,5.6203311005385,-11.7940132439025,1.68175829654738,10.1122549473551
4.68057784911718,905,884,0.732745567791682,-19.1253915430227,9.0131365956676,10.1122549473551
4.68271803103264,906,889,20.283087698779,-33.7881481412632,1.68175829654738,32.1063898447158
4.6848582129481,906,888,15.3955021660321,-31.3443553748898,4.12555106292078,27.218804311969
4.68699839486356,905,885,5.6203311005385,-21.5691843093961,6.56934382929419,14.9998404801019
4.68913857677903,906,886,5.6203311005385,-26.456769842143,9.0131365956676,17.4436332464754
4.69127875869449,905,888,20.283087698779,-28.9005626085164,-0.762034469826034,29.6625970783424
4.69341894060995,904,883,0.732745567791682,-14.2378060102759,6.56934382929419,7.66846218098172
4.69555912252541,905,885,5.6203311005385,-21.5691843093961,6.56934382929419,14.9998404801019
4.69769930444088,908,888,5.6203311005385,-36.2319409076366,13.9007221284144,22.3312187792222
4.69983948635634,906,887,10.5079166332853,-28.9005626085164,6.56934382929419,22.3312187792222
4.7019796682718,906,885,0.732745567791682,-24.0129770757695,11.456929362041,12.5560477137285
4.70411985018727,905,888,20.283087698779,-28.9005626085164,-0.762034469826034,29.6625970783424
4.70626003210273,905,885,5.6203311005385,-21.5691843093961,6.56934382929419,14.9998404801019
4.70840021401819,904,884,5.6203311005385,-16.6815987766493,4.12555106292078,12.5560477137285
4.71054039593365,906,884,-4.15483996495514,-21.5691843093961,13.9007221284144,7.66846218098172
4.71268057784912,907,890,20.283087698779,-38.67573367401,4.12555106292078,34.5501826110892
4.71482075976458,909,888,0.732745567791682,-38.67573367401,18.7883076611612,19.8874260128488
4.71696094168004,906,887,10.5079166332853,-28.9005626085164,6.56934382929419,22.3312187792222
4.71910112359551,909,891,15.3955021660321,-46.0071119731302,11.456929362041,34.5501826110892
4.72124130551097,913,891,-4.15483996495514,-55.7822830386239,31.0072714930283,24.7750115455956
4.72338148742643,910,887,-9.04242549770196,-38.67573367401,26.1196859602815,12.5560477137285
4.72552166934189,905,885,5.6203311005385,-21.5691843093961,6.56934382929419,14.9998404801019
4.72766185125736,905,889,25.1706732315258,-31.3443553748898,-3.20582723619944,34.5501826110892
4.72980203317282,905,887,15.3955021660321,-26.456769842143,1.68175829654738,24.7750115455956
4.73194221508828,904,886,15.3955021660321,-21.5691843093961,-0.762034469826034,22.3312187792222
4.73408239700375,906,892,34.9458442970194,-41.1195264403834,-5.64962000257285,46.7691464429563
4.73622257891921,907,890,20.283087698779,-38.67573367401,4.12555106292078,34.5501826110892
4.73836276083467,904,886,15.3955021660321,-21.5691843093961,-0.762034469826034,22.3312187792222
4.74050294275013,904,884,5.6203311005385,-16.6815987766493,4.12555106292078,12.5560477137285
4.7426431246656,905,890,30.0582587642726,-33.7881481412632,-5.64962000257285,39.437768143836
4.74478330658106,906,888,15.3955021660321,-31.3443553748898,4.12555106292078,27.218804311969
4.74692348849652,906,884,-4.15483996495514,-21.5691843093961,13.9007221284144,7.66846218098172
4.74906367041199,907,890,20.283087698779,-38.67573367401,4.12555106292078,34.5501826110892
4.75120385232745,908,893,30.0582587642726,-48.4509047395036,1.68175829654738,46.7691464429563
4.75334403424291,907,887,5.6203311005385,-31.3443553748898,11.456929362041,19.8874260128488
4.75548421615837,908,889,10.5079166332853,-38.67573367401,11.456929362041,27.218804311969
4.75762439807384,909,890,10.5079166332853,-43.5633192067568,13.9007221284144,29.6625970783424
4.7597645799893,906,888,15.3955021660321,-31.3443553748898,4.12555106292078,27.218804311969
4.76190476190476,906,887,10.5079166332853,-28.9005626085164,6.56934382929419,22.3312187792222
4.76404494382022,906,890,25.1706732315258,-36.2319409076366,-0.762034469826034,36.9939753774626
4.76618512573569,906,890,25.1706732315258,-36.2319409076366,-0.762034469826034,36.9939753774626
4.76832530765115,907,889,15.3955021660321,-36.2319409076366,6.56934382929419,29.6625970783424
4.77046548956661,907,890,20.283087698779,-38.67573367401,4.12555106292078,34.5501826110892
4.77260567148208,908,891,20.283087698779,-43.5633192067568,6.56934382929419,36.9939753774626
4.77474585339754,909,886,-9.04242549770196,-33.7881481412632,23.6758931939081,10.1122549473551
4.776886035313,909,888,0.732745567791682,-38.67573367401,18.7883076611612,19.8874260128488
4.77902621722846,901,891,54.4961864280067,-26.456769842143,-27.6437548999335,54.1005247420765
4.78116639914393,902,890,44.7210153625131,-26.456769842143,-20.3123766008133,46.7691464429563
4.78330658105939,902,886,25.1706732315258,-16.6815987766493,-10.5372055353197,27.218804311969
4.78544676297485,905,890,30.0582587642726,-33.7881481412632,-5.64962000257285,39.437768143836
4.78758694489032,907,893,34.9458442970194,-46.0071119731302,-3.20582723619944,49.2129392093297
4.78972712680578,905,886,10.5079166332853,-24.0129770757695,4.12555106292078,19.8874260128488
4.79186730872124,907,888,10.5079166332853,-33.7881481412632,9.0131365956676,24.7750115455956
4.7940074906367,908,889,10.5079166332853,-38.67573367401,11.456929362041,27.218804311969
4.79614767255217,908,888,5.6203311005385,-36.2319409076366,13.9007221284144,22.3312187792222
4.79828785446763,906,886,5.6203311005385,-26.456769842143,9.0131365956676,17.4436332464754
4.80042803638309,907,888,10.5079166332853,-33.7881481412632,9.0131365956676,24.7750115455956
4.80256821829856,908,890,15.3955021660321,-41.1195264403834,9.0131365956676,32.1063898447158
4.80470840021402,908,890,15.3955021660321,-41.1195264403834,9.0131365956676,32.1063898447158
4.80684858212948,907,889,15.3955021660321,-36.2319409076366,6.56934382929419,29.6625970783424
4.80898876404494,907,891,25.1706732315258,-41.1195264403834,1.68175829654738,39.437768143836
4.81112894596041,901,890,49.6086008952599,-24.0129770757695,-25.1999621335601,49.2129392093297
4.81326912787587,899,885,34.9458442970194,-6.90642771115568,-22.7561693671867,29.6625970783424
4.81540930979133,902,886,25.1706732315258,-16.6815987766493,-10.5372055353197,27.218804311969
4.81754949170679,904,888,25.1706732315258,-26.456769842143,-5.64962000257285,32.1063898447158
4.81968967362226,904,885,10.5079166332853,-19.1253915430227,1.68175829654738,17.4436332464754
4.82182985553772,904,883,0.732745567791682,-14.2378060102759,6.56934382929419,7.66846218098172
4.82397003745318,905,889,25.1706732315258,-31.3443553748898,-3.20582723619944,34.5501826110892
4.82611021936865,904,888,25.1706732315258,-26.456769842143,-5.64962000257285,32.1063898447158
4.82825040128411,904,885,10.5079166332853,-19.1253915430227,1.68175829654738,17.4436332464754
4.83039058319957,906,887,10.5079166332853,-28.9005626085164,6.56934382929419,22.3312187792222
4.83253076511503,905,888,20.283087698779,-28.9005626085164,-0.762034469826034,29.6625970783424
4.8346709470305,904,885,10.5079166332853,-19.1253915430227,1.68175829654738,17.4436332464754
4.83681112894596,905,886,10.5079166332853,-24.0129770757695,4.12555106292078,19.8874260128488
4.83895131086142,905,891,34.9458442970194,-36.2319409076366,-8.09341276894626,44.3253536765829
4.84109149277689,905,888,20.283087698779,-28.9005626085164,-0.762034469826034,29.6625970783424
4.84323167469235,904,886,15.3955021660321,-21.5691843093961,-0.762034469826034,22.3312187792222
4.84537185660781,905,892,39.8334298297662,-38.67573367401,-10.5372055353197,49.2129392093297
4.84751203852327,904,888,25.1706732315258,-26.456769842143,-5.64962000257285,32.1063898447158
4.84965222043874,904,885,10.5079166332853,-19.1253915430227,1.68175829654738,17.4436332464754
4.8517924023542,905,885,5.6203311005385,-21.5691843093961,6.56934382929419,14.9998404801019
4.85393258426966,905,890,30.0582587642726,-33.7881481412632,-5.64962000257285,39.437768143836
4.85607276618513,904,887,20.283087698779,-24.0129770757695,-3.20582723619944,27.218804311969
4.85821294810059,906,886,5.6203311005385,-26.456769842143,9.0131365956676,17.4436332464754
4.86035313001605,903,889,34.9458442970194,-26.456769842143,-12.9809983016931,39.437768143836
4.86249331193151,905,890,30.0582587642726,-33.7881481412632,-5.64962000257285,39.437768143836
4.86463349384698,905,886,10.5079166332853,-24.0129770757695,4.12555106292078,19.8874260128488
4.86677367576244,906,886,5.6203311005385,-26.456769842143,9.0131365956676,17.4436332464754
4.8689138576779,906,889,20.283087698779,-33.7881481412632,1.68175829654738,32.1063898447158
4.87105403959337,904,885,10.5079166332853,-19.1253915430227,1.68175829654738,17.4436332464754
4.87319422150883,904,887,20.283087698779,-24.0129770757695,-3.20582723619944,27.218804311969
4.87533440342429,904,892,44.7210153625131,-36.2319409076366,-15.4247910680665,51.6567319757031
4.87747458533975,904,889,30.0582587642726,-28.9005626085164,-8.09341276894626,36.9939753774626
4.87961476725522,905,886,10.5079166332853,-24.0129770757695,4.12555106292078,19.8874260128488
4.88175494917068,905,889,25.1706732315258,-31.3443553748898,-3.20582723619944,34.5501826110892
4.88389513108614,906,890,25.1706732315258,-36.2319409076366,-0.762034469826034,36.9939753774626
4.8860353130016,904,886,15.3955021660321,-21.5691843093961,-0.762034469826034,22.3312187792222
4.88817549491707,906,885,0.732745567791682,-24.0129770757695,11.456929362041,12.5560477137285
4.89031567683253,906,890,25.1706732315258,-36.2319409076366,-0.762034469826034,36.9939753774626
4.89245585874799,906,892,34.9458442970194,-41.1195264403834,-5.64962000257285,46.7691464429563
4.89459604066346,905,886,10.5079166332853,-24.0129770757695,4.12555106292078,19.8874260128488
4.89673622257892,905,888,20.283087698779,-28.9005626085164,-0.762034469826034,29.6625970783424
4.89887640449438,906,891,30.0582587642726,-38.67573367401,-3.20582723619944,41.8815609102094
4.90101658640984,904,887,20.283087698779,-24.0129770757695,-3.20582723619944,27.218804311969
4.90315676832531,905,886,10.5079166332853,-24.0129770757695,4.12555106292078,19.8874260128488
4.90529695024077,905,889,25.1706732315258,-31.3443553748898,-3.20582723619944,34.5501826110892
4.90743713215623,907,892,30.0582587642726,-43.5633192067568,-0.762034469826034,44.3253536765829
4.9095773140717,905,888,20.283087698779,-28.9005626085164,-0.762034469826034,29.6625970783424
4.91171749598716,905,888,20.283087698779,-28.9005626085164,-0.762034469826034,29.6625970783424
4.91385767790262,908,890,15.3955021660321,-41.1195264403834,9.0131365956676,32.1063898447158
4.91599785981808,906,888,15.3955021660321,-31.3443553748898,4.12555106292078,27.218804311969
4.91813804173355,906,888,15.3955021660321,-31.3443553748898,4.12555106292078,27.218804311969
4.92027822364901,907,891,25.1706732315258,-41.1195264403834,1.68175829654738,39.437768143836
4.92241840556447,908,890,15.3955021660321,-41.1195264403834,9.0131365956676,32.1063898447158
4.92455858747994,904,887,20.283087698779,-24.0129770757695,-3.20582723619944,27.218804311969
4.9266987693954,906,890,25.1706732315258,-36.2319409076366,-0.762034469826034,36.9939753774626
4.92883895131086,906,891,30.0582587642726,-38.67573367401,-3.20582723619944,41.8815609102094
4.93097913322632,904,888,25.1706732315258,-26.456769842143,-5.64962000257285,32.1063898447158
4.93311931514179,905,887,15.3955021660321,-26.456769842143,1.68175829654738,24.7750115455956
4.93525949705725,907,891,25.1706732315258,-41.1195264403834,1.68175829654738,39.437768143836
4.93739967897271,906,887,10.5079166332853,-28.9005626085164,6.56934382929419,22.3312187792222
4.93953986088818,905,885,5.6203311005385,-21.5691843093961,6.56934382929419,14.9998404801019
4.94168004280364,905,888,20.283087698779,-28.9005626085164,-0.762034469826034,29.6625970783424
4.9438202247191,904,889,30.0582587642726,-28.9005626085164,-8.09341276894626,36.9939753774626
4.94596040663456,903,886,20.283087698779,-19.1253915430227,-5.64962000257285,24.7750115455956
4.94810058855003,904,885,10.5079166332853,-19.1253915430227,1.68175829654738,17.4436332464754
4.95024077046549,906,892,34.9458442970194,-41.1195264403834,-5.64962000257285,46.7691464429563
4.95238095238095,905,890,30.0582587642726,-33.7881481412632,-5.64962000257285,39.437768143836
4.95452113429642,904,886,15.3955021660321,-21.5691843093961,-0.762034469826034,22.3312187792222
4.95666131621188,904,888,25.1706732315258,-26.456769842143,-5.64962000257285,32.1063898447158
4.95880149812734,906,889,20.283087698779,-33.7881481412632,1.68175829654738,32.1063898447158
4.9609416800428,905,886,10.5079166332853,-24.0129770757695,4.12555106292078,19.8874260128488
4.96308186195827,904,886,15.3955021660321,-21.5691843093961,-0.762034469826034,22.3312187792222
4.96522204387373,905,890,30.0582587642726,-33.7881481412632,-5.64962000257285,39.437768143836
4.96736222578919,907,890,20.283087698779,-38.67573367401,4.12555106292078,34.5501826110892
4.96950240770466,905,887,15.3955021660321,-26.456769842143,1.68175829654738,24.7750115455956
4.97164258962012,905,890,30.0582587642726,-33.7881481412632,-5.64962000257285,39.437768143836
4.97378277153558,906,889,20.283087698779,-33.7881481412632,1.68175829654738,32.1063898447158
4.97592295345104,904,886,15.3955021660321,-21.5691843093961,-0.762034469826034,22.3312187792222
4.97806313536651,904,886,15.3955021660321,-21.5691843093961,-0.762034469826034,22.3312187792222
4.98020331728197,906,888,15.3955021660321,-31.3443553748898,4.12555106292078,27.218804311969
4.98234349919743,905,885,5.6203311005385,-21.5691843093961,6.56934382929419,14.9998404801019
4.98448368111289,906,886,5.6203311005385,-26.456769842143,9.0131365956676,17.4436332464754
4.98662386302836,905,889,25.1706732315258,-31.3443553748898,-3.20582723619944,34.5501826110892
4.98876404494382,907,890,20.283087698779,-38.67573367401,4.12555106292078,34.5501826110892
4.99090422685928,907,884,-9.04242549770196,-24.0129770757695,18.7883076611612,5.22466941460831
4.99304440877475,905,883,-4.15483996495514,-16.6815987766493,11.456929362041,5.22466941460831
4.99518459069021,906,891,30.0582587642726,-38.67573367401,-3.20582723619944,41.8815609102094
4.99732477260567,905,887,15.3955021660321,-26.456769842143,1.68175829654738,24.7750115455956
4.99946495452113,905,886,10.5079166332853,-24.0129770757695,4.12555106292078,19.8874260128488
5.0016051364366,909,891,15.3955021660321,-46.0071119731302,11.456929362041,34.5501826110892
5.00374531835206,908,891,20.283087698779,-43.5633192067568,6.56934382929419,36.9939753774626
5.00588550026752,903,886,20.283087698779,-19.1253915430227,-5.64962000257285,24.7750115455956
5.00802568218299,905,886,10.5079166332853,-24.0129770757695,4.12555106292078,19.8874260128488
5.01016586409845,908,890,15.3955021660321,-41.1195264403834,9.0131365956676,32.1063898447158
5.01230604601391,909,888,0.732745567791682,-38.67573367401,18.7883076611612,19.8874260128488
5.01444622792937,906,885,0.732745567791682,-24.0129770757695,11.456929362041,12.5560477137285
5.01658640984484,907,890,20.283087698779,-38.67573367401,4.12555106292078,34.5501826110892
5.0187265917603,908,891,20.283087698779,-43.5633192067568,6.56934382929419,36.9939753774626
5.02086677367576,902,887,30.0582587642726,-19.1253915430227,-12.9809983016931,32.1063898447158
5.02300695559123,903,889,34.9458442970194,-26.456769842143,-12.9809983016931,39.437768143836
5.02514713750669,906,891,30.0582587642726,-38.67573367401,-3.20582723619944,41.8815609102094
5.02728731942215,905,886,10.5079166332853,-24.0129770757695,4.12555106292078,19.8874260128488
5.02942750133761,906,885,0.732745567791682,-24.0129770757695,11.456929362041,12.5560477137285
5.03156768325308,904,889,30.0582587642726,-28.9005626085164,-8.09341276894626,36.9939753774626
5.03370786516854,907,888,10.5079166332853,-33.7881481412632,9.0131365956676,24.7750115455956
5.035848047084,906,886,5.6203311005385,-26.456769842143,9.0131365956676,17.4436332464754
5.03798822899947,904,889,30.0582587642726,-28.9005626085164,-8.09341276894626,36.9939753774626
5.04012841091493,903,890,39.8334298297662,-28.9005626085164,-15.4247910680665,44.3253536765829
5.04226859283039,902,887,30.0582587642726,-19.1253915430227,-12.9809983016931,32.1063898447158
5.04440877474585,904,886,15.3955021660321,-21.5691843093961,-0.762034469826034,22.3312187792222
5.04654895666132,907,889,15.3955021660321,-36.2319409076366,6.56934382929419,29.6625970783424
5.04868913857678,907,889,15.3955021660321,-36.2319409076366,6.56934382929419,29.6625970783424
5.05082932049224,907,886,0.732745567791682,-28.9005626085164,13.9007221284144,14.9998404801019
5.0529695024077,904,888,25.1706732315258,-26.456769842143,-5.64962000257285,32.1063898447158
5.05510968432317,904,890,34.9458442970194,-31.3443553748898,-10.5372055353197,41.8815609102094
5.05724986623863,901,886,30.0582587642726,-14.2378060102759,-15.4247910680665,29.6625970783424
5.05939004815409,905,885,5.6203311005385,-21.5691843093961,6.56934382929419,14.9998404801019
5.06153023006956,906,889,20.283087698779,-33.7881481412632,1.68175829654738,32.1063898447158
5.06367041198502,908,887,0.732745567791682,-33.7881481412632,16.3445148947878,17.4436332464754
5.06581059390048,904,884,5.6203311005385,-16.6815987766493,4.12555106292078,12.5560477137285
5.06795077581594,907,887,5.6203311005385,-31.3443553748898,11.456929362041,19.8874260128488
5.07009095773141,908,888,5.6203311005385,-36.2319409076366,13.9007221284144,22.3312187792222
5.07223113964687,909,888,0.732745567791682,-38.67573367401,18.7883076611612,19.8874260128488
5.07437132156233,908,889,10.5079166332853,-38.67573367401,11.456929362041,27.218804311969
5.0765115034778,909,889,5.6203311005385,-41.1195264403834,16.3445148947878,24.7750115455956
5.07865168539326,906,891,30.0582587642726,-38.67573367401,-3.20582723619944,41.8815609102094
5.08079186730872,906,888,15.3955021660321,-31.3443553748898,4.12555106292078,27.218804311969
5.08293204922418,908,889,10.5079166332853,-38.67573367401,11.456929362041,27.218804311969
5.08507223113965,906,889,20.283087698779,-33.7881481412632,1.68175829654738,32.1063898447158
5.08721241305511,897,886,49.6086008952599,-4.46263494478227,-34.9751331990538,39.437768143836
5.08935259497057,903,889,34.9458442970194,-26.456769842143,-12.9809983016931,39.437768143836
5.09149277688604,906,894,44.7210153625131,-46.0071119731302,-10.5372055353197,56.5443175084499
5.0936329588015,903,890,39.8334298297662,-28.9005626085164,-15.4247910680665,44.3253536765829
5.09577314071696,904,889,30.0582587642726,-28.9005626085164,-8.09341276894626,36.9939753774626
5.09791332263242,906,891,30.0582587642726,-38.67573367401,-3.20582723619944,41.8815609102094
5.10005350454789,907,893,34.9458442970194,-46.0071119731302,-3.20582723619944,49.2129392093297
5.10219368646335,907,886,0.732745567791682,-28.9005626085164,13.9007221284144,14.9998404801019
5.10433386837881,909,887,-4.15483996495514,-36.2319409076366,21.2321004275347,14.9998404801019
5.10647405029427,909,894,30.0582587642726,-53.3384902722505,4.12555106292078,49.2129392093297
5.10861423220974,909,891,15.3955021660321,-46.0071119731302,11.456929362041,34.5501826110892
5.1107544141252,908,889,10.5079166332853,-38.67573367401,11.456929362041,27.218804311969
5.11289459604066,909,890,10.5079166332853,-43.5633192067568,13.9007221284144,29.6625970783424
5.11503477795613,908,893,30.0582587642726,-48.4509047395036,1.68175829654738,46.7691464429563
5.11717495987159,904,888,25.1706732315258,-26.456769842143,-5.64962000257285,32.1063898447158
5.11931514178705,904,888,25.1706732315258,-26.456769842143,-5.64962000257285,32.1063898447158
5.12145532370251,904,889,30.0582587642726,-28.9005626085164,-8.09341276894626,36.9939753774626
5.12359550561798,907,890,20.283087698779,-38.67573367401,4.12555106292078,34.5501826110892
5.12573568753344,907,889,15.3955021660321,-36.2319409076366,6.56934382929419,29.6625970783424
5.1278758694489,907,894,39.8334298297662,-48.4509047395036,-5.64962000257285,54.1005247420765
5.13001605136437,911,894,20.283087698779,-58.2260758049973,13.9007221284144,44.3253536765829
5.13215623327983,912,893,10.5079166332853,-58.2260758049973,21.2321004275347,36.9939753774626
5.13429641519529,913,893,5.6203311005385,-60.6698685713707,26.1196859602815,34.5501826110892
5.13643659711075,913,898,30.0582587642726,-72.8888324032377,13.9007221284144,58.9881102748233
5.13857677902622,913,895,15.3955021660321,-65.5574541041175,21.2321004275346,44.3253536765829
5.14071696094168,913,898,30.0582587642726,-72.8888324032377,13.9007221284144,58.9881102748233
5.14285714285714,914,901,39.8334298297662,-82.6640034687314,11.456929362041,71.2070741066904
5.14499732477261,911,898,39.8334298297662,-68.0012468704909,4.12555106292078,63.8756958075701
5.14713750668807,908,893,30.0582587642726,-48.4509047395036,1.68175829654738,46.7691464429563
5.14927768860353,906,892,34.9458442970194,-41.1195264403834,-5.64962000257285,46.7691464429563
5.15141787051899,905,893,44.7210153625131,-41.1195264403834,-12.9809983016931,54.1005247420765
5.15355805243446,902,886,25.1706732315258,-16.6815987766493,-10.5372055353197,27.218804311969
5.15569823434992,901,883,15.3955021660321,-6.90642771115568,-8.09341276894626,14.9998404801019
5.15783841626538,902,888,34.9458442970194,-21.5691843093961,-15.4247910680665,36.9939753774626
5.15997859818085,902,887,30.0582587642726,-19.1253915430227,-12.9809983016931,32.1063898447158
5.16211878009631,901,883,15.3955021660321,-6.90642771115568,-8.09341276894626,14.9998404801019
5.16425896201177,903,885,15.3955021660321,-16.6815987766493,-3.20582723619944,19.8874260128488
5.16639914392723,903,888,30.0582587642726,-24.0129770757695,-10.5372055353197,34.5501826110892
5.1685393258427,906,885,0.732745567791682,-24.0129770757695,11.456929362041,12.5560477137285
5.17067950775816,904,885,10.5079166332853,-19.1253915430227,1.68175829654738,17.4436332464754
5.17281968967362,905,889,25.1706732315258,-31.3443553748898,-3.20582723619944,34.5501826110892
5.17495987158908,906,888,15.3955021660321,-31.3443553748898,4.12555106292078,27.218804311969
5.17710005350455,907,886,0.732745567791682,-28.9005626085164,13.9007221284144,14.9998404801019
5.17924023542001,906,888,15.3955021660321,-31.3443553748898,4.12555106292078,27.218804311969
5.18138041733547,905,891,34.9458442970194,-36.2319409076366,-8.09341276894626,44.3253536765829
5.18352059925094,905,887,15.3955021660321,-26.456769842143,1.68175829654738,24.7750115455956
5.1856607811664,906,887,10.5079166332853,-28.9005626085164,6.56934382929419,22.3312187792222
5.18780096308186,905,889,25.1706732315258,-31.3443553748898,-3.20582723619944,34.5501826110892
5.18994114499732,905,890,30.0582587642726,-33.7881481412632,-5.64962000257285,39.437768143836
5.19208132691279,904,886,15.3955021660321,-21.5691843093961,-0.762034469826034,22.3312187792222
5.19422150882825,904,888,25.1706732315258,-26.456769842143,-5.64962000257285,32.1063898447158
5.19636169074371,907,892,30.0582587642726,-43.5633192067568,-0.762034469826034,44.3253536765829
5.19850187265918,905,887,15.3955021660321,-26.456769842143,1.68175829654738,24.7750115455956
5.20064205457464,906,887,10.5079166332853,-28.9005626085164,6.56934382929419,22.3312187792222
5.2027822364901,905,889,25.1706732315258,-31.3443553748898,-3.20582723619944,34.5501826110892
5.20492241840556,906,889,20.283087698779,-33.7881481412632,1.68175829654738,32.1063898447158
5.20706260032103,906,885,0.732745567791682,-24.0129770757695,11.456929362041,12.5560477137285
5.20920278223649,906,887,10.5079166332853,-28.9005626085164,6.56934382929419,22.3312187792222
5.21134296415195,906,889,20.283087698779,-33.7881481412632,1.68175829654738,32.1063898447158
5.21348314606742,904,886,15.3955021660321,-21.5691843093961,-0.762034469826034,22.3312187792222
5.21562332798288,905,888,20.283087698779,-28.9005626085164,-0.762034469826034,29.6625970783424
5.21776350989834,906,890,25.1706732315258,-36.2319409076366,-0.762034469826034,36.9939753774626
5.2199036918138,905,889,25.1706732315258,-31.3443553748898,-3.20582723619944,34.5501826110892
5.22204387372927,905,887,15.3955021660321,-26.456769842143,1.68175829654738,24.7750115455956
5.22418405564473,905,888,20.283087698779,-28.9005626085164,-0.762034469826034,29.6625970783424
5.22632423756019,907,889,15.3955021660321,-36.2319409076366,6.56934382929419,29.6625970783424
5.22846441947566,904,886,15.3955021660321,-21.5691843093961,-0.762034469826034,22.3312187792222
5.23060460139112,904,886,15.3955021660321,-21.5691843093961,-0.762034469826034,22.3312187792222
5.23274478330658,903,889,34.9458442970194,-26.456769842143,-12.9809983016931,39.437768143836
5.23488496522204,902,890,44.7210153625131,-26.456769842143,-20.3123766008133,46.7691464429563
5.23702514713751,902,886,25.1706732315258,-16.6815987766493,-10.5372055353197,27.218804311969
5.23916532905297,906,889,20.283087698779,-33.7881481412632,1.68175829654738,32.1063898447158
5.24130551096843,906,889,20.283087698779,-33.7881481412632,1.68175829654738,32.1063898447158
5.2434456928839,904,886,15.3955021660321,-21.5691843093961,-0.762034469826034,22.3312187792222
5.24558587479936,903,886,20.283087698779,-19.1253915430227,-5.64962000257285,24.7750115455956
5.24772605671482,906,890,25.1706732315258,-36.2319409076366,-0.762034469826034,36.9939753774626
5.24986623863028,903,890,39.8334298297662,-28.9005626085164,-15.4247910680665,44.3253536765829
5.25200642054575,905,888,20.283087698779,-28.9005626085164,-0.762034469826034,29.6625970783424
5.25414660246121,904,892,44.7210153625131,-36.2319409076366,-15.4247910680665,51.6567319757031
5.25628678437667,905,891,34.9458442970194,-36.2319409076366,-8.09341276894626,44.3253536765829
5.25842696629214,906,887,10.5079166332853,-28.9005626085164,6.56934382929419,22.3312187792222
5.2605671482076,907,885,-4.15483996495514,-26.456769842143,16.3445148947878,10.1122549473551
5.26270733012306,906,889,20.283087698779,-33.7881481412632,1.68175829654738,32.1063898447158
5.26484751203852,906,888,15.3955021660321,-31.3443553748898,4.12555106292078,27.218804311969
5.26698769395399,904,888,25.1706732315258,-26.456769842143,-5.64962000257285,32.1063898447158
5.26912787586945,904,891,39.8334298297662,-33.7881481412632,-12.9809983016931,46.7691464429563
5.27126805778491,904,889,30.0582587642726,-28.9005626085164,-8.09341276894626,36.9939753774626
5.27340823970037,904,886,15.3955021660321,-21.5691843093961,-0.762034469826034,22.3312187792222
5.27554842161584,904,887,20.283087698779,-24.0129770757695,-3.20582723619944,27.218804311969
5.2776886035313,903,889,34.9458442970194,-26.456769842143,-12.9809983016931,39.437768143836
5.27982878544676,906,886,5.6203311005385,-26.456769842143,9.0131365956676,17.4436332464754
5.28196896736223,904,885,10.5079166332853,-19.1253915430227,1.68175829654738,17.4436332464754
5.28410914927769,906,890,25.1706732315258,-36.2319409076366,-0.762034469826034,36.9939753774626
5.28624933119315,905,891,34.9458442970194,-36.2319409076366,-8.09341276894626,44.3253536765829
5.28838951310861,906,886,5.6203311005385,-26.456769842143,9.0131365956676,17.4436332464754
5.29052969502408,904,887,20.283087698779,-24.0129770757695,-3.20582723619944,27.218804311969
5.29266987693954,906,892,34.9458442970194,-41.1195264403834,-5.64962000257285,46.7691464429563
5.294810058855,905,889,25.1706732315258,-31.3443553748898,-3.20582723619944,34.5501826110892
5.29695024077047,905,886,10.5079166332853,-24.0129770757695,4.12555106292078,19.8874260128488
5.29909042268593,905,889,25.1706732315258,-31.3443553748898,-3.20582723619944,34.5501826110892
5.30123060460139,905,892,39.8334298297662,-38.67573367401,-10.5372055353197,49.2129392093297
5.30337078651685,904,888,25.1706732315258,-26.456769842143,-5.64962000257285,32.1063898447158
5.30551096843232,905,890,30.0582587642726,-33.7881481412632,-5.64962000257285,39.437768143836
5.30765115034778,906,893,39.8334298297662,-43.5633192067568,-8.09341276894626,51.6567319757031
5.30979133226324,905,888,20.283087698779,-28.9005626085164,-0.762034469826034,29.6625970783424
5.31193151417871,904,888,25.1706732315258,-26.456769842143,-5.64962000257285,32.1063898447158
5.31407169609417,906,891,30.0582587642726,-38.67573367401,-3.20582723619944,41.8815609102094
5.31621187800963,906,890,25.1706732315258,-36.2319409076366,-0.762034469826034,36.9939753774626
5.31835205992509,905,887,15.3955021660321,-26.456769842143,1.68175829654738,24.7750115455956
5.32049224184056,904,891,39.8334298297662,-33.7881481412632,-12.9809983016931,46.7691464429563
5.32263242375602,905,891,34.9458442970194,-36.2319409076366,-8.09341276894626,44.3253536765829
5.32477260567148,903,888,30.0582587642726,-24.0129770757695,-10.5372055353197,34.5501826110892
5.32691278758695,904,886,15.3955021660321,-21.5691843093961,-0.762034469826034,22.3312187792222
5.32905296950241,907,893,34.9458442970194,-46.0071119731302,-3.20582723619944,49.2129392093297
5.33119315141787,906,892,34.9458442970194,-41.1195264403834,-5.64962000257285,46.7691464429563
5.33333333333333,903,886,20.283087698779,-19.1253915430227,-5.64962000257285,24.7750115455956
5.3354735152488,906,890,25.1706732315258,-36.2319409076366,-0.762034469826034,36.9939753774626
5.33761369716426,907,894,39.8334298297662,-48.4509047395036,-5.64962000257285,54.1005247420765
5.33975387907972,906,888,15.3955021660321,-31.3443553748898,4.12555106292078,27.218804311969
5.34189406099518,905,886,10.5079166332853,-24.0129770757695,4.12555106292078,19.8874260128488
5.34403424291065,906,892,34.9458442970194,-41.1195264403834,-5.64962000257285,46.7691464429563
5.34617442482611,905,891,34.9458442970194,-36.2319409076366,-8.09341276894626,44.3253536765829
5.34831460674157,903,888,30.0582587642726,-24.0129770757695,-10.5372055353197,34.5501826110892
5.35045478865704,903,890,39.8334298297662,-28.9005626085164,-15.4247910680665,44.3253536765829
5.3525949705725,904,889,30.0582587642726,-28.9005626085164,-8.09341276894626,36.9939753774626
5.35473515248796,905,887,15.3955021660321,-26.456769842143,1.68175829654738,24.7750115455956
5.35687533440342,904,888,25.1706732315258,-26.456769842143,-5.64962000257285,32.1063898447158
5.35901551631889,906,891,30.0582587642726,-38.67573367401,-3.20582723619944,41.8815609102094
5.36115569823435,904,890,34.9458442970194,-31.3443553748898,-10.5372055353197,41.8815609102094
5.36329588014981,904,887,20.283087698779,-24.0129770757695,-3.20582723619944,27.218804311969
5.36543606206528,904,891,39.8334298297662,-33.7881481412632,-12.9809983016931,46.7691464429563
5.36757624398074,904,888,25.1706732315258,-26.456769842143,-5.64962000257285,32.1063898447158
5.3697164258962,903,887,25.1706732315258,-21.5691843093961,-8.09341276894626,29.6625970783424
5.37185660781166,904,888,25.1706732315258,-26.456769842143,-5.64962000257285,32.1063898447158
5.37399678972713,905,892,39.8334298297662,-38.67573367401,-10.5372055353197,49.2129392093297
5.37613697164259,904,890,34.9458442970194,-31.3443553748898,-10.5372055353197,41.8815609102094
5.37827715355805,904,888,25.1706732315258,-26.456769842143,-5.64962000257285,32.1063898447158
5.38041733547352,905,893,44.7210153625131,-41.1195264403834,-12.9809983016931,54.1005247420765
5.38255751738898,905,892,39.8334298297662,-38.67573367401,-10.5372055353197,49.2129392093297
5.38469769930444,903,886,20.283087698779,-19.1253915430227,-5.64962000257285,24.7750115455956
5.3868378812199,903,884,10.5079166332853,-14.2378060102759,-0.762034469826034,14.9998404801019
5.38897806313537,903,891,44.7210153625131,-31.3443553748898,-17.8685838344399,49.2129392093297
5.39111824505083,903,889,34.9458442970194,-26.456769842143,-12.9809983016931,39.437768143836
5.39325842696629,904,885,10.5079166332853,-19.1253915430227,1.68175829654738,17.4436332464754
5.39539860888175,904,887,20.283087698779,-24.0129770757695,-3.20582723619944,27.218804311969
5.39753879079722,903,889,34.9458442970194,-26.456769842143,-12.9809983016931,39.437768143836
5.39967897271268,904,885,10.5079166332853,-19.1253915430227,1.68175829654738,17.4436332464754
5.40181915462814,904,886,15.3955021660321,-21.5691843093961,-0.762034469826034,22.3312187792222
5.40395933654361,902,888,34.9458442970194,-21.5691843093961,-15.4247910680665,36.9939753774626
5.40609951845907,903,886,20.283087698779,-19.1253915430227,-5.64962000257285,24.7750115455956
5.40823970037453,903,886,20.283087698779,-19.1253915430227,-5.64962000257285,24.7750115455956
5.41037988228999,903,889,34.9458442970194,-26.456769842143,-12.9809983016931,39.437768143836
5.41252006420546,904,889,30.0582587642726,-28.9005626085164,-8.09341276894626,36.9939753774626
5.41466024612092,902,885,20.283087698779,-14.2378060102759,-8.09341276894626,22.3312187792222
5.41680042803638,903,886,20.283087698779,-19.1253915430227,-5.64962000257285,24.7750115455956
5.41894060995185,905,890,30.0582587642726,-33.7881481412632,-5.64962000257285,39.437768143836
5.42108079186731,902,884,15.3955021660321,-11.7940132439025,-5.64962000257285,17.4436332464754
5.42322097378277,902,884,15.3955021660321,-11.7940132439025,-5.64962000257285,17.4436332464754
5.42536115569823,906,890,25.1706732315258,-36.2319409076366,-0.762034469826034,36.9939753774626
5.4275013376137,905,891,34.9458442970194,-36.2319409076366,-8.09341276894626,44.3253536765829
5.42964151952916,903,886,20.283087698779,-19.1253915430227,-5.64962000257285,24.7750115455956
5.43178170144462,904,888,25.1706732315258,-26.456769842143,-5.64962000257285,32.1063898447158
5.43392188336009,906,892,34.9458442970194,-41.1195264403834,-5.64962000257285,46.7691464429563
5.43606206527555,904,888,25.1706732315258,-26.456769842143,-5.64962000257285,32.1063898447158
5.43820224719101,903,884,10.5079166332853,-14.2378060102759,-0.762034469826034,14.9998404801019
5.44034242910647,906,890,25.1706732315258,-36.2319409076366,-0.762034469826034,36.9939753774626
5.44248261102194,906,892,34.9458442970194,-41.1195264403834,-5.64962000257285,46.7691464429563
5.4446227929374,906,888,15.3955021660321,-31.3443553748898,4.12555106292078,27.218804311969
5.44676297485286,906,889,20.283087698779,-33.7881481412632,1.68175829654738,32.1063898447158
5.44890315676833,904,891,39.8334298297662,-33.7881481412632,-12.9809983016931,46.7691464429563
5.45104333868379,903,891,44.7210153625131,-31.3443553748898,-17.8685838344399,49.2129392093297
5.45318352059925,904,888,25.1706732315258,-26.456769842143,-5.64962000257285,32.1063898447158
5.45532370251471,906,891,30.0582587642726,-38.67573367401,-3.20582723619944,41.8815609102094
5.45746388443018,904,891,39.8334298297662,-33.7881481412632,-12.9809983016931,46.7691464429563
5.45960406634564,903,887,25.1706732315258,-21.5691843093961,-8.09341276894626,29.6625970783424
5.4617442482611,904,890,34.9458442970194,-31.3443553748898,-10.5372055353197,41.8815609102094
5.46388443017656,907,891,25.1706732315258,-41.1195264403834,1.68175829654738,39.437768143836
5.46602461209203,903,890,39.8334298297662,-28.9005626085164,-15.4247910680665,44.3253536765829
5.46816479400749,904,892,44.7210153625131,-36.2319409076366,-15.4247910680665,51.6567319757031
5.47030497592295,905,893,44.7210153625131,-41.1195264403834,-12.9809983016931,54.1005247420765
5.47244515783842,902,891,49.6086008952599,-28.9005626085164,-22.7561693671867,51.6567319757031
5.47458533975388,902,887,30.0582587642726,-19.1253915430227,-12.9809983016931,32.1063898447158
5.47672552166934,903,890,39.8334298297662,-28.9005626085164,-15.4247910680665,44.3253536765829
5.4788657035848,903,888,30.0582587642726,-24.0129770757695,-10.5372055353197,34.5501826110892
5.48100588550027,904,884,5.6203311005385,-16.6815987766493,4.12555106292078,12.5560477137285
5.48314606741573,903,882,0.732745567791682,-9.35022047752909,4.12555106292078,5.22466941460831
5.48528624933119,904,888,25.1706732315258,-26.456769842143,-5.64962000257285,32.1063898447158
5.48742643124666,903,887,25.1706732315258,-21.5691843093961,-8.09341276894626,29.6625970783424
5.48956661316212,901,876,-18.8175965631956,10.2001216534582,9.0131365956676,-19.2132582491258
5.49170679507758,902,876,-23.7051820959424,7.75632888708477,13.9007221284144,-21.6570510154992
5.49384697699304,901,878,-9.04242549770196,5.31253612071136,4.12555106292078,-9.43808718363215
5.49598715890851,902,876,-23.7051820959424,7.75632888708477,13.9007221284144,-21.6570510154992
5.49812734082397,901,877,-13.9300110304488,7.75632888708477,6.56934382929419,-14.325672716379
5.50026752273943,902,884,15.3955021660321,-11.7940132439025,-5.64962000257285,17.4436332464754
5.5024077046549,904,883,0.732745567791682,-14.2378060102759,6.56934382929419,7.66846218098172
5.50454788657036,904,882,-4.15483996495514,-11.7940132439025,9.0131365956676,2.7808766482349
5.50668806848582,902,883,10.5079166332853,-9.35022047752909,-3.20582723619944,12.5560477137285
5.50882825040128,903,887,25.1706732315258,-21.5691843093961,-8.09341276894626,29.6625970783424
5.51096843231675,905,882,-9.04242549770196,-14.2378060102759,13.9007221284144,0.337083881861489
5.51310861423221,903,883,5.6203311005385,-11.7940132439025,1.68175829654738,10.1122549473551
5.51524879614767,904,887,20.283087698779,-24.0129770757695,-3.20582723619944,27.218804311969
5.51738897806314,905,885,5.6203311005385,-21.5691843093961,6.56934382929419,14.9998404801019
5.5195291599786,905,885,5.6203311005385,-21.5691843093961,6.56934382929419,14.9998404801019
5.52166934189406,903,888,30.0582587642726,-24.0129770757695,-10.5372055353197,34.5501826110892
5.52380952380952,904,887,20.283087698779,-24.0129770757695,-3.20582723619944,27.218804311969
5.52594970572499,902,883,10.5079166332853,-9.35022047752909,-3.20582723619944,12.5560477137285
5.52808988764045,903,882,0.732745567791682,-9.35022047752909,4.12555106292078,5.22466941460831
5.53023006955591,895,842,-155.669991480107,107.951832308395,62.7765774558826,-170.728409764277
5.53237025147138,880,796,-307.185142995258,257.023191057173,101.877261717857,-358.90045277503
5.53451043338684,876,785,-341.398241724486,293.680082552774,109.208640016977,-402.888722569751
5.5366506153023,879,791,-326.735485126245,271.685947655413,109.208640016977,-380.89458767239
5.53879079721776,882,799,-302.297557462511,244.804227225305,104.321054484231,-349.125281709536
5.54093097913323,879,797,-297.409971929764,257.023191057173,94.5458834187369,-351.569074475909
5.54307116104869,883,805,-277.859629798777,227.697677860692,94.5458834187369,-322.243561279429
5.54521134296415,883,813,-238.758945536802,208.147335729704,74.9955412877496,-283.142877017454
5.54735152487961,887,817,-238.758945536802,188.596993598717,84.7707123532433,-273.36770595196
5.54949170679508,886,820,-219.208603405815,183.70940806597,72.5517485213763,-256.261156587347
5.55163188871054,888,831,-175.220333611094,151.940102103116,55.4451991567624,-207.385301259878
5.553772070626,889,834,-165.4451625456,142.164931037622,53.001406390389,-195.166337428011
5.55591225254147,889,834,-165.4451625456,142.164931037622,53.001406390389,-195.166337428011
5.55805243445693,889,832,-175.220333611094,147.052516570369,57.8889919231358,-204.941508493505
5.56019261637239,891,837,-160.557577012853,129.945967205755,55.4451991567624,-185.391166362518
5.56233279828785,890,837,-155.669991480107,132.389759972129,50.5576136240156,-182.947373596144
5.56447298020332,889,835,-160.557577012853,139.721138271249,50.5576136240156,-190.278751895264
5.56661316211878,889,835,-160.557577012853,139.721138271249,50.5576136240156,-190.278751895264
5.56875334403424,891,834,-175.220333611094,137.277345504875,62.7765774558826,-200.053922960758
5.57089352594971,887,817,-238.758945536802,188.596993598717,84.7707123532433,-273.36770595196
5.57303370786517,888,815,-253.421702135043,191.04078636509,94.5458834187369,-285.586669783827
5.57517388978063,885,821,-209.433432340322,183.70940806597,65.220370222256,-248.929778288226
5.57731407169609,885,816,-233.871360004056,195.928371897837,77.4393340541231,-273.36770595196
5.57945425361156,887,823,-209.433432340322,173.934237000477,70.1079557550028,-244.042192755479
5.58159443552702,891,834,-175.220333611094,137.277345504875,62.7765774558826,-200.053922960758
5.58373461744248,892,842,-141.007234881866,115.283210607515,48.1138208576422,-163.397031465157
5.58587479935795,894,847,-126.344478283626,98.1766612429009,45.6700280912687,-143.84668933417
5.58801498127341,893,853,-92.1313795543979,85.9576974110339,26.1196859602815,-112.077383371315
5.59015516318887,897,860,-77.4686229561574,59.0759769809264,28.5634787266549,-87.6394557075812
5.59229534510433,895,862,-57.9182808251701,59.0759769809264,13.9007221284144,-72.9766991093408
5.5944355270198,896,866,-43.2555242269297,46.8570131490593,9.0131365956676,-55.8701497447269
5.59657570893526,899,872,-28.5927676286892,24.8628782516986,9.0131365956676,-33.8760148473662
5.59871589085072,902,877,-18.8175965631956,5.31253612071136,11.456929362041,-16.7694654827524
5.60085607276619,902,875,-28.5927676286892,10.2001216534582,16.3445148947878,-26.544636548246
5.60299625468165,902,880,-4.15483996495514,-2.01884217840886,4.12555106292078,-2.10670888451192
5.60513643659711,904,884,5.6203311005385,-16.6815987766493,4.12555106292078,12.5560477137285
5.60727661851257,903,884,10.5079166332853,-14.2378060102759,-0.762034469826034,14.9998404801019
5.60941680042804,903,887,25.1706732315258,-21.5691843093961,-8.09341276894626,29.6625970783424
5.6115569823435,906,888,15.3955021660321,-31.3443553748898,4.12555106292078,27.218804311969
5.61369716425896,905,886,10.5079166332853,-24.0129770757695,4.12555106292078,19.8874260128488
5.61583734617443,903,887,25.1706732315258,-21.5691843093961,-8.09341276894626,29.6625970783424
5.61797752808989,901,881,5.6203311005385,-2.01884217840886,-3.20582723619944,5.22466941460831
5.62011771000535,897,859,-82.3562084889042,61.5197697472998,31.0072714930283,-92.5270412403281
5.62225789192081,891,837,-160.557577012853,129.945967205755,55.4451991567624,-185.391166362518
5.62439807383628,888,826,-199.658261274828,164.159065934983,67.6641629886294,-231.823228923612
5.62653825575174,887,828,-184.995504676587,161.71527316861,57.8889919231358,-219.604265091745
5.6286784376672,890,835,-165.4451625456,137.277345504875,55.4451991567624,-192.722544661638
5.63081861958266,890,838,-150.78240594736,129.945967205755,48.1138208576421,-178.059788063397
5.63295880149813,893,848,-116.569307218132,98.1766612429009,38.3386497921485,-136.515311035049
5.63509898341359,895,853,-101.906550619892,81.0701118782871,35.8948570257751,-116.964968904062
5.63723916532905,898,855,-106.794136152638,68.85114804642,45.6700280912687,-114.521176137689
5.63937934724452,897,860,-77.4686229561574,59.0759769809264,28.5634787266549,-87.6394557075812
5.64151952915998,901,870,-48.1431097596765,24.8628782516986,23.6758931939081,-48.5387714456067
5.64365971107544,900,874,-23.7051820959424,17.5314999525784,9.0131365956676,-26.544636548246
5.6457998929909,898,871,-28.5927676286892,29.7504637844455,6.56934382929419,-36.3198076137397
5.64794007490637,902,874,-33.480353161436,12.6439144198316,18.7883076611612,-31.4322220809928
5.65008025682183,901,878,-9.04242549770196,5.31253612071136,4.12555106292078,-9.43808718363215
5.65222043873729,900,874,-23.7051820959424,17.5314999525784,9.0131365956676,-26.544636548246
5.65436062065276,902,872,-43.2555242269297,17.5314999525784,23.6758931939081,-41.2073931464865
5.65650080256822,902,879,-9.04242549770196,0.424950587964545,6.56934382929419,-6.99429441725874
5.65864098448368,901,879,-4.15483996495514,2.86874335433795,1.68175829654738,-4.55050165088533
5.66078116639914,902,876,-23.7051820959424,7.75632888708477,13.9007221284144,-21.6570510154992
5.66292134831461,902,881,0.732745567791682,-4.46263494478227,1.68175829654738,2.7808766482349
5.66506153023007,903,882,0.732745567791682,-9.35022047752909,4.12555106292078,5.22466941460831
5.66720171214553,905,882,-9.04242549770196,-14.2378060102759,13.9007221284144,0.337083881861489
5.669341894061,906,880,-23.7051820959424,-11.7940132439025,23.6758931939081,-11.8818799500056
5.67148207597646,905,883,-4.15483996495514,-16.6815987766493,11.456929362041,5.22466941460831
5.67362225789192,906,883,-9.04242549770196,-19.1253915430227,16.3445148947878,2.7808766482349
5.67576243980738,906,881,-18.8175965631956,-14.2378060102759,21.2321004275347,-6.99429441725874
5.67790262172285,907,887,5.6203311005385,-31.3443553748898,11.456929362041,19.8874260128488
5.68004280363831,909,888,0.732745567791682,-38.67573367401,18.7883076611612,19.8874260128488
5.68218298555377,907,886,0.732745567791682,-28.9005626085164,13.9007221284144,14.9998404801019
5.68432316746923,907,890,20.283087698779,-38.67573367401,4.12555106292078,34.5501826110892
5.6864633493847,908,894,34.9458442970194,-50.894697505877,-0.762034469826034,51.6567319757031
5.68860353130016,905,890,30.0582587642726,-33.7881481412632,-5.64962000257285,39.437768143836
5.69074371321562,905,886,10.5079166332853,-24.0129770757695,4.12555106292078,19.8874260128488
5.69288389513109,906,889,20.283087698779,-33.7881481412632,1.68175829654738,32.1063898447158
5.69502407704655,903,886,20.283087698779,-19.1253915430227,-5.64962000257285,24.7750115455956
5.69716425896201,904,885,10.5079166332853,-19.1253915430227,1.68175829654738,17.4436332464754
5.69930444087747,902,881,0.732745567791682,-4.46263494478227,1.68175829654738,2.7808766482349
5.70144462279294,904,883,0.732745567791682,-14.2378060102759,6.56934382929419,7.66846218098172
5.7035848047084,898,877,0.732745567791682,15.087707186205,-8.09341276894626,-6.99429441725874
5.70572498662386,898,879,10.5079166332853,10.2001216534582,-12.9809983016931,2.7808766482349
5.70786516853933,899,881,15.3955021660321,2.86874335433795,-12.9809983016931,10.1122549473551
5.71000535045479,904,881,-9.04242549770196,-9.35022047752909,11.456929362041,-2.10670888451192
5.71214553237025,905,881,-13.9300110304488,-11.7940132439025,16.3445148947878,-4.55050165088533
5.71428571428571,906,891,30.0582587642726,-38.67573367401,-3.20582723619944,41.8815609102094
5.71642589620118,907,892,30.0582587642726,-43.5633192067568,-0.762034469826034,44.3253536765829
5.71856607811664,908,894,34.9458442970194,-50.894697505877,-0.762034469826034,51.6567319757031
5.7207062600321,907,894,39.8334298297662,-48.4509047395036,-5.64962000257285,54.1005247420765
5.72284644194757,909,895,34.9458442970194,-55.7822830386239,1.68175829654737,54.1005247420765
5.72498662386303,907,897,54.4961864280067,-55.7822830386239,-12.9809983016931,68.763281340317
5.72712680577849,908,891,20.283087698779,-43.5633192067568,6.56934382929419,36.9939753774626
5.72926698769395,907,894,39.8334298297662,-48.4509047395036,-5.64962000257285,54.1005247420765
5.73140716960942,907,898,59.3837719607535,-58.2260758049973,-15.4247910680665,73.6508668730638
5.73354735152488,908,894,34.9458442970194,-50.894697505877,-0.762034469826034,51.6567319757031
5.73568753344034,908,892,25.1706732315258,-46.0071119731302,4.12555106292078,41.8815609102094
5.73782771535581,908,893,30.0582587642726,-48.4509047395036,1.68175829654738,46.7691464429563
5.73996789727127,907,898,59.3837719607535,-58.2260758049973,-15.4247910680665,73.6508668730638
5.74210807918673,904,890,34.9458442970194,-31.3443553748898,-10.5372055353197,41.8815609102094
5.74424826110219,904,894,54.4961864280067,-41.1195264403834,-20.3123766008133,61.4319030411967
5.74638844301766,905,894,49.6086008952599,-43.5633192067568,-15.4247910680665,58.9881102748233
5.74852862493312,906,893,39.8334298297662,-43.5633192067568,-8.09341276894626,51.6567319757031
5.75066880684858,905,896,59.3837719607535,-48.4509047395036,-20.3123766008133,68.763281340317
5.75280898876404,907,898,59.3837719607535,-58.2260758049973,-15.4247910680665,73.6508668730638
5.75494917067951,907,895,44.7210153625131,-50.8946975058771,-8.09341276894627,58.9881102748233
5.75708935259497,908,893,30.0582587642726,-48.4509047395036,1.68175829654738,46.7691464429563
5.75922953451043,907,897,54.4961864280067,-55.7822830386239,-12.9809983016931,68.763281340317
5.7613697164259,907,899,64.2713574935003,-60.6698685713707,-17.8685838344399,78.5384524058106
5.76350989834136,908,898,54.4961864280067,-60.6698685713707,-10.5372055353197,71.2070741066904
5.76565008025682,910,900,54.4961864280067,-70.4450396368643,-5.64962000257285,76.0946596394372
5.76779026217228,910,904,74.046528558994,-80.220210702358,-15.4247910680665,95.6450017704245
5.76993044408775,911,905,74.046528558994,-85.1077962351048,-12.9809983016931,98.0887945367978
5.77207062600321,910,906,83.8216996244876,-85.1077962351048,-20.3123766008133,105.420172835918
5.77421080791867,920,953,264.66236433612,-224.403983918389,-86.2947812928954,310.698765211284
5.77635098983414,924,955,254.887193270626,-239.06674051663,-71.6320246946549,310.698765211284
5.7784911717496,923,943,201.123752410411,-207.297434553775,-47.1940970309208,254.491531584696
5.78063135366506,923,939,181.573410279424,-197.522263488282,-37.4189259654272,234.941189453709
5.78277153558052,925,939,171.79823921393,-202.409849021028,-27.6437548999335,230.053603920962
5.78491171749599,923,935,162.023068148437,-187.747092422788,-27.6437548999335,215.390847322722
5.78705189941145,921,928,137.585140484703,-165.752957525427,-20.3123766008133,186.065334126241
5.78919208132691,920,929,147.360311550196,-165.752957525427,-27.6437548999335,193.396712425361
5.79133226324238,920,926,132.697554951956,-158.421579226307,-20.3123766008133,178.73395582712
5.79347244515784,917,920,118.034798353715,-136.427444328946,-20.3123766008133,156.73982092976
5.7956126270733,919,915,83.8216996244876,-129.096066029826,1.68175829654737,127.414307733279
5.79775280898876,916,915,98.4844562227281,-121.764687730706,-12.9809983016931,134.745686032399
5.79989299090423,913,912,98.4844562227281,-107.101931132465,-20.3123766008133,127.414307733279
5.80203317281969,914,909,78.9341140917408,-102.214345599719,-8.09341276894626,110.307758368665
5.80417335473515,916,911,78.9341140917408,-111.989516665212,-3.20582723619944,115.195343901412
5.80631353665061,912,911,98.4844562227281,-102.214345599719,-22.7561693671867,124.970514966905
5.80845371856608,905,902,88.7092851572344,-63.1136613377441,-34.9751331990538,98.0887945367979
5.81059390048154,904,901,88.7092851572344,-58.2260758049973,-37.4189259654272,95.6450017704244
5.812734082397,901,903,113.147212820969,-55.7822830386239,-56.9692680964145,112.751551135038
5.81487426431247,901,897,83.8216996244876,-41.1195264403834,-42.306511498174,83.4260379385574
5.81701444622793,897,893,83.8216996244876,-21.5691843093961,-52.0816825636676,73.6508668730638
5.81915462814339,895,898,118.034798353715,-28.9005626085164,-74.0758174610283,102.976380069545
5.82129481005885,899,894,78.9341140917408,-28.9005626085164,-44.7503042645474,73.6508668730638
5.82343499197432,897,891,74.046528558994,-16.6815987766493,-47.1940970309208,63.8756958075701
5.82557517388978,901,889,44.7210153625131,-21.5691843093961,-22.7561693671867,44.3253536765829
5.82771535580524,906,895,49.6086008952599,-48.4509047395036,-12.9809983016931,61.4319030411967
5.82985553772071,906,893,39.8334298297662,-43.5633192067568,-8.09341276894626,51.6567319757031
5.83199571963617,907,889,15.3955021660321,-36.2319409076366,6.56934382929419,29.6625970783424
5.83413590155163,909,895,34.9458442970194,-55.7822830386239,1.68175829654737,54.1005247420765
5.83627608346709,909,895,34.9458442970194,-55.7822830386239,1.68175829654737,54.1005247420765
5.83841626538256,909,893,25.1706732315258,-50.894697505877,6.56934382929419,44.3253536765829
5.84055644729802,908,893,30.0582587642726,-48.4509047395036,1.68175829654738,46.7691464429563
5.84269662921348,909,895,34.9458442970194,-55.7822830386239,1.68175829654737,54.1005247420765
5.84483681112895,906,890,25.1706732315258,-36.2319409076366,-0.762034469826034,36.9939753774626
5.84697699304441,903,890,39.8334298297662,-28.9005626085164,-15.4247910680665,44.3253536765829
5.84911717495987,900,892,64.2713574935003,-26.456769842143,-34.9751331990538,61.4319030411967
5.85125735687533,903,890,39.8334298297662,-28.9005626085164,-15.4247910680665,44.3253536765829
5.8533975387908,904,888,25.1706732315258,-26.456769842143,-5.64962000257285,32.1063898447158
5.85553772070626,907,895,44.7210153625131,-50.8946975058771,-8.09341276894627,58.9881102748233
5.85767790262172,910,895,30.0582587642726,-58.2260758049973,6.56934382929419,51.6567319757031
5.85981808453719,910,893,20.283087698779,-53.3384902722505,11.456929362041,41.8815609102094
5.86195826645265,914,892,-4.15483996495514,-60.6698685713707,33.4510642594017,27.218804311969
5.86409844836811,916,899,20.283087698779,-82.6640034687314,26.1196859602815,56.5443175084499
5.86623863028357,914,899,30.0582587642726,-77.7764179359846,16.3445148947878,61.4319030411967
5.86837881219904,911,896,30.0582587642726,-63.1136613377441,9.0131365956676,54.1005247420765
5.8705189941145,913,900,39.8334298297662,-77.7764179359846,9.0131365956676,68.763281340317
5.87265917602996,911,905,74.046528558994,-85.1077962351048,-12.9809983016931,98.0887945367978
5.87479935794543,912,899,39.8334298297662,-72.8888324032377,6.56934382929419,66.3194885739435
5.87693953986089,909,897,44.721015362513,-60.6698685713707,-3.20582723619944,63.8756958075701
5.87907972177635,911,902,59.3837719607535,-77.7764179359846,-5.64962000257285,83.4260379385574
5.88121990369181,908,900,64.2713574935003,-65.5574541041175,-15.4247910680665,80.982245172184
5.88336008560728,904,896,64.2713574935003,-46.0071119731302,-25.1999621335601,71.2070741066904
5.88550026752274,905,892,39.8334298297662,-38.67573367401,-10.5372055353197,49.2129392093297
5.8876404494382,904,894,54.4961864280067,-41.1195264403834,-20.3123766008133,61.4319030411967
5.88978063135367,901,888,39.8334298297662,-19.1253915430227,-20.3123766008133,39.437768143836
5.89192081326913,902,888,34.9458442970194,-21.5691843093961,-15.4247910680665,36.9939753774626
5.89406099518459,904,889,30.0582587642726,-28.9005626085164,-8.09341276894626,36.9939753774626
5.89620117710005,904,887,20.283087698779,-24.0129770757695,-3.20582723619944,27.218804311969
5.89834135901552,903,885,15.3955021660321,-16.6815987766493,-3.20582723619944,19.8874260128488
5.90048154093098,903,887,25.1706732315258,-21.5691843093961,-8.09341276894626,29.6625970783424
5.90262172284644,905,887,15.3955021660321,-26.456769842143,1.68175829654738,24.7750115455956
5.90476190476191,903,884,10.5079166332853,-14.2378060102759,-0.762034469826034,14.9998404801019
5.90690208667737,903,887,25.1706732315258,-21.5691843093961,-8.09341276894626,29.6625970783424
5.90904226859283,907,889,15.3955021660321,-36.2319409076366,6.56934382929419,29.6625970783424
5.91118245050829,904,889,30.0582587642726,-28.9005626085164,-8.09341276894626,36.9939753774626
5.91332263242376,905,885,5.6203311005385,-21.5691843093961,6.56934382929419,14.9998404801019
5.91546281433922,906,891,30.0582587642726,-38.67573367401,-3.20582723619944,41.8815609102094
5.91760299625468,905,889,25.1706732315258,-31.3443553748898,-3.20582723619944,34.5501826110892
5.91974317817014,903,885,15.3955021660321,-16.6815987766493,-3.20582723619944,19.8874260128488
5.92188336008561,902,883,10.5079166332853,-9.35022047752909,-3.20582723619944,12.5560477137285
5.92402354200107,903,888,30.0582587642726,-24.0129770757695,-10.5372055353197,34.5501826110892
5.92616372391653,906,887,10.5079166332853,-28.9005626085164,6.56934382929419,22.3312187792222
5.928303905832,906,886,5.6203311005385,-26.456769842143,9.0131365956676,17.4436332464754
5.93044408774746,905,890,30.0582587642726,-33.7881481412632,-5.64962000257285,39.437768143836
5.93258426966292,903,891,44.7210153625131,-31.3443553748898,-17.8685838344399,49.2129392093297
5.93472445157838,901,886,30.0582587642726,-14.2378060102759,-15.4247910680665,29.6625970783424
5.93686463349385,903,886,20.283087698779,-19.1253915430227,-5.64962000257285,24.7750115455956
5.93900481540931,904,890,34.9458442970194,-31.3443553748898,-10.5372055353197,41.8815609102094
5.94114499732477,905,889,25.1706732315258,-31.3443553748898,-3.20582723619944,34.5501826110892
5.94328517924024,903,886,20.283087698779,-19.1253915430227,-5.64962000257285,24.7750115455956
5.9454253611557,904,890,34.9458442970194,-31.3443553748898,-10.5372055353197,41.8815609102094
5.94756554307116,905,891,34.9458442970194,-36.2319409076366,-8.09341276894626,44.3253536765829
5.94970572498662,904,889,30.0582587642726,-28.9005626085164,-8.09341276894626,36.9939753774626
5.95184590690209,906,890,25.1706732315258,-36.2319409076366,-0.762034469826034,36.9939753774626
5.95398608881755,905,892,39.8334298297662,-38.67573367401,-10.5372055353197,49.2129392093297
5.95612627073301,904,888,25.1706732315258,-26.456769842143,-5.64962000257285,32.1063898447158
5.95826645264848,905,889,25.1706732315258,-31.3443553748898,-3.20582723619944,34.5501826110892
5.96040663456394,906,893,39.8334298297662,-43.5633192067568,-8.09341276894626,51.6567319757031
5.9625468164794,905,892,39.8334298297662,-38.67573367401,-10.5372055353197,49.2129392093297
5.96468699839486,905,888,20.283087698779,-28.9005626085164,-0.762034469826034,29.6625970783424
5.96682718031033,906,892,34.9458442970194,-41.1195264403834,-5.64962000257285,46.7691464429563
5.96896736222579,907,893,34.9458442970194,-46.0071119731302,-3.20582723619944,49.2129392093297
5.97110754414125,907,890,20.283087698779,-38.67573367401,4.12555106292078,34.5501826110892
5.97324772605671,904,889,30.0582587642726,-28.9005626085164,-8.09341276894626,36.9939753774626
5.97538790797218,906,894,44.7210153625131,-46.0071119731302,-10.5372055353197,56.5443175084499
5.97752808988764,905,894,49.6086008952599,-43.5633192067568,-15.4247910680665,58.9881102748233
5.9796682718031,906,890,25.1706732315258,-36.2319409076366,-0.762034469826034,36.9939753774626
5.98180845371857,905,890,30.0582587642726,-33.7881481412632,-5.64962000257285,39.437768143836
5.98394863563403,906,896,54.4961864280067,-50.894697505877,-15.4247910680665,66.3194885739435
5.98608881754949,905,891,34.9458442970194,-36.2319409076366,-8.09341276894626,44.3253536765829
5.98822899946495,905,890,30.0582587642726,-33.7881481412632,-5.64962000257285,39.437768143836
5.99036918138042,905,893,44.7210153625131,-41.1195264403834,-12.9809983016931,54.1005247420765
5.99250936329588,906,893,39.8334298297662,-43.5633192067568,-8.09341276894626,51.6567319757031
5.99464954521134,904,888,25.1706732315258,-26.456769842143,-5.64962000257285,32.1063898447158
5.99678972712681,904,891,39.8334298297662,-33.7881481412632,-12.9809983016931,46.7691464429563
5.99892990904227,906,893,39.8334298297662,-43.5633192067568,-8.09341276894626,51.6567319757031
6.00107009095773,905,893,44.7210153625131,-41.1195264403834,-12.9809983016931,54.1005247420765
6.00321027287319,905,892,39.8334298297662,-38.67573367401,-10.5372055353197,49.2129392093297
6.00535045478866,907,893,34.9458442970194,-46.0071119731302,-3.20582723619944,49.2129392093297
6.00749063670412,905,893,44.7210153625131,-41.1195264403834,-12.9809983016931,54.1005247420765
6.00963081861958,903,890,39.8334298297662,-28.9005626085164,-15.4247910680665,44.3253536765829
6.01177100053505,906,892,34.9458442970194,-41.1195264403834,-5.64962000257285,46.7691464429563
6.01391118245051,906,893,39.8334298297662,-43.5633192067568,-8.09341276894626,51.6567319757031
6.01605136436597,905,890,30.0582587642726,-33.7881481412632,-5.64962000257285,39.437768143836
6.01819154628143,906,891,30.0582587642726,-38.67573367401,-3.20582723619944,41.8815609102094
6.0203317281969,906,897,59.3837719607535,-53.3384902722505,-17.8685838344399,71.2070741066904
6.02247191011236,907,891,25.1706732315258,-41.1195264403834,1.68175829654738,39.437768143836
6.02461209202782,905,890,30.0582587642726,-33.7881481412632,-5.64962000257285,39.437768143836
6.02675227394329,907,892,30.0582587642726,-43.5633192067568,-0.762034469826034,44.3253536765829
6.02889245585875,905,893,44.7210153625131,-41.1195264403834,-12.9809983016931,54.1005247420765
6.03103263777421,905,889,25.1706732315258,-31.3443553748898,-3.20582723619944,34.5501826110892
6.03317281968967,905,890,30.0582587642726,-33.7881481412632,-5.64962000257285,39.437768143836
6.03531300160514,905,895,54.4961864280067,-46.0071119731302,-17.8685838344399,63.8756958075701
6.0374531835206,905,894,49.6086008952599,-43.5633192067568,-15.4247910680665,58.9881102748233
6.03959336543606,905,890,30.0582587642726,-33.7881481412632,-5.64962000257285,39.437768143836
6.04173354735152,906,893,39.8334298297662,-43.5633192067568,-8.09341276894626,51.6567319757031
6.04387372926699,906,892,34.9458442970194,-41.1195264403834,-5.64962000257285,46.7691464429563
6.04601391118245,905,892,39.8334298297662,-38.67573367401,-10.5372055353197,49.2129392093297
6.04815409309791,906,888,15.3955021660321,-31.3443553748898,4.12555106292078,27.218804311969
6.05029427501338,906,894,44.7210153625131,-46.0071119731302,-10.5372055353197,56.5443175084499
6.05243445692884,907,894,39.8334298297662,-48.4509047395036,-5.64962000257285,54.1005247420765
6.0545746388443,906,892,34.9458442970194,-41.1195264403834,-5.64962000257285,46.7691464429563
6.05671482075976,906,892,34.9458442970194,-41.1195264403834,-5.64962000257285,46.7691464429563
6.05885500267523,906,889,20.283087698779,-33.7881481412632,1.68175829654738,32.1063898447158
6.06099518459069,903,887,25.1706732315258,-21.5691843093961,-8.09341276894626,29.6625970783424
6.06313536650615,904,886,15.3955021660321,-21.5691843093961,-0.762034469826034,22.3312187792222
6.06527554842162,905,888,20.283087698779,-28.9005626085164,-0.762034469826034,29.6625970783424
6.06741573033708,905,887,15.3955021660321,-26.456769842143,1.68175829654738,24.7750115455956
6.06955591225254,906,887,10.5079166332853,-28.9005626085164,6.56934382929419,22.3312187792222
6.071696094168,905,893,44.7210153625131,-41.1195264403834,-12.9809983016931,54.1005247420765
6.07383627608347,880,786,-356.060998322726,281.461118720907,126.315189381591,-407.776308102498
6.07597645799893,869,769,-385.386511519207,349.887316179362,114.096225549724,-463.983541729086
6.07811663991439,873,787,-316.960314060752,296.123875319147,89.6582978859901,-385.782173205137
6.08025682182986,881,812,-233.871360004056,215.478714028825,67.6641629886294,-283.142877017454
6.08239700374532,888,820,-228.983774471309,178.821822533223,82.3269195868699,-261.148742120093
6.08453718566078,890,835,-165.4451625456,137.277345504875,55.4451991567624,-192.722544661638
6.08667736757624,895,851,-111.681721685385,85.9576974110339,40.7824425585219,-126.740139969556
6.08881754949171,897,862,-67.6934518906638,54.1883914481796,23.6758931939081,-77.8642846420876
6.09095773140717,896,867,-38.3679386941829,44.4132203826859,6.56934382929419,-50.9825642119801
6.09309791332263,901,872,-38.3679386941829,19.9752927189518,18.7883076611612,-38.7636003801131
6.09523809523809,902,883,10.5079166332853,-9.35022047752909,-3.20582723619944,12.5560477137285
6.09737827715356,903,884,10.5079166332853,-14.2378060102759,-0.762034469826034,14.9998404801019
6.09951845906902,902,885,20.283087698779,-14.2378060102759,-8.09341276894626,22.3312187792222
6.10165864098448,904,890,34.9458442970194,-31.3443553748898,-10.5372055353197,41.8815609102094
6.10379882289995,905,895,54.4961864280067,-46.0071119731302,-17.8685838344399,63.8756958075701
6.10593900481541,906,896,54.4961864280067,-50.894697505877,-15.4247910680665,66.3194885739435
6.10807918673087,906,899,69.1589430262472,-58.2260758049973,-22.7561693671867,80.982245172184
6.11021936864633,906,898,64.2713574935003,-55.7822830386239,-20.3123766008133,76.0946596394372
6.1123595505618,906,899,69.1589430262472,-58.2260758049973,-22.7561693671867,80.982245172184
6.11449973247726,906,897,59.3837719607535,-53.3384902722505,-17.8685838344399,71.2070741066904
6.11663991439272,906,902,83.8216996244876,-65.5574541041175,-30.0875476663069,95.6450017704245
6.11878009630819,907,901,74.046528558994,-65.5574541041175,-22.7561693671867,88.3136234713042
6.12092027822365,905,899,74.046528558994,-55.7822830386239,-27.6437548999335,83.4260379385574
6.12306046013911,907,901,74.046528558994,-65.5574541041175,-22.7561693671867,88.3136234713042
6.12520064205457,907,904,88.7092851572344,-72.8888324032377,-30.0875476663069,102.976380069545
6.12734082397004,905,899,74.046528558994,-55.7822830386239,-27.6437548999335,83.4260379385574
6.1294810058855,906,899,69.1589430262472,-58.2260758049973,-22.7561693671867,80.982245172184
6.13162118780096,908,905,88.7092851572344,-77.7764179359846,-27.6437548999335,105.420172835918
6.13376136971643,910,905,78.9341140917408,-82.6640034687314,-17.8685838344399,100.532587303171
6.13590155163189,904,898,74.046528558994,-50.894697505877,-30.0875476663069,80.982245172184
6.13804173354735,906,901,78.9341140917408,-63.1136613377441,-27.6437548999335,90.7574162376776
6.14018191546281,909,906,88.7092851572344,-82.6640034687314,-25.1999621335601,107.863965602292
6.14232209737828,908,908,103.372041755475,-85.1077962351048,-34.9751331990538,120.082929434159
6.14446227929374,909,904,78.9341140917408,-77.7764179359846,-20.3123766008133,98.0887945367979
6.1466024612092,909,908,98.4844562227281,-87.5515890014782,-30.0875476663069,117.639136667785
6.14874264312467,908,908,103.372041755475,-85.1077962351048,-34.9751331990538,120.082929434159
6.15088282504013,907,904,88.7092851572344,-72.8888324032377,-30.0875476663069,102.976380069545
6.15302300695559,908,905,88.7092851572344,-77.7764179359846,-27.6437548999335,105.420172835918
6.15516318887105,910,905,78.9341140917408,-82.6640034687314,-17.8685838344399,100.532587303171
6.15730337078652,906,899,69.1589430262472,-58.2260758049973,-22.7561693671867,80.982245172184
6.15944355270198,908,900,64.2713574935003,-65.5574541041175,-15.4247910680665,80.982245172184
6.16158373461744,908,903,78.9341140917408,-72.8888324032377,-22.7561693671867,95.6450017704245
6.16372391653291,907,905,93.5968706899812,-75.3326251696111,-32.5313404326804,107.863965602292
6.16586409844837,907,901,74.046528558994,-65.5574541041175,-22.7561693671867,88.3136234713042
6.16800428036383,909,906,88.7092851572344,-82.6640034687314,-25.1999621335601,107.863965602292
6.17014446227929,908,906,93.5968706899812,-80.220210702358,-30.0875476663069,110.307758368665
6.17228464419476,906,903,88.7092851572344,-68.0012468704909,-32.5313404326804,100.532587303171
6.17442482611022,910,906,83.8216996244876,-85.1077962351048,-20.3123766008133,105.420172835918
6.17656500802568,913,911,93.5968706899812,-104.658138366092,-17.8685838344399,122.526722200532
6.17870518994115,909,904,78.9341140917408,-77.7764179359846,-20.3123766008133,98.0887945367979
6.18084537185661,908,904,83.8216996244876,-75.3326251696111,-25.1999621335601,100.532587303171
6.18298555377207,908,907,98.4844562227281,-82.6640034687314,-32.5313404326804,115.195343901412
6.18512573568753,907,905,93.5968706899812,-75.3326251696111,-32.5313404326804,107.863965602292
6.187265917603,906,899,69.1589430262472,-58.2260758049973,-22.7561693671867,80.982245172184
6.18940609951846,906,898,64.2713574935003,-55.7822830386239,-20.3123766008133,76.0946596394372
6.19154628143392,906,901,78.9341140917408,-63.1136613377441,-27.6437548999335,90.7574162376776
6.19368646334939,906,898,64.2713574935003,-55.7822830386239,-20.3123766008133,76.0946596394372
6.19582664526485,904,897,69.1589430262471,-48.4509047395036,-27.6437548999335,76.0946596394372
6.19796682718031,905,901,83.8216996244876,-60.6698685713707,-32.5313404326804,93.201209004051
6.20010700909577,908,902,74.046528558994,-70.4450396368643,-20.3123766008133,90.7574162376776
6.20224719101124,907,897,54.4961864280067,-55.7822830386239,-12.9809983016931,68.763281340317
6.2043873729267,907,895,44.7210153625131,-50.8946975058771,-8.09341276894627,58.9881102748233
6.20652755484216,908,898,54.4961864280067,-60.6698685713707,-10.5372055353197,71.2070741066904
6.20866773675762,905,896,59.3837719607535,-48.4509047395036,-20.3123766008133,68.763281340317
6.21080791867309,907,896,49.6086008952599,-53.3384902722505,-10.5372055353197,63.8756958075701
6.21294810058855,907,899,64.2713574935003,-60.6698685713707,-17.8685838344399,78.5384524058106
6.21508828250401,906,898,64.2713574935003,-55.7822830386239,-20.3123766008133,76.0946596394372
6.21722846441948,907,894,39.8334298297662,-48.4509047395036,-5.64962000257285,54.1005247420765
6.21936864633494,905,895,54.4961864280067,-46.0071119731302,-17.8685838344399,63.8756958075701
6.2215088282504,906,898,64.2713574935003,-55.7822830386239,-20.3123766008133,76.0946596394372
6.22364901016586,904,894,54.4961864280067,-41.1195264403834,-20.3123766008133,61.4319030411967
6.22578919208133,905,891,34.9458442970194,-36.2319409076366,-8.09341276894626,44.3253536765829
6.22792937399679,907,896,49.6086008952599,-53.3384902722505,-10.5372055353197,63.8756958075701
6.23006955591225,906,899,69.1589430262472,-58.2260758049973,-22.7561693671867,80.982245172184
6.23220973782772,908,894,34.9458442970194,-50.894697505877,-0.762034469826034,51.6567319757031
6.23434991974318,905,894,49.6086008952599,-43.5633192067568,-15.4247910680665,58.9881102748233
6.23649010165864,907,894,39.8334298297662,-48.4509047395036,-5.64962000257285,54.1005247420765
6.2386302835741,899,863,-72.5810374234106,46.8570131490593,31.0072714930283,-77.8642846420876
6.24077046548957,893,849,-111.681721685385,95.7328684765275,35.8948570257751,-131.627725502303
6.24291064740503,892,851,-97.0189650871447,93.2890757101541,26.1196859602815,-119.408761670436
6.24505082932049,894,854,-92.1313795543979,81.0701118782871,28.5634787266549,-109.633590604942
6.24719101123596,895,859,-72.5810374234106,66.4073552800466,21.2321004275346,-87.6394557075812
6.24933119315142,897,865,-53.0306952924233,46.8570131490593,16.3445148947878,-63.2015280438472
6.25147137506688,900,874,-23.7051820959424,17.5314999525784,9.0131365956676,-26.544636548246
6.25361155698234,899,872,-28.5927676286892,24.8628782516986,9.0131365956676,-33.8760148473662
6.25575173889781,901,875,-23.7051820959424,12.6439144198316,11.456929362041,-24.1008437818726
6.25789192081327,901,878,-9.04242549770196,5.31253612071136,4.12555106292078,-9.43808718363215
6.26003210272873,902,878,-13.9300110304488,2.86874335433795,9.0131365956676,-11.8818799500056
6.26217228464419,900,877,-9.04242549770196,10.2001216534582,1.68175829654738,-11.8818799500056
6.26431246655966,902,879,-9.04242549770196,0.424950587964545,6.56934382929419,-6.99429441725874
6.26645264847512,903,885,15.3955021660321,-16.6815987766493,-3.20582723619944,19.8874260128488
6.26859283039058,903,883,5.6203311005385,-11.7940132439025,1.68175829654738,10.1122549473551
6.27073301230605,902,884,15.3955021660321,-11.7940132439025,-5.64962000257285,17.4436332464754
6.27287319422151,906,888,15.3955021660321,-31.3443553748898,4.12555106292078,27.218804311969
6.27501337613697,904,890,34.9458442970194,-31.3443553748898,-10.5372055353197,41.8815609102094
6.27715355805243,903,886,20.283087698779,-19.1253915430227,-5.64962000257285,24.7750115455956
6.2792937399679,902,885,20.283087698779,-14.2378060102759,-8.09341276894626,22.3312187792222
6.28143392188336,904,886,15.3955021660321,-21.5691843093961,-0.762034469826034,22.3312187792222
6.28357410379882,903,885,15.3955021660321,-16.6815987766493,-3.20582723619944,19.8874260128488
6.28571428571429,901,880,0.732745567791682,0.424950587964545,-0.762034469826034,0.337083881861489
6.28785446762975,903,880,-9.04242549770196,-4.46263494478227,9.0131365956676,-4.55050165088533
6.28999464954521,898,876,-4.15483996495514,17.5314999525784,-5.64962000257285,-11.8818799500056
6.29213483146067,899,870,-38.3679386941829,29.7504637844455,13.9007221284144,-43.6511859128599
6.29427501337614,898,866,-53.0306952924233,41.9694276163125,18.7883076611612,-60.7577352774737
6.2964151952916,895,861,-62.805866357917,61.5197697472998,16.3445148947878,-77.8642846420876
6.29855537720706,894,847,-126.344478283626,98.1766612429009,45.6700280912687,-143.84668933417
6.30069555912253,893,846,-126.344478283626,103.064246775648,43.2262353248953,-146.290482100543
6.30283574103799,894,845,-136.119649349119,103.064246775648,50.5576136240156,-153.621860399663
6.30497592295345,891,843,-131.232063816372,115.283210607515,40.7824425585219,-156.065653166037
6.30711610486891,891,841,-141.007234881866,120.170796140262,45.6700280912687,-165.84082423153
6.30925628678438,894,847,-126.344478283626,98.1766612429009,45.6700280912687,-143.84668933417
6.31139646869984,894,849,-116.569307218132,93.2890757101541,40.7824425585219,-134.071518268676
6.3135366506153,894,847,-126.344478283626,98.1766612429009,45.6700280912687,-143.84668933417
6.31567683253077,894,850,-111.681721685385,90.8452829437807,38.3386497921485,-129.183932735929
6.31781701444623,897,862,-67.6934518906638,54.1883914481796,23.6758931939081,-77.8642846420876
6.31995719636169,898,863,-67.6934518906638,49.3008059154327,26.1196859602815,-75.4204918757142
6.32209737827715,898,865,-57.9182808251702,44.4132203826859,21.2321004275347,-65.6453208102206
6.32423756019262,899,873,-23.7051820959424,22.4190854853252,6.56934382929419,-28.9884293146194
6.32637774210808,901,879,-4.15483996495514,2.86874335433795,1.68175829654738,-4.55050165088533
6.32851792402354,899,877,-4.15483996495514,12.6439144198316,-3.20582723619944,-9.43808718363215
6.330658105939,902,879,-9.04242549770196,0.424950587964545,6.56934382929419,-6.99429441725874
6.33279828785447,903,884,10.5079166332853,-14.2378060102759,-0.762034469826034,14.9998404801019
6.33493846976993,905,888,20.283087698779,-28.9005626085164,-0.762034469826034,29.6625970783424
6.33707865168539,903,887,25.1706732315258,-21.5691843093961,-8.09341276894626,29.6625970783424
6.33921883360086,903,890,39.8334298297662,-28.9005626085164,-15.4247910680665,44.3253536765829
6.34135901551632,905,892,39.8334298297662,-38.67573367401,-10.5372055353197,49.2129392093297
6.34349919743178,905,892,39.8334298297662,-38.67573367401,-10.5372055353197,49.2129392093297
6.34563937934724,906,887,10.5079166332853,-28.9005626085164,6.56934382929419,22.3312187792222
6.34777956126271,905,889,25.1706732315258,-31.3443553748898,-3.20582723619944,34.5501826110892
6.34991974317817,903,885,15.3955021660321,-16.6815987766493,-3.20582723619944,19.8874260128488
6.35205992509363,904,886,15.3955021660321,-21.5691843093961,-0.762034469826034,22.3312187792222
6.3542001070091,903,892,49.6086008952599,-33.7881481412632,-20.3123766008133,54.1005247420765
6.35634028892456,904,891,39.8334298297662,-33.7881481412632,-12.9809983016931,46.7691464429563
6.35848047084002,905,887,15.3955021660321,-26.456769842143,1.68175829654738,24.7750115455956
6.36062065275548,904,888,25.1706732315258,-26.456769842143,-5.64962000257285,32.1063898447158
6.36276083467095,904,892,44.7210153625131,-36.2319409076366,-15.4247910680665,51.6567319757031
6.36490101658641,904,888,25.1706732315258,-26.456769842143,-5.64962000257285,32.1063898447158
6.36704119850187,902,888,34.9458442970194,-21.5691843093961,-15.4247910680665,36.9939753774626
6.36918138041734,905,892,39.8334298297662,-38.67573367401,-10.5372055353197,49.2129392093297
6.3713215623328,905,895,54.4961864280067,-46.0071119731302,-17.8685838344399,63.8756958075701
6.37346174424826,905,891,34.9458442970194,-36.2319409076366,-8.09341276894626,44.3253536765829
6.37560192616372,905,891,34.9458442970194,-36.2319409076366,-8.09341276894626,44.3253536765829
6.37774210807919,906,894,44.7210153625131,-46.0071119731302,-10.5372055353197,56.5443175084499
6.37988228999465,905,894,49.6086008952599,-43.5633192067568,-15.4247910680665,58.9881102748233
6.38202247191011,904,892,44.7210153625131,-36.2319409076366,-15.4247910680665,51.6567319757031
6.38416265382557,907,895,44.7210153625131,-50.8946975058771,-8.09341276894627,58.9881102748233
6.38630283574104,905,896,59.3837719607535,-48.4509047395036,-20.3123766008133,68.763281340317
6.3884430176565,906,898,64.2713574935003,-55.7822830386239,-20.3123766008133,76.0946596394372
6.39058319957196,908,896,44.7210153625131,-55.7822830386239,-5.64962000257285,61.4319030411967
6.39272338148743,906,899,69.1589430262472,-58.2260758049973,-22.7561693671867,80.982245172184
6.39486356340289,907,899,64.2713574935003,-60.6698685713707,-17.8685838344399,78.5384524058106
6.39700374531835,908,901,69.1589430262471,-68.0012468704909,-17.8685838344399,85.8698307049308
6.39914392723381,901,865,-72.5810374234106,37.0818420835657,35.8948570257751,-72.9766991093408
6.40128410914928,886,818,-228.983774471309,188.596993598717,77.4393340541231,-266.03632765284
6.40342429106474,877,794,-302.297557462511,269.24215488904,92.1020906523635,-361.344245541403
6.4055644729802,876,792,-307.185142995258,276.57353318816,92.1020906523635,-368.675623840523
6.40770465489567,877,798,-282.747215331524,259.466983823546,82.3269195868699,-341.793903410416
6.40984483681113,881,800,-292.522386397017,244.804227225305,96.9896761851103,-341.793903410416
6.41198501872659,882,807,-263.196873200537,225.253885094318,84.7707123532433,-310.024597447562
6.41412520064205,888,824,-209.433432340322,169.04665146773,72.5517485213763,-241.598399989106
6.41626538255752,889,833,-170.332748078347,144.608723803996,55.4451991567624,-200.053922960758
6.41840556447298,891,836,-165.4451625456,132.389759972129,57.8889919231358,-190.278751895264
6.42054574638844,894,844,-141.007234881866,105.508039542021,53.001406390389,-158.50944593241
6.42268592830391,895,847,-131.232063816372,95.7328684765275,50.5576136240156,-146.290482100543
6.42482611021937,890,836,-160.557577012853,134.833552738502,53.001406390389,-187.834959128891
6.42696629213483,889,830,-184.995504676587,151.940102103116,62.7765774558826,-214.716679558999
6.42910647405029,889,831,-180.107919143841,149.496309336743,60.3327846895092,-209.829094026252
6.43124665596576,891,832,-184.995504676587,142.164931037622,67.6641629886294,-209.829094026252
6.43338683788122,889,832,-175.220333611094,147.052516570369,57.8889919231358,-204.941508493505
6.43552701979668,892,840,-150.78240594736,120.170796140262,53.001406390389,-173.172202530651
6.43766720171215,893,845,-131.232063816372,105.508039542021,45.6700280912687,-151.17806763329
6.43980738362761,895,846,-136.119649349119,98.1766612429009,53.001406390389,-151.17806763329
6.44194756554307,895,855,-92.1313795543979,76.1825263455402,31.0072714930283,-107.189797838569
6.44408774745853,897,864,-57.9182808251701,49.3008059154327,18.7883076611612,-68.089113576594
6.446227929374,898,866,-53.0306952924233,41.9694276163125,18.7883076611612,-60.7577352774737
6.44836811128946,900,870,-43.2555242269297,27.306671018072,18.7883076611612,-46.0949786792333
6.45050829320492,901,877,-13.9300110304488,7.75632888708477,6.56934382929419,-14.325672716379
6.45264847512039,901,878,-9.04242549770196,5.31253612071136,4.12555106292078,-9.43808718363215
6.45478865703585,899,873,-23.7051820959424,22.4190854853252,6.56934382929419,-28.9884293146194
6.45692883895131,901,875,-23.7051820959424,12.6439144198316,11.456929362041,-24.1008437818726
6.45906902086677,901,881,5.6203311005385,-2.01884217840886,-3.20582723619944,5.22466941460831
6.46120920278224,905,882,-9.04242549770196,-14.2378060102759,13.9007221284144,0.337083881861489
6.4633493846977,902,880,-4.15483996495514,-2.01884217840886,4.12555106292078,-2.10670888451192
6.46548956661316,904,884,5.6203311005385,-16.6815987766493,4.12555106292078,12.5560477137285
6.46762974852862,903,886,20.283087698779,-19.1253915430227,-5.64962000257285,24.7750115455956
6.46976993044409,901,880,0.732745567791682,0.424950587964545,-0.762034469826034,0.337083881861489
6.47191011235955,901,879,-4.15483996495514,2.86874335433795,1.68175829654738,-4.55050165088533
6.47405029427501,901,881,5.6203311005385,-2.01884217840886,-3.20582723619944,5.22466941460831
6.47619047619048,900,879,0.732745567791682,5.31253612071136,-3.20582723619944,-2.10670888451192
6.47833065810594,902,878,-13.9300110304488,2.86874335433795,9.0131365956676,-11.8818799500056
6.4804708400214,905,879,-23.7051820959424,-6.90642771115568,21.2321004275347,-14.325672716379
6.48261102193686,904,883,0.732745567791682,-14.2378060102759,6.56934382929419,7.66846218098172
6.48475120385233,904,882,-4.15483996495514,-11.7940132439025,9.0131365956676,2.7808766482349
6.48689138576779,906,884,-4.15483996495514,-21.5691843093961,13.9007221284144,7.66846218098172
6.48903156768325,904,886,15.3955021660321,-21.5691843093961,-0.762034469826034,22.3312187792222
6.49117174959872,902,881,0.732745567791682,-4.46263494478227,1.68175829654738,2.7808766482349
6.49331193151418,902,877,-18.8175965631956,5.31253612071136,11.456929362041,-16.7694654827524
6.49545211342964,904,881,-9.04242549770196,-9.35022047752909,11.456929362041,-2.10670888451192
6.4975922953451,900,878,-4.15483996495514,7.75632888708477,-0.762034469826034,-6.99429441725874
6.49973247726057,900,873,-28.5927676286892,19.9752927189518,11.456929362041,-31.4322220809928
6.50187265917603,901,870,-48.1431097596765,24.8628782516986,23.6758931939081,-48.5387714456067
6.50401284109149,901,870,-48.1431097596765,24.8628782516986,23.6758931939081,-48.5387714456067
6.50615302300696,898,864,-62.805866357917,46.8570131490593,23.6758931939081,-70.5329063429674
6.50829320492242,896,862,-62.805866357917,56.632184214553,18.7883076611612,-75.4204918757142
6.51043338683788,897,864,-57.9182808251701,49.3008059154327,18.7883076611612,-68.089113576594
6.51257356875334,895,857,-82.3562084889042,71.2949408127934,26.1196859602815,-97.4146267730749
6.51471375066881,893,856,-77.4686229561574,78.6263191119136,18.7883076611612,-97.4146267730749
6.51685393258427,894,859,-67.6934518906638,68.85114804642,16.3445148947878,-85.1956629412078
6.51899411449973,898,867,-48.1431097596765,39.5256348499391,16.3445148947878,-55.8701497447269
6.5211342964152,895,856,-87.2437940216511,73.7387335791668,28.5634787266549,-102.302212305822
6.52327447833066,892,850,-101.906550619892,95.7328684765275,28.5634787266549,-124.296347203182
6.52541466024612,890,857,-57.9182808251702,83.5139046446605,1.68175829654738,-85.1956629412078
6.52755484216158,878,853,-18.8175965631956,122.614588906635,-47.1940970309208,-75.4204918757142
6.52969502407705,888,861,-28.5927676286892,78.6263191119136,-17.8685838344399,-60.7577352774738
6.53183520599251,893,868,-18.8175965631956,49.3008059154327,-10.5372055353197,-38.7636003801131
6.53397538790797,897,875,-4.15483996495514,22.4190854853252,-8.09341276894626,-14.325672716379
6.53611556982344,901,878,-9.04242549770196,5.31253612071136,4.12555106292078,-9.43808718363215
6.5382557517389,901,876,-18.8175965631956,10.2001216534582,9.0131365956676,-19.2132582491258
6.54039593365436,904,887,20.283087698779,-24.0129770757695,-3.20582723619944,27.218804311969
6.54253611556982,906,884,-4.15483996495514,-21.5691843093961,13.9007221284144,7.66846218098172
6.54467629748529,904,885,10.5079166332853,-19.1253915430227,1.68175829654738,17.4436332464754
6.54681647940075,905,889,25.1706732315258,-31.3443553748898,-3.20582723619944,34.5501826110892
6.54895666131621,901,892,59.3837719607535,-28.9005626085164,-30.0875476663069,58.9881102748233
6.55109684323167,897,888,59.3837719607535,-9.35022047752909,-39.8627187318006,49.2129392093297
6.55323702514714,900,886,34.9458442970194,-11.7940132439025,-20.3123766008133,32.1063898447158
6.5553772070626,901,891,54.4961864280067,-26.456769842143,-27.6437548999335,54.1005247420765
6.55751738897806,904,888,25.1706732315258,-26.456769842143,-5.64962000257285,32.1063898447158
6.55965757089353,905,885,5.6203311005385,-21.5691843093961,6.56934382929419,14.9998404801019
6.56179775280899,907,890,20.283087698779,-38.67573367401,4.12555106292078,34.5501826110892
6.56393793472445,910,889,0.732745567791682,-43.5633192067568,21.2321004275347,22.3312187792222
6.56607811663991,909,887,-4.15483996495514,-36.2319409076366,21.2321004275347,14.9998404801019
6.56821829855538,909,903,74.046528558994,-75.3326251696111,-17.8685838344399,93.2012090040511
6.57035848047084,908,882,-23.7051820959424,-21.5691843093961,28.5634787266549,-6.99429441725874
6.5724986623863,902,879,-9.04242549770196,0.424950587964545,6.56934382929419,-6.99429441725874
6.57463884430177,904,879,-18.8175965631956,-4.46263494478227,16.3445148947878,-11.8818799500056
6.57677902621723,905,884,0.732745567791682,-19.1253915430227,9.0131365956676,10.1122549473551
6.57891920813269,907,888,10.5079166332853,-33.7881481412632,9.0131365956676,24.7750115455956
6.58105939004815,906,886,5.6203311005385,-26.456769842143,9.0131365956676,17.4436332464754
6.58319957196362,906,882,-13.9300110304488,-16.6815987766493,18.7883076611612,-2.10670888451192
6.58533975387908,906,886,5.6203311005385,-26.456769842143,9.0131365956676,17.4436332464754
6.58747993579454,906,887,10.5079166332853,-28.9005626085164,6.56934382929419,22.3312187792222
6.58962011771001,904,889,30.0582587642726,-28.9005626085164,-8.09341276894626,36.9939753774626
6.59176029962547,904,887,20.283087698779,-24.0129770757695,-3.20582723619944,27.218804311969
6.59390048154093,899,887,44.7210153625131,-11.7940132439025,-27.6437548999335,39.437768143836
6.59604066345639,894,882,44.7210153625131,12.6439144198316,-39.8627187318006,27.218804311969
6.59818084537186,895,883,44.7210153625131,7.75632888708477,-37.4189259654272,29.6625970783424
6.60032102728732,898,885,39.8334298297662,-4.46263494478227,-27.6437548999335,32.1063898447158
6.60246120920278,902,883,10.5079166332853,-9.35022047752909,-3.20582723619944,12.5560477137285
6.60460139111825,901,885,25.1706732315258,-11.7940132439025,-12.9809983016931,24.7750115455956
6.60674157303371,904,892,44.7210153625131,-36.2319409076366,-15.4247910680665,51.6567319757031
6.60888175494917,904,891,39.8334298297662,-33.7881481412632,-12.9809983016931,46.7691464429563
6.61102193686463,904,887,20.283087698779,-24.0129770757695,-3.20582723619944,27.218804311969
6.6131621187801,905,890,30.0582587642726,-33.7881481412632,-5.64962000257285,39.437768143836
6.61530230069556,905,893,44.7210153625131,-41.1195264403834,-12.9809983016931,54.1005247420765
6.61744248261102,904,890,34.9458442970194,-31.3443553748898,-10.5372055353197,41.8815609102094
6.61958266452648,903,888,30.0582587642726,-24.0129770757695,-10.5372055353197,34.5501826110892
6.62172284644195,904,894,54.4961864280067,-41.1195264403834,-20.3123766008133,61.4319030411967
6.62386302835741,905,897,64.2713574935003,-50.894697505877,-22.7561693671867,73.6508668730638
6.62600321027287,905,892,39.8334298297662,-38.67573367401,-10.5372055353197,49.2129392093297
6.62814339218834,903,896,69.1589430262471,-43.5633192067568,-30.0875476663069,73.6508668730638
6.6302835741038,905,897,64.2713574935003,-50.894697505877,-22.7561693671867,73.6508668730638
6.63242375601926,905,895,54.4961864280067,-46.0071119731302,-17.8685838344399,63.8756958075701
6.63456393793472,905,896,59.3837719607535,-48.4509047395036,-20.3123766008133,68.763281340317
6.63670411985019,906,898,64.2713574935003,-55.7822830386239,-20.3123766008133,76.0946596394372
6.63884430176565,906,901,78.9341140917408,-63.1136613377441,-27.6437548999335,90.7574162376776
6.64098448368111,908,904,83.8216996244876,-75.3326251696111,-25.1999621335601,100.532587303171
6.64312466559658,908,906,93.5968706899812,-80.220210702358,-30.0875476663069,110.307758368665
6.64526484751204,904,905,108.259627288222,-68.0012468704909,-47.1940970309208,115.195343901412
6.6474050294275,905,899,74.046528558994,-55.7822830386239,-27.6437548999335,83.4260379385574
6.64954521134296,906,901,78.9341140917408,-63.1136613377441,-27.6437548999335,90.7574162376776
6.65168539325843,909,902,69.1589430262471,-72.8888324032377,-15.4247910680665,88.3136234713042
6.65382557517389,908,900,64.2713574935003,-65.5574541041175,-15.4247910680665,80.982245172184
6.65596575708935,908,896,44.7210153625131,-55.7822830386239,-5.64962000257285,61.4319030411967
6.65810593900482,909,899,54.4961864280067,-65.5574541041175,-8.09341276894627,73.6508668730638
6.66024612092028,908,900,64.2713574935003,-65.5574541041175,-15.4247910680665,80.982245172184
6.66238630283574,909,895,34.9458442970194,-55.7822830386239,1.68175829654737,54.1005247420765
6.6645264847512,906,893,39.8334298297662,-43.5633192067568,-8.09341276894626,51.6567319757031
6.66666666666667,908,896,44.7210153625131,-55.7822830386239,-5.64962000257285,61.4319030411967
6.66880684858213,906,895,49.6086008952599,-48.4509047395036,-12.9809983016931,61.4319030411967
6.67094703049759,904,889,30.0582587642726,-28.9005626085164,-8.09341276894626,36.9939753774626
6.67308721241305,907,892,30.0582587642726,-43.5633192067568,-0.762034469826034,44.3253536765829
6.67522739432852,907,893,34.9458442970194,-46.0071119731302,-3.20582723619944,49.2129392093297
6.67736757624398,907,892,30.0582587642726,-43.5633192067568,-0.762034469826034,44.3253536765829
6.67950775815944,905,888,20.283087698779,-28.9005626085164,-0.762034469826034,29.6625970783424
6.68164794007491,905,891,34.9458442970194,-36.2319409076366,-8.09341276894626,44.3253536765829
6.68378812199037,906,890,25.1706732315258,-36.2319409076366,-0.762034469826034,36.9939753774626
6.68592830390583,903,888,30.0582587642726,-24.0129770757695,-10.5372055353197,34.5501826110892
6.68806848582129,900,887,39.8334298297662,-14.2378060102759,-22.7561693671867,36.9939753774626
6.69020866773676,902,888,34.9458442970194,-21.5691843093961,-15.4247910680665,36.9939753774626
6.69234884965222,898,884,34.9458442970194,-2.01884217840886,-25.1999621335601,27.218804311969
6.69448903156768,900,884,25.1706732315258,-6.90642771115568,-15.4247910680665,22.3312187792222
6.69662921348315,904,886,15.3955021660321,-21.5691843093961,-0.762034469826034,22.3312187792222
6.69876939539861,906,886,5.6203311005385,-26.456769842143,9.0131365956676,17.4436332464754
6.70090957731407,902,881,0.732745567791682,-4.46263494478227,1.68175829654738,2.7808766482349
6.70304975922953,904,884,5.6203311005385,-16.6815987766493,4.12555106292078,12.5560477137285
6.705189941145,903,885,15.3955021660321,-16.6815987766493,-3.20582723619944,19.8874260128488
6.70733012306046,903,880,-9.04242549770196,-4.46263494478227,9.0131365956676,-4.55050165088533
6.70947030497592,903,882,0.732745567791682,-9.35022047752909,4.12555106292078,5.22466941460831
6.71161048689139,905,885,5.6203311005385,-21.5691843093961,6.56934382929419,14.9998404801019
6.71375066880685,904,884,5.6203311005385,-16.6815987766493,4.12555106292078,12.5560477137285
6.71589085072231,904,883,0.732745567791682,-14.2378060102759,6.56934382929419,7.66846218098172
6.71803103263777,903,883,5.6203311005385,-11.7940132439025,1.68175829654738,10.1122549473551
6.72017121455324,898,884,34.9458442970194,-2.01884217840886,-25.1999621335601,27.218804311969
6.7223113964687,902,881,0.732745567791682,-4.46263494478227,1.68175829654738,2.7808766482349
6.72445157838416,903,881,-4.15483996495514,-6.90642771115568,6.56934382929419,0.337083881861489
6.72659176029963,906,885,0.732745567791682,-24.0129770757695,11.456929362041,12.5560477137285
6.72873194221509,905,883,-4.15483996495514,-16.6815987766493,11.456929362041,5.22466941460831
6.73087212413055,904,882,-4.15483996495514,-11.7940132439025,9.0131365956676,2.7808766482349
6.73301230604601,904,887,20.283087698779,-24.0129770757695,-3.20582723619944,27.218804311969
6.73515248796148,906,887,10.5079166332853,-28.9005626085164,6.56934382929419,22.3312187792222
6.73729266987694,903,885,15.3955021660321,-16.6815987766493,-3.20582723619944,19.8874260128488
6.7394328517924,903,885,15.3955021660321,-16.6815987766493,-3.20582723619944,19.8874260128488
6.74157303370786,905,886,10.5079166332853,-24.0129770757695,4.12555106292078,19.8874260128488
6.74371321562333,902,885,20.283087698779,-14.2378060102759,-8.09341276894626,22.3312187792222
6.74585339753879,904,885,10.5079166332853,-19.1253915430227,1.68175829654738,17.4436332464754
6.74799357945425,904,889,30.0582587642726,-28.9005626085164,-8.09341276894626,36.9939753774626
6.75013376136972,904,890,34.9458442970194,-31.3443553748898,-10.5372055353197,41.8815609102094
6.75227394328518,904,888,25.1706732315258,-26.456769842143,-5.64962000257285,32.1063898447158
6.75441412520064,902,887,30.0582587642726,-19.1253915430227,-12.9809983016931,32.1063898447158
6.7565543071161,905,891,34.9458442970194,-36.2319409076366,-8.09341276894626,44.3253536765829
6.75869448903157,904,887,20.283087698779,-24.0129770757695,-3.20582723619944,27.218804311969
6.76083467094703,905,885,5.6203311005385,-21.5691843093961,6.56934382929419,14.9998404801019
6.76297485286249,908,889,10.5079166332853,-38.67573367401,11.456929362041,27.218804311969
6.76511503477796,907,893,34.9458442970194,-46.0071119731302,-3.20582723619944,49.2129392093297
6.76725521669342,907,889,15.3955021660321,-36.2319409076366,6.56934382929419,29.6625970783424
6.76939539860888,906,893,39.8334298297662,-43.5633192067568,-8.09341276894626,51.6567319757031
6.77153558052434,905,892,39.8334298297662,-38.67573367401,-10.5372055353197,49.2129392093297
6.77367576243981,903,890,39.8334298297662,-28.9005626085164,-15.4247910680665,44.3253536765829
6.77581594435527,901,890,49.6086008952599,-24.0129770757695,-25.1999621335601,49.2129392093297
6.77795612627073,906,892,34.9458442970194,-41.1195264403834,-5.64962000257285,46.7691464429563
6.7800963081862,905,891,34.9458442970194,-36.2319409076366,-8.09341276894626,44.3253536765829
6.78223649010166,904,888,25.1706732315258,-26.456769842143,-5.64962000257285,32.1063898447158
6.78437667201712,906,892,34.9458442970194,-41.1195264403834,-5.64962000257285,46.7691464429563
6.78651685393258,906,896,54.4961864280067,-50.894697505877,-15.4247910680665,66.3194885739435
6.78865703584805,906,891,30.0582587642726,-38.67573367401,-3.20582723619944,41.8815609102094
6.79079721776351,906,889,20.283087698779,-33.7881481412632,1.68175829654738,32.1063898447158
6.79293739967897,906,893,39.8334298297662,-43.5633192067568,-8.09341276894626,51.6567319757031
6.79507758159444,904,895,59.3837719607535,-43.5633192067568,-22.7561693671867,66.3194885739435
6.7972177635099,905,890,30.0582587642726,-33.7881481412632,-5.64962000257285,39.437768143836
6.79935794542536,907,892,30.0582587642726,-43.5633192067568,-0.762034469826034,44.3253536765829
6.80149812734082,904,895,59.3837719607535,-43.5633192067568,-22.7561693671867,66.3194885739435
6.80363830925629,906,888,15.3955021660321,-31.3443553748898,4.12555106292078,27.218804311969
6.80577849117175,904,889,30.0582587642726,-28.9005626085164,-8.09341276894626,36.9939753774626
6.80791867308721,905,892,39.8334298297662,-38.67573367401,-10.5372055353197,49.2129392093297
6.81005885500268,904,892,44.7210153625131,-36.2319409076366,-15.4247910680665,51.6567319757031
6.81219903691814,904,887,20.283087698779,-24.0129770757695,-3.20582723619944,27.218804311969
6.8143392188336,904,892,44.7210153625131,-36.2319409076366,-15.4247910680665,51.6567319757031
6.81647940074906,906,891,30.0582587642726,-38.67573367401,-3.20582723619944,41.8815609102094
6.81861958266453,903,889,34.9458442970194,-26.456769842143,-12.9809983016931,39.437768143836
6.82075976457999,903,889,34.9458442970194,-26.456769842143,-12.9809983016931,39.437768143836
6.82289994649545,903,892,49.6086008952599,-33.7881481412632,-20.3123766008133,54.1005247420765
6.82504012841092,903,890,39.8334298297662,-28.9005626085164,-15.4247910680665,44.3253536765829
6.82718031032638,903,888,30.0582587642726,-24.0129770757695,-10.5372055353197,34.5501826110892
6.82932049224184,902,891,49.6086008952599,-28.9005626085164,-22.7561693671867,51.6567319757031
6.8314606741573,902,889,39.8334298297662,-24.0129770757695,-17.8685838344399,41.8815609102094
6.83360085607277,901,885,25.1706732315258,-11.7940132439025,-12.9809983016931,24.7750115455956
6.83574103798823,902,889,39.8334298297662,-24.0129770757695,-17.8685838344399,41.8815609102094
6.83788121990369,903,892,49.6086008952599,-33.7881481412632,-20.3123766008133,54.1005247420765
6.84002140181915,903,890,39.8334298297662,-28.9005626085164,-15.4247910680665,44.3253536765829
6.84216158373462,901,888,39.8334298297662,-19.1253915430227,-20.3123766008133,39.437768143836
6.84430176565008,902,890,44.7210153625131,-26.456769842143,-20.3123766008133,46.7691464429563
6.84644194756554,904,890,34.9458442970194,-31.3443553748898,-10.5372055353197,41.8815609102094
6.84858212948101,901,885,25.1706732315258,-11.7940132439025,-12.9809983016931,24.7750115455956
6.85072231139647,902,889,39.8334298297662,-24.0129770757695,-17.8685838344399,41.8815609102094
6.85286249331193,903,892,49.6086008952599,-33.7881481412632,-20.3123766008133,54.1005247420765
6.85500267522739,903,890,39.8334298297662,-28.9005626085164,-15.4247910680665,44.3253536765829
6.85714285714286,902,885,20.283087698779,-14.2378060102759,-8.09341276894626,22.3312187792222
6.85928303905832,903,890,39.8334298297662,-28.9005626085164,-15.4247910680665,44.3253536765829
6.86142322097378,901,891,54.4961864280067,-26.456769842143,-27.6437548999335,54.1005247420765
6.86356340288925,898,887,49.6086008952599,-9.35022047752909,-32.5313404326804,41.8815609102094
6.86570358480471,899,887,44.7210153625131,-11.7940132439025,-27.6437548999335,39.437768143836
6.86784376672017,901,890,49.6086008952599,-24.0129770757695,-25.1999621335601,49.2129392093297
6.86998394863563,901,889,44.7210153625131,-21.5691843093961,-22.7561693671867,44.3253536765829
6.8721241305511,901,888,39.8334298297662,-19.1253915430227,-20.3123766008133,39.437768143836
6.87426431246656,904,892,44.7210153625131,-36.2319409076366,-15.4247910680665,51.6567319757031
6.87640449438202,904,892,44.7210153625131,-36.2319409076366,-15.4247910680665,51.6567319757031
6.87854467629749,901,887,34.9458442970194,-16.6815987766493,-17.8685838344399,34.5501826110892
6.88068485821295,904,892,44.7210153625131,-36.2319409076366,-15.4247910680665,51.6567319757031
6.88282504012841,904,893,49.6086008952599,-38.67573367401,-17.8685838344399,56.5443175084499
6.88496522204387,904,889,30.0582587642726,-28.9005626085164,-8.09341276894626,36.9939753774626
6.88710540395934,901,892,59.3837719607535,-28.9005626085164,-30.0875476663069,58.9881102748233
6.8892455858748,904,898,74.046528558994,-50.894697505877,-30.0875476663069,80.982245172184
6.89138576779026,904,898,74.046528558994,-50.894697505877,-30.0875476663069,80.982245172184
6.89352594970573,903,894,59.3837719607535,-38.67573367401,-25.1999621335601,63.8756958075701
6.89566613162119,904,896,64.2713574935003,-46.0071119731302,-25.1999621335601,71.2070741066904
6.89780631353665,905,900,78.9341140917408,-58.2260758049973,-30.0875476663069,88.3136234713042
6.89994649545211,902,895,69.1589430262472,-38.67573367401,-32.5313404326804,71.2070741066904
6.90208667736758,901,893,64.2713574935003,-31.3443553748898,-32.5313404326804,63.8756958075701
6.90422685928304,904,898,74.046528558994,-50.894697505877,-30.0875476663069,80.982245172184
6.9063670411985,903,901,93.5968706899812,-55.7822830386239,-42.306511498174,98.0887945367978
6.90850722311396,904,896,64.2713574935003,-46.0071119731302,-25.1999621335601,71.2070741066904
6.91064740502943,906,899,69.1589430262472,-58.2260758049973,-22.7561693671867,80.982245172184
6.91278758694489,906,901,78.9341140917408,-63.1136613377441,-27.6437548999335,90.7574162376776
6.91492776886035,906,900,74.046528558994,-60.6698685713707,-25.1999621335601,85.8698307049308
6.91706795077582,904,898,74.046528558994,-50.894697505877,-30.0875476663069,80.982245172184
6.91920813269128,906,902,83.8216996244876,-65.5574541041175,-30.0875476663069,95.6450017704245
6.92134831460674,906,903,88.7092851572344,-68.0012468704909,-32.5313404326804,100.532587303171
6.9234884965222,905,900,78.9341140917408,-58.2260758049973,-30.0875476663069,88.3136234713042
6.92562867843767,905,904,98.4844562227281,-68.0012468704909,-39.8627187318006,107.863965602292
6.92776886035313,906,903,88.7092851572344,-68.0012468704909,-32.5313404326804,100.532587303171
6.92990904226859,906,902,83.8216996244876,-65.5574541041175,-30.0875476663069,95.6450017704245
6.93204922418406,905,902,88.7092851572344,-63.1136613377441,-34.9751331990538,98.0887945367979
6.93418940609952,906,903,88.7092851572344,-68.0012468704909,-32.5313404326804,100.532587303171
6.93632958801498,904,902,93.5968706899812,-60.6698685713707,-39.8627187318006,100.532587303171
6.93846976993044,904,898,74.046528558994,-50.894697505877,-30.0875476663069,80.982245172184
6.94060995184591,907,905,93.5968706899812,-75.3326251696111,-32.5313404326804,107.863965602292
6.94275013376137,905,903,93.5968706899812,-65.5574541041175,-37.4189259654272,102.976380069545
6.94489031567683,906,900,74.046528558994,-60.6698685713707,-25.1999621335601,85.8698307049308
6.9470304975923,906,899,69.1589430262472,-58.2260758049973,-22.7561693671867,80.982245172184
6.94917067950776,906,907,108.259627288222,-77.7764179359846,-42.306511498174,120.082929434159
6.95131086142322,905,900,78.9341140917408,-58.2260758049973,-30.0875476663069,88.3136234713042
6.95345104333868,905,899,74.046528558994,-55.7822830386239,-27.6437548999335,83.4260379385574
6.95559122525415,903,901,93.5968706899812,-55.7822830386239,-42.306511498174,98.0887945367978
6.95773140716961,904,903,98.4844562227281,-63.1136613377441,-42.306511498174,105.420172835918
6.95987158908507,905,902,88.7092851572344,-63.1136613377441,-34.9751331990538,98.0887945367979
6.96201177100053,905,900,78.9341140917408,-58.2260758049973,-30.0875476663069,88.3136234713042
6.964151952916,907,903,83.8216996244876,-70.4450396368643,-27.6437548999335,98.0887945367979
6.96629213483146,905,904,98.4844562227281,-68.0012468704909,-39.8627187318006,107.863965602292
6.96843231674692,905,899,74.046528558994,-55.7822830386239,-27.6437548999335,83.4260379385574
6.97057249866239,906,901,78.9341140917408,-63.1136613377441,-27.6437548999335,90.7574162376776
6.97271268057785,906,903,88.7092851572344,-68.0012468704909,-32.5313404326804,100.532587303171
6.97485286249331,906,899,69.1589430262472,-58.2260758049973,-22.7561693671867,80.982245172184
6.97699304440877,905,899,74.046528558994,-55.7822830386239,-27.6437548999335,83.4260379385574
6.97913322632424,906,901,78.9341140917408,-63.1136613377441,-27.6437548999335,90.7574162376776
6.9812734082397,906,900,74.046528558994,-60.6698685713707,-25.1999621335601,85.8698307049308
6.98341359015516,904,899,78.9341140917408,-53.3384902722505,-32.5313404326804,85.8698307049308
6.98555377207063,905,903,93.5968706899812,-65.5574541041175,-37.4189259654272,102.976380069545
6.98769395398609,905,902,88.7092851572344,-63.1136613377441,-34.9751331990538,98.0887945367979
6.98983413590155,903,898,78.9341140917408,-48.4509047395036,-34.9751331990538,83.4260379385574
6.99197431781701,905,902,88.7092851572344,-63.1136613377441,-34.9751331990538,98.0887945367979
6.99411449973248,905,903,93.5968706899812,-65.5574541041175,-37.4189259654272,102.976380069545
6.99625468164794,905,901,83.8216996244876,-60.6698685713707,-32.5313404326804,93.201209004051
6.9983948635634,904,900,83.8216996244876,-55.7822830386239,-34.9751331990538,90.7574162376776
7.00053504547887,906,904,93.5968706899812,-70.4450396368643,-34.9751331990538,105.420172835918
7.00267522739433,907,905,93.5968706899812,-75.3326251696111,-32.5313404326804,107.863965602292
7.00481540930979,905,899,74.046528558994,-55.7822830386239,-27.6437548999335,83.4260379385574
7.00695559122525,905,899,74.046528558994,-55.7822830386239,-27.6437548999335,83.4260379385574
7.00909577314072,907,902,78.9341140917408,-68.0012468704909,-25.1999621335601,93.201209004051
7.01123595505618,905,900,78.9341140917408,-58.2260758049973,-30.0875476663069,88.3136234713042
7.01337613697164,906,899,69.1589430262472,-58.2260758049973,-22.7561693671867,80.982245172184
7.01551631888711,906,903,88.7092851572344,-68.0012468704909,-32.5313404326804,100.532587303171
7.01765650080257,907,905,93.5968706899812,-75.3326251696111,-32.5313404326804,107.863965602292
7.01979668271803,905,899,74.046528558994,-55.7822830386239,-27.6437548999335,83.4260379385574
7.02193686463349,905,902,88.7092851572344,-63.1136613377441,-34.9751331990538,98.0887945367979
7.02407704654896,905,901,83.8216996244876,-60.6698685713707,-32.5313404326804,93.201209004051
7.02621722846442,905,901,83.8216996244876,-60.6698685713707,-32.5313404326804,93.201209004051
7.02835741037988,905,901,83.8216996244876,-60.6698685713707,-32.5313404326804,93.201209004051
7.03049759229534,906,902,83.8216996244876,-65.5574541041175,-30.0875476663069,95.6450017704245
7.03263777421081,907,903,83.8216996244876,-70.4450396368643,-27.6437548999335,98.0887945367979
7.03477795612627,906,900,74.046528558994,-60.6698685713707,-25.1999621335601,85.8698307049308
7.03691813804173,906,901,78.9341140917408,-63.1136613377441,-27.6437548999335,90.7574162376776
7.0390583199572,908,902,74.046528558994,-70.4450396368643,-20.3123766008133,90.7574162376776
7.04119850187266,905,900,78.9341140917408,-58.2260758049973,-30.0875476663069,88.3136234713042
7.04333868378812,904,900,83.8216996244876,-55.7822830386239,-34.9751331990538,90.7574162376776
7.04547886570358,906,902,83.8216996244876,-65.5574541041175,-30.0875476663069,95.6450017704245
7.04761904761905,905,902,88.7092851572344,-63.1136613377441,-34.9751331990538,98.0887945367979
7.04975922953451,906,898,64.2713574935003,-55.7822830386239,-20.3123766008133,76.0946596394372
7.05189941144997,907,902,78.9341140917408,-68.0012468704909,-25.1999621335601,93.201209004051
7.05403959336544,907,903,83.8216996244876,-70.4450396368643,-27.6437548999335,98.0887945367979
7.0561797752809,907,900,69.1589430262471,-63.1136613377441,-20.3123766008133,83.4260379385574
7.05831995719636,904,899,78.9341140917408,-53.3384902722505,-32.5313404326804,85.8698307049308
7.06046013911182,907,901,74.046528558994,-65.5574541041175,-22.7561693671867,88.3136234713042
7.06260032102729,905,902,88.7092851572344,-63.1136613377441,-34.9751331990538,98.0887945367979
7.06474050294275,904,899,78.9341140917408,-53.3384902722505,-32.5313404326804,85.8698307049308
7.06688068485821,907,902,78.9341140917408,-68.0012468704909,-25.1999621335601,93.201209004051
7.06902086677368,908,903,78.9341140917408,-72.8888324032377,-22.7561693671867,95.6450017704245
7.07116104868914,905,903,93.5968706899812,-65.5574541041175,-37.4189259654272,102.976380069545
7.0733012306046,906,899,69.1589430262472,-58.2260758049973,-22.7561693671867,80.982245172184
7.07544141252006,906,902,83.8216996244876,-65.5574541041175,-30.0875476663069,95.6450017704245
7.07758159443553,906,901,78.9341140917408,-63.1136613377441,-27.6437548999335,90.7574162376776
7.07972177635099,904,900,83.8216996244876,-55.7822830386239,-34.9751331990538,90.7574162376776
7.08186195826645,905,901,83.8216996244876,-60.6698685713707,-32.5313404326804,93.201209004051
7.08400214018192,905,901,83.8216996244876,-60.6698685713707,-32.5313404326804,93.201209004051
7.08614232209738,905,898,69.1589430262471,-53.3384902722505,-25.1999621335601,78.5384524058106
7.08828250401284,906,902,83.8216996244876,-65.5574541041175,-30.0875476663069,95.6450017704245
7.0904226859283,906,904,93.5968706899812,-70.4450396368643,-34.9751331990538,105.420172835918
7.09256286784377,905,902,88.7092851572344,-63.1136613377441,-34.9751331990538,98.0887945367979
7.09470304975923,904,900,83.8216996244876,-55.7822830386239,-34.9751331990538,90.7574162376776
7.09684323167469,906,904,93.5968706899812,-70.4450396368643,-34.9751331990538,105.420172835918
7.09898341359016,907,902,78.9341140917408,-68.0012468704909,-25.1999621335601,93.201209004051
7.10112359550562,903,900,88.7092851572344,-53.3384902722505,-39.8627187318006,93.201209004051
7.10326377742108,905,900,78.9341140917408,-58.2260758049973,-30.0875476663069,88.3136234713042
7.10540395933654,909,905,83.8216996244876,-80.220210702358,-22.7561693671867,102.976380069545
7.10754414125201,906,903,88.7092851572344,-68.0012468704909,-32.5313404326804,100.532587303171
7.10968432316747,904,902,93.5968706899812,-60.6698685713707,-39.8627187318006,100.532587303171
7.11182450508293,905,903,93.5968706899812,-65.5574541041175,-37.4189259654272,102.976380069545
7.1139646869984,906,905,98.4844562227281,-72.8888324032377,-37.4189259654272,110.307758368665
7.11610486891386,905,901,83.8216996244876,-60.6698685713707,-32.5313404326804,93.201209004051
7.11824505082932,906,900,74.046528558994,-60.6698685713707,-25.1999621335601,85.8698307049308
7.12038523274478,906,906,103.372041755475,-75.3326251696111,-39.8627187318006,115.195343901412
7.12252541466025,905,903,93.5968706899812,-65.5574541041175,-37.4189259654272,102.976380069545
7.12466559657571,905,901,83.8216996244876,-60.6698685713707,-32.5313404326804,93.201209004051
7.12680577849117,906,903,88.7092851572344,-68.0012468704909,-32.5313404326804,100.532587303171
7.12894596040663,905,904,98.4844562227281,-68.0012468704909,-39.8627187318006,107.863965602292
7.1310861423221,905,903,93.5968706899812,-65.5574541041175,-37.4189259654272,102.976380069545
7.13322632423756,905,902,88.7092851572344,-63.1136613377441,-34.9751331990538,98.0887945367979
7.13536650615302,907,904,88.7092851572344,-72.8888324032377,-30.0875476663069,102.976380069545
7.13750668806849,903,901,93.5968706899812,-55.7822830386239,-42.306511498174,98.0887945367978
7.13964686998395,908,903,78.9341140917408,-72.8888324032377,-22.7561693671867,95.6450017704245
7.14178705189941,908,905,88.7092851572344,-77.7764179359846,-27.6437548999335,105.420172835918
7.14392723381487,905,906,108.259627288222,-72.8888324032377,-44.7503042645474,117.639136667785
7.14606741573034,905,901,83.8216996244876,-60.6698685713707,-32.5313404326804,93.201209004051
7.1482075976458,906,904,93.5968706899812,-70.4450396368643,-34.9751331990538,105.420172835918
7.15034777956126,906,903,88.7092851572344,-68.0012468704909,-32.5313404326804,100.532587303171
7.15248796147673,904,901,88.7092851572344,-58.2260758049973,-37.4189259654272,95.6450017704244
7.15462814339219,906,901,78.9341140917408,-63.1136613377441,-27.6437548999335,90.7574162376776
7.15676832530765,907,905,93.5968706899812,-75.3326251696111,-32.5313404326804,107.863965602292
7.15890850722311,906,908,113.147212820969,-80.220210702358,-44.7503042645474,124.970514966905
7.16104868913858,904,899,78.9341140917408,-53.3384902722505,-32.5313404326804,85.8698307049308
7.16318887105404,907,904,88.7092851572344,-72.8888324032377,-30.0875476663069,102.976380069545
7.1653290529695,908,904,83.8216996244876,-75.3326251696111,-25.1999621335601,100.532587303171
7.16746923488497,906,904,93.5968706899812,-70.4450396368643,-34.9751331990538,105.420172835918
7.16960941680043,906,901,78.9341140917408,-63.1136613377441,-27.6437548999335,90.7574162376776
7.17174959871589,907,905,93.5968706899812,-75.3326251696111,-32.5313404326804,107.863965602292
7.17388978063135,908,907,98.4844562227281,-82.6640034687314,-32.5313404326804,115.195343901412
7.17602996254682,906,904,93.5968706899812,-70.4450396368643,-34.9751331990538,105.420172835918
7.17817014446228,907,906,98.4844562227281,-77.7764179359846,-34.9751331990538,112.751551135038
7.18031032637774,907,906,98.4844562227281,-77.7764179359846,-34.9751331990538,112.751551135038
7.18245050829321,907,903,83.8216996244876,-70.4450396368643,-27.6437548999335,98.0887945367979
7.18459069020867,906,904,93.5968706899812,-70.4450396368643,-34.9751331990538,105.420172835918
7.18673087212413,906,901,78.9341140917408,-63.1136613377441,-27.6437548999335,90.7574162376776
7.18887105403959,905,904,98.4844562227281,-68.0012468704909,-39.8627187318006,107.863965602292
7.19101123595506,905,901,83.8216996244876,-60.6698685713707,-32.5313404326804,93.201209004051
7.19315141787052,908,907,98.4844562227281,-82.6640034687314,-32.5313404326804,115.195343901412
7.19529159978598,907,905,93.5968706899812,-75.3326251696111,-32.5313404326804,107.863965602292
7.19743178170144,905,901,83.8216996244876,-60.6698685713707,-32.5313404326804,93.201209004051
7.19957196361691,905,903,93.5968706899812,-65.5574541041175,-37.4189259654272,102.976380069545
7.20171214553237,908,908,103.372041755475,-85.1077962351048,-34.9751331990538,120.082929434159
7.20385232744783,906,902,83.8216996244876,-65.5574541041175,-30.0875476663069,95.6450017704245
7.2059925093633,904,901,88.7092851572344,-58.2260758049973,-37.4189259654272,95.6450017704244
7.20813269127876,907,906,98.4844562227281,-77.7764179359846,-34.9751331990538,112.751551135038
7.21027287319422,908,907,98.4844562227281,-82.6640034687314,-32.5313404326804,115.195343901412
7.21241305510968,907,903,83.8216996244876,-70.4450396368643,-27.6437548999335,98.0887945367979
7.21455323702515,906,901,78.9341140917408,-63.1136613377441,-27.6437548999335,90.7574162376776
7.21669341894061,908,906,93.5968706899812,-80.220210702358,-30.0875476663069,110.307758368665
7.21883360085607,906,906,103.372041755475,-75.3326251696111,-39.8627187318006,115.195343901412
7.22097378277154,905,902,88.7092851572344,-63.1136613377441,-34.9751331990538,98.0887945367979
7.223113964687,906,903,88.7092851572344,-68.0012468704909,-32.5313404326804,100.532587303171
7.22525414660246,906,904,93.5968706899812,-70.4450396368643,-34.9751331990538,105.420172835918
7.22739432851792,906,901,78.9341140917408,-63.1136613377441,-27.6437548999335,90.7574162376776
7.22953451043339,905,902,88.7092851572344,-63.1136613377441,-34.9751331990538,98.0887945367979
7.23167469234885,908,905,88.7092851572344,-77.7764179359846,-27.6437548999335,105.420172835918
7.23381487426431,908,905,88.7092851572344,-77.7764179359846,-27.6437548999335,105.420172835918
7.23595505617978,906,903,88.7092851572344,-68.0012468704909,-32.5313404326804,100.532587303171
7.23809523809524,908,907,98.4844562227281,-82.6640034687314,-32.5313404326804,115.195343901412
7.2402354200107,905,905,103.372041755475,-70.4450396368643,-42.306511498174,112.751551135038
7.24237560192616,906,903,88.7092851572344,-68.0012468704909,-32.5313404326804,100.532587303171
7.24451578384163,907,903,83.8216996244876,-70.4450396368643,-27.6437548999335,98.0887945367979
7.24665596575709,908,907,98.4844562227281,-82.6640034687314,-32.5313404326804,115.195343901412
7.24879614767255,906,904,93.5968706899812,-70.4450396368643,-34.9751331990538,105.420172835918
7.25093632958801,906,904,93.5968706899812,-70.4450396368643,-34.9751331990538,105.420172835918
7.25307651150348,907,907,103.372041755475,-80.220210702358,-37.4189259654272,117.639136667785
7.25521669341894,906,905,98.4844562227281,-72.8888324032377,-37.4189259654272,110.307758368665
7.2573568753344,905,903,93.5968706899812,-65.5574541041175,-37.4189259654272,102.976380069545
7.25949705724987,906,903,88.7092851572344,-68.0012468704909,-32.5313404326804,100.532587303171
7.26163723916533,908,906,93.5968706899812,-80.220210702358,-30.0875476663069,110.307758368665
7.26377742108079,908,905,88.7092851572344,-77.7764179359846,-27.6437548999335,105.420172835918
7.26591760299625,907,900,69.1589430262471,-63.1136613377441,-20.3123766008133,83.4260379385574
7.26805778491172,908,907,98.4844562227281,-82.6640034687314,-32.5313404326804,115.195343901412
7.27019796682718,907,910,118.034798353715,-87.5515890014782,-44.7503042645474,132.301893266026
7.27233814874264,907,907,103.372041755475,-80.220210702358,-37.4189259654272,117.639136667785
7.27447833065811,908,905,88.7092851572344,-77.7764179359846,-27.6437548999335,105.420172835918
7.27661851257357,909,909,103.372041755475,-89.9953817678516,-32.5313404326804,122.526722200532
7.27875869448903,906,904,93.5968706899812,-70.4450396368643,-34.9751331990538,105.420172835918
7.28089887640449,906,906,103.372041755475,-75.3326251696111,-39.8627187318006,115.195343901412
7.28303905831996,908,906,93.5968706899812,-80.220210702358,-30.0875476663069,110.307758368665
7.28517924023542,907,908,108.259627288222,-82.6640034687314,-39.8627187318006,122.526722200532
7.28731942215088,907,904,88.7092851572344,-72.8888324032377,-30.0875476663069,102.976380069545
7.28945960406635,907,906,98.4844562227281,-77.7764179359846,-34.9751331990538,112.751551135038
7.29159978598181,906,906,103.372041755475,-75.3326251696111,-39.8627187318006,115.195343901412
7.29373996789727,905,903,93.5968706899812,-65.5574541041175,-37.4189259654272,102.976380069545
7.29588014981273,906,901,78.9341140917408,-63.1136613377441,-27.6437548999335,90.7574162376776
7.2980203317282,908,907,98.4844562227281,-82.6640034687314,-32.5313404326804,115.195343901412
7.30016051364366,907,907,103.372041755475,-80.220210702358,-37.4189259654272,117.639136667785
7.30230069555912,906,904,93.5968706899812,-70.4450396368643,-34.9751331990538,105.420172835918
7.30444087747459,907,907,103.372041755475,-80.220210702358,-37.4189259654272,117.639136667785
7.30658105939005,907,909,113.147212820969,-85.1077962351048,-42.306511498174,127.414307733279
7.30872124130551,907,906,98.4844562227281,-77.7764179359846,-34.9751331990538,112.751551135038
7.31086142322097,906,905,98.4844562227281,-72.8888324032377,-37.4189259654272,110.307758368665
7.31300160513644,907,902,78.9341140917408,-68.0012468704909,-25.1999621335601,93.201209004051
7.3151417870519,906,904,93.5968706899812,-70.4450396368643,-34.9751331990538,105.420172835918
7.31728196896736,904,898,74.046528558994,-50.894697505877,-30.0875476663069,80.982245172184
7.31942215088282,906,900,74.046528558994,-60.6698685713707,-25.1999621335601,85.8698307049308
7.32156233279829,906,902,83.8216996244876,-65.5574541041175,-30.0875476663069,95.6450017704245
7.32370251471375,898,858,-92.1313795543979,61.5197697472998,38.3386497921485,-99.8584195394483
7.32584269662921,886,836,-141.007234881866,144.608723803996,33.4510642594017,-178.059788063397
7.32798287854468,886,842,-111.681721685385,129.945967205755,18.7883076611612,-148.734274866917
7.33012306046014,892,850,-101.906550619892,95.7328684765275,28.5634787266549,-124.296347203182
7.3322632423756,892,855,-77.4686229561574,83.5139046446605,16.3445148947878,-99.8584195394483
7.33440342429106,896,871,-18.8175965631956,34.6380493171923,-3.20582723619944,-31.4322220809928
7.33654360620653,901,881,5.6203311005385,-2.01884217840886,-3.20582723619944,5.22466941460831
7.33868378812199,902,886,25.1706732315258,-16.6815987766493,-10.5372055353197,27.218804311969
7.34082397003745,904,890,34.9458442970194,-31.3443553748898,-10.5372055353197,41.8815609102094
7.34296415195292,903,895,64.2713574935003,-41.1195264403834,-27.6437548999335,68.763281340317
7.34510433386838,899,878,0.732745567791682,10.2001216534582,-5.64962000257285,-4.55050165088533
7.34724451578384,899,878,0.732745567791682,10.2001216534582,-5.64962000257285,-4.55050165088533
7.3493846976993,900,883,20.283087698779,-4.46263494478227,-12.9809983016931,17.4436332464754
7.35152487961477,901,894,69.1589430262471,-33.7881481412632,-34.9751331990538,68.763281340317
7.35366506153023,903,894,59.3837719607535,-38.67573367401,-25.1999621335601,63.8756958075701
7.35580524344569,905,897,64.2713574935003,-50.894697505877,-22.7561693671867,73.6508668730638
7.35794542536116,907,904,88.7092851572344,-72.8888324032377,-30.0875476663069,102.976380069545
7.36008560727662,906,905,98.4844562227281,-72.8888324032377,-37.4189259654272,110.307758368665
7.36222578919208,906,903,88.7092851572344,-68.0012468704909,-32.5313404326804,100.532587303171
7.36436597110754,909,909,103.372041755475,-89.9953817678516,-32.5313404326804,122.526722200532
7.36650615302301,910,910,103.372041755475,-94.8829673005984,-30.087547666307,124.970514966905
7.36864633493847,909,911,113.147212820969,-94.8829673005984,-37.4189259654272,132.301893266026
7.37078651685393,911,911,103.372041755475,-99.7705528333452,-27.6437548999335,127.414307733279
7.3729266987694,910,915,127.809969419209,-107.101931132465,-42.306511498174,149.408442630639
7.37506688068486,910,919,147.360311550196,-116.877102197959,-52.0816825636676,168.958784761627
7.37720706260032,912,921,147.360311550196,-126.652273263453,-47.1940970309208,173.846370294374
7.37934724451578,914,924,152.247897082943,-138.87123709532,-44.7503042645474,183.621541359867
7.38148742643125,912,923,157.13548261569,-131.5398587962,-52.0816825636676,183.621541359867
7.38362760834671,909,919,152.247897082943,-114.433309431586,-56.9692680964145,171.402577528
7.38576779026217,912,922,152.247897082943,-129.096066029826,-49.6378897972942,178.73395582712
7.38790797217764,913,922,147.360311550196,-131.5398587962,-44.7503042645474,176.290163060747
7.3900481540931,913,922,147.360311550196,-131.5398587962,-44.7503042645474,176.290163060747
7.39218833600856,913,922,147.360311550196,-131.5398587962,-44.7503042645474,176.290163060747
7.39432851792402,914,931,186.460995812171,-155.977786459934,-61.8568536291613,217.834640089095
7.39646869983949,913,929,181.573410279424,-148.646408160813,-61.8568536291613,210.503261789975
7.39860888175495,914,925,157.13548261569,-141.315029861693,-47.1940970309208,188.509126892614
7.40074906367041,913,930,186.460995812171,-151.090200927187,-64.3006463955347,215.390847322721
7.40288924558587,915,934,196.236166877664,-165.752957525427,-64.3006463955347,230.053603920962
7.40502942750134,915,930,176.685824746677,-155.977786459934,-54.525475330041,210.503261789975
7.4071696094168,913,930,186.460995812171,-151.090200927187,-64.3006463955347,215.390847322721
7.40930979133226,916,931,176.685824746677,-160.86537199268,-52.0816825636676,212.947054556348
7.41144997324773,914,930,181.573410279424,-153.53399369356,-59.4130608627879,212.947054556348
7.41359015516319,914,926,162.023068148437,-143.758822628067,-49.6378897972942,193.396712425361
7.41573033707865,913,929,181.573410279424,-148.646408160813,-61.8568536291613,210.503261789975
7.41787051899411,911,929,191.348581344918,-143.758822628067,-71.6320246946549,215.390847322721
7.42001070090958,912,924,162.023068148437,-133.983651562573,-54.525475330041,188.509126892614
7.42215088282504,913,924,157.13548261569,-136.427444328946,-49.6378897972942,186.065334126241
7.4242910647405,912,927,176.685824746677,-141.315029861693,-61.8568536291613,203.171883490854
7.42643124665597,912,927,176.685824746677,-141.315029861693,-61.8568536291613,203.171883490854
7.42857142857143,913,924,157.13548261569,-136.427444328946,-49.6378897972942,186.065334126241
7.43071161048689,913,927,171.79823921393,-143.758822628067,-56.9692680964145,200.728090724481
7.43285179240235,914,925,157.13548261569,-141.315029861693,-47.1940970309208,188.509126892614
7.43499197431782,913,922,147.360311550196,-131.5398587962,-44.7503042645474,176.290163060747
7.43713215623328,909,919,152.247897082943,-114.433309431586,-56.9692680964145,171.402577528
7.43927233814874,905,922,186.460995812171,-111.989516665212,-83.8509885265219,195.840505191734
7.44141252006421,905,921,181.573410279424,-109.545723898839,-81.4071957601485,190.952919658987
7.44355270197967,903,916,166.910653681184,-92.439174534225,-78.9634029937751,171.402577528
7.44569288389513,906,918,162.023068148437,-104.658138366092,-69.1882319282815,173.846370294374
7.44783306581059,906,921,176.685824746677,-111.989516665212,-76.5196102274017,188.509126892614
7.44997324772606,905,916,157.13548261569,-97.3267600669718,-69.1882319282815,166.514991995253
7.45211342964152,906,915,147.360311550196,-97.3267600669718,-61.8568536291613,159.183613696133
7.45425361155698,907,919,162.023068148437,-109.545723898839,-66.7444391619081,176.290163060747
7.45639379347245,909,918,147.360311550196,-111.989516665212,-54.525475330041,166.514991995253
7.45853397538791,907,916,147.360311550196,-102.214345599719,-59.4130608627879,161.627406462507
7.46067415730337,909,921,162.023068148437,-119.320894964333,-61.8568536291613,181.177748593494
7.46281433921883,912,921,147.360311550196,-126.652273263453,-47.1940970309208,173.846370294374
7.4649545211343,910,917,137.585140484703,-111.989516665212,-47.1940970309208,159.183613696133
7.46709470304976,908,917,147.360311550196,-107.101931132465,-56.9692680964144,164.07119922888
7.46923488496522,909,920,157.13548261569,-116.877102197959,-59.4130608627879,176.290163060747
7.47137506688069,906,916,152.247897082943,-99.7705528333452,-64.3006463955347,164.07119922888
7.47351524879615,906,915,147.360311550196,-97.3267600669718,-61.8568536291613,159.183613696133
7.47565543071161,908,917,147.360311550196,-107.101931132465,-56.9692680964144,164.07119922888
7.47779561262707,907,920,166.910653681184,-111.989516665212,-69.1882319282815,181.177748593494
7.47993579454254,908,917,147.360311550196,-107.101931132465,-56.9692680964144,164.07119922888
7.482075976458,909,921,162.023068148437,-119.320894964333,-61.8568536291613,181.177748593494
7.48421615837346,910,922,162.023068148437,-124.208480497079,-59.4130608627879,183.621541359867
7.48635634028892,910,919,147.360311550196,-116.877102197959,-52.0816825636676,168.958784761627
7.48849652220439,909,918,147.360311550196,-111.989516665212,-54.525475330041,166.514991995253
7.49063670411985,912,919,137.585140484703,-121.764687730706,-42.306511498174,164.07119922888
7.49277688603531,911,920,147.360311550196,-121.764687730706,-49.6378897972942,171.402577528
7.49491706795078,911,896,30.0582587642726,-63.1136613377441,9.0131365956676,54.1005247420765
7.49705724986624,882,795,-321.847899593498,254.579398290799,114.096225549724,-368.675623840523
7.4991974317817,877,811,-219.208603405815,227.697677860692,50.5576136240156,-278.255291484707
7.50133761369716,878,820,-180.107919143841,203.259750196958,33.4510642594017,-236.710814456359
7.50347779561263,882,832,-141.007234881866,164.159065934983,23.6758931939081,-187.834959128891
7.50561797752809,890,847,-106.794136152638,107.951832308395,26.1196859602815,-134.071518268676
7.50775815944355,895,858,-77.4686229561574,68.85114804642,23.6758931939081,-92.5270412403281
7.50989834135902,896,865,-48.1431097596765,49.3008059154327,11.456929362041,-60.7577352774738
7.51203852327448,898,868,-43.2555242269297,37.0818420835657,13.9007221284144,-50.9825642119801
7.51417870518994,896,864,-53.0306952924233,51.7445986818061,13.9007221284144,-65.6453208102206
7.5163188871054,898,871,-28.5927676286892,29.7504637844455,6.56934382929419,-36.3198076137397
7.51845906902087,899,878,0.732745567791682,10.2001216534582,-5.64962000257285,-4.55050165088533
7.52059925093633,903,892,49.6086008952599,-33.7881481412632,-20.3123766008133,54.1005247420765
7.52273943285179,904,893,49.6086008952599,-38.67573367401,-17.8685838344399,56.5443175084499
7.52487961476726,902,891,49.6086008952599,-28.9005626085164,-22.7561693671867,51.6567319757031
7.52701979668272,902,896,74.046528558994,-41.1195264403834,-34.9751331990538,76.0946596394372
7.52915997859818,905,898,69.1589430262471,-53.3384902722505,-25.1999621335601,78.5384524058106
7.53130016051364,906,896,54.4961864280067,-50.894697505877,-15.4247910680665,66.3194885739435
7.53344034242911,905,896,59.3837719607535,-48.4509047395036,-20.3123766008133,68.763281340317
7.53558052434457,906,902,83.8216996244876,-65.5574541041175,-30.0875476663069,95.6450017704245
7.53772070626003,906,903,88.7092851572344,-68.0012468704909,-32.5313404326804,100.532587303171
7.53986088817549,902,900,93.5968706899812,-50.894697505877,-44.7503042645474,95.6450017704245
7.54200107009096,905,902,88.7092851572344,-63.1136613377441,-34.9751331990538,98.0887945367979
7.54414125200642,907,904,88.7092851572344,-72.8888324032377,-30.0875476663069,102.976380069545
7.54628143392188,905,899,74.046528558994,-55.7822830386239,-27.6437548999335,83.4260379385574
7.54842161583735,905,900,78.9341140917408,-58.2260758049973,-30.0875476663069,88.3136234713042
7.55056179775281,905,903,93.5968706899812,-65.5574541041175,-37.4189259654272,102.976380069545
7.55270197966827,903,904,108.259627288222,-63.1136613377441,-49.6378897972942,112.751551135038
7.55484216158373,904,897,69.1589430262471,-48.4509047395036,-27.6437548999335,76.0946596394372
7.5569823434992,904,896,64.2713574935003,-46.0071119731302,-25.1999621335601,71.2070741066904
7.55912252541466,904,897,69.1589430262471,-48.4509047395036,-27.6437548999335,76.0946596394372
7.56126270733012,903,893,54.4961864280067,-36.2319409076366,-22.7561693671867,58.9881102748233
7.56340288924559,901,892,59.3837719607535,-28.9005626085164,-30.0875476663069,58.9881102748233
7.56554307116105,903,895,64.2713574935003,-41.1195264403834,-27.6437548999335,68.763281340317
7.56768325307651,905,896,59.3837719607535,-48.4509047395036,-20.3123766008133,68.763281340317
7.56982343499197,905,898,69.1589430262471,-53.3384902722505,-25.1999621335601,78.5384524058106
7.57196361690744,905,900,78.9341140917408,-58.2260758049973,-30.0875476663069,88.3136234713042
7.5741037988229,907,903,83.8216996244876,-70.4450396368643,-27.6437548999335,98.0887945367979
7.57624398073836,905,901,83.8216996244876,-60.6698685713707,-32.5313404326804,93.201209004051
7.57838416265383,908,903,78.9341140917408,-72.8888324032377,-22.7561693671867,95.6450017704245
7.58052434456929,906,903,88.7092851572344,-68.0012468704909,-32.5313404326804,100.532587303171
7.58266452648475,906,904,93.5968706899812,-70.4450396368643,-34.9751331990538,105.420172835918
7.58480470840021,907,901,74.046528558994,-65.5574541041175,-22.7561693671867,88.3136234713042
7.58694489031568,909,902,69.1589430262471,-72.8888324032377,-15.4247910680665,88.3136234713042
7.58908507223114,906,901,78.9341140917408,-63.1136613377441,-27.6437548999335,90.7574162376776
7.5912252541466,904,895,59.3837719607535,-43.5633192067568,-22.7561693671867,66.3194885739435
7.59336543606207,904,893,49.6086008952599,-38.67573367401,-17.8685838344399,56.5443175084499
7.59550561797753,904,893,49.6086008952599,-38.67573367401,-17.8685838344399,56.5443175084499
7.59764579989299,902,893,59.3837719607535,-33.7881481412632,-27.6437548999335,61.4319030411967
7.59978598180845,900,888,44.7210153625131,-16.6815987766493,-25.1999621335601,41.8815609102094
7.60192616372392,901,893,64.2713574935003,-31.3443553748898,-32.5313404326804,63.8756958075701
7.60406634563938,904,893,49.6086008952599,-38.67573367401,-17.8685838344399,56.5443175084499
7.60620652755484,905,891,34.9458442970194,-36.2319409076366,-8.09341276894626,44.3253536765829
7.6083467094703,902,890,44.7210153625131,-26.456769842143,-20.3123766008133,46.7691464429563
7.61048689138577,903,894,59.3837719607535,-38.67573367401,-25.1999621335601,63.8756958075701
7.61262707330123,901,890,49.6086008952599,-24.0129770757695,-25.1999621335601,49.2129392093297
7.61476725521669,902,888,34.9458442970194,-21.5691843093961,-15.4247910680665,36.9939753774626
7.61690743713216,902,893,59.3837719607535,-33.7881481412632,-27.6437548999335,61.4319030411967
7.61904761904762,905,898,69.1589430262471,-53.3384902722505,-25.1999621335601,78.5384524058106
7.62118780096308,904,896,64.2713574935003,-46.0071119731302,-25.1999621335601,71.2070741066904
7.62332798287854,907,897,54.4961864280067,-55.7822830386239,-12.9809983016931,68.763281340317
7.62546816479401,905,903,93.5968706899812,-65.5574541041175,-37.4189259654272,102.976380069545
7.62760834670947,905,899,74.046528558994,-55.7822830386239,-27.6437548999335,83.4260379385574
7.62974852862493,902,897,78.9341140917408,-43.5633192067568,-37.4189259654272,80.982245172184
7.6318887105404,904,899,78.9341140917408,-53.3384902722505,-32.5313404326804,85.8698307049308
7.63402889245586,903,897,74.046528558994,-46.0071119731302,-32.5313404326804,78.5384524058106
7.63616907437132,904,890,34.9458442970194,-31.3443553748898,-10.5372055353197,41.8815609102094
7.63830925628678,906,892,34.9458442970194,-41.1195264403834,-5.64962000257285,46.7691464429563
7.64044943820225,906,895,49.6086008952599,-48.4509047395036,-12.9809983016931,61.4319030411967
7.64258962011771,904,891,39.8334298297662,-33.7881481412632,-12.9809983016931,46.7691464429563
7.64472980203317,903,889,34.9458442970194,-26.456769842143,-12.9809983016931,39.437768143836
7.64686998394864,905,891,34.9458442970194,-36.2319409076366,-8.09341276894626,44.3253536765829
7.6490101658641,903,892,49.6086008952599,-33.7881481412632,-20.3123766008133,54.1005247420765
7.65115034777956,902,888,34.9458442970194,-21.5691843093961,-15.4247910680665,36.9939753774626
7.65329052969502,903,888,30.0582587642726,-24.0129770757695,-10.5372055353197,34.5501826110892
7.65543071161049,905,890,30.0582587642726,-33.7881481412632,-5.64962000257285,39.437768143836
7.65757089352595,902,888,34.9458442970194,-21.5691843093961,-15.4247910680665,36.9939753774626
7.65971107544141,899,883,25.1706732315258,-2.01884217840886,-17.8685838344399,19.8874260128488
7.66185125735688,903,889,34.9458442970194,-26.456769842143,-12.9809983016931,39.437768143836
7.66399143927234,904,888,25.1706732315258,-26.456769842143,-5.64962000257285,32.1063898447158
7.6661316211878,904,886,15.3955021660321,-21.5691843093961,-0.762034469826034,22.3312187792222
7.66827180310326,902,887,30.0582587642726,-19.1253915430227,-12.9809983016931,32.1063898447158
7.67041198501873,902,887,30.0582587642726,-19.1253915430227,-12.9809983016931,32.1063898447158
7.67255216693419,904,885,10.5079166332853,-19.1253915430227,1.68175829654738,17.4436332464754
7.67469234884965,904,883,0.732745567791682,-14.2378060102759,6.56934382929419,7.66846218098172
7.67683253076511,904,887,20.283087698779,-24.0129770757695,-3.20582723619944,27.218804311969
7.67897271268058,905,888,20.283087698779,-28.9005626085164,-0.762034469826034,29.6625970783424
7.68111289459604,904,884,5.6203311005385,-16.6815987766493,4.12555106292078,12.5560477137285
7.6832530765115,901,887,34.9458442970194,-16.6815987766493,-17.8685838344399,34.5501826110892
7.68539325842697,905,889,25.1706732315258,-31.3443553748898,-3.20582723619944,34.5501826110892
7.68753344034243,902,883,10.5079166332853,-9.35022047752909,-3.20582723619944,12.5560477137285
7.68967362225789,901,885,25.1706732315258,-11.7940132439025,-12.9809983016931,24.7750115455956
7.69181380417335,904,888,25.1706732315258,-26.456769842143,-5.64962000257285,32.1063898447158
7.69395398608882,903,887,25.1706732315258,-21.5691843093961,-8.09341276894626,29.6625970783424
7.69609416800428,902,884,15.3955021660321,-11.7940132439025,-5.64962000257285,17.4436332464754
7.69823434991974,903,887,25.1706732315258,-21.5691843093961,-8.09341276894626,29.6625970783424
7.70037453183521,903,889,34.9458442970194,-26.456769842143,-12.9809983016931,39.437768143836
7.70251471375067,903,886,20.283087698779,-19.1253915430227,-5.64962000257285,24.7750115455956
7.70465489566613,902,882,5.6203311005385,-6.90642771115568,-0.762034469826034,7.66846218098172
7.70679507758159,903,887,25.1706732315258,-21.5691843093961,-8.09341276894626,29.6625970783424
7.70893525949706,904,886,15.3955021660321,-21.5691843093961,-0.762034469826034,22.3312187792222
7.71107544141252,904,886,15.3955021660321,-21.5691843093961,-0.762034469826034,22.3312187792222
7.71321562332798,903,887,25.1706732315258,-21.5691843093961,-8.09341276894626,29.6625970783424
7.71535580524345,903,890,39.8334298297662,-28.9005626085164,-15.4247910680665,44.3253536765829
7.71749598715891,901,886,30.0582587642726,-14.2378060102759,-15.4247910680665,29.6625970783424
7.71963616907437,903,889,34.9458442970194,-26.456769842143,-12.9809983016931,39.437768143836
7.72177635098983,902,888,34.9458442970194,-21.5691843093961,-15.4247910680665,36.9939753774626
7.7239165329053,902,885,20.283087698779,-14.2378060102759,-8.09341276894626,22.3312187792222
7.72605671482076,902,886,25.1706732315258,-16.6815987766493,-10.5372055353197,27.218804311969
7.72819689673622,904,891,39.8334298297662,-33.7881481412632,-12.9809983016931,46.7691464429563
7.73033707865169,904,891,39.8334298297662,-33.7881481412632,-12.9809983016931,46.7691464429563
7.73247726056715,903,887,25.1706732315258,-21.5691843093961,-8.09341276894626,29.6625970783424
7.73461744248261,903,885,15.3955021660321,-16.6815987766493,-3.20582723619944,19.8874260128488
7.73675762439807,906,892,34.9458442970194,-41.1195264403834,-5.64962000257285,46.7691464429563
7.73889780631354,903,885,15.3955021660321,-16.6815987766493,-3.20582723619944,19.8874260128488
7.741037988229,901,886,30.0582587642726,-14.2378060102759,-15.4247910680665,29.6625970783424
7.74317817014446,904,887,20.283087698779,-24.0129770757695,-3.20582723619944,27.218804311969
7.74531835205993,904,890,34.9458442970194,-31.3443553748898,-10.5372055353197,41.8815609102094
7.74745853397539,901,885,25.1706732315258,-11.7940132439025,-12.9809983016931,24.7750115455956
7.74959871589085,903,886,20.283087698779,-19.1253915430227,-5.64962000257285,24.7750115455956
7.75173889780631,905,890,30.0582587642726,-33.7881481412632,-5.64962000257285,39.437768143836
7.75387907972178,905,888,20.283087698779,-28.9005626085164,-0.762034469826034,29.6625970783424
7.75601926163724,906,887,10.5079166332853,-28.9005626085164,6.56934382929419,22.3312187792222
7.7581594435527,908,889,10.5079166332853,-38.67573367401,11.456929362041,27.218804311969
7.76029962546817,905,889,25.1706732315258,-31.3443553748898,-3.20582723619944,34.5501826110892
7.76243980738363,905,886,10.5079166332853,-24.0129770757695,4.12555106292078,19.8874260128488
7.76457998929909,904,886,15.3955021660321,-21.5691843093961,-0.762034469826034,22.3312187792222
7.76672017121455,906,890,25.1706732315258,-36.2319409076366,-0.762034469826034,36.9939753774626
7.76886035313002,902,888,34.9458442970194,-21.5691843093961,-15.4247910680665,36.9939753774626
7.77100053504548,901,886,30.0582587642726,-14.2378060102759,-15.4247910680665,29.6625970783424
7.77314071696094,903,888,30.0582587642726,-24.0129770757695,-10.5372055353197,34.5501826110892
7.7752808988764,901,888,39.8334298297662,-19.1253915430227,-20.3123766008133,39.437768143836
7.77742108079187,901,884,20.283087698779,-9.35022047752909,-10.5372055353197,19.8874260128488
7.77956126270733,903,886,20.283087698779,-19.1253915430227,-5.64962000257285,24.7750115455956
7.78170144462279,903,889,34.9458442970194,-26.456769842143,-12.9809983016931,39.437768143836
7.78384162653826,903,886,20.283087698779,-19.1253915430227,-5.64962000257285,24.7750115455956
7.78598180845372,904,886,15.3955021660321,-21.5691843093961,-0.762034469826034,22.3312187792222
7.78812199036918,904,889,30.0582587642726,-28.9005626085164,-8.09341276894626,36.9939753774626
7.79026217228464,905,891,34.9458442970194,-36.2319409076366,-8.09341276894626,44.3253536765829
7.79240235420011,902,882,5.6203311005385,-6.90642771115568,-0.762034469826034,7.66846218098172
7.79454253611557,903,887,25.1706732315258,-21.5691843093961,-8.09341276894626,29.6625970783424
7.79668271803103,904,888,25.1706732315258,-26.456769842143,-5.64962000257285,32.1063898447158
7.7988228999465,904,885,10.5079166332853,-19.1253915430227,1.68175829654738,17.4436332464754
7.80096308186196,902,885,20.283087698779,-14.2378060102759,-8.09341276894626,22.3312187792222
7.80310326377742,905,891,34.9458442970194,-36.2319409076366,-8.09341276894626,44.3253536765829
7.80524344569288,904,885,10.5079166332853,-19.1253915430227,1.68175829654738,17.4436332464754
7.80738362760835,903,885,15.3955021660321,-16.6815987766493,-3.20582723619944,19.8874260128488
7.80952380952381,904,888,25.1706732315258,-26.456769842143,-5.64962000257285,32.1063898447158
7.81166399143927,902,887,30.0582587642726,-19.1253915430227,-12.9809983016931,32.1063898447158
7.81380417335474,902,883,10.5079166332853,-9.35022047752909,-3.20582723619944,12.5560477137285
7.8159443552702,903,884,10.5079166332853,-14.2378060102759,-0.762034469826034,14.9998404801019
7.81808453718566,904,888,25.1706732315258,-26.456769842143,-5.64962000257285,32.1063898447158
7.82022471910112,904,888,25.1706732315258,-26.456769842143,-5.64962000257285,32.1063898447158
7.82236490101659,905,885,5.6203311005385,-21.5691843093961,6.56934382929419,14.9998404801019
7.82450508293205,905,889,25.1706732315258,-31.3443553748898,-3.20582723619944,34.5501826110892
7.82664526484751,907,888,10.5079166332853,-33.7881481412632,9.0131365956676,24.7750115455956
7.82878544676297,905,888,20.283087698779,-28.9005626085164,-0.762034469826034,29.6625970783424
7.83092562867844,907,887,5.6203311005385,-31.3443553748898,11.456929362041,19.8874260128488
7.8330658105939,907,891,25.1706732315258,-41.1195264403834,1.68175829654738,39.437768143836
7.83520599250936,907,889,15.3955021660321,-36.2319409076366,6.56934382929419,29.6625970783424
7.83734617442483,906,886,5.6203311005385,-26.456769842143,9.0131365956676,17.4436332464754
7.83948635634029,907,892,30.0582587642726,-43.5633192067568,-0.762034469826034,44.3253536765829
7.84162653825575,908,891,20.283087698779,-43.5633192067568,6.56934382929419,36.9939753774626
7.84376672017121,905,890,30.0582587642726,-33.7881481412632,-5.64962000257285,39.437768143836
7.84590690208668,908,887,0.732745567791682,-33.7881481412632,16.3445148947878,17.4436332464754
7.84804708400214,907,891,25.1706732315258,-41.1195264403834,1.68175829654738,39.437768143836
7.8501872659176,907,889,15.3955021660321,-36.2319409076366,6.56934382929419,29.6625970783424
7.85232744783307,907,888,10.5079166332853,-33.7881481412632,9.0131365956676,24.7750115455956
7.85446762974853,908,892,25.1706732315258,-46.0071119731302,4.12555106292078,41.8815609102094
7.85660781166399,906,893,39.8334298297662,-43.5633192067568,-8.09341276894626,51.6567319757031
7.85874799357945,890,886,83.8216996244876,12.6439144198316,-69.1882319282815,56.5443175084499
7.86088817549492,889,888,98.4844562227281,10.2001216534582,-78.9634029937751,68.763281340317
7.86302835741038,897,888,59.3837719607535,-9.35022047752909,-39.8627187318006,49.2129392093297
7.86516853932584,900,885,30.0582587642726,-9.35022047752909,-17.8685838344399,27.218804311969
7.86730872124131,901,881,5.6203311005385,-2.01884217840886,-3.20582723619944,5.22466941460831
7.86944890315677,904,888,25.1706732315258,-26.456769842143,-5.64962000257285,32.1063898447158
7.87158908507223,905,890,30.0582587642726,-33.7881481412632,-5.64962000257285,39.437768143836
7.87372926698769,902,886,25.1706732315258,-16.6815987766493,-10.5372055353197,27.218804311969
7.87586944890316,901,885,25.1706732315258,-11.7940132439025,-12.9809983016931,24.7750115455956
7.87800963081862,904,889,30.0582587642726,-28.9005626085164,-8.09341276894626,36.9939753774626
7.88014981273408,903,884,10.5079166332853,-14.2378060102759,-0.762034469826034,14.9998404801019
7.88228999464955,902,884,15.3955021660321,-11.7940132439025,-5.64962000257285,17.4436332464754
7.88443017656501,904,887,20.283087698779,-24.0129770757695,-3.20582723619944,27.218804311969
7.88657035848047,904,888,25.1706732315258,-26.456769842143,-5.64962000257285,32.1063898447158
7.88871054039593,902,884,15.3955021660321,-11.7940132439025,-5.64962000257285,17.4436332464754
7.8908507223114,902,886,25.1706732315258,-16.6815987766493,-10.5372055353197,27.218804311969
7.89299090422686,906,891,30.0582587642726,-38.67573367401,-3.20582723619944,41.8815609102094
7.89513108614232,903,887,25.1706732315258,-21.5691843093961,-8.09341276894626,29.6625970783424
7.89727126805778,902,886,25.1706732315258,-16.6815987766493,-10.5372055353197,27.218804311969
7.89941144997325,904,890,34.9458442970194,-31.3443553748898,-10.5372055353197,41.8815609102094
7.90155163188871,904,887,20.283087698779,-24.0129770757695,-3.20582723619944,27.218804311969
7.90369181380417,903,885,15.3955021660321,-16.6815987766493,-3.20582723619944,19.8874260128488
7.90583199571964,903,889,34.9458442970194,-26.456769842143,-12.9809983016931,39.437768143836
7.9079721776351,904,890,34.9458442970194,-31.3443553748898,-10.5372055353197,41.8815609102094
7.91011235955056,902,887,30.0582587642726,-19.1253915430227,-12.9809983016931,32.1063898447158
7.91225254146602,902,886,25.1706732315258,-16.6815987766493,-10.5372055353197,27.218804311969
7.91439272338149,903,891,44.7210153625131,-31.3443553748898,-17.8685838344399,49.2129392093297
7.91653290529695,904,890,34.9458442970194,-31.3443553748898,-10.5372055353197,41.8815609102094
7.91867308721241,902,887,30.0582587642726,-19.1253915430227,-12.9809983016931,32.1063898447158
7.92081326912788,902,887,30.0582587642726,-19.1253915430227,-12.9809983016931,32.1063898447158
7.92295345104334,904,892,44.7210153625131,-36.2319409076366,-15.4247910680665,51.6567319757031
7.9250936329588,904,890,34.9458442970194,-31.3443553748898,-10.5372055353197,41.8815609102094
7.92723381487426,903,889,34.9458442970194,-26.456769842143,-12.9809983016931,39.437768143836
7.92937399678973,905,893,44.7210153625131,-41.1195264403834,-12.9809983016931,54.1005247420765
7.93151417870519,904,896,64.2713574935003,-46.0071119731302,-25.1999621335601,71.2070741066904
7.93365436062065,903,891,44.7210153625131,-31.3443553748898,-17.8685838344399,49.2129392093297
7.93579454253612,904,893,49.6086008952599,-38.67573367401,-17.8685838344399,56.5443175084499
7.93793472445158,904,895,59.3837719607535,-43.5633192067568,-22.7561693671867,66.3194885739435
7.94007490636704,903,892,49.6086008952599,-33.7881481412632,-20.3123766008133,54.1005247420765
7.9422150882825,906,895,49.6086008952599,-48.4509047395036,-12.9809983016931,61.4319030411967
7.94435527019797,905,898,69.1589430262471,-53.3384902722505,-25.1999621335601,78.5384524058106
7.94649545211343,905,897,64.2713574935003,-50.894697505877,-22.7561693671867,73.6508668730638
7.94863563402889,905,897,64.2713574935003,-50.894697505877,-22.7561693671867,73.6508668730638
7.95077581594435,905,899,74.046528558994,-55.7822830386239,-27.6437548999335,83.4260379385574
7.95291599785982,906,899,69.1589430262472,-58.2260758049973,-22.7561693671867,80.982245172184
7.95505617977528,904,895,59.3837719607535,-43.5633192067568,-22.7561693671867,66.3194885739435
7.95719636169074,905,897,64.2713574935003,-50.894697505877,-22.7561693671867,73.6508668730638
7.95933654360621,906,901,78.9341140917408,-63.1136613377441,-27.6437548999335,90.7574162376776
7.96147672552167,906,899,69.1589430262472,-58.2260758049973,-22.7561693671867,80.982245172184
7.96361690743713,906,896,54.4961864280067,-50.894697505877,-15.4247910680665,66.3194885739435
7.96575708935259,906,899,69.1589430262472,-58.2260758049973,-22.7561693671867,80.982245172184
7.96789727126806,905,900,78.9341140917408,-58.2260758049973,-30.0875476663069,88.3136234713042
7.97003745318352,903,896,69.1589430262471,-43.5633192067568,-30.0875476663069,73.6508668730638
7.97217763509898,903,894,59.3837719607535,-38.67573367401,-25.1999621335601,63.8756958075701
7.97431781701445,904,899,78.9341140917408,-53.3384902722505,-32.5313404326804,85.8698307049308
7.97645799892991,903,895,64.2713574935003,-41.1195264403834,-27.6437548999335,68.763281340317
7.97859818084537,904,896,64.2713574935003,-46.0071119731302,-25.1999621335601,71.2070741066904
7.98073836276083,906,898,64.2713574935003,-55.7822830386239,-20.3123766008133,76.0946596394372
7.9828785446763,907,902,78.9341140917408,-68.0012468704909,-25.1999621335601,93.201209004051
7.98501872659176,905,895,54.4961864280067,-46.0071119731302,-17.8685838344399,63.8756958075701
7.98715890850722,906,897,59.3837719607535,-53.3384902722505,-17.8685838344399,71.2070741066904
7.98929909042269,906,899,69.1589430262472,-58.2260758049973,-22.7561693671867,80.982245172184
7.99143927233815,906,897,59.3837719607535,-53.3384902722505,-17.8685838344399,71.2070741066904
7.99357945425361,904,896,64.2713574935003,-46.0071119731302,-25.1999621335601,71.2070741066904
7.99571963616907,905,901,83.8216996244876,-60.6698685713707,-32.5313404326804,93.201209004051
7.99785981808454,908,900,64.2713574935003,-65.5574541041175,-15.4247910680665,80.982245172184
8,906,899,69.1589430262472,-58.2260758049973,-22.7561693671867,80.982245172184
8.00214018191546,906,897,59.3837719607535,-53.3384902722505,-17.8685838344399,71.2070741066904
8.00428036383093,905,899,74.046528558994,-55.7822830386239,-27.6437548999335,83.4260379385574
8.00642054574639,905,896,59.3837719607535,-48.4509047395036,-20.3123766008133,68.763281340317
8.00856072766185,904,895,59.3837719607535,-43.5633192067568,-22.7561693671867,66.3194885739435
8.01070090957731,908,900,64.2713574935003,-65.5574541041175,-15.4247910680665,80.982245172184
8.01284109149278,906,900,74.046528558994,-60.6698685713707,-25.1999621335601,85.8698307049308
8.01498127340824,904,897,69.1589430262471,-48.4509047395036,-27.6437548999335,76.0946596394372
8.0171214553237,905,898,69.1589430262471,-53.3384902722505,-25.1999621335601,78.5384524058106
8.01926163723916,907,900,69.1589430262471,-63.1136613377441,-20.3123766008133,83.4260379385574
8.02140181915463,905,897,64.2713574935003,-50.894697505877,-22.7561693671867,73.6508668730638
8.02354200107009,903,895,64.2713574935003,-41.1195264403834,-27.6437548999335,68.763281340317
8.02568218298555,906,898,64.2713574935003,-55.7822830386239,-20.3123766008133,76.0946596394372
8.02782236490102,908,901,69.1589430262471,-68.0012468704909,-17.8685838344399,85.8698307049308
8.02996254681648,905,895,54.4961864280067,-46.0071119731302,-17.8685838344399,63.8756958075701
8.03210272873194,907,897,54.4961864280067,-55.7822830386239,-12.9809983016931,68.763281340317
8.03424291064741,907,899,64.2713574935003,-60.6698685713707,-17.8685838344399,78.5384524058106
8.03638309256287,905,897,64.2713574935003,-50.894697505877,-22.7561693671867,73.6508668730638
8.03852327447833,904,896,64.2713574935003,-46.0071119731302,-25.1999621335601,71.2070741066904
8.04066345639379,905,899,74.046528558994,-55.7822830386239,-27.6437548999335,83.4260379385574
8.04280363830926,905,899,74.046528558994,-55.7822830386239,-27.6437548999335,83.4260379385574
8.04494382022472,904,895,59.3837719607535,-43.5633192067568,-22.7561693671867,66.3194885739435
8.04708400214018,904,899,78.9341140917408,-53.3384902722505,-32.5313404326804,85.8698307049308
8.04922418405564,906,900,74.046528558994,-60.6698685713707,-25.1999621335601,85.8698307049308
8.05136436597111,907,898,59.3837719607535,-58.2260758049973,-15.4247910680665,73.6508668730638
8.05350454788657,905,898,69.1589430262471,-53.3384902722505,-25.1999621335601,78.5384524058106
8.05564472980203,908,900,64.2713574935003,-65.5574541041175,-15.4247910680665,80.982245172184
8.0577849117175,905,900,78.9341140917408,-58.2260758049973,-30.0875476663069,88.3136234713042
8.05992509363296,904,896,64.2713574935003,-46.0071119731302,-25.1999621335601,71.2070741066904
8.06206527554842,906,898,64.2713574935003,-55.7822830386239,-20.3123766008133,76.0946596394372
8.06420545746388,906,899,69.1589430262472,-58.2260758049973,-22.7561693671867,80.982245172184
8.06634563937935,906,895,49.6086008952599,-48.4509047395036,-12.9809983016931,61.4319030411967
8.06848582129481,904,897,69.1589430262471,-48.4509047395036,-27.6437548999335,76.0946596394372
8.07062600321027,906,900,74.046528558994,-60.6698685713707,-25.1999621335601,85.8698307049308
8.07276618512573,905,899,74.046528558994,-55.7822830386239,-27.6437548999335,83.4260379385574
8.0749063670412,905,896,59.3837719607535,-48.4509047395036,-20.3123766008133,68.763281340317
8.07704654895666,907,900,69.1589430262471,-63.1136613377441,-20.3123766008133,83.4260379385574
8.07918673087212,905,900,78.9341140917408,-58.2260758049973,-30.0875476663069,88.3136234713042
8.08132691278759,904,896,64.2713574935003,-46.0071119731302,-25.1999621335601,71.2070741066904
8.08346709470305,906,896,54.4961864280067,-50.894697505877,-15.4247910680665,66.3194885739435
8.08560727661851,906,900,74.046528558994,-60.6698685713707,-25.1999621335601,85.8698307049308
8.08774745853398,906,900,74.046528558994,-60.6698685713707,-25.1999621335601,85.8698307049308
8.08988764044944,906,897,59.3837719607535,-53.3384902722505,-17.8685838344399,71.2070741066904
8.0920278223649,906,899,69.1589430262472,-58.2260758049973,-22.7561693671867,80.982245172184
8.09416800428036,906,899,69.1589430262472,-58.2260758049973,-22.7561693671867,80.982245172184
8.09630818619583,905,897,64.2713574935003,-50.894697505877,-22.7561693671867,73.6508668730638
8.09844836811129,904,896,64.2713574935003,-46.0071119731302,-25.1999621335601,71.2070741066904
8.10058855002675,906,901,78.9341140917408,-63.1136613377441,-27.6437548999335,90.7574162376776
8.10272873194221,906,899,69.1589430262472,-58.2260758049973,-22.7561693671867,80.982245172184
8.10486891385768,905,899,74.046528558994,-55.7822830386239,-27.6437548999335,83.4260379385574
8.10700909577314,905,902,88.7092851572344,-63.1136613377441,-34.9751331990538,98.0887945367979
8.1091492776886,905,901,83.8216996244876,-60.6698685713707,-32.5313404326804,93.201209004051
8.11128945960407,905,898,69.1589430262471,-53.3384902722505,-25.1999621335601,78.5384524058106
8.11342964151953,905,900,78.9341140917408,-58.2260758049973,-30.0875476663069,88.3136234713042
8.11556982343499,906,902,83.8216996244876,-65.5574541041175,-30.0875476663069,95.6450017704245
8.11771000535045,904,899,78.9341140917408,-53.3384902722505,-32.5313404326804,85.8698307049308
8.11985018726592,904,897,69.1589430262471,-48.4509047395036,-27.6437548999335,76.0946596394372
8.12199036918138,905,904,98.4844562227281,-68.0012468704909,-39.8627187318006,107.863965602292
8.12413055109684,907,904,88.7092851572344,-72.8888324032377,-30.0875476663069,102.976380069545
8.12627073301231,905,900,78.9341140917408,-58.2260758049973,-30.0875476663069,88.3136234713042
8.12841091492777,906,900,74.046528558994,-60.6698685713707,-25.1999621335601,85.8698307049308
8.13055109684323,906,902,83.8216996244876,-65.5574541041175,-30.0875476663069,95.6450017704245
8.13269127875869,906,898,64.2713574935003,-55.7822830386239,-20.3123766008133,76.0946596394372
8.13483146067416,905,895,54.4961864280067,-46.0071119731302,-17.8685838344399,63.8756958075701
8.13697164258962,907,900,69.1589430262471,-63.1136613377441,-20.3123766008133,83.4260379385574
8.13911182450508,908,902,74.046528558994,-70.4450396368643,-20.3123766008133,90.7574162376776
8.14125200642055,906,899,69.1589430262472,-58.2260758049973,-22.7561693671867,80.982245172184
8.14339218833601,905,900,78.9341140917408,-58.2260758049973,-30.0875476663069,88.3136234713042
8.14553237025147,906,901,78.9341140917408,-63.1136613377441,-27.6437548999335,90.7574162376776
8.14767255216693,905,899,74.046528558994,-55.7822830386239,-27.6437548999335,83.4260379385574
8.1498127340824,903,896,69.1589430262471,-43.5633192067568,-30.0875476663069,73.6508668730638
8.15195291599786,904,901,88.7092851572344,-58.2260758049973,-37.4189259654272,95.6450017704244
8.15409309791332,906,899,69.1589430262472,-58.2260758049973,-22.7561693671867,80.982245172184
8.15623327982879,906,897,59.3837719607535,-53.3384902722505,-17.8685838344399,71.2070741066904
8.15837346174425,906,901,78.9341140917408,-63.1136613377441,-27.6437548999335,90.7574162376776
8.16051364365971,906,901,78.9341140917408,-63.1136613377441,-27.6437548999335,90.7574162376776
8.16265382557517,905,898,69.1589430262471,-53.3384902722505,-25.1999621335601,78.5384524058106
8.16479400749064,905,898,69.1589430262471,-53.3384902722505,-25.1999621335601,78.5384524058106
8.1669341894061,905,902,88.7092851572344,-63.1136613377441,-34.9751331990538,98.0887945367979
8.16907437132156,906,901,78.9341140917408,-63.1136613377441,-27.6437548999335,90.7574162376776
8.17121455323703,904,896,64.2713574935003,-46.0071119731302,-25.1999621335601,71.2070741066904
8.17335473515249,905,900,78.9341140917408,-58.2260758049973,-30.0875476663069,88.3136234713042
8.17549491706795,905,902,88.7092851572344,-63.1136613377441,-34.9751331990538,98.0887945367979
8.17763509898341,907,899,64.2713574935003,-60.6698685713707,-17.8685838344399,78.5384524058106
8.17977528089888,905,898,69.1589430262471,-53.3384902722505,-25.1999621335601,78.5384524058106
8.18191546281434,905,902,88.7092851572344,-63.1136613377441,-34.9751331990538,98.0887945367979
8.1840556447298,905,902,88.7092851572344,-63.1136613377441,-34.9751331990538,98.0887945367979
8.18619582664527,904,897,69.1589430262471,-48.4509047395036,-27.6437548999335,76.0946596394372
8.18833600856073,906,901,78.9341140917408,-63.1136613377441,-27.6437548999335,90.7574162376776
8.19047619047619,904,903,98.4844562227281,-63.1136613377441,-42.306511498174,105.420172835918
8.19261637239165,907,901,74.046528558994,-65.5574541041175,-22.7561693671867,88.3136234713042
8.19475655430712,904,899,78.9341140917408,-53.3384902722505,-32.5313404326804,85.8698307049308
8.19689673622258,906,904,93.5968706899812,-70.4450396368643,-34.9751331990538,105.420172835918
8.19903691813804,907,901,74.046528558994,-65.5574541041175,-22.7561693671867,88.3136234713042
8.2011771000535,905,901,83.8216996244876,-60.6698685713707,-32.5313404326804,93.201209004051
8.20331728196897,906,901,78.9341140917408,-63.1136613377441,-27.6437548999335,90.7574162376776
8.20545746388443,906,901,78.9341140917408,-63.1136613377441,-27.6437548999335,90.7574162376776
8.20759764579989,903,899,83.8216996244876,-50.8946975058771,-37.4189259654272,88.3136234713042
8.20973782771536,904,901,88.7092851572344,-58.2260758049973,-37.4189259654272,95.6450017704244
8.21187800963082,908,904,83.8216996244876,-75.3326251696111,-25.1999621335601,100.532587303171
8.21401819154628,905,901,83.8216996244876,-60.6698685713707,-32.5313404326804,93.201209004051
8.21615837346174,907,904,88.7092851572344,-72.8888324032377,-30.0875476663069,102.976380069545
8.21829855537721,907,908,108.259627288222,-82.6640034687314,-39.8627187318006,122.526722200532
8.22043873729267,907,906,98.4844562227281,-77.7764179359846,-34.9751331990538,112.751551135038
8.22257891920813,906,899,69.1589430262472,-58.2260758049973,-22.7561693671867,80.982245172184
8.2247191011236,905,901,83.8216996244876,-60.6698685713707,-32.5313404326804,93.201209004051
8.22685928303906,906,907,108.259627288222,-77.7764179359846,-42.306511498174,120.082929434159
8.22899946495452,907,904,88.7092851572344,-72.8888324032377,-30.0875476663069,102.976380069545
8.23113964686998,906,902,83.8216996244876,-65.5574541041175,-30.0875476663069,95.6450017704245
8.23327982878545,906,905,98.4844562227281,-72.8888324032377,-37.4189259654272,110.307758368665
8.23542001070091,906,905,98.4844562227281,-72.8888324032377,-37.4189259654272,110.307758368665
8.23756019261637,907,899,64.2713574935003,-60.6698685713707,-17.8685838344399,78.5384524058106
8.23970037453184,906,897,59.3837719607535,-53.3384902722505,-17.8685838344399,71.2070741066904
8.2418405564473,906,902,83.8216996244876,-65.5574541041175,-30.0875476663069,95.6450017704245
8.24398073836276,907,904,88.7092851572344,-72.8888324032377,-30.0875476663069,102.976380069545
8.24612092027822,906,900,74.046528558994,-60.6698685713707,-25.1999621335601,85.8698307049308
8.24826110219369,906,903,88.7092851572344,-68.0012468704909,-32.5313404326804,100.532587303171
8.25040128410915,906,904,93.5968706899812,-70.4450396368643,-34.9751331990538,105.420172835918
8.25254146602461,906,901,78.9341140917408,-63.1136613377441,-27.6437548999335,90.7574162376776
8.25468164794007,906,901,78.9341140917408,-63.1136613377441,-27.6437548999335,90.7574162376776
8.25682182985554,906,901,78.9341140917408,-63.1136613377441,-27.6437548999335,90.7574162376776
8.258962011771,903,898,78.9341140917408,-48.4509047395036,-34.9751331990538,83.4260379385574
8.26110219368646,906,901,78.9341140917408,-63.1136613377441,-27.6437548999335,90.7574162376776
8.26324237560193,905,905,103.372041755475,-70.4450396368643,-42.306511498174,112.751551135038
8.26538255751739,905,904,98.4844562227281,-68.0012468704909,-39.8627187318006,107.863965602292
8.26752273943285,906,899,69.1589430262472,-58.2260758049973,-22.7561693671867,80.982245172184
8.26966292134832,905,902,88.7092851572344,-63.1136613377441,-34.9751331990538,98.0887945367979
8.27180310326378,905,905,103.372041755475,-70.4450396368643,-42.306511498174,112.751551135038
8.27394328517924,904,899,78.9341140917408,-53.3384902722505,-32.5313404326804,85.8698307049308
8.2760834670947,906,899,69.1589430262472,-58.2260758049973,-22.7561693671867,80.982245172184
8.27822364901017,906,902,83.8216996244876,-65.5574541041175,-30.0875476663069,95.6450017704245
8.28036383092563,907,905,93.5968706899812,-75.3326251696111,-32.5313404326804,107.863965602292
8.28250401284109,906,899,69.1589430262472,-58.2260758049973,-22.7561693671867,80.982245172184
8.28464419475655,906,902,83.8216996244876,-65.5574541041175,-30.0875476663069,95.6450017704245
8.28678437667202,906,906,103.372041755475,-75.3326251696111,-39.8627187318006,115.195343901412
8.28892455858748,904,902,93.5968706899812,-60.6698685713707,-39.8627187318006,100.532587303171
8.29106474050294,904,899,78.9341140917408,-53.3384902722505,-32.5313404326804,85.8698307049308
8.29320492241841,906,902,83.8216996244876,-65.5574541041175,-30.0875476663069,95.6450017704245
8.29534510433387,907,906,98.4844562227281,-77.7764179359846,-34.9751331990538,112.751551135038
8.29748528624933,906,904,93.5968706899812,-70.4450396368643,-34.9751331990538,105.420172835918
8.29962546816479,907,904,88.7092851572344,-72.8888324032377,-30.0875476663069,102.976380069545
8.30176565008026,906,905,98.4844562227281,-72.8888324032377,-37.4189259654272,110.307758368665
8.30390583199572,905,903,93.5968706899812,-65.5574541041175,-37.4189259654272,102.976380069545
8.30604601391118,908,903,78.9341140917408,-72.8888324032377,-22.7561693671867,95.6450017704245
8.30818619582664,907,906,98.4844562227281,-77.7764179359846,-34.9751331990538,112.751551135038
8.31032637774211,906,904,93.5968706899812,-70.4450396368643,-34.9751331990538,105.420172835918
8.31246655965757,905,902,88.7092851572344,-63.1136613377441,-34.9751331990538,98.0887945367979
8.31460674157303,905,905,103.372041755475,-70.4450396368643,-42.306511498174,112.751551135038
8.3167469234885,905,905,103.372041755475,-70.4450396368643,-42.306511498174,112.751551135038
8.31888710540396,904,901,88.7092851572344,-58.2260758049973,-37.4189259654272,95.6450017704244
8.32102728731942,906,903,88.7092851572344,-68.0012468704909,-32.5313404326804,100.532587303171
8.32316746923489,906,906,103.372041755475,-75.3326251696111,-39.8627187318006,115.195343901412
8.32530765115035,907,904,88.7092851572344,-72.8888324032377,-30.0875476663069,102.976380069545
8.32744783306581,906,901,78.9341140917408,-63.1136613377441,-27.6437548999335,90.7574162376776
8.32958801498127,905,906,108.259627288222,-72.8888324032377,-44.7503042645474,117.639136667785
8.33172819689674,906,908,113.147212820969,-80.220210702358,-44.7503042645474,124.970514966905
8.3338683788122,905,904,98.4844562227281,-68.0012468704909,-39.8627187318006,107.863965602292
8.33600856072766,905,902,88.7092851572344,-63.1136613377441,-34.9751331990538,98.0887945367979
8.33814874264312,907,908,108.259627288222,-82.6640034687314,-39.8627187318006,122.526722200532
8.34028892455859,906,906,103.372041755475,-75.3326251696111,-39.8627187318006,115.195343901412
8.34242910647405,906,902,83.8216996244876,-65.5574541041175,-30.0875476663069,95.6450017704245
8.34456928838951,906,905,98.4844562227281,-72.8888324032377,-37.4189259654272,110.307758368665
8.34670947030498,905,906,108.259627288222,-72.8888324032377,-44.7503042645474,117.639136667785
8.34884965222044,904,904,103.372041755475,-65.5574541041175,-44.7503042645474,110.307758368665
8.3509898341359,905,902,88.7092851572344,-63.1136613377441,-34.9751331990538,98.0887945367979
8.35313001605136,905,905,103.372041755475,-70.4450396368643,-42.306511498174,112.751551135038
8.35527019796683,906,904,93.5968706899812,-70.4450396368643,-34.9751331990538,105.420172835918
8.35741037988229,905,903,93.5968706899812,-65.5574541041175,-37.4189259654272,102.976380069545
8.35955056179775,907,905,93.5968706899812,-75.3326251696111,-32.5313404326804,107.863965602292
8.36169074371321,904,906,113.147212820969,-70.4450396368643,-49.6378897972942,120.082929434159
8.36383092562868,904,901,88.7092851572344,-58.2260758049973,-37.4189259654272,95.6450017704244
8.36597110754414,905,902,88.7092851572344,-63.1136613377441,-34.9751331990538,98.0887945367979
8.3681112894596,906,906,103.372041755475,-75.3326251696111,-39.8627187318006,115.195343901412
8.37025147137507,903,902,98.4844562227281,-58.2260758049973,-44.7503042645474,102.976380069545
8.37239165329053,905,903,93.5968706899812,-65.5574541041175,-37.4189259654272,102.976380069545
8.37453183520599,907,908,108.259627288222,-82.6640034687314,-39.8627187318006,122.526722200532
8.37667201712146,906,908,113.147212820969,-80.220210702358,-44.7503042645474,124.970514966905
8.37881219903692,905,903,93.5968706899812,-65.5574541041175,-37.4189259654272,102.976380069545
8.38095238095238,907,906,98.4844562227281,-77.7764179359846,-34.9751331990538,112.751551135038
8.38309256286784,907,905,93.5968706899812,-75.3326251696111,-32.5313404326804,107.863965602292
8.38523274478331,906,904,93.5968706899812,-70.4450396368643,-34.9751331990538,105.420172835918
8.38737292669877,906,901,78.9341140917408,-63.1136613377441,-27.6437548999335,90.7574162376776
8.38951310861423,907,908,108.259627288222,-82.6640034687314,-39.8627187318006,122.526722200532
8.39165329052969,908,909,108.259627288222,-87.5515890014782,-37.4189259654272,124.970514966905
8.39379347244516,906,905,98.4844562227281,-72.8888324032377,-37.4189259654272,110.307758368665
8.39593365436062,906,904,93.5968706899812,-70.4450396368643,-34.9751331990538,105.420172835918
8.39807383627608,907,906,98.4844562227281,-77.7764179359846,-34.9751331990538,112.751551135038
8.40021401819155,904,903,98.4844562227281,-63.1136613377441,-42.306511498174,105.420172835918
8.40235420010701,906,904,93.5968706899812,-70.4450396368643,-34.9751331990538,105.420172835918
8.40449438202247,907,907,103.372041755475,-80.220210702358,-37.4189259654272,117.639136667785
8.40663456393793,908,907,98.4844562227281,-82.6640034687314,-32.5313404326804,115.195343901412
8.4087747458534,907,905,93.5968706899812,-75.3326251696111,-32.5313404326804,107.863965602292
8.41091492776886,908,907,98.4844562227281,-82.6640034687314,-32.5313404326804,115.195343901412
8.41305510968432,907,907,103.372041755475,-80.220210702358,-37.4189259654272,117.639136667785
8.41519529159979,906,906,103.372041755475,-75.3326251696111,-39.8627187318006,115.195343901412
8.41733547351525,905,906,108.259627288222,-72.8888324032377,-44.7503042645474,117.639136667785
8.41947565543071,907,910,118.034798353715,-87.5515890014782,-44.7503042645474,132.301893266026
8.42161583734617,909,907,93.5968706899812,-85.1077962351048,-27.6437548999335,112.751551135038
8.42375601926164,907,905,93.5968706899812,-75.3326251696111,-32.5313404326804,107.863965602292
8.4258962011771,908,910,113.147212820969,-89.9953817678516,-39.8627187318006,129.858100499652
8.42803638309256,909,912,118.034798353715,-97.3267600669718,-39.8627187318006,137.189478798772
8.43017656500803,907,907,103.372041755475,-80.220210702358,-37.4189259654272,117.639136667785
8.43231674692349,907,906,98.4844562227281,-77.7764179359846,-34.9751331990538,112.751551135038
8.43445692883895,908,909,108.259627288222,-87.5515890014782,-37.4189259654272,124.970514966905
8.43659711075441,907,905,93.5968706899812,-75.3326251696111,-32.5313404326804,107.863965602292
8.43873729266988,906,903,88.7092851572344,-68.0012468704909,-32.5313404326804,100.532587303171
8.44087747458534,907,907,103.372041755475,-80.220210702358,-37.4189259654272,117.639136667785
8.4430176565008,908,908,103.372041755475,-85.1077962351048,-34.9751331990538,120.082929434159
8.44515783841627,906,904,93.5968706899812,-70.4450396368643,-34.9751331990538,105.420172835918
8.44729802033173,906,903,88.7092851572344,-68.0012468704909,-32.5313404326804,100.532587303171
8.44943820224719,907,906,98.4844562227281,-77.7764179359846,-34.9751331990538,112.751551135038
8.45157838416265,907,904,88.7092851572344,-72.8888324032377,-30.0875476663069,102.976380069545
8.45371856607812,907,900,69.1589430262471,-63.1136613377441,-20.3123766008133,83.4260379385574
8.45585874799358,905,904,98.4844562227281,-68.0012468704909,-39.8627187318006,107.863965602292
8.45799892990904,908,906,93.5968706899812,-80.220210702358,-30.0875476663069,110.307758368665
8.46013911182451,906,902,83.8216996244876,-65.5574541041175,-30.0875476663069,95.6450017704245
8.46227929373997,907,902,78.9341140917408,-68.0012468704909,-25.1999621335601,93.201209004051
8.46441947565543,908,906,93.5968706899812,-80.220210702358,-30.0875476663069,110.307758368665
8.46655965757089,906,904,93.5968706899812,-70.4450396368643,-34.9751331990538,105.420172835918
8.46869983948636,906,902,83.8216996244876,-65.5574541041175,-30.0875476663069,95.6450017704245
8.47084002140182,908,904,83.8216996244876,-75.3326251696111,-25.1999621335601,100.532587303171
8.47298020331728,905,903,93.5968706899812,-65.5574541041175,-37.4189259654272,102.976380069545
8.47512038523274,904,900,83.8216996244876,-55.7822830386239,-34.9751331990538,90.7574162376776
8.47726056714821,905,899,74.046528558994,-55.7822830386239,-27.6437548999335,83.4260379385574
8.47940074906367,907,904,88.7092851572344,-72.8888324032377,-30.0875476663069,102.976380069545
8.48154093097913,905,903,93.5968706899812,-65.5574541041175,-37.4189259654272,102.976380069545
8.4836811128946,906,899,69.1589430262472,-58.2260758049973,-22.7561693671867,80.982245172184
8.48582129481006,907,903,83.8216996244876,-70.4450396368643,-27.6437548999335,98.0887945367979
8.48796147672552,906,905,98.4844562227281,-72.8888324032377,-37.4189259654272,110.307758368665
8.49010165864098,906,900,74.046528558994,-60.6698685713707,-25.1999621335601,85.8698307049308
8.49224184055645,906,900,74.046528558994,-60.6698685713707,-25.1999621335601,85.8698307049308
8.49438202247191,907,905,93.5968706899812,-75.3326251696111,-32.5313404326804,107.863965602292
8.49652220438737,906,903,88.7092851572344,-68.0012468704909,-32.5313404326804,100.532587303171
8.49866238630284,906,901,78.9341140917408,-63.1136613377441,-27.6437548999335,90.7574162376776
8.5008025682183,907,903,83.8216996244876,-70.4450396368643,-27.6437548999335,98.0887945367979
8.50294275013376,905,905,103.372041755475,-70.4450396368643,-42.306511498174,112.751551135038
8.50508293204922,905,900,78.9341140917408,-58.2260758049973,-30.0875476663069,88.3136234713042
8.50722311396469,905,900,78.9341140917408,-58.2260758049973,-30.0875476663069,88.3136234713042
8.50936329588015,904,903,98.4844562227281,-63.1136613377441,-42.306511498174,105.420172835918
8.51150347779561,905,901,83.8216996244876,-60.6698685713707,-32.5313404326804,93.201209004051
8.51364365971108,906,901,78.9341140917408,-63.1136613377441,-27.6437548999335,90.7574162376776
8.51578384162654,906,905,98.4844562227281,-72.8888324032377,-37.4189259654272,110.307758368665
8.517924023542,907,904,88.7092851572344,-72.8888324032377,-30.0875476663069,102.976380069545
8.52006420545746,906,901,78.9341140917408,-63.1136613377441,-27.6437548999335,90.7574162376776
8.52220438737293,907,901,74.046528558994,-65.5574541041175,-22.7561693671867,88.3136234713042
8.52434456928839,905,902,88.7092851572344,-63.1136613377441,-34.9751331990538,98.0887945367979
8.52648475120385,905,898,69.1589430262471,-53.3384902722505,-25.1999621335601,78.5384524058106
8.52862493311932,903,899,83.8216996244876,-50.8946975058771,-37.4189259654272,88.3136234713042
8.53076511503478,907,902,78.9341140917408,-68.0012468704909,-25.1999621335601,93.201209004051
8.53290529695024,908,902,74.046528558994,-70.4450396368643,-20.3123766008133,90.7574162376776
8.5350454788657,905,899,74.046528558994,-55.7822830386239,-27.6437548999335,83.4260379385574
8.53718566078117,907,901,74.046528558994,-65.5574541041175,-22.7561693671867,88.3136234713042
8.53932584269663,904,902,93.5968706899812,-60.6698685713707,-39.8627187318006,100.532587303171
8.54146602461209,903,897,74.046528558994,-46.0071119731302,-32.5313404326804,78.5384524058106
8.54360620652755,904,898,74.046528558994,-50.894697505877,-30.0875476663069,80.982245172184
8.54574638844302,905,903,93.5968706899812,-65.5574541041175,-37.4189259654272,102.976380069545
8.54788657035848,906,903,88.7092851572344,-68.0012468704909,-32.5313404326804,100.532587303171
8.55002675227394,904,897,69.1589430262471,-48.4509047395036,-27.6437548999335,76.0946596394372
8.55216693418941,908,902,74.046528558994,-70.4450396368643,-20.3123766008133,90.7574162376776
8.55430711610487,907,904,88.7092851572344,-72.8888324032377,-30.0875476663069,102.976380069545
8.55644729802033,905,900,78.9341140917408,-58.2260758049973,-30.0875476663069,88.3136234713042
8.5585874799358,905,899,74.046528558994,-55.7822830386239,-27.6437548999335,83.4260379385574
8.56072766185126,904,904,103.372041755475,-65.5574541041175,-44.7503042645474,110.307758368665
8.56286784376672,905,901,83.8216996244876,-60.6698685713707,-32.5313404326804,93.201209004051
8.56500802568218,904,900,83.8216996244876,-55.7822830386239,-34.9751331990538,90.7574162376776
8.56714820759765,908,903,78.9341140917408,-72.8888324032377,-22.7561693671867,95.6450017704245
8.56928838951311,906,903,88.7092851572344,-68.0012468704909,-32.5313404326804,100.532587303171
8.57142857142857,906,901,78.9341140917408,-63.1136613377441,-27.6437548999335,90.7574162376776
8.57356875334403,906,899,69.1589430262472,-58.2260758049973,-22.7561693671867,80.982245172184
8.5757089352595,906,901,78.9341140917408,-63.1136613377441,-27.6437548999335,90.7574162376776
8.57784911717496,903,901,93.5968706899812,-55.7822830386239,-42.306511498174,98.0887945367978
8.57998929909042,905,899,74.046528558994,-55.7822830386239,-27.6437548999335,83.4260379385574
8.58212948100589,905,902,88.7092851572344,-63.1136613377441,-34.9751331990538,98.0887945367979
8.58426966292135,905,904,98.4844562227281,-68.0012468704909,-39.8627187318006,107.863965602292
8.58640984483681,905,902,88.7092851572344,-63.1136613377441,-34.9751331990538,98.0887945367979
8.58855002675227,906,901,78.9341140917408,-63.1136613377441,-27.6437548999335,90.7574162376776
8.59069020866774,906,904,93.5968706899812,-70.4450396368643,-34.9751331990538,105.420172835918
8.5928303905832,905,902,88.7092851572344,-63.1136613377441,-34.9751331990538,98.0887945367979
8.59497057249866,904,898,74.046528558994,-50.894697505877,-30.0875476663069,80.982245172184
8.59711075441412,906,903,88.7092851572344,-68.0012468704909,-32.5313404326804,100.532587303171
8.59925093632959,906,901,78.9341140917408,-63.1136613377441,-27.6437548999335,90.7574162376776
8.60139111824505,904,898,74.046528558994,-50.894697505877,-30.0875476663069,80.982245172184
8.60353130016051,904,900,83.8216996244876,-55.7822830386239,-34.9751331990538,90.7574162376776
8.60567148207598,906,903,88.7092851572344,-68.0012468704909,-32.5313404326804,100.532587303171
8.60781166399144,906,901,78.9341140917408,-63.1136613377441,-27.6437548999335,90.7574162376776
8.6099518459069,905,899,74.046528558994,-55.7822830386239,-27.6437548999335,83.4260379385574
8.61209202782237,906,904,93.5968706899812,-70.4450396368643,-34.9751331990538,105.420172835918
8.61423220973783,908,903,78.9341140917408,-72.8888324032377,-22.7561693671867,95.6450017704245
8.61637239165329,906,899,69.1589430262472,-58.2260758049973,-22.7561693671867,80.982245172184
8.61851257356875,907,902,78.9341140917408,-68.0012468704909,-25.1999621335601,93.201209004051
8.62065275548422,909,904,78.9341140917408,-77.7764179359846,-20.3123766008133,98.0887945367979
8.62279293739968,909,904,78.9341140917408,-77.7764179359846,-20.3123766008133,98.0887945367979
8.62493311931514,908,904,83.8216996244876,-75.3326251696111,-25.1999621335601,100.532587303171
8.6270733012306,909,908,98.4844562227281,-87.5515890014782,-30.0875476663069,117.639136667785
8.62921348314607,912,909,88.7092851572344,-97.3267600669718,-17.8685838344399,115.195343901412
8.63135366506153,913,907,74.046528558994,-94.8829673005984,-8.09341276894627,102.976380069545
8.63349384697699,914,908,74.046528558994,-99.7705528333452,-5.64962000257285,105.420172835918
8.63563402889246,914,910,83.8216996244876,-104.658138366092,-10.5372055353197,115.195343901412
8.63777421080792,912,906,74.046528558994,-89.9953817678516,-10.5372055353197,100.532587303171
8.63991439272338,909,906,88.7092851572344,-82.6640034687314,-25.1999621335601,107.863965602292
8.64205457463884,909,907,93.5968706899812,-85.1077962351048,-27.6437548999335,112.751551135038
8.64419475655431,905,904,98.4844562227281,-68.0012468704909,-39.8627187318006,107.863965602292
8.64633493846977,903,898,78.9341140917408,-48.4509047395036,-34.9751331990538,83.4260379385574
8.64847512038523,900,897,88.7092851572344,-38.67573367401,-47.1940970309208,85.8698307049308
8.65061530230069,899,897,93.5968706899812,-36.2319409076366,-52.0816825636676,88.3136234713042
8.65275548421616,898,893,78.9341140917408,-24.0129770757695,-47.1940970309208,71.2070741066904
8.65489566613162,898,892,74.046528558994,-21.5691843093961,-44.7503042645474,66.3194885739435
8.65703584804708,902,901,98.4844562227281,-53.3384902722505,-47.1940970309208,100.532587303171
8.65917602996255,904,900,83.8216996244876,-55.7822830386239,-34.9751331990538,90.7574162376776
8.66131621187801,903,896,69.1589430262471,-43.5633192067568,-30.0875476663069,73.6508668730638
8.66345639379347,905,899,74.046528558994,-55.7822830386239,-27.6437548999335,83.4260379385574
8.66559657570894,907,901,74.046528558994,-65.5574541041175,-22.7561693671867,88.3136234713042
8.6677367576244,905,897,64.2713574935003,-50.894697505877,-22.7561693671867,73.6508668730638
8.66987693953986,905,895,54.4961864280067,-46.0071119731302,-17.8685838344399,63.8756958075701
8.67201712145532,906,902,83.8216996244876,-65.5574541041175,-30.0875476663069,95.6450017704245
8.67415730337079,905,905,103.372041755475,-70.4450396368643,-42.306511498174,112.751551135038
8.67629748528625,905,899,74.046528558994,-55.7822830386239,-27.6437548999335,83.4260379385574
8.67843766720171,906,901,78.9341140917408,-63.1136613377441,-27.6437548999335,90.7574162376776
8.68057784911717,905,902,88.7092851572344,-63.1136613377441,-34.9751331990538,98.0887945367979
8.68271803103264,906,897,59.3837719607535,-53.3384902722505,-17.8685838344399,71.2070741066904
8.6848582129481,903,897,74.046528558994,-46.0071119731302,-32.5313404326804,78.5384524058106
8.68699839486356,904,899,78.9341140917408,-53.3384902722505,-32.5313404326804,85.8698307049308
8.68913857677903,905,899,74.046528558994,-55.7822830386239,-27.6437548999335,83.4260379385574
8.69127875869449,904,900,83.8216996244876,-55.7822830386239,-34.9751331990538,90.7574162376776
8.69341894060995,905,901,83.8216996244876,-60.6698685713707,-32.5313404326804,93.201209004051
8.69555912252541,906,901,78.9341140917408,-63.1136613377441,-27.6437548999335,90.7574162376776
8.69769930444088,903,898,78.9341140917408,-48.4509047395036,-34.9751331990538,83.4260379385574
8.69983948635634,904,898,74.046528558994,-50.894697505877,-30.0875476663069,80.982245172184
8.7019796682718,906,901,78.9341140917408,-63.1136613377441,-27.6437548999335,90.7574162376776
8.70411985018727,903,895,64.2713574935003,-41.1195264403834,-27.6437548999335,68.763281340317
8.70626003210273,902,896,74.046528558994,-41.1195264403834,-34.9751331990538,76.0946596394372
8.70840021401819,906,901,78.9341140917408,-63.1136613377441,-27.6437548999335,90.7574162376776
8.71054039593365,907,904,88.7092851572344,-72.8888324032377,-30.0875476663069,102.976380069545
8.71268057784912,905,898,69.1589430262471,-53.3384902722505,-25.1999621335601,78.5384524058106
8.71482075976458,904,898,74.046528558994,-50.894697505877,-30.0875476663069,80.982245172184
8.71696094168004,909,901,64.2713574935003,-70.4450396368643,-12.9809983016931,83.4260379385574
8.71910112359551,903,901,93.5968706899812,-55.7822830386239,-42.306511498174,98.0887945367978
8.72124130551097,906,897,59.3837719607535,-53.3384902722505,-17.8685838344399,71.2070741066904
8.72338148742643,907,900,69.1589430262471,-63.1136613377441,-20.3123766008133,83.4260379385574
8.72552166934189,906,903,88.7092851572344,-68.0012468704909,-32.5313404326804,100.532587303171
8.72766185125736,905,900,78.9341140917408,-58.2260758049973,-30.0875476663069,88.3136234713042
8.72980203317282,905,899,74.046528558994,-55.7822830386239,-27.6437548999335,83.4260379385574
8.73194221508828,906,904,93.5968706899812,-70.4450396368643,-34.9751331990538,105.420172835918
8.73408239700374,905,899,74.046528558994,-55.7822830386239,-27.6437548999335,83.4260379385574
8.73622257891921,906,899,69.1589430262472,-58.2260758049973,-22.7561693671867,80.982245172184
8.73836276083467,907,901,74.046528558994,-65.5574541041175,-22.7561693671867,88.3136234713042
8.74050294275013,905,902,88.7092851572344,-63.1136613377441,-34.9751331990538,98.0887945367979
8.7426431246656,903,899,83.8216996244876,-50.8946975058771,-37.4189259654272,88.3136234713042
8.74478330658106,906,903,88.7092851572344,-68.0012468704909,-32.5313404326804,100.532587303171
8.74692348849652,908,903,78.9341140917408,-72.8888324032377,-22.7561693671867,95.6450017704245
8.74906367041199,905,899,74.046528558994,-55.7822830386239,-27.6437548999335,83.4260379385574
8.75120385232745,906,899,69.1589430262472,-58.2260758049973,-22.7561693671867,80.982245172184
8.75334403424291,907,905,93.5968706899812,-75.3326251696111,-32.5313404326804,107.863965602292
8.75548421615837,907,904,88.7092851572344,-72.8888324032377,-30.0875476663069,102.976380069545
8.75762439807384,904,898,74.046528558994,-50.894697505877,-30.0875476663069,80.982245172184
8.7597645799893,906,902,83.8216996244876,-65.5574541041175,-30.0875476663069,95.6450017704245
8.76190476190476,906,906,103.372041755475,-75.3326251696111,-39.8627187318006,115.195343901412
8.76404494382022,907,901,74.046528558994,-65.5574541041175,-22.7561693671867,88.3136234713042
8.76618512573569,907,899,64.2713574935003,-60.6698685713707,-17.8685838344399,78.5384524058106
8.76832530765115,907,903,83.8216996244876,-70.4450396368643,-27.6437548999335,98.0887945367979
8.77046548956661,906,905,98.4844562227281,-72.8888324032377,-37.4189259654272,110.307758368665
8.77260567148208,904,900,83.8216996244876,-55.7822830386239,-34.9751331990538,90.7574162376776
8.77474585339754,905,902,88.7092851572344,-63.1136613377441,-34.9751331990538,98.0887945367979
8.776886035313,907,904,88.7092851572344,-72.8888324032377,-30.0875476663069,102.976380069545
8.77902621722846,906,903,88.7092851572344,-68.0012468704909,-32.5313404326804,100.532587303171
8.78116639914393,906,901,78.9341140917408,-63.1136613377441,-27.6437548999335,90.7574162376776
8.78330658105939,909,906,88.7092851572344,-82.6640034687314,-25.1999621335601,107.863965602292
8.78544676297485,907,908,108.259627288222,-82.6640034687314,-39.8627187318006,122.526722200532
8.78758694489032,905,904,98.4844562227281,-68.0012468704909,-39.8627187318006,107.863965602292
8.78972712680578,908,904,83.8216996244876,-75.3326251696111,-25.1999621335601,100.532587303171
8.79186730872124,905,906,108.259627288222,-72.8888324032377,-44.7503042645474,117.639136667785
8.7940074906367,905,901,83.8216996244876,-60.6698685713707,-32.5313404326804,93.201209004051
8.79614767255217,908,902,74.046528558994,-70.4450396368643,-20.3123766008133,90.7574162376776
8.79828785446763,907,906,98.4844562227281,-77.7764179359846,-34.9751331990538,112.751551135038
8.80042803638309,908,904,83.8216996244876,-75.3326251696111,-25.1999621335601,100.532587303171
8.80256821829856,906,903,88.7092851572344,-68.0012468704909,-32.5313404326804,100.532587303171
8.80470840021402,907,905,93.5968706899812,-75.3326251696111,-32.5313404326804,107.863965602292
8.80684858212948,908,905,88.7092851572344,-77.7764179359846,-27.6437548999335,105.420172835918
8.80898876404494,907,901,74.046528558994,-65.5574541041175,-22.7561693671867,88.3136234713042
8.81112894596041,906,901,78.9341140917408,-63.1136613377441,-27.6437548999335,90.7574162376776
8.81326912787587,908,906,93.5968706899812,-80.220210702358,-30.0875476663069,110.307758368665
8.81540930979133,909,906,88.7092851572344,-82.6640034687314,-25.1999621335601,107.863965602292
8.8175494917068,905,902,88.7092851572344,-63.1136613377441,-34.9751331990538,98.0887945367979
8.81968967362226,907,905,93.5968706899812,-75.3326251696111,-32.5313404326804,107.863965602292
8.82182985553772,909,906,88.7092851572344,-82.6640034687314,-25.1999621335601,107.863965602292
8.82397003745318,906,904,93.5968706899812,-70.4450396368643,-34.9751331990538,105.420172835918
8.82611021936865,906,900,74.046528558994,-60.6698685713707,-25.1999621335601,85.8698307049308
8.82825040128411,908,904,83.8216996244876,-75.3326251696111,-25.1999621335601,100.532587303171
8.83039058319957,906,901,78.9341140917408,-63.1136613377441,-27.6437548999335,90.7574162376776
8.83253076511503,907,902,78.9341140917408,-68.0012468704909,-25.1999621335601,93.201209004051
8.8346709470305,906,903,88.7092851572344,-68.0012468704909,-32.5313404326804,100.532587303171
8.83681112894596,908,903,78.9341140917408,-72.8888324032377,-22.7561693671867,95.6450017704245
8.83895131086142,906,900,74.046528558994,-60.6698685713707,-25.1999621335601,85.8698307049308
8.84109149277689,905,902,88.7092851572344,-63.1136613377441,-34.9751331990538,98.0887945367979
8.84323167469235,906,902,83.8216996244876,-65.5574541041175,-30.0875476663069,95.6450017704245
8.84537185660781,906,899,69.1589430262472,-58.2260758049973,-22.7561693671867,80.982245172184
8.84751203852328,905,900,78.9341140917408,-58.2260758049973,-30.0875476663069,88.3136234713042
8.84965222043874,905,904,98.4844562227281,-68.0012468704909,-39.8627187318006,107.863965602292
8.8517924023542,908,901,69.1589430262471,-68.0012468704909,-17.8685838344399,85.8698307049308
8.85393258426966,906,900,74.046528558994,-60.6698685713707,-25.1999621335601,85.8698307049308
8.85607276618513,906,899,69.1589430262472,-58.2260758049973,-22.7561693671867,80.982245172184
8.85821294810059,907,903,83.8216996244876,-70.4450396368643,-27.6437548999335,98.0887945367979
8.86035313001605,906,899,69.1589430262472,-58.2260758049973,-22.7561693671867,80.982245172184
8.86249331193151,906,896,54.4961864280067,-50.894697505877,-15.4247910680665,66.3194885739435
8.86463349384698,905,901,83.8216996244876,-60.6698685713707,-32.5313404326804,93.201209004051
8.86677367576244,905,902,88.7092851572344,-63.1136613377441,-34.9751331990538,98.0887945367979
8.8689138576779,904,897,69.1589430262471,-48.4509047395036,-27.6437548999335,76.0946596394372
8.87105403959337,905,900,78.9341140917408,-58.2260758049973,-30.0875476663069,88.3136234713042
8.87319422150883,907,904,88.7092851572344,-72.8888324032377,-30.0875476663069,102.976380069545
8.87533440342429,905,899,74.046528558994,-55.7822830386239,-27.6437548999335,83.4260379385574
8.87747458533975,905,898,69.1589430262471,-53.3384902722505,-25.1999621335601,78.5384524058106
8.87961476725522,906,902,83.8216996244876,-65.5574541041175,-30.0875476663069,95.6450017704245
8.88175494917068,906,900,74.046528558994,-60.6698685713707,-25.1999621335601,85.8698307049308
8.88389513108614,903,898,78.9341140917408,-48.4509047395036,-34.9751331990538,83.4260379385574
8.8860353130016,907,899,64.2713574935003,-60.6698685713707,-17.8685838344399,78.5384524058106
8.88817549491707,906,901,78.9341140917408,-63.1136613377441,-27.6437548999335,90.7574162376776
8.89031567683253,906,899,69.1589430262472,-58.2260758049973,-22.7561693671867,80.982245172184
8.89245585874799,903,898,78.9341140917408,-48.4509047395036,-34.9751331990538,83.4260379385574
8.89459604066346,904,901,88.7092851572344,-58.2260758049973,-37.4189259654272,95.6450017704244
8.89673622257892,903,902,98.4844562227281,-58.2260758049973,-44.7503042645474,102.976380069545
8.89887640449438,905,897,64.2713574935003,-50.894697505877,-22.7561693671867,73.6508668730638
8.90101658640985,903,899,83.8216996244876,-50.8946975058771,-37.4189259654272,88.3136234713042
8.90315676832531,904,902,93.5968706899812,-60.6698685713707,-39.8627187318006,100.532587303171
8.90529695024077,904,898,74.046528558994,-50.894697505877,-30.0875476663069,80.982245172184
8.90743713215623,904,898,74.046528558994,-50.894697505877,-30.0875476663069,80.982245172184
8.9095773140717,905,900,78.9341140917408,-58.2260758049973,-30.0875476663069,88.3136234713042
8.91171749598716,904,902,93.5968706899812,-60.6698685713707,-39.8627187318006,100.532587303171
8.91385767790262,903,898,78.9341140917408,-48.4509047395036,-34.9751331990538,83.4260379385574
8.91599785981808,904,900,83.8216996244876,-55.7822830386239,-34.9751331990538,90.7574162376776
8.91813804173355,904,901,88.7092851572344,-58.2260758049973,-37.4189259654272,95.6450017704244
8.92027822364901,902,898,83.8216996244876,-46.0071119731302,-39.8627187318006,85.8698307049308
8.92241840556447,902,897,78.9341140917408,-43.5633192067568,-37.4189259654272,80.982245172184
8.92455858747994,905,902,88.7092851572344,-63.1136613377441,-34.9751331990538,98.0887945367979
8.9266987693954,905,902,88.7092851572344,-63.1136613377441,-34.9751331990538,98.0887945367979
8.92883895131086,902,898,83.8216996244876,-46.0071119731302,-39.8627187318006,85.8698307049308
8.93097913322632,905,899,74.046528558994,-55.7822830386239,-27.6437548999335,83.4260379385574
8.93311931514179,906,901,78.9341140917408,-63.1136613377441,-27.6437548999335,90.7574162376776
8.93525949705725,904,896,64.2713574935003,-46.0071119731302,-25.1999621335601,71.2070741066904
8.93739967897271,903,895,64.2713574935003,-41.1195264403834,-27.6437548999335,68.763281340317
8.93953986088817,905,899,74.046528558994,-55.7822830386239,-27.6437548999335,83.4260379385574
8.94168004280364,903,900,88.7092851572344,-53.3384902722505,-39.8627187318006,93.201209004051
8.9438202247191,905,898,69.1589430262471,-53.3384902722505,-25.1999621335601,78.5384524058106
8.94596040663456,906,901,78.9341140917408,-63.1136613377441,-27.6437548999335,90.7574162376776
8.94810058855003,905,900,78.9341140917408,-58.2260758049973,-30.0875476663069,88.3136234713042
8.95024077046549,904,896,64.2713574935003,-46.0071119731302,-25.1999621335601,71.2070741066904
8.95238095238095,905,897,64.2713574935003,-50.894697505877,-22.7561693671867,73.6508668730638
8.95452113429642,906,899,69.1589430262472,-58.2260758049973,-22.7561693671867,80.982245172184
8.95666131621188,903,896,69.1589430262471,-43.5633192067568,-30.0875476663069,73.6508668730638
8.95880149812734,903,897,74.046528558994,-46.0071119731302,-32.5313404326804,78.5384524058106
8.9609416800428,905,901,83.8216996244876,-60.6698685713707,-32.5313404326804,93.201209004051
8.96308186195827,906,902,83.8216996244876,-65.5574541041175,-30.0875476663069,95.6450017704245
8.96522204387373,904,897,69.1589430262471,-48.4509047395036,-27.6437548999335,76.0946596394372
8.96736222578919,906,895,49.6086008952599,-48.4509047395036,-12.9809983016931,61.4319030411967
8.96950240770465,903,900,88.7092851572344,-53.3384902722505,-39.8627187318006,93.201209004051
8.97164258962012,903,896,69.1589430262471,-43.5633192067568,-30.0875476663069,73.6508668730638
8.97378277153558,902,895,69.1589430262472,-38.67573367401,-32.5313404326804,71.2070741066904
8.97592295345104,905,900,78.9341140917408,-58.2260758049973,-30.0875476663069,88.3136234713042
8.97806313536651,906,901,78.9341140917408,-63.1136613377441,-27.6437548999335,90.7574162376776
8.98020331728197,905,896,59.3837719607535,-48.4509047395036,-20.3123766008133,68.763281340317
8.98234349919743,904,898,74.046528558994,-50.894697505877,-30.0875476663069,80.982245172184
8.98448368111289,906,900,74.046528558994,-60.6698685713707,-25.1999621335601,85.8698307049308
8.98662386302836,904,898,74.046528558994,-50.894697505877,-30.0875476663069,80.982245172184
8.98876404494382,904,895,59.3837719607535,-43.5633192067568,-22.7561693671867,66.3194885739435
8.99090422685928,904,901,88.7092851572344,-58.2260758049973,-37.4189259654272,95.6450017704244
8.99304440877474,906,901,78.9341140917408,-63.1136613377441,-27.6437548999335,90.7574162376776
8.99518459069021,904,899,78.9341140917408,-53.3384902722505,-32.5313404326804,85.8698307049308
8.99732477260567,907,899,64.2713574935003,-60.6698685713707,-17.8685838344399,78.5384524058106
8.99946495452113,906,902,83.8216996244876,-65.5574541041175,-30.0875476663069,95.6450017704245
9.0016051364366,904,899,78.9341140917408,-53.3384902722505,-32.5313404326804,85.8698307049308
9.00374531835206,904,900,83.8216996244876,-55.7822830386239,-34.9751331990538,90.7574162376776
9.00588550026752,905,899,74.046528558994,-55.7822830386239,-27.6437548999335,83.4260379385574
9.00802568218299,904,900,83.8216996244876,-55.7822830386239,-34.9751331990538,90.7574162376776
9.01016586409845,904,898,74.046528558994,-50.894697505877,-30.0875476663069,80.982245172184
9.01230604601391,905,900,78.9341140917408,-58.2260758049973,-30.0875476663069,88.3136234713042
9.01444622792937,906,902,83.8216996244876,-65.5574541041175,-30.0875476663069,95.6450017704245
9.01658640984484,904,898,74.046528558994,-50.894697505877,-30.0875476663069,80.982245172184
9.0187265917603,905,899,74.046528558994,-55.7822830386239,-27.6437548999335,83.4260379385574
9.02086677367576,905,902,88.7092851572344,-63.1136613377441,-34.9751331990538,98.0887945367979
9.02300695559122,906,899,69.1589430262472,-58.2260758049973,-22.7561693671867,80.982245172184
9.02514713750669,904,897,69.1589430262471,-48.4509047395036,-27.6437548999335,76.0946596394372
9.02728731942215,904,900,83.8216996244876,-55.7822830386239,-34.9751331990538,90.7574162376776
9.02942750133761,906,901,78.9341140917408,-63.1136613377441,-27.6437548999335,90.7574162376776
9.03156768325308,903,898,78.9341140917408,-48.4509047395036,-34.9751331990538,83.4260379385574
9.03370786516854,906,898,64.2713574935003,-55.7822830386239,-20.3123766008133,76.0946596394372
9.035848047084,905,901,83.8216996244876,-60.6698685713707,-32.5313404326804,93.201209004051
9.03798822899947,905,898,69.1589430262471,-53.3384902722505,-25.1999621335601,78.5384524058106
9.04012841091493,903,896,69.1589430262471,-43.5633192067568,-30.0875476663069,73.6508668730638
9.04226859283039,905,902,88.7092851572344,-63.1136613377441,-34.9751331990538,98.0887945367979
9.04440877474585,907,900,69.1589430262471,-63.1136613377441,-20.3123766008133,83.4260379385574
9.04654895666132,905,898,69.1589430262471,-53.3384902722505,-25.1999621335601,78.5384524058106
9.04868913857678,906,898,64.2713574935003,-55.7822830386239,-20.3123766008133,76.0946596394372
9.05082932049224,907,904,88.7092851572344,-72.8888324032377,-30.0875476663069,102.976380069545
9.0529695024077,905,902,88.7092851572344,-63.1136613377441,-34.9751331990538,98.0887945367979
9.05510968432317,906,899,69.1589430262472,-58.2260758049973,-22.7561693671867,80.982245172184
9.05724986623863,907,901,74.046528558994,-65.5574541041175,-22.7561693671867,88.3136234713042
9.05939004815409,905,900,78.9341140917408,-58.2260758049973,-30.0875476663069,88.3136234713042
9.06153023006956,904,895,59.3837719607535,-43.5633192067568,-22.7561693671867,66.3194885739435
9.06367041198502,904,898,74.046528558994,-50.894697505877,-30.0875476663069,80.982245172184
9.06581059390048,906,902,83.8216996244876,-65.5574541041175,-30.0875476663069,95.6450017704245
9.06795077581594,905,899,74.046528558994,-55.7822830386239,-27.6437548999335,83.4260379385574
9.07009095773141,905,899,74.046528558994,-55.7822830386239,-27.6437548999335,83.4260379385574
9.07223113964687,906,902,83.8216996244876,-65.5574541041175,-30.0875476663069,95.6450017704245
9.07437132156233,905,902,88.7092851572344,-63.1136613377441,-34.9751331990538,98.0887945367979
9.0765115034778,905,898,69.1589430262471,-53.3384902722505,-25.1999621335601,78.5384524058106
9.07865168539326,906,898,64.2713574935003,-55.7822830386239,-20.3123766008133,76.0946596394372
9.08079186730872,907,903,83.8216996244876,-70.4450396368643,-27.6437548999335,98.0887945367979
9.08293204922418,906,901,78.9341140917408,-63.1136613377441,-27.6437548999335,90.7574162376776
9.08507223113965,905,897,64.2713574935003,-50.894697505877,-22.7561693671867,73.6508668730638
9.08721241305511,907,905,93.5968706899812,-75.3326251696111,-32.5313404326804,107.863965602292
9.08935259497057,906,902,83.8216996244876,-65.5574541041175,-30.0875476663069,95.6450017704245
9.09149277688604,906,901,78.9341140917408,-63.1136613377441,-27.6437548999335,90.7574162376776
9.0936329588015,905,899,74.046528558994,-55.7822830386239,-27.6437548999335,83.4260379385574
9.09577314071696,906,901,78.9341140917408,-63.1136613377441,-27.6437548999335,90.7574162376776
9.09791332263242,905,899,74.046528558994,-55.7822830386239,-27.6437548999335,83.4260379385574
9.10005350454789,906,897,59.3837719607535,-53.3384902722505,-17.8685838344399,71.2070741066904
9.10219368646335,907,904,88.7092851572344,-72.8888324032377,-30.0875476663069,102.976380069545
9.10433386837881,909,903,74.046528558994,-75.3326251696111,-17.8685838344399,93.2012090040511
9.10647405029428,906,899,69.1589430262472,-58.2260758049973,-22.7561693671867,80.982245172184
9.10861423220974,906,901,78.9341140917408,-63.1136613377441,-27.6437548999335,90.7574162376776
9.1107544141252,907,902,78.9341140917408,-68.0012468704909,-25.1999621335601,93.201209004051
9.11289459604066,904,899,78.9341140917408,-53.3384902722505,-32.5313404326804,85.8698307049308
9.11503477795613,904,899,78.9341140917408,-53.3384902722505,-32.5313404326804,85.8698307049308
9.11717495987159,906,902,83.8216996244876,-65.5574541041175,-30.0875476663069,95.6450017704245
9.11931514178705,905,903,93.5968706899812,-65.5574541041175,-37.4189259654272,102.976380069545
9.12145532370251,902,898,83.8216996244876,-46.0071119731302,-39.8627187318006,85.8698307049308
9.12359550561798,904,901,88.7092851572344,-58.2260758049973,-37.4189259654272,95.6450017704244
9.12573568753344,906,904,93.5968706899812,-70.4450396368643,-34.9751331990538,105.420172835918
9.1278758694489,905,901,83.8216996244876,-60.6698685713707,-32.5313404326804,93.201209004051
9.13001605136437,905,899,74.046528558994,-55.7822830386239,-27.6437548999335,83.4260379385574
9.13215623327983,906,902,83.8216996244876,-65.5574541041175,-30.0875476663069,95.6450017704245
9.13429641519529,907,901,74.046528558994,-65.5574541041175,-22.7561693671867,88.3136234713042
9.13643659711076,904,900,83.8216996244876,-55.7822830386239,-34.9751331990538,90.7574162376776
9.13857677902622,906,899,69.1589430262472,-58.2260758049973,-22.7561693671867,80.982245172184
9.14071696094168,905,902,88.7092851572344,-63.1136613377441,-34.9751331990538,98.0887945367979
9.14285714285714,905,899,74.046528558994,-55.7822830386239,-27.6437548999335,83.4260379385574
9.14499732477261,906,899,69.1589430262472,-58.2260758049973,-22.7561693671867,80.982245172184
9.14713750668807,905,902,88.7092851572344,-63.1136613377441,-34.9751331990538,98.0887945367979
9.14927768860353,906,902,83.8216996244876,-65.5574541041175,-30.0875476663069,95.6450017704245
9.15141787051899,904,897,69.1589430262471,-48.4509047395036,-27.6437548999335,76.0946596394372
9.15355805243446,906,901,78.9341140917408,-63.1136613377441,-27.6437548999335,90.7574162376776
9.15569823434992,906,902,83.8216996244876,-65.5574541041175,-30.0875476663069,95.6450017704245
9.15783841626538,905,899,74.046528558994,-55.7822830386239,-27.6437548999335,83.4260379385574
9.15997859818085,906,901,78.9341140917408,-63.1136613377441,-27.6437548999335,90.7574162376776
9.16211878009631,906,904,93.5968706899812,-70.4450396368643,-34.9751331990538,105.420172835918
9.16425896201177,905,902,88.7092851572344,-63.1136613377441,-34.9751331990538,98.0887945367979
9.16639914392723,905,897,64.2713574935003,-50.894697505877,-22.7561693671867,73.6508668730638
9.1685393258427,905,902,88.7092851572344,-63.1136613377441,-34.9751331990538,98.0887945367979
9.17067950775816,905,902,88.7092851572344,-63.1136613377441,-34.9751331990538,98.0887945367979
9.17281968967362,906,899,69.1589430262472,-58.2260758049973,-22.7561693671867,80.982245172184
9.17495987158908,905,902,88.7092851572344,-63.1136613377441,-34.9751331990538,98.0887945367979
9.17710005350455,909,903,74.046528558994,-75.3326251696111,-17.8685838344399,93.2012090040511
9.17924023542001,906,902,83.8216996244876,-65.5574541041175,-30.0875476663069,95.6450017704245
9.18138041733547,904,901,88.7092851572344,-58.2260758049973,-37.4189259654272,95.6450017704244
9.18352059925094,907,902,78.9341140917408,-68.0012468704909,-25.1999621335601,93.201209004051
9.1856607811664,905,904,98.4844562227281,-68.0012468704909,-39.8627187318006,107.863965602292
9.18780096308186,903,897,74.046528558994,-46.0071119731302,-32.5313404326804,78.5384524058106
9.18994114499733,903,900,88.7092851572344,-53.3384902722505,-39.8627187318006,93.201209004051
9.19208132691279,906,903,88.7092851572344,-68.0012468704909,-32.5313404326804,100.532587303171
9.19422150882825,906,902,83.8216996244876,-65.5574541041175,-30.0875476663069,95.6450017704245
9.19636169074371,904,899,78.9341140917408,-53.3384902722505,-32.5313404326804,85.8698307049308
9.19850187265918,906,903,88.7092851572344,-68.0012468704909,-32.5313404326804,100.532587303171
9.20064205457464,906,903,88.7092851572344,-68.0012468704909,-32.5313404326804,100.532587303171
9.2027822364901,906,899,69.1589430262472,-58.2260758049973,-22.7561693671867,80.982245172184
9.20492241840556,906,897,59.3837719607535,-53.3384902722505,-17.8685838344399,71.2070741066904
9.20706260032103,905,902,88.7092851572344,-63.1136613377441,-34.9751331990538,98.0887945367979
9.20920278223649,905,900,78.9341140917408,-58.2260758049973,-30.0875476663069,88.3136234713042
9.21134296415195,903,900,88.7092851572344,-53.3384902722505,-39.8627187318006,93.201209004051
9.21348314606742,907,902,78.9341140917408,-68.0012468704909,-25.1999621335601,93.201209004051
9.21562332798288,905,904,98.4844562227281,-68.0012468704909,-39.8627187318006,107.863965602292
9.21776350989834,904,898,74.046528558994,-50.894697505877,-30.0875476663069,80.982245172184
9.2199036918138,906,899,69.1589430262472,-58.2260758049973,-22.7561693671867,80.982245172184
9.22204387372927,904,902,93.5968706899812,-60.6698685713707,-39.8627187318006,100.532587303171
9.22418405564473,903,900,88.7092851572344,-53.3384902722505,-39.8627187318006,93.201209004051
9.22632423756019,906,900,74.046528558994,-60.6698685713707,-25.1999621335601,85.8698307049308
9.22846441947565,908,904,83.8216996244876,-75.3326251696111,-25.1999621335601,100.532587303171
9.23060460139112,907,904,88.7092851572344,-72.8888324032377,-30.0875476663069,102.976380069545
9.23274478330658,905,897,64.2713574935003,-50.894697505877,-22.7561693671867,73.6508668730638
9.23488496522204,906,901,78.9341140917408,-63.1136613377441,-27.6437548999335,90.7574162376776
9.23702514713751,907,902,78.9341140917408,-68.0012468704909,-25.1999621335601,93.201209004051
9.23916532905297,905,899,74.046528558994,-55.7822830386239,-27.6437548999335,83.4260379385574
9.24130551096843,904,899,78.9341140917408,-53.3384902722505,-32.5313404326804,85.8698307049308
9.2434456928839,907,903,83.8216996244876,-70.4450396368643,-27.6437548999335,98.0887945367979
9.24558587479936,906,901,78.9341140917408,-63.1136613377441,-27.6437548999335,90.7574162376776
9.24772605671482,904,899,78.9341140917408,-53.3384902722505,-32.5313404326804,85.8698307049308
9.24986623863028,905,899,74.046528558994,-55.7822830386239,-27.6437548999335,83.4260379385574
9.25200642054575,906,903,88.7092851572344,-68.0012468704909,-32.5313404326804,100.532587303171
9.25414660246121,904,900,83.8216996244876,-55.7822830386239,-34.9751331990538,90.7574162376776
9.25628678437667,904,898,74.046528558994,-50.894697505877,-30.0875476663069,80.982245172184
9.25842696629213,905,899,74.046528558994,-55.7822830386239,-27.6437548999335,83.4260379385574
9.2605671482076,906,903,88.7092851572344,-68.0012468704909,-32.5313404326804,100.532587303171
9.26270733012306,905,900,78.9341140917408,-58.2260758049973,-30.0875476663069,88.3136234713042
9.26484751203852,907,901,74.046528558994,-65.5574541041175,-22.7561693671867,88.3136234713042
9.26698769395399,906,904,93.5968706899812,-70.4450396368643,-34.9751331990538,105.420172835918
9.26912787586945,906,901,78.9341140917408,-63.1136613377441,-27.6437548999335,90.7574162376776
9.27126805778491,905,899,74.046528558994,-55.7822830386239,-27.6437548999335,83.4260379385574
9.27340823970037,906,902,83.8216996244876,-65.5574541041175,-30.0875476663069,95.6450017704245
9.27554842161584,906,901,78.9341140917408,-63.1136613377441,-27.6437548999335,90.7574162376776
9.2776886035313,905,900,78.9341140917408,-58.2260758049973,-30.0875476663069,88.3136234713042
9.27982878544676,906,904,93.5968706899812,-70.4450396368643,-34.9751331990538,105.420172835918
9.28196896736222,908,906,93.5968706899812,-80.220210702358,-30.0875476663069,110.307758368665
9.28410914927769,908,901,69.1589430262471,-68.0012468704909,-17.8685838344399,85.8698307049308
9.28624933119315,908,904,83.8216996244876,-75.3326251696111,-25.1999621335601,100.532587303171
9.28838951310861,911,908,88.7092851572344,-92.439174534225,-20.3123766008133,112.751551135038
9.29052969502408,911,906,78.9341140917408,-87.5515890014782,-15.4247910680665,102.976380069545
9.29266987693954,914,906,64.2713574935003,-94.8829673005984,-0.762034469826034,95.6450017704245
9.294810058855,916,913,88.7092851572344,-116.877102197959,-8.09341276894625,124.970514966905
9.29695024077047,916,912,83.8216996244876,-114.433309431586,-5.64962000257285,120.082929434159
9.29909042268593,913,908,78.9341140917408,-97.3267600669718,-10.5372055353197,107.863965602292
9.30123060460139,911,908,88.7092851572344,-92.439174534225,-20.3123766008133,112.751551135038
9.30337078651685,910,909,98.4844562227281,-92.439174534225,-27.6437548999335,120.082929434159
9.30551096843232,905,903,93.5968706899812,-65.5574541041175,-37.4189259654272,102.976380069545
9.30765115034778,902,898,83.8216996244876,-46.0071119731302,-39.8627187318006,85.8698307049308
9.30979133226324,900,898,93.5968706899812,-41.1195264403834,-49.6378897972942,90.7574162376776
9.3119315141787,898,899,108.259627288222,-38.67573367401,-61.8568536291613,100.532587303171
9.31407169609417,898,894,83.8216996244876,-26.456769842143,-49.6378897972942,76.0946596394372
9.31621187800963,898,894,83.8216996244876,-26.456769842143,-49.6378897972942,76.0946596394372
9.31835205992509,901,897,83.8216996244876,-41.1195264403834,-42.306511498174,83.4260379385574
9.32049224184056,902,896,74.046528558994,-41.1195264403834,-34.9751331990538,76.0946596394372
9.32263242375602,903,896,69.1589430262471,-43.5633192067568,-30.0875476663069,73.6508668730638
9.32477260567148,905,900,78.9341140917408,-58.2260758049973,-30.0875476663069,88.3136234713042
9.32691278758695,903,898,78.9341140917408,-48.4509047395036,-34.9751331990538,83.4260379385574
9.32905296950241,906,896,54.4961864280067,-50.894697505877,-15.4247910680665,66.3194885739435
9.33119315141787,906,896,54.4961864280067,-50.894697505877,-15.4247910680665,66.3194885739435
9.33333333333333,906,900,74.046528558994,-60.6698685713707,-25.1999621335601,85.8698307049308
9.3354735152488,905,897,64.2713574935003,-50.894697505877,-22.7561693671867,73.6508668730638
9.33761369716426,904,898,74.046528558994,-50.894697505877,-30.0875476663069,80.982245172184
9.33975387907972,905,902,88.7092851572344,-63.1136613377441,-34.9751331990538,98.0887945367979
9.34189406099518,903,901,93.5968706899812,-55.7822830386239,-42.306511498174,98.0887945367978
9.34403424291065,902,895,69.1589430262472,-38.67573367401,-32.5313404326804,71.2070741066904
9.34617442482611,903,896,69.1589430262471,-43.5633192067568,-30.0875476663069,73.6508668730638
9.34831460674157,903,898,78.9341140917408,-48.4509047395036,-34.9751331990538,83.4260379385574
9.35045478865704,905,898,69.1589430262471,-53.3384902722505,-25.1999621335601,78.5384524058106
9.3525949705725,903,898,78.9341140917408,-48.4509047395036,-34.9751331990538,83.4260379385574
9.35473515248796,906,901,78.9341140917408,-63.1136613377441,-27.6437548999335,90.7574162376776
9.35687533440342,906,904,93.5968706899812,-70.4450396368643,-34.9751331990538,105.420172835918
9.35901551631889,905,897,64.2713574935003,-50.894697505877,-22.7561693671867,73.6508668730638
9.36115569823435,905,898,69.1589430262471,-53.3384902722505,-25.1999621335601,78.5384524058106
9.36329588014981,905,898,69.1589430262471,-53.3384902722505,-25.1999621335601,78.5384524058106
9.36543606206528,905,898,69.1589430262471,-53.3384902722505,-25.1999621335601,78.5384524058106
9.36757624398074,903,896,69.1589430262471,-43.5633192067568,-30.0875476663069,73.6508668730638
9.3697164258962,906,900,74.046528558994,-60.6698685713707,-25.1999621335601,85.8698307049308
9.37185660781166,907,902,78.9341140917408,-68.0012468704909,-25.1999621335601,93.201209004051
9.37399678972713,906,897,59.3837719607535,-53.3384902722505,-17.8685838344399,71.2070741066904
9.37613697164259,904,901,88.7092851572344,-58.2260758049973,-37.4189259654272,95.6450017704244
9.37827715355805,907,901,74.046528558994,-65.5574541041175,-22.7561693671867,88.3136234713042
9.38041733547352,904,897,69.1589430262471,-48.4509047395036,-27.6437548999335,76.0946596394372
9.38255751738898,902,896,74.046528558994,-41.1195264403834,-34.9751331990538,76.0946596394372
9.38469769930444,903,901,93.5968706899812,-55.7822830386239,-42.306511498174,98.0887945367978
9.3868378812199,906,900,74.046528558994,-60.6698685713707,-25.1999621335601,85.8698307049308
9.38897806313537,905,898,69.1589430262471,-53.3384902722505,-25.1999621335601,78.5384524058106
9.39111824505083,906,902,83.8216996244876,-65.5574541041175,-30.0875476663069,95.6450017704245
9.39325842696629,906,899,69.1589430262472,-58.2260758049973,-22.7561693671867,80.982245172184
9.39539860888176,903,897,74.046528558994,-46.0071119731302,-32.5313404326804,78.5384524058106
9.39753879079722,903,895,64.2713574935003,-41.1195264403834,-27.6437548999335,68.763281340317
9.39967897271268,905,902,88.7092851572344,-63.1136613377441,-34.9751331990538,98.0887945367979
9.40181915462814,904,900,83.8216996244876,-55.7822830386239,-34.9751331990538,90.7574162376776
9.40395933654361,906,898,64.2713574935003,-55.7822830386239,-20.3123766008133,76.0946596394372
9.40609951845907,906,902,83.8216996244876,-65.5574541041175,-30.0875476663069,95.6450017704245
9.40823970037453,907,901,74.046528558994,-65.5574541041175,-22.7561693671867,88.3136234713042
9.41037988228999,905,900,78.9341140917408,-58.2260758049973,-30.0875476663069,88.3136234713042
9.41252006420546,905,898,69.1589430262471,-53.3384902722505,-25.1999621335601,78.5384524058106
9.41466024612092,905,901,83.8216996244876,-60.6698685713707,-32.5313404326804,93.201209004051
9.41680042803638,904,900,83.8216996244876,-55.7822830386239,-34.9751331990538,90.7574162376776
9.41894060995185,903,895,64.2713574935003,-41.1195264403834,-27.6437548999335,68.763281340317
9.42108079186731,908,900,64.2713574935003,-65.5574541041175,-15.4247910680665,80.982245172184
9.42322097378277,907,901,74.046528558994,-65.5574541041175,-22.7561693671867,88.3136234713042
9.42536115569823,906,900,74.046528558994,-60.6698685713707,-25.1999621335601,85.8698307049308
9.4275013376137,906,898,64.2713574935003,-55.7822830386239,-20.3123766008133,76.0946596394372
9.42964151952916,906,902,83.8216996244876,-65.5574541041175,-30.0875476663069,95.6450017704245
9.43178170144462,906,899,69.1589430262472,-58.2260758049973,-22.7561693671867,80.982245172184
9.43392188336009,904,896,64.2713574935003,-46.0071119731302,-25.1999621335601,71.2070741066904
9.43606206527555,905,900,78.9341140917408,-58.2260758049973,-30.0875476663069,88.3136234713042
9.43820224719101,907,902,78.9341140917408,-68.0012468704909,-25.1999621335601,93.201209004051
9.44034242910647,903,897,74.046528558994,-46.0071119731302,-32.5313404326804,78.5384524058106
9.44248261102194,905,900,78.9341140917408,-58.2260758049973,-30.0875476663069,88.3136234713042
9.4446227929374,906,904,93.5968706899812,-70.4450396368643,-34.9751331990538,105.420172835918
9.44676297485286,904,900,83.8216996244876,-55.7822830386239,-34.9751331990538,90.7574162376776
9.44890315676833,905,900,78.9341140917408,-58.2260758049973,-30.0875476663069,88.3136234713042
9.45104333868379,906,901,78.9341140917408,-63.1136613377441,-27.6437548999335,90.7574162376776
9.45318352059925,907,902,78.9341140917408,-68.0012468704909,-25.1999621335601,93.201209004051
9.45532370251471,905,898,69.1589430262471,-53.3384902722505,-25.1999621335601,78.5384524058106
9.45746388443018,905,896,59.3837719607535,-48.4509047395036,-20.3123766008133,68.763281340317
9.45960406634564,905,904,98.4844562227281,-68.0012468704909,-39.8627187318006,107.863965602292
9.4617442482611,904,900,83.8216996244876,-55.7822830386239,-34.9751331990538,90.7574162376776
9.46388443017656,905,899,74.046528558994,-55.7822830386239,-27.6437548999335,83.4260379385574
9.46602461209203,906,902,83.8216996244876,-65.5574541041175,-30.0875476663069,95.6450017704245
9.46816479400749,906,902,83.8216996244876,-65.5574541041175,-30.0875476663069,95.6450017704245
9.47030497592295,904,897,69.1589430262471,-48.4509047395036,-27.6437548999335,76.0946596394372
9.47244515783842,904,897,69.1589430262471,-48.4509047395036,-27.6437548999335,76.0946596394372
9.47458533975388,906,902,83.8216996244876,-65.5574541041175,-30.0875476663069,95.6450017704245
9.47672552166934,906,899,69.1589430262472,-58.2260758049973,-22.7561693671867,80.982245172184
9.47886570358481,906,900,74.046528558994,-60.6698685713707,-25.1999621335601,85.8698307049308
9.48100588550027,906,902,83.8216996244876,-65.5574541041175,-30.0875476663069,95.6450017704245
9.48314606741573,906,901,78.9341140917408,-63.1136613377441,-27.6437548999335,90.7574162376776
9.48528624933119,906,899,69.1589430262472,-58.2260758049973,-22.7561693671867,80.982245172184
9.48742643124666,906,900,74.046528558994,-60.6698685713707,-25.1999621335601,85.8698307049308
9.48956661316212,906,901,78.9341140917408,-63.1136613377441,-27.6437548999335,90.7574162376776
9.49170679507758,904,897,69.1589430262471,-48.4509047395036,-27.6437548999335,76.0946596394372
9.49384697699304,905,898,69.1589430262471,-53.3384902722505,-25.1999621335601,78.5384524058106
9.49598715890851,907,903,83.8216996244876,-70.4450396368643,-27.6437548999335,98.0887945367979
9.49812734082397,906,903,88.7092851572344,-68.0012468704909,-32.5313404326804,100.532587303171
9.50026752273943,904,898,74.046528558994,-50.894697505877,-30.0875476663069,80.982245172184
9.5024077046549,905,902,88.7092851572344,-63.1136613377441,-34.9751331990538,98.0887945367979
9.50454788657036,907,903,83.8216996244876,-70.4450396368643,-27.6437548999335,98.0887945367979
9.50668806848582,905,898,69.1589430262471,-53.3384902722505,-25.1999621335601,78.5384524058106
9.50882825040128,905,899,74.046528558994,-55.7822830386239,-27.6437548999335,83.4260379385574
9.51096843231675,907,903,83.8216996244876,-70.4450396368643,-27.6437548999335,98.0887945367979
9.51310861423221,906,905,98.4844562227281,-72.8888324032377,-37.4189259654272,110.307758368665
9.51524879614767,905,899,74.046528558994,-55.7822830386239,-27.6437548999335,83.4260379385574
9.51738897806313,906,902,83.8216996244876,-65.5574541041175,-30.0875476663069,95.6450017704245
9.5195291599786,904,902,93.5968706899812,-60.6698685713707,-39.8627187318006,100.532587303171
9.52166934189406,903,900,88.7092851572344,-53.3384902722505,-39.8627187318006,93.201209004051
9.52380952380952,904,897,69.1589430262471,-48.4509047395036,-27.6437548999335,76.0946596394372
9.52594970572499,905,900,78.9341140917408,-58.2260758049973,-30.0875476663069,88.3136234713042
9.52808988764045,906,902,83.8216996244876,-65.5574541041175,-30.0875476663069,95.6450017704245
9.53023006955591,906,899,69.1589430262472,-58.2260758049973,-22.7561693671867,80.982245172184
9.53237025147138,906,903,88.7092851572344,-68.0012468704909,-32.5313404326804,100.532587303171
9.53451043338684,907,902,78.9341140917408,-68.0012468704909,-25.1999621335601,93.201209004051
9.5366506153023,904,900,83.8216996244876,-55.7822830386239,-34.9751331990538,90.7574162376776
9.53879079721776,905,898,69.1589430262471,-53.3384902722505,-25.1999621335601,78.5384524058106
9.54093097913323,906,901,78.9341140917408,-63.1136613377441,-27.6437548999335,90.7574162376776
9.54307116104869,902,898,83.8216996244876,-46.0071119731302,-39.8627187318006,85.8698307049308
9.54521134296415,904,897,69.1589430262471,-48.4509047395036,-27.6437548999335,76.0946596394372
9.54735152487961,905,902,88.7092851572344,-63.1136613377441,-34.9751331990538,98.0887945367979
9.54949170679508,905,903,93.5968706899812,-65.5574541041175,-37.4189259654272,102.976380069545
9.55163188871054,904,899,78.9341140917408,-53.3384902722505,-32.5313404326804,85.8698307049308
9.553772070626,902,898,83.8216996244876,-46.0071119731302,-39.8627187318006,85.8698307049308
9.55591225254147,902,901,98.4844562227281,-53.3384902722505,-47.1940970309208,100.532587303171
9.55805243445693,902,900,93.5968706899812,-50.894697505877,-44.7503042645474,95.6450017704245
9.56019261637239,901,896,78.9341140917408,-38.67573367401,-39.8627187318006,78.5384524058106
9.56233279828785,904,900,83.8216996244876,-55.7822830386239,-34.9751331990538,90.7574162376776
9.56447298020332,906,901,78.9341140917408,-63.1136613377441,-27.6437548999335,90.7574162376776
9.56661316211878,904,900,83.8216996244876,-55.7822830386239,-34.9751331990538,90.7574162376776
9.56875334403424,903,897,74.046528558994,-46.0071119731302,-32.5313404326804,78.5384524058106
9.5708935259497,905,901,83.8216996244876,-60.6698685713707,-32.5313404326804,93.201209004051
9.57303370786517,904,899,78.9341140917408,-53.3384902722505,-32.5313404326804,85.8698307049308
9.57517388978063,903,898,78.9341140917408,-48.4509047395036,-34.9751331990538,83.4260379385574
9.57731407169609,904,899,78.9341140917408,-53.3384902722505,-32.5313404326804,85.8698307049308
9.57945425361156,905,902,88.7092851572344,-63.1136613377441,-34.9751331990538,98.0887945367979
9.58159443552702,905,898,69.1589430262471,-53.3384902722505,-25.1999621335601,78.5384524058106
9.58373461744248,904,901,88.7092851572344,-58.2260758049973,-37.4189259654272,95.6450017704244
9.58587479935795,905,904,98.4844562227281,-68.0012468704909,-39.8627187318006,107.863965602292
9.58801498127341,904,900,83.8216996244876,-55.7822830386239,-34.9751331990538,90.7574162376776
9.59015516318887,905,899,74.046528558994,-55.7822830386239,-27.6437548999335,83.4260379385574
9.59229534510433,905,902,88.7092851572344,-63.1136613377441,-34.9751331990538,98.0887945367979
9.5944355270198,904,900,83.8216996244876,-55.7822830386239,-34.9751331990538,90.7574162376776
9.59657570893526,903,897,74.046528558994,-46.0071119731302,-32.5313404326804,78.5384524058106
9.59871589085072,905,901,83.8216996244876,-60.6698685713707,-32.5313404326804,93.201209004051
9.60085607276618,906,904,93.5968706899812,-70.4450396368643,-34.9751331990538,105.420172835918
9.60299625468165,906,900,74.046528558994,-60.6698685713707,-25.1999621335601,85.8698307049308
9.60513643659711,904,899,78.9341140917408,-53.3384902722505,-32.5313404326804,85.8698307049308
9.60727661851257,906,903,88.7092851572344,-68.0012468704909,-32.5313404326804,100.532587303171
9.60941680042804,905,903,93.5968706899812,-65.5574541041175,-37.4189259654272,102.976380069545
9.6115569823435,905,899,74.046528558994,-55.7822830386239,-27.6437548999335,83.4260379385574
9.61369716425896,906,899,69.1589430262472,-58.2260758049973,-22.7561693671867,80.982245172184
9.61583734617443,905,902,88.7092851572344,-63.1136613377441,-34.9751331990538,98.0887945367979
9.61797752808989,904,899,78.9341140917408,-53.3384902722505,-32.5313404326804,85.8698307049308
9.62011771000535,906,901,78.9341140917408,-63.1136613377441,-27.6437548999335,90.7574162376776
9.62225789192081,907,904,88.7092851572344,-72.8888324032377,-30.0875476663069,102.976380069545
9.62439807383628,905,905,103.372041755475,-70.4450396368643,-42.306511498174,112.751551135038
9.62653825575174,906,900,74.046528558994,-60.6698685713707,-25.1999621335601,85.8698307049308
9.6286784376672,903,901,93.5968706899812,-55.7822830386239,-42.306511498174,98.0887945367978
9.63081861958266,905,902,88.7092851572344,-63.1136613377441,-34.9751331990538,98.0887945367979
9.63295880149813,905,900,78.9341140917408,-58.2260758049973,-30.0875476663069,88.3136234713042
9.63509898341359,905,899,74.046528558994,-55.7822830386239,-27.6437548999335,83.4260379385574
9.63723916532905,908,905,88.7092851572344,-77.7764179359846,-27.6437548999335,105.420172835918
9.63937934724452,905,903,93.5968706899812,-65.5574541041175,-37.4189259654272,102.976380069545
9.64151952915998,905,900,78.9341140917408,-58.2260758049973,-30.0875476663069,88.3136234713042
9.64365971107544,906,902,83.8216996244876,-65.5574541041175,-30.0875476663069,95.6450017704245
9.6457998929909,907,904,88.7092851572344,-72.8888324032377,-30.0875476663069,102.976380069545
9.64794007490637,904,896,64.2713574935003,-46.0071119731302,-25.1999621335601,71.2070741066904
9.65008025682183,902,897,78.9341140917408,-43.5633192067568,-37.4189259654272,80.982245172184
9.65222043873729,907,903,83.8216996244876,-70.4450396368643,-27.6437548999335,98.0887945367979
9.65436062065276,905,902,88.7092851572344,-63.1136613377441,-34.9751331990538,98.0887945367979
9.65650080256822,903,897,74.046528558994,-46.0071119731302,-32.5313404326804,78.5384524058106
9.65864098448368,907,902,78.9341140917408,-68.0012468704909,-25.1999621335601,93.201209004051
9.66078116639914,906,901,78.9341140917408,-63.1136613377441,-27.6437548999335,90.7574162376776
9.66292134831461,905,897,64.2713574935003,-50.894697505877,-22.7561693671867,73.6508668730638
9.66506153023007,905,898,69.1589430262471,-53.3384902722505,-25.1999621335601,78.5384524058106
9.66720171214553,905,903,93.5968706899812,-65.5574541041175,-37.4189259654272,102.976380069545
9.669341894061,905,900,78.9341140917408,-58.2260758049973,-30.0875476663069,88.3136234713042
9.67148207597646,903,899,83.8216996244876,-50.8946975058771,-37.4189259654272,88.3136234713042
9.67362225789192,908,901,69.1589430262471,-68.0012468704909,-17.8685838344399,85.8698307049308
9.67576243980738,907,904,88.7092851572344,-72.8888324032377,-30.0875476663069,102.976380069545
9.67790262172285,903,900,88.7092851572344,-53.3384902722505,-39.8627187318006,93.201209004051
9.68004280363831,905,897,64.2713574935003,-50.894697505877,-22.7561693671867,73.6508668730638
9.68218298555377,906,905,98.4844562227281,-72.8888324032377,-37.4189259654272,110.307758368665
9.68432316746923,904,899,78.9341140917408,-53.3384902722505,-32.5313404326804,85.8698307049308
9.6864633493847,905,896,59.3837719607535,-48.4509047395036,-20.3123766008133,68.763281340317
9.68860353130016,906,902,83.8216996244876,-65.5574541041175,-30.0875476663069,95.6450017704245
9.69074371321562,906,904,93.5968706899812,-70.4450396368643,-34.9751331990538,105.420172835918
9.69288389513109,906,900,74.046528558994,-60.6698685713707,-25.1999621335601,85.8698307049308
9.69502407704655,905,900,78.9341140917408,-58.2260758049973,-30.0875476663069,88.3136234713042
9.69716425896201,905,902,88.7092851572344,-63.1136613377441,-34.9751331990538,98.0887945367979
9.69930444087747,904,900,83.8216996244876,-55.7822830386239,-34.9751331990538,90.7574162376776
9.70144462279294,903,898,78.9341140917408,-48.4509047395036,-34.9751331990538,83.4260379385574
9.7035848047084,906,902,83.8216996244876,-65.5574541041175,-30.0875476663069,95.6450017704245
9.70572498662386,905,902,88.7092851572344,-63.1136613377441,-34.9751331990538,98.0887945367979
9.70786516853933,906,900,74.046528558994,-60.6698685713707,-25.1999621335601,85.8698307049308
9.71000535045479,906,900,74.046528558994,-60.6698685713707,-25.1999621335601,85.8698307049308
9.71214553237025,907,903,83.8216996244876,-70.4450396368643,-27.6437548999335,98.0887945367979
9.71428571428571,906,900,74.046528558994,-60.6698685713707,-25.1999621335601,85.8698307049308
9.71642589620118,904,901,88.7092851572344,-58.2260758049973,-37.4189259654272,95.6450017704244
9.71856607811664,907,902,78.9341140917408,-68.0012468704909,-25.1999621335601,93.201209004051
9.7207062600321,906,904,93.5968706899812,-70.4450396368643,-34.9751331990538,105.420172835918
9.72284644194757,904,899,78.9341140917408,-53.3384902722505,-32.5313404326804,85.8698307049308
9.72498662386303,905,900,78.9341140917408,-58.2260758049973,-30.0875476663069,88.3136234713042
9.72712680577849,906,904,93.5968706899812,-70.4450396368643,-34.9751331990538,105.420172835918
9.72926698769395,907,902,78.9341140917408,-68.0012468704909,-25.1999621335601,93.201209004051
9.73140716960942,904,899,78.9341140917408,-53.3384902722505,-32.5313404326804,85.8698307049308
9.73354735152488,906,904,93.5968706899812,-70.4450396368643,-34.9751331990538,105.420172835918
9.73568753344034,906,904,93.5968706899812,-70.4450396368643,-34.9751331990538,105.420172835918
9.73782771535581,906,900,74.046528558994,-60.6698685713707,-25.1999621335601,85.8698307049308
9.73996789727127,905,901,83.8216996244876,-60.6698685713707,-32.5313404326804,93.201209004051
9.74210807918673,907,902,78.9341140917408,-68.0012468704909,-25.1999621335601,93.201209004051
9.74424826110219,904,901,88.7092851572344,-58.2260758049973,-37.4189259654272,95.6450017704244
9.74638844301766,905,902,88.7092851572344,-63.1136613377441,-34.9751331990538,98.0887945367979
9.74852862493312,906,903,88.7092851572344,-68.0012468704909,-32.5313404326804,100.532587303171
9.75066880684858,904,901,88.7092851572344,-58.2260758049973,-37.4189259654272,95.6450017704244
9.75280898876404,905,899,74.046528558994,-55.7822830386239,-27.6437548999335,83.4260379385574
9.75494917067951,905,902,88.7092851572344,-63.1136613377441,-34.9751331990538,98.0887945367979
9.75708935259497,907,902,78.9341140917408,-68.0012468704909,-25.1999621335601,93.201209004051
9.75922953451043,906,898,64.2713574935003,-55.7822830386239,-20.3123766008133,76.0946596394372
9.7613697164259,906,902,83.8216996244876,-65.5574541041175,-30.0875476663069,95.6450017704245
9.76350989834136,907,906,98.4844562227281,-77.7764179359846,-34.9751331990538,112.751551135038
9.76565008025682,906,903,88.7092851572344,-68.0012468704909,-32.5313404326804,100.532587303171
9.76779026217229,905,900,78.9341140917408,-58.2260758049973,-30.0875476663069,88.3136234713042
9.76993044408775,906,906,103.372041755475,-75.3326251696111,-39.8627187318006,115.195343901412
9.77207062600321,905,904,98.4844562227281,-68.0012468704909,-39.8627187318006,107.863965602292
9.77421080791867,903,900,88.7092851572344,-53.3384902722505,-39.8627187318006,93.201209004051
9.77635098983414,906,900,74.046528558994,-60.6698685713707,-25.1999621335601,85.8698307049308
9.7784911717496,907,906,98.4844562227281,-77.7764179359846,-34.9751331990538,112.751551135038
9.78063135366506,907,903,83.8216996244876,-70.4450396368643,-27.6437548999335,98.0887945367979
9.78277153558052,905,901,83.8216996244876,-60.6698685713707,-32.5313404326804,93.201209004051
9.78491171749599,907,904,88.7092851572344,-72.8888324032377,-30.0875476663069,102.976380069545
9.78705189941145,905,905,103.372041755475,-70.4450396368643,-42.306511498174,112.751551135038
9.78919208132691,905,901,83.8216996244876,-60.6698685713707,-32.5313404326804,93.201209004051
9.79133226324238,904,899,78.9341140917408,-53.3384902722505,-32.5313404326804,85.8698307049308
9.79347244515784,906,904,93.5968706899812,-70.4450396368643,-34.9751331990538,105.420172835918
9.7956126270733,905,903,93.5968706899812,-65.5574541041175,-37.4189259654272,102.976380069545
9.79775280898876,906,901,78.9341140917408,-63.1136613377441,-27.6437548999335,90.7574162376776
9.79989299090423,905,903,93.5968706899812,-65.5574541041175,-37.4189259654272,102.976380069545
9.80203317281969,906,905,98.4844562227281,-72.8888324032377,-37.4189259654272,110.307758368665
9.80417335473515,906,902,83.8216996244876,-65.5574541041175,-30.0875476663069,95.6450017704245
9.80631353665061,903,899,83.8216996244876,-50.8946975058771,-37.4189259654272,88.3136234713042
9.80845371856608,904,899,78.9341140917408,-53.3384902722505,-32.5313404326804,85.8698307049308
9.81059390048154,903,896,69.1589430262471,-43.5633192067568,-30.0875476663069,73.6508668730638
9.812734082397,904,899,78.9341140917408,-53.3384902722505,-32.5313404326804,85.8698307049308
9.81487426431247,906,900,74.046528558994,-60.6698685713707,-25.1999621335601,85.8698307049308
9.81701444622793,904,900,83.8216996244876,-55.7822830386239,-34.9751331990538,90.7574162376776
9.81915462814339,905,898,69.1589430262471,-53.3384902722505,-25.1999621335601,78.5384524058106
9.82129481005886,904,898,74.046528558994,-50.894697505877,-30.0875476663069,80.982245172184
9.82343499197432,906,901,78.9341140917408,-63.1136613377441,-27.6437548999335,90.7574162376776
9.82557517388978,904,897,69.1589430262471,-48.4509047395036,-27.6437548999335,76.0946596394372
9.82771535580524,904,895,59.3837719607535,-43.5633192067568,-22.7561693671867,66.3194885739435
9.82985553772071,905,902,88.7092851572344,-63.1136613377441,-34.9751331990538,98.0887945367979
9.83199571963617,906,900,74.046528558994,-60.6698685713707,-25.1999621335601,85.8698307049308
9.83413590155163,904,898,74.046528558994,-50.894697505877,-30.0875476663069,80.982245172184
9.83627608346709,903,899,83.8216996244876,-50.8946975058771,-37.4189259654272,88.3136234713042
9.83841626538256,906,902,83.8216996244876,-65.5574541041175,-30.0875476663069,95.6450017704245
9.84055644729802,904,897,69.1589430262471,-48.4509047395036,-27.6437548999335,76.0946596394372
9.84269662921348,904,896,64.2713574935003,-46.0071119731302,-25.1999621335601,71.2070741066904
9.84483681112895,905,900,78.9341140917408,-58.2260758049973,-30.0875476663069,88.3136234713042
9.84697699304441,905,900,78.9341140917408,-58.2260758049973,-30.0875476663069,88.3136234713042
9.84911717495987,904,898,74.046528558994,-50.894697505877,-30.0875476663069,80.982245172184
9.85125735687533,905,902,88.7092851572344,-63.1136613377441,-34.9751331990538,98.0887945367979
9.8533975387908,905,901,83.8216996244876,-60.6698685713707,-32.5313404326804,93.201209004051
9.85553772070626,905,897,64.2713574935003,-50.894697505877,-22.7561693671867,73.6508668730638
9.85767790262172,905,900,78.9341140917408,-58.2260758049973,-30.0875476663069,88.3136234713042
9.85981808453719,906,901,78.9341140917408,-63.1136613377441,-27.6437548999335,90.7574162376776
9.86195826645265,906,902,83.8216996244876,-65.5574541041175,-30.0875476663069,95.6450017704245
9.86409844836811,903,898,78.9341140917408,-48.4509047395036,-34.9751331990538,83.4260379385574
9.86623863028357,908,902,74.046528558994,-70.4450396368643,-20.3123766008133,90.7574162376776
9.86837881219904,905,904,98.4844562227281,-68.0012468704909,-39.8627187318006,107.863965602292
9.8705189941145,906,899,69.1589430262472,-58.2260758049973,-22.7561693671867,80.982245172184
9.87265917602996,905,901,83.8216996244876,-60.6698685713707,-32.5313404326804,93.201209004051
9.87479935794543,907,904,88.7092851572344,-72.8888324032377,-30.0875476663069,102.976380069545
9.87693953986089,906,903,88.7092851572344,-68.0012468704909,-32.5313404326804,100.532587303171
9.87907972177635,903,898,78.9341140917408,-48.4509047395036,-34.9751331990538,83.4260379385574
9.88121990369181,904,901,88.7092851572344,-58.2260758049973,-37.4189259654272,95.6450017704244
9.88336008560728,908,905,88.7092851572344,-77.7764179359846,-27.6437548999335,105.420172835918
9.88550026752274,904,899,78.9341140917408,-53.3384902722505,-32.5313404326804,85.8698307049308
9.8876404494382,904,900,83.8216996244876,-55.7822830386239,-34.9751331990538,90.7574162376776
9.88978063135366,905,904,98.4844562227281,-68.0012468704909,-39.8627187318006,107.863965602292
9.89192081326913,906,904,93.5968706899812,-70.4450396368643,-34.9751331990538,105.420172835918
9.89406099518459,903,899,83.8216996244876,-50.8946975058771,-37.4189259654272,88.3136234713042
9.89620117710005,906,900,74.046528558994,-60.6698685713707,-25.1999621335601,85.8698307049308
9.89834135901552,904,903,98.4844562227281,-63.1136613377441,-42.306511498174,105.420172835918
9.90048154093098,906,900,74.046528558994,-60.6698685713707,-25.1999621335601,85.8698307049308
9.90262172284644,906,901,78.9341140917408,-63.1136613377441,-27.6437548999335,90.7574162376776
9.90476190476191,906,904,93.5968706899812,-70.4450396368643,-34.9751331990538,105.420172835918
9.90690208667737,904,902,93.5968706899812,-60.6698685713707,-39.8627187318006,100.532587303171
9.90904226859283,906,901,78.9341140917408,-63.1136613377441,-27.6437548999335,90.7574162376776
9.91118245050829,907,904,88.7092851572344,-72.8888324032377,-30.0875476663069,102.976380069545
9.91332263242376,906,904,93.5968706899812,-70.4450396368643,-34.9751331990538,105.420172835918
9.91546281433922,903,898,78.9341140917408,-48.4509047395036,-34.9751331990538,83.4260379385574
9.91760299625468,904,900,83.8216996244876,-55.7822830386239,-34.9751331990538,90.7574162376776
9.91974317817014,905,902,88.7092851572344,-63.1136613377441,-34.9751331990538,98.0887945367979
9.92188336008561,906,899,69.1589430262472,-58.2260758049973,-22.7561693671867,80.982245172184
9.92402354200107,905,897,64.2713574935003,-50.894697505877,-22.7561693671867,73.6508668730638
9.92616372391653,905,901,83.8216996244876,-60.6698685713707,-32.5313404326804,93.201209004051
9.928303905832,906,899,69.1589430262472,-58.2260758049973,-22.7561693671867,80.982245172184
9.93044408774746,904,895,59.3837719607535,-43.5633192067568,-22.7561693671867,66.3194885739435
9.93258426966292,907,896,49.6086008952599,-53.3384902722505,-10.5372055353197,63.8756958075701
9.93472445157838,908,901,69.1589430262471,-68.0012468704909,-17.8685838344399,85.8698307049308
9.93686463349385,907,899,64.2713574935003,-60.6698685713707,-17.8685838344399,78.5384524058106
9.93900481540931,908,899,59.3837719607535,-63.1136613377441,-12.9809983016931,76.0946596394372
9.94114499732477,909,906,88.7092851572344,-82.6640034687314,-25.1999621335601,107.863965602292
9.94328517924023,910,908,93.5968706899812,-89.9953817678516,-25.1999621335601,115.195343901412
9.9454253611557,908,905,88.7092851572344,-77.7764179359846,-27.6437548999335,105.420172835918
9.94756554307116,908,903,78.9341140917408,-72.8888324032377,-22.7561693671867,95.6450017704245
9.94970572498662,907,904,88.7092851572344,-72.8888324032377,-30.0875476663069,102.976380069545
9.95184590690209,903,900,88.7092851572344,-53.3384902722505,-39.8627187318006,93.201209004051
9.95398608881755,903,900,88.7092851572344,-53.3384902722505,-39.8627187318006,93.201209004051
9.95612627073301,903,900,88.7092851572344,-53.3384902722505,-39.8627187318006,93.201209004051
9.95826645264848,902,900,93.5968706899812,-50.894697505877,-44.7503042645474,95.6450017704245
9.96040663456394,902,898,83.8216996244876,-46.0071119731302,-39.8627187318006,85.8698307049308
9.9625468164794,903,898,78.9341140917408,-48.4509047395036,-34.9751331990538,83.4260379385574
9.96468699839486,903,899,83.8216996244876,-50.8946975058771,-37.4189259654272,88.3136234713042
9.96682718031033,902,894,64.2713574935003,-36.2319409076366,-30.0875476663069,66.3194885739435
9.96896736222579,902,897,78.9341140917408,-43.5633192067568,-37.4189259654272,80.982245172184
9.97110754414125,903,900,88.7092851572344,-53.3384902722505,-39.8627187318006,93.201209004051
9.97324772605671,904,898,74.046528558994,-50.894697505877,-30.0875476663069,80.982245172184
9.97538790797218,904,895,59.3837719607535,-43.5633192067568,-22.7561693671867,66.3194885739435
9.97752808988764,904,900,83.8216996244876,-55.7822830386239,-34.9751331990538,90.7574162376776
9.9796682718031,905,904,98.4844562227281,-68.0012468704909,-39.8627187318006,107.863965602292
9.98180845371857,904,899,78.9341140917408,-53.3384902722505,-32.5313404326804,85.8698307049308
9.98394863563403,904,898,74.046528558994,-50.894697505877,-30.0875476663069,80.982245172184
9.98608881754949,904,902,93.5968706899812,-60.6698685713707,-39.8627187318006,100.532587303171
9.98822899946495,904,902,93.5968706899812,-60.6698685713707,-39.8627187318006,100.532587303171
9.99036918138042,901,896,78.9341140917408,-38.67573367401,-39.8627187318006,78.5384524058106
9.99250936329588,903,897,74.046528558994,-46.0071119731302,-32.5313404326804,78.5384524058106
9.99464954521134,903,899,83.8216996244876,-50.8946975058771,-37.4189259654272,88.3136234713042
9.99678972712681,904,894,54.4961864280067,-41.1195264403834,-20.3123766008133,61.4319030411967
9.99892990904227,902,893,59.3837719607535,-33.7881481412632,-27.6437548999335,61.4319030411967
10.0010700909577,904,895,59.3837719607535,-43.5633192067568,-22.7561693671867,66.3194885739435
10.0032102728732,902,895,69.1589430262472,-38.67573367401,-32.5313404326804,71.2070741066904
10.0053504547887,903,894,59.3837719607535,-38.67573367401,-25.1999621335601,63.8756958075701
10.0074906367041,904,896,64.2713574935003,-46.0071119731302,-25.1999621335601,71.2070741066904
10.0096308186196,905,898,69.1589430262471,-53.3384902722505,-25.1999621335601,78.5384524058106
10.011771000535,903,895,64.2713574935003,-41.1195264403834,-27.6437548999335,68.763281340317
10.0139111824505,902,896,74.046528558994,-41.1195264403834,-34.9751331990538,76.0946596394372
10.016051364366,904,900,83.8216996244876,-55.7822830386239,-34.9751331990538,90.7574162376776
10.0181915462814,902,897,78.9341140917408,-43.5633192067568,-37.4189259654272,80.982245172184
10.0203317281969,902,895,69.1589430262472,-38.67573367401,-32.5313404326804,71.2070741066904
10.0224719101124,904,900,83.8216996244876,-55.7822830386239,-34.9751331990538,90.7574162376776
10.0246120920278,902,898,83.8216996244876,-46.0071119731302,-39.8627187318006,85.8698307049308
10.0267522739433,903,895,64.2713574935003,-41.1195264403834,-27.6437548999335,68.763281340317
10.0288924558587,903,897,74.046528558994,-46.0071119731302,-32.5313404326804,78.5384524058106
10.0310326377742,905,904,98.4844562227281,-68.0012468704909,-39.8627187318006,107.863965602292
10.0331728196897,904,900,83.8216996244876,-55.7822830386239,-34.9751331990538,90.7574162376776
10.0353130016051,903,897,74.046528558994,-46.0071119731302,-32.5313404326804,78.5384524058106
10.0374531835206,906,902,83.8216996244876,-65.5574541041175,-30.0875476663069,95.6450017704245
10.0395933654361,905,902,88.7092851572344,-63.1136613377441,-34.9751331990538,98.0887945367979
10.0417335473515,904,899,78.9341140917408,-53.3384902722505,-32.5313404326804,85.8698307049308
10.043873729267,907,897,54.4961864280067,-55.7822830386239,-12.9809983016931,68.763281340317
10.0460139111825,906,902,83.8216996244876,-65.5574541041175,-30.0875476663069,95.6450017704245
10.0481540930979,906,902,83.8216996244876,-65.5574541041175,-30.0875476663069,95.6450017704245
10.0502942750134,906,901,78.9341140917408,-63.1136613377441,-27.6437548999335,90.7574162376776
10.0524344569288,907,904,88.7092851572344,-72.8888324032377,-30.0875476663069,102.976380069545
10.0545746388443,906,902,83.8216996244876,-65.5574541041175,-30.0875476663069,95.6450017704245
10.0567148207598,905,901,83.8216996244876,-60.6698685713707,-32.5313404326804,93.201209004051
10.0588550026752,904,899,78.9341140917408,-53.3384902722505,-32.5313404326804,85.8698307049308
10.0609951845907,905,900,78.9341140917408,-58.2260758049973,-30.0875476663069,88.3136234713042
10.0631353665062,903,897,74.046528558994,-46.0071119731302,-32.5313404326804,78.5384524058106
10.0652755484216,904,896,64.2713574935003,-46.0071119731302,-25.1999621335601,71.2070741066904
10.0674157303371,905,901,83.8216996244876,-60.6698685713707,-32.5313404326804,93.201209004051
10.0695559122525,906,898,64.2713574935003,-55.7822830386239,-20.3123766008133,76.0946596394372
10.071696094168,904,893,49.6086008952599,-38.67573367401,-17.8685838344399,56.5443175084499
10.0738362760835,904,895,59.3837719607535,-43.5633192067568,-22.7561693671867,66.3194885739435
10.0759764579989,905,897,64.2713574935003,-50.894697505877,-22.7561693671867,73.6508668730638
10.0781166399144,904,893,49.6086008952599,-38.67573367401,-17.8685838344399,56.5443175084499
10.0802568218299,904,895,59.3837719607535,-43.5633192067568,-22.7561693671867,66.3194885739435
10.0823970037453,906,901,78.9341140917408,-63.1136613377441,-27.6437548999335,90.7574162376776
10.0845371856608,907,902,78.9341140917408,-68.0012468704909,-25.1999621335601,93.201209004051
10.0866773675762,904,898,74.046528558994,-50.894697505877,-30.0875476663069,80.982245172184
10.0888175494917,905,899,74.046528558994,-55.7822830386239,-27.6437548999335,83.4260379385574
10.0909577314072,906,902,83.8216996244876,-65.5574541041175,-30.0875476663069,95.6450017704245
10.0930979133226,904,898,74.046528558994,-50.894697505877,-30.0875476663069,80.982245172184
10.0952380952381,904,898,74.046528558994,-50.894697505877,-30.0875476663069,80.982245172184
10.0973782771536,905,899,74.046528558994,-55.7822830386239,-27.6437548999335,83.4260379385574
10.099518459069,905,903,93.5968706899812,-65.5574541041175,-37.4189259654272,102.976380069545
10.1016586409845,905,900,78.9341140917408,-58.2260758049973,-30.0875476663069,88.3136234713042
10.1037988228999,905,901,83.8216996244876,-60.6698685713707,-32.5313404326804,93.201209004051
10.1059390048154,907,903,83.8216996244876,-70.4450396368643,-27.6437548999335,98.0887945367979
10.1080791867309,904,901,88.7092851572344,-58.2260758049973,-37.4189259654272,95.6450017704244
10.1102193686463,905,900,78.9341140917408,-58.2260758049973,-30.0875476663069,88.3136234713042
10.1123595505618,905,903,93.5968706899812,-65.5574541041175,-37.4189259654272,102.976380069545
10.1144997324773,905,902,88.7092851572344,-63.1136613377441,-34.9751331990538,98.0887945367979
10.1166399143927,905,900,78.9341140917408,-58.2260758049973,-30.0875476663069,88.3136234713042
10.1187800963082,906,902,83.8216996244876,-65.5574541041175,-30.0875476663069,95.6450017704245
10.1209202782236,907,905,93.5968706899812,-75.3326251696111,-32.5313404326804,107.863965602292
10.1230604601391,904,898,74.046528558994,-50.894697505877,-30.0875476663069,80.982245172184
10.1252006420546,906,900,74.046528558994,-60.6698685713707,-25.1999621335601,85.8698307049308
10.12734082397,907,904,88.7092851572344,-72.8888324032377,-30.0875476663069,102.976380069545
10.1294810058855,906,899,69.1589430262472,-58.2260758049973,-22.7561693671867,80.982245172184
10.131621187801,905,900,78.9341140917408,-58.2260758049973,-30.0875476663069,88.3136234713042
10.1337613697164,905,903,93.5968706899812,-65.5574541041175,-37.4189259654272,102.976380069545
10.1359015516319,906,905,98.4844562227281,-72.8888324032377,-37.4189259654272,110.307758368665
10.1380417335474,905,901,83.8216996244876,-60.6698685713707,-32.5313404326804,93.201209004051
10.1401819154628,906,900,74.046528558994,-60.6698685713707,-25.1999621335601,85.8698307049308
10.1423220973783,907,906,98.4844562227281,-77.7764179359846,-34.9751331990538,112.751551135038
10.1444622792937,907,903,83.8216996244876,-70.4450396368643,-27.6437548999335,98.0887945367979
10.1466024612092,905,899,74.046528558994,-55.7822830386239,-27.6437548999335,83.4260379385574
10.1487426431247,906,902,83.8216996244876,-65.5574541041175,-30.0875476663069,95.6450017704245
10.1508828250401,906,903,88.7092851572344,-68.0012468704909,-32.5313404326804,100.532587303171
10.1530230069556,905,900,78.9341140917408,-58.2260758049973,-30.0875476663069,88.3136234713042
10.1551631888711,906,902,83.8216996244876,-65.5574541041175,-30.0875476663069,95.6450017704245
10.1573033707865,907,904,88.7092851572344,-72.8888324032377,-30.0875476663069,102.976380069545
10.159443552702,906,903,88.7092851572344,-68.0012468704909,-32.5313404326804,100.532587303171
10.1615837346174,905,901,83.8216996244876,-60.6698685713707,-32.5313404326804,93.201209004051
10.1637239165329,906,902,83.8216996244876,-65.5574541041175,-30.0875476663069,95.6450017704245
10.1658640984484,906,905,98.4844562227281,-72.8888324032377,-37.4189259654272,110.307758368665
10.1680042803638,905,900,78.9341140917408,-58.2260758049973,-30.0875476663069,88.3136234713042
10.1701444622793,905,901,83.8216996244876,-60.6698685713707,-32.5313404326804,93.201209004051
10.1722846441948,907,905,93.5968706899812,-75.3326251696111,-32.5313404326804,107.863965602292
10.1744248261102,905,901,83.8216996244876,-60.6698685713707,-32.5313404326804,93.201209004051
10.1765650080257,904,901,88.7092851572344,-58.2260758049973,-37.4189259654272,95.6450017704244
10.1787051899411,906,904,93.5968706899812,-70.4450396368643,-34.9751331990538,105.420172835918
10.1808453718566,907,905,93.5968706899812,-75.3326251696111,-32.5313404326804,107.863965602292
10.1829855537721,903,900,88.7092851572344,-53.3384902722505,-39.8627187318006,93.201209004051
10.1851257356875,905,900,78.9341140917408,-58.2260758049973,-30.0875476663069,88.3136234713042
10.187265917603,906,904,93.5968706899812,-70.4450396368643,-34.9751331990538,105.420172835918
10.1894060995185,905,900,78.9341140917408,-58.2260758049973,-30.0875476663069,88.3136234713042
10.1915462814339,903,896,69.1589430262471,-43.5633192067568,-30.0875476663069,73.6508668730638
10.1936864633494,903,900,88.7092851572344,-53.3384902722505,-39.8627187318006,93.201209004051
10.1958266452648,903,898,78.9341140917408,-48.4509047395036,-34.9751331990538,83.4260379385574
10.1979668271803,901,895,74.046528558994,-36.2319409076366,-37.4189259654272,73.6508668730638
10.2001070090958,902,894,64.2713574935003,-36.2319409076366,-30.0875476663069,66.3194885739435
10.2022471910112,904,898,74.046528558994,-50.894697505877,-30.0875476663069,80.982245172184
10.2043873729267,905,896,59.3837719607535,-48.4509047395036,-20.3123766008133,68.763281340317
10.2065275548422,903,896,69.1589430262471,-43.5633192067568,-30.0875476663069,73.6508668730638
10.2086677367576,903,899,83.8216996244876,-50.8946975058771,-37.4189259654272,88.3136234713042
10.2108079186731,906,900,74.046528558994,-60.6698685713707,-25.1999621335601,85.8698307049308
10.2129481005885,903,898,78.9341140917408,-48.4509047395036,-34.9751331990538,83.4260379385574
10.215088282504,903,899,83.8216996244876,-50.8946975058771,-37.4189259654272,88.3136234713042
10.2172284644195,906,900,74.046528558994,-60.6698685713707,-25.1999621335601,85.8698307049308
10.2193686463349,903,898,78.9341140917408,-48.4509047395036,-34.9751331990538,83.4260379385574
10.2215088282504,903,897,74.046528558994,-46.0071119731302,-32.5313404326804,78.5384524058106
10.2236490101659,906,902,83.8216996244876,-65.5574541041175,-30.0875476663069,95.6450017704245
10.2257891920813,904,901,88.7092851572344,-58.2260758049973,-37.4189259654272,95.6450017704244
10.2279293739968,904,899,78.9341140917408,-53.3384902722505,-32.5313404326804,85.8698307049308
10.2300695559123,905,902,88.7092851572344,-63.1136613377441,-34.9751331990538,98.0887945367979
10.2322097378277,905,904,98.4844562227281,-68.0012468704909,-39.8627187318006,107.863965602292
10.2343499197432,905,898,69.1589430262471,-53.3384902722505,-25.1999621335601,78.5384524058106
10.2364901016586,905,899,74.046528558994,-55.7822830386239,-27.6437548999335,83.4260379385574
10.2386302835741,906,900,74.046528558994,-60.6698685713707,-25.1999621335601,85.8698307049308
10.2407704654896,905,901,83.8216996244876,-60.6698685713707,-32.5313404326804,93.201209004051
10.242910647405,905,900,78.9341140917408,-58.2260758049973,-30.0875476663069,88.3136234713042
10.2450508293205,906,903,88.7092851572344,-68.0012468704909,-32.5313404326804,100.532587303171
10.247191011236,907,903,83.8216996244876,-70.4450396368643,-27.6437548999335,98.0887945367979
10.2493311931514,906,900,74.046528558994,-60.6698685713707,-25.1999621335601,85.8698307049308
10.2514713750669,904,899,78.9341140917408,-53.3384902722505,-32.5313404326804,85.8698307049308
10.2536115569823,906,904,93.5968706899812,-70.4450396368643,-34.9751331990538,105.420172835918
10.2557517388978,905,900,78.9341140917408,-58.2260758049973,-30.0875476663069,88.3136234713042
10.2578919208133,903,899,83.8216996244876,-50.8946975058771,-37.4189259654272,88.3136234713042
10.2600321027287,905,900,78.9341140917408,-58.2260758049973,-30.0875476663069,88.3136234713042
10.2621722846442,907,904,88.7092851572344,-72.8888324032377,-30.0875476663069,102.976380069545
10.2643124665597,904,901,88.7092851572344,-58.2260758049973,-37.4189259654272,95.6450017704244
10.2664526484751,905,898,69.1589430262471,-53.3384902722505,-25.1999621335601,78.5384524058106
10.2685928303906,906,900,74.046528558994,-60.6698685713707,-25.1999621335601,85.8698307049308
10.270733012306,905,900,78.9341140917408,-58.2260758049973,-30.0875476663069,88.3136234713042
10.2728731942215,905,898,69.1589430262471,-53.3384902722505,-25.1999621335601,78.5384524058106
10.275013376137,905,901,83.8216996244876,-60.6698685713707,-32.5313404326804,93.201209004051
10.2771535580524,905,903,93.5968706899812,-65.5574541041175,-37.4189259654272,102.976380069545
10.2792937399679,906,899,69.1589430262472,-58.2260758049973,-22.7561693671867,80.982245172184
10.2814339218834,906,899,69.1589430262472,-58.2260758049973,-22.7561693671867,80.982245172184
10.2835741037988,906,902,83.8216996244876,-65.5574541041175,-30.0875476663069,95.6450017704245
10.2857142857143,905,899,74.046528558994,-55.7822830386239,-27.6437548999335,83.4260379385574
10.2878544676297,904,898,74.046528558994,-50.894697505877,-30.0875476663069,80.982245172184
10.2899946495452,905,901,83.8216996244876,-60.6698685713707,-32.5313404326804,93.201209004051
10.2921348314607,905,900,78.9341140917408,-58.2260758049973,-30.0875476663069,88.3136234713042
10.2942750133761,903,898,78.9341140917408,-48.4509047395036,-34.9751331990538,83.4260379385574
10.2964151952916,903,899,83.8216996244876,-50.8946975058771,-37.4189259654272,88.3136234713042
10.2985553772071,905,903,93.5968706899812,-65.5574541041175,-37.4189259654272,102.976380069545
10.3006955591225,906,900,74.046528558994,-60.6698685713707,-25.1999621335601,85.8698307049308
10.302835741038,904,899,78.9341140917408,-53.3384902722505,-32.5313404326804,85.8698307049308
10.3049759229535,905,903,93.5968706899812,-65.5574541041175,-37.4189259654272,102.976380069545
10.3071161048689,905,902,88.7092851572344,-63.1136613377441,-34.9751331990538,98.0887945367979
10.3092562867844,904,898,74.046528558994,-50.894697505877,-30.0875476663069,80.982245172184
10.3113964686998,899,900,108.259627288222,-43.5633192067568,-59.4130608627879,102.976380069545
10.3135366506153,901,899,93.5968706899812,-46.0071119731302,-47.1940970309208,93.2012090040511
10.3156768325308,902,899,88.7092851572344,-48.4509047395036,-42.306511498174,90.7574162376776
10.3178170144462,904,898,74.046528558994,-50.894697505877,-30.0875476663069,80.982245172184
10.3199571963617,904,903,98.4844562227281,-63.1136613377441,-42.306511498174,105.420172835918
10.3220973782772,902,899,88.7092851572344,-48.4509047395036,-42.306511498174,90.7574162376776
10.3242375601926,900,897,88.7092851572344,-38.67573367401,-47.1940970309208,85.8698307049308
10.3263777421081,903,895,64.2713574935003,-41.1195264403834,-27.6437548999335,68.763281340317
10.3285179240235,903,894,59.3837719607535,-38.67573367401,-25.1999621335601,63.8756958075701
10.330658105939,904,891,39.8334298297662,-33.7881481412632,-12.9809983016931,46.7691464429563
10.3327982878545,905,894,49.6086008952599,-43.5633192067568,-15.4247910680665,58.9881102748233
10.3349384697699,906,897,59.3837719607535,-53.3384902722505,-17.8685838344399,71.2070741066904
10.3370786516854,905,897,64.2713574935003,-50.894697505877,-22.7561693671867,73.6508668730638
10.3392188336009,904,894,54.4961864280067,-41.1195264403834,-20.3123766008133,61.4319030411967
10.3413590155163,904,898,74.046528558994,-50.894697505877,-30.0875476663069,80.982245172184
10.3434991974318,905,897,64.2713574935003,-50.894697505877,-22.7561693671867,73.6508668730638
10.3456393793472,903,896,69.1589430262471,-43.5633192067568,-30.0875476663069,73.6508668730638
10.3477795612627,904,895,59.3837719607535,-43.5633192067568,-22.7561693671867,66.3194885739435
10.3499197431782,906,899,69.1589430262472,-58.2260758049973,-22.7561693671867,80.982245172184
10.3520599250936,905,901,83.8216996244876,-60.6698685713707,-32.5313404326804,93.201209004051
10.3542001070091,903,900,88.7092851572344,-53.3384902722505,-39.8627187318006,93.201209004051
10.3563402889246,906,899,69.1589430262472,-58.2260758049973,-22.7561693671867,80.982245172184
10.35848047084,905,901,83.8216996244876,-60.6698685713707,-32.5313404326804,93.201209004051
10.3606206527555,905,898,69.1589430262471,-53.3384902722505,-25.1999621335601,78.5384524058106
10.3627608346709,906,896,54.4961864280067,-50.894697505877,-15.4247910680665,66.3194885739435
10.3649010165864,906,902,83.8216996244876,-65.5574541041175,-30.0875476663069,95.6450017704245
10.3670411985019,906,901,78.9341140917408,-63.1136613377441,-27.6437548999335,90.7574162376776
10.3691813804173,906,898,64.2713574935003,-55.7822830386239,-20.3123766008133,76.0946596394372
10.3713215623328,906,900,74.046528558994,-60.6698685713707,-25.1999621335601,85.8698307049308
10.3734617442483,906,903,88.7092851572344,-68.0012468704909,-32.5313404326804,100.532587303171
10.3756019261637,906,899,69.1589430262472,-58.2260758049973,-22.7561693671867,80.982245172184
10.3777421080792,905,898,69.1589430262471,-53.3384902722505,-25.1999621335601,78.5384524058106
10.3798822899946,906,899,69.1589430262472,-58.2260758049973,-22.7561693671867,80.982245172184
10.3820224719101,905,900,78.9341140917408,-58.2260758049973,-30.0875476663069,88.3136234713042
10.3841626538256,905,898,69.1589430262471,-53.3384902722505,-25.1999621335601,78.5384524058106
10.386302835741,907,904,88.7092851572344,-72.8888324032377,-30.0875476663069,102.976380069545
10.3884430176565,906,902,83.8216996244876,-65.5574541041175,-30.0875476663069,95.6450017704245
10.390583199572,906,900,74.046528558994,-60.6698685713707,-25.1999621335601,85.8698307049308
10.3927233814874,905,899,74.046528558994,-55.7822830386239,-27.6437548999335,83.4260379385574
10.3948635634029,908,903,78.9341140917408,-72.8888324032377,-22.7561693671867,95.6450017704245
10.3970037453184,906,897,59.3837719607535,-53.3384902722505,-17.8685838344399,71.2070741066904
10.3991439272338,904,897,69.1589430262471,-48.4509047395036,-27.6437548999335,76.0946596394372
10.4012841091493,906,901,78.9341140917408,-63.1136613377441,-27.6437548999335,90.7574162376776
10.4034242910647,905,902,88.7092851572344,-63.1136613377441,-34.9751331990538,98.0887945367979
10.4055644729802,904,898,74.046528558994,-50.894697505877,-30.0875476663069,80.982245172184
10.4077046548957,907,902,78.9341140917408,-68.0012468704909,-25.1999621335601,93.201209004051
10.4098448368111,904,903,98.4844562227281,-63.1136613377441,-42.306511498174,105.420172835918
10.4119850187266,906,898,64.2713574935003,-55.7822830386239,-20.3123766008133,76.0946596394372
10.4141252006421,904,897,69.1589430262471,-48.4509047395036,-27.6437548999335,76.0946596394372
10.4162653825575,905,902,88.7092851572344,-63.1136613377441,-34.9751331990538,98.0887945367979
10.418405564473,906,902,83.8216996244876,-65.5574541041175,-30.0875476663069,95.6450017704245
10.4205457463884,906,897,59.3837719607535,-53.3384902722505,-17.8685838344399,71.2070741066904
10.4226859283039,907,899,64.2713574935003,-60.6698685713707,-17.8685838344399,78.5384524058106
10.4248261102194,907,904,88.7092851572344,-72.8888324032377,-30.0875476663069,102.976380069545
10.4269662921348,906,899,69.1589430262472,-58.2260758049973,-22.7561693671867,80.982245172184
10.4291064740503,905,897,64.2713574935003,-50.894697505877,-22.7561693671867,73.6508668730638
10.4312466559658,908,903,78.9341140917408,-72.8888324032377,-22.7561693671867,95.6450017704245
10.4333868378812,907,902,78.9341140917408,-68.0012468704909,-25.1999621335601,93.201209004051
10.4355270197967,906,899,69.1589430262472,-58.2260758049973,-22.7561693671867,80.982245172184
10.4376672017121,906,899,69.1589430262472,-58.2260758049973,-22.7561693671867,80.982245172184
10.4398073836276,906,902,83.8216996244876,-65.5574541041175,-30.0875476663069,95.6450017704245
10.4419475655431,906,900,74.046528558994,-60.6698685713707,-25.1999621335601,85.8698307049308
10.4440877474585,906,900,74.046528558994,-60.6698685713707,-25.1999621335601,85.8698307049308
10.446227929374,905,901,83.8216996244876,-60.6698685713707,-32.5313404326804,93.201209004051
10.4483681112895,907,901,74.046528558994,-65.5574541041175,-22.7561693671867,88.3136234713042
10.4505082932049,906,898,64.2713574935003,-55.7822830386239,-20.3123766008133,76.0946596394372
10.4526484751204,906,901,78.9341140917408,-63.1136613377441,-27.6437548999335,90.7574162376776
10.4547886570358,907,902,78.9341140917408,-68.0012468704909,-25.1999621335601,93.201209004051
10.4569288389513,904,897,69.1589430262471,-48.4509047395036,-27.6437548999335,76.0946596394372
10.4590690208668,905,897,64.2713574935003,-50.894697505877,-22.7561693671867,73.6508668730638
10.4612092027822,906,902,83.8216996244876,-65.5574541041175,-30.0875476663069,95.6450017704245
10.4633493846977,907,902,78.9341140917408,-68.0012468704909,-25.1999621335601,93.201209004051
10.4654895666132,903,898,78.9341140917408,-48.4509047395036,-34.9751331990538,83.4260379385574
10.4676297485286,904,901,88.7092851572344,-58.2260758049973,-37.4189259654272,95.6450017704244
10.4697699304441,906,902,83.8216996244876,-65.5574541041175,-30.0875476663069,95.6450017704245
10.4719101123596,903,899,83.8216996244876,-50.8946975058771,-37.4189259654272,88.3136234713042
10.474050294275,905,899,74.046528558994,-55.7822830386239,-27.6437548999335,83.4260379385574
10.4761904761905,905,903,93.5968706899812,-65.5574541041175,-37.4189259654272,102.976380069545
10.4783306581059,906,903,88.7092851572344,-68.0012468704909,-32.5313404326804,100.532587303171
10.4804708400214,906,899,69.1589430262472,-58.2260758049973,-22.7561693671867,80.982245172184
10.4826110219369,905,901,83.8216996244876,-60.6698685713707,-32.5313404326804,93.201209004051
10.4847512038523,902,899,88.7092851572344,-48.4509047395036,-42.306511498174,90.7574162376776
10.4868913857678,902,897,78.9341140917408,-43.5633192067568,-37.4189259654272,80.982245172184
10.4890315676833,902,897,78.9341140917408,-43.5633192067568,-37.4189259654272,80.982245172184
10.4911717495987,907,900,69.1589430262471,-63.1136613377441,-20.3123766008133,83.4260379385574
10.4933119315142,907,900,69.1589430262471,-63.1136613377441,-20.3123766008133,83.4260379385574
10.4954521134296,905,900,78.9341140917408,-58.2260758049973,-30.0875476663069,88.3136234713042
10.4975922953451,907,901,74.046528558994,-65.5574541041175,-22.7561693671867,88.3136234713042
10.4997324772606,906,902,83.8216996244876,-65.5574541041175,-30.0875476663069,95.6450017704245
10.501872659176,905,900,78.9341140917408,-58.2260758049973,-30.0875476663069,88.3136234713042
10.5040128410915,905,899,74.046528558994,-55.7822830386239,-27.6437548999335,83.4260379385574
10.506153023007,903,902,98.4844562227281,-58.2260758049973,-44.7503042645474,102.976380069545
10.5082932049224,903,899,83.8216996244876,-50.8946975058771,-37.4189259654272,88.3136234713042
10.5104333868379,903,898,78.9341140917408,-48.4509047395036,-34.9751331990538,83.4260379385574
10.5125735687533,906,902,83.8216996244876,-65.5574541041175,-30.0875476663069,95.6450017704245
10.5147137506688,908,903,78.9341140917408,-72.8888324032377,-22.7561693671867,95.6450017704245
10.5168539325843,905,898,69.1589430262471,-53.3384902722505,-25.1999621335601,78.5384524058106
10.5189941144997,905,898,69.1589430262471,-53.3384902722505,-25.1999621335601,78.5384524058106
10.5211342964152,907,903,83.8216996244876,-70.4450396368643,-27.6437548999335,98.0887945367979
10.5232744783307,905,897,64.2713574935003,-50.894697505877,-22.7561693671867,73.6508668730638
10.5254146602461,904,897,69.1589430262471,-48.4509047395036,-27.6437548999335,76.0946596394372
10.5275548421616,904,901,88.7092851572344,-58.2260758049973,-37.4189259654272,95.6450017704244
10.529695024077,905,901,83.8216996244876,-60.6698685713707,-32.5313404326804,93.201209004051
10.5318352059925,904,899,78.9341140917408,-53.3384902722505,-32.5313404326804,85.8698307049308
10.533975387908,904,897,69.1589430262471,-48.4509047395036,-27.6437548999335,76.0946596394372
10.5361155698234,904,901,88.7092851572344,-58.2260758049973,-37.4189259654272,95.6450017704244
10.5382557517389,904,897,69.1589430262471,-48.4509047395036,-27.6437548999335,76.0946596394372
10.5403959336544,903,896,69.1589430262471,-43.5633192067568,-30.0875476663069,73.6508668730638
10.5425361155698,904,896,64.2713574935003,-46.0071119731302,-25.1999621335601,71.2070741066904
10.5446762974853,905,897,64.2713574935003,-50.894697505877,-22.7561693671867,73.6508668730638
10.5468164794007,905,895,54.4961864280067,-46.0071119731302,-17.8685838344399,63.8756958075701
10.5489566613162,905,898,69.1589430262471,-53.3384902722505,-25.1999621335601,78.5384524058106
10.5510968432317,906,898,64.2713574935003,-55.7822830386239,-20.3123766008133,76.0946596394372
10.5532370251471,904,896,64.2713574935003,-46.0071119731302,-25.1999621335601,71.2070741066904
10.5553772070626,905,898,69.1589430262471,-53.3384902722505,-25.1999621335601,78.5384524058106
10.5575173889781,906,902,83.8216996244876,-65.5574541041175,-30.0875476663069,95.6450017704245
10.5596575708935,907,902,78.9341140917408,-68.0012468704909,-25.1999621335601,93.201209004051
10.561797752809,908,899,59.3837719607535,-63.1136613377441,-12.9809983016931,76.0946596394372
10.5639379347245,908,903,78.9341140917408,-72.8888324032377,-22.7561693671867,95.6450017704245
10.5660781166399,912,907,78.9341140917408,-92.439174534225,-12.9809983016931,105.420172835918
10.5682182985554,911,904,69.1589430262471,-82.6640034687314,-10.5372055353197,93.201209004051
10.5703584804708,910,903,69.1589430262472,-77.7764179359846,-12.9809983016931,90.7574162376776
10.5724986623863,910,907,88.7092851572344,-87.5515890014782,-22.7561693671867,110.307758368665
10.5746388443018,908,906,93.5968706899812,-80.220210702358,-30.0875476663069,110.307758368665
10.5767790262172,905,900,78.9341140917408,-58.2260758049973,-30.0875476663069,88.3136234713042
10.5789192081327,904,900,83.8216996244876,-55.7822830386239,-34.9751331990538,90.7574162376776
10.5810593900482,904,902,93.5968706899812,-60.6698685713707,-39.8627187318006,100.532587303171
10.5831995719636,904,897,69.1589430262471,-48.4509047395036,-27.6437548999335,76.0946596394372
10.5853397538791,902,896,74.046528558994,-41.1195264403834,-34.9751331990538,76.0946596394372
10.5874799357945,904,900,83.8216996244876,-55.7822830386239,-34.9751331990538,90.7574162376776
10.58962011771,902,898,83.8216996244876,-46.0071119731302,-39.8627187318006,85.8698307049308
10.5917602996255,905,896,59.3837719607535,-48.4509047395036,-20.3123766008133,68.763281340317
10.5939004815409,905,897,64.2713574935003,-50.894697505877,-22.7561693671867,73.6508668730638
10.5960406634564,902,897,78.9341140917408,-43.5633192067568,-37.4189259654272,80.982245172184
10.5981808453719,904,895,59.3837719607535,-43.5633192067568,-22.7561693671867,66.3194885739435
10.6003210272873,905,898,69.1589430262471,-53.3384902722505,-25.1999621335601,78.5384524058106
10.6024612092028,903,898,78.9341140917408,-48.4509047395036,-34.9751331990538,83.4260379385574
10.6046013911182,905,896,59.3837719607535,-48.4509047395036,-20.3123766008133,68.763281340317
10.6067415730337,902,893,59.3837719607535,-33.7881481412632,-27.6437548999335,61.4319030411967
10.6088817549492,903,898,78.9341140917408,-48.4509047395036,-34.9751331990538,83.4260379385574
10.6110219368646,901,896,78.9341140917408,-38.67573367401,-39.8627187318006,78.5384524058106
10.6131621187801,900,890,54.4961864280067,-21.5691843093961,-30.0875476663069,51.6567319757031
10.6153023006956,901,890,49.6086008952599,-24.0129770757695,-25.1999621335601,49.2129392093297
10.617442482611,904,892,44.7210153625131,-36.2319409076366,-15.4247910680665,51.6567319757031
10.6195826645265,903,891,44.7210153625131,-31.3443553748898,-17.8685838344399,49.2129392093297
10.6217228464419,903,887,25.1706732315258,-21.5691843093961,-8.09341276894626,29.6625970783424
10.6238630283574,908,894,34.9458442970194,-50.894697505877,-0.762034469826034,51.6567319757031
10.6260032102729,906,895,49.6086008952599,-48.4509047395036,-12.9809983016931,61.4319030411967
10.6281433921883,905,891,34.9458442970194,-36.2319409076366,-8.09341276894626,44.3253536765829
10.6302835741038,906,890,25.1706732315258,-36.2319409076366,-0.762034469826034,36.9939753774626
10.6324237560193,907,894,39.8334298297662,-48.4509047395036,-5.64962000257285,54.1005247420765
10.6345639379347,907,894,39.8334298297662,-48.4509047395036,-5.64962000257285,54.1005247420765
10.6367041198502,907,894,39.8334298297662,-48.4509047395036,-5.64962000257285,54.1005247420765
10.6388443017656,907,899,64.2713574935003,-60.6698685713707,-17.8685838344399,78.5384524058106
10.6409844836811,909,898,49.6086008952599,-63.1136613377441,-5.64962000257285,68.763281340317
10.6431246655966,907,896,49.6086008952599,-53.3384902722505,-10.5372055353197,63.8756958075701
10.645264847512,908,897,49.6086008952599,-58.2260758049973,-8.09341276894626,66.3194885739435
10.6474050294275,908,897,49.6086008952599,-58.2260758049973,-8.09341276894626,66.3194885739435
10.649545211343,908,895,39.8334298297662,-53.3384902722505,-3.20582723619945,56.5443175084499
10.6516853932584,908,896,44.7210153625131,-55.7822830386239,-5.64962000257285,61.4319030411967
10.6538255751739,911,902,59.3837719607535,-77.7764179359846,-5.64962000257285,83.4260379385574
10.6559657570894,912,900,44.7210153625131,-75.3326251696111,4.12555106292078,71.2070741066904
10.6581059390048,908,896,44.7210153625131,-55.7822830386239,-5.64962000257285,61.4319030411967
10.6602461209203,908,898,54.4961864280067,-60.6698685713707,-10.5372055353197,71.2070741066904
10.6623863028357,905,900,78.9341140917408,-58.2260758049973,-30.0875476663069,88.3136234713042
10.6645264847512,899,892,69.1589430262471,-24.0129770757695,-39.8627187318006,63.8756958075701
10.6666666666667,897,890,69.1589430262471,-14.2378060102759,-44.7503042645474,58.9881102748233
10.6688068485821,903,896,69.1589430262471,-43.5633192067568,-30.0875476663069,73.6508668730638
10.6709470304976,905,898,69.1589430262471,-53.3384902722505,-25.1999621335601,78.5384524058106
10.6730872124131,906,892,34.9458442970194,-41.1195264403834,-5.64962000257285,46.7691464429563
10.6752273943285,907,896,49.6086008952599,-53.3384902722505,-10.5372055353197,63.8756958075701
10.677367576244,909,899,54.4961864280067,-65.5574541041175,-8.09341276894627,73.6508668730638
10.6795077581594,907,895,44.7210153625131,-50.8946975058771,-8.09341276894627,58.9881102748233
10.6816479400749,908,894,34.9458442970194,-50.894697505877,-0.762034469826034,51.6567319757031
10.6837881219904,907,897,54.4961864280067,-55.7822830386239,-12.9809983016931,68.763281340317
10.6859283039058,906,894,44.7210153625131,-46.0071119731302,-10.5372055353197,56.5443175084499
10.6880684858213,907,896,49.6086008952599,-53.3384902722505,-10.5372055353197,63.8756958075701
10.6902086677368,908,897,49.6086008952599,-58.2260758049973,-8.09341276894626,66.3194885739435
10.6923488496522,909,901,64.2713574935003,-70.4450396368643,-12.9809983016931,83.4260379385574
10.6944890315677,909,897,44.721015362513,-60.6698685713707,-3.20582723619944,63.8756958075701
10.6966292134831,908,899,59.3837719607535,-63.1136613377441,-12.9809983016931,76.0946596394372
10.6987693953986,910,899,49.6086008952599,-68.0012468704909,-3.20582723619945,71.2070741066904
10.7009095773141,907,898,59.3837719607535,-58.2260758049973,-15.4247910680665,73.6508668730638
10.7030497592295,887,891,122.922383886462,7.75632888708477,-96.069952358389,88.3136234713042
10.705189941145,896,894,93.5968706899812,-21.5691843093961,-59.4130608627879,80.982245172184
10.7073301230605,899,895,83.8216996244876,-31.3443553748898,-47.1940970309208,78.5384524058106
10.7094703049759,903,893,54.4961864280067,-36.2319409076366,-22.7561693671867,58.9881102748233
10.7116104868914,903,893,54.4961864280067,-36.2319409076366,-22.7561693671867,58.9881102748233
10.7137506688068,905,895,54.4961864280067,-46.0071119731302,-17.8685838344399,63.8756958075701
10.7158908507223,902,895,69.1589430262472,-38.67573367401,-32.5313404326804,71.2070741066904
10.7180310326378,902,892,54.4961864280067,-31.3443553748898,-25.1999621335601,56.5443175084499
10.7201712145532,903,893,54.4961864280067,-36.2319409076366,-22.7561693671867,58.9881102748233
10.7223113964687,903,897,74.046528558994,-46.0071119731302,-32.5313404326804,78.5384524058106
10.7244515783842,903,895,64.2713574935003,-41.1195264403834,-27.6437548999335,68.763281340317
10.7265917602996,901,891,54.4961864280067,-26.456769842143,-27.6437548999335,54.1005247420765
10.7287319422151,903,897,74.046528558994,-46.0071119731302,-32.5313404326804,78.5384524058106
10.7308721241306,906,895,49.6086008952599,-48.4509047395036,-12.9809983016931,61.4319030411967
10.733012306046,904,893,49.6086008952599,-38.67573367401,-17.8685838344399,56.5443175084499
10.7351524879615,903,892,49.6086008952599,-33.7881481412632,-20.3123766008133,54.1005247420765
10.7372926698769,903,890,39.8334298297662,-28.9005626085164,-15.4247910680665,44.3253536765829
10.7394328517924,903,886,20.283087698779,-19.1253915430227,-5.64962000257285,24.7750115455956
10.7415730337079,904,886,15.3955021660321,-21.5691843093961,-0.762034469826034,22.3312187792222
10.7437132156233,905,888,20.283087698779,-28.9005626085164,-0.762034469826034,29.6625970783424
10.7458533975388,906,885,0.732745567791682,-24.0129770757695,11.456929362041,12.5560477137285
10.7479935794543,901,883,15.3955021660321,-6.90642771115568,-8.09341276894626,14.9998404801019
10.7501337613697,900,884,25.1706732315258,-6.90642771115568,-15.4247910680665,22.3312187792222
10.7522739432852,903,883,5.6203311005385,-11.7940132439025,1.68175829654738,10.1122549473551
10.7544141252006,902,879,-9.04242549770196,0.424950587964545,6.56934382929419,-6.99429441725874
10.7565543071161,902,880,-4.15483996495514,-2.01884217840886,4.12555106292078,-2.10670888451192
10.7586944890316,904,882,-4.15483996495514,-11.7940132439025,9.0131365956676,2.7808766482349
10.760834670947,903,881,-4.15483996495514,-6.90642771115568,6.56934382929419,0.337083881861489
10.7629748528625,903,882,0.732745567791682,-9.35022047752909,4.12555106292078,5.22466941460831
10.765115034778,903,885,15.3955021660321,-16.6815987766493,-3.20582723619944,19.8874260128488
10.7672552166934,905,887,15.3955021660321,-26.456769842143,1.68175829654738,24.7750115455956
10.7693953986089,904,880,-13.9300110304488,-6.90642771115568,13.9007221284144,-6.99429441725874
10.7715355805243,903,880,-9.04242549770196,-4.46263494478227,9.0131365956676,-4.55050165088533
10.7736757624398,902,882,5.6203311005385,-6.90642771115568,-0.762034469826034,7.66846218098172
10.7758159443553,902,880,-4.15483996495514,-2.01884217840886,4.12555106292078,-2.10670888451192
10.7779561262707,903,881,-4.15483996495514,-6.90642771115568,6.56934382929419,0.337083881861489
10.7800963081862,904,883,0.732745567791682,-14.2378060102759,6.56934382929419,7.66846218098172
10.7822364901017,902,884,15.3955021660321,-11.7940132439025,-5.64962000257285,17.4436332464754
10.7843766720171,902,882,5.6203311005385,-6.90642771115568,-0.762034469826034,7.66846218098172
10.7865168539326,902,879,-9.04242549770196,0.424950587964545,6.56934382929419,-6.99429441725874
10.788657035848,901,883,15.3955021660321,-6.90642771115568,-8.09341276894626,14.9998404801019
10.7907972177635,903,879,-13.9300110304488,-2.01884217840886,11.456929362041,-9.43808718363215
10.792937399679,903,880,-9.04242549770196,-4.46263494478227,9.0131365956676,-4.55050165088533
10.7950775815944,904,884,5.6203311005385,-16.6815987766493,4.12555106292078,12.5560477137285
10.7972177635099,906,886,5.6203311005385,-26.456769842143,9.0131365956676,17.4436332464754
10.7993579454254,906,882,-13.9300110304488,-16.6815987766493,18.7883076611612,-2.10670888451192
10.8014981273408,905,883,-4.15483996495514,-16.6815987766493,11.456929362041,5.22466941460831
10.8036383092563,905,886,10.5079166332853,-24.0129770757695,4.12555106292078,19.8874260128488
10.8057784911717,903,883,5.6203311005385,-11.7940132439025,1.68175829654738,10.1122549473551
10.8079186730872,902,882,5.6203311005385,-6.90642771115568,-0.762034469826034,7.66846218098172
10.8100588550027,902,881,0.732745567791682,-4.46263494478227,1.68175829654738,2.7808766482349
10.8121990369181,893,883,54.4961864280067,12.6439144198316,-47.1940970309208,34.5501826110892
10.8143392188336,895,880,30.0582587642726,15.087707186205,-30.0875476663069,14.9998404801019
10.8164794007491,897,881,25.1706732315258,7.75632888708477,-22.7561693671867,14.9998404801019
10.8186195826645,901,883,15.3955021660321,-6.90642771115568,-8.09341276894626,14.9998404801019
10.82075976458,901,880,0.732745567791682,0.424950587964545,-0.762034469826034,0.337083881861489
10.8228999464955,900,880,5.6203311005385,2.86874335433795,-5.64962000257285,2.7808766482349
10.8250401284109,901,882,10.5079166332853,-4.46263494478227,-5.64962000257285,10.1122549473551
10.8271803103264,899,882,20.283087698779,0.424950587964545,-15.4247910680665,14.9998404801019
10.8293204922418,898,878,5.6203311005385,12.6439144198316,-10.5372055353197,-2.10670888451192
10.8314606741573,901,881,5.6203311005385,-2.01884217840886,-3.20582723619944,5.22466941460831
10.8336008560728,901,885,25.1706732315258,-11.7940132439025,-12.9809983016931,24.7750115455956
10.8357410379882,900,880,5.6203311005385,2.86874335433795,-5.64962000257285,2.7808766482349
10.8378812199037,902,881,0.732745567791682,-4.46263494478227,1.68175829654738,2.7808766482349
10.8400214018192,902,884,15.3955021660321,-11.7940132439025,-5.64962000257285,17.4436332464754
10.8421615837346,900,883,20.283087698779,-4.46263494478227,-12.9809983016931,17.4436332464754
10.8443017656501,899,879,5.6203311005385,7.75632888708477,-8.09341276894626,0.337083881861489
10.8464419475655,901,884,20.283087698779,-9.35022047752909,-10.5372055353197,19.8874260128488
10.848582129481,900,884,25.1706732315258,-6.90642771115568,-15.4247910680665,22.3312187792222
10.8507223113965,901,881,5.6203311005385,-2.01884217840886,-3.20582723619944,5.22466941460831
10.8528624933119,900,882,15.3955021660321,-2.01884217840886,-10.5372055353197,12.5560477137285
10.8550026752274,901,883,15.3955021660321,-6.90642771115568,-8.09341276894626,14.9998404801019
10.8571428571429,902,882,5.6203311005385,-6.90642771115568,-0.762034469826034,7.66846218098172
10.8592830390583,902,882,5.6203311005385,-6.90642771115568,-0.762034469826034,7.66846218098172
10.8614232209738,901,883,15.3955021660321,-6.90642771115568,-8.09341276894626,14.9998404801019
10.8635634028892,903,885,15.3955021660321,-16.6815987766493,-3.20582723619944,19.8874260128488
10.8657035848047,904,882,-4.15483996495514,-11.7940132439025,9.0131365956676,2.7808766482349
10.8678437667202,897,882,30.0582587642726,5.31253612071136,-25.1999621335601,19.8874260128488
10.8699839486356,894,885,59.3837719607535,5.31253612071136,-47.1940970309208,41.8815609102094
10.8721241305511,897,881,25.1706732315258,7.75632888708477,-22.7561693671867,14.9998404801019
10.8742643124666,903,882,0.732745567791682,-9.35022047752909,4.12555106292078,5.22466941460831
10.876404494382,905,885,5.6203311005385,-21.5691843093961,6.56934382929419,14.9998404801019
10.8785446762975,905,886,10.5079166332853,-24.0129770757695,4.12555106292078,19.8874260128488
10.8806848582129,904,883,0.732745567791682,-14.2378060102759,6.56934382929419,7.66846218098172
10.8828250401284,903,885,15.3955021660321,-16.6815987766493,-3.20582723619944,19.8874260128488
10.8849652220439,907,891,25.1706732315258,-41.1195264403834,1.68175829654738,39.437768143836
10.8871054039593,907,891,25.1706732315258,-41.1195264403834,1.68175829654738,39.437768143836
10.8892455858748,906,891,30.0582587642726,-38.67573367401,-3.20582723619944,41.8815609102094
10.8913857677903,907,894,39.8334298297662,-48.4509047395036,-5.64962000257285,54.1005247420765
10.8935259497057,907,894,39.8334298297662,-48.4509047395036,-5.64962000257285,54.1005247420765
10.8956661316212,906,889,20.283087698779,-33.7881481412632,1.68175829654738,32.1063898447158
10.8978063135367,906,889,20.283087698779,-33.7881481412632,1.68175829654738,32.1063898447158
10.8999464954521,908,892,25.1706732315258,-46.0071119731302,4.12555106292078,41.8815609102094
10.9020866773676,907,890,20.283087698779,-38.67573367401,4.12555106292078,34.5501826110892
10.904226859283,905,890,30.0582587642726,-33.7881481412632,-5.64962000257285,39.437768143836
10.9063670411985,907,893,34.9458442970194,-46.0071119731302,-3.20582723619944,49.2129392093297
10.908507223114,907,894,39.8334298297662,-48.4509047395036,-5.64962000257285,54.1005247420765
10.9106474050294,906,889,20.283087698779,-33.7881481412632,1.68175829654738,32.1063898447158
10.9127875869449,907,892,30.0582587642726,-43.5633192067568,-0.762034469826034,44.3253536765829
10.9149277688604,908,891,20.283087698779,-43.5633192067568,6.56934382929419,36.9939753774626
10.9170679507758,908,891,20.283087698779,-43.5633192067568,6.56934382929419,36.9939753774626
10.9192081326913,907,890,20.283087698779,-38.67573367401,4.12555106292078,34.5501826110892
10.9213483146067,908,896,44.7210153625131,-55.7822830386239,-5.64962000257285,61.4319030411967
10.9234884965222,907,893,34.9458442970194,-46.0071119731302,-3.20582723619944,49.2129392093297
10.9256286784377,908,891,20.283087698779,-43.5633192067568,6.56934382929419,36.9939753774626
10.9277688603531,909,891,15.3955021660321,-46.0071119731302,11.456929362041,34.5501826110892
10.9299090422686,910,895,30.0582587642726,-58.2260758049973,6.56934382929419,51.6567319757031
10.9320492241841,907,889,15.3955021660321,-36.2319409076366,6.56934382929419,29.6625970783424
10.9341894060995,907,890,20.283087698779,-38.67573367401,4.12555106292078,34.5501826110892
10.936329588015,910,899,49.6086008952599,-68.0012468704909,-3.20582723619945,71.2070741066904
10.9384697699304,911,903,64.2713574935003,-80.220210702358,-8.09341276894627,88.3136234713042
10.9406099518459,910,899,49.6086008952599,-68.0012468704909,-3.20582723619945,71.2070741066904
10.9427501337614,913,904,59.3837719607535,-87.5515890014782,-0.762034469826034,88.3136234713042
10.9448903156768,912,905,69.1589430262471,-87.5515890014782,-8.09341276894626,95.6450017704244
10.9470304975923,910,901,59.3837719607535,-72.8888324032377,-8.09341276894626,80.982245172184
10.9491706795078,911,899,44.7210153625131,-70.4450396368643,1.68175829654737,68.763281340317
10.9513108614232,912,903,59.3837719607535,-82.6640034687314,-3.20582723619945,85.8698307049308
10.9534510433387,910,902,64.2713574935003,-75.3326251696111,-10.5372055353197,85.8698307049308
10.9555912252541,911,899,44.7210153625131,-70.4450396368643,1.68175829654737,68.763281340317
10.9577314071696,912,903,59.3837719607535,-82.6640034687314,-3.20582723619945,85.8698307049308
10.9598715890851,913,903,54.4961864280067,-85.1077962351048,1.68175829654737,83.4260379385574
10.9620117710005,911,900,49.6086008952599,-72.8888324032377,-0.762034469826034,73.6508668730638
10.964151952916,911,901,54.4961864280067,-75.3326251696111,-3.20582723619944,78.5384524058106
10.9662921348315,912,902,54.4961864280067,-80.220210702358,-0.762034469826034,80.982245172184
10.9684323167469,911,902,59.3837719607535,-77.7764179359846,-5.64962000257285,83.4260379385574
10.9705724986624,910,901,59.3837719607535,-72.8888324032377,-8.09341276894626,80.982245172184
10.9727126805778,912,902,54.4961864280067,-80.220210702358,-0.762034469826034,80.982245172184
10.9748528624933,912,904,64.2713574935003,-85.1077962351048,-5.64962000257285,90.7574162376776
10.9769930444088,910,900,54.4961864280067,-70.4450396368643,-5.64962000257285,76.0946596394372
10.9791332263242,909,899,54.4961864280067,-65.5574541041175,-8.09341276894627,73.6508668730638
10.9812734082397,911,904,69.1589430262471,-82.6640034687314,-10.5372055353197,93.201209004051
10.9834135901552,909,900,59.3837719607535,-68.0012468704909,-10.5372055353197,78.5384524058106
10.9855537720706,912,897,30.0582587642726,-68.0012468704909,11.456929362041,56.5443175084499
10.9876939539861,911,902,59.3837719607535,-77.7764179359846,-5.64962000257285,83.4260379385574
10.9898341359016,911,900,49.6086008952599,-72.8888324032377,-0.762034469826034,73.6508668730638
10.991974317817,910,898,44.7210153625131,-65.5574541041175,-0.762034469826034,66.3194885739435
10.9941144997325,912,901,49.6086008952599,-77.7764179359846,1.68175829654738,76.0946596394372
10.9962546816479,913,906,69.1589430262471,-92.439174534225,-5.64962000257285,98.0887945367979
10.9983948635634,909,898,49.6086008952599,-63.1136613377441,-5.64962000257285,68.763281340317
11.0005350454789,910,900,54.4961864280067,-70.4450396368643,-5.64962000257285,76.0946596394372
11.0026752273943,910,901,59.3837719607535,-72.8888324032377,-8.09341276894626,80.982245172184
11.0048154093098,911,903,64.2713574935003,-80.220210702358,-8.09341276894627,88.3136234713042
11.0069555912253,908,899,59.3837719607535,-63.1136613377441,-12.9809983016931,76.0946596394372
11.0090957731407,911,901,54.4961864280067,-75.3326251696111,-3.20582723619944,78.5384524058106
11.0112359550562,912,903,59.3837719607535,-82.6640034687314,-3.20582723619945,85.8698307049308
11.0133761369716,910,904,74.046528558994,-80.220210702358,-15.4247910680665,95.6450017704245
11.0155163188871,910,900,54.4961864280067,-70.4450396368643,-5.64962000257285,76.0946596394372
11.0176565008026,879,895,181.573410279424,17.5314999525784,-144.945807685857,127.414307733279
11.019796682718,878,894,181.573410279424,22.4190854853252,-147.389600452231,124.970514966905
11.0219368646335,887,893,132.697554951956,2.86874335433795,-100.957537891136,98.0887945367979
11.024077046549,894,892,93.5968706899812,-11.7940132439025,-64.3006463955347,76.0946596394372
11.0262172284644,898,895,88.7092851572344,-28.9005626085164,-52.0816825636676,80.982245172184
11.0283574103799,901,893,64.2713574935003,-31.3443553748898,-32.5313404326804,63.8756958075701
11.0304975922953,903,897,74.046528558994,-46.0071119731302,-32.5313404326804,78.5384524058106
11.0326377742108,906,899,69.1589430262472,-58.2260758049973,-22.7561693671867,80.982245172184
11.0347779561263,906,900,74.046528558994,-60.6698685713707,-25.1999621335601,85.8698307049308
11.0369181380417,905,899,74.046528558994,-55.7822830386239,-27.6437548999335,83.4260379385574
11.0390583199572,905,902,88.7092851572344,-63.1136613377441,-34.9751331990538,98.0887945367979
11.0411985018727,905,903,93.5968706899812,-65.5574541041175,-37.4189259654272,102.976380069545
11.0433386837881,904,900,83.8216996244876,-55.7822830386239,-34.9751331990538,90.7574162376776
11.0454788657036,903,899,83.8216996244876,-50.8946975058771,-37.4189259654272,88.3136234713042
11.047619047619,906,904,93.5968706899812,-70.4450396368643,-34.9751331990538,105.420172835918
11.0497592295345,905,905,103.372041755475,-70.4450396368643,-42.306511498174,112.751551135038
11.05189941145,905,902,88.7092851572344,-63.1136613377441,-34.9751331990538,98.0887945367979
11.0540395933654,906,904,93.5968706899812,-70.4450396368643,-34.9751331990538,105.420172835918
11.0561797752809,906,905,98.4844562227281,-72.8888324032377,-37.4189259654272,110.307758368665
11.0583199571964,906,900,74.046528558994,-60.6698685713707,-25.1999621335601,85.8698307049308
11.0604601391118,904,900,83.8216996244876,-55.7822830386239,-34.9751331990538,90.7574162376776
11.0626003210273,905,904,98.4844562227281,-68.0012468704909,-39.8627187318006,107.863965602292
11.0647405029428,906,904,93.5968706899812,-70.4450396368643,-34.9751331990538,105.420172835918
11.0668806848582,905,902,88.7092851572344,-63.1136613377441,-34.9751331990538,98.0887945367979
11.0690208667737,904,903,98.4844562227281,-63.1136613377441,-42.306511498174,105.420172835918
11.0711610486891,905,903,93.5968706899812,-65.5574541041175,-37.4189259654272,102.976380069545
11.0733012306046,903,899,83.8216996244876,-50.8946975058771,-37.4189259654272,88.3136234713042
11.0754414125201,903,900,88.7092851572344,-53.3384902722505,-39.8627187318006,93.201209004051
11.0775815944355,904,900,83.8216996244876,-55.7822830386239,-34.9751331990538,90.7574162376776
11.079721776351,906,900,74.046528558994,-60.6698685713707,-25.1999621335601,85.8698307049308
11.0818619582665,903,898,78.9341140917408,-48.4509047395036,-34.9751331990538,83.4260379385574
11.0840021401819,905,902,88.7092851572344,-63.1136613377441,-34.9751331990538,98.0887945367979
11.0861423220974,907,903,83.8216996244876,-70.4450396368643,-27.6437548999335,98.0887945367979
11.0882825040128,904,897,69.1589430262471,-48.4509047395036,-27.6437548999335,76.0946596394372
11.0904226859283,904,897,69.1589430262471,-48.4509047395036,-27.6437548999335,76.0946596394372
11.0925628678438,905,901,83.8216996244876,-60.6698685713707,-32.5313404326804,93.201209004051
11.0947030497592,903,897,74.046528558994,-46.0071119731302,-32.5313404326804,78.5384524058106
11.0968432316747,903,897,74.046528558994,-46.0071119731302,-32.5313404326804,78.5384524058106
11.0989834135902,907,901,74.046528558994,-65.5574541041175,-22.7561693671867,88.3136234713042
11.1011235955056,905,904,98.4844562227281,-68.0012468704909,-39.8627187318006,107.863965602292
11.1032637774211,903,897,74.046528558994,-46.0071119731302,-32.5313404326804,78.5384524058106
11.1054039593365,904,897,69.1589430262471,-48.4509047395036,-27.6437548999335,76.0946596394372
11.107544141252,904,900,83.8216996244876,-55.7822830386239,-34.9751331990538,90.7574162376776
11.1096843231675,903,898,78.9341140917408,-48.4509047395036,-34.9751331990538,83.4260379385574
11.1118245050829,904,895,59.3837719607535,-43.5633192067568,-22.7561693671867,66.3194885739435
11.1139646869984,906,901,78.9341140917408,-63.1136613377441,-27.6437548999335,90.7574162376776
11.1161048689139,906,900,74.046528558994,-60.6698685713707,-25.1999621335601,85.8698307049308
11.1182450508293,905,901,83.8216996244876,-60.6698685713707,-32.5313404326804,93.201209004051
11.1203852327448,906,898,64.2713574935003,-55.7822830386239,-20.3123766008133,76.0946596394372
11.1225254146602,906,903,88.7092851572344,-68.0012468704909,-32.5313404326804,100.532587303171
11.1246655965757,906,899,69.1589430262472,-58.2260758049973,-22.7561693671867,80.982245172184
11.1268057784912,905,901,83.8216996244876,-60.6698685713707,-32.5313404326804,93.201209004051
11.1289459604066,906,904,93.5968706899812,-70.4450396368643,-34.9751331990538,105.420172835918
11.1310861423221,904,902,93.5968706899812,-60.6698685713707,-39.8627187318006,100.532587303171
11.1332263242376,905,900,78.9341140917408,-58.2260758049973,-30.0875476663069,88.3136234713042
11.135366506153,904,904,103.372041755475,-65.5574541041175,-44.7503042645474,110.307758368665
11.1375066880685,907,904,88.7092851572344,-72.8888324032377,-30.0875476663069,102.976380069545
11.1396468699839,905,901,83.8216996244876,-60.6698685713707,-32.5313404326804,93.201209004051
11.1417870518994,907,900,69.1589430262471,-63.1136613377441,-20.3123766008133,83.4260379385574
11.1439272338149,908,907,98.4844562227281,-82.6640034687314,-32.5313404326804,115.195343901412
11.1460674157303,905,906,108.259627288222,-72.8888324032377,-44.7503042645474,117.639136667785
11.1482075976458,904,899,78.9341140917408,-53.3384902722505,-32.5313404326804,85.8698307049308
11.1503477795613,905,903,93.5968706899812,-65.5574541041175,-37.4189259654272,102.976380069545
11.1524879614767,906,906,103.372041755475,-75.3326251696111,-39.8627187318006,115.195343901412
11.1546281433922,905,902,88.7092851572344,-63.1136613377441,-34.9751331990538,98.0887945367979
11.1567683253077,906,901,78.9341140917408,-63.1136613377441,-27.6437548999335,90.7574162376776
11.1589085072231,907,905,93.5968706899812,-75.3326251696111,-32.5313404326804,107.863965602292
11.1610486891386,907,905,93.5968706899812,-75.3326251696111,-32.5313404326804,107.863965602292
11.163188871054,904,902,93.5968706899812,-60.6698685713707,-39.8627187318006,100.532587303171
11.1653290529695,905,903,93.5968706899812,-65.5574541041175,-37.4189259654272,102.976380069545
11.167469234885,906,904,93.5968706899812,-70.4450396368643,-34.9751331990538,105.420172835918
11.1696094168004,906,900,74.046528558994,-60.6698685713707,-25.1999621335601,85.8698307049308
11.1717495987159,905,902,88.7092851572344,-63.1136613377441,-34.9751331990538,98.0887945367979
11.1738897806314,908,904,83.8216996244876,-75.3326251696111,-25.1999621335601,100.532587303171
11.1760299625468,905,907,113.147212820969,-75.3326251696111,-47.1940970309208,122.526722200532
11.1781701444623,906,902,83.8216996244876,-65.5574541041175,-30.0875476663069,95.6450017704245
11.1803103263777,906,906,103.372041755475,-75.3326251696111,-39.8627187318006,115.195343901412
11.1824505082932,905,902,88.7092851572344,-63.1136613377441,-34.9751331990538,98.0887945367979
11.1845906902087,905,900,78.9341140917408,-58.2260758049973,-30.0875476663069,88.3136234713042
11.1867308721241,909,903,74.046528558994,-75.3326251696111,-17.8685838344399,93.2012090040511
11.1888710540396,909,905,83.8216996244876,-80.220210702358,-22.7561693671867,102.976380069545
11.1910112359551,909,906,88.7092851572344,-82.6640034687314,-25.1999621335601,107.863965602292
11.1931514178705,910,905,78.9341140917408,-82.6640034687314,-17.8685838344399,100.532587303171
11.195291599786,911,911,103.372041755475,-99.7705528333452,-27.6437548999335,127.414307733279
11.1974317817014,910,913,118.034798353715,-102.214345599719,-37.4189259654272,139.633271565146
11.1995719636169,910,906,83.8216996244876,-85.1077962351048,-20.3123766008133,105.420172835918
11.2017121455324,909,907,93.5968706899812,-85.1077962351048,-27.6437548999335,112.751551135038
11.2038523274478,911,910,98.4844562227281,-97.3267600669718,-25.1999621335601,122.526722200532
11.2059925093633,908,909,108.259627288222,-87.5515890014782,-37.4189259654272,124.970514966905
11.2081326912788,906,904,93.5968706899812,-70.4450396368643,-34.9751331990538,105.420172835918
11.2102728731942,903,906,118.034798353715,-68.0012468704909,-54.525475330041,122.526722200532
11.2124130551097,904,907,118.034798353715,-72.8888324032377,-52.0816825636676,124.970514966905
11.2145532370251,901,903,113.147212820969,-55.7822830386239,-56.9692680964145,112.751551135038
11.2166934189406,900,899,98.4844562227281,-43.5633192067568,-52.0816825636676,95.6450017704245
11.2188336008561,901,901,103.372041755475,-50.894697505877,-52.0816825636676,102.976380069545
11.2209737827715,903,899,83.8216996244876,-50.8946975058771,-37.4189259654272,88.3136234713042
11.223113964687,904,899,78.9341140917408,-53.3384902722505,-32.5313404326804,85.8698307049308
11.2252541466025,904,903,98.4844562227281,-63.1136613377441,-42.306511498174,105.420172835918
11.2273943285179,906,903,88.7092851572344,-68.0012468704909,-32.5313404326804,100.532587303171
11.2295345104334,903,901,93.5968706899812,-55.7822830386239,-42.306511498174,98.0887945367978
11.2316746923489,905,901,83.8216996244876,-60.6698685713707,-32.5313404326804,93.201209004051
11.2338148742643,907,905,93.5968706899812,-75.3326251696111,-32.5313404326804,107.863965602292
11.2359550561798,905,901,83.8216996244876,-60.6698685713707,-32.5313404326804,93.201209004051
11.2380952380952,905,899,74.046528558994,-55.7822830386239,-27.6437548999335,83.4260379385574
11.2402354200107,905,903,93.5968706899812,-65.5574541041175,-37.4189259654272,102.976380069545
11.2423756019262,904,902,93.5968706899812,-60.6698685713707,-39.8627187318006,100.532587303171
11.2445157838416,905,901,83.8216996244876,-60.6698685713707,-32.5313404326804,93.201209004051
11.2466559657571,905,903,93.5968706899812,-65.5574541041175,-37.4189259654272,102.976380069545
11.2487961476726,907,906,98.4844562227281,-77.7764179359846,-34.9751331990538,112.751551135038
11.250936329588,904,904,103.372041755475,-65.5574541041175,-44.7503042645474,110.307758368665
11.2530765115035,906,899,69.1589430262472,-58.2260758049973,-22.7561693671867,80.982245172184
11.2552166934189,906,904,93.5968706899812,-70.4450396368643,-34.9751331990538,105.420172835918
11.2573568753344,906,904,93.5968706899812,-70.4450396368643,-34.9751331990538,105.420172835918
11.2594970572499,904,903,98.4844562227281,-63.1136613377441,-42.306511498174,105.420172835918
11.2616372391653,908,905,88.7092851572344,-77.7764179359846,-27.6437548999335,105.420172835918
11.2637774210808,908,905,88.7092851572344,-77.7764179359846,-27.6437548999335,105.420172835918
11.2659176029963,906,904,93.5968706899812,-70.4450396368643,-34.9751331990538,105.420172835918
11.2680577849117,907,900,69.1589430262471,-63.1136613377441,-20.3123766008133,83.4260379385574
11.2701979668272,907,902,78.9341140917408,-68.0012468704909,-25.1999621335601,93.201209004051
11.2723381487426,905,907,113.147212820969,-75.3326251696111,-47.1940970309208,122.526722200532
11.2744783306581,903,902,98.4844562227281,-58.2260758049973,-44.7503042645474,102.976380069545
11.2766185125736,905,904,98.4844562227281,-68.0012468704909,-39.8627187318006,107.863965602292
11.278758694489,906,905,98.4844562227281,-72.8888324032377,-37.4189259654272,110.307758368665
11.2808988764045,904,903,98.4844562227281,-63.1136613377441,-42.306511498174,105.420172835918
11.28303905832,907,905,93.5968706899812,-75.3326251696111,-32.5313404326804,107.863965602292
11.2851792402354,908,905,88.7092851572344,-77.7764179359846,-27.6437548999335,105.420172835918
11.2873194221509,907,906,98.4844562227281,-77.7764179359846,-34.9751331990538,112.751551135038
11.2894596040663,905,902,88.7092851572344,-63.1136613377441,-34.9751331990538,98.0887945367979
11.2915997859818,906,903,88.7092851572344,-68.0012468704909,-32.5313404326804,100.532587303171
11.2937399678973,907,906,98.4844562227281,-77.7764179359846,-34.9751331990538,112.751551135038
11.2958801498127,905,902,88.7092851572344,-63.1136613377441,-34.9751331990538,98.0887945367979
11.2980203317282,905,902,88.7092851572344,-63.1136613377441,-34.9751331990538,98.0887945367979
11.3001605136437,908,910,113.147212820969,-89.9953817678516,-39.8627187318006,129.858100499652
11.3023006955591,907,904,88.7092851572344,-72.8888324032377,-30.0875476663069,102.976380069545
11.3044408774746,906,902,83.8216996244876,-65.5574541041175,-30.0875476663069,95.6450017704245
11.30658105939,906,903,88.7092851572344,-68.0012468704909,-32.5313404326804,100.532587303171
11.3087212413055,907,908,108.259627288222,-82.6640034687314,-39.8627187318006,122.526722200532
11.310861423221,908,902,74.046528558994,-70.4450396368643,-20.3123766008133,90.7574162376776
11.3130016051364,905,902,88.7092851572344,-63.1136613377441,-34.9751331990538,98.0887945367979
11.3151417870519,907,908,108.259627288222,-82.6640034687314,-39.8627187318006,122.526722200532
11.3172819689674,907,905,93.5968706899812,-75.3326251696111,-32.5313404326804,107.863965602292
11.3194221508828,906,905,98.4844562227281,-72.8888324032377,-37.4189259654272,110.307758368665
11.3215623327983,907,906,98.4844562227281,-77.7764179359846,-34.9751331990538,112.751551135038
11.3237025147138,906,908,113.147212820969,-80.220210702358,-44.7503042645474,124.970514966905
11.3258426966292,906,904,93.5968706899812,-70.4450396368643,-34.9751331990538,105.420172835918
11.3279828785447,906,904,93.5968706899812,-70.4450396368643,-34.9751331990538,105.420172835918
11.3301230604601,908,908,103.372041755475,-85.1077962351048,-34.9751331990538,120.082929434159
11.3322632423756,907,907,103.372041755475,-80.220210702358,-37.4189259654272,117.639136667785
11.3344034242911,905,906,108.259627288222,-72.8888324032377,-44.7503042645474,117.639136667785
11.3365436062065,908,908,103.372041755475,-85.1077962351048,-34.9751331990538,120.082929434159
11.338683788122,908,909,108.259627288222,-87.5515890014782,-37.4189259654272,124.970514966905
11.3408239700375,907,906,98.4844562227281,-77.7764179359846,-34.9751331990538,112.751551135038
11.3429641519529,907,905,93.5968706899812,-75.3326251696111,-32.5313404326804,107.863965602292
11.3451043338684,908,909,108.259627288222,-87.5515890014782,-37.4189259654272,124.970514966905
11.3472445157838,907,906,98.4844562227281,-77.7764179359846,-34.9751331990538,112.751551135038
11.3493846976993,906,907,108.259627288222,-77.7764179359846,-42.306511498174,120.082929434159
11.3515248796148,907,912,127.809969419209,-92.439174534225,-49.6378897972942,142.077064331519
11.3536650615302,909,912,118.034798353715,-97.3267600669718,-39.8627187318006,137.189478798772
11.3558052434457,906,907,108.259627288222,-77.7764179359846,-42.306511498174,120.082929434159
11.3579454253612,908,908,103.372041755475,-85.1077962351048,-34.9751331990538,120.082929434159
11.3600856072766,908,911,118.034798353715,-92.439174534225,-42.306511498174,134.745686032399
11.3622257891921,908,908,103.372041755475,-85.1077962351048,-34.9751331990538,120.082929434159
11.3643659711075,907,905,93.5968706899812,-75.3326251696111,-32.5313404326804,107.863965602292
11.366506153023,909,913,122.922383886462,-99.7705528333452,-42.306511498174,142.077064331519
11.3686463349385,908,914,132.697554951956,-99.7705528333452,-49.6378897972942,149.408442630639
11.3707865168539,907,909,113.147212820969,-85.1077962351048,-42.306511498174,127.414307733279
11.3729266987694,907,909,113.147212820969,-85.1077962351048,-42.306511498174,127.414307733279
11.3750668806849,909,911,113.147212820969,-94.8829673005984,-37.4189259654272,132.301893266026
11.3772070626003,909,910,108.259627288222,-92.439174534225,-34.9751331990538,127.414307733279
11.3793472445158,908,907,98.4844562227281,-82.6640034687314,-32.5313404326804,115.195343901412
11.3814874264312,909,910,108.259627288222,-92.439174534225,-34.9751331990538,127.414307733279
11.3836276083467,908,910,113.147212820969,-89.9953817678516,-39.8627187318006,129.858100499652
11.3857677902622,908,908,103.372041755475,-85.1077962351048,-34.9751331990538,120.082929434159
11.3879079721776,906,912,132.697554951956,-89.9953817678516,-54.525475330041,144.520857097893
11.3900481540931,909,912,118.034798353715,-97.3267600669718,-39.8627187318006,137.189478798772
11.3921883360086,907,910,118.034798353715,-87.5515890014782,-44.7503042645474,132.301893266026
11.394328517924,908,906,93.5968706899812,-80.220210702358,-30.0875476663069,110.307758368665
11.3964686998395,909,911,113.147212820969,-94.8829673005984,-37.4189259654272,132.301893266026
11.3986088817549,907,910,118.034798353715,-87.5515890014782,-44.7503042645474,132.301893266026
11.4007490636704,906,908,113.147212820969,-80.220210702358,-44.7503042645474,124.970514966905
11.4028892455859,909,912,118.034798353715,-97.3267600669718,-39.8627187318006,137.189478798772
11.4050294275013,909,913,122.922383886462,-99.7705528333452,-42.306511498174,142.077064331519
11.4071696094168,907,909,113.147212820969,-85.1077962351048,-42.306511498174,127.414307733279
11.4093097913323,906,908,113.147212820969,-80.220210702358,-44.7503042645474,124.970514966905
11.4114499732477,909,912,118.034798353715,-97.3267600669718,-39.8627187318006,137.189478798772
11.4135901551632,906,910,122.922383886462,-85.1077962351048,-49.6378897972942,134.745686032399
11.4157303370787,904,905,108.259627288222,-68.0012468704909,-47.1940970309208,115.195343901412
11.4178705189941,906,908,113.147212820969,-80.220210702358,-44.7503042645474,124.970514966905
11.4200107009096,908,911,118.034798353715,-92.439174534225,-42.306511498174,134.745686032399
11.422150882825,907,909,113.147212820969,-85.1077962351048,-42.306511498174,127.414307733279
11.4242910647405,907,906,98.4844562227281,-77.7764179359846,-34.9751331990538,112.751551135038
11.426431246656,907,912,127.809969419209,-92.439174534225,-49.6378897972942,142.077064331519
11.4285714285714,907,910,118.034798353715,-87.5515890014782,-44.7503042645474,132.301893266026
11.4307116104869,906,907,108.259627288222,-77.7764179359846,-42.306511498174,120.082929434159
11.4328517924024,906,908,113.147212820969,-80.220210702358,-44.7503042645474,124.970514966905
11.4349919743178,908,909,108.259627288222,-87.5515890014782,-37.4189259654272,124.970514966905
11.4371321562333,905,908,118.034798353715,-77.7764179359846,-49.6378897972942,127.414307733279
11.4392723381487,905,908,118.034798353715,-77.7764179359846,-49.6378897972942,127.414307733279
11.4414125200642,908,910,113.147212820969,-89.9953817678516,-39.8627187318006,129.858100499652
11.4435527019797,907,909,113.147212820969,-85.1077962351048,-42.306511498174,127.414307733279
11.4456928838951,908,908,103.372041755475,-85.1077962351048,-34.9751331990538,120.082929434159
11.4478330658106,908,912,122.922383886462,-94.8829673005984,-44.7503042645474,139.633271565146
11.4499732477261,905,911,132.697554951956,-85.1077962351048,-56.9692680964145,142.077064331519
11.4521134296415,905,905,103.372041755475,-70.4450396368643,-42.306511498174,112.751551135038
11.454253611557,907,908,108.259627288222,-82.6640034687314,-39.8627187318006,122.526722200532
11.4563937934724,909,911,113.147212820969,-94.8829673005984,-37.4189259654272,132.301893266026
11.4585339753879,905,908,118.034798353715,-77.7764179359846,-49.6378897972942,127.414307733279
11.4606741573034,906,906,103.372041755475,-75.3326251696111,-39.8627187318006,115.195343901412
11.4628143392188,907,909,113.147212820969,-85.1077962351048,-42.306511498174,127.414307733279
11.4649545211343,906,910,122.922383886462,-85.1077962351048,-49.6378897972942,134.745686032399
11.4670947030498,906,906,103.372041755475,-75.3326251696111,-39.8627187318006,115.195343901412
11.4692348849652,906,905,98.4844562227281,-72.8888324032377,-37.4189259654272,110.307758368665
11.4713750668807,908,907,98.4844562227281,-82.6640034687314,-32.5313404326804,115.195343901412
11.4735152487961,906,906,103.372041755475,-75.3326251696111,-39.8627187318006,115.195343901412
11.4756554307116,905,907,113.147212820969,-75.3326251696111,-47.1940970309208,122.526722200532
11.4777956126271,905,909,122.922383886462,-80.220210702358,-52.0816825636676,132.301893266026
11.4799357945425,907,909,113.147212820969,-85.1077962351048,-42.306511498174,127.414307733279
11.482075976458,906,905,98.4844562227281,-72.8888324032377,-37.4189259654272,110.307758368665
11.4842161583735,907,908,108.259627288222,-82.6640034687314,-39.8627187318006,122.526722200532
11.4863563402889,906,907,108.259627288222,-77.7764179359846,-42.306511498174,120.082929434159
11.4884965222044,905,906,108.259627288222,-72.8888324032377,-44.7503042645474,117.639136667785
11.4906367041199,906,906,103.372041755475,-75.3326251696111,-39.8627187318006,115.195343901412
11.4927768860353,907,908,108.259627288222,-82.6640034687314,-39.8627187318006,122.526722200532
11.4949170679508,906,909,118.034798353715,-82.6640034687314,-47.1940970309208,129.858100499652
11.4970572498662,908,904,83.8216996244876,-75.3326251696111,-25.1999621335601,100.532587303171
11.4991974317817,907,906,98.4844562227281,-77.7764179359846,-34.9751331990538,112.751551135038
11.5013376136972,908,909,108.259627288222,-87.5515890014782,-37.4189259654272,124.970514966905
11.5034777956126,906,905,98.4844562227281,-72.8888324032377,-37.4189259654272,110.307758368665
11.5056179775281,905,903,93.5968706899812,-65.5574541041175,-37.4189259654272,102.976380069545
11.5077581594436,908,908,103.372041755475,-85.1077962351048,-34.9751331990538,120.082929434159
11.509898341359,906,909,118.034798353715,-82.6640034687314,-47.1940970309208,129.858100499652
11.5120385232745,906,905,98.4844562227281,-72.8888324032377,-37.4189259654272,110.307758368665
11.5141787051899,907,906,98.4844562227281,-77.7764179359846,-34.9751331990538,112.751551135038
11.5163188871054,908,910,113.147212820969,-89.9953817678516,-39.8627187318006,129.858100499652
11.5184590690209,906,906,103.372041755475,-75.3326251696111,-39.8627187318006,115.195343901412
11.5205992509363,906,904,93.5968706899812,-70.4450396368643,-34.9751331990538,105.420172835918
11.5227394328518,909,908,98.4844562227281,-87.5515890014782,-30.0875476663069,117.639136667785
11.5248796147673,907,909,113.147212820969,-85.1077962351048,-42.306511498174,127.414307733279
11.5270197966827,906,906,103.372041755475,-75.3326251696111,-39.8627187318006,115.195343901412
11.5291599785982,908,910,113.147212820969,-89.9953817678516,-39.8627187318006,129.858100499652
11.5313001605136,909,909,103.372041755475,-89.9953817678516,-32.5313404326804,122.526722200532
11.5334403424291,907,907,103.372041755475,-80.220210702358,-37.4189259654272,117.639136667785
11.5355805243446,907,907,103.372041755475,-80.220210702358,-37.4189259654272,117.639136667785
11.53772070626,906,910,122.922383886462,-85.1077962351048,-49.6378897972942,134.745686032399
11.5398608881755,908,910,113.147212820969,-89.9953817678516,-39.8627187318006,129.858100499652
11.542001070091,908,905,88.7092851572344,-77.7764179359846,-27.6437548999335,105.420172835918
11.5441412520064,908,908,103.372041755475,-85.1077962351048,-34.9751331990538,120.082929434159
11.5462814339219,910,911,108.259627288222,-97.3267600669718,-32.5313404326804,129.858100499652
11.5484216158373,908,907,98.4844562227281,-82.6640034687314,-32.5313404326804,115.195343901412
11.5505617977528,908,906,93.5968706899812,-80.220210702358,-30.0875476663069,110.307758368665
11.5527019796683,907,912,127.809969419209,-92.439174534225,-49.6378897972942,142.077064331519
11.5548421615837,908,910,113.147212820969,-89.9953817678516,-39.8627187318006,129.858100499652
11.5569823434992,907,906,98.4844562227281,-77.7764179359846,-34.9751331990538,112.751551135038
11.5591225254147,909,907,93.5968706899812,-85.1077962351048,-27.6437548999335,112.751551135038
11.5612627073301,908,909,108.259627288222,-87.5515890014782,-37.4189259654272,124.970514966905
11.5634028892456,906,908,113.147212820969,-80.220210702358,-44.7503042645474,124.970514966905
11.565543071161,907,907,103.372041755475,-80.220210702358,-37.4189259654272,117.639136667785
11.5676832530765,907,911,122.922383886462,-89.9953817678516,-47.1940970309208,137.189478798772
11.569823434992,907,909,113.147212820969,-85.1077962351048,-42.306511498174,127.414307733279
11.5719636169074,909,907,93.5968706899812,-85.1077962351048,-27.6437548999335,112.751551135038
11.5741037988229,909,910,108.259627288222,-92.439174534225,-34.9751331990538,127.414307733279
11.5762439807384,908,910,113.147212820969,-89.9953817678516,-39.8627187318006,129.858100499652
11.5783841626538,907,905,93.5968706899812,-75.3326251696111,-32.5313404326804,107.863965602292
11.5805243445693,908,908,103.372041755475,-85.1077962351048,-34.9751331990538,120.082929434159
11.5826645264848,908,910,113.147212820969,-89.9953817678516,-39.8627187318006,129.858100499652
11.5848047084002,906,908,113.147212820969,-80.220210702358,-44.7503042645474,124.970514966905
11.5869448903157,907,909,113.147212820969,-85.1077962351048,-42.306511498174,127.414307733279
11.5890850722311,908,911,118.034798353715,-92.439174534225,-42.306511498174,134.745686032399
11.5912252541466,907,910,118.034798353715,-87.5515890014782,-44.7503042645474,132.301893266026
11.5933654360621,908,907,98.4844562227281,-82.6640034687314,-32.5313404326804,115.195343901412
11.5955056179775,906,908,113.147212820969,-80.220210702358,-44.7503042645474,124.970514966905
11.597645799893,907,911,122.922383886462,-89.9953817678516,-47.1940970309208,137.189478798772
11.5997859818085,906,911,127.809969419209,-87.5515890014782,-52.0816825636676,139.633271565146
11.6019261637239,908,910,113.147212820969,-89.9953817678516,-39.8627187318006,129.858100499652
11.6040663456394,909,914,127.809969419209,-102.214345599719,-44.7503042645474,146.964649864266
11.6062065275548,908,912,122.922383886462,-94.8829673005984,-44.7503042645474,139.633271565146
11.6083467094703,907,909,113.147212820969,-85.1077962351048,-42.306511498174,127.414307733279
11.6104868913858,908,911,118.034798353715,-92.439174534225,-42.306511498174,134.745686032399
11.6126270733012,908,912,122.922383886462,-94.8829673005984,-44.7503042645474,139.633271565146
11.6147672552167,908,908,103.372041755475,-85.1077962351048,-34.9751331990538,120.082929434159
11.6169074371322,907,911,122.922383886462,-89.9953817678516,-47.1940970309208,137.189478798772
11.6190476190476,909,914,127.809969419209,-102.214345599719,-44.7503042645474,146.964649864266
11.6211878009631,908,911,118.034798353715,-92.439174534225,-42.306511498174,134.745686032399
11.6233279828785,908,910,113.147212820969,-89.9953817678516,-39.8627187318006,129.858100499652
11.625468164794,905,911,132.697554951956,-85.1077962351048,-56.9692680964145,142.077064331519
11.6276083467095,909,911,113.147212820969,-94.8829673005984,-37.4189259654272,132.301893266026
11.6297485286249,906,909,118.034798353715,-82.6640034687314,-47.1940970309208,129.858100499652
11.6318887105404,906,908,113.147212820969,-80.220210702358,-44.7503042645474,124.970514966905
11.6340288924559,909,914,127.809969419209,-102.214345599719,-44.7503042645474,146.964649864266
11.6361690743713,907,910,118.034798353715,-87.5515890014782,-44.7503042645474,132.301893266026
11.6383092562868,909,910,108.259627288222,-92.439174534225,-34.9751331990538,127.414307733279
11.6404494382022,908,915,137.585140484703,-102.214345599719,-52.0816825636676,154.296028163386
11.6425896201177,907,914,137.585140484703,-97.3267600669718,-54.525475330041,151.852235397013
11.6447298020332,908,911,118.034798353715,-92.439174534225,-42.306511498174,134.745686032399
11.6468699839486,907,910,118.034798353715,-87.5515890014782,-44.7503042645474,132.301893266026
11.6490101658641,910,912,113.147212820969,-99.7705528333452,-34.9751331990538,134.745686032399
11.6511503477796,909,915,132.697554951956,-104.658138366092,-47.1940970309208,151.852235397013
11.653290529695,910,911,108.259627288222,-97.3267600669718,-32.5313404326804,129.858100499652
11.6554307116105,910,914,122.922383886462,-104.658138366092,-39.8627187318006,144.520857097893
11.6575708935259,908,917,147.360311550196,-107.101931132465,-56.9692680964144,164.07119922888
11.6597110754414,909,912,118.034798353715,-97.3267600669718,-39.8627187318006,137.189478798772
11.6618512573569,910,912,113.147212820969,-99.7705528333452,-34.9751331990538,134.745686032399
11.6639914392723,909,914,127.809969419209,-102.214345599719,-44.7503042645474,146.964649864266
11.6661316211878,908,913,127.809969419209,-97.3267600669718,-47.1940970309208,144.520857097893
11.6682718031033,908,912,122.922383886462,-94.8829673005984,-44.7503042645474,139.633271565146
11.6704119850187,912,915,118.034798353715,-111.989516665212,-32.5313404326804,144.520857097893
11.6725521669342,909,915,132.697554951956,-104.658138366092,-47.1940970309208,151.852235397013
11.6746923488497,909,912,118.034798353715,-97.3267600669718,-39.8627187318006,137.189478798772
11.6768325307651,910,914,122.922383886462,-104.658138366092,-39.8627187318006,144.520857097893
11.6789727126806,911,915,122.922383886462,-109.545723898839,-37.4189259654272,146.964649864266
11.681112894596,907,910,118.034798353715,-87.5515890014782,-44.7503042645474,132.301893266026
11.6832530765115,909,912,118.034798353715,-97.3267600669718,-39.8627187318006,137.189478798772
11.685393258427,909,915,132.697554951956,-104.658138366092,-47.1940970309208,151.852235397013
11.6875334403424,910,915,127.809969419209,-107.101931132465,-42.306511498174,149.408442630639
11.6896736222579,908,912,122.922383886462,-94.8829673005984,-44.7503042645474,139.633271565146
11.6918138041734,908,911,118.034798353715,-92.439174534225,-42.306511498174,134.745686032399
11.6939539860888,912,916,122.922383886462,-114.433309431586,-34.9751331990538,149.408442630639
11.6960941680043,908,913,127.809969419209,-97.3267600669718,-47.1940970309208,144.520857097893
11.6982343499197,908,912,122.922383886462,-94.8829673005984,-44.7503042645474,139.633271565146
11.7003745318352,908,911,118.034798353715,-92.439174534225,-42.306511498174,134.745686032399
11.7025147137507,908,914,132.697554951956,-99.7705528333452,-49.6378897972942,149.408442630639
11.7046548956661,907,913,132.697554951956,-94.8829673005984,-52.0816825636676,146.964649864266
11.7067950775816,908,913,127.809969419209,-97.3267600669718,-47.1940970309208,144.520857097893
11.7089352594971,909,915,132.697554951956,-104.658138366092,-47.1940970309208,151.852235397013
11.7110754414125,908,914,132.697554951956,-99.7705528333452,-49.6378897972942,149.408442630639
11.713215623328,909,912,118.034798353715,-97.3267600669718,-39.8627187318006,137.189478798772
11.7153558052434,910,915,127.809969419209,-107.101931132465,-42.306511498174,149.408442630639
11.7174959871589,908,913,127.809969419209,-97.3267600669718,-47.1940970309208,144.520857097893
11.7196361690744,908,911,118.034798353715,-92.439174534225,-42.306511498174,134.745686032399
11.7217763509898,909,912,118.034798353715,-97.3267600669718,-39.8627187318006,137.189478798772
11.7239165329053,911,916,127.809969419209,-111.989516665212,-39.8627187318006,151.852235397013
11.7260567148208,909,913,122.922383886462,-99.7705528333452,-42.306511498174,142.077064331519
11.7281968967362,910,913,118.034798353715,-102.214345599719,-37.4189259654272,139.633271565146
11.7303370786517,910,917,137.585140484703,-111.989516665212,-47.1940970309208,159.183613696133
11.7324772605671,908,917,147.360311550196,-107.101931132465,-56.9692680964144,164.07119922888
11.7346174424826,908,912,122.922383886462,-94.8829673005984,-44.7503042645474,139.633271565146
11.7367576243981,908,913,127.809969419209,-97.3267600669718,-47.1940970309208,144.520857097893
11.7388978063135,910,917,137.585140484703,-111.989516665212,-47.1940970309208,159.183613696133
11.741037988229,908,911,118.034798353715,-92.439174534225,-42.306511498174,134.745686032399
11.7431781701445,909,912,118.034798353715,-97.3267600669718,-39.8627187318006,137.189478798772
11.7453183520599,910,915,127.809969419209,-107.101931132465,-42.306511498174,149.408442630639
11.7474585339754,910,917,137.585140484703,-111.989516665212,-47.1940970309208,159.183613696133
11.7495987158909,908,912,122.922383886462,-94.8829673005984,-44.7503042645474,139.633271565146
11.7517388978063,909,912,118.034798353715,-97.3267600669718,-39.8627187318006,137.189478798772
11.7538790797218,907,912,127.809969419209,-92.439174534225,-49.6378897972942,142.077064331519
11.7560192616372,910,910,103.372041755475,-94.8829673005984,-30.087547666307,124.970514966905
11.7581594435527,909,912,118.034798353715,-97.3267600669718,-39.8627187318006,137.189478798772
11.7602996254682,910,914,122.922383886462,-104.658138366092,-39.8627187318006,144.520857097893
11.7624398073836,911,913,113.147212820969,-104.658138366092,-32.5313404326804,137.189478798772
11.7645799892991,909,911,113.147212820969,-94.8829673005984,-37.4189259654272,132.301893266026
11.7667201712146,910,914,122.922383886462,-104.658138366092,-39.8627187318006,144.520857097893
11.76886035313,908,913,127.809969419209,-97.3267600669718,-47.1940970309208,144.520857097893
11.7710005350455,908,909,108.259627288222,-87.5515890014782,-37.4189259654272,124.970514966905
11.7731407169609,908,907,98.4844562227281,-82.6640034687314,-32.5313404326804,115.195343901412
11.7752808988764,909,913,122.922383886462,-99.7705528333452,-42.306511498174,142.077064331519
11.7774210807919,906,908,113.147212820969,-80.220210702358,-44.7503042645474,124.970514966905
11.7795612627073,906,908,113.147212820969,-80.220210702358,-44.7503042645474,124.970514966905
11.7817014446228,907,912,127.809969419209,-92.439174534225,-49.6378897972942,142.077064331519
11.7838416265383,908,912,122.922383886462,-94.8829673005984,-44.7503042645474,139.633271565146
11.7859818084537,905,909,122.922383886462,-80.220210702358,-52.0816825636676,132.301893266026
11.7881219903692,907,907,103.372041755475,-80.220210702358,-37.4189259654272,117.639136667785
11.7902621722846,910,911,108.259627288222,-97.3267600669718,-32.5313404326804,129.858100499652
11.7924023542001,907,912,127.809969419209,-92.439174534225,-49.6378897972942,142.077064331519
11.7945425361156,908,908,103.372041755475,-85.1077962351048,-34.9751331990538,120.082929434159
11.796682718031,910,911,108.259627288222,-97.3267600669718,-32.5313404326804,129.858100499652
11.7988228999465,909,913,122.922383886462,-99.7705528333452,-42.306511498174,142.077064331519
11.800963081862,908,910,113.147212820969,-89.9953817678516,-39.8627187318006,129.858100499652
11.8031032637774,907,908,108.259627288222,-82.6640034687314,-39.8627187318006,122.526722200532
11.8052434456929,908,912,122.922383886462,-94.8829673005984,-44.7503042645474,139.633271565146
11.8073836276083,908,909,108.259627288222,-87.5515890014782,-37.4189259654272,124.970514966905
11.8095238095238,908,909,108.259627288222,-87.5515890014782,-37.4189259654272,124.970514966905
11.8116639914393,909,911,113.147212820969,-94.8829673005984,-37.4189259654272,132.301893266026
11.8138041733547,909,912,118.034798353715,-97.3267600669718,-39.8627187318006,137.189478798772
11.8159443552702,907,908,108.259627288222,-82.6640034687314,-39.8627187318006,122.526722200532
11.8180845371857,909,909,103.372041755475,-89.9953817678516,-32.5313404326804,122.526722200532
11.8202247191011,911,914,118.034798353715,-107.101931132465,-34.9751331990538,142.077064331519
11.8223649010166,907,908,108.259627288222,-82.6640034687314,-39.8627187318006,122.526722200532
11.824505082932,908,908,103.372041755475,-85.1077962351048,-34.9751331990538,120.082929434159
11.8266452648475,909,912,118.034798353715,-97.3267600669718,-39.8627187318006,137.189478798772
11.828785446763,909,909,103.372041755475,-89.9953817678516,-32.5313404326804,122.526722200532
11.8309256286784,907,908,108.259627288222,-82.6640034687314,-39.8627187318006,122.526722200532
11.8330658105939,908,910,113.147212820969,-89.9953817678516,-39.8627187318006,129.858100499652
11.8352059925094,909,914,127.809969419209,-102.214345599719,-44.7503042645474,146.964649864266
11.8373461744248,909,909,103.372041755475,-89.9953817678516,-32.5313404326804,122.526722200532
11.8394863563403,908,908,103.372041755475,-85.1077962351048,-34.9751331990538,120.082929434159
11.8416265382558,909,912,118.034798353715,-97.3267600669718,-39.8627187318006,137.189478798772
11.8437667201712,909,913,122.922383886462,-99.7705528333452,-42.306511498174,142.077064331519
11.8459069020867,907,909,113.147212820969,-85.1077962351048,-42.306511498174,127.414307733279
11.8480470840021,908,910,113.147212820969,-89.9953817678516,-39.8627187318006,129.858100499652
11.8501872659176,911,916,127.809969419209,-111.989516665212,-39.8627187318006,151.852235397013
11.8523274478331,911,912,108.259627288222,-102.214345599719,-30.0875476663069,132.301893266026
11.8544676297485,912,912,103.372041755475,-104.658138366092,-25.1999621335601,129.858100499652
11.856607811664,913,919,132.697554951956,-124.208480497079,-37.4189259654272,161.627406462507
11.8587479935795,913,914,108.259627288222,-111.989516665212,-25.1999621335601,137.189478798772
11.8608881754949,911,914,118.034798353715,-107.101931132465,-34.9751331990538,142.077064331519
11.8630283574104,910,915,127.809969419209,-107.101931132465,-42.306511498174,149.408442630639
11.8651685393258,910,915,127.809969419209,-107.101931132465,-42.306511498174,149.408442630639
11.8673087212413,909,911,113.147212820969,-94.8829673005984,-37.4189259654272,132.301893266026
11.8694489031568,907,909,113.147212820969,-85.1077962351048,-42.306511498174,127.414307733279
11.8715890850722,908,912,122.922383886462,-94.8829673005984,-44.7503042645474,139.633271565146
11.8737292669877,904,912,142.472726017449,-85.1077962351048,-64.3006463955347,149.408442630639
11.8758694489032,905,905,103.372041755475,-70.4450396368643,-42.306511498174,112.751551135038
11.8780096308186,905,908,118.034798353715,-77.7764179359846,-49.6378897972942,127.414307733279
11.8801498127341,905,910,127.809969419209,-82.6640034687314,-54.525475330041,137.189478798772
11.8822899946495,905,903,93.5968706899812,-65.5574541041175,-37.4189259654272,102.976380069545
11.884430176565,905,905,103.372041755475,-70.4450396368643,-42.306511498174,112.751551135038
11.8865703584805,908,909,108.259627288222,-87.5515890014782,-37.4189259654272,124.970514966905
11.8887105403959,908,911,118.034798353715,-92.439174534225,-42.306511498174,134.745686032399
11.8908507223114,908,905,88.7092851572344,-77.7764179359846,-27.6437548999335,105.420172835918
11.8929909042269,910,910,103.372041755475,-94.8829673005984,-30.087547666307,124.970514966905
11.8951310861423,908,911,118.034798353715,-92.439174534225,-42.306511498174,134.745686032399
11.8972712680578,907,907,103.372041755475,-80.220210702358,-37.4189259654272,117.639136667785
11.8994114499732,907,907,103.372041755475,-80.220210702358,-37.4189259654272,117.639136667785
11.9015516318887,908,911,118.034798353715,-92.439174534225,-42.306511498174,134.745686032399
11.9036918138042,908,913,127.809969419209,-97.3267600669718,-47.1940970309208,144.520857097893
11.9058319957196,907,907,103.372041755475,-80.220210702358,-37.4189259654272,117.639136667785
11.9079721776351,907,912,127.809969419209,-92.439174534225,-49.6378897972942,142.077064331519
11.9101123595506,909,910,108.259627288222,-92.439174534225,-34.9751331990538,127.414307733279
11.912252541466,906,907,108.259627288222,-77.7764179359846,-42.306511498174,120.082929434159
11.9143927233815,907,911,122.922383886462,-89.9953817678516,-47.1940970309208,137.189478798772
11.916532905297,908,909,108.259627288222,-87.5515890014782,-37.4189259654272,124.970514966905
11.9186730872124,908,908,103.372041755475,-85.1077962351048,-34.9751331990538,120.082929434159
11.9208132691279,907,910,118.034798353715,-87.5515890014782,-44.7503042645474,132.301893266026
11.9229534510433,908,911,118.034798353715,-92.439174534225,-42.306511498174,134.745686032399
11.9250936329588,908,912,122.922383886462,-94.8829673005984,-44.7503042645474,139.633271565146
11.9272338148743,907,908,108.259627288222,-82.6640034687314,-39.8627187318006,122.526722200532
11.9293739967897,908,909,108.259627288222,-87.5515890014782,-37.4189259654272,124.970514966905
11.9315141787052,909,913,122.922383886462,-99.7705528333452,-42.306511498174,142.077064331519
11.9336543606207,907,909,113.147212820969,-85.1077962351048,-42.306511498174,127.414307733279
11.9357945425361,908,908,103.372041755475,-85.1077962351048,-34.9751331990538,120.082929434159
11.9379347244516,910,914,122.922383886462,-104.658138366092,-39.8627187318006,144.520857097893
11.940074906367,909,916,137.585140484703,-107.101931132465,-49.6378897972942,156.73982092976
11.9422150882825,908,909,108.259627288222,-87.5515890014782,-37.4189259654272,124.970514966905
11.944355270198,909,908,98.4844562227281,-87.5515890014782,-30.0875476663069,117.639136667785
11.9464954521134,908,913,127.809969419209,-97.3267600669718,-47.1940970309208,144.520857097893
11.9486356340289,908,909,108.259627288222,-87.5515890014782,-37.4189259654272,124.970514966905
11.9507758159444,907,909,113.147212820969,-85.1077962351048,-42.306511498174,127.414307733279
11.9529159978598,909,912,118.034798353715,-97.3267600669718,-39.8627187318006,137.189478798772
11.9550561797753,909,914,127.809969419209,-102.214345599719,-44.7503042645474,146.964649864266
11.9571963616907,909,911,113.147212820969,-94.8829673005984,-37.4189259654272,132.301893266026
11.9593365436062,909,911,113.147212820969,-94.8829673005984,-37.4189259654272,132.301893266026
11.9614767255217,910,914,122.922383886462,-104.658138366092,-39.8627187318006,144.520857097893
11.9636169074371,906,909,118.034798353715,-82.6640034687314,-47.1940970309208,129.858100499652
11.9657570893526,909,910,108.259627288222,-92.439174534225,-34.9751331990538,127.414307733279
11.9678972712681,909,914,127.809969419209,-102.214345599719,-44.7503042645474,146.964649864266
11.9700374531835,908,909,108.259627288222,-87.5515890014782,-37.4189259654272,124.970514966905
11.972177635099,907,911,122.922383886462,-89.9953817678516,-47.1940970309208,137.189478798772
11.9743178170144,907,912,127.809969419209,-92.439174534225,-49.6378897972942,142.077064331519
11.9764579989299,910,914,122.922383886462,-104.658138366092,-39.8627187318006,144.520857097893
11.9785981808454,908,911,118.034798353715,-92.439174534225,-42.306511498174,134.745686032399
11.9807383627608,908,912,122.922383886462,-94.8829673005984,-44.7503042645474,139.633271565146
11.9828785446763,907,913,132.697554951956,-94.8829673005984,-52.0816825636676,146.964649864266
11.9850187265918,908,913,127.809969419209,-97.3267600669718,-47.1940970309208,144.520857097893
11.9871589085072,907,909,113.147212820969,-85.1077962351048,-42.306511498174,127.414307733279
11.9892990904227,909,911,113.147212820969,-94.8829673005984,-37.4189259654272,132.301893266026
11.9914392723381,908,916,142.472726017449,-104.658138366092,-54.525475330041,159.183613696133
11.9935794542536,909,912,118.034798353715,-97.3267600669718,-39.8627187318006,137.189478798772
11.9957196361691,909,912,118.034798353715,-97.3267600669718,-39.8627187318006,137.189478798772
11.9978598180845,911,916,127.809969419209,-111.989516665212,-39.8627187318006,151.852235397013
12,911,916,127.809969419209,-111.989516665212,-39.8627187318006,151.852235397013
12.0021401819155,910,913,118.034798353715,-102.214345599719,-37.4189259654272,139.633271565146
12.0042803638309,909,914,127.809969419209,-102.214345599719,-44.7503042645474,146.964649864266
12.0064205457464,909,915,132.697554951956,-104.658138366092,-47.1940970309208,151.852235397013
12.0085607276619,910,911,108.259627288222,-97.3267600669718,-32.5313404326804,129.858100499652
12.0107009095773,910,912,113.147212820969,-99.7705528333452,-34.9751331990538,134.745686032399
12.0128410914928,909,916,137.585140484703,-107.101931132465,-49.6378897972942,156.73982092976
12.0149812734082,909,914,127.809969419209,-102.214345599719,-44.7503042645474,146.964649864266
12.0171214553237,910,911,108.259627288222,-97.3267600669718,-32.5313404326804,129.858100499652
12.0192616372392,910,913,118.034798353715,-102.214345599719,-37.4189259654272,139.633271565146
12.0214018191546,909,915,132.697554951956,-104.658138366092,-47.1940970309208,151.852235397013
12.0235420010701,908,911,118.034798353715,-92.439174534225,-42.306511498174,134.745686032399
12.0256821829856,909,914,127.809969419209,-102.214345599719,-44.7503042645474,146.964649864266
12.027822364901,911,917,132.697554951956,-114.433309431586,-42.306511498174,156.73982092976
12.0299625468165,909,916,137.585140484703,-107.101931132465,-49.6378897972942,156.73982092976
12.0321027287319,910,911,108.259627288222,-97.3267600669718,-32.5313404326804,129.858100499652
12.0342429106474,909,917,142.472726017449,-109.545723898839,-52.0816825636676,161.627406462506
12.0363830925629,909,915,132.697554951956,-104.658138366092,-47.1940970309208,151.852235397013
12.0385232744783,909,913,122.922383886462,-99.7705528333452,-42.306511498174,142.077064331519
12.0406634563938,908,913,127.809969419209,-97.3267600669718,-47.1940970309208,144.520857097893
12.0428036383093,907,915,142.472726017449,-99.7705528333452,-56.9692680964145,156.73982092976
12.0449438202247,910,916,132.697554951956,-109.545723898839,-44.7503042645474,154.296028163386
12.0470840021402,910,915,127.809969419209,-107.101931132465,-42.306511498174,149.408442630639
12.0492241840556,911,918,137.585140484703,-116.877102197959,-44.7503042645474,161.627406462507
12.0513643659711,910,916,132.697554951956,-109.545723898839,-44.7503042645474,154.296028163386
12.0535045478866,911,914,118.034798353715,-107.101931132465,-34.9751331990538,142.077064331519
12.055644729802,910,912,113.147212820969,-99.7705528333452,-34.9751331990538,134.745686032399
12.0577849117175,909,916,137.585140484703,-107.101931132465,-49.6378897972942,156.73982092976
12.059925093633,907,914,137.585140484703,-97.3267600669718,-54.525475330041,151.852235397013
12.0620652755484,911,914,118.034798353715,-107.101931132465,-34.9751331990538,142.077064331519
12.0642054574639,911,918,137.585140484703,-116.877102197959,-44.7503042645474,161.627406462507
12.0663456393793,910,918,142.472726017449,-114.433309431586,-49.6378897972942,164.07119922888
12.0684858212948,909,914,127.809969419209,-102.214345599719,-44.7503042645474,146.964649864266
12.0706260032103,910,915,127.809969419209,-107.101931132465,-42.306511498174,149.408442630639
12.0727661851257,911,919,142.472726017449,-119.320894964333,-47.1940970309208,166.514991995253
12.0749063670412,909,913,122.922383886462,-99.7705528333452,-42.306511498174,142.077064331519
12.0770465489567,910,914,122.922383886462,-104.658138366092,-39.8627187318006,144.520857097893
12.0791867308721,910,918,142.472726017449,-114.433309431586,-49.6378897972942,164.07119922888
12.0813269127876,911,917,132.697554951956,-114.433309431586,-42.306511498174,156.73982092976
12.083467094703,909,914,127.809969419209,-102.214345599719,-44.7503042645474,146.964649864266
12.0856072766185,912,919,137.585140484703,-121.764687730706,-42.306511498174,164.07119922888
12.087747458534,909,919,152.247897082943,-114.433309431586,-56.9692680964145,171.402577528
12.0898876404494,910,914,122.922383886462,-104.658138366092,-39.8627187318006,144.520857097893
12.0920278223649,910,915,127.809969419209,-107.101931132465,-42.306511498174,149.408442630639
12.0941680042804,911,918,137.585140484703,-116.877102197959,-44.7503042645474,161.627406462507
12.0963081861958,909,917,142.472726017449,-109.545723898839,-52.0816825636676,161.627406462506
12.0984483681113,910,914,122.922383886462,-104.658138366092,-39.8627187318006,144.520857097893
12.1005885500268,909,918,147.360311550196,-111.989516665212,-54.525475330041,166.514991995253
12.1027287319422,910,920,152.247897082943,-119.320894964333,-54.525475330041,173.846370294374
12.1048689138577,910,916,132.697554951956,-109.545723898839,-44.7503042645474,154.296028163386
12.1070090957731,910,913,118.034798353715,-102.214345599719,-37.4189259654272,139.633271565146
12.1091492776886,909,920,157.13548261569,-116.877102197959,-59.4130608627879,176.290163060747
12.1112894596041,911,918,137.585140484703,-116.877102197959,-44.7503042645474,161.627406462507
12.1134296415195,908,912,122.922383886462,-94.8829673005984,-44.7503042645474,139.633271565146
12.115569823435,910,917,137.585140484703,-111.989516665212,-47.1940970309208,159.183613696133
12.1177100053505,909,920,157.13548261569,-116.877102197959,-59.4130608627879,176.290163060747
12.1198501872659,910,914,122.922383886462,-104.658138366092,-39.8627187318006,144.520857097893
12.1219903691814,908,913,127.809969419209,-97.3267600669718,-47.1940970309208,144.520857097893
12.1241305510968,910,919,147.360311550196,-116.877102197959,-52.0816825636676,168.958784761627
12.1262707330123,909,918,147.360311550196,-111.989516665212,-54.525475330041,166.514991995253
12.1284109149278,908,912,122.922383886462,-94.8829673005984,-44.7503042645474,139.633271565146
12.1305510968432,910,914,122.922383886462,-104.658138366092,-39.8627187318006,144.520857097893
12.1326912787587,909,918,147.360311550196,-111.989516665212,-54.525475330041,166.514991995253
12.1348314606742,909,916,137.585140484703,-107.101931132465,-49.6378897972942,156.73982092976
12.1369716425896,909,915,132.697554951956,-104.658138366092,-47.1940970309208,151.852235397013
12.1391118245051,910,917,137.585140484703,-111.989516665212,-47.1940970309208,159.183613696133
12.1412520064205,909,915,132.697554951956,-104.658138366092,-47.1940970309208,151.852235397013
12.143392188336,910,913,118.034798353715,-102.214345599719,-37.4189259654272,139.633271565146
12.1455323702515,910,915,127.809969419209,-107.101931132465,-42.306511498174,149.408442630639
12.1476725521669,909,917,142.472726017449,-109.545723898839,-52.0816825636676,161.627406462506
12.1498127340824,908,912,122.922383886462,-94.8829673005984,-44.7503042645474,139.633271565146
12.1519529159979,909,915,132.697554951956,-104.658138366092,-47.1940970309208,151.852235397013
12.1540930979133,911,918,137.585140484703,-116.877102197959,-44.7503042645474,161.627406462507
12.1562332798288,908,914,132.697554951956,-99.7705528333452,-49.6378897972942,149.408442630639
12.1583734617442,909,914,127.809969419209,-102.214345599719,-44.7503042645474,146.964649864266
12.1605136436597,910,915,127.809969419209,-107.101931132465,-42.306511498174,149.408442630639
12.1626538255752,910,918,142.472726017449,-114.433309431586,-49.6378897972942,164.07119922888
12.1647940074906,909,912,118.034798353715,-97.3267600669718,-39.8627187318006,137.189478798772
12.1669341894061,909,915,132.697554951956,-104.658138366092,-47.1940970309208,151.852235397013
12.1690743713216,910,918,142.472726017449,-114.433309431586,-49.6378897972942,164.07119922888
12.171214553237,910,915,127.809969419209,-107.101931132465,-42.306511498174,149.408442630639
12.1733547351525,909,913,122.922383886462,-99.7705528333452,-42.306511498174,142.077064331519
12.175494917068,912,918,132.697554951956,-119.320894964333,-39.8627187318006,159.183613696133
12.1776350989834,911,919,142.472726017449,-119.320894964333,-47.1940970309208,166.514991995253
12.1797752808989,911,912,108.259627288222,-102.214345599719,-30.0875476663069,132.301893266026
12.1819154628143,909,915,132.697554951956,-104.658138366092,-47.1940970309208,151.852235397013
12.1840556447298,910,914,122.922383886462,-104.658138366092,-39.8627187318006,144.520857097893
12.1861958266453,908,914,132.697554951956,-99.7705528333452,-49.6378897972942,149.408442630639
12.1883360085607,909,916,137.585140484703,-107.101931132465,-49.6378897972942,156.73982092976
12.1904761904762,910,917,137.585140484703,-111.989516665212,-47.1940970309208,159.183613696133
12.1926163723917,910,916,132.697554951956,-109.545723898839,-44.7503042645474,154.296028163386
12.1947565543071,909,910,108.259627288222,-92.439174534225,-34.9751331990538,127.414307733279
12.1968967362226,910,915,127.809969419209,-107.101931132465,-42.306511498174,149.408442630639
12.199036918138,910,915,127.809969419209,-107.101931132465,-42.306511498174,149.408442630639
12.2011771000535,907,911,122.922383886462,-89.9953817678516,-47.1940970309208,137.189478798772
12.203317281969,908,910,113.147212820969,-89.9953817678516,-39.8627187318006,129.858100499652
12.2054574638844,911,916,127.809969419209,-111.989516665212,-39.8627187318006,151.852235397013
12.2075976457999,910,917,137.585140484703,-111.989516665212,-47.1940970309208,159.183613696133
12.2097378277154,909,913,122.922383886462,-99.7705528333452,-42.306511498174,142.077064331519
12.2118780096308,908,912,122.922383886462,-94.8829673005984,-44.7503042645474,139.633271565146
12.2140181915463,910,917,137.585140484703,-111.989516665212,-47.1940970309208,159.183613696133
12.2161583734617,908,912,122.922383886462,-94.8829673005984,-44.7503042645474,139.633271565146
12.2182985553772,908,910,113.147212820969,-89.9953817678516,-39.8627187318006,129.858100499652
12.2204387372927,910,914,122.922383886462,-104.658138366092,-39.8627187318006,144.520857097893
12.2225789192081,909,913,122.922383886462,-99.7705528333452,-42.306511498174,142.077064331519
12.2247191011236,908,911,118.034798353715,-92.439174534225,-42.306511498174,134.745686032399
12.2268592830391,911,914,118.034798353715,-107.101931132465,-34.9751331990538,142.077064331519
12.2289994649545,910,916,132.697554951956,-109.545723898839,-44.7503042645474,154.296028163386
12.23113964687,910,909,98.4844562227281,-92.439174534225,-27.6437548999335,120.082929434159
12.2332798287854,908,909,108.259627288222,-87.5515890014782,-37.4189259654272,124.970514966905
12.2354200107009,908,913,127.809969419209,-97.3267600669718,-47.1940970309208,144.520857097893
12.2375601926164,908,913,127.809969419209,-97.3267600669718,-47.1940970309208,144.520857097893
12.2397003745318,909,911,113.147212820969,-94.8829673005984,-37.4189259654272,132.301893266026
12.2418405564473,909,915,132.697554951956,-104.658138366092,-47.1940970309208,151.852235397013
12.2439807383628,910,916,132.697554951956,-109.545723898839,-44.7503042645474,154.296028163386
12.2461209202782,908,912,122.922383886462,-94.8829673005984,-44.7503042645474,139.633271565146
12.2482611021937,909,912,118.034798353715,-97.3267600669718,-39.8627187318006,137.189478798772
12.2504012841091,910,915,127.809969419209,-107.101931132465,-42.306511498174,149.408442630639
12.2525414660246,907,912,127.809969419209,-92.439174534225,-49.6378897972942,142.077064331519
12.2546816479401,907,908,108.259627288222,-82.6640034687314,-39.8627187318006,122.526722200532
12.2568218298555,909,915,132.697554951956,-104.658138366092,-47.1940970309208,151.852235397013
12.258962011771,909,916,137.585140484703,-107.101931132465,-49.6378897972942,156.73982092976
12.2611021936865,910,909,98.4844562227281,-92.439174534225,-27.6437548999335,120.082929434159
12.2632423756019,909,910,108.259627288222,-92.439174534225,-34.9751331990538,127.414307733279
12.2653825575174,909,918,147.360311550196,-111.989516665212,-54.525475330041,166.514991995253
12.2675227394329,907,910,118.034798353715,-87.5515890014782,-44.7503042645474,132.301893266026
12.2696629213483,908,910,113.147212820969,-89.9953817678516,-39.8627187318006,129.858100499652
12.2718031032638,910,913,118.034798353715,-102.214345599719,-37.4189259654272,139.633271565146
12.2739432851792,907,914,137.585140484703,-97.3267600669718,-54.525475330041,151.852235397013
12.2760834670947,907,911,122.922383886462,-89.9953817678516,-47.1940970309208,137.189478798772
12.2782236490102,910,913,118.034798353715,-102.214345599719,-37.4189259654272,139.633271565146
12.2803638309256,908,913,127.809969419209,-97.3267600669718,-47.1940970309208,144.520857097893
12.2825040128411,908,913,127.809969419209,-97.3267600669718,-47.1940970309208,144.520857097893
12.2846441947566,909,912,118.034798353715,-97.3267600669718,-39.8627187318006,137.189478798772
12.286784376672,910,915,127.809969419209,-107.101931132465,-42.306511498174,149.408442630639
12.2889245585875,908,912,122.922383886462,-94.8829673005984,-44.7503042645474,139.633271565146
12.2910647405029,908,909,108.259627288222,-87.5515890014782,-37.4189259654272,124.970514966905
12.2932049224184,909,913,122.922383886462,-99.7705528333452,-42.306511498174,142.077064331519
12.2953451043339,909,916,137.585140484703,-107.101931132465,-49.6378897972942,156.73982092976
12.2974852862493,910,911,108.259627288222,-97.3267600669718,-32.5313404326804,129.858100499652
12.2996254681648,909,911,113.147212820969,-94.8829673005984,-37.4189259654272,132.301893266026
12.3017656500803,910,915,127.809969419209,-107.101931132465,-42.306511498174,149.408442630639
12.3039058319957,910,913,118.034798353715,-102.214345599719,-37.4189259654272,139.633271565146
12.3060460139112,909,911,113.147212820969,-94.8829673005984,-37.4189259654272,132.301893266026
12.3081861958266,909,913,122.922383886462,-99.7705528333452,-42.306511498174,142.077064331519
12.3103263777421,910,917,137.585140484703,-111.989516665212,-47.1940970309208,159.183613696133
12.3124665596576,909,911,113.147212820969,-94.8829673005984,-37.4189259654272,132.301893266026
12.314606741573,908,912,122.922383886462,-94.8829673005984,-44.7503042645474,139.633271565146
12.3167469234885,912,916,122.922383886462,-114.433309431586,-34.9751331990538,149.408442630639
12.318887105404,910,917,137.585140484703,-111.989516665212,-47.1940970309208,159.183613696133
12.3210272873194,909,909,103.372041755475,-89.9953817678516,-32.5313404326804,122.526722200532
12.3231674692349,908,910,113.147212820969,-89.9953817678516,-39.8627187318006,129.858100499652
12.3253076511503,910,911,108.259627288222,-97.3267600669718,-32.5313404326804,129.858100499652
12.3274478330658,910,912,113.147212820969,-99.7705528333452,-34.9751331990538,134.745686032399
12.3295880149813,907,911,122.922383886462,-89.9953817678516,-47.1940970309208,137.189478798772
12.3317281968967,909,913,122.922383886462,-99.7705528333452,-42.306511498174,142.077064331519
12.3338683788122,909,916,137.585140484703,-107.101931132465,-49.6378897972942,156.73982092976
12.3360085607277,910,911,108.259627288222,-97.3267600669718,-32.5313404326804,129.858100499652
12.3381487426431,910,912,113.147212820969,-99.7705528333452,-34.9751331990538,134.745686032399
12.3402889245586,909,915,132.697554951956,-104.658138366092,-47.1940970309208,151.852235397013
12.3424291064741,908,910,113.147212820969,-89.9953817678516,-39.8627187318006,129.858100499652
12.3445692883895,909,910,108.259627288222,-92.439174534225,-34.9751331990538,127.414307733279
12.346709470305,911,913,113.147212820969,-104.658138366092,-32.5313404326804,137.189478798772
12.3488496522204,908,913,127.809969419209,-97.3267600669718,-47.1940970309208,144.520857097893
12.3509898341359,909,913,122.922383886462,-99.7705528333452,-42.306511498174,142.077064331519
12.3531300160514,909,914,127.809969419209,-102.214345599719,-44.7503042645474,146.964649864266
12.3552701979668,909,915,132.697554951956,-104.658138366092,-47.1940970309208,151.852235397013
12.3574103798823,908,910,113.147212820969,-89.9953817678516,-39.8627187318006,129.858100499652
12.3595505617978,909,911,113.147212820969,-94.8829673005984,-37.4189259654272,132.301893266026
12.3616907437132,907,913,132.697554951956,-94.8829673005984,-52.0816825636676,146.964649864266
12.3638309256287,908,910,113.147212820969,-89.9953817678516,-39.8627187318006,129.858100499652
12.3659711075441,908,910,113.147212820969,-89.9953817678516,-39.8627187318006,129.858100499652
12.3681112894596,910,916,132.697554951956,-109.545723898839,-44.7503042645474,154.296028163386
12.3702514713751,909,915,132.697554951956,-104.658138366092,-47.1940970309208,151.852235397013
12.3723916532905,910,911,108.259627288222,-97.3267600669718,-32.5313404326804,129.858100499652
12.374531835206,908,912,122.922383886462,-94.8829673005984,-44.7503042645474,139.633271565146
12.3766720171215,909,915,132.697554951956,-104.658138366092,-47.1940970309208,151.852235397013
12.3788121990369,910,914,122.922383886462,-104.658138366092,-39.8627187318006,144.520857097893
12.3809523809524,908,911,118.034798353715,-92.439174534225,-42.306511498174,134.745686032399
12.3830925628678,910,913,118.034798353715,-102.214345599719,-37.4189259654272,139.633271565146
12.3852327447833,909,915,132.697554951956,-104.658138366092,-47.1940970309208,151.852235397013
12.3873729266988,907,913,132.697554951956,-94.8829673005984,-52.0816825636676,146.964649864266
12.3895131086142,909,910,108.259627288222,-92.439174534225,-34.9751331990538,127.414307733279
12.3916532905297,909,913,122.922383886462,-99.7705528333452,-42.306511498174,142.077064331519
12.3937934724452,908,912,122.922383886462,-94.8829673005984,-44.7503042645474,139.633271565146
12.3959336543606,908,912,122.922383886462,-94.8829673005984,-44.7503042645474,139.633271565146
12.3980738362761,910,914,122.922383886462,-104.658138366092,-39.8627187318006,144.520857097893
12.4002140181915,910,913,118.034798353715,-102.214345599719,-37.4189259654272,139.633271565146
12.402354200107,909,912,118.034798353715,-97.3267600669718,-39.8627187318006,137.189478798772
12.4044943820225,910,912,113.147212820969,-99.7705528333452,-34.9751331990538,134.745686032399
12.4066345639379,909,915,132.697554951956,-104.658138366092,-47.1940970309208,151.852235397013
12.4087747458534,907,911,122.922383886462,-89.9953817678516,-47.1940970309208,137.189478798772
12.4109149277689,910,912,113.147212820969,-99.7705528333452,-34.9751331990538,134.745686032399
12.4130551096843,909,915,132.697554951956,-104.658138366092,-47.1940970309208,151.852235397013
12.4151952915998,907,913,132.697554951956,-94.8829673005984,-52.0816825636676,146.964649864266
12.4173354735152,907,912,127.809969419209,-92.439174534225,-49.6378897972942,142.077064331519
12.4194756554307,907,909,113.147212820969,-85.1077962351048,-42.306511498174,127.414307733279
12.4216158373462,909,916,137.585140484703,-107.101931132465,-49.6378897972942,156.73982092976
12.4237560192616,908,912,122.922383886462,-94.8829673005984,-44.7503042645474,139.633271565146
12.4258962011771,907,912,127.809969419209,-92.439174534225,-49.6378897972942,142.077064331519
12.4280363830926,909,912,118.034798353715,-97.3267600669718,-39.8627187318006,137.189478798772
12.430176565008,909,915,132.697554951956,-104.658138366092,-47.1940970309208,151.852235397013
12.4323167469235,907,909,113.147212820969,-85.1077962351048,-42.306511498174,127.414307733279
12.434456928839,908,910,113.147212820969,-89.9953817678516,-39.8627187318006,129.858100499652
12.4365971107544,909,912,118.034798353715,-97.3267600669718,-39.8627187318006,137.189478798772
12.4387372926699,911,914,118.034798353715,-107.101931132465,-34.9751331990538,142.077064331519
12.4408774745853,909,910,108.259627288222,-92.439174534225,-34.9751331990538,127.414307733279
12.4430176565008,910,915,127.809969419209,-107.101931132465,-42.306511498174,149.408442630639
12.4451578384163,909,912,118.034798353715,-97.3267600669718,-39.8627187318006,137.189478798772
12.4472980203317,908,909,108.259627288222,-87.5515890014782,-37.4189259654272,124.970514966905
12.4494382022472,909,914,127.809969419209,-102.214345599719,-44.7503042645474,146.964649864266
12.4515783841627,908,913,127.809969419209,-97.3267600669718,-47.1940970309208,144.520857097893
12.4537185660781,908,909,108.259627288222,-87.5515890014782,-37.4189259654272,124.970514966905
12.4558587479936,909,910,108.259627288222,-92.439174534225,-34.9751331990538,127.414307733279
12.457998929909,910,915,127.809969419209,-107.101931132465,-42.306511498174,149.408442630639
12.4601391118245,910,914,122.922383886462,-104.658138366092,-39.8627187318006,144.520857097893
12.46227929374,910,909,98.4844562227281,-92.439174534225,-27.6437548999335,120.082929434159
12.4644194756554,909,913,122.922383886462,-99.7705528333452,-42.306511498174,142.077064331519
12.4665596575709,909,916,137.585140484703,-107.101931132465,-49.6378897972942,156.73982092976
12.4686998394864,908,909,108.259627288222,-87.5515890014782,-37.4189259654272,124.970514966905
12.4708400214018,909,910,108.259627288222,-92.439174534225,-34.9751331990538,127.414307733279
12.4729802033173,909,913,122.922383886462,-99.7705528333452,-42.306511498174,142.077064331519
12.4751203852327,909,913,122.922383886462,-99.7705528333452,-42.306511498174,142.077064331519
12.4772605671482,908,910,113.147212820969,-89.9953817678516,-39.8627187318006,129.858100499652
12.4794007490637,908,913,127.809969419209,-97.3267600669718,-47.1940970309208,144.520857097893
12.4815409309791,909,915,132.697554951956,-104.658138366092,-47.1940970309208,151.852235397013
12.4836811128946,910,912,113.147212820969,-99.7705528333452,-34.9751331990538,134.745686032399
12.4858212948101,907,908,108.259627288222,-82.6640034687314,-39.8627187318006,122.526722200532
12.4879614767255,907,914,137.585140484703,-97.3267600669718,-54.525475330041,151.852235397013
12.490101658641,909,912,118.034798353715,-97.3267600669718,-39.8627187318006,137.189478798772
12.4922418405564,909,911,113.147212820969,-94.8829673005984,-37.4189259654272,132.301893266026
12.4943820224719,909,914,127.809969419209,-102.214345599719,-44.7503042645474,146.964649864266
12.4965222043874,908,915,137.585140484703,-102.214345599719,-52.0816825636676,154.296028163386
12.4986623863028,909,910,108.259627288222,-92.439174534225,-34.9751331990538,127.414307733279
12.5008025682183,911,912,108.259627288222,-102.214345599719,-30.0875476663069,132.301893266026
12.5029427501338,909,913,122.922383886462,-99.7705528333452,-42.306511498174,142.077064331519
12.5050829320492,907,911,122.922383886462,-89.9953817678516,-47.1940970309208,137.189478798772
12.5072231139647,908,910,113.147212820969,-89.9953817678516,-39.8627187318006,129.858100499652
12.5093632958801,910,915,127.809969419209,-107.101931132465,-42.306511498174,149.408442630639
12.5115034777956,910,916,132.697554951956,-109.545723898839,-44.7503042645474,154.296028163386
12.5136436597111,908,910,113.147212820969,-89.9953817678516,-39.8627187318006,129.858100499652
12.5157838416265,908,911,118.034798353715,-92.439174534225,-42.306511498174,134.745686032399
12.517924023542,909,915,132.697554951956,-104.658138366092,-47.1940970309208,151.852235397013
12.5200642054575,907,912,127.809969419209,-92.439174534225,-49.6378897972942,142.077064331519
12.5222043873729,906,907,108.259627288222,-77.7764179359846,-42.306511498174,120.082929434159
12.5243445692884,907,913,132.697554951956,-94.8829673005984,-52.0816825636676,146.964649864266
12.5264847512039,910,917,137.585140484703,-111.989516665212,-47.1940970309208,159.183613696133
12.5286249331193,908,910,113.147212820969,-89.9953817678516,-39.8627187318006,129.858100499652
12.5307651150348,910,911,108.259627288222,-97.3267600669718,-32.5313404326804,129.858100499652
12.5329052969502,910,915,127.809969419209,-107.101931132465,-42.306511498174,149.408442630639
12.5350454788657,910,913,118.034798353715,-102.214345599719,-37.4189259654272,139.633271565146
12.5371856607812,909,912,118.034798353715,-97.3267600669718,-39.8627187318006,137.189478798772
12.5393258426966,911,912,108.259627288222,-102.214345599719,-30.0875476663069,132.301893266026
12.5414660246121,912,917,127.809969419209,-116.877102197959,-37.4189259654272,154.296028163386
12.5436062065276,913,915,113.147212820969,-114.433309431586,-27.6437548999335,142.077064331519
12.545746388443,914,918,122.922383886462,-124.208480497079,-30.087547666307,154.296028163386
12.5478865703585,915,922,137.585140484703,-136.427444328946,-34.9751331990538,171.402577528
12.5500267522739,915,918,118.034798353715,-126.652273263453,-25.1999621335601,151.852235397013
12.5521669341894,915,915,103.372041755475,-119.320894964333,-17.8685838344399,137.189478798772
12.5543071161049,913,919,132.697554951956,-124.208480497079,-37.4189259654272,161.627406462507
12.5564472980203,911,918,137.585140484703,-116.877102197959,-44.7503042645474,161.627406462507
12.5585874799358,908,913,127.809969419209,-97.3267600669718,-47.1940970309208,144.520857097893
12.5607276618513,909,912,118.034798353715,-97.3267600669718,-39.8627187318006,137.189478798772
12.5628678437667,907,914,137.585140484703,-97.3267600669718,-54.525475330041,151.852235397013
12.5650080256822,905,907,113.147212820969,-75.3326251696111,-47.1940970309208,122.526722200532
12.5671482075976,906,908,113.147212820969,-80.220210702358,-44.7503042645474,124.970514966905
12.5692883895131,903,910,137.585140484703,-77.7764179359846,-64.3006463955347,142.077064331519
12.5714285714286,904,912,142.472726017449,-85.1077962351048,-64.3006463955347,149.408442630639
12.573568753344,903,905,113.147212820969,-65.5574541041175,-52.0816825636676,117.639136667785
12.5757089352595,904,906,113.147212820969,-70.4450396368643,-49.6378897972942,120.082929434159
12.577849117175,905,909,122.922383886462,-80.220210702358,-52.0816825636676,132.301893266026
12.5799892990904,908,910,113.147212820969,-89.9953817678516,-39.8627187318006,129.858100499652
12.5821294810059,907,908,108.259627288222,-82.6640034687314,-39.8627187318006,122.526722200532
12.5842696629213,909,912,118.034798353715,-97.3267600669718,-39.8627187318006,137.189478798772
12.5864098448368,907,913,132.697554951956,-94.8829673005984,-52.0816825636676,146.964649864266
12.5885500267523,909,910,108.259627288222,-92.439174534225,-34.9751331990538,127.414307733279
12.5906902086677,908,911,118.034798353715,-92.439174534225,-42.306511498174,134.745686032399
12.5928303905832,909,912,118.034798353715,-97.3267600669718,-39.8627187318006,137.189478798772
12.5949705724987,907,909,113.147212820969,-85.1077962351048,-42.306511498174,127.414307733279
12.5971107544141,908,911,118.034798353715,-92.439174534225,-42.306511498174,134.745686032399
12.5992509363296,909,911,113.147212820969,-94.8829673005984,-37.4189259654272,132.301893266026
12.6013911182451,908,912,122.922383886462,-94.8829673005984,-44.7503042645474,139.633271565146
12.6035313001605,907,910,118.034798353715,-87.5515890014782,-44.7503042645474,132.301893266026
12.605671482076,910,914,122.922383886462,-104.658138366092,-39.8627187318006,144.520857097893
12.6078116639914,907,913,132.697554951956,-94.8829673005984,-52.0816825636676,146.964649864266
12.6099518459069,907,909,113.147212820969,-85.1077962351048,-42.306511498174,127.414307733279
12.6120920278224,908,907,98.4844562227281,-82.6640034687314,-32.5313404326804,115.195343901412
12.6142322097378,909,913,122.922383886462,-99.7705528333452,-42.306511498174,142.077064331519
12.6163723916533,908,911,118.034798353715,-92.439174534225,-42.306511498174,134.745686032399
12.6185125735688,907,909,113.147212820969,-85.1077962351048,-42.306511498174,127.414307733279
12.6206527554842,908,913,127.809969419209,-97.3267600669718,-47.1940970309208,144.520857097893
12.6227929373997,907,913,132.697554951956,-94.8829673005984,-52.0816825636676,146.964649864266
12.6249331193151,908,908,103.372041755475,-85.1077962351048,-34.9751331990538,120.082929434159
12.6270733012306,906,907,108.259627288222,-77.7764179359846,-42.306511498174,120.082929434159
12.6292134831461,909,912,118.034798353715,-97.3267600669718,-39.8627187318006,137.189478798772
12.6313536650615,908,911,118.034798353715,-92.439174534225,-42.306511498174,134.745686032399
12.633493846977,908,908,103.372041755475,-85.1077962351048,-34.9751331990538,120.082929434159
12.6356340288925,909,911,113.147212820969,-94.8829673005984,-37.4189259654272,132.301893266026
12.6377742108079,909,914,127.809969419209,-102.214345599719,-44.7503042645474,146.964649864266
12.6399143927234,908,909,108.259627288222,-87.5515890014782,-37.4189259654272,124.970514966905
12.6420545746388,908,911,118.034798353715,-92.439174534225,-42.306511498174,134.745686032399
12.6441947565543,907,912,127.809969419209,-92.439174534225,-49.6378897972942,142.077064331519
12.6463349384698,906,909,118.034798353715,-82.6640034687314,-47.1940970309208,129.858100499652
12.6484751203852,907,909,113.147212820969,-85.1077962351048,-42.306511498174,127.414307733279
12.6506153023007,909,913,122.922383886462,-99.7705528333452,-42.306511498174,142.077064331519
12.6527554842162,907,913,132.697554951956,-94.8829673005984,-52.0816825636676,146.964649864266
12.6548956661316,908,909,108.259627288222,-87.5515890014782,-37.4189259654272,124.970514966905
12.6570358480471,908,911,118.034798353715,-92.439174534225,-42.306511498174,134.745686032399
12.6591760299625,909,913,122.922383886462,-99.7705528333452,-42.306511498174,142.077064331519
12.661316211878,907,909,113.147212820969,-85.1077962351048,-42.306511498174,127.414307733279
12.6634563937935,908,909,108.259627288222,-87.5515890014782,-37.4189259654272,124.970514966905
12.6655965757089,910,912,113.147212820969,-99.7705528333452,-34.9751331990538,134.745686032399
12.6677367576244,908,913,127.809969419209,-97.3267600669718,-47.1940970309208,144.520857097893
12.6698769395399,907,908,108.259627288222,-82.6640034687314,-39.8627187318006,122.526722200532
12.6720171214553,908,911,118.034798353715,-92.439174534225,-42.306511498174,134.745686032399
12.6741573033708,909,912,118.034798353715,-97.3267600669718,-39.8627187318006,137.189478798772
12.6762974852862,907,911,122.922383886462,-89.9953817678516,-47.1940970309208,137.189478798772
12.6784376672017,908,910,113.147212820969,-89.9953817678516,-39.8627187318006,129.858100499652
12.6805778491172,908,911,118.034798353715,-92.439174534225,-42.306511498174,134.745686032399
12.6827180310326,906,910,122.922383886462,-85.1077962351048,-49.6378897972942,134.745686032399
12.6848582129481,909,909,103.372041755475,-89.9953817678516,-32.5313404326804,122.526722200532
12.6869983948636,908,912,122.922383886462,-94.8829673005984,-44.7503042645474,139.633271565146
12.689138576779,908,914,132.697554951956,-99.7705528333452,-49.6378897972942,149.408442630639
12.6912787586945,908,909,108.259627288222,-87.5515890014782,-37.4189259654272,124.970514966905
12.69341894061,909,910,108.259627288222,-92.439174534225,-34.9751331990538,127.414307733279
12.6955591225254,908,912,122.922383886462,-94.8829673005984,-44.7503042645474,139.633271565146
12.6976993044409,908,911,118.034798353715,-92.439174534225,-42.306511498174,134.745686032399
12.6998394863563,909,909,103.372041755475,-89.9953817678516,-32.5313404326804,122.526722200532
12.7019796682718,909,912,118.034798353715,-97.3267600669718,-39.8627187318006,137.189478798772
12.7041198501873,910,910,103.372041755475,-94.8829673005984,-30.087547666307,124.970514966905
12.7062600321027,910,908,93.5968706899812,-89.9953817678516,-25.1999621335601,115.195343901412
12.7084002140182,910,910,103.372041755475,-94.8829673005984,-30.087547666307,124.970514966905
12.7105403959337,907,913,132.697554951956,-94.8829673005984,-52.0816825636676,146.964649864266
12.7126805778491,909,913,122.922383886462,-99.7705528333452,-42.306511498174,142.077064331519
12.7148207597646,907,907,103.372041755475,-80.220210702358,-37.4189259654272,117.639136667785
12.71696094168,909,911,113.147212820969,-94.8829673005984,-37.4189259654272,132.301893266026
12.7191011235955,910,911,108.259627288222,-97.3267600669718,-32.5313404326804,129.858100499652
12.721241305511,906,908,113.147212820969,-80.220210702358,-44.7503042645474,124.970514966905
12.7233814874264,906,908,113.147212820969,-80.220210702358,-44.7503042645474,124.970514966905
12.7255216693419,910,914,122.922383886462,-104.658138366092,-39.8627187318006,144.520857097893
12.7276618512574,908,910,113.147212820969,-89.9953817678516,-39.8627187318006,129.858100499652
12.7298020331728,907,910,118.034798353715,-87.5515890014782,-44.7503042645474,132.301893266026
12.7319422150883,910,911,108.259627288222,-97.3267600669718,-32.5313404326804,129.858100499652
12.7340823970037,908,911,118.034798353715,-92.439174534225,-42.306511498174,134.745686032399
12.7362225789192,907,908,108.259627288222,-82.6640034687314,-39.8627187318006,122.526722200532
12.7383627608347,909,909,103.372041755475,-89.9953817678516,-32.5313404326804,122.526722200532
12.7405029427501,909,913,122.922383886462,-99.7705528333452,-42.306511498174,142.077064331519
12.7426431246656,909,911,113.147212820969,-94.8829673005984,-37.4189259654272,132.301893266026
12.7447833065811,909,908,98.4844562227281,-87.5515890014782,-30.0875476663069,117.639136667785
12.7469234884965,910,914,122.922383886462,-104.658138366092,-39.8627187318006,144.520857097893
12.749063670412,909,913,122.922383886462,-99.7705528333452,-42.306511498174,142.077064331519
12.7512038523274,907,909,113.147212820969,-85.1077962351048,-42.306511498174,127.414307733279
12.7533440342429,909,908,98.4844562227281,-87.5515890014782,-30.0875476663069,117.639136667785
12.7554842161584,909,914,127.809969419209,-102.214345599719,-44.7503042645474,146.964649864266
12.7576243980738,907,910,118.034798353715,-87.5515890014782,-44.7503042645474,132.301893266026
12.7597645799893,910,910,103.372041755475,-94.8829673005984,-30.087547666307,124.970514966905
12.7619047619048,908,913,127.809969419209,-97.3267600669718,-47.1940970309208,144.520857097893
12.7640449438202,908,913,127.809969419209,-97.3267600669718,-47.1940970309208,144.520857097893
12.7661851257357,908,909,108.259627288222,-87.5515890014782,-37.4189259654272,124.970514966905
12.7683253076511,909,910,108.259627288222,-92.439174534225,-34.9751331990538,127.414307733279
12.7704654895666,909,912,118.034798353715,-97.3267600669718,-39.8627187318006,137.189478798772
12.7726056714821,908,909,108.259627288222,-87.5515890014782,-37.4189259654272,124.970514966905
12.7747458533975,909,908,98.4844562227281,-87.5515890014782,-30.0875476663069,117.639136667785
12.776886035313,909,912,118.034798353715,-97.3267600669718,-39.8627187318006,137.189478798772
12.7790262172285,909,913,122.922383886462,-99.7705528333452,-42.306511498174,142.077064331519
12.7811663991439,907,911,122.922383886462,-89.9953817678516,-47.1940970309208,137.189478798772
12.7833065810594,910,910,103.372041755475,-94.8829673005984,-30.087547666307,124.970514966905
12.7854467629749,909,913,122.922383886462,-99.7705528333452,-42.306511498174,142.077064331519
12.7875869448903,908,908,103.372041755475,-85.1077962351048,-34.9751331990538,120.082929434159
12.7897271268058,907,908,108.259627288222,-82.6640034687314,-39.8627187318006,122.526722200532
12.7918673087212,910,911,108.259627288222,-97.3267600669718,-32.5313404326804,129.858100499652
12.7940074906367,907,912,127.809969419209,-92.439174534225,-49.6378897972942,142.077064331519
12.7961476725522,906,907,108.259627288222,-77.7764179359846,-42.306511498174,120.082929434159
12.7982878544676,906,907,108.259627288222,-77.7764179359846,-42.306511498174,120.082929434159
12.8004280363831,908,908,103.372041755475,-85.1077962351048,-34.9751331990538,120.082929434159
12.8025682182986,908,906,93.5968706899812,-80.220210702358,-30.0875476663069,110.307758368665
12.804708400214,906,906,103.372041755475,-75.3326251696111,-39.8627187318006,115.195343901412
12.8068485821295,909,907,93.5968706899812,-85.1077962351048,-27.6437548999335,112.751551135038
12.8089887640449,907,908,108.259627288222,-82.6640034687314,-39.8627187318006,122.526722200532
12.8111289459604,907,904,88.7092851572344,-72.8888324032377,-30.0875476663069,102.976380069545
12.8132691278759,908,908,103.372041755475,-85.1077962351048,-34.9751331990538,120.082929434159
12.8154093097913,907,907,103.372041755475,-80.220210702358,-37.4189259654272,117.639136667785
12.8175494917068,906,906,103.372041755475,-75.3326251696111,-39.8627187318006,115.195343901412
12.8196896736223,905,904,98.4844562227281,-68.0012468704909,-39.8627187318006,107.863965602292
12.8218298555377,906,906,103.372041755475,-75.3326251696111,-39.8627187318006,115.195343901412
12.8239700374532,902,903,108.259627288222,-58.2260758049973,-52.0816825636676,110.307758368665
12.8261102193686,903,899,83.8216996244876,-50.8946975058771,-37.4189259654272,88.3136234713042
12.8282504012841,906,904,93.5968706899812,-70.4450396368643,-34.9751331990538,105.420172835918
12.8303905831996,908,907,98.4844562227281,-82.6640034687314,-32.5313404326804,115.195343901412
12.832530765115,906,902,83.8216996244876,-65.5574541041175,-30.0875476663069,95.6450017704245
12.8346709470305,905,901,83.8216996244876,-60.6698685713707,-32.5313404326804,93.201209004051
12.836811128946,906,902,83.8216996244876,-65.5574541041175,-30.0875476663069,95.6450017704245
12.8389513108614,905,902,88.7092851572344,-63.1136613377441,-34.9751331990538,98.0887945367979
12.8410914927769,905,896,59.3837719607535,-48.4509047395036,-20.3123766008133,68.763281340317
12.8432316746923,905,900,78.9341140917408,-58.2260758049973,-30.0875476663069,88.3136234713042
12.8453718566078,905,903,93.5968706899812,-65.5574541041175,-37.4189259654272,102.976380069545
12.8475120385233,906,899,69.1589430262472,-58.2260758049973,-22.7561693671867,80.982245172184
12.8496522204387,904,897,69.1589430262471,-48.4509047395036,-27.6437548999335,76.0946596394372
12.8517924023542,907,903,83.8216996244876,-70.4450396368643,-27.6437548999335,98.0887945367979
12.8539325842697,905,899,74.046528558994,-55.7822830386239,-27.6437548999335,83.4260379385574
12.8560727661851,903,899,83.8216996244876,-50.8946975058771,-37.4189259654272,88.3136234713042
12.8582129481006,906,899,69.1589430262472,-58.2260758049973,-22.7561693671867,80.982245172184
12.8603531300161,905,901,83.8216996244876,-60.6698685713707,-32.5313404326804,93.201209004051
12.8624933119315,904,896,64.2713574935003,-46.0071119731302,-25.1999621335601,71.2070741066904
12.864633493847,905,898,69.1589430262471,-53.3384902722505,-25.1999621335601,78.5384524058106
12.8667736757624,910,902,64.2713574935003,-75.3326251696111,-10.5372055353197,85.8698307049308
12.8689138576779,908,901,69.1589430262471,-68.0012468704909,-17.8685838344399,85.8698307049308
12.8710540395934,907,899,64.2713574935003,-60.6698685713707,-17.8685838344399,78.5384524058106
12.8731942215088,908,901,69.1589430262471,-68.0012468704909,-17.8685838344399,85.8698307049308
12.8753344034243,908,902,74.046528558994,-70.4450396368643,-20.3123766008133,90.7574162376776
12.8774745853398,906,899,69.1589430262472,-58.2260758049973,-22.7561693671867,80.982245172184
12.8796147672552,907,897,54.4961864280067,-55.7822830386239,-12.9809983016931,68.763281340317
12.8817549491707,909,900,59.3837719607535,-68.0012468704909,-10.5372055353197,78.5384524058106
12.8838951310861,908,898,54.4961864280067,-60.6698685713707,-10.5372055353197,71.2070741066904
12.8860353130016,907,897,54.4961864280067,-55.7822830386239,-12.9809983016931,68.763281340317
12.8881754949171,907,900,69.1589430262471,-63.1136613377441,-20.3123766008133,83.4260379385574
12.8903156768325,909,900,59.3837719607535,-68.0012468704909,-10.5372055353197,78.5384524058106
12.892455858748,906,894,44.7210153625131,-46.0071119731302,-10.5372055353197,56.5443175084499
12.8945960406635,905,895,54.4961864280067,-46.0071119731302,-17.8685838344399,63.8756958075701
12.8967362225789,907,897,54.4961864280067,-55.7822830386239,-12.9809983016931,68.763281340317
12.8988764044944,908,896,44.7210153625131,-55.7822830386239,-5.64962000257285,61.4319030411967
12.9010165864098,908,897,49.6086008952599,-58.2260758049973,-8.09341276894626,66.3194885739435
12.9031567683253,910,899,49.6086008952599,-68.0012468704909,-3.20582723619945,71.2070741066904
12.9052969502408,910,899,49.6086008952599,-68.0012468704909,-3.20582723619945,71.2070741066904
12.9074371321562,904,894,54.4961864280067,-41.1195264403834,-20.3123766008133,61.4319030411967
12.9095773140717,904,896,64.2713574935003,-46.0071119731302,-25.1999621335601,71.2070741066904
12.9117174959872,906,896,54.4961864280067,-50.894697505877,-15.4247910680665,66.3194885739435
12.9138576779026,905,894,49.6086008952599,-43.5633192067568,-15.4247910680665,58.9881102748233
12.9159978598181,904,891,39.8334298297662,-33.7881481412632,-12.9809983016931,46.7691464429563
12.9181380417335,903,896,69.1589430262471,-43.5633192067568,-30.0875476663069,73.6508668730638
12.920278223649,899,896,88.7092851572344,-33.7881481412632,-49.6378897972942,83.4260379385574
12.9224184055645,903,894,59.3837719607535,-38.67573367401,-25.1999621335601,63.8756958075701
12.9245585874799,904,894,54.4961864280067,-41.1195264403834,-20.3123766008133,61.4319030411967
12.9266987693954,908,896,44.7210153625131,-55.7822830386239,-5.64962000257285,61.4319030411967
12.9288389513109,908,891,20.283087698779,-43.5633192067568,6.56934382929419,36.9939753774626
12.9309791332263,909,892,20.283087698779,-48.4509047395036,9.0131365956676,39.437768143836
12.9331193151418,910,896,34.9458442970194,-60.6698685713707,4.12555106292078,56.5443175084499
12.9352594970572,908,896,44.7210153625131,-55.7822830386239,-5.64962000257285,61.4319030411967
12.9373996789727,909,894,30.0582587642726,-53.3384902722505,4.12555106292078,49.2129392093297
12.9395398608882,909,896,39.8334298297662,-58.2260758049973,-0.762034469826034,58.9881102748233
12.9416800428036,910,898,44.7210153625131,-65.5574541041175,-0.762034469826034,66.3194885739435
12.9438202247191,908,894,34.9458442970194,-50.894697505877,-0.762034469826034,51.6567319757031
12.9459604066346,909,893,25.1706732315258,-50.894697505877,6.56934382929419,44.3253536765829
12.94810058855,911,898,39.8334298297662,-68.0012468704909,4.12555106292078,63.8756958075701
12.9502407704655,909,896,39.8334298297662,-58.2260758049973,-0.762034469826034,58.9881102748233
12.952380952381,909,894,30.0582587642726,-53.3384902722505,4.12555106292078,49.2129392093297
12.9545211342964,909,897,44.721015362513,-60.6698685713707,-3.20582723619944,63.8756958075701
12.9566613162119,910,898,44.7210153625131,-65.5574541041175,-0.762034469826034,66.3194885739435
12.9588014981273,908,895,39.8334298297662,-53.3384902722505,-3.20582723619945,56.5443175084499
12.9609416800428,908,894,34.9458442970194,-50.894697505877,-0.762034469826034,51.6567319757031
12.9630818619583,910,898,44.7210153625131,-65.5574541041175,-0.762034469826034,66.3194885739435
12.9652220438737,909,898,49.6086008952599,-63.1136613377441,-5.64962000257285,68.763281340317
12.9673622257892,906,895,49.6086008952599,-48.4509047395036,-12.9809983016931,61.4319030411967
12.9695024077047,908,898,54.4961864280067,-60.6698685713707,-10.5372055353197,71.2070741066904
12.9716425896201,908,896,44.7210153625131,-55.7822830386239,-5.64962000257285,61.4319030411967
12.9737827715356,908,896,44.7210153625131,-55.7822830386239,-5.64962000257285,61.4319030411967
12.975922953451,909,898,49.6086008952599,-63.1136613377441,-5.64962000257285,68.763281340317
12.9780631353665,910,900,54.4961864280067,-70.4450396368643,-5.64962000257285,76.0946596394372
12.980203317282,909,897,44.721015362513,-60.6698685713707,-3.20582723619944,63.8756958075701
12.9823434991974,909,895,34.9458442970194,-55.7822830386239,1.68175829654737,54.1005247420765
12.9844836811129,906,899,69.1589430262472,-58.2260758049973,-22.7561693671867,80.982245172184
12.9866238630284,906,899,69.1589430262472,-58.2260758049973,-22.7561693671867,80.982245172184
12.9887640449438,904,895,59.3837719607535,-43.5633192067568,-22.7561693671867,66.3194885739435
12.9909042268593,904,895,59.3837719607535,-43.5633192067568,-22.7561693671867,66.3194885739435
12.9930444087747,907,902,78.9341140917408,-68.0012468704909,-25.1999621335601,93.201209004051
12.9951845906902,906,897,59.3837719607535,-53.3384902722505,-17.8685838344399,71.2070741066904
12.9973247726057,907,896,49.6086008952599,-53.3384902722505,-10.5372055353197,63.8756958075701
12.9994649545211,907,898,59.3837719607535,-58.2260758049973,-15.4247910680665,73.6508668730638
13.0016051364366,910,899,49.6086008952599,-68.0012468704909,-3.20582723619945,71.2070741066904
13.0037453183521,908,895,39.8334298297662,-53.3384902722505,-3.20582723619945,56.5443175084499
13.0058855002675,909,895,34.9458442970194,-55.7822830386239,1.68175829654737,54.1005247420765
13.008025682183,909,899,54.4961864280067,-65.5574541041175,-8.09341276894627,73.6508668730638
13.0101658640984,910,897,39.8334298297662,-63.1136613377441,1.68175829654738,61.4319030411967
13.0123060460139,910,895,30.0582587642726,-58.2260758049973,6.56934382929419,51.6567319757031
13.0144462279294,910,899,49.6086008952599,-68.0012468704909,-3.20582723619945,71.2070741066904
13.0165864098448,910,897,39.8334298297662,-63.1136613377441,1.68175829654738,61.4319030411967
13.0187265917603,910,896,34.9458442970194,-60.6698685713707,4.12555106292078,56.5443175084499
13.0208667736758,909,897,44.721015362513,-60.6698685713707,-3.20582723619944,63.8756958075701
13.0230069555912,908,897,49.6086008952599,-58.2260758049973,-8.09341276894626,66.3194885739435
13.0251471375067,910,896,34.9458442970194,-60.6698685713707,4.12555106292078,56.5443175084499
13.0272873194222,908,897,49.6086008952599,-58.2260758049973,-8.09341276894626,66.3194885739435
13.0294275013376,910,902,64.2713574935003,-75.3326251696111,-10.5372055353197,85.8698307049308
13.0315676832531,907,900,69.1589430262471,-63.1136613377441,-20.3123766008133,83.4260379385574
13.0337078651685,903,895,64.2713574935003,-41.1195264403834,-27.6437548999335,68.763281340317
13.035848047084,905,897,64.2713574935003,-50.894697505877,-22.7561693671867,73.6508668730638
13.0379882289995,907,898,59.3837719607535,-58.2260758049973,-15.4247910680665,73.6508668730638
13.0401284109149,904,893,49.6086008952599,-38.67573367401,-17.8685838344399,56.5443175084499
13.0422685928304,902,893,59.3837719607535,-33.7881481412632,-27.6437548999335,61.4319030411967
13.0444087747459,906,897,59.3837719607535,-53.3384902722505,-17.8685838344399,71.2070741066904
13.0465489566613,906,897,59.3837719607535,-53.3384902722505,-17.8685838344399,71.2070741066904
13.0486891385768,906,895,49.6086008952599,-48.4509047395036,-12.9809983016931,61.4319030411967
13.0508293204922,908,897,49.6086008952599,-58.2260758049973,-8.09341276894626,66.3194885739435
13.0529695024077,910,899,49.6086008952599,-68.0012468704909,-3.20582723619945,71.2070741066904
13.0551096843232,907,895,44.7210153625131,-50.8946975058771,-8.09341276894627,58.9881102748233
13.0572498662386,908,894,34.9458442970194,-50.894697505877,-0.762034469826034,51.6567319757031
13.0593900481541,909,898,49.6086008952599,-63.1136613377441,-5.64962000257285,68.763281340317
13.0615302300696,910,897,39.8334298297662,-63.1136613377441,1.68175829654738,61.4319030411967
13.063670411985,908,896,44.7210153625131,-55.7822830386239,-5.64962000257285,61.4319030411967
13.0658105939005,910,899,49.6086008952599,-68.0012468704909,-3.20582723619945,71.2070741066904
13.0679507758159,907,898,59.3837719607535,-58.2260758049973,-15.4247910680665,73.6508668730638
13.0700909577314,908,895,39.8334298297662,-53.3384902722505,-3.20582723619945,56.5443175084499
13.0722311396469,906,893,39.8334298297662,-43.5633192067568,-8.09341276894626,51.6567319757031
13.0743713215623,908,897,49.6086008952599,-58.2260758049973,-8.09341276894626,66.3194885739435
13.0765115034778,906,896,54.4961864280067,-50.894697505877,-15.4247910680665,66.3194885739435
13.0786516853933,907,895,44.7210153625131,-50.8946975058771,-8.09341276894627,58.9881102748233
13.0807918673087,908,899,59.3837719607535,-63.1136613377441,-12.9809983016931,76.0946596394372
13.0829320492242,908,900,64.2713574935003,-65.5574541041175,-15.4247910680665,80.982245172184
13.0850722311396,908,897,49.6086008952599,-58.2260758049973,-8.09341276894626,66.3194885739435
13.0872124130551,908,895,39.8334298297662,-53.3384902722505,-3.20582723619945,56.5443175084499
13.0893525949706,909,899,54.4961864280067,-65.5574541041175,-8.09341276894627,73.6508668730638
13.091492776886,907,895,44.7210153625131,-50.8946975058771,-8.09341276894627,58.9881102748233
13.0936329588015,907,893,34.9458442970194,-46.0071119731302,-3.20582723619944,49.2129392093297
13.095773140717,909,898,49.6086008952599,-63.1136613377441,-5.64962000257285,68.763281340317
13.0979133226324,909,902,69.1589430262471,-72.8888324032377,-15.4247910680665,88.3136234713042
13.1000535045479,908,895,39.8334298297662,-53.3384902722505,-3.20582723619945,56.5443175084499
13.1021936864633,909,895,34.9458442970194,-55.7822830386239,1.68175829654737,54.1005247420765
13.1043338683788,908,900,64.2713574935003,-65.5574541041175,-15.4247910680665,80.982245172184
13.1064740502943,909,897,44.721015362513,-60.6698685713707,-3.20582723619944,63.8756958075701
13.1086142322097,910,893,20.283087698779,-53.3384902722505,11.456929362041,41.8815609102094
13.1107544141252,909,898,49.6086008952599,-63.1136613377441,-5.64962000257285,68.763281340317
13.1128945960407,911,899,44.7210153625131,-70.4450396368643,1.68175829654737,68.763281340317
13.1150347779561,907,896,49.6086008952599,-53.3384902722505,-10.5372055353197,63.8756958075701
13.1171749598716,909,895,34.9458442970194,-55.7822830386239,1.68175829654737,54.1005247420765
13.1193151417871,911,900,49.6086008952599,-72.8888324032377,-0.762034469826034,73.6508668730638
13.1214553237025,908,898,54.4961864280067,-60.6698685713707,-10.5372055353197,71.2070741066904
13.123595505618,908,897,49.6086008952599,-58.2260758049973,-8.09341276894626,66.3194885739435
13.1257356875334,909,899,54.4961864280067,-65.5574541041175,-8.09341276894627,73.6508668730638
13.1278758694489,910,898,44.7210153625131,-65.5574541041175,-0.762034469826034,66.3194885739435
13.1300160513644,907,895,44.7210153625131,-50.8946975058771,-8.09341276894627,58.9881102748233
13.1321562332798,909,897,44.721015362513,-60.6698685713707,-3.20582723619944,63.8756958075701
13.1342964151953,909,900,59.3837719607535,-68.0012468704909,-10.5372055353197,78.5384524058106
13.1364365971108,907,896,49.6086008952599,-53.3384902722505,-10.5372055353197,63.8756958075701
13.1385767790262,907,895,44.7210153625131,-50.8946975058771,-8.09341276894627,58.9881102748233
13.1407169609417,909,900,59.3837719607535,-68.0012468704909,-10.5372055353197,78.5384524058106
13.1428571428571,908,898,54.4961864280067,-60.6698685713707,-10.5372055353197,71.2070741066904
13.1449973247726,907,894,39.8334298297662,-48.4509047395036,-5.64962000257285,54.1005247420765
13.1471375066881,906,898,64.2713574935003,-55.7822830386239,-20.3123766008133,76.0946596394372
13.1492776886035,908,900,64.2713574935003,-65.5574541041175,-15.4247910680665,80.982245172184
13.151417870519,907,896,49.6086008952599,-53.3384902722505,-10.5372055353197,63.8756958075701
13.1535580524345,907,894,39.8334298297662,-48.4509047395036,-5.64962000257285,54.1005247420765
13.1556982343499,908,897,49.6086008952599,-58.2260758049973,-8.09341276894626,66.3194885739435
13.1578384162654,908,899,59.3837719607535,-63.1136613377441,-12.9809983016931,76.0946596394372
13.1599785981808,906,896,54.4961864280067,-50.894697505877,-15.4247910680665,66.3194885739435
13.1621187800963,907,896,49.6086008952599,-53.3384902722505,-10.5372055353197,63.8756958075701
13.1642589620118,907,898,59.3837719607535,-58.2260758049973,-15.4247910680665,73.6508668730638
13.1663991439272,906,896,54.4961864280067,-50.894697505877,-15.4247910680665,66.3194885739435
13.1685393258427,906,895,49.6086008952599,-48.4509047395036,-12.9809983016931,61.4319030411967
13.1706795077582,908,899,59.3837719607535,-63.1136613377441,-12.9809983016931,76.0946596394372
13.1728196896736,907,899,64.2713574935003,-60.6698685713707,-17.8685838344399,78.5384524058106
13.1749598715891,907,895,44.7210153625131,-50.8946975058771,-8.09341276894627,58.9881102748233
13.1771000535045,908,898,54.4961864280067,-60.6698685713707,-10.5372055353197,71.2070741066904
13.17924023542,907,897,54.4961864280067,-55.7822830386239,-12.9809983016931,68.763281340317
13.1813804173355,907,894,39.8334298297662,-48.4509047395036,-5.64962000257285,54.1005247420765
13.1835205992509,906,893,39.8334298297662,-43.5633192067568,-8.09341276894626,51.6567319757031
13.1856607811664,908,897,49.6086008952599,-58.2260758049973,-8.09341276894626,66.3194885739435
13.1878009630819,909,896,39.8334298297662,-58.2260758049973,-0.762034469826034,58.9881102748233
13.1899411449973,906,895,49.6086008952599,-48.4509047395036,-12.9809983016931,61.4319030411967
13.1920813269128,908,897,49.6086008952599,-58.2260758049973,-8.09341276894626,66.3194885739435
13.1942215088283,907,900,69.1589430262471,-63.1136613377441,-20.3123766008133,83.4260379385574
13.1963616907437,907,893,34.9458442970194,-46.0071119731302,-3.20582723619944,49.2129392093297
13.1985018726592,906,893,39.8334298297662,-43.5633192067568,-8.09341276894626,51.6567319757031
13.2006420545746,908,897,49.6086008952599,-58.2260758049973,-8.09341276894626,66.3194885739435
13.2027822364901,907,896,49.6086008952599,-53.3384902722505,-10.5372055353197,63.8756958075701
13.2049224184056,907,896,49.6086008952599,-53.3384902722505,-10.5372055353197,63.8756958075701
13.207062600321,907,899,64.2713574935003,-60.6698685713707,-17.8685838344399,78.5384524058106
13.2092027822365,907,899,64.2713574935003,-60.6698685713707,-17.8685838344399,78.5384524058106
13.211342964152,907,896,49.6086008952599,-53.3384902722505,-10.5372055353197,63.8756958075701
13.2134831460674,908,895,39.8334298297662,-53.3384902722505,-3.20582723619945,56.5443175084499
13.2156233279829,907,897,54.4961864280067,-55.7822830386239,-12.9809983016931,68.763281340317
13.2177635098983,908,896,44.7210153625131,-55.7822830386239,-5.64962000257285,61.4319030411967
13.2199036918138,905,896,59.3837719607535,-48.4509047395036,-20.3123766008133,68.763281340317
13.2220438737293,909,899,54.4961864280067,-65.5574541041175,-8.09341276894627,73.6508668730638
13.2241840556447,908,898,54.4961864280067,-60.6698685713707,-10.5372055353197,71.2070741066904
13.2263242375602,908,896,44.7210153625131,-55.7822830386239,-5.64962000257285,61.4319030411967
13.2284644194757,907,897,54.4961864280067,-55.7822830386239,-12.9809983016931,68.763281340317
13.2306046013911,907,898,59.3837719607535,-58.2260758049973,-15.4247910680665,73.6508668730638
13.2327447833066,907,894,39.8334298297662,-48.4509047395036,-5.64962000257285,54.1005247420765
13.234884965222,907,893,34.9458442970194,-46.0071119731302,-3.20582723619944,49.2129392093297
13.2370251471375,906,899,69.1589430262472,-58.2260758049973,-22.7561693671867,80.982245172184
13.239165329053,907,898,59.3837719607535,-58.2260758049973,-15.4247910680665,73.6508668730638
13.2413055109684,908,895,39.8334298297662,-53.3384902722505,-3.20582723619945,56.5443175084499
13.2434456928839,908,897,49.6086008952599,-58.2260758049973,-8.09341276894626,66.3194885739435
13.2455858747994,908,897,49.6086008952599,-58.2260758049973,-8.09341276894626,66.3194885739435
13.2477260567148,906,893,39.8334298297662,-43.5633192067568,-8.09341276894626,51.6567319757031
13.2498662386303,907,893,34.9458442970194,-46.0071119731302,-3.20582723619944,49.2129392093297
13.2520064205457,909,898,49.6086008952599,-63.1136613377441,-5.64962000257285,68.763281340317
13.2541466024612,906,897,59.3837719607535,-53.3384902722505,-17.8685838344399,71.2070741066904
13.2562867843767,905,897,64.2713574935003,-50.894697505877,-22.7561693671867,73.6508668730638
13.2584269662921,907,896,49.6086008952599,-53.3384902722505,-10.5372055353197,63.8756958075701
13.2605671482076,909,898,49.6086008952599,-63.1136613377441,-5.64962000257285,68.763281340317
13.2627073301231,908,896,44.7210153625131,-55.7822830386239,-5.64962000257285,61.4319030411967
13.2648475120385,906,896,54.4961864280067,-50.894697505877,-15.4247910680665,66.3194885739435
13.266987693954,909,900,59.3837719607535,-68.0012468704909,-10.5372055353197,78.5384524058106
13.2691278758694,907,901,74.046528558994,-65.5574541041175,-22.7561693671867,88.3136234713042
13.2712680577849,910,897,39.8334298297662,-63.1136613377441,1.68175829654738,61.4319030411967
13.2734082397004,911,902,59.3837719607535,-77.7764179359846,-5.64962000257285,83.4260379385574
13.2755484216158,911,903,64.2713574935003,-80.220210702358,-8.09341276894627,88.3136234713042
13.2776886035313,912,902,54.4961864280067,-80.220210702358,-0.762034469826034,80.982245172184
13.2798287854468,914,901,39.8334298297662,-82.6640034687314,11.456929362041,71.2070741066904
13.2819689673622,915,906,59.3837719607535,-97.3267600669718,4.12555106292078,93.201209004051
13.2841091492777,913,901,44.721015362513,-80.220210702358,6.5693438292942,73.6508668730638
13.2862493311932,911,899,44.7210153625131,-70.4450396368643,1.68175829654737,68.763281340317
13.2883895131086,910,900,54.4961864280067,-70.4450396368643,-5.64962000257285,76.0946596394372
13.2905296950241,907,899,64.2713574935003,-60.6698685713707,-17.8685838344399,78.5384524058106
13.2926698769395,904,894,54.4961864280067,-41.1195264403834,-20.3123766008133,61.4319030411967
13.294810058855,904,893,49.6086008952599,-38.67573367401,-17.8685838344399,56.5443175084499
13.2969502407705,904,896,64.2713574935003,-46.0071119731302,-25.1999621335601,71.2070741066904
13.2990904226859,904,894,54.4961864280067,-41.1195264403834,-20.3123766008133,61.4319030411967
13.3012306046014,904,891,39.8334298297662,-33.7881481412632,-12.9809983016931,46.7691464429563
13.3033707865169,903,893,54.4961864280067,-36.2319409076366,-22.7561693671867,58.9881102748233
13.3055109684323,905,894,49.6086008952599,-43.5633192067568,-15.4247910680665,58.9881102748233
13.3076511503478,904,890,34.9458442970194,-31.3443553748898,-10.5372055353197,41.8815609102094
13.3097913322632,905,891,34.9458442970194,-36.2319409076366,-8.09341276894626,44.3253536765829
13.3119315141787,905,896,59.3837719607535,-48.4509047395036,-20.3123766008133,68.763281340317
13.3140716960942,907,894,39.8334298297662,-48.4509047395036,-5.64962000257285,54.1005247420765
13.3162118780096,909,893,25.1706732315258,-50.894697505877,6.56934382929419,44.3253536765829
13.3183520599251,907,897,54.4961864280067,-55.7822830386239,-12.9809983016931,68.763281340317
13.3204922418406,907,895,44.7210153625131,-50.8946975058771,-8.09341276894627,58.9881102748233
13.322632423756,906,893,39.8334298297662,-43.5633192067568,-8.09341276894626,51.6567319757031
13.3247726056715,906,891,30.0582587642726,-38.67573367401,-3.20582723619944,41.8815609102094
13.3269127875869,907,895,44.7210153625131,-50.8946975058771,-8.09341276894627,58.9881102748233
13.3290529695024,907,894,39.8334298297662,-48.4509047395036,-5.64962000257285,54.1005247420765
13.3311931514179,906,894,44.7210153625131,-46.0071119731302,-10.5372055353197,56.5443175084499
13.3333333333333,909,897,44.721015362513,-60.6698685713707,-3.20582723619944,63.8756958075701
13.3354735152488,906,897,59.3837719607535,-53.3384902722505,-17.8685838344399,71.2070741066904
13.3376136971643,905,893,44.7210153625131,-41.1195264403834,-12.9809983016931,54.1005247420765
13.3397538790797,905,895,54.4961864280067,-46.0071119731302,-17.8685838344399,63.8756958075701
13.3418940609952,906,895,49.6086008952599,-48.4509047395036,-12.9809983016931,61.4319030411967
13.3440342429106,908,893,30.0582587642726,-48.4509047395036,1.68175829654738,46.7691464429563
13.3461744248261,907,893,34.9458442970194,-46.0071119731302,-3.20582723619944,49.2129392093297
13.3483146067416,910,899,49.6086008952599,-68.0012468704909,-3.20582723619945,71.2070741066904
13.350454788657,908,899,59.3837719607535,-63.1136613377441,-12.9809983016931,76.0946596394372
13.3525949705725,905,894,49.6086008952599,-43.5633192067568,-15.4247910680665,58.9881102748233
13.354735152488,907,895,44.7210153625131,-50.8946975058771,-8.09341276894627,58.9881102748233
13.3568753344034,908,900,64.2713574935003,-65.5574541041175,-15.4247910680665,80.982245172184
13.3590155163189,906,894,44.7210153625131,-46.0071119731302,-10.5372055353197,56.5443175084499
13.3611556982344,907,893,34.9458442970194,-46.0071119731302,-3.20582723619944,49.2129392093297
13.3632958801498,907,898,59.3837719607535,-58.2260758049973,-15.4247910680665,73.6508668730638
13.3654360620653,908,899,59.3837719607535,-63.1136613377441,-12.9809983016931,76.0946596394372
13.3675762439807,906,894,44.7210153625131,-46.0071119731302,-10.5372055353197,56.5443175084499
13.3697164258962,905,896,59.3837719607535,-48.4509047395036,-20.3123766008133,68.763281340317
13.3718566078117,909,898,49.6086008952599,-63.1136613377441,-5.64962000257285,68.763281340317
13.3739967897271,905,895,54.4961864280067,-46.0071119731302,-17.8685838344399,63.8756958075701
13.3761369716426,905,894,49.6086008952599,-43.5633192067568,-15.4247910680665,58.9881102748233
13.3782771535581,908,896,44.7210153625131,-55.7822830386239,-5.64962000257285,61.4319030411967
13.3804173354735,906,897,59.3837719607535,-53.3384902722505,-17.8685838344399,71.2070741066904
13.382557517389,906,894,44.7210153625131,-46.0071119731302,-10.5372055353197,56.5443175084499
13.3846976993044,908,897,49.6086008952599,-58.2260758049973,-8.09341276894626,66.3194885739435
13.3868378812199,907,898,59.3837719607535,-58.2260758049973,-15.4247910680665,73.6508668730638
13.3889780631354,907,896,49.6086008952599,-53.3384902722505,-10.5372055353197,63.8756958075701
13.3911182450508,906,893,39.8334298297662,-43.5633192067568,-8.09341276894626,51.6567319757031
13.3932584269663,907,898,59.3837719607535,-58.2260758049973,-15.4247910680665,73.6508668730638
13.3953986088818,906,897,59.3837719607535,-53.3384902722505,-17.8685838344399,71.2070741066904
13.3975387907972,904,894,54.4961864280067,-41.1195264403834,-20.3123766008133,61.4319030411967
13.3996789727127,906,898,64.2713574935003,-55.7822830386239,-20.3123766008133,76.0946596394372
13.4018191546281,908,899,59.3837719607535,-63.1136613377441,-12.9809983016931,76.0946596394372
13.4039593365436,908,895,39.8334298297662,-53.3384902722505,-3.20582723619945,56.5443175084499
13.4060995184591,906,893,39.8334298297662,-43.5633192067568,-8.09341276894626,51.6567319757031
13.4082397003745,907,898,59.3837719607535,-58.2260758049973,-15.4247910680665,73.6508668730638
13.41037988229,908,895,39.8334298297662,-53.3384902722505,-3.20582723619945,56.5443175084499
13.4125200642055,907,893,34.9458442970194,-46.0071119731302,-3.20582723619944,49.2129392093297
13.4146602461209,906,896,54.4961864280067,-50.894697505877,-15.4247910680665,66.3194885739435
13.4168004280364,909,899,54.4961864280067,-65.5574541041175,-8.09341276894627,73.6508668730638
13.4189406099518,905,896,59.3837719607535,-48.4509047395036,-20.3123766008133,68.763281340317
13.4210807918673,907,898,59.3837719607535,-58.2260758049973,-15.4247910680665,73.6508668730638
13.4232209737828,910,900,54.4961864280067,-70.4450396368643,-5.64962000257285,76.0946596394372
13.4253611556982,907,895,44.7210153625131,-50.8946975058771,-8.09341276894627,58.9881102748233
13.4275013376137,907,894,39.8334298297662,-48.4509047395036,-5.64962000257285,54.1005247420765
13.4296415195292,906,898,64.2713574935003,-55.7822830386239,-20.3123766008133,76.0946596394372
13.4317817014446,906,897,59.3837719607535,-53.3384902722505,-17.8685838344399,71.2070741066904
13.4339218833601,906,893,39.8334298297662,-43.5633192067568,-8.09341276894626,51.6567319757031
13.4360620652755,905,894,49.6086008952599,-43.5633192067568,-15.4247910680665,58.9881102748233
13.438202247191,907,897,54.4961864280067,-55.7822830386239,-12.9809983016931,68.763281340317
13.4403424291065,906,897,59.3837719607535,-53.3384902722505,-17.8685838344399,71.2070741066904
13.4424826110219,907,895,44.7210153625131,-50.8946975058771,-8.09341276894627,58.9881102748233
13.4446227929374,908,899,59.3837719607535,-63.1136613377441,-12.9809983016931,76.0946596394372
13.4467629748529,907,898,59.3837719607535,-58.2260758049973,-15.4247910680665,73.6508668730638
13.4489031567683,908,893,30.0582587642726,-48.4509047395036,1.68175829654738,46.7691464429563
13.4510433386838,908,894,34.9458442970194,-50.894697505877,-0.762034469826034,51.6567319757031
13.4531835205993,909,899,54.4961864280067,-65.5574541041175,-8.09341276894627,73.6508668730638
13.4553237025147,908,895,39.8334298297662,-53.3384902722505,-3.20582723619945,56.5443175084499
13.4574638844302,908,894,34.9458442970194,-50.894697505877,-0.762034469826034,51.6567319757031
13.4596040663456,909,900,59.3837719607535,-68.0012468704909,-10.5372055353197,78.5384524058106
13.4617442482611,912,899,39.8334298297662,-72.8888324032377,6.56934382929419,66.3194885739435
13.4638844301766,908,895,39.8334298297662,-53.3384902722505,-3.20582723619945,56.5443175084499
13.466024612092,909,897,44.721015362513,-60.6698685713707,-3.20582723619944,63.8756958075701
13.4681647940075,909,898,49.6086008952599,-63.1136613377441,-5.64962000257285,68.763281340317
13.470304975923,908,897,49.6086008952599,-58.2260758049973,-8.09341276894626,66.3194885739435
13.4724451578384,907,896,49.6086008952599,-53.3384902722505,-10.5372055353197,63.8756958075701
13.4745853397539,909,900,59.3837719607535,-68.0012468704909,-10.5372055353197,78.5384524058106
13.4767255216693,911,901,54.4961864280067,-75.3326251696111,-3.20582723619944,78.5384524058106
13.4788657035848,906,896,54.4961864280067,-50.894697505877,-15.4247910680665,66.3194885739435
13.4810058855003,907,899,64.2713574935003,-60.6698685713707,-17.8685838344399,78.5384524058106
13.4831460674157,909,899,54.4961864280067,-65.5574541041175,-8.09341276894627,73.6508668730638
13.4852862493312,908,895,39.8334298297662,-53.3384902722505,-3.20582723619945,56.5443175084499
13.4874264312467,908,895,39.8334298297662,-53.3384902722505,-3.20582723619945,56.5443175084499
13.4895666131621,911,898,39.8334298297662,-68.0012468704909,4.12555106292078,63.8756958075701
13.4917067950776,909,899,54.4961864280067,-65.5574541041175,-8.09341276894627,73.6508668730638
13.493846976993,908,896,44.7210153625131,-55.7822830386239,-5.64962000257285,61.4319030411967
13.4959871589085,911,897,34.9458442970194,-65.5574541041175,6.5693438292942,58.9881102748233
13.498127340824,909,900,59.3837719607535,-68.0012468704909,-10.5372055353197,78.5384524058106
13.5002675227394,909,895,34.9458442970194,-55.7822830386239,1.68175829654737,54.1005247420765
13.5024077046549,908,896,44.7210153625131,-55.7822830386239,-5.64962000257285,61.4319030411967
13.5045478865704,909,899,54.4961864280067,-65.5574541041175,-8.09341276894627,73.6508668730638
13.5066880684858,909,900,59.3837719607535,-68.0012468704909,-10.5372055353197,78.5384524058106
13.5088282504013,909,894,30.0582587642726,-53.3384902722505,4.12555106292078,49.2129392093297
13.5109684323167,907,897,54.4961864280067,-55.7822830386239,-12.9809983016931,68.763281340317
13.5131086142322,910,899,49.6086008952599,-68.0012468704909,-3.20582723619945,71.2070741066904
13.5152487961477,907,896,49.6086008952599,-53.3384902722505,-10.5372055353197,63.8756958075701
13.5173889780631,909,897,44.721015362513,-60.6698685713707,-3.20582723619944,63.8756958075701
13.5195291599786,908,897,49.6086008952599,-58.2260758049973,-8.09341276894626,66.3194885739435
13.5216693418941,908,894,34.9458442970194,-50.894697505877,-0.762034469826034,51.6567319757031
13.5238095238095,908,894,34.9458442970194,-50.894697505877,-0.762034469826034,51.6567319757031
13.525949705725,907,898,59.3837719607535,-58.2260758049973,-15.4247910680665,73.6508668730638
13.5280898876404,907,897,54.4961864280067,-55.7822830386239,-12.9809983016931,68.763281340317
13.5302300695559,908,896,44.7210153625131,-55.7822830386239,-5.64962000257285,61.4319030411967
13.5323702514714,908,894,34.9458442970194,-50.894697505877,-0.762034469826034,51.6567319757031
13.5345104333868,908,897,49.6086008952599,-58.2260758049973,-8.09341276894626,66.3194885739435
13.5366506153023,907,896,49.6086008952599,-53.3384902722505,-10.5372055353197,63.8756958075701
13.5387907972178,905,892,39.8334298297662,-38.67573367401,-10.5372055353197,49.2129392093297
13.5409309791332,906,897,59.3837719607535,-53.3384902722505,-17.8685838344399,71.2070741066904
13.5430711610487,908,898,54.4961864280067,-60.6698685713707,-10.5372055353197,71.2070741066904
13.5452113429642,906,894,44.7210153625131,-46.0071119731302,-10.5372055353197,56.5443175084499
13.5473515248796,906,894,44.7210153625131,-46.0071119731302,-10.5372055353197,56.5443175084499
13.5494917067951,908,897,49.6086008952599,-58.2260758049973,-8.09341276894626,66.3194885739435
13.5516318887105,907,896,49.6086008952599,-53.3384902722505,-10.5372055353197,63.8756958075701
13.553772070626,906,891,30.0582587642726,-38.67573367401,-3.20582723619944,41.8815609102094
13.5559122525415,907,897,54.4961864280067,-55.7822830386239,-12.9809983016931,68.763281340317
13.5580524344569,907,897,54.4961864280067,-55.7822830386239,-12.9809983016931,68.763281340317
13.5601926163724,905,895,54.4961864280067,-46.0071119731302,-17.8685838344399,63.8756958075701
13.5623327982879,908,895,39.8334298297662,-53.3384902722505,-3.20582723619945,56.5443175084499
13.5644729802033,907,898,59.3837719607535,-58.2260758049973,-15.4247910680665,73.6508668730638
13.5666131621188,907,896,49.6086008952599,-53.3384902722505,-10.5372055353197,63.8756958075701
13.5687533440342,908,894,34.9458442970194,-50.894697505877,-0.762034469826034,51.6567319757031
13.5708935259497,906,897,59.3837719607535,-53.3384902722505,-17.8685838344399,71.2070741066904
13.5730337078652,908,896,44.7210153625131,-55.7822830386239,-5.64962000257285,61.4319030411967
13.5751738897806,906,892,34.9458442970194,-41.1195264403834,-5.64962000257285,46.7691464429563
13.5773140716961,907,894,39.8334298297662,-48.4509047395036,-5.64962000257285,54.1005247420765
13.5794542536116,908,898,54.4961864280067,-60.6698685713707,-10.5372055353197,71.2070741066904
13.581594435527,906,893,39.8334298297662,-43.5633192067568,-8.09341276894626,51.6567319757031
13.5837346174425,906,894,44.7210153625131,-46.0071119731302,-10.5372055353197,56.5443175084499
13.5858747993579,907,898,59.3837719607535,-58.2260758049973,-15.4247910680665,73.6508668730638
13.5880149812734,907,897,54.4961864280067,-55.7822830386239,-12.9809983016931,68.763281340317
13.5901551631889,906,893,39.8334298297662,-43.5633192067568,-8.09341276894626,51.6567319757031
13.5922953451043,907,893,34.9458442970194,-46.0071119731302,-3.20582723619944,49.2129392093297
13.5944355270198,906,896,54.4961864280067,-50.894697505877,-15.4247910680665,66.3194885739435
13.5965757089353,907,893,34.9458442970194,-46.0071119731302,-3.20582723619944,49.2129392093297
13.5987158908507,906,894,44.7210153625131,-46.0071119731302,-10.5372055353197,56.5443175084499
13.6008560727662,908,897,49.6086008952599,-58.2260758049973,-8.09341276894626,66.3194885739435
13.6029962546816,909,897,44.721015362513,-60.6698685713707,-3.20582723619944,63.8756958075701
13.6051364365971,907,894,39.8334298297662,-48.4509047395036,-5.64962000257285,54.1005247420765
13.6072766185126,907,897,54.4961864280067,-55.7822830386239,-12.9809983016931,68.763281340317
13.609416800428,908,897,49.6086008952599,-58.2260758049973,-8.09341276894626,66.3194885739435
13.6115569823435,905,893,44.7210153625131,-41.1195264403834,-12.9809983016931,54.1005247420765
13.613697164259,908,894,34.9458442970194,-50.894697505877,-0.762034469826034,51.6567319757031
13.6158373461744,909,898,49.6086008952599,-63.1136613377441,-5.64962000257285,68.763281340317
13.6179775280899,909,898,49.6086008952599,-63.1136613377441,-5.64962000257285,68.763281340317
13.6201177100054,907,894,39.8334298297662,-48.4509047395036,-5.64962000257285,54.1005247420765
13.6222578919208,908,898,54.4961864280067,-60.6698685713707,-10.5372055353197,71.2070741066904
13.6243980738363,909,898,49.6086008952599,-63.1136613377441,-5.64962000257285,68.763281340317
13.6265382557517,907,893,34.9458442970194,-46.0071119731302,-3.20582723619944,49.2129392093297
13.6286784376672,907,893,34.9458442970194,-46.0071119731302,-3.20582723619944,49.2129392093297
13.6308186195827,907,898,59.3837719607535,-58.2260758049973,-15.4247910680665,73.6508668730638
13.6329588014981,909,898,49.6086008952599,-63.1136613377441,-5.64962000257285,68.763281340317
13.6350989834136,907,893,34.9458442970194,-46.0071119731302,-3.20582723619944,49.2129392093297
13.6372391653291,908,896,44.7210153625131,-55.7822830386239,-5.64962000257285,61.4319030411967
13.6393793472445,908,899,59.3837719607535,-63.1136613377441,-12.9809983016931,76.0946596394372
13.64151952916,907,894,39.8334298297662,-48.4509047395036,-5.64962000257285,54.1005247420765
13.6436597110754,905,894,49.6086008952599,-43.5633192067568,-15.4247910680665,58.9881102748233
13.6457998929909,907,896,49.6086008952599,-53.3384902722505,-10.5372055353197,63.8756958075701
13.6479400749064,907,895,44.7210153625131,-50.8946975058771,-8.09341276894627,58.9881102748233
13.6500802568218,908,893,30.0582587642726,-48.4509047395036,1.68175829654738,46.7691464429563
13.6522204387373,908,897,49.6086008952599,-58.2260758049973,-8.09341276894626,66.3194885739435
13.6543606206528,908,897,49.6086008952599,-58.2260758049973,-8.09341276894626,66.3194885739435
13.6565008025682,907,897,54.4961864280067,-55.7822830386239,-12.9809983016931,68.763281340317
13.6586409844837,908,894,34.9458442970194,-50.894697505877,-0.762034469826034,51.6567319757031
13.6607811663991,907,898,59.3837719607535,-58.2260758049973,-15.4247910680665,73.6508668730638
13.6629213483146,905,894,49.6086008952599,-43.5633192067568,-15.4247910680665,58.9881102748233
13.6650615302301,907,893,34.9458442970194,-46.0071119731302,-3.20582723619944,49.2129392093297
13.6672017121455,908,898,54.4961864280067,-60.6698685713707,-10.5372055353197,71.2070741066904
13.669341894061,907,899,64.2713574935003,-60.6698685713707,-17.8685838344399,78.5384524058106
13.6714820759765,906,893,39.8334298297662,-43.5633192067568,-8.09341276894626,51.6567319757031
13.6736222578919,907,896,49.6086008952599,-53.3384902722505,-10.5372055353197,63.8756958075701
13.6757624398074,907,900,69.1589430262471,-63.1136613377441,-20.3123766008133,83.4260379385574
13.6779026217228,906,895,49.6086008952599,-48.4509047395036,-12.9809983016931,61.4319030411967
13.6800428036383,905,893,44.7210153625131,-41.1195264403834,-12.9809983016931,54.1005247420765
13.6821829855538,908,898,54.4961864280067,-60.6698685713707,-10.5372055353197,71.2070741066904
13.6843231674692,906,899,69.1589430262472,-58.2260758049973,-22.7561693671867,80.982245172184
13.6864633493847,905,896,59.3837719607535,-48.4509047395036,-20.3123766008133,68.763281340317
13.6886035313002,907,896,49.6086008952599,-53.3384902722505,-10.5372055353197,63.8756958075701
13.6907437132156,909,899,54.4961864280067,-65.5574541041175,-8.09341276894627,73.6508668730638
13.6928838951311,907,896,49.6086008952599,-53.3384902722505,-10.5372055353197,63.8756958075701
13.6950240770465,907,895,44.7210153625131,-50.8946975058771,-8.09341276894627,58.9881102748233
13.697164258962,907,897,54.4961864280067,-55.7822830386239,-12.9809983016931,68.763281340317
13.6993044408775,908,897,49.6086008952599,-58.2260758049973,-8.09341276894626,66.3194885739435
13.7014446227929,906,895,49.6086008952599,-48.4509047395036,-12.9809983016931,61.4319030411967
13.7035848047084,907,897,54.4961864280067,-55.7822830386239,-12.9809983016931,68.763281340317
13.7057249866239,908,897,49.6086008952599,-58.2260758049973,-8.09341276894626,66.3194885739435
13.7078651685393,906,896,54.4961864280067,-50.894697505877,-15.4247910680665,66.3194885739435
13.7100053504548,906,895,49.6086008952599,-48.4509047395036,-12.9809983016931,61.4319030411967
13.7121455323703,909,899,54.4961864280067,-65.5574541041175,-8.09341276894627,73.6508668730638
13.7142857142857,907,897,54.4961864280067,-55.7822830386239,-12.9809983016931,68.763281340317
13.7164258962012,906,893,39.8334298297662,-43.5633192067568,-8.09341276894626,51.6567319757031
13.7185660781166,907,898,59.3837719607535,-58.2260758049973,-15.4247910680665,73.6508668730638
13.7207062600321,908,899,59.3837719607535,-63.1136613377441,-12.9809983016931,76.0946596394372
13.7228464419476,905,895,54.4961864280067,-46.0071119731302,-17.8685838344399,63.8756958075701
13.724986623863,907,895,44.7210153625131,-50.8946975058771,-8.09341276894627,58.9881102748233
13.7271268057785,908,900,64.2713574935003,-65.5574541041175,-15.4247910680665,80.982245172184
13.729266987694,909,898,49.6086008952599,-63.1136613377441,-5.64962000257285,68.763281340317
13.7314071696094,905,894,49.6086008952599,-43.5633192067568,-15.4247910680665,58.9881102748233
13.7335473515249,906,895,49.6086008952599,-48.4509047395036,-12.9809983016931,61.4319030411967
13.7356875334403,908,897,49.6086008952599,-58.2260758049973,-8.09341276894626,66.3194885739435
13.7378277153558,905,893,44.7210153625131,-41.1195264403834,-12.9809983016931,54.1005247420765
13.7399678972713,904,894,54.4961864280067,-41.1195264403834,-20.3123766008133,61.4319030411967
13.7421080791867,907,900,69.1589430262471,-63.1136613377441,-20.3123766008133,83.4260379385574
13.7442482611022,908,899,59.3837719607535,-63.1136613377441,-12.9809983016931,76.0946596394372
13.7463884430177,907,893,34.9458442970194,-46.0071119731302,-3.20582723619944,49.2129392093297
13.7485286249331,909,896,39.8334298297662,-58.2260758049973,-0.762034469826034,58.9881102748233
13.7506688068486,907,897,54.4961864280067,-55.7822830386239,-12.9809983016931,68.763281340317
13.752808988764,908,894,34.9458442970194,-50.894697505877,-0.762034469826034,51.6567319757031
13.7549491706795,908,892,25.1706732315258,-46.0071119731302,4.12555106292078,41.8815609102094
13.757089352595,907,897,54.4961864280067,-55.7822830386239,-12.9809983016931,68.763281340317
13.7592295345104,908,895,39.8334298297662,-53.3384902722505,-3.20582723619945,56.5443175084499
13.7613697164259,908,894,34.9458442970194,-50.894697505877,-0.762034469826034,51.6567319757031
13.7635098983414,908,898,54.4961864280067,-60.6698685713707,-10.5372055353197,71.2070741066904
13.7656500802568,907,897,54.4961864280067,-55.7822830386239,-12.9809983016931,68.763281340317
13.7677902621723,908,892,25.1706732315258,-46.0071119731302,4.12555106292078,41.8815609102094
13.7699304440877,905,894,49.6086008952599,-43.5633192067568,-15.4247910680665,58.9881102748233
13.7720706260032,906,898,64.2713574935003,-55.7822830386239,-20.3123766008133,76.0946596394372
13.7742108079187,908,896,44.7210153625131,-55.7822830386239,-5.64962000257285,61.4319030411967
13.7763509898341,905,894,49.6086008952599,-43.5633192067568,-15.4247910680665,58.9881102748233
13.7784911717496,909,897,44.721015362513,-60.6698685713707,-3.20582723619944,63.8756958075701
13.7806313536651,909,900,59.3837719607535,-68.0012468704909,-10.5372055353197,78.5384524058106
13.7827715355805,906,894,44.7210153625131,-46.0071119731302,-10.5372055353197,56.5443175084499
13.784911717496,906,892,34.9458442970194,-41.1195264403834,-5.64962000257285,46.7691464429563
13.7870518994115,907,897,54.4961864280067,-55.7822830386239,-12.9809983016931,68.763281340317
13.7891920813269,905,896,59.3837719607535,-48.4509047395036,-20.3123766008133,68.763281340317
13.7913322632424,906,896,54.4961864280067,-50.894697505877,-15.4247910680665,66.3194885739435
13.7934724451578,908,897,49.6086008952599,-58.2260758049973,-8.09341276894626,66.3194885739435
13.7956126270733,909,899,54.4961864280067,-65.5574541041175,-8.09341276894627,73.6508668730638
13.7977528089888,907,898,59.3837719607535,-58.2260758049973,-15.4247910680665,73.6508668730638
13.7998929909042,906,896,54.4961864280067,-50.894697505877,-15.4247910680665,66.3194885739435
13.8020331728197,908,899,59.3837719607535,-63.1136613377441,-12.9809983016931,76.0946596394372
13.8041733547352,905,894,49.6086008952599,-43.5633192067568,-15.4247910680665,58.9881102748233
13.8063135366506,907,897,54.4961864280067,-55.7822830386239,-12.9809983016931,68.763281340317
13.8084537185661,909,901,64.2713574935003,-70.4450396368643,-12.9809983016931,83.4260379385574
13.8105939004815,909,901,64.2713574935003,-70.4450396368643,-12.9809983016931,83.4260379385574
13.812734082397,909,897,44.721015362513,-60.6698685713707,-3.20582723619944,63.8756958075701
13.8148742643125,907,900,69.1589430262471,-63.1136613377441,-20.3123766008133,83.4260379385574
13.8170144462279,908,900,64.2713574935003,-65.5574541041175,-15.4247910680665,80.982245172184
13.8191546281434,906,895,49.6086008952599,-48.4509047395036,-12.9809983016931,61.4319030411967
13.8212948100589,905,895,54.4961864280067,-46.0071119731302,-17.8685838344399,63.8756958075701
13.8234349919743,906,898,64.2713574935003,-55.7822830386239,-20.3123766008133,76.0946596394372
13.8255751738898,907,898,59.3837719607535,-58.2260758049973,-15.4247910680665,73.6508668730638
13.8277153558052,904,895,59.3837719607535,-43.5633192067568,-22.7561693671867,66.3194885739435
13.8298555377207,906,898,64.2713574935003,-55.7822830386239,-20.3123766008133,76.0946596394372
13.8319957196362,907,899,64.2713574935003,-60.6698685713707,-17.8685838344399,78.5384524058106
13.8341359015516,905,896,59.3837719607535,-48.4509047395036,-20.3123766008133,68.763281340317
13.8362760834671,907,896,49.6086008952599,-53.3384902722505,-10.5372055353197,63.8756958075701
13.8384162653826,909,899,54.4961864280067,-65.5574541041175,-8.09341276894627,73.6508668730638
13.840556447298,908,899,59.3837719607535,-63.1136613377441,-12.9809983016931,76.0946596394372
13.8426966292135,906,891,30.0582587642726,-38.67573367401,-3.20582723619944,41.8815609102094
13.8448368111289,906,896,54.4961864280067,-50.894697505877,-15.4247910680665,66.3194885739435
13.8469769930444,908,899,59.3837719607535,-63.1136613377441,-12.9809983016931,76.0946596394372
13.8491171749599,907,894,39.8334298297662,-48.4509047395036,-5.64962000257285,54.1005247420765
13.8512573568753,905,895,54.4961864280067,-46.0071119731302,-17.8685838344399,63.8756958075701
13.8533975387908,908,898,54.4961864280067,-60.6698685713707,-10.5372055353197,71.2070741066904
13.8555377207063,908,898,54.4961864280067,-60.6698685713707,-10.5372055353197,71.2070741066904
13.8576779026217,907,894,39.8334298297662,-48.4509047395036,-5.64962000257285,54.1005247420765
13.8598180845372,905,896,59.3837719607535,-48.4509047395036,-20.3123766008133,68.763281340317
13.8619582664526,909,896,39.8334298297662,-58.2260758049973,-0.762034469826034,58.9881102748233
13.8640984483681,905,895,54.4961864280067,-46.0071119731302,-17.8685838344399,63.8756958075701
13.8662386302836,906,895,49.6086008952599,-48.4509047395036,-12.9809983016931,61.4319030411967
13.868378812199,906,899,69.1589430262472,-58.2260758049973,-22.7561693671867,80.982245172184
13.8705189941145,908,894,34.9458442970194,-50.894697505877,-0.762034469826034,51.6567319757031
13.87265917603,905,893,44.7210153625131,-41.1195264403834,-12.9809983016931,54.1005247420765
13.8747993579454,907,897,54.4961864280067,-55.7822830386239,-12.9809983016931,68.763281340317
13.8769395398609,908,896,44.7210153625131,-55.7822830386239,-5.64962000257285,61.4319030411967
13.8790797217764,906,892,34.9458442970194,-41.1195264403834,-5.64962000257285,46.7691464429563
13.8812199036918,908,894,34.9458442970194,-50.894697505877,-0.762034469826034,51.6567319757031
13.8833600856073,909,898,49.6086008952599,-63.1136613377441,-5.64962000257285,68.763281340317
13.8855002675227,907,896,49.6086008952599,-53.3384902722505,-10.5372055353197,63.8756958075701
13.8876404494382,907,895,44.7210153625131,-50.8946975058771,-8.09341276894627,58.9881102748233
13.8897806313537,907,895,44.7210153625131,-50.8946975058771,-8.09341276894627,58.9881102748233
13.8919208132691,908,898,54.4961864280067,-60.6698685713707,-10.5372055353197,71.2070741066904
13.8940609951846,907,891,25.1706732315258,-41.1195264403834,1.68175829654738,39.437768143836
13.8962011771001,906,891,30.0582587642726,-38.67573367401,-3.20582723619944,41.8815609102094
13.8983413590155,907,896,49.6086008952599,-53.3384902722505,-10.5372055353197,63.8756958075701
13.900481540931,906,895,49.6086008952599,-48.4509047395036,-12.9809983016931,61.4319030411967
13.9026217228464,905,895,54.4961864280067,-46.0071119731302,-17.8685838344399,63.8756958075701
13.9047619047619,905,897,64.2713574935003,-50.894697505877,-22.7561693671867,73.6508668730638
13.9069020866774,907,896,49.6086008952599,-53.3384902722505,-10.5372055353197,63.8756958075701
13.9090422685928,901,892,59.3837719607535,-28.9005626085164,-30.0875476663069,58.9881102748233
13.9111824505083,904,892,44.7210153625131,-36.2319409076366,-15.4247910680665,51.6567319757031
13.9133226324238,904,894,54.4961864280067,-41.1195264403834,-20.3123766008133,61.4319030411967
13.9154628143392,904,890,34.9458442970194,-31.3443553748898,-10.5372055353197,41.8815609102094
13.9176029962547,906,892,34.9458442970194,-41.1195264403834,-5.64962000257285,46.7691464429563
13.9197431781701,908,898,54.4961864280067,-60.6698685713707,-10.5372055353197,71.2070741066904
13.9218833600856,906,894,44.7210153625131,-46.0071119731302,-10.5372055353197,56.5443175084499
13.9240235420011,906,892,34.9458442970194,-41.1195264403834,-5.64962000257285,46.7691464429563
13.9261637239165,905,894,49.6086008952599,-43.5633192067568,-15.4247910680665,58.9881102748233
13.928303905832,908,896,44.7210153625131,-55.7822830386239,-5.64962000257285,61.4319030411967
13.9304440877475,905,893,44.7210153625131,-41.1195264403834,-12.9809983016931,54.1005247420765
13.9325842696629,904,891,39.8334298297662,-33.7881481412632,-12.9809983016931,46.7691464429563
13.9347244515784,909,895,34.9458442970194,-55.7822830386239,1.68175829654737,54.1005247420765
13.9368646334938,906,896,54.4961864280067,-50.894697505877,-15.4247910680665,66.3194885739435
13.9390048154093,905,893,44.7210153625131,-41.1195264403834,-12.9809983016931,54.1005247420765
13.9411449973248,906,894,44.7210153625131,-46.0071119731302,-10.5372055353197,56.5443175084499
13.9432851792402,907,895,44.7210153625131,-50.8946975058771,-8.09341276894627,58.9881102748233
13.9454253611557,907,894,39.8334298297662,-48.4509047395036,-5.64962000257285,54.1005247420765
13.9475655430712,908,892,25.1706732315258,-46.0071119731302,4.12555106292078,41.8815609102094
13.9497057249866,908,895,39.8334298297662,-53.3384902722505,-3.20582723619945,56.5443175084499
13.9518459069021,908,897,49.6086008952599,-58.2260758049973,-8.09341276894626,66.3194885739435
13.9539860888175,908,894,34.9458442970194,-50.894697505877,-0.762034469826034,51.6567319757031
13.956126270733,909,896,39.8334298297662,-58.2260758049973,-0.762034469826034,58.9881102748233
13.9582664526485,908,896,44.7210153625131,-55.7822830386239,-5.64962000257285,61.4319030411967
13.9604066345639,907,894,39.8334298297662,-48.4509047395036,-5.64962000257285,54.1005247420765
13.9625468164794,906,893,39.8334298297662,-43.5633192067568,-8.09341276894626,51.6567319757031
13.9646869983949,908,896,44.7210153625131,-55.7822830386239,-5.64962000257285,61.4319030411967
13.9668271803103,910,893,20.283087698779,-53.3384902722505,11.456929362041,41.8815609102094
13.9689673622258,907,894,39.8334298297662,-48.4509047395036,-5.64962000257285,54.1005247420765
13.9711075441413,910,895,30.0582587642726,-58.2260758049973,6.56934382929419,51.6567319757031
13.9732477260567,908,898,54.4961864280067,-60.6698685713707,-10.5372055353197,71.2070741066904
13.9753879079722,907,892,30.0582587642726,-43.5633192067568,-0.762034469826034,44.3253536765829
13.9775280898876,908,893,30.0582587642726,-48.4509047395036,1.68175829654738,46.7691464429563
13.9796682718031,909,898,49.6086008952599,-63.1136613377441,-5.64962000257285,68.763281340317
13.9818084537186,909,896,39.8334298297662,-58.2260758049973,-0.762034469826034,58.9881102748233
13.983948635634,907,893,34.9458442970194,-46.0071119731302,-3.20582723619944,49.2129392093297
13.9860888175495,909,897,44.721015362513,-60.6698685713707,-3.20582723619944,63.8756958075701
13.988228999465,908,897,49.6086008952599,-58.2260758049973,-8.09341276894626,66.3194885739435
13.9903691813804,907,895,44.7210153625131,-50.8946975058771,-8.09341276894627,58.9881102748233
13.9925093632959,907,894,39.8334298297662,-48.4509047395036,-5.64962000257285,54.1005247420765
13.9946495452113,909,900,59.3837719607535,-68.0012468704909,-10.5372055353197,78.5384524058106
13.9967897271268,908,896,44.7210153625131,-55.7822830386239,-5.64962000257285,61.4319030411967
13.9989299090423,907,896,49.6086008952599,-53.3384902722505,-10.5372055353197,63.8756958075701
14.0010700909577,910,897,39.8334298297662,-63.1136613377441,1.68175829654738,61.4319030411967
14.0032102728732,910,900,54.4961864280067,-70.4450396368643,-5.64962000257285,76.0946596394372
14.0053504547887,910,899,49.6086008952599,-68.0012468704909,-3.20582723619945,71.2070741066904
14.0074906367041,912,899,39.8334298297662,-72.8888324032377,6.56934382929419,66.3194885739435
14.0096308186196,913,902,49.6086008952599,-82.6640034687314,4.12555106292078,78.5384524058106
14.011771000535,910,900,54.4961864280067,-70.4450396368643,-5.64962000257285,76.0946596394372
14.0139111824505,907,897,54.4961864280067,-55.7822830386239,-12.9809983016931,68.763281340317
14.016051364366,908,899,59.3837719607535,-63.1136613377441,-12.9809983016931,76.0946596394372
14.0181915462814,906,898,64.2713574935003,-55.7822830386239,-20.3123766008133,76.0946596394372
14.0203317281969,902,892,54.4961864280067,-31.3443553748898,-25.1999621335601,56.5443175084499
14.0224719101124,903,891,44.7210153625131,-31.3443553748898,-17.8685838344399,49.2129392093297
14.0246120920278,902,894,64.2713574935003,-36.2319409076366,-30.0875476663069,66.3194885739435
14.0267522739433,903,892,49.6086008952599,-33.7881481412632,-20.3123766008133,54.1005247420765
14.0288924558587,901,889,44.7210153625131,-21.5691843093961,-22.7561693671867,44.3253536765829
14.0310326377742,903,892,49.6086008952599,-33.7881481412632,-20.3123766008133,54.1005247420765
14.0331728196897,905,891,34.9458442970194,-36.2319409076366,-8.09341276894626,44.3253536765829
14.0353130016051,906,889,20.283087698779,-33.7881481412632,1.68175829654738,32.1063898447158
14.0374531835206,904,890,34.9458442970194,-31.3443553748898,-10.5372055353197,41.8815609102094
14.0395933654361,907,893,34.9458442970194,-46.0071119731302,-3.20582723619944,49.2129392093297
14.0417335473515,905,891,34.9458442970194,-36.2319409076366,-8.09341276894626,44.3253536765829
14.043873729267,905,893,44.7210153625131,-41.1195264403834,-12.9809983016931,54.1005247420765
14.0460139111825,906,895,49.6086008952599,-48.4509047395036,-12.9809983016931,61.4319030411967
14.0481540930979,905,894,49.6086008952599,-43.5633192067568,-15.4247910680665,58.9881102748233
14.0502942750134,904,890,34.9458442970194,-31.3443553748898,-10.5372055353197,41.8815609102094
14.0524344569288,904,891,39.8334298297662,-33.7881481412632,-12.9809983016931,46.7691464429563
14.0545746388443,906,892,34.9458442970194,-41.1195264403834,-5.64962000257285,46.7691464429563
14.0567148207598,904,888,25.1706732315258,-26.456769842143,-5.64962000257285,32.1063898447158
14.0588550026752,905,890,30.0582587642726,-33.7881481412632,-5.64962000257285,39.437768143836
14.0609951845907,906,895,49.6086008952599,-48.4509047395036,-12.9809983016931,61.4319030411967
14.0631353665062,905,893,44.7210153625131,-41.1195264403834,-12.9809983016931,54.1005247420765
14.0652755484216,906,891,30.0582587642726,-38.67573367401,-3.20582723619944,41.8815609102094
14.0674157303371,907,894,39.8334298297662,-48.4509047395036,-5.64962000257285,54.1005247420765
14.0695559122525,906,897,59.3837719607535,-53.3384902722505,-17.8685838344399,71.2070741066904
14.071696094168,907,891,25.1706732315258,-41.1195264403834,1.68175829654738,39.437768143836
14.0738362760835,905,890,30.0582587642726,-33.7881481412632,-5.64962000257285,39.437768143836
14.0759764579989,905,894,49.6086008952599,-43.5633192067568,-15.4247910680665,58.9881102748233
14.0781166399144,906,893,39.8334298297662,-43.5633192067568,-8.09341276894626,51.6567319757031
14.0802568218299,906,892,34.9458442970194,-41.1195264403834,-5.64962000257285,46.7691464429563
14.0823970037453,906,895,49.6086008952599,-48.4509047395036,-12.9809983016931,61.4319030411967
14.0845371856608,908,895,39.8334298297662,-53.3384902722505,-3.20582723619945,56.5443175084499
14.0866773675762,907,893,34.9458442970194,-46.0071119731302,-3.20582723619944,49.2129392093297
14.0888175494917,906,891,30.0582587642726,-38.67573367401,-3.20582723619944,41.8815609102094
14.0909577314072,908,894,34.9458442970194,-50.894697505877,-0.762034469826034,51.6567319757031
14.0930979133226,907,893,34.9458442970194,-46.0071119731302,-3.20582723619944,49.2129392093297
14.0952380952381,908,892,25.1706732315258,-46.0071119731302,4.12555106292078,41.8815609102094
14.0973782771536,906,894,44.7210153625131,-46.0071119731302,-10.5372055353197,56.5443175084499
14.099518459069,906,896,54.4961864280067,-50.894697505877,-15.4247910680665,66.3194885739435
14.1016586409845,906,893,39.8334298297662,-43.5633192067568,-8.09341276894626,51.6567319757031
14.1037988228999,904,892,44.7210153625131,-36.2319409076366,-15.4247910680665,51.6567319757031
14.1059390048154,907,896,49.6086008952599,-53.3384902722505,-10.5372055353197,63.8756958075701
14.1080791867309,905,894,49.6086008952599,-43.5633192067568,-15.4247910680665,58.9881102748233
14.1102193686463,906,892,34.9458442970194,-41.1195264403834,-5.64962000257285,46.7691464429563
14.1123595505618,906,895,49.6086008952599,-48.4509047395036,-12.9809983016931,61.4319030411967
14.1144997324773,906,896,54.4961864280067,-50.894697505877,-15.4247910680665,66.3194885739435
14.1166399143927,906,893,39.8334298297662,-43.5633192067568,-8.09341276894626,51.6567319757031
14.1187800963082,905,893,44.7210153625131,-41.1195264403834,-12.9809983016931,54.1005247420765
14.1209202782236,905,897,64.2713574935003,-50.894697505877,-22.7561693671867,73.6508668730638
14.1230604601391,907,894,39.8334298297662,-48.4509047395036,-5.64962000257285,54.1005247420765
14.1252006420546,906,894,44.7210153625131,-46.0071119731302,-10.5372055353197,56.5443175084499
14.12734082397,906,894,44.7210153625131,-46.0071119731302,-10.5372055353197,56.5443175084499
14.1294810058855,908,896,44.7210153625131,-55.7822830386239,-5.64962000257285,61.4319030411967
14.131621187801,906,894,44.7210153625131,-46.0071119731302,-10.5372055353197,56.5443175084499
14.1337613697164,907,895,44.7210153625131,-50.8946975058771,-8.09341276894627,58.9881102748233
14.1359015516319,907,898,59.3837719607535,-58.2260758049973,-15.4247910680665,73.6508668730638
14.1380417335474,907,892,30.0582587642726,-43.5633192067568,-0.762034469826034,44.3253536765829
14.1401819154628,908,894,34.9458442970194,-50.894697505877,-0.762034469826034,51.6567319757031
14.1423220973783,908,897,49.6086008952599,-58.2260758049973,-8.09341276894626,66.3194885739435
14.1444622792937,909,896,39.8334298297662,-58.2260758049973,-0.762034469826034,58.9881102748233
14.1466024612092,906,893,39.8334298297662,-43.5633192067568,-8.09341276894626,51.6567319757031
14.1487426431247,910,895,30.0582587642726,-58.2260758049973,6.56934382929419,51.6567319757031
14.1508828250401,910,898,44.7210153625131,-65.5574541041175,-0.762034469826034,66.3194885739435
14.1530230069556,909,897,44.721015362513,-60.6698685713707,-3.20582723619944,63.8756958075701
14.1551631888711,910,893,20.283087698779,-53.3384902722505,11.456929362041,41.8815609102094
14.1573033707865,910,899,49.6086008952599,-68.0012468704909,-3.20582723619945,71.2070741066904
14.159443552702,908,897,49.6086008952599,-58.2260758049973,-8.09341276894626,66.3194885739435
14.1615837346174,909,893,25.1706732315258,-50.894697505877,6.56934382929419,44.3253536765829
14.1637239165329,907,894,39.8334298297662,-48.4509047395036,-5.64962000257285,54.1005247420765
14.1658640984484,910,897,39.8334298297662,-63.1136613377441,1.68175829654738,61.4319030411967
14.1680042803638,908,896,44.7210153625131,-55.7822830386239,-5.64962000257285,61.4319030411967
14.1701444622793,907,895,44.7210153625131,-50.8946975058771,-8.09341276894627,58.9881102748233
14.1722846441948,907,898,59.3837719607535,-58.2260758049973,-15.4247910680665,73.6508668730638
14.1744248261102,904,898,74.046528558994,-50.894697505877,-30.0875476663069,80.982245172184
14.1765650080257,902,895,69.1589430262472,-38.67573367401,-32.5313404326804,71.2070741066904
14.1787051899411,904,895,59.3837719607535,-43.5633192067568,-22.7561693671867,66.3194885739435
14.1808453718566,904,893,49.6086008952599,-38.67573367401,-17.8685838344399,56.5443175084499
14.1829855537721,905,893,44.7210153625131,-41.1195264403834,-12.9809983016931,54.1005247420765
14.1851257356875,906,891,30.0582587642726,-38.67573367401,-3.20582723619944,41.8815609102094
14.187265917603,907,898,59.3837719607535,-58.2260758049973,-15.4247910680665,73.6508668730638
14.1894060995185,907,897,54.4961864280067,-55.7822830386239,-12.9809983016931,68.763281340317
14.1915462814339,908,893,30.0582587642726,-48.4509047395036,1.68175829654738,46.7691464429563
14.1936864633494,908,897,49.6086008952599,-58.2260758049973,-8.09341276894626,66.3194885739435
14.1958266452648,910,898,44.7210153625131,-65.5574541041175,-0.762034469826034,66.3194885739435
14.1979668271803,908,893,30.0582587642726,-48.4509047395036,1.68175829654738,46.7691464429563
14.2001070090958,908,894,34.9458442970194,-50.894697505877,-0.762034469826034,51.6567319757031
14.2022471910112,910,898,44.7210153625131,-65.5574541041175,-0.762034469826034,66.3194885739435
14.2043873729267,908,897,49.6086008952599,-58.2260758049973,-8.09341276894626,66.3194885739435
14.2065275548422,908,895,39.8334298297662,-53.3384902722505,-3.20582723619945,56.5443175084499
14.2086677367576,908,896,44.7210153625131,-55.7822830386239,-5.64962000257285,61.4319030411967
14.2108079186731,910,899,49.6086008952599,-68.0012468704909,-3.20582723619945,71.2070741066904
14.2129481005885,909,896,39.8334298297662,-58.2260758049973,-0.762034469826034,58.9881102748233
14.215088282504,907,893,34.9458442970194,-46.0071119731302,-3.20582723619944,49.2129392093297
14.2172284644195,907,897,54.4961864280067,-55.7822830386239,-12.9809983016931,68.763281340317
14.2193686463349,907,899,64.2713574935003,-60.6698685713707,-17.8685838344399,78.5384524058106
14.2215088282504,908,898,54.4961864280067,-60.6698685713707,-10.5372055353197,71.2070741066904
14.2236490101659,909,900,59.3837719607535,-68.0012468704909,-10.5372055353197,78.5384524058106
14.2257891920813,910,899,49.6086008952599,-68.0012468704909,-3.20582723619945,71.2070741066904
14.2279293739968,905,895,54.4961864280067,-46.0071119731302,-17.8685838344399,63.8756958075701
14.2300695559123,902,893,59.3837719607535,-33.7881481412632,-27.6437548999335,61.4319030411967
14.2322097378277,905,895,54.4961864280067,-46.0071119731302,-17.8685838344399,63.8756958075701
14.2343499197432,906,891,30.0582587642726,-38.67573367401,-3.20582723619944,41.8815609102094
14.2364901016586,906,892,34.9458442970194,-41.1195264403834,-5.64962000257285,46.7691464429563
14.2386302835741,906,893,39.8334298297662,-43.5633192067568,-8.09341276894626,51.6567319757031
14.2407704654896,906,892,34.9458442970194,-41.1195264403834,-5.64962000257285,46.7691464429563
14.242910647405,901,889,44.7210153625131,-21.5691843093961,-22.7561693671867,44.3253536765829
14.2450508293205,904,890,34.9458442970194,-31.3443553748898,-10.5372055353197,41.8815609102094
14.247191011236,904,890,34.9458442970194,-31.3443553748898,-10.5372055353197,41.8815609102094
14.2493311931514,903,886,20.283087698779,-19.1253915430227,-5.64962000257285,24.7750115455956
14.2514713750669,903,884,10.5079166332853,-14.2378060102759,-0.762034469826034,14.9998404801019
14.2536115569823,906,888,15.3955021660321,-31.3443553748898,4.12555106292078,27.218804311969
14.2557517388978,906,889,20.283087698779,-33.7881481412632,1.68175829654738,32.1063898447158
14.2578919208133,904,885,10.5079166332853,-19.1253915430227,1.68175829654738,17.4436332464754
14.2600321027287,906,883,-9.04242549770196,-19.1253915430227,16.3445148947878,2.7808766482349
14.2621722846442,908,890,15.3955021660321,-41.1195264403834,9.0131365956676,32.1063898447158
14.2643124665597,903,884,10.5079166332853,-14.2378060102759,-0.762034469826034,14.9998404801019
14.2664526484751,893,882,49.6086008952599,15.087707186205,-44.7503042645474,29.6625970783424
14.2685928303906,894,883,49.6086008952599,10.2001216534582,-42.306511498174,32.1063898447158
14.270733012306,903,885,15.3955021660321,-16.6815987766493,-3.20582723619944,19.8874260128488
14.2728731942215,897,881,25.1706732315258,7.75632888708477,-22.7561693671867,14.9998404801019
14.275013376137,901,882,10.5079166332853,-4.46263494478227,-5.64962000257285,10.1122549473551
14.2771535580524,903,885,15.3955021660321,-16.6815987766493,-3.20582723619944,19.8874260128488
14.2792937399679,904,881,-9.04242549770196,-9.35022047752909,11.456929362041,-2.10670888451192
14.2814339218834,904,882,-4.15483996495514,-11.7940132439025,9.0131365956676,2.7808766482349
14.2835741037988,904,885,10.5079166332853,-19.1253915430227,1.68175829654738,17.4436332464754
14.2857142857143,904,883,0.732745567791682,-14.2378060102759,6.56934382929419,7.66846218098172
14.2878544676297,903,881,-4.15483996495514,-6.90642771115568,6.56934382929419,0.337083881861489
14.2899946495452,902,882,5.6203311005385,-6.90642771115568,-0.762034469826034,7.66846218098172
14.2921348314607,899,883,25.1706732315258,-2.01884217840886,-17.8685838344399,19.8874260128488
14.2942750133761,898,879,10.5079166332853,10.2001216534582,-12.9809983016931,2.7808766482349
14.2964151952916,893,847,-121.456892750879,100.620454009274,40.7824425585219,-141.402896567796
14.2985553772071,889,847,-101.906550619892,110.395625074768,21.2321004275346,-131.627725502303
14.3006955591225,889,830,-184.995504676587,151.940102103116,62.7765774558826,-214.716679558999
14.302835741038,887,829,-180.107919143841,159.271480402236,55.4451991567624,-214.716679558999
14.3049759229535,890,836,-160.557577012853,134.833552738502,53.001406390389,-187.834959128891
14.3071161048689,891,838,-155.669991480106,127.502174439382,53.001406390389,-180.503580829771
14.3092562867844,892,837,-165.4451625456,127.502174439382,60.3327846895092,-187.834959128891
14.3113964686998,893,838,-165.4451625456,122.614588906635,62.7765774558826,-185.391166362518
14.3135366506153,893,843,-141.007234881866,110.395625074768,50.5576136240156,-160.953238698784
14.3156768325308,894,844,-141.007234881866,105.508039542021,53.001406390389,-158.50944593241
14.3178170144462,889,840,-136.119649349119,127.502174439382,38.3386497921485,-165.84082423153
14.3199571963617,893,844,-136.119649349119,107.951832308395,48.1138208576422,-156.065653166037
14.3220973782772,888,845,-106.794136152638,117.727003373888,21.2321004275347,-138.959103801423
14.3242375601926,892,842,-141.007234881866,115.283210607515,48.1138208576422,-163.397031465157
14.3263777421081,893,844,-136.119649349119,107.951832308395,48.1138208576422,-156.065653166037
14.3285179240235,896,847,-136.119649349119,93.2890757101541,55.4451991567624,-148.734274866916
14.330658105939,895,846,-136.119649349119,98.1766612429009,53.001406390389,-151.17806763329
14.3327982878545,896,847,-136.119649349119,93.2890757101541,55.4451991567624,-148.734274866916
14.3349384697699,894,848,-121.456892750879,95.7328684765275,43.2262353248953,-138.959103801423
14.3370786516854,894,847,-126.344478283626,98.1766612429009,45.6700280912687,-143.84668933417
14.3392188336009,886,845,-97.0189650871447,122.614588906635,11.456929362041,-134.071518268676
14.3413590155163,894,846,-131.232063816372,100.620454009274,48.1138208576421,-148.734274866916
14.3434991974318,895,850,-116.569307218132,88.4014901774073,43.2262353248953,-131.627725502303
14.3456393793472,895,848,-126.344478283626,93.2890757101541,48.1138208576422,-141.402896567796
14.3477795612627,894,847,-126.344478283626,98.1766612429009,45.6700280912687,-143.84668933417
14.3499197431782,894,852,-101.906550619892,85.9576974110339,33.4510642594017,-119.408761670436
14.3520599250936,894,852,-101.906550619892,85.9576974110339,33.4510642594017,-119.408761670436
14.3542001070091,892,848,-111.681721685385,100.620454009274,33.4510642594017,-134.071518268676
14.3563402889246,893,847,-121.456892750879,100.620454009274,40.7824425585219,-141.402896567796
14.35848047084,894,853,-97.0189650871447,83.5139046446605,31.0072714930283,-114.521176137689
14.3606206527555,894,847,-126.344478283626,98.1766612429009,45.6700280912687,-143.84668933417
14.3627608346709,895,848,-126.344478283626,93.2890757101541,48.1138208576422,-141.402896567796
14.3649010165864,895,852,-106.794136152638,83.5139046446605,38.3386497921485,-121.852554436809
14.3670411985019,896,855,-97.0189650871447,73.7387335791668,35.8948570257751,-109.633590604942
14.3691813804173,893,851,-101.906550619892,90.8452829437807,31.0072714930283,-121.852554436809
14.3713215623328,894,852,-101.906550619892,85.9576974110339,33.4510642594017,-119.408761670436
14.3734617442483,895,854,-97.0189650871447,78.6263191119136,33.4510642594017,-112.077383371315
14.3756019261637,893,852,-97.0189650871447,88.4014901774073,28.5634787266549,-116.964968904062
14.3777421080792,893,851,-101.906550619892,90.8452829437807,31.0072714930283,-121.852554436809
14.3798822899946,894,856,-82.3562084889042,76.1825263455402,23.6758931939081,-99.8584195394483
14.3820224719101,896,856,-92.1313795543979,71.2949408127934,33.4510642594017,-104.746005072195
14.3841626538256,896,854,-101.906550619892,76.1825263455402,38.3386497921485,-114.521176137689
14.386302835741,895,855,-92.1313795543979,76.1825263455402,31.0072714930283,-107.189797838569
14.3884430176565,896,857,-87.2437940216511,68.85114804642,31.0072714930283,-99.8584195394483
14.390583199572,894,853,-97.0189650871447,83.5139046446605,31.0072714930283,-114.521176137689
14.3927233814874,894,852,-101.906550619892,85.9576974110339,33.4510642594017,-119.408761670436
14.3948635634029,896,857,-87.2437940216511,68.85114804642,31.0072714930283,-99.8584195394483
14.3970037453184,894,856,-82.3562084889042,76.1825263455402,23.6758931939081,-99.8584195394483
14.3991439272338,894,851,-106.794136152638,88.4014901774073,35.8948570257751,-124.296347203182
14.4012841091493,895,854,-97.0189650871447,78.6263191119136,33.4510642594017,-112.077383371315
14.4034242910647,895,854,-97.0189650871447,78.6263191119136,33.4510642594017,-112.077383371315
14.4055644729802,894,851,-106.794136152638,88.4014901774073,35.8948570257751,-124.296347203182
14.4077046548957,894,849,-116.569307218132,93.2890757101541,40.7824425585219,-134.071518268676
14.4098448368111,895,853,-101.906550619892,81.0701118782871,35.8948570257751,-116.964968904062
14.4119850187266,894,855,-87.243794021651,78.6263191119136,26.1196859602815,-104.746005072195
14.4141252006421,894,849,-116.569307218132,93.2890757101541,40.7824425585219,-134.071518268676
14.4162653825575,894,854,-92.1313795543979,81.0701118782871,28.5634787266549,-109.633590604942
14.418405564473,895,858,-77.4686229561574,68.85114804642,23.6758931939081,-92.5270412403281
14.4205457463884,896,855,-97.0189650871447,73.7387335791668,35.8948570257751,-109.633590604942
14.4226859283039,894,854,-92.1313795543979,81.0701118782871,28.5634787266549,-109.633590604942
14.4248261102194,897,858,-87.2437940216511,63.9635625136732,33.4510642594017,-97.4146267730749
14.4269662921348,896,856,-92.1313795543979,71.2949408127934,33.4510642594017,-104.746005072195
14.4291064740503,896,854,-101.906550619892,76.1825263455402,38.3386497921485,-114.521176137689
14.4312466559658,897,857,-92.1313795543979,66.4073552800466,35.8948570257751,-102.302212305822
14.4333868378812,897,861,-72.5810374234106,56.632184214553,26.1196859602815,-82.7518701748344
14.4355270197967,895,856,-87.2437940216511,73.7387335791668,28.5634787266549,-102.302212305822
14.4376672017121,897,857,-92.1313795543979,66.4073552800466,35.8948570257751,-102.302212305822
14.4398073836276,898,861,-77.4686229561574,54.1883914481796,31.0072714930283,-85.1956629412078
14.4419475655431,896,858,-82.3562084889042,66.4073552800466,28.5634787266549,-94.9708340067015
14.4440877474585,895,858,-77.4686229561574,68.85114804642,23.6758931939081,-92.5270412403281
14.446227929374,897,862,-67.6934518906638,54.1883914481796,23.6758931939081,-77.8642846420876
14.4483681112895,899,857,-101.906550619892,61.5197697472998,45.6700280912687,-107.189797838569
14.4505082932049,898,857,-97.0189650871447,63.9635625136732,40.7824425585219,-104.746005072195
14.4526484751204,895,858,-77.4686229561574,68.85114804642,23.6758931939081,-92.5270412403281
14.4547886570358,897,864,-57.9182808251701,49.3008059154327,18.7883076611612,-68.089113576594
14.4569288389513,897,863,-62.805866357917,51.7445986818061,21.2321004275346,-72.9766991093408
14.4590690208668,897,860,-77.4686229561574,59.0759769809264,28.5634787266549,-87.6394557075812
14.4612092027822,897,864,-57.9182808251701,49.3008059154327,18.7883076611612,-68.089113576594
14.4633493846977,895,863,-53.0306952924233,56.632184214553,11.456929362041,-68.089113576594
14.4654895666132,895,859,-72.5810374234106,66.4073552800466,21.2321004275346,-87.6394557075812
14.4676297485286,897,859,-82.3562084889042,61.5197697472998,31.0072714930283,-92.5270412403281
14.4697699304441,898,863,-67.6934518906638,49.3008059154327,26.1196859602815,-75.4204918757142
14.4719101123596,897,861,-72.5810374234106,56.632184214553,26.1196859602815,-82.7518701748344
14.474050294275,898,860,-82.3562084889042,56.632184214553,33.4510642594017,-90.0832484739547
14.4761904761905,899,865,-62.805866357917,41.9694276163125,26.1196859602815,-68.089113576594
14.4783306581059,896,864,-53.0306952924233,51.7445986818061,13.9007221284144,-65.6453208102206
14.4804708400214,896,861,-67.6934518906638,59.0759769809264,21.2321004275347,-80.308077408461
14.4826110219369,897,860,-77.4686229561574,59.0759769809264,28.5634787266549,-87.6394557075812
14.4847512038523,897,864,-57.9182808251701,49.3008059154327,18.7883076611612,-68.089113576594
14.4868913857678,898,860,-82.3562084889042,56.632184214553,33.4510642594017,-90.0832484739547
14.4890315676833,900,862,-82.3562084889042,46.8570131490593,38.3386497921485,-85.1956629412078
14.4911717495987,900,865,-67.6934518906638,39.5256348499391,31.0072714930283,-70.5329063429674
14.4933119315142,899,865,-62.805866357917,41.9694276163125,26.1196859602815,-68.089113576594
14.4954521134296,893,859,-62.805866357917,71.2949408127934,11.456929362041,-82.7518701748344
14.4975922953451,893,862,-48.1431097596765,63.9635625136732,4.12555106292078,-68.089113576594
14.4997324772606,896,862,-62.805866357917,56.632184214553,18.7883076611612,-75.4204918757142
14.501872659176,896,857,-87.2437940216511,68.85114804642,31.0072714930283,-99.8584195394483
14.5040128410915,896,858,-82.3562084889042,66.4073552800466,28.5634787266549,-94.9708340067015
14.506153023007,898,862,-72.5810374234106,51.7445986818061,28.5634787266549,-80.308077408461
14.5082932049224,897,861,-72.5810374234106,56.632184214553,26.1196859602815,-82.7518701748344
14.5104333868379,898,856,-101.906550619892,66.4073552800466,43.2262353248953,-109.633590604942
14.5125735687533,896,860,-72.5810374234106,61.5197697472998,23.6758931939081,-85.1956629412078
14.5147137506688,900,861,-87.2437940216511,49.3008059154327,40.7824425585219,-90.0832484739547
14.5168539325843,897,853,-111.681721685385,76.1825263455402,45.6700280912687,-121.852554436809
14.5189941144997,895,852,-106.794136152638,83.5139046446605,38.3386497921485,-121.852554436809
14.5211342964152,892,855,-77.4686229561574,83.5139046446605,16.3445148947878,-99.8584195394483
14.5232744783307,894,860,-62.805866357917,66.4073552800466,13.9007221284144,-80.308077408461
14.5254146602461,895,853,-101.906550619892,81.0701118782871,35.8948570257751,-116.964968904062
14.5275548421616,897,855,-101.906550619892,71.2949408127934,40.7824425585219,-112.077383371315
14.529695024077,897,857,-92.1313795543979,66.4073552800466,35.8948570257751,-102.302212305822
14.5318352059925,896,853,-106.794136152638,78.6263191119136,40.7824425585219,-119.408761670436
14.533975387908,896,851,-116.569307218132,83.5139046446605,45.6700280912687,-129.183932735929
14.5361155698234,897,854,-106.794136152638,73.7387335791668,43.2262353248953,-116.964968904062
14.5382557517389,896,853,-106.794136152638,78.6263191119136,40.7824425585219,-119.408761670436
14.5403959336544,893,851,-101.906550619892,90.8452829437807,31.0072714930283,-121.852554436809
14.5425361155698,894,854,-92.1313795543979,81.0701118782871,28.5634787266549,-109.633590604942
14.5446762974853,898,854,-111.681721685385,71.2949408127934,48.1138208576422,-119.408761670436
14.5468164794007,894,851,-106.794136152638,88.4014901774073,35.8948570257751,-124.296347203182
14.5489566613162,896,852,-111.681721685385,81.0701118782871,43.2262353248953,-124.296347203182
14.5510968432317,898,855,-106.794136152638,68.85114804642,45.6700280912687,-114.521176137689
14.5532370251471,896,851,-116.569307218132,83.5139046446605,45.6700280912687,-129.183932735929
14.5553772070626,895,848,-126.344478283626,93.2890757101541,48.1138208576422,-141.402896567796
14.5575173889781,895,852,-106.794136152638,83.5139046446605,38.3386497921485,-121.852554436809
14.5596575708935,895,855,-92.1313795543979,76.1825263455402,31.0072714930283,-107.189797838569
14.561797752809,893,850,-106.794136152638,93.2890757101541,33.4510642594017,-126.740139969556
14.5639379347245,897,849,-131.232063816372,85.9576974110339,55.4451991567624,-141.402896567796
14.5660781166399,896,855,-97.0189650871447,73.7387335791668,35.8948570257751,-109.633590604942
14.5682182985554,895,853,-101.906550619892,81.0701118782871,35.8948570257751,-116.964968904062
14.5703584804708,894,848,-121.456892750879,95.7328684765275,43.2262353248953,-138.959103801423
14.5724986623863,896,852,-111.681721685385,81.0701118782871,43.2262353248953,-124.296347203182
14.5746388443018,897,853,-111.681721685385,76.1825263455402,45.6700280912687,-121.852554436809
14.5767790262172,889,847,-101.906550619892,110.395625074768,21.2321004275346,-131.627725502303
14.5789192081327,893,848,-116.569307218132,98.1766612429009,38.3386497921485,-136.515311035049
14.5810593900482,896,852,-111.681721685385,81.0701118782871,43.2262353248953,-124.296347203182
14.5831995719636,896,852,-111.681721685385,81.0701118782871,43.2262353248953,-124.296347203182
14.5853397538791,894,849,-116.569307218132,93.2890757101541,40.7824425585219,-134.071518268676
14.5874799357945,894,851,-106.794136152638,88.4014901774073,35.8948570257751,-124.296347203182
14.58962011771,894,851,-106.794136152638,88.4014901774073,35.8948570257751,-124.296347203182
14.5917602996255,894,847,-126.344478283626,98.1766612429009,45.6700280912687,-143.84668933417
14.5939004815409,896,851,-116.569307218132,83.5139046446605,45.6700280912687,-129.183932735929
14.5960406634564,896,852,-111.681721685385,81.0701118782871,43.2262353248953,-124.296347203182
14.5981808453719,891,849,-101.906550619892,100.620454009274,26.1196859602815,-126.740139969556
14.6003210272873,894,850,-111.681721685385,90.8452829437807,38.3386497921485,-129.183932735929
14.6024612092028,896,853,-106.794136152638,78.6263191119136,40.7824425585219,-119.408761670436
14.6046013911182,895,851,-111.681721685385,85.9576974110339,40.7824425585219,-126.740139969556
14.6067415730337,893,846,-126.344478283626,103.064246775648,43.2262353248953,-146.290482100543
14.6088817549492,894,849,-116.569307218132,93.2890757101541,40.7824425585219,-134.071518268676
14.6110219368646,896,852,-111.681721685385,81.0701118782871,43.2262353248953,-124.296347203182
14.6131621187801,896,846,-141.007234881866,95.7328684765275,57.8889919231358,-153.621860399663
14.6153023006956,894,847,-126.344478283626,98.1766612429009,45.6700280912687,-143.84668933417
14.617442482611,896,851,-116.569307218132,83.5139046446605,45.6700280912687,-129.183932735929
14.6195826645265,896,855,-97.0189650871447,73.7387335791668,35.8948570257751,-109.633590604942
14.6217228464419,895,849,-121.456892750879,90.8452829437807,45.6700280912687,-136.515311035049
14.6238630283574,894,852,-101.906550619892,85.9576974110339,33.4510642594017,-119.408761670436
14.6260032102729,896,851,-116.569307218132,83.5139046446605,45.6700280912687,-129.183932735929
14.6281433921883,896,851,-116.569307218132,83.5139046446605,45.6700280912687,-129.183932735929
14.6302835741038,897,851,-121.456892750879,81.0701118782871,50.5576136240156,-131.627725502303
14.6324237560193,897,853,-111.681721685385,76.1825263455402,45.6700280912687,-121.852554436809
14.6345639379347,896,853,-106.794136152638,78.6263191119136,40.7824425585219,-119.408761670436
14.6367041198502,892,849,-106.794136152638,98.1766612429009,31.0072714930283,-129.183932735929
14.6388443017656,892,854,-82.3562084889042,85.9576974110339,18.7883076611612,-104.746005072195
14.6409844836811,894,851,-106.794136152638,88.4014901774073,35.8948570257751,-124.296347203182
14.6431246655966,895,850,-116.569307218132,88.4014901774073,43.2262353248953,-131.627725502303
14.645264847512,892,849,-106.794136152638,98.1766612429009,31.0072714930283,-129.183932735929
14.6474050294275,893,853,-92.1313795543979,85.9576974110339,26.1196859602815,-112.077383371315
14.649545211343,895,851,-111.681721685385,85.9576974110339,40.7824425585219,-126.740139969556
14.6516853932584,896,850,-121.456892750879,85.9576974110339,48.1138208576422,-134.071518268676
14.6538255751739,894,854,-92.1313795543979,81.0701118782871,28.5634787266549,-109.633590604942
14.6559657570894,895,854,-97.0189650871447,78.6263191119136,33.4510642594017,-112.077383371315
14.6581059390048,895,850,-116.569307218132,88.4014901774073,43.2262353248953,-131.627725502303
14.6602461209203,895,848,-126.344478283626,93.2890757101541,48.1138208576422,-141.402896567796
14.6623863028357,895,850,-116.569307218132,88.4014901774073,43.2262353248953,-131.627725502303
14.6645264847512,895,851,-111.681721685385,85.9576974110339,40.7824425585219,-126.740139969556
14.6666666666667,896,847,-136.119649349119,93.2890757101541,55.4451991567624,-148.734274866916
14.6688068485821,895,851,-111.681721685385,85.9576974110339,40.7824425585219,-126.740139969556
14.6709470304976,895,850,-116.569307218132,88.4014901774073,43.2262353248953,-131.627725502303
14.6730872124131,894,846,-131.232063816372,100.620454009274,48.1138208576421,-148.734274866916
14.6752273943285,895,845,-141.007234881866,100.620454009274,55.4451991567624,-156.065653166037
14.677367576244,894,847,-126.344478283626,98.1766612429009,45.6700280912687,-143.84668933417
14.6795077581594,894,843,-145.894820414613,107.951832308395,55.4451991567624,-163.397031465157
14.6816479400749,894,842,-150.78240594736,110.395625074768,57.8889919231358,-168.284616997904
14.6837881219904,894,846,-131.232063816372,100.620454009274,48.1138208576421,-148.734274866916
14.6859283039058,894,847,-126.344478283626,98.1766612429009,45.6700280912687,-143.84668933417
14.6880684858213,894,843,-145.894820414613,107.951832308395,55.4451991567624,-163.397031465157
14.6902086677368,892,842,-141.007234881866,115.283210607515,48.1138208576422,-163.397031465157
14.6923488496522,895,845,-141.007234881866,100.620454009274,55.4451991567624,-156.065653166037
14.6944890315677,893,840,-155.669991480107,117.727003373888,57.8889919231358,-175.615995297024
14.6966292134831,894,842,-150.78240594736,110.395625074768,57.8889919231358,-168.284616997904
14.6987693953986,896,846,-141.007234881866,95.7328684765275,57.8889919231358,-153.621860399663
14.7009095773141,897,844,-155.669991480107,98.1766612429009,67.6641629886294,-165.84082423153
14.7030497592295,897,841,-170.332748078347,105.508039542021,74.9955412877497,-180.503580829771
14.705189941145,896,844,-150.78240594736,100.620454009274,62.7765774558826,-163.397031465157
14.7073301230605,896,847,-136.119649349119,93.2890757101541,55.4451991567624,-148.734274866916
14.7094703049759,894,840,-160.557577012853,115.283210607515,62.7765774558826,-178.059788063397
14.7116104868914,895,840,-165.4451625456,112.839417841141,67.6641629886294,-180.503580829771
14.7137506688068,895,843,-150.78240594736,105.508039542021,60.3327846895092,-165.84082423153
14.7158908507223,895,835,-189.883090209334,125.058381673008,79.8831268204965,-204.941508493505
14.7180310326378,891,833,-180.107919143841,139.721138271249,65.220370222256,-204.941508493505
14.7201712145532,893,835,-180.107919143841,129.945967205755,70.1079557550028,-200.053922960758
14.7223113964687,893,837,-170.332748078347,125.058381673008,65.220370222256,-190.278751895264
14.7244515783842,893,835,-180.107919143841,129.945967205755,70.1079557550028,-200.053922960758
14.7265917602996,893,834,-184.995504676587,132.389759972129,72.5517485213763,-204.941508493505
14.7287319422151,893,839,-160.557577012853,120.170796140262,60.3327846895092,-180.503580829771
14.7308721241306,894,842,-150.78240594736,110.395625074768,57.8889919231358,-168.284616997904
14.733012306046,893,839,-160.557577012853,120.170796140262,60.3327846895092,-180.503580829771
14.7351524879615,896,846,-141.007234881866,95.7328684765275,57.8889919231358,-153.621860399663
14.7372926698769,898,847,-145.894820414613,88.4014901774073,65.220370222256,-153.621860399663
14.7394328517924,895,849,-121.456892750879,90.8452829437807,45.6700280912687,-136.515311035049
14.7415730337079,897,851,-121.456892750879,81.0701118782871,50.5576136240156,-131.627725502303
14.7437132156233,898,856,-101.906550619892,66.4073552800466,43.2262353248953,-109.633590604942
14.7458533975388,898,855,-106.794136152638,68.85114804642,45.6700280912687,-114.521176137689
14.7479935794543,898,854,-111.681721685385,71.2949408127934,48.1138208576422,-119.408761670436
14.7501337613697,897,857,-92.1313795543979,66.4073552800466,35.8948570257751,-102.302212305822
14.7522739432852,896,857,-87.2437940216511,68.85114804642,31.0072714930283,-99.8584195394483
14.7544141252006,896,853,-106.794136152638,78.6263191119136,40.7824425585219,-119.408761670436
14.7565543071161,898,855,-106.794136152638,68.85114804642,45.6700280912687,-114.521176137689
14.7586944890316,900,860,-92.1313795543979,51.7445986818061,43.2262353248953,-94.9708340067015
14.760834670947,899,859,-92.1313795543979,56.632184214553,40.7824425585219,-97.4146267730749
14.7629748528625,896,856,-92.1313795543979,71.2949408127934,33.4510642594017,-104.746005072195
14.765115034778,898,859,-87.243794021651,59.0759769809264,35.8948570257751,-94.9708340067015
14.7672552166934,899,857,-101.906550619892,61.5197697472998,45.6700280912687,-107.189797838569
14.7693953986089,897,854,-106.794136152638,73.7387335791668,43.2262353248953,-116.964968904062
14.7715355805243,895,855,-92.1313795543979,76.1825263455402,31.0072714930283,-107.189797838569
14.7736757624398,900,860,-92.1313795543979,51.7445986818061,43.2262353248953,-94.9708340067015
14.7758159443553,899,859,-92.1313795543979,56.632184214553,40.7824425585219,-97.4146267730749
14.7779561262707,899,859,-92.1313795543979,56.632184214553,40.7824425585219,-97.4146267730749
14.7800963081862,900,862,-82.3562084889042,46.8570131490593,38.3386497921485,-85.1956629412078
14.7822364901017,899,866,-57.9182808251701,39.5256348499391,23.6758931939081,-63.2015280438472
14.7843766720171,900,862,-82.3562084889042,46.8570131490593,38.3386497921485,-85.1956629412078
14.7865168539326,900,861,-87.2437940216511,49.3008059154327,40.7824425585219,-90.0832484739547
14.788657035848,901,867,-62.805866357917,32.1942565508189,31.0072714930283,-63.2015280438472
14.7907972177635,901,864,-77.4686229561574,39.5256348499391,38.3386497921485,-77.8642846420876
14.792937399679,901,866,-67.6934518906638,34.6380493171923,33.4510642594017,-68.089113576594
14.7950775815944,902,869,-57.9182808251701,24.8628782516986,31.0072714930283,-55.8701497447269
14.7972177635099,899,869,-43.2555242269297,32.1942565508189,16.3445148947878,-48.5387714456067
14.7993579454254,901,866,-67.6934518906638,34.6380493171923,33.4510642594017,-68.089113576594
14.8014981273408,901,868,-57.9182808251701,29.7504637844455,28.5634787266549,-58.3139425111003
14.8036383092563,903,871,-53.0306952924233,17.5314999525784,31.0072714930283,-48.5387714456067
14.8057784911717,902,870,-53.0306952924233,22.4190854853252,28.5634787266549,-50.9825642119801
14.8079186730872,902,868,-62.805866357917,27.306671018072,33.4510642594017,-60.7577352774737
14.8100588550027,901,874,-28.5927676286892,15.087707186205,13.9007221284144,-28.9884293146194
14.8121990369181,903,874,-38.3679386941829,10.2001216534582,23.6758931939081,-33.8760148473662
14.8143392188336,901,870,-48.1431097596765,24.8628782516986,23.6758931939081,-48.5387714456067
14.8164794007491,903,870,-57.9182808251701,19.9752927189518,33.4510642594017,-53.4263569783535
14.8186195826645,903,873,-43.2555242269297,12.6439144198316,26.1196859602815,-38.7636003801131
14.82075976458,902,868,-62.805866357917,27.306671018072,33.4510642594017,-60.7577352774737
14.8228999464955,900,868,-53.0306952924233,32.1942565508189,23.6758931939081,-55.8701497447269
14.8250401284109,902,871,-48.1431097596765,19.9752927189518,26.1196859602815,-46.0949786792333
14.8271803103264,904,873,-48.1431097596765,10.2001216534582,31.0072714930283,-41.2073931464865
14.8293204922418,902,870,-53.0306952924233,22.4190854853252,28.5634787266549,-50.9825642119801
14.8314606741573,901,872,-38.3679386941829,19.9752927189518,18.7883076611612,-38.7636003801131
14.8336008560728,903,873,-43.2555242269297,12.6439144198316,26.1196859602815,-38.7636003801131
14.8357410379882,902,870,-53.0306952924233,22.4190854853252,28.5634787266549,-50.9825642119801
14.8378812199037,902,869,-57.9182808251701,24.8628782516986,31.0072714930283,-55.8701497447269
14.8400214018192,902,871,-48.1431097596765,19.9752927189518,26.1196859602815,-46.0949786792333
14.8421615837346,896,866,-43.2555242269297,46.8570131490593,9.0131365956676,-55.8701497447269
14.8443017656501,891,860,-48.1431097596765,73.7387335791668,-0.762034469826034,-72.9766991093408
14.8464419475655,895,859,-72.5810374234106,66.4073552800466,21.2321004275346,-87.6394557075812
14.848582129481,896,856,-92.1313795543979,71.2949408127934,33.4510642594017,-104.746005072195
14.8507223113965,881,849,-53.0306952924233,125.058381673008,-22.7561693671867,-102.302212305822
14.8528624933119,886,849,-77.4686229561574,112.839417841141,1.68175829654737,-114.521176137689
14.8550026752274,893,854,-87.2437940216511,83.5139046446605,23.6758931939081,-107.189797838569
14.8571428571429,899,854,-116.569307218132,68.85114804642,53.001406390389,-121.852554436809
14.8592830390583,897,853,-111.681721685385,76.1825263455402,45.6700280912687,-121.852554436809
14.8614232209738,896,855,-97.0189650871447,73.7387335791668,35.8948570257751,-109.633590604942
14.8635634028892,898,860,-82.3562084889042,56.632184214553,33.4510642594017,-90.0832484739547
14.8657035848047,897,856,-97.0189650871447,68.85114804642,38.3386497921485,-107.189797838569
14.8678437667202,895,855,-92.1313795543979,76.1825263455402,31.0072714930283,-107.189797838569
14.8699839486356,896,860,-72.5810374234106,61.5197697472998,23.6758931939081,-85.1956629412078
14.8721241305511,896,853,-106.794136152638,78.6263191119136,40.7824425585219,-119.408761670436
14.8742643124666,894,844,-141.007234881866,105.508039542021,53.001406390389,-158.50944593241
14.876404494382,894,847,-126.344478283626,98.1766612429009,45.6700280912687,-143.84668933417
14.8785446762975,895,845,-141.007234881866,100.620454009274,55.4451991567624,-156.065653166037
14.8806848582129,894,839,-165.4451625456,117.727003373888,65.220370222256,-182.947373596144
14.8828250401284,894,839,-165.4451625456,117.727003373888,65.220370222256,-182.947373596144
14.8849652220439,894,841,-155.669991480107,112.839417841141,60.3327846895092,-173.172202530651
14.8871054039593,893,835,-180.107919143841,129.945967205755,70.1079557550028,-200.053922960758
14.8892455858748,892,832,-189.883090209334,139.721138271249,72.5517485213763,-212.272886792625
14.8913857677903,892,834,-180.107919143841,134.833552738502,67.6641629886294,-202.497715727131
14.8935259497057,892,834,-180.107919143841,134.833552738502,67.6641629886294,-202.497715727131
14.8956661316212,889,826,-204.545846807575,161.71527316861,72.5517485213763,-234.267021689986
14.8978063135367,889,827,-199.658261274828,159.271480402236,70.1079557550028,-229.379436157239
14.8999464954521,891,828,-204.545846807575,151.940102103116,77.4393340541231,-229.379436157239
14.9020866773676,893,831,-199.658261274828,139.721138271249,79.8831268204965,-219.604265091745
14.904226859283,905,889,25.1706732315258,-31.3443553748898,-3.20582723619944,34.5501826110892
14.9063670411985,907,883,-13.9300110304488,-21.5691843093961,21.2321004275347,0.337083881861489
14.908507223114,892,816,-268.084458733283,178.821822533223,111.652432783351,-290.474255316574
14.9106474050294,888,820,-228.983774471309,178.821822533223,82.3269195868699,-261.148742120093
14.9127875869449,888,822,-219.208603405815,173.934237000477,77.4393340541231,-251.3735710546
14.9149277688604,888,826,-199.658261274828,164.159065934983,67.6641629886294,-231.823228923612
14.9170679507758,890,824,-219.208603405815,164.159065934983,82.3269195868699,-246.485985521853
14.9192081326913,891,827,-209.433432340322,154.383894869489,79.8831268204965,-234.267021689986
14.9213483146067,891,831,-189.883090209334,144.608723803996,70.1079557550028,-214.716679558999
14.9234884965222,891,830,-194.770675742081,147.052516570369,72.5517485213762,-219.604265091745
14.9256286784377,890,824,-219.208603405815,164.159065934983,82.3269195868699,-246.485985521853
14.9277688603531,889,826,-204.545846807575,161.71527316861,72.5517485213763,-234.267021689986
14.9299090422686,890,823,-224.096188938562,166.602858701356,84.7707123532433,-251.3735710546
14.9320492241841,903,880,-9.04242549770196,-4.46263494478227,9.0131365956676,-4.55050165088533
14.9341894060995,904,867,-77.4686229561574,24.8628782516986,45.6700280912687,-70.5329063429674
14.936329588015,903,871,-53.0306952924233,17.5314999525784,31.0072714930283,-48.5387714456067
14.9384697699304,904,869,-67.6934518906638,19.9752927189518,40.7824425585219,-60.7577352774737
14.9406099518459,901,863,-82.3562084889042,41.9694276163125,40.7824425585219,-82.7518701748344
14.9427501337614,900,862,-82.3562084889042,46.8570131490593,38.3386497921485,-85.1956629412078
14.9448903156768,900,862,-82.3562084889042,46.8570131490593,38.3386497921485,-85.1956629412078
14.9470304975923,898,858,-92.1313795543979,61.5197697472998,38.3386497921485,-99.8584195394483
14.9491706795078,897,855,-101.906550619892,71.2949408127934,40.7824425585219,-112.077383371315
14.9513108614232,899,861,-82.3562084889042,51.7445986818061,35.8948570257751,-87.6394557075812
14.9534510433387,897,862,-67.6934518906638,54.1883914481796,23.6758931939081,-77.8642846420876
14.9555912252541,897,856,-97.0189650871447,68.85114804642,38.3386497921485,-107.189797838569
14.9577314071696,897,859,-82.3562084889042,61.5197697472998,31.0072714930283,-92.5270412403281
14.9598715890851,898,857,-97.0189650871447,63.9635625136732,40.7824425585219,-104.746005072195
14.9620117710005,896,852,-111.681721685385,81.0701118782871,43.2262353248953,-124.296347203182
14.964151952916,895,853,-101.906550619892,81.0701118782871,35.8948570257751,-116.964968904062
14.9662921348315,898,854,-111.681721685385,71.2949408127934,48.1138208576422,-119.408761670436
14.9684323167469,898,855,-106.794136152638,68.85114804642,45.6700280912687,-114.521176137689
14.9705724986624,898,857,-97.0189650871447,63.9635625136732,40.7824425585219,-104.746005072195
14.9727126805778,900,862,-82.3562084889042,46.8570131490593,38.3386497921485,-85.1956629412078
14.9748528624933,899,861,-82.3562084889042,51.7445986818061,35.8948570257751,-87.6394557075812
14.9769930444088,899,859,-92.1313795543979,56.632184214553,40.7824425585219,-97.4146267730749
14.9791332263242,899,858,-97.0189650871447,59.0759769809264,43.2262353248953,-102.302212305822
14.9812734082397,900,864,-72.5810374234106,41.9694276163125,33.4510642594017,-75.4204918757142
14.9834135901552,900,862,-82.3562084889042,46.8570131490593,38.3386497921485,-85.1956629412078
14.9855537720706,898,861,-77.4686229561574,54.1883914481796,31.0072714930283,-85.1956629412078
14.9876939539861,901,866,-67.6934518906638,34.6380493171923,33.4510642594017,-68.089113576594
14.9898341359016,901,872,-38.3679386941829,19.9752927189518,18.7883076611612,-38.7636003801131
14.991974317817,901,867,-62.805866357917,32.1942565508189,31.0072714930283,-63.2015280438472
14.9941144997325,901,867,-62.805866357917,32.1942565508189,31.0072714930283,-63.2015280438472
14.9962546816479,902,871,-48.1431097596765,19.9752927189518,26.1196859602815,-46.0949786792333
14.9983948635634,901,869,-53.0306952924233,27.306671018072,26.1196859602815,-53.4263569783535
15.0005350454789,901,866,-67.6934518906638,34.6380493171923,33.4510642594017,-68.089113576594
15.0026752273943,902,870,-53.0306952924233,22.4190854853252,28.5634787266549,-50.9825642119801
15.0048154093098,901,871,-43.2555242269297,22.4190854853252,21.2321004275347,-43.6511859128599
15.0069555912253,901,870,-48.1431097596765,24.8628782516986,23.6758931939081,-48.5387714456067
15.0090957731407,902,868,-62.805866357917,27.306671018072,33.4510642594017,-60.7577352774737
15.0112359550562,903,871,-53.0306952924233,17.5314999525784,31.0072714930283,-48.5387714456067
15.0133761369716,902,868,-62.805866357917,27.306671018072,33.4510642594017,-60.7577352774737
15.0155163188871,901,870,-48.1431097596765,24.8628782516986,23.6758931939081,-48.5387714456067
15.0176565008026,901,870,-48.1431097596765,24.8628782516986,23.6758931939081,-48.5387714456067
15.019796682718,899,871,-33.480353161436,27.306671018072,11.456929362041,-38.7636003801131
15.0219368646335,899,868,-48.1431097596765,34.6380493171923,18.7883076611612,-53.4263569783535
15.024077046549,901,872,-38.3679386941829,19.9752927189518,18.7883076611612,-38.7636003801131
15.0262172284644,902,875,-28.5927676286892,10.2001216534582,16.3445148947878,-26.544636548246
15.0283574103799,901,870,-48.1431097596765,24.8628782516986,23.6758931939081,-48.5387714456067
15.0304975922953,901,869,-53.0306952924233,27.306671018072,26.1196859602815,-53.4263569783535
15.0326377742108,904,874,-43.2555242269297,7.75632888708477,28.5634787266549,-36.3198076137397
15.0347779561263,902,873,-38.3679386941829,15.087707186205,21.2321004275347,-36.3198076137397
15.0369181380417,901,866,-67.6934518906638,34.6380493171923,33.4510642594017,-68.089113576594
15.0390583199572,901,869,-53.0306952924233,27.306671018072,26.1196859602815,-53.4263569783535
15.0411985018727,904,873,-48.1431097596765,10.2001216534582,31.0072714930283,-41.2073931464865
15.0433386837881,904,870,-62.805866357917,17.5314999525784,38.3386497921485,-55.8701497447269
15.0454788657036,900,869,-48.1431097596765,29.7504637844455,21.2321004275347,-50.9825642119801
15.047619047619,903,873,-43.2555242269297,12.6439144198316,26.1196859602815,-38.7636003801131
15.0497592295345,902,873,-38.3679386941829,15.087707186205,21.2321004275347,-36.3198076137397
15.05189941145,900,869,-48.1431097596765,29.7504637844455,21.2321004275347,-50.9825642119801
15.0540395933654,900,869,-48.1431097596765,29.7504637844455,21.2321004275347,-50.9825642119801
15.0561797752809,903,870,-57.9182808251701,19.9752927189518,33.4510642594017,-53.4263569783535
15.0583199571964,904,870,-62.805866357917,17.5314999525784,38.3386497921485,-55.8701497447269
15.0604601391118,901,868,-57.9182808251701,29.7504637844455,28.5634787266549,-58.3139425111003
15.0626003210273,903,874,-38.3679386941829,10.2001216534582,23.6758931939081,-33.8760148473662
15.0647405029428,901,871,-43.2555242269297,22.4190854853252,21.2321004275347,-43.6511859128599
15.0668806848582,888,805,-302.297557462511,215.478714028825,118.983811082471,-334.462525111296
15.0690208667737,884,817,-224.096188938562,195.928371897837,70.1079557550028,-266.03632765284
15.0711610486891,885,819,-219.208603405815,188.596993598717,70.1079557550028,-258.70494935372
15.0733012306046,884,817,-224.096188938562,195.928371897837,70.1079557550028,-266.03632765284
15.0754414125201,889,820,-233.871360004056,176.37802976685,87.2145051196167,-263.592534886467
15.0775815944355,892,828,-209.433432340322,149.496309336743,82.3269195868699,-231.823228923612
15.079721776351,891,826,-214.321017873068,156.827687635863,82.3269195868699,-239.154607222733
15.0818619582665,893,825,-228.983774471309,154.383894869489,94.5458834187369,-248.929778288226
15.0840021401819,890,829,-194.770675742081,151.940102103116,70.1079557550028,-222.048057858119
15.0861423220974,891,832,-184.995504676587,142.164931037622,67.6641629886294,-209.829094026252
15.0882825040128,890,824,-219.208603405815,164.159065934983,82.3269195868699,-246.485985521853
15.0904226859283,889,823,-219.208603405815,169.04665146773,79.8831268204965,-248.929778288226
15.0925628678438,891,829,-199.658261274828,149.496309336743,74.9955412877497,-224.491850624492
15.0947030497592,892,830,-199.658261274828,144.608723803996,77.4393340541231,-222.048057858119
15.0968432316747,890,825,-214.321017873068,161.71527316861,79.8831268204965,-241.598399989106
15.0989834135902,891,828,-204.545846807575,151.940102103116,77.4393340541231,-229.379436157239
15.1011235955056,892,829,-204.545846807575,147.052516570369,79.8831268204965,-226.935643390866
15.1032637774211,892,830,-199.658261274828,144.608723803996,77.4393340541231,-222.048057858119
15.1054039593365,889,826,-204.545846807575,161.71527316861,72.5517485213763,-234.267021689986
15.107544141252,893,830,-204.545846807575,142.164931037622,82.3269195868699,-224.491850624492
15.1096843231675,893,830,-204.545846807575,142.164931037622,82.3269195868699,-224.491850624492
15.1118245050829,891,830,-194.770675742081,147.052516570369,72.5517485213762,-219.604265091745
15.1139646869984,894,832,-199.658261274828,134.833552738502,82.3269195868699,-217.160472325372
15.1161048689139,894,834,-189.883090209334,129.945967205755,77.4393340541231,-207.385301259878
15.1182450508293,893,833,-189.883090209334,134.833552738502,74.9955412877497,-209.829094026252
15.1203852327448,876,834,-101.906550619892,173.934237000477,-10.5372055353197,-163.397031465157
15.1225254146602,889,838,-145.894820414613,132.389759972129,43.2262353248953,-175.615995297024
15.1246655965757,869,832,-77.4686229561574,195.928371897837,-39.8627187318006,-156.065653166037
15.1268057784912,891,835,-170.332748078347,134.833552738502,60.3327846895092,-195.166337428011
15.1289459604066,893,842,-145.894820414613,112.839417841141,53.001406390389,-165.84082423153
15.1310861423221,893,842,-145.894820414613,112.839417841141,53.001406390389,-165.84082423153
15.1332263242376,893,837,-170.332748078347,125.058381673008,65.220370222256,-190.278751895264
15.135366506153,890,841,-136.119649349119,122.614588906635,40.7824425585219,-163.397031465157
15.1375066880685,894,843,-145.894820414613,107.951832308395,55.4451991567624,-163.397031465157
15.1396468699839,895,839,-170.332748078347,115.283210607515,70.1079557550028,-185.391166362518
15.1417870518994,894,837,-175.220333611094,122.614588906635,70.1079557550028,-192.722544661638
15.1439272338149,894,845,-136.119649349119,103.064246775648,50.5576136240156,-153.621860399663
15.1460674157303,897,846,-145.894820414613,93.2890757101541,62.7765774558826,-156.065653166037
15.1482075976458,894,846,-131.232063816372,100.620454009274,48.1138208576421,-148.734274866916
15.1503477795613,895,851,-111.681721685385,85.9576974110339,40.7824425585219,-126.740139969556
15.1524879614767,898,857,-97.0189650871447,63.9635625136732,40.7824425585219,-104.746005072195
15.1546281433922,895,855,-92.1313795543979,76.1825263455402,31.0072714930283,-107.189797838569
15.1567683253077,896,858,-82.3562084889042,66.4073552800466,28.5634787266549,-94.9708340067015
15.1589085072231,898,860,-82.3562084889042,56.632184214553,33.4510642594017,-90.0832484739547
15.1610486891386,900,860,-92.1313795543979,51.7445986818061,43.2262353248953,-94.9708340067015
15.163188871054,898,857,-97.0189650871447,63.9635625136732,40.7824425585219,-104.746005072195
15.1653290529695,893,862,-48.1431097596765,63.9635625136732,4.12555106292078,-68.089113576594
15.167469234885,894,864,-43.2555242269297,56.632184214553,4.12555106292078,-60.7577352774737
15.1696094168004,890,857,-57.9182808251702,83.5139046446605,1.68175829654738,-85.1956629412078
15.1717495987159,894,861,-57.9182808251702,63.9635625136732,11.456929362041,-75.4204918757142
15.1738897806314,897,867,-43.2555242269297,41.9694276163125,11.456929362041,-53.4263569783535
15.1760299625468,897,869,-33.480353161436,37.0818420835657,6.56934382929419,-43.6511859128599
15.1781701444623,900,867,-57.9182808251701,34.6380493171923,26.1196859602815,-60.7577352774737
15.1803103263777,902,871,-48.1431097596765,19.9752927189518,26.1196859602815,-46.0949786792333
15.1824505082932,902,873,-38.3679386941829,15.087707186205,21.2321004275347,-36.3198076137397
15.1845906902087,902,873,-38.3679386941829,15.087707186205,21.2321004275347,-36.3198076137397
15.1867308721241,901,874,-28.5927676286892,15.087707186205,13.9007221284144,-28.9884293146194
15.1888710540396,902,877,-18.8175965631956,5.31253612071136,11.456929362041,-16.7694654827524
15.1910112359551,903,878,-18.8175965631956,0.424950587964545,13.9007221284144,-14.325672716379
15.1931514178705,903,875,-33.480353161436,7.75632888708477,21.2321004275347,-28.9884293146194
15.195291599786,903,879,-13.9300110304488,-2.01884217840886,11.456929362041,-9.43808718363215
15.1974317817014,903,881,-4.15483996495514,-6.90642771115568,6.56934382929419,0.337083881861489
15.1995719636169,903,879,-13.9300110304488,-2.01884217840886,11.456929362041,-9.43808718363215
15.2017121455324,903,882,0.732745567791682,-9.35022047752909,4.12555106292078,5.22466941460831
15.2038523274478,906,883,-9.04242549770196,-19.1253915430227,16.3445148947878,2.7808766482349
15.2059925093633,905,885,5.6203311005385,-21.5691843093961,6.56934382929419,14.9998404801019
15.2081326912788,904,880,-13.9300110304488,-6.90642771115568,13.9007221284144,-6.99429441725874
15.2102728731942,905,884,0.732745567791682,-19.1253915430227,9.0131365956676,10.1122549473551
15.2124130551097,904,883,0.732745567791682,-14.2378060102759,6.56934382929419,7.66846218098172
15.2145532370251,902,879,-9.04242549770196,0.424950587964545,6.56934382929419,-6.99429441725874
15.2166934189406,903,879,-13.9300110304488,-2.01884217840886,11.456929362041,-9.43808718363215
15.2188336008561,904,879,-18.8175965631956,-4.46263494478227,16.3445148947878,-11.8818799500056
15.2209737827715,903,876,-28.5927676286892,5.31253612071136,18.7883076611612,-24.1008437818726
15.223113964687,902,874,-33.480353161436,12.6439144198316,18.7883076611612,-31.4322220809928
15.2252541466025,902,874,-33.480353161436,12.6439144198316,18.7883076611612,-31.4322220809928
15.2273943285179,900,869,-48.1431097596765,29.7504637844455,21.2321004275347,-50.9825642119801
15.2295345104334,900,862,-82.3562084889042,46.8570131490593,38.3386497921485,-85.1956629412078
15.2316746923489,898,862,-72.5810374234106,51.7445986818061,28.5634787266549,-80.308077408461
15.2338148742643,900,866,-62.805866357917,37.0818420835657,28.5634787266549,-65.6453208102206
15.2359550561798,898,862,-72.5810374234106,51.7445986818061,28.5634787266549,-80.308077408461
15.2380952380952,899,863,-72.5810374234106,46.8570131490593,31.0072714930283,-77.8642846420876
15.2402354200107,900,868,-53.0306952924233,32.1942565508189,23.6758931939081,-55.8701497447269
15.2423756019262,902,869,-57.9182808251701,24.8628782516986,31.0072714930283,-55.8701497447269
15.2445157838416,901,867,-62.805866357917,32.1942565508189,31.0072714930283,-63.2015280438472
15.2466559657571,902,866,-72.5810374234106,32.1942565508189,38.3386497921485,-70.5329063429674
15.2487961476726,902,871,-48.1431097596765,19.9752927189518,26.1196859602815,-46.0949786792333
15.250936329588,902,867,-67.6934518906638,29.7504637844455,35.8948570257751,-65.6453208102206
15.2530765115035,901,868,-57.9182808251701,29.7504637844455,28.5634787266549,-58.3139425111003
15.2552166934189,903,871,-53.0306952924233,17.5314999525784,31.0072714930283,-48.5387714456067
15.2573568753344,902,875,-28.5927676286892,10.2001216534582,16.3445148947878,-26.544636548246
15.2594970572499,904,870,-62.805866357917,17.5314999525784,38.3386497921485,-55.8701497447269
15.2616372391653,902,873,-38.3679386941829,15.087707186205,21.2321004275347,-36.3198076137397
15.2637774210808,902,873,-38.3679386941829,15.087707186205,21.2321004275347,-36.3198076137397
15.2659176029963,901,865,-72.5810374234106,37.0818420835657,35.8948570257751,-72.9766991093408
15.2680577849117,898,852,-121.456892750879,76.1825263455402,53.001406390389,-129.183932735929
15.2701979668272,898,856,-101.906550619892,66.4073552800466,43.2262353248953,-109.633590604942
15.2723381487426,896,857,-87.2437940216511,68.85114804642,31.0072714930283,-99.8584195394483
15.2744783306581,895,857,-82.3562084889042,71.2949408127934,26.1196859602815,-97.4146267730749
15.2766185125736,897,861,-72.5810374234106,56.632184214553,26.1196859602815,-82.7518701748344
15.278758694489,900,863,-77.4686229561574,44.4132203826859,35.8948570257751,-80.308077408461
15.2808988764045,899,861,-82.3562084889042,51.7445986818061,35.8948570257751,-87.6394557075812
15.28303905832,900,862,-82.3562084889042,46.8570131490593,38.3386497921485,-85.1956629412078
15.2851792402354,900,868,-53.0306952924233,32.1942565508189,23.6758931939081,-55.8701497447269
15.2873194221509,900,868,-53.0306952924233,32.1942565508189,23.6758931939081,-55.8701497447269
15.2894596040663,899,864,-67.6934518906638,44.4132203826859,28.5634787266549,-72.9766991093408
15.2915997859818,902,871,-48.1431097596765,19.9752927189518,26.1196859602815,-46.0949786792333
15.2937399678973,902,874,-33.480353161436,12.6439144198316,18.7883076611612,-31.4322220809928
15.2958801498127,901,869,-53.0306952924233,27.306671018072,26.1196859602815,-53.4263569783535
15.2980203317282,900,869,-48.1431097596765,29.7504637844455,21.2321004275347,-50.9825642119801
15.3001605136437,902,872,-43.2555242269297,17.5314999525784,23.6758931939081,-41.2073931464865
15.3023006955591,902,874,-33.480353161436,12.6439144198316,18.7883076611612,-31.4322220809928
15.3044408774746,902,870,-53.0306952924233,22.4190854853252,28.5634787266549,-50.9825642119801
15.30658105939,903,874,-38.3679386941829,10.2001216534582,23.6758931939081,-33.8760148473662
15.3087212413055,903,875,-33.480353161436,7.75632888708477,21.2321004275347,-28.9884293146194
15.310861423221,902,872,-43.2555242269297,17.5314999525784,23.6758931939081,-41.2073931464865
15.3130016051364,900,862,-82.3562084889042,46.8570131490593,38.3386497921485,-85.1956629412078
15.3151417870519,900,866,-62.805866357917,37.0818420835657,28.5634787266549,-65.6453208102206
15.3172819689674,895,847,-131.232063816372,95.7328684765275,50.5576136240156,-146.290482100543
15.3194221508828,894,849,-116.569307218132,93.2890757101541,40.7824425585219,-134.071518268676
15.3215623327983,894,850,-111.681721685385,90.8452829437807,38.3386497921485,-129.183932735929
15.3237025147138,896,851,-116.569307218132,83.5139046446605,45.6700280912687,-129.183932735929
15.3258426966292,896,849,-126.344478283626,88.4014901774073,50.5576136240156,-138.959103801423
15.3279828785447,895,849,-121.456892750879,90.8452829437807,45.6700280912687,-136.515311035049
15.3301230604601,898,856,-101.906550619892,66.4073552800466,43.2262353248953,-109.633590604942
15.3322632423756,898,853,-116.569307218132,73.7387335791668,50.5576136240156,-124.296347203182
15.3344034242911,898,850,-131.232063816372,81.0701118782871,57.8889919231358,-138.959103801423
15.3365436062065,895,851,-111.681721685385,85.9576974110339,40.7824425585219,-126.740139969556
15.338683788122,897,851,-121.456892750879,81.0701118782871,50.5576136240156,-131.627725502303
15.3408239700375,896,847,-136.119649349119,93.2890757101541,55.4451991567624,-148.734274866916
15.3429641519529,897,849,-131.232063816372,85.9576974110339,55.4451991567624,-141.402896567796
15.3451043338684,896,846,-141.007234881866,95.7328684765275,57.8889919231358,-153.621860399663
15.3472445157838,894,842,-150.78240594736,110.395625074768,57.8889919231358,-168.284616997904
15.3493846976993,895,843,-150.78240594736,105.508039542021,60.3327846895092,-165.84082423153
15.3515248796148,893,845,-131.232063816372,105.508039542021,45.6700280912687,-151.17806763329
15.3536650615302,895,846,-136.119649349119,98.1766612429009,53.001406390389,-151.17806763329
15.3558052434457,894,841,-155.669991480107,112.839417841141,60.3327846895092,-173.172202530651
15.3579454253612,893,840,-155.669991480107,117.727003373888,57.8889919231358,-175.615995297024
15.3600856072766,895,843,-150.78240594736,105.508039542021,60.3327846895092,-165.84082423153
15.3622257891921,895,841,-160.557577012853,110.395625074768,65.220370222256,-175.615995297024
15.3643659711075,893,840,-155.669991480107,117.727003373888,57.8889919231358,-175.615995297024
15.366506153023,895,842,-155.669991480107,107.951832308395,62.7765774558826,-170.728409764277
15.3686463349385,894,843,-145.894820414613,107.951832308395,55.4451991567624,-163.397031465157
15.3707865168539,894,840,-160.557577012853,115.283210607515,62.7765774558826,-178.059788063397
15.3729266987694,894,841,-155.669991480107,112.839417841141,60.3327846895092,-173.172202530651
15.3750668806849,894,843,-145.894820414613,107.951832308395,55.4451991567624,-163.397031465157
15.3772070626003,876,837,-87.2437940216511,166.602858701356,-17.8685838344399,-148.734274866917
15.3793472445158,885,839,-121.456892750879,139.721138271249,21.2321004275346,-160.953238698784
15.3814874264312,896,842,-160.557577012853,105.508039542021,67.6641629886294,-173.172202530651
15.3836276083467,895,849,-121.456892750879,90.8452829437807,45.6700280912687,-136.515311035049
15.3857677902622,897,845,-150.78240594736,95.7328684765275,65.220370222256,-160.953238698784
15.3879079721776,898,848,-141.007234881866,85.9576974110339,62.7765774558826,-148.734274866916
15.3900481540931,900,850,-141.007234881866,76.1825263455402,67.6641629886294,-143.84668933417
15.3921883360086,896,843,-155.669991480107,103.064246775648,65.220370222256,-168.284616997904
15.394328517924,896,843,-155.669991480107,103.064246775648,65.220370222256,-168.284616997904
15.3964686998395,896,847,-136.119649349119,93.2890757101541,55.4451991567624,-148.734274866916
15.3986088817549,895,846,-136.119649349119,98.1766612429009,53.001406390389,-151.17806763329
15.4007490636704,892,842,-141.007234881866,115.283210607515,48.1138208576422,-163.397031465157
15.4028892455859,889,845,-111.681721685385,115.283210607515,26.1196859602815,-141.402896567796
15.4050294275013,893,848,-116.569307218132,98.1766612429009,38.3386497921485,-136.515311035049
15.4071696094168,891,843,-131.232063816372,115.283210607515,40.7824425585219,-156.065653166037
15.4093097913323,893,840,-155.669991480107,117.727003373888,57.8889919231358,-175.615995297024
15.4114499732477,894,844,-141.007234881866,105.508039542021,53.001406390389,-158.50944593241
15.4135901551632,894,844,-141.007234881866,105.508039542021,53.001406390389,-158.50944593241
15.4157303370787,895,843,-150.78240594736,105.508039542021,60.3327846895092,-165.84082423153
15.4178705189941,894,844,-141.007234881866,105.508039542021,53.001406390389,-158.50944593241
15.4200107009096,892,847,-116.569307218132,103.064246775648,35.8948570257751,-138.959103801423
15.422150882825,890,841,-136.119649349119,122.614588906635,40.7824425585219,-163.397031465157
15.4242910647405,891,839,-150.78240594736,125.058381673008,50.5576136240156,-175.615995297024
15.426431246656,892,841,-145.894820414613,117.727003373888,50.5576136240156,-168.284616997904
15.4285714285714,892,835,-175.220333611094,132.389759972129,65.220370222256,-197.610130194385
15.4307116104869,893,832,-194.770675742081,137.277345504875,77.4393340541231,-214.716679558999
15.4328517924024,892,833,-184.995504676587,137.277345504875,70.1079557550028,-207.385301259878
15.4349919743178,889,834,-165.4451625456,142.164931037622,53.001406390389,-195.166337428011
15.4371321562333,888,829,-184.995504676587,156.827687635863,60.3327846895092,-217.160472325372
15.4392723381487,889,832,-175.220333611094,147.052516570369,57.8889919231358,-204.941508493505
15.4414125200642,892,830,-199.658261274828,144.608723803996,77.4393340541231,-222.048057858119
15.4435527019797,892,824,-228.983774471309,159.271480402236,92.1020906523635,-251.3735710546
15.4456928838951,888,818,-238.758945536802,183.70940806597,87.2145051196167,-270.923913185587
15.4478330658106,886,817,-233.871360004056,191.04078636509,79.8831268204965,-270.923913185587
15.4499732477261,884,810,-258.30928766779,213.034921262451,87.2145051196167,-300.249426382068
15.4521134296415,886,807,-282.747215331524,215.478714028825,104.321054484231,-319.799768513055
15.454253611557,881,789,-346.285827257232,271.685947655413,123.871396615218,-395.557344270631
15.4563937934724,884,799,-312.072728528005,239.916641692559,114.096225549724,-354.012867242283
15.4585339753879,895,805,-336.510656191739,198.372164664211,153.196909811699,-351.569074475909
15.4606741573034,885,806,-282.747215331524,220.366299561571,101.877261717857,-322.243561279429
15.4628143392188,886,816,-238.758945536802,193.484579131464,82.3269195868699,-275.811498718334
15.4649545211343,889,820,-233.871360004056,176.37802976685,87.2145051196167,-263.592534886467
15.4670947030498,878,774,-404.936853650194,315.674217450134,145.865531512579,-461.539748962713
15.4692348849652,878,792,-316.960314060752,271.685947655413,101.877261717857,-373.56320937327
15.4713750668807,879,804,-263.196873200537,239.916641692559,77.4393340541231,-317.355975746682
15.4735152487961,880,808,-248.534116602296,227.697677860692,72.5517485213763,-300.249426382068
15.4756554307116,881,812,-233.871360004056,215.478714028825,67.6641629886294,-283.142877017454
15.4777956126271,884,819,-214.321017873068,191.04078636509,65.220370222256,-256.261156587347
15.4799357945425,883,823,-189.883090209334,183.70940806597,50.5576136240156,-234.267021689986
15.482075976458,882,823,-184.995504676587,186.153200832344,45.6700280912687,-231.823228923612
15.4842161583735,875,823,-150.78240594736,203.259750196958,11.456929362041,-214.716679558999
15.4863563402889,888,830,-180.107919143841,154.383894869489,57.8889919231358,-212.272886792625
15.4884965222044,889,832,-175.220333611094,147.052516570369,57.8889919231358,-204.941508493505
15.4906367041199,888,834,-160.557577012853,144.608723803996,48.1138208576422,-192.722544661638
15.4927768860353,889,837,-150.78240594736,134.833552738502,45.6700280912687,-180.503580829771
15.4949170679508,891,839,-150.78240594736,125.058381673008,50.5576136240156,-175.615995297024
15.4970572498662,891,840,-145.894820414613,122.614588906635,48.1138208576422,-170.728409764277
15.4991974317817,891,842,-136.119649349119,117.727003373888,43.2262353248953,-160.953238698784
15.5013376136972,891,844,-126.344478283626,112.839417841141,38.3386497921485,-151.17806763329
15.5034777956126,889,842,-126.344478283626,122.614588906635,33.4510642594017,-156.065653166037
15.5056179775281,891,846,-116.569307218132,107.951832308395,33.4510642594017,-141.402896567796
15.5077581594436,893,848,-116.569307218132,98.1766612429009,38.3386497921485,-136.515311035049
15.509898341359,893,851,-101.906550619892,90.8452829437807,31.0072714930283,-121.852554436809
15.5120385232745,893,851,-101.906550619892,90.8452829437807,31.0072714930283,-121.852554436809
15.5141787051899,893,854,-87.2437940216511,83.5139046446605,23.6758931939081,-107.189797838569
15.5163188871054,894,854,-92.1313795543979,81.0701118782871,28.5634787266549,-109.633590604942
15.5184590690209,890,853,-77.4686229561574,93.2890757101541,11.456929362041,-104.746005072195
15.5205992509363,887,852,-67.6934518906638,103.064246775648,-0.762034469826034,-102.302212305822
15.5227394328518,893,857,-72.5810374234106,76.1825263455402,16.3445148947878,-92.5270412403281
15.5248796147673,893,858,-67.6934518906638,73.7387335791668,13.9007221284144,-87.6394557075812
15.5270197966827,893,857,-72.5810374234106,76.1825263455402,16.3445148947878,-92.5270412403281
15.5291599785982,895,858,-77.4686229561574,68.85114804642,23.6758931939081,-92.5270412403281
15.5313001605136,895,861,-62.805866357917,61.5197697472998,16.3445148947878,-77.8642846420876
15.5334403424291,894,858,-72.5810374234106,71.2949408127934,18.7883076611612,-90.0832484739547
15.5355805243446,894,858,-72.5810374234106,71.2949408127934,18.7883076611612,-90.0832484739547
15.53772070626,897,860,-77.4686229561574,59.0759769809264,28.5634787266549,-87.6394557075812
15.5398608881755,896,858,-82.3562084889042,66.4073552800466,28.5634787266549,-94.9708340067015
15.542001070091,897,860,-77.4686229561574,59.0759769809264,28.5634787266549,-87.6394557075812
15.5441412520064,897,861,-72.5810374234106,56.632184214553,26.1196859602815,-82.7518701748344
15.5462814339219,896,859,-77.4686229561574,63.9635625136732,26.1196859602815,-90.0832484739547
15.5484216158373,895,860,-67.6934518906638,63.9635625136732,18.7883076611612,-82.7518701748344
15.5505617977528,894,861,-57.9182808251702,63.9635625136732,11.456929362041,-75.4204918757142
15.5527019796683,894,861,-57.9182808251702,63.9635625136732,11.456929362041,-75.4204918757142
15.5548421615837,894,861,-57.9182808251702,63.9635625136732,11.456929362041,-75.4204918757142
15.5569823434992,896,861,-67.6934518906638,59.0759769809264,21.2321004275347,-80.308077408461
15.5591225254147,898,866,-53.0306952924233,41.9694276163125,18.7883076611612,-60.7577352774737
15.5612627073301,897,866,-48.1431097596765,44.4132203826859,13.9007221284144,-58.3139425111003
15.5634028892456,897,864,-57.9182808251701,49.3008059154327,18.7883076611612,-68.089113576594
15.565543071161,898,865,-57.9182808251702,44.4132203826859,21.2321004275347,-65.6453208102206
15.5676832530765,898,865,-57.9182808251702,44.4132203826859,21.2321004275347,-65.6453208102206
15.569823434992,898,864,-62.805866357917,46.8570131490593,23.6758931939081,-70.5329063429674
15.5719636169074,897,864,-57.9182808251701,49.3008059154327,18.7883076611612,-68.089113576594
15.5741037988229,897,865,-53.0306952924233,46.8570131490593,16.3445148947878,-63.2015280438472
15.5762439807384,898,866,-53.0306952924233,41.9694276163125,18.7883076611612,-60.7577352774737
15.5783841626538,898,866,-53.0306952924233,41.9694276163125,18.7883076611612,-60.7577352774737
15.5805243445693,897,871,-23.7051820959424,32.1942565508189,1.68175829654738,-33.8760148473662
15.5826645264848,899,871,-33.480353161436,27.306671018072,11.456929362041,-38.7636003801131
15.5848047084002,898,870,-33.480353161436,32.1942565508189,9.0131365956676,-41.2073931464865
15.5869448903157,900,870,-43.2555242269297,27.306671018072,18.7883076611612,-46.0949786792333
15.5890850722311,899,872,-28.5927676286892,24.8628782516986,9.0131365956676,-33.8760148473662
15.5912252541466,901,873,-33.480353161436,17.5314999525784,16.3445148947878,-33.8760148473662
15.5933654360621,895,867,-33.480353161436,46.8570131490593,1.68175829654738,-48.5387714456067
15.5955056179775,905,952,333.088561794575,-185.303299656415,-157.164771517724,342.468071174139
15.597645799893,913,943,249.999607737879,-182.859506890041,-96.069952358389,278.92945924843
15.5997859818085,915,935,201.123752410411,-168.196750291801,-66.7444391619081,234.941189453709
15.6019261637239,916,925,147.360311550196,-146.20261539444,-37.4189259654272,183.621541359867
15.6040663456394,915,922,137.585140484703,-136.427444328946,-34.9751331990538,171.402577528
15.6062065275548,911,917,132.697554951956,-114.433309431586,-42.306511498174,156.73982092976
15.6083467094703,910,906,83.8216996244876,-85.1077962351048,-20.3123766008133,105.420172835918
15.6104868913858,910,900,54.4961864280067,-70.4450396368643,-5.64962000257285,76.0946596394372
15.6126270733012,909,897,44.721015362513,-60.6698685713707,-3.20582723619944,63.8756958075701
15.6147672552167,897,851,-121.456892750879,81.0701118782871,50.5576136240156,-131.627725502303
15.6169074371322,894,852,-101.906550619892,85.9576974110339,33.4510642594017,-119.408761670436
15.6190476190476,894,858,-72.5810374234106,71.2949408127934,18.7883076611612,-90.0832484739547
15.6211878009631,892,856,-72.5810374234106,81.0701118782871,13.9007221284144,-94.9708340067015
15.6233279828785,891,854,-77.4686229561574,88.4014901774073,13.9007221284144,-102.302212305822
15.625468164794,894,857,-77.4686229561574,73.7387335791668,21.2321004275347,-94.9708340067015
15.6276083467095,895,861,-62.805866357917,61.5197697472998,16.3445148947878,-77.8642846420876
15.6297485286249,895,859,-72.5810374234106,66.4073552800466,21.2321004275346,-87.6394557075812
15.6318887105404,898,862,-72.5810374234106,51.7445986818061,28.5634787266549,-80.308077408461
15.6340288924559,899,866,-57.9182808251701,39.5256348499391,23.6758931939081,-63.2015280438472
15.6361690743713,899,866,-57.9182808251701,39.5256348499391,23.6758931939081,-63.2015280438472
15.6383092562868,898,864,-62.805866357917,46.8570131490593,23.6758931939081,-70.5329063429674
15.6404494382022,899,869,-43.2555242269297,32.1942565508189,16.3445148947878,-48.5387714456067
15.6425896201177,899,870,-38.3679386941829,29.7504637844455,13.9007221284144,-43.6511859128599
15.6447298020332,900,871,-38.3679386941829,24.8628782516986,16.3445148947878,-41.2073931464865
15.6468699839486,900,872,-33.480353161436,22.4190854853252,13.9007221284144,-36.3198076137397
15.6490101658641,901,879,-4.15483996495514,2.86874335433795,1.68175829654738,-4.55050165088533
15.6511503477796,901,873,-33.480353161436,17.5314999525784,16.3445148947878,-33.8760148473662
15.653290529695,899,875,-13.9300110304488,17.5314999525784,1.68175829654738,-19.2132582491258
15.6554307116105,902,874,-33.480353161436,12.6439144198316,18.7883076611612,-31.4322220809928
15.6575708935259,899,857,-101.906550619892,61.5197697472998,45.6700280912687,-107.189797838569
15.6597110754414,892,845,-126.344478283626,107.951832308395,40.7824425585219,-148.734274866916
15.6618512573569,891,837,-160.557577012853,129.945967205755,55.4451991567624,-185.391166362518
15.6639914392723,889,833,-170.332748078347,144.608723803996,55.4451991567624,-200.053922960758
15.6661316211878,888,825,-204.545846807575,166.602858701356,70.1079557550028,-236.710814456359
15.6682718031033,886,818,-228.983774471309,188.596993598717,77.4393340541231,-266.03632765284
15.6704119850187,886,819,-224.096188938562,186.153200832344,74.9955412877497,-261.148742120093
15.6725521669342,886,815,-243.646531069549,195.928371897837,84.7707123532433,-280.699084251081
15.6746923488497,894,851,-106.794136152638,88.4014901774073,35.8948570257751,-124.296347203182
15.6768325307651,889,826,-204.545846807575,161.71527316861,72.5517485213763,-234.267021689986
15.6789727126806,888,826,-199.658261274828,164.159065934983,67.6641629886294,-231.823228923612
15.681112894596,888,822,-219.208603405815,173.934237000477,77.4393340541231,-251.3735710546
15.6832530765115,889,824,-214.321017873068,166.602858701356,77.4393340541231,-244.042192755479
15.685393258427,890,825,-214.321017873068,161.71527316861,79.8831268204965,-241.598399989106
15.6875334403424,891,826,-214.321017873068,156.827687635863,82.3269195868699,-239.154607222733
15.6896736222579,889,821,-228.983774471309,173.934237000477,84.7707123532433,-258.70494935372
15.6918138041734,887,824,-204.545846807575,171.490444234103,67.6641629886294,-239.154607222733
15.6939539860888,890,822,-228.983774471309,169.04665146773,87.2145051196167,-256.261156587346
15.6960941680043,887,817,-238.758945536802,188.596993598717,84.7707123532433,-273.36770595196
15.6982343499197,873,766,-419.599610248435,347.443523412989,140.977945979832,-488.42146939282
15.7003745318352,876,783,-351.173412789979,298.56766808552,114.096225549724,-412.663893635245
15.7025147137507,877,791,-316.960314060752,276.57353318816,99.4334689514837,-376.007002139644
15.7046548956661,880,792,-326.735485126245,266.798362122666,111.652432783351,-378.450794906017
15.7067950775816,877,798,-282.747215331524,259.466983823546,82.3269195868699,-341.793903410416
15.7089352594971,879,803,-268.084458733283,242.360434458932,79.8831268204965,-322.243561279429
15.7110754414125,880,803,-272.97204426603,239.916641692559,84.7707123532433,-324.687354045802
15.713215623328,880,805,-263.196873200537,235.029056159812,79.8831268204965,-314.912182980308
15.7153558052434,882,811,-243.646531069549,215.478714028825,74.9955412877497,-290.474255316574
15.7174959871589,884,814,-238.758945536802,203.259750196957,77.4393340541231,-280.699084251081
15.7196361690744,885,802,-302.297557462511,230.141470627065,111.652432783351,-341.793903410416
15.7217763509898,883,817,-219.208603405815,198.372164664211,65.220370222256,-263.592534886467
15.7239165329053,884,821,-204.545846807575,186.153200832344,60.3327846895092,-246.485985521853
15.7260567148208,886,821,-214.321017873068,181.265615299597,70.1079557550028,-251.3735710546
15.7281968967362,887,823,-209.433432340322,173.934237000477,70.1079557550028,-244.042192755479
15.7303370786517,885,826,-184.995504676587,171.490444234103,53.001406390389,-224.491850624492
15.7324772605671,886,825,-194.770675742081,171.490444234103,60.3327846895092,-231.823228923612
15.7346174424826,888,826,-199.658261274828,164.159065934983,67.6641629886294,-231.823228923612
15.7367576243981,890,841,-136.119649349119,122.614588906635,40.7824425585219,-163.397031465157
15.7388978063135,895,855,-92.1313795543979,76.1825263455402,31.0072714930283,-107.189797838569
15.741037988229,894,853,-97.0189650871447,83.5139046446605,31.0072714930283,-114.521176137689
15.7431781701445,894,852,-101.906550619892,85.9576974110339,33.4510642594017,-119.408761670436
15.7453183520599,894,846,-131.232063816372,100.620454009274,48.1138208576421,-148.734274866916
15.7474585339754,875,840,-67.6934518906638,161.71527316861,-30.0875476663069,-131.627725502303
15.7495987158909,884,840,-111.681721685385,139.721138271249,13.9007221284144,-153.621860399663
15.7517388978063,888,843,-116.569307218132,122.614588906635,26.1196859602815,-148.734274866916
15.7538790797218,891,847,-111.681721685385,105.508039542021,31.0072714930283,-136.515311035049
15.7560192616372,905,920,176.685824746677,-107.101931132465,-78.9634029937751,186.065334126241
15.7581594435527,911,904,69.1589430262471,-82.6640034687314,-10.5372055353197,93.201209004051
15.7602996254682,907,899,64.2713574935003,-60.6698685713707,-17.8685838344399,78.5384524058106
15.7624398073836,904,890,34.9458442970194,-31.3443553748898,-10.5372055353197,41.8815609102094
15.7645799892991,901,887,34.9458442970194,-16.6815987766493,-17.8685838344399,34.5501826110892
15.7667201712146,918,959,303.763048598094,-234.179154983883,-110.732708956629,344.911863940512
15.76886035313,914,914,103.372041755475,-114.433309431586,-20.3123766008133,134.745686032399
15.7710005350455,915,917,113.147212820969,-124.208480497079,-22.7561693671867,146.964649864266
15.7731407169609,918,923,127.809969419209,-146.20261539444,-22.7561693671867,168.958784761627
15.7752808988764,905,864,-97.0189650871447,29.7504637844455,57.8889919231358,-87.6394557075812
15.7774210807919,909,900,59.3837719607535,-68.0012468704909,-10.5372055353197,78.5384524058106
15.7795612627073,914,912,93.5968706899812,-109.545723898839,-15.4247910680665,124.970514966905
15.7817014446228,920,927,137.585140484703,-160.86537199268,-22.7561693671867,183.621541359867
15.7838416265383,927,938,157.13548261569,-204.853641787402,-15.4247910680665,220.278432855468
15.7859818084537,929,940,157.13548261569,-214.628812852895,-10.5372055353197,225.166018388215
15.7881219903692,929,944,176.685824746677,-224.403983918389,-20.3123766008133,244.716360519202
15.7902621722846,934,949,176.685824746677,-248.841911582123,-8.09341276894628,256.935324351069
15.7924023542001,933,943,152.247897082943,-231.735362217509,1.68175829654737,230.053603920962
15.7945425361156,942,964,210.898923475906,-305.049145208712,-5.6496200025733,310.698765211285
15.796682718031,943,960,186.460995812172,-297.717766909592,9.01313659566716,288.704630313925
15.7988228999465,940,949,147.360311550196,-263.504668180364,21.2321004275346,242.272567752829
15.800963081862,939,950,157.13548261569,-263.504668180364,13.9007221284144,249.603946051949
15.8031032637774,939,943,122.922383886462,-246.39811881575,31.0072714930283,215.390847322722
15.8052434456929,934,935,108.259627288222,-214.628812852895,26.1196859602815,188.509126892614
15.8073836276083,958,1023,421.065101384019,-488.333602686718,-71.6320246946553,559.965627381373
15.8095238095238,949,961,162.023068148438,-314.824316274206,35.8948570257747,278.929459248431
15.8116639914393,951,959,142.472726017449,-314.824316274205,50.5576136240156,264.26670265019
15.8138041733547,954,971,186.460995812172,-351.481207769807,35.8948570257747,315.586350744032
15.8159443552702,958,975,186.460995812172,-371.031549900794,45.6700280912683,325.361521809526
15.8180845371857,961,973,162.023068148437,-373.475342667168,65.2203702222565,308.254972444911
15.8202247191011,960,976,181.573410279424,-378.362928199915,53.0014063903894,325.361521809525
15.8223649010166,962,974,162.023068148437,-378.362928199915,67.6641629886299,310.698765211285
15.824505082932,959,973,171.798239213931,-368.587757134421,55.445199156762,313.142557977659
15.8266452648475,969,1001,259.774778803373,-461.451882256611,35.8948570257756,425.557025230835
15.828785446763,985,1023,289.100291999854,-554.3160073788,60.3327846895097,493.983222689291
15.8309256286784,985,1023,289.100291999854,-554.3160073788,60.3327846895097,493.983222689291
15.8330658105939,988,1023,274.437535401614,-561.647385677921,74.9955412877501,486.65184439017
15.8352059925094,989,1021,259.774778803373,-559.203592911547,84.7707123532437,474.432880558303
15.8373461744248,989,1018,245.112022205133,-551.872214612427,92.102090652364,459.770123960063
15.8394863563403,984,1007,215.786509008652,-512.771530350452,94.5458834187374,418.225646931715
15.8416265382558,986,1008,210.898923475905,-520.102908649573,101.877261717858,418.225646931715
15.8437667201712,983,1009,230.449265606892,-515.215323116826,84.7707123532437,430.444610763582
15.8459069020867,989,1011,210.898923475905,-534.765665247813,109.208640016978,425.557025230835
15.8480470840021,991,1023,259.774778803373,-568.978763977041,89.6582978859905,479.32046609105
15.8501872659176,967,956,49.608600895259,-346.59362223706,136.090360447086,210.503261789974
15.8523274478331,965,959,74.0465285589931,-349.037415003433,118.983811082472,230.053603920962
15.8544676297485,962,958,83.8216996244867,-339.26224393794,106.764847250605,232.497396687335
15.856607811664,960,958,93.5968706899804,-334.374658405193,96.9896761851112,237.384982220082
15.8587479935795,958,958,103.372041755475,-329.487072872446,87.2145051196167,242.272567752829
15.8608881754949,959,962,118.034798353716,-341.706036704313,82.3269195868695,259.379117117444
15.8630283574104,957,961,122.922383886463,-334.374658405193,74.9955412877492,259.379117117444
15.8651685393258,958,962,122.922383886463,-339.26224393794,77.4393340541226,261.822909883817
15.8673087212413,955,960,127.80996941921,-327.043280106073,67.664162988629,259.379117117444
15.8694489031568,955,959,122.922383886462,-324.599487339699,70.1079557550028,254.491531584696
15.8715890850722,956,961,127.80996941921,-331.93086563882,70.1079557550024,261.822909883817
15.8737292669877,956,961,127.80996941921,-331.93086563882,70.1079557550024,261.822909883817
15.8758694489032,956,961,127.80996941921,-331.93086563882,70.1079557550024,261.822909883817
15.8780096308186,956,962,132.697554951957,-334.374658405193,67.664162988629,266.710495416564
15.8801498127341,957,965,142.47272601745,-344.149829470687,65.2203702222556,278.929459248431
15.8822899946495,956,962,132.697554951957,-334.374658405193,67.664162988629,266.710495416564
15.884430176565,957,963,132.697554951957,-339.26224393794,70.1079557550024,269.154288182937
15.8865703584805,958,961,118.034798353716,-336.818451171566,79.883126820496,256.93532435107
15.8887105403959,953,961,142.47272601745,-324.599487339699,55.4451991567619,269.154288182937
15.8908507223114,953,958,127.809969419209,-317.268109040579,62.7765774558826,254.491531584696
15.8929909042269,950,957,137.585140484703,-307.492937975085,50.5576136240155,256.935324351069
15.8951310861423,952,960,142.47272601745,-319.711901806953,53.0014063903885,266.710495416564
15.8972712680578,952,959,137.585140484703,-317.268109040579,55.4451991567624,261.822909883816
15.8994114499732,953,960,137.585140484704,-322.155694573326,57.8889919231353,264.266702650191
15.9015516318887,952,959,137.585140484703,-317.268109040579,55.4451991567624,261.822909883816
15.9036918138042,951,956,127.809969419209,-307.492937975085,57.8889919231358,249.603946051949
15.9058319957196,952,955,118.034798353715,-307.492937975085,65.220370222256,242.272567752829
15.9079721776351,949,957,142.472726017449,-305.049145208712,45.6700280912687,259.379117117443
15.9101123595506,948,952,122.922383886462,-290.386388610471,53.001406390389,237.384982220082
15.912252541466,948,951,118.034798353715,-287.942595844098,55.4451991567624,232.497396687335
15.9143927233815,948,952,122.922383886462,-290.386388610471,53.001406390389,237.384982220082
15.916532905297,948,951,118.034798353715,-287.942595844098,55.4451991567624,232.497396687335
15.9186730872124,946,949,118.034798353715,-278.167424778604,50.5576136240155,227.609811154589
15.9208132691279,945,947,113.147212820968,-270.836046479484,50.5576136240156,220.278432855468
15.9229534510433,943,949,132.697554951956,-270.836046479484,35.8948570257751,234.941189453709
15.9250936329588,946,948,113.147212820968,-275.723632012231,53.001406390389,222.722225621842
15.9272338148743,944,946,113.147212820968,-265.948460946737,48.1138208576422,217.834640089095
15.9293739967897,944,947,118.034798353715,-268.39225371311,45.6700280912688,222.722225621842
15.9315141787052,941,948,137.585140484703,-263.504668180364,28.5634787266549,234.941189453709
15.9336543606207,943,945,113.147212820968,-261.06087541399,45.6700280912688,215.390847322721
15.9357945425361,943,945,113.147212820968,-261.06087541399,45.6700280912688,215.390847322721
15.9379347244516,943,945,113.147212820968,-261.06087541399,45.6700280912688,215.390847322721
15.940074906367,940,945,127.809969419209,-253.72949711487,31.0072714930283,222.722225621842
15.9422150882825,942,944,113.147212820969,-256.173289881243,43.2262353248953,212.947054556348
15.944355270198,938,941,118.034798353715,-239.06674051663,31.0072714930283,208.059469023601
15.9464954521134,928,936,142.472726017449,-202.409849021028,-5.64962000257285,208.059469023601
15.9486356340289,918,931,166.910653681184,-165.752957525427,-42.306511498174,208.059469023601
15.9507758159444,917,928,157.13548261569,-155.977786459934,-39.8627187318006,195.840505191734
15.9529159978598,915,923,142.472726017449,-138.87123709532,-37.4189259654272,176.290163060747
15.9550561797753,904,914,152.247897082943,-89.9953817678516,-69.1882319282815,159.183613696133
15.9571963616907,903,915,162.023068148437,-89.9953817678516,-76.5196102274017,166.514991995253
15.9593365436062,905,917,162.023068148437,-99.7705528333452,-71.6320246946549,171.402577528
15.9614767255217,905,916,157.13548261569,-97.3267600669718,-69.1882319282815,166.514991995253
15.9636169074371,903,912,147.360311550196,-82.6640034687314,-69.1882319282815,151.852235397013
15.9657570893526,904,911,137.585140484703,-82.6640034687314,-61.8568536291613,144.520857097893
15.9678972712681,904,913,147.360311550196,-87.5515890014782,-66.7444391619081,154.296028163386
15.9700374531835,903,914,157.13548261569,-87.5515890014782,-74.0758174610283,161.627406462506
15.972177635099,902,910,142.472726017449,-75.3326251696111,-69.1882319282815,144.520857097893
15.9743178170144,903,915,162.023068148437,-89.9953817678516,-76.5196102274017,166.514991995253
15.9764579989299,904,912,142.472726017449,-85.1077962351048,-64.3006463955347,149.408442630639
15.9785981808454,901,911,152.247897082943,-75.3326251696111,-76.5196102274017,151.852235397013
15.9807383627608,900,910,152.247897082943,-70.4450396368643,-78.9634029937751,149.408442630639
15.9828785446763,900,909,147.360311550196,-68.0012468704909,-76.5196102274017,144.520857097893
15.9850187265918,898,907,147.360311550196,-58.2260758049973,-81.4071957601485,139.633271565146
15.9871589085072,896,905,147.360311550196,-48.4509047395036,-86.2947812928954,134.745686032399
15.9892990904227,898,905,137.585140484703,-53.3384902722505,-76.5196102274017,129.858100499652
15.9914392723381,884,879,78.9341140917408,44.4132203826859,-81.4071957601485,36.9939753774626
15.9935794542536,881,876,78.9341140917408,59.0759769809264,-88.7385740592688,29.6625970783424
15.9957196361691,877,871,74.046528558994,81.0701118782871,-96.069952358389,14.9998404801019
15.9978598180845,874,869,78.9341140917408,93.2890757101541,-105.845123423883,12.5560477137285
16,872,863,59.3837719607535,112.839417841141,-100.957537891136,-11.8818799500056
16.0021401819155,866,859,69.1589430262472,137.277345504875,-120.507880022123,-16.7694654827524
16.0042803638309,864,856,64.2713574935003,149.496309336743,-122.951672788496,-26.544636548246
16.0064205457464,880,859,0.732745567791682,103.064246775648,-52.0816825636676,-50.9825642119801
16.0085607276619,881,859,-4.15483996495513,100.620454009274,-47.1940970309208,-53.4263569783535
16.0107009095773,883,863,5.62033110053851,85.9576974110339,-47.1940970309208,-38.7636003801131
16.0128410914928,883,862,0.732745567791682,88.4014901774073,-44.7503042645474,-43.6511859128599
16.0149812734082,883,860,-9.04242549770196,93.2890757101541,-39.8627187318006,-53.4263569783535
16.0171214553237,886,861,-18.8175965631956,83.5139046446605,-27.6437548999335,-55.8701497447269
16.0192616372392,889,864,-18.8175965631956,68.85114804642,-20.3123766008133,-48.5387714456067
16.0214018191546,891,863,-33.480353161436,66.4073552800466,-8.09341276894627,-58.3139425111003
16.0235420010701,893,864,-38.3679386941829,59.0759769809264,-0.762034469826034,-58.3139425111003
16.0256821829856,896,867,-38.3679386941829,44.4132203826859,6.56934382929419,-50.9825642119801
16.027822364901,898,866,-53.0306952924233,41.9694276163125,18.7883076611612,-60.7577352774737
16.0299625468165,896,867,-38.3679386941829,44.4132203826859,6.56934382929419,-50.9825642119801
16.0321027287319,897,866,-48.1431097596765,44.4132203826859,13.9007221284144,-58.3139425111003
16.0342429106474,895,866,-38.3679386941829,49.3008059154327,4.12555106292078,-53.4263569783535
16.0363830925629,895,866,-38.3679386941829,49.3008059154327,4.12555106292078,-53.4263569783535
16.0385232744783,894,864,-43.2555242269297,56.632184214553,4.12555106292078,-60.7577352774737
16.0406634563938,906,912,132.697554951956,-89.9953817678516,-54.525475330041,144.520857097893
16.0428036383093,910,907,88.7092851572344,-87.5515890014782,-22.7561693671867,110.307758368665
16.0449438202247,912,907,78.9341140917408,-92.439174534225,-12.9809983016931,105.420172835918
16.0470840021402,912,895,20.283087698779,-63.1136613377441,16.3445148947878,46.7691464429563
16.0492241840556,912,896,25.1706732315258,-65.5574541041175,13.9007221284144,51.6567319757031
16.0513643659711,909,889,5.6203311005385,-41.1195264403834,16.3445148947878,24.7750115455956
16.0535045478866,909,887,-4.15483996495514,-36.2319409076366,21.2321004275347,14.9998404801019
16.055644729802,908,889,10.5079166332853,-38.67573367401,11.456929362041,27.218804311969
16.0577849117175,906,887,10.5079166332853,-28.9005626085164,6.56934382929419,22.3312187792222
16.059925093633,906,881,-18.8175965631956,-14.2378060102759,21.2321004275347,-6.99429441725874
16.0620652755484,905,880,-18.8175965631956,-9.35022047752909,18.7883076611612,-9.43808718363215
16.0642054574639,904,879,-18.8175965631956,-4.46263494478227,16.3445148947878,-11.8818799500056
16.0663456393793,902,876,-23.7051820959424,7.75632888708477,13.9007221284144,-21.6570510154992
16.0684858212948,899,873,-23.7051820959424,22.4190854853252,6.56934382929419,-28.9884293146194
16.0706260032103,900,878,-4.15483996495514,7.75632888708477,-0.762034469826034,-6.99429441725874
16.0727661851257,899,872,-28.5927676286892,24.8628782516986,9.0131365956676,-33.8760148473662
16.0749063670412,899,867,-53.0306952924233,37.0818420835657,21.2321004275347,-58.3139425111003
16.0770465489567,898,867,-48.1431097596765,39.5256348499391,16.3445148947878,-55.8701497447269
16.0791867308721,898,867,-48.1431097596765,39.5256348499391,16.3445148947878,-55.8701497447269
16.0813269127876,899,866,-57.9182808251701,39.5256348499391,23.6758931939081,-63.2015280438472
16.083467094703,896,862,-62.805866357917,56.632184214553,18.7883076611612,-75.4204918757142
16.0856072766185,899,862,-77.4686229561574,49.3008059154327,33.4510642594017,-82.7518701748344
16.087747458534,899,865,-62.805866357917,41.9694276163125,26.1196859602815,-68.089113576594
16.0898876404494,898,860,-82.3562084889042,56.632184214553,33.4510642594017,-90.0832484739547
16.0920278223649,898,860,-82.3562084889042,56.632184214553,33.4510642594017,-90.0832484739547
16.0941680042804,897,864,-57.9182808251701,49.3008059154327,18.7883076611612,-68.089113576594
16.0963081861958,899,872,-28.5927676286892,24.8628782516986,9.0131365956676,-33.8760148473662
16.0984483681113,898,868,-43.2555242269297,37.0818420835657,13.9007221284144,-50.9825642119801
16.1005885500268,902,874,-33.480353161436,12.6439144198316,18.7883076611612,-31.4322220809928
16.1027287319422,911,915,122.922383886462,-109.545723898839,-37.4189259654272,146.964649864266
16.1048689138577,910,905,78.9341140917408,-82.6640034687314,-17.8685838344399,100.532587303171
16.1070090957731,910,902,64.2713574935003,-75.3326251696111,-10.5372055353197,85.8698307049308
16.1091492776886,909,902,69.1589430262471,-72.8888324032377,-15.4247910680665,88.3136234713042
16.1112894596041,908,895,39.8334298297662,-53.3384902722505,-3.20582723619945,56.5443175084499
16.1134296415195,906,891,30.0582587642726,-38.67573367401,-3.20582723619944,41.8815609102094
16.115569823435,908,893,30.0582587642726,-48.4509047395036,1.68175829654738,46.7691464429563
16.1177100053505,906,889,20.283087698779,-33.7881481412632,1.68175829654738,32.1063898447158
16.1198501872659,903,883,5.6203311005385,-11.7940132439025,1.68175829654738,10.1122549473551
16.1219903691814,904,883,0.732745567791682,-14.2378060102759,6.56934382929419,7.66846218098172
16.1241305510968,902,880,-4.15483996495514,-2.01884217840886,4.12555106292078,-2.10670888451192
16.1262707330123,902,879,-9.04242549770196,0.424950587964545,6.56934382929419,-6.99429441725874
16.1284109149278,901,875,-23.7051820959424,12.6439144198316,11.456929362041,-24.1008437818726
16.1305510968432,902,880,-4.15483996495514,-2.01884217840886,4.12555106292078,-2.10670888451192
16.1326912787587,901,879,-4.15483996495514,2.86874335433795,1.68175829654738,-4.55050165088533
16.1348314606742,901,872,-38.3679386941829,19.9752927189518,18.7883076611612,-38.7636003801131
16.1369716425896,901,870,-48.1431097596765,24.8628782516986,23.6758931939081,-48.5387714456067
16.1391118245051,900,871,-38.3679386941829,24.8628782516986,16.3445148947878,-41.2073931464865
16.1412520064205,899,867,-53.0306952924233,37.0818420835657,21.2321004275347,-58.3139425111003
16.143392188336,900,866,-62.805866357917,37.0818420835657,28.5634787266549,-65.6453208102206
16.1455323702515,900,870,-43.2555242269297,27.306671018072,18.7883076611612,-46.0949786792333
16.1476725521669,900,871,-38.3679386941829,24.8628782516986,16.3445148947878,-41.2073931464865
16.1498127340824,899,868,-48.1431097596765,34.6380493171923,18.7883076611612,-53.4263569783535
16.1519529159979,900,868,-53.0306952924233,32.1942565508189,23.6758931939081,-55.8701497447269
16.1540930979133,899,866,-57.9182808251701,39.5256348499391,23.6758931939081,-63.2015280438472
16.1562332798288,900,861,-87.2437940216511,49.3008059154327,40.7824425585219,-90.0832484739547
16.1583734617442,897,861,-72.5810374234106,56.632184214553,26.1196859602815,-82.7518701748344
16.1605136436597,896,861,-67.6934518906638,59.0759769809264,21.2321004275347,-80.308077408461
16.1626538255752,897,861,-72.5810374234106,56.632184214553,26.1196859602815,-82.7518701748344
16.1647940074906,897,858,-87.2437940216511,63.9635625136732,33.4510642594017,-97.4146267730749
16.1669341894061,899,860,-87.2437940216511,54.1883914481796,38.3386497921485,-92.5270412403281
16.1690743713216,898,860,-82.3562084889042,56.632184214553,33.4510642594017,-90.0832484739547
16.171214553237,894,852,-101.906550619892,85.9576974110339,33.4510642594017,-119.408761670436
16.1733547351525,894,849,-116.569307218132,93.2890757101541,40.7824425585219,-134.071518268676
16.175494917068,894,851,-106.794136152638,88.4014901774073,35.8948570257751,-124.296347203182
16.1776350989834,894,847,-126.344478283626,98.1766612429009,45.6700280912687,-143.84668933417
16.1797752808989,894,845,-136.119649349119,103.064246775648,50.5576136240156,-153.621860399663
16.1819154628143,894,849,-116.569307218132,93.2890757101541,40.7824425585219,-134.071518268676
16.1840556447298,896,848,-131.232063816372,90.8452829437807,53.001406390389,-143.84668933417
16.1861958266453,896,845,-145.894820414613,98.1766612429009,60.3327846895092,-158.50944593241
16.1883360085607,894,844,-141.007234881866,105.508039542021,53.001406390389,-158.50944593241
16.1904761904762,893,845,-131.232063816372,105.508039542021,45.6700280912687,-151.17806763329
16.1926163723917,894,843,-145.894820414613,107.951832308395,55.4451991567624,-163.397031465157
16.1947565543071,892,839,-155.669991480107,122.614588906635,55.4451991567624,-178.059788063397
16.1968967362226,894,843,-145.894820414613,107.951832308395,55.4451991567624,-163.397031465157
16.199036918138,895,842,-155.669991480107,107.951832308395,62.7765774558826,-170.728409764277
16.2011771000535,894,841,-155.669991480107,112.839417841141,60.3327846895092,-173.172202530651
16.203317281969,892,842,-141.007234881866,115.283210607515,48.1138208576422,-163.397031465157
16.2054574638844,895,844,-145.894820414613,103.064246775648,57.8889919231358,-160.953238698784
16.2075976457999,894,841,-155.669991480107,112.839417841141,60.3327846895092,-173.172202530651
16.2097378277154,893,840,-155.669991480107,117.727003373888,57.8889919231358,-175.615995297024
16.2118780096308,893,842,-145.894820414613,112.839417841141,53.001406390389,-165.84082423153
16.2140181915463,895,842,-155.669991480107,107.951832308395,62.7765774558826,-170.728409764277
16.2161583734617,894,837,-175.220333611094,122.614588906635,70.1079557550028,-192.722544661638
16.2182985553772,894,846,-131.232063816372,100.620454009274,48.1138208576421,-148.734274866916
16.2204387372927,895,849,-121.456892750879,90.8452829437807,45.6700280912687,-136.515311035049
16.2225789192081,892,836,-170.332748078347,129.945967205755,62.7765774558826,-192.722544661638
16.2247191011236,890,835,-165.4451625456,137.277345504875,55.4451991567624,-192.722544661638
16.2268592830391,890,838,-150.78240594736,129.945967205755,48.1138208576421,-178.059788063397
16.2289994649545,888,831,-175.220333611094,151.940102103116,55.4451991567624,-207.385301259878
16.23113964687,885,823,-199.658261274828,178.821822533223,60.3327846895092,-239.154607222733
16.2332798287854,868,822,-121.456892750879,222.810092327945,-20.3123766008133,-202.497715727131
16.2354200107009,870,821,-136.119649349119,220.366299561571,-8.09341276894628,-212.272886792625
16.2375601926164,867,814,-155.669991480106,244.804227225305,-5.64962000257287,-239.154607222733
16.2397003745318,868,810,-180.107919143841,252.135605524426,9.01313659566762,-261.148742120093
16.2418405564473,867,811,-170.332748078347,252.135605524426,1.68175829654737,-253.817363820973
16.2439807383628,868,811,-175.220333611094,249.691812758052,6.56934382929421,-256.261156587347
16.2461209202782,872,808,-209.433432340322,247.248019991679,33.4510642594017,-280.699084251081
16.2482611021937,880,809,-243.646531069549,225.253885094318,70.1079557550028,-295.361840849321
16.2504012841091,886,814,-248.534116602296,198.372164664211,87.2145051196167,-285.586669783827
16.2525414660246,888,811,-272.97204426603,200.815957430584,104.321054484231,-305.137011914815
16.2546816479401,890,814,-268.084458733283,188.596993598717,106.764847250604,-295.361840849321
16.2568218298555,892,821,-243.646531069549,166.602858701356,99.4334689514837,-266.03632765284
16.258962011771,892,825,-224.096188938562,156.827687635863,89.6582978859901,-246.485985521853
16.2611021936865,894,828,-219.208603405815,144.608723803996,92.1020906523635,-236.710814456359
16.2632423756019,891,830,-194.770675742081,147.052516570369,72.5517485213762,-219.604265091745
16.2653825575174,895,840,-165.4451625456,112.839417841141,67.6641629886294,-180.503580829771
16.2675227394329,897,843,-160.557577012853,100.620454009274,70.1079557550028,-170.728409764277
16.2696629213483,896,842,-160.557577012853,105.508039542021,67.6641629886294,-173.172202530651
16.2718031032638,900,856,-111.681721685385,61.5197697472998,53.001406390389,-114.521176137689
16.2739432851792,898,853,-116.569307218132,73.7387335791668,50.5576136240156,-124.296347203182
16.2760834670947,897,853,-111.681721685385,76.1825263455402,45.6700280912687,-121.852554436809
16.2782236490102,899,860,-87.2437940216511,54.1883914481796,38.3386497921485,-92.5270412403281
16.2803638309256,903,859,-111.681721685385,46.8570131490593,60.3327846895092,-107.189797838569
16.2825040128411,895,837,-180.107919143841,120.170796140262,74.9955412877497,-195.166337428011
16.2846441947566,898,851,-126.344478283626,78.6263191119136,55.4451991567624,-134.071518268676
16.286784376672,894,831,-204.545846807575,137.277345504875,84.7707123532433,-222.048057858119
16.2889245585875,894,840,-160.557577012853,115.283210607515,62.7765774558826,-178.059788063397
16.2910647405029,896,848,-131.232063816372,90.8452829437807,53.001406390389,-143.84668933417
16.2932049224184,898,853,-116.569307218132,73.7387335791668,50.5576136240156,-124.296347203182
16.2953451043339,900,854,-121.456892750879,66.4073552800466,57.8889919231358,-124.296347203182
16.2974852862493,900,852,-131.232063816372,71.2949408127934,62.7765774558826,-134.071518268676
16.2996254681648,896,852,-111.681721685385,81.0701118782871,43.2262353248953,-124.296347203182
16.3017656500803,897,859,-82.3562084889042,61.5197697472998,31.0072714930283,-92.5270412403281
16.3039058319957,893,855,-82.3562084889042,81.0701118782871,21.2321004275346,-102.302212305822
16.3060460139112,892,851,-97.0189650871447,93.2890757101541,26.1196859602815,-119.408761670436
16.3081861958266,892,857,-67.6934518906638,78.6263191119136,11.456929362041,-90.0832484739547
16.3103263777421,891,857,-62.805866357917,81.0701118782871,6.5693438292942,-87.6394557075812
16.3124665596576,888,849,-87.2437940216511,107.951832308395,11.456929362041,-119.408761670436
16.314606741573,890,854,-72.5810374234106,90.8452829437807,9.0131365956676,-99.8584195394483
16.3167469234885,889,853,-72.5810374234106,95.7328684765275,6.5693438292942,-102.302212305822
16.318887105404,886,846,-92.1313795543979,120.170796140262,9.01313659566759,-129.183932735929
16.3210272873194,884,843,-97.0189650871447,132.389759972129,6.5693438292942,-138.959103801423
16.3231674692349,886,851,-67.6934518906638,107.951832308395,-3.20582723619945,-104.746005072195
16.3253076511503,888,852,-72.5810374234106,100.620454009274,4.12555106292079,-104.746005072195
16.3274478330658,887,850,-77.4686229561574,107.951832308395,4.12555106292079,-112.077383371315
16.3295880149813,886,851,-67.6934518906638,107.951832308395,-3.20582723619945,-104.746005072195
16.3317281968967,887,854,-57.9182808251701,98.1766612429009,-5.64962000257285,-92.5270412403281
16.3338683788122,888,850,-82.3562084889043,105.508039542021,9.01313659566762,-114.521176137689
16.3360085607277,886,852,-62.805866357917,105.508039542021,-5.64962000257286,-99.8584195394483
16.3381487426431,888,858,-43.2555242269297,85.9576974110339,-10.5372055353197,-75.4204918757142
16.3402889245586,888,860,-33.4803531614361,81.0701118782871,-15.4247910680665,-65.6453208102206
16.3424291064741,887,853,-62.805866357917,100.620454009274,-3.20582723619944,-97.4146267730749
16.3445692883895,890,858,-53.0306952924233,81.0701118782871,-0.762034469826034,-80.308077408461
16.346709470305,889,862,-28.5927676286892,73.7387335791668,-15.4247910680665,-58.3139425111003
16.3488496522204,889,856,-57.9182808251701,88.4014901774073,-0.762034469826034,-87.6394557075812
16.3509898341359,890,857,-57.9182808251702,83.5139046446605,1.68175829654738,-85.1956629412078
16.3531300160514,890,861,-38.3679386941829,73.7387335791668,-8.09341276894626,-65.6453208102206
16.3552701979668,892,862,-43.2555242269297,66.4073552800466,-0.762034469826034,-65.6453208102206
16.3574103798823,889,857,-53.0306952924233,85.9576974110339,-3.20582723619944,-82.7518701748344
16.3595505617978,889,862,-28.5927676286892,73.7387335791668,-15.4247910680665,-58.3139425111003
16.3616907437132,894,861,-57.9182808251702,63.9635625136732,11.456929362041,-75.4204918757142
16.3638309256287,891,861,-43.2555242269297,71.2949408127934,-3.20582723619944,-68.089113576594
16.3659711075441,894,861,-57.9182808251702,63.9635625136732,11.456929362041,-75.4204918757142
16.3681112894596,892,866,-23.7051820959424,56.632184214553,-10.5372055353197,-46.0949786792333
16.3702514713751,892,864,-33.480353161436,61.5197697472998,-5.64962000257285,-55.8701497447269
16.3723916532905,894,863,-48.1431097596765,59.0759769809264,6.56934382929419,-65.6453208102206
16.374531835206,894,865,-38.3679386941829,54.1883914481796,1.68175829654738,-55.8701497447269
16.3766720171215,896,867,-38.3679386941829,44.4132203826859,6.56934382929419,-50.9825642119801
16.3788121990369,896,864,-53.0306952924233,51.7445986818061,13.9007221284144,-65.6453208102206
16.3809523809524,898,867,-48.1431097596765,39.5256348499391,16.3445148947878,-55.8701497447269
16.3830925628678,897,861,-72.5810374234106,56.632184214553,26.1196859602815,-82.7518701748344
16.3852327447833,895,860,-67.6934518906638,63.9635625136732,18.7883076611612,-82.7518701748344
16.3873729266988,893,854,-87.2437940216511,83.5139046446605,23.6758931939081,-107.189797838569
16.3895131086142,899,858,-97.0189650871447,59.0759769809264,43.2262353248953,-102.302212305822
16.3916532905297,898,859,-87.243794021651,59.0759769809264,35.8948570257751,-94.9708340067015
16.3937934724452,901,866,-67.6934518906638,34.6380493171923,33.4510642594017,-68.089113576594
16.3959336543606,902,865,-77.4686229561574,34.6380493171923,40.7824425585219,-75.4204918757142
16.3980738362761,905,871,-62.805866357917,12.6439144198316,40.7824425585219,-53.4263569783535
16.4002140181915,903,870,-57.9182808251701,19.9752927189518,33.4510642594017,-53.4263569783535
16.402354200107,902,866,-72.5810374234106,32.1942565508189,38.3386497921485,-70.5329063429674
16.4044943820225,903,869,-62.805866357917,22.4190854853252,35.8948570257751,-58.3139425111003
16.4066345639379,903,869,-62.805866357917,22.4190854853252,35.8948570257751,-58.3139425111003
16.4087747458534,902,867,-67.6934518906638,29.7504637844455,35.8948570257751,-65.6453208102206
16.4109149277689,901,864,-77.4686229561574,39.5256348499391,38.3386497921485,-77.8642846420876
16.4130551096843,897,854,-106.794136152638,73.7387335791668,43.2262353248953,-116.964968904062
16.4151952915998,906,895,49.6086008952599,-48.4509047395036,-12.9809983016931,61.4319030411967
16.4173354735152,906,901,78.9341140917408,-63.1136613377441,-27.6437548999335,90.7574162376776
16.4194756554307,906,887,10.5079166332853,-28.9005626085164,6.56934382929419,22.3312187792222
16.4216158373462,888,890,113.147212820969,7.75632888708477,-88.7385740592688,80.982245172184
16.4237560192616,882,872,54.4961864280067,66.4073552800466,-74.0758174610283,7.66846218098172
16.4258962011771,881,871,54.4961864280067,71.2949408127934,-76.5196102274017,5.22466941460831
16.4280363830926,883,875,64.2713574935003,56.632184214553,-76.5196102274017,19.8874260128488
16.430176565008,880,868,44.721015362513,81.0701118782871,-74.0758174610283,-6.99429441725874
16.4323167469235,880,864,25.1706732315258,90.8452829437807,-64.3006463955347,-26.544636548246
16.434456928839,717,778,401.514759253031,699.34968177076,-650.810910325153,-48.5387714456067
16.4365971107544,712,769,381.964417122044,733.562780499987,-653.254703091526,-80.308077408461
16.4387372926699,708,756,337.976147327322,775.107257528335,-641.035739259659,-134.071518268676
16.4408774745853,705,747,308.650634130841,804.432770724816,-633.704360960539,-170.728409764277
16.4430176565008,703,743,298.875463065348,819.095527323057,-633.70436096054,-185.391166362517
16.4451578384163,700,731,254.887193270627,855.752418818658,-619.041604362299,-236.710814456359
16.4472980203317,698,726,240.224436672387,872.858968183272,-616.597811595926,-256.261156587346
16.4494382022472,698,725,235.33685113964,875.302760949646,-614.154018829553,-261.148742120093
16.4515783841627,700,722,210.898923475906,877.746553716019,-597.047469464939,-280.69908425108
16.4537185660781,695,716,206.011337943159,904.628274146126,-606.822640530432,-297.805633615694
16.4558587479936,695,713,191.348581344919,911.959652445247,-599.491262231312,-312.468390213934
16.457998929909,697,709,162.023068148438,916.847237977993,-579.940920100325,-336.906317877669
16.4601391118245,693,704,157.135482615691,938.841372875354,-587.272298399445,-351.569074475909
16.46227929374,690,701,157.13548261569,953.504129473595,-594.603676698565,-358.90045277503
16.4644194756554,690,700,152.247897082943,955.947922239969,-592.159883932192,-363.788038307777
16.4665596575709,690,697,137.585140484703,963.279300539089,-584.828505633071,-378.450794906017
16.4686998394864,688,696,142.47272601745,970.610678838209,-592.159883932192,-378.450794906017
16.4708400214018,685,694,147.360311550196,982.829642670076,-601.935054997685,-380.894587672391
16.4729802033173,686,690,122.922383886462,990.161020969196,-587.272298399445,-402.888722569752
16.4751203852327,684,686,113.147212820969,1004.82377756744,-587.272298399445,-417.551479167992
16.4772605671482,679,676,88.7092851572343,1041.48066906304,-587.272298399445,-454.208370663593
16.4794007490637,880,771,-429.374781313928,318.118010216508,162.972080877192,-481.0900910937
16.4815409309791,878,776,-395.161682584701,310.786631917388,140.977945979832,-451.764577897219
16.4836811128946,878,782,-365.83616938822,296.123875319147,126.315189381591,-422.439064700738
16.4858212948101,878,791,-321.847899593498,274.129740421786,104.321054484231,-378.450794906017
16.4879614767255,873,799,-258.30928766779,266.798362122666,60.3327846895092,-327.131146812175
16.490101658641,873,798,-263.196873200537,269.24215488904,62.7765774558826,-332.018732344922
16.4922418405564,870,801,-233.871360004056,269.24215488904,40.7824425585219,-310.024597447562
16.4943820224719,869,810,-184.995504676587,249.691812758052,13.9007221284144,-263.592534886467
16.4965222043874,868,810,-180.107919143841,252.135605524426,9.01313659566762,-261.148742120093
16.4986623863028,864,807,-175.220333611094,269.24215488904,-3.20582723619944,-266.03632765284
16.5008025682183,860,811,-136.119649349119,269.24215488904,-32.5313404326803,-236.710814456359
16.5029427501338,860,813,-126.344478283626,264.354569356293,-37.4189259654272,-226.935643390866
16.5050829320492,855,811,-111.681721685385,281.461118720907,-56.9692680964144,-224.491850624492
16.5072231139647,850,809,-97.0189650871447,298.56766808552,-76.5196102274017,-222.048057858119
16.5093632958801,850,813,-77.4686229561574,288.792497020027,-86.2947812928954,-202.497715727131
16.5115034777956,849,811,-82.3562084889043,296.123875319147,-86.2947812928954,-209.829094026252
16.5136436597111,842,809,-57.9182808251701,318.118010216508,-115.620294489376,-202.497715727131
16.5157838416265,835,808,-28.5927676286892,337.668352347495,-147.389600452231,-190.278751895264
16.517924023542,832,805,-28.5927676286892,352.331108945735,-154.720978751351,-197.610130194385
16.5200642054575,828,799,-38.3679386941828,376.76903660947,-159.608564284098,-217.160472325372
16.5222043873729,834,802,-53.0306952924233,354.774901712109,-137.614429386737,-217.160472325372
16.5243445692884,838,805,-57.9182808251701,337.668352347495,-125.39546555487,-212.272886792625
16.5264847512039,837,802,-67.6934518906638,347.443523412989,-122.951672788496,-224.491850624492
16.5286249331193,838,801,-77.4686229561574,347.443523412989,-115.620294489376,-231.823228923612
16.5307651150348,833,803,-43.2555242269297,354.774901712109,-144.945807685857,-209.829094026252
16.5329052969502,834,802,-53.0306952924233,354.774901712109,-137.614429386737,-217.160472325372
16.5350454788657,837,800,-77.4686229561574,352.331108945735,-118.06408725575,-234.267021689986
16.5371856607812,836,802,-62.805866357917,349.887316179362,-127.839258321243,-222.048057858119
16.5393258426966,840,805,-67.6934518906638,332.780766814748,-115.620294489376,-217.160472325372
16.5414660246121,838,802,-72.5810374234106,344.999730646615,-118.06408725575,-226.935643390866
16.5436062065276,834,811,-9.04242549770197,332.780766814748,-159.608564284098,-173.172202530651
16.545746388443,841,814,-28.5927676286892,308.342839151014,-132.72684385399,-175.615995297024
16.5478865703585,844,816,-33.480353161436,296.123875319147,-122.951672788497,-173.172202530651
16.5500267522739,844,809,-67.6934518906638,313.230424683761,-105.845123423883,-207.385301259878
16.5521669341894,846,810,-72.5810374234106,305.899046384641,-98.5137451247624,-207.385301259878
16.5543071161049,850,815,-67.6934518906638,283.90491148728,-91.1823668256422,-192.722544661638
16.5564472980203,851,816,-67.6934518906638,279.017325954533,-88.7385740592688,-190.278751895264
16.5585874799358,853,817,-72.5810374234106,271.685947655413,-81.4071957601485,-190.278751895264
16.5607276618513,857,819,-82.3562084889043,257.023191057173,-66.7444391619081,-190.278751895264
16.5628678437667,858,822,-72.5810374234106,247.248019991679,-69.1882319282815,-178.059788063397
16.5650080256822,859,821,-82.3562084889042,247.248019991679,-61.8568536291613,-185.391166362518
16.5671482075976,860,822,-82.3562084889042,242.360434458932,-59.4130608627879,-182.947373596144
16.5692883895131,862,822,-92.1313795543979,237.472848926185,-49.6378897972942,-187.834959128891
16.5714285714286,859,820,-87.2437940216511,249.691812758052,-59.4130608627879,-190.278751895264
16.573568753344,860,823,-77.4686229561574,239.916641692559,-61.8568536291613,-178.059788063397
16.5757089352595,860,827,-57.9182808251702,230.141470627065,-71.6320246946549,-158.50944593241
16.577849117175,860,825,-67.6934518906638,235.029056159812,-66.7444391619081,-168.284616997904
16.5799892990904,858,824,-62.805866357917,242.360434458932,-74.0758174610283,-168.284616997904
16.5821294810059,862,827,-67.6934518906638,225.253885094318,-61.8568536291613,-163.397031465157
16.5842696629213,860,828,-53.0306952924233,227.697677860692,-74.0758174610283,-153.621860399663
16.5864098448368,858,820,-82.3562084889043,252.135605524426,-64.3006463955347,-187.834959128891
16.5885500267523,860,819,-97.0189650871447,249.691812758052,-52.0816825636676,-197.610130194385
16.5906902086677,859,825,-62.805866357917,237.472848926185,-71.6320246946549,-165.84082423153
16.5928303905832,862,825,-77.4686229561574,230.141470627065,-56.9692680964145,-173.172202530651
16.5949705724987,860,819,-97.0189650871447,249.691812758052,-52.0816825636676,-197.610130194385
16.5971107544141,862,822,-92.1313795543979,237.472848926185,-49.6378897972942,-187.834959128891
16.5992509363296,865,824,-97.0189650871447,225.253885094318,-39.8627187318006,-185.391166362518
16.6013911182451,865,819,-121.456892750879,237.472848926185,-27.6437548999335,-209.829094026252
16.6035313001605,866,826,-92.1313795543979,217.922506795198,-39.8627187318006,-178.059788063397
16.605671482076,868,822,-121.456892750879,222.810092327945,-20.3123766008133,-202.497715727131
16.6078116639914,872,825,-126.344478283626,205.703542963331,-8.09341276894625,-197.610130194385
16.6099518459069,872,821,-145.894820414613,215.478714028825,1.68175829654737,-217.160472325372
16.6120920278224,873,828,-116.569307218132,195.928371897837,-10.5372055353197,-185.391166362518
16.6142322097378,879,830,-136.119649349119,176.37802976685,13.9007221284144,-190.278751895264
16.6163723916533,876,831,-116.569307218132,181.265615299597,-3.20582723619944,-178.059788063397
16.6185125735688,879,831,-131.232063816372,173.934237000477,11.456929362041,-185.391166362518
16.6206527554842,882,836,-121.456892750879,154.383894869489,13.9007221284144,-168.284616997904
16.6227929373997,884,836,-131.232063816372,149.496309336743,23.6758931939081,-173.172202530651
16.6249331193151,883,833,-141.007234881866,159.271480402236,26.1196859602815,-185.391166362518
16.6270733012306,891,878,39.8334298297662,29.7504637844455,-44.7503042645474,14.9998404801019
16.6292134831461,893,849,-111.681721685385,95.7328684765275,35.8948570257751,-131.627725502303
16.6313536650615,892,850,-101.906550619892,95.7328684765275,28.5634787266549,-124.296347203182
16.633493846977,892,853,-87.2437940216511,88.4014901774073,21.2321004275347,-109.633590604942
16.6356340288925,891,858,-57.9182808251701,78.6263191119136,4.12555106292078,-82.7518701748344
16.6377742108079,892,853,-87.2437940216511,88.4014901774073,21.2321004275347,-109.633590604942
16.6399143927234,886,852,-62.805866357917,105.508039542021,-5.64962000257286,-99.8584195394483
16.6420545746388,885,855,-43.2555242269297,100.620454009274,-17.8685838344399,-82.7518701748344
16.6441947565543,886,855,-48.1431097596765,98.1766612429009,-12.9809983016931,-85.1956629412078
16.6463349384698,886,850,-72.5810374234106,110.395625074768,-0.762034469826034,-109.633590604942
16.6484751203852,886,849,-77.4686229561574,112.839417841141,1.68175829654737,-114.521176137689
16.6506153023007,887,853,-62.805866357917,100.620454009274,-3.20582723619944,-97.4146267730749
16.6527554842162,886,850,-72.5810374234106,110.395625074768,-0.762034469826034,-109.633590604942
16.6548956661316,886,847,-87.243794021651,117.727003373888,6.56934382929418,-124.296347203182
16.6570358480471,886,850,-72.5810374234106,110.395625074768,-0.762034469826034,-109.633590604942
16.6591760299625,887,851,-72.5810374234106,105.508039542021,1.68175829654737,-107.189797838569
16.661316211878,883,847,-72.5810374234106,125.058381673008,-8.09341276894627,-116.964968904062
16.6634563937935,887,850,-77.4686229561574,107.951832308395,4.12555106292079,-112.077383371315
16.6655965757089,889,853,-72.5810374234106,95.7328684765275,6.5693438292942,-102.302212305822
16.6677367576244,891,851,-92.1313795543979,95.7328684765275,21.2321004275346,-116.964968904062
16.6698769395399,889,851,-82.3562084889042,100.620454009274,11.456929362041,-112.077383371315
16.6720171214553,889,855,-62.805866357917,90.8452829437807,1.68175829654737,-92.5270412403281
16.6741573033708,886,854,-53.0306952924233,100.620454009274,-10.5372055353197,-90.0832484739547
16.6762974852862,888,852,-72.5810374234106,100.620454009274,4.12555106292079,-104.746005072195
16.6784376672017,889,854,-67.6934518906638,93.2890757101541,4.12555106292078,-97.4146267730749
16.6805778491172,892,858,-62.805866357917,76.1825263455402,9.0131365956676,-85.1956629412078
16.6827180310326,892,858,-62.805866357917,76.1825263455402,9.0131365956676,-85.1956629412078
16.6848582129481,894,860,-62.805866357917,66.4073552800466,13.9007221284144,-80.308077408461
16.6869983948636,895,865,-43.2555242269297,51.7445986818061,6.5693438292942,-58.3139425111003
16.689138576779,897,868,-38.3679386941829,39.5256348499391,9.0131365956676,-48.5387714456067
16.6912787586945,897,864,-57.9182808251701,49.3008059154327,18.7883076611612,-68.089113576594
16.69341894061,897,868,-38.3679386941829,39.5256348499391,9.0131365956676,-48.5387714456067
16.6955591225254,893,859,-62.805866357917,71.2949408127934,11.456929362041,-82.7518701748344
16.6976993044409,890,854,-72.5810374234106,90.8452829437807,9.0131365956676,-99.8584195394483
16.6998394863563,889,855,-62.805866357917,90.8452829437807,1.68175829654737,-92.5270412403281
16.7019796682718,891,859,-53.0306952924233,76.1825263455402,1.68175829654737,-77.8642846420876
16.7041198501873,888,857,-48.1431097596765,88.4014901774073,-8.09341276894625,-80.308077408461
16.7062600321027,884,850,-62.805866357917,115.283210607515,-10.5372055353197,-104.746005072195
16.7084002140182,880,851,-38.3679386941829,122.614588906635,-32.5313404326804,-90.0832484739547
16.7105403959337,880,852,-33.4803531614361,120.170796140262,-34.9751331990538,-85.1956629412078
16.7126805778491,876,844,-53.0306952924233,149.496309336743,-34.9751331990538,-114.521176137689
16.7148207597646,874,842,-53.0306952924233,159.271480402236,-39.8627187318006,-119.408761670436
16.71696094168,874,847,-28.5927676286892,147.052516570369,-52.0816825636676,-94.9708340067015
16.7191011235955,873,845,-33.4803531614361,154.383894869489,-52.0816825636676,-102.302212305822
16.721241305511,873,843,-43.2555242269297,159.271480402236,-47.1940970309208,-112.077383371315
16.7233814874264,873,846,-28.5927676286892,151.940102103116,-54.525475330041,-97.4146267730749
16.7255216693419,874,845,-38.3679386941829,151.940102103116,-47.1940970309208,-104.746005072195
16.7276618512574,870,841,-38.3679386941829,171.490444234103,-56.9692680964145,-114.521176137689
16.7298020331728,870,841,-38.3679386941829,171.490444234103,-56.9692680964145,-114.521176137689
16.7319422150883,873,845,-33.4803531614361,154.383894869489,-52.0816825636676,-102.302212305822
16.7340823970037,873,842,-48.1431097596765,161.71527316861,-44.7503042645474,-116.964968904062
16.7362225789192,873,841,-53.0306952924233,164.159065934983,-42.306511498174,-121.852554436809
16.7383627608347,877,846,-48.1431097596765,142.164931037622,-34.9751331990538,-107.189797838569
16.7405029427501,878,846,-53.0306952924233,139.721138271249,-30.087547666307,-109.633590604942
16.7426431246656,878,841,-77.4686229561574,151.940102103116,-17.8685838344399,-134.071518268676
16.7447833065811,878,843,-67.6934518906638,147.052516570369,-22.7561693671867,-124.296347203182
16.7469234884965,881,846,-67.6934518906638,132.389759972129,-15.4247910680665,-116.964968904062
16.749063670412,880,842,-82.3562084889043,144.608723803996,-10.5372055353197,-134.071518268676
16.7512038523274,880,842,-82.3562084889043,144.608723803996,-10.5372055353197,-134.071518268676
16.7533440342429,884,849,-67.6934518906638,117.727003373888,-8.09341276894625,-109.633590604942
16.7554842161584,884,850,-62.805866357917,115.283210607515,-10.5372055353197,-104.746005072195
16.7576243980738,884,848,-72.5810374234106,120.170796140262,-5.64962000257285,-114.521176137689
16.7597645799893,885,851,-62.805866357917,110.395625074768,-8.09341276894627,-102.302212305822
16.7619047619048,887,851,-72.5810374234106,105.508039542021,1.68175829654737,-107.189797838569
16.7640449438202,886,845,-97.0189650871447,122.614588906635,11.456929362041,-134.071518268676
16.7661851257357,886,845,-97.0189650871447,122.614588906635,11.456929362041,-134.071518268676
16.7683253076511,882,848,-62.805866357917,125.058381673008,-15.4247910680665,-109.633590604942
16.7704654895666,885,850,-67.6934518906638,112.839417841141,-5.64962000257285,-107.189797838569
16.7726056714821,884,848,-72.5810374234106,120.170796140262,-5.64962000257285,-114.521176137689
16.7747458533975,881,848,-57.9182808251701,127.502174439382,-20.3123766008133,-107.189797838569
16.776886035313,881,851,-43.2555242269297,120.170796140262,-27.6437548999335,-92.5270412403281
16.7790262172285,881,846,-67.6934518906638,132.389759972129,-15.4247910680665,-116.964968904062
16.7811663991439,879,846,-57.9182808251701,137.277345504875,-25.1999621335601,-112.077383371315
16.7833065810594,877,849,-33.4803531614361,134.833552738502,-42.306511498174,-92.5270412403281
16.7854467629749,879,848,-48.1431097596765,132.389759972129,-30.0875476663069,-102.302212305822
16.7875869448903,878,843,-67.6934518906638,147.052516570369,-22.7561693671867,-124.296347203182
16.7897271268058,880,849,-48.1431097596765,127.502174439382,-27.6437548999335,-99.8584195394483
16.7918673087212,883,850,-57.9182808251702,117.727003373888,-15.4247910680665,-102.302212305822
16.7940074906367,882,846,-72.5810374234106,129.945967205755,-10.5372055353197,-119.408761670436
16.7961476725522,883,847,-72.5810374234106,125.058381673008,-8.09341276894627,-116.964968904062
16.7982878544676,884,852,-53.0306952924233,110.395625074768,-15.4247910680665,-94.9708340067015
16.8004280363831,884,849,-67.6934518906638,117.727003373888,-8.09341276894625,-109.633590604942
16.8025682182986,887,848,-87.2437940216511,112.839417841141,9.0131365956676,-121.852554436809
16.804708400214,889,854,-67.6934518906638,93.2890757101541,4.12555106292078,-97.4146267730749
16.8068485821295,889,856,-57.9182808251701,88.4014901774073,-0.762034469826034,-87.6394557075812
16.8089887640449,889,853,-72.5810374234106,95.7328684765275,6.5693438292942,-102.302212305822
16.8111289459604,891,854,-77.4686229561574,88.4014901774073,13.9007221284144,-102.302212305822
16.8132691278759,890,858,-53.0306952924233,81.0701118782871,-0.762034469826034,-80.308077408461
16.8154093097913,891,857,-62.805866357917,81.0701118782871,6.5693438292942,-87.6394557075812
16.8175494917068,890,856,-62.805866357917,85.9576974110339,4.12555106292078,-90.0832484739547
16.8196896736223,892,856,-72.5810374234106,81.0701118782871,13.9007221284144,-94.9708340067015
16.8218298555377,894,860,-62.805866357917,66.4073552800466,13.9007221284144,-80.308077408461
16.8239700374532,893,857,-72.5810374234106,76.1825263455402,16.3445148947878,-92.5270412403281
16.8261102193686,893,858,-67.6934518906638,73.7387335791668,13.9007221284144,-87.6394557075812
16.8282504012841,896,860,-72.5810374234106,61.5197697472998,23.6758931939081,-85.1956629412078
16.8303905831996,897,860,-77.4686229561574,59.0759769809264,28.5634787266549,-87.6394557075812
16.832530765115,898,860,-82.3562084889042,56.632184214553,33.4510642594017,-90.0832484739547
16.8346709470305,899,864,-67.6934518906638,44.4132203826859,28.5634787266549,-72.9766991093408
16.836811128946,900,863,-77.4686229561574,44.4132203826859,35.8948570257751,-80.308077408461
16.8389513108614,901,858,-106.794136152638,54.1883914481796,53.001406390389,-107.189797838569
16.8410914927769,900,861,-87.2437940216511,49.3008059154327,40.7824425585219,-90.0832484739547
16.8432316746923,901,866,-67.6934518906638,34.6380493171923,33.4510642594017,-68.089113576594
16.8453718566078,902,864,-82.3562084889042,37.0818420835657,43.2262353248953,-80.308077408461
16.8475120385233,902,864,-82.3562084889042,37.0818420835657,43.2262353248953,-80.308077408461
16.8496522204387,902,868,-62.805866357917,27.306671018072,33.4510642594017,-60.7577352774737
16.8517924023542,902,869,-57.9182808251701,24.8628782516986,31.0072714930283,-55.8701497447269
16.8539325842697,900,862,-82.3562084889042,46.8570131490593,38.3386497921485,-85.1956629412078
16.8560727661851,902,862,-92.1313795543979,41.9694276163125,48.1138208576422,-90.0832484739547
16.8582129481006,901,867,-62.805866357917,32.1942565508189,31.0072714930283,-63.2015280438472
16.8603531300161,901,867,-62.805866357917,32.1942565508189,31.0072714930283,-63.2015280438472
16.8624933119315,900,864,-72.5810374234106,41.9694276163125,33.4510642594017,-75.4204918757142
16.864633493847,901,868,-57.9182808251701,29.7504637844455,28.5634787266549,-58.3139425111003
16.8667736757624,901,867,-62.805866357917,32.1942565508189,31.0072714930283,-63.2015280438472
16.8689138576779,901,866,-67.6934518906638,34.6380493171923,33.4510642594017,-68.089113576594
16.8710540395934,902,866,-72.5810374234106,32.1942565508189,38.3386497921485,-70.5329063429674
16.8731942215088,902,868,-62.805866357917,27.306671018072,33.4510642594017,-60.7577352774737
16.8753344034243,902,867,-67.6934518906638,29.7504637844455,35.8948570257751,-65.6453208102206
16.8774745853398,902,870,-53.0306952924233,22.4190854853252,28.5634787266549,-50.9825642119801
16.8796147672552,904,871,-57.9182808251701,15.087707186205,35.8948570257751,-50.9825642119801
16.8817549491707,904,871,-57.9182808251701,15.087707186205,35.8948570257751,-50.9825642119801
16.8838951310861,903,868,-67.6934518906638,24.8628782516986,38.3386497921485,-63.2015280438472
16.8860353130016,901,872,-38.3679386941829,19.9752927189518,18.7883076611612,-38.7636003801131
16.8881754949171,902,872,-43.2555242269297,17.5314999525784,23.6758931939081,-41.2073931464865
16.8903156768325,898,866,-53.0306952924233,41.9694276163125,18.7883076611612,-60.7577352774737
16.892455858748,900,868,-53.0306952924233,32.1942565508189,23.6758931939081,-55.8701497447269
16.8945960406635,899,872,-28.5927676286892,24.8628782516986,9.0131365956676,-33.8760148473662
16.8967362225789,898,873,-18.8175965631956,24.8628782516986,1.68175829654738,-26.544636548246
16.8988764044944,897,868,-38.3679386941829,39.5256348499391,9.0131365956676,-48.5387714456067
16.9010165864098,898,871,-28.5927676286892,29.7504637844455,6.56934382929419,-36.3198076137397
16.9031567683253,894,872,-4.15483996495514,37.0818420835657,-15.4247910680665,-21.6570510154992
16.9052969502408,888,868,5.62033110053849,61.5197697472998,-34.9751331990538,-26.544636548246
16.9074371321562,890,864,-23.7051820959424,66.4073552800466,-15.4247910680665,-50.9825642119801
16.9095773140717,895,868,-28.5927676286892,44.4132203826859,-0.762034469826034,-43.6511859128599
16.9117174959872,896,869,-28.5927676286892,39.5256348499391,1.68175829654738,-41.2073931464865
16.9138576779026,893,865,-33.4803531614361,56.632184214553,-3.20582723619944,-53.4263569783535
16.9159978598181,896,868,-33.480353161436,41.9694276163125,4.12555106292078,-46.0949786792333
16.9181380417335,896,867,-38.3679386941829,44.4132203826859,6.56934382929419,-50.9825642119801
16.920278223649,895,866,-38.3679386941829,49.3008059154327,4.12555106292078,-53.4263569783535
16.9224184055645,894,864,-43.2555242269297,56.632184214553,4.12555106292078,-60.7577352774737
16.9245585874799,894,864,-43.2555242269297,56.632184214553,4.12555106292078,-60.7577352774737
16.9266987693954,894,862,-53.0306952924233,61.5197697472998,9.0131365956676,-70.5329063429674
16.9288389513109,892,861,-48.1431097596765,68.85114804642,1.68175829654738,-70.5329063429674
16.9309791332263,894,865,-38.3679386941829,54.1883914481796,1.68175829654738,-55.8701497447269
16.9331193151418,894,863,-48.1431097596765,59.0759769809264,6.56934382929419,-65.6453208102206
16.9352594970572,891,860,-48.1431097596765,73.7387335791668,-0.762034469826034,-72.9766991093408
16.9373996789727,889,860,-38.3679386941829,78.6263191119136,-10.5372055353197,-68.089113576594
16.9395398608882,887,861,-23.7051820959424,81.0701118782871,-22.7561693671867,-58.3139425111003
16.9416800428036,885,856,-38.3679386941829,98.1766612429009,-20.3123766008133,-77.8642846420876
16.9438202247191,884,853,-48.1431097596765,107.951832308395,-17.8685838344399,-90.0832484739547
16.9459604066346,881,855,-23.7051820959424,110.395625074768,-37.4189259654272,-72.9766991093408
16.94810058855,879,855,-13.9300110304488,115.283210607515,-47.1940970309208,-68.089113576594
16.9502407704655,878,851,-28.5927676286892,127.502174439382,-42.306511498174,-85.1956629412078
16.952380952381,878,850,-33.4803531614361,129.945967205755,-39.8627187318006,-90.0832484739547
16.9545211342964,879,857,-4.15483996495514,110.395625074768,-52.0816825636676,-58.3139425111003
16.9566613162119,878,853,-18.8175965631956,122.614588906635,-47.1940970309208,-75.4204918757142
16.9588014981273,877,850,-28.5927676286892,132.389759972129,-44.7503042645474,-87.6394557075813
16.9609416800428,877,850,-28.5927676286892,132.389759972129,-44.7503042645474,-87.6394557075813
16.9630818619583,875,850,-18.8175965631956,137.277345504875,-54.525475330041,-82.7518701748344
16.9652220438737,873,845,-33.4803531614361,154.383894869489,-52.0816825636676,-102.302212305822
16.9673622257892,874,844,-43.2555242269297,154.383894869489,-44.7503042645474,-109.633590604942
16.9695024077047,877,848,-38.3679386941829,137.277345504875,-39.8627187318006,-97.4146267730749
16.9716425896201,875,846,-38.3679386941829,147.052516570369,-44.7503042645474,-102.302212305822
16.9737827715356,871,843,-33.4803531614361,164.159065934983,-56.9692680964144,-107.189797838569
16.975922953451,872,846,-23.7051820959424,154.383894869489,-59.4130608627879,-94.9708340067015
16.9780631353665,874,849,-18.8175965631956,142.164931037622,-56.9692680964145,-85.1956629412078
16.980203317282,874,850,-13.9300110304488,139.721138271249,-59.4130608627879,-80.308077408461
16.9823434991974,876,856,5.62033110053849,120.170796140262,-64.3006463955347,-55.8701497447269
16.9844836811129,879,863,25.1706732315258,95.7328684765275,-66.7444391619081,-28.9884293146194
16.9866238630284,884,870,34.9458442970194,66.4073552800466,-59.4130608627879,-6.99429441725874
16.9887640449438,890,879,49.6086008952599,29.7504637844455,-52.0816825636676,22.3312187792222
16.9909042268593,898,895,88.7092851572344,-28.9005626085164,-52.0816825636676,80.982245172184
16.9930444087747,900,904,122.922383886462,-55.7822830386239,-64.3006463955347,120.082929434159
16.9951845906902,903,905,113.147212820969,-65.5574541041175,-52.0816825636676,117.639136667785
16.9973247726057,907,908,108.259627288222,-82.6640034687314,-39.8627187318006,122.526722200532
16.9994649545211,909,913,122.922383886462,-99.7705528333452,-42.306511498174,142.077064331519
17.0016051364366,914,923,147.360311550196,-136.427444328946,-42.306511498174,178.73395582712
17.0037453183521,923,931,142.472726017449,-177.971921357294,-17.8685838344399,195.840505191734
17.0058855002675,930,947,186.460995812171,-234.179154983883,-22.7561693671867,256.935324351069
17.008025682183,935,952,186.460995812171,-258.617082647617,-10.5372055353197,269.154288182937
17.0101658640984,941,952,157.13548261569,-273.279839245857,18.7883076611612,254.491531584696
17.0123060460139,943,957,171.79823921393,-290.386388610471,16.3445148947878,274.041873715683
17.0144462279294,943,954,157.13548261569,-283.055010311351,23.6758931939081,259.379117117443
17.0165864098448,940,943,118.034798353715,-248.841911582123,35.8948570257751,212.947054556348
17.0187265917603,937,942,127.809969419209,-239.06674051663,23.6758931939081,215.390847322722
17.0208667736758,935,939,122.922383886462,-226.847776684763,21.2321004275347,205.615676257228
17.0230069555912,931,931,103.372041755475,-197.522263488282,21.2321004275346,176.290163060747
17.0251471375067,928,922,74.0465285589939,-168.196750291801,28.5634787266549,139.633271565146
17.0272873194222,923,919,83.8216996244876,-148.646408160813,11.456929362041,137.189478798772
17.0294275013376,917,913,83.8216996244876,-119.320894964333,-3.20582723619944,122.526722200532
17.0315676832531,911,905,74.046528558994,-85.1077962351048,-12.9809983016931,98.0887945367978
17.0337078651685,907,898,59.3837719607535,-58.2260758049973,-15.4247910680665,73.6508668730638
17.035848047084,903,896,69.1589430262471,-43.5633192067568,-30.0875476663069,73.6508668730638
17.0379882289995,898,891,69.1589430262471,-19.1253915430227,-42.306511498174,61.4319030411967
17.0401284109149,895,885,54.4961864280067,2.86874335433795,-42.306511498174,39.437768143836
17.0422685928304,894,886,64.2713574935003,2.86874335433795,-49.6378897972942,46.7691464429563
17.0444087747459,892,882,54.4961864280067,17.5314999525784,-49.6378897972942,32.1063898447158
17.0465489566613,890,873,20.283087698779,44.4132203826859,-37.4189259654272,-6.99429441725874
17.0486891385768,889,871,15.3955021660321,51.7445986818061,-37.4189259654272,-14.325672716379
17.0508293204922,888,870,15.3955021660321,56.632184214553,-39.8627187318006,-16.7694654827524
17.0529695024077,885,863,-4.15483996495513,81.0701118782871,-37.4189259654272,-43.6511859128599
17.0551096843232,881,860,0.732745567791682,98.1766612429009,-49.6378897972942,-48.5387714456067
17.0572498662386,882,864,15.3955021660321,85.9576974110339,-54.525475330041,-31.4322220809928
17.0593900481541,885,866,10.5079166332853,73.7387335791668,-44.7503042645474,-28.9884293146194
17.0615302300696,881,861,5.62033110053849,95.7328684765275,-52.0816825636676,-43.6511859128599
17.063670411985,877,854,-9.04242549770196,122.614588906635,-54.525475330041,-68.089113576594
17.0658105939005,876,852,-13.9300110304488,129.945967205755,-54.525475330041,-75.4204918757142
17.0679507758159,871,842,-38.3679386941829,166.602858701356,-54.525475330041,-112.077383371315
17.0700909577314,872,837,-67.6934518906638,176.37802976685,-37.4189259654272,-138.959103801423
17.0722311396469,876,849,-28.5927676286892,137.277345504875,-47.1940970309208,-90.0832484739547
17.0743713215623,880,864,25.1706732315258,90.8452829437807,-64.3006463955347,-26.544636548246
17.0765115034778,885,870,30.0582587642726,63.9635625136732,-54.525475330041,-9.43808718363215
17.0786516853933,892,880,44.7210153625131,22.4190854853252,-44.7503042645474,22.3312187792222
17.0807918673087,894,893,98.4844562227281,-14.2378060102759,-66.7444391619081,80.982245172184
17.0829320492242,897,896,98.4844562227281,-28.9005626085164,-59.4130608627879,88.3136234713042
17.0850722311396,900,898,93.5968706899812,-41.1195264403834,-49.6378897972942,90.7574162376776
17.0872124130551,900,901,108.259627288222,-48.4509047395036,-56.9692680964144,105.420172835918
17.0893525949706,899,899,103.372041755475,-41.1195264403834,-56.9692680964145,98.0887945367979
17.091492776886,899,895,83.8216996244876,-31.3443553748898,-47.1940970309208,78.5384524058106
17.0936329588015,902,899,88.7092851572344,-48.4509047395036,-42.306511498174,90.7574162376776
17.095773140717,903,901,93.5968706899812,-55.7822830386239,-42.306511498174,98.0887945367978
17.0979133226324,899,894,78.9341140917408,-28.9005626085164,-44.7503042645474,73.6508668730638
17.1000535045479,899,894,78.9341140917408,-28.9005626085164,-44.7503042645474,73.6508668730638
17.1021936864633,903,903,103.372041755475,-60.6698685713707,-47.1940970309208,107.863965602292
17.1043338683788,900,899,98.4844562227281,-43.5633192067568,-52.0816825636676,95.6450017704245
17.1064740502943,898,896,93.5968706899812,-31.3443553748898,-54.525475330041,85.8698307049308
17.1086142322097,899,899,103.372041755475,-41.1195264403834,-56.9692680964145,98.0887945367979
17.1107544141252,900,898,93.5968706899812,-41.1195264403834,-49.6378897972942,90.7574162376776
17.1128945960407,898,894,83.8216996244876,-26.456769842143,-49.6378897972942,76.0946596394372
17.1150347779561,897,893,83.8216996244876,-21.5691843093961,-52.0816825636676,73.6508668730638
17.1171749598716,897,894,88.7092851572344,-24.0129770757695,-54.525475330041,78.5384524058106
17.1193151417871,896,890,74.046528558994,-11.7940132439025,-49.6378897972942,61.4319030411967
17.1214553237025,895,885,54.4961864280067,2.86874335433795,-42.306511498174,39.437768143836
17.123595505618,894,885,59.3837719607535,5.31253612071136,-47.1940970309208,41.8815609102094
17.1257356875334,893,884,59.3837719607535,10.2001216534582,-49.6378897972942,39.437768143836
17.1278758694489,892,878,34.9458442970194,27.306671018072,-39.8627187318006,12.5560477137285
17.1300160513644,893,879,34.9458442970194,22.4190854853252,-37.4189259654272,14.9998404801019
17.1321562332798,893,882,49.6086008952599,15.087707186205,-44.7503042645474,29.6625970783424
17.1342964151953,892,881,49.6086008952599,19.9752927189518,-47.1940970309208,27.218804311969
17.1364365971108,890,878,44.7210153625131,32.1942565508189,-49.6378897972942,17.4436332464754
17.1385767790262,889,879,54.4961864280067,32.1942565508189,-56.9692680964145,24.7750115455956
17.1407169609417,890,879,49.6086008952599,29.7504637844455,-52.0816825636676,22.3312187792222
17.1428571428571,888,875,39.8334298297662,44.4132203826859,-52.0816825636676,7.66846218098171
17.1449973247726,888,875,39.8334298297662,44.4132203826859,-52.0816825636676,7.66846218098171
17.1471375066881,890,880,54.4961864280067,27.306671018072,-54.525475330041,27.218804311969
17.1492776886035,889,876,39.8334298297662,39.5256348499391,-49.6378897972942,10.1122549473551
17.151417870519,886,873,39.8334298297662,54.1883914481796,-56.9692680964145,2.7808766482349
17.1535580524345,888,877,49.6086008952599,39.5256348499391,-56.9692680964144,17.4436332464754
17.1556982343499,887,876,49.6086008952599,44.4132203826859,-59.4130608627879,14.9998404801019
17.1578384162654,886,868,15.3955021660321,66.4073552800466,-44.7503042645474,-21.6570510154992
17.1599785981808,886,868,15.3955021660321,66.4073552800466,-44.7503042645474,-21.6570510154992
17.1621187800963,885,872,39.8334298297662,59.0759769809264,-59.4130608627879,0.337083881861489
17.1642589620118,886,871,30.0582587642726,59.0759769809264,-52.0816825636676,-6.99429441725874
17.1663991439272,885,870,30.0582587642726,63.9635625136732,-54.525475330041,-9.43808718363215
17.1685393258427,887,873,34.9458442970194,51.7445986818061,-52.0816825636676,0.337083881861489
17.1706795077582,886,870,25.1706732315258,61.5197697472998,-49.6378897972942,-11.8818799500056
17.1728196896736,885,865,5.62033110053849,76.1825263455402,-42.306511498174,-33.8760148473662
17.1749598715891,885,863,-4.15483996495513,81.0701118782871,-37.4189259654272,-43.6511859128599
17.1771000535045,887,866,0.732745567791682,68.85114804642,-34.9751331990538,-33.8760148473662
17.17924023542,885,864,0.732745567791682,78.6263191119136,-39.8627187318006,-38.7636003801131
17.1813804173355,884,864,5.62033110053849,81.0701118782871,-44.7503042645474,-36.3198076137397
17.1835205992509,885,868,20.283087698779,68.85114804642,-49.6378897972942,-19.2132582491258
17.1856607811664,888,868,5.62033110053849,61.5197697472998,-34.9751331990538,-26.544636548246
17.1878009630819,886,865,0.732745567791682,73.7387335791668,-37.4189259654272,-36.3198076137397
17.1899411449973,886,863,-9.04242549770194,78.6263191119136,-32.5313404326804,-46.0949786792333
17.1920813269128,889,867,-4.15483996495514,61.5197697472998,-27.6437548999335,-33.8760148473662
17.1942215088282,887,861,-23.7051820959424,81.0701118782871,-22.7561693671867,-58.3139425111003
17.1963616907437,886,860,-23.7051820959424,85.9576974110339,-25.1999621335601,-60.7577352774737
17.1985018726592,888,865,-9.04242549770197,68.85114804642,-27.6437548999335,-41.2073931464865
17.2006420545746,890,864,-23.7051820959424,66.4073552800466,-15.4247910680665,-50.9825642119801
17.2027822364901,886,860,-23.7051820959424,85.9576974110339,-25.1999621335601,-60.7577352774737
17.2049224184056,886,861,-18.8175965631956,83.5139046446605,-27.6437548999335,-55.8701497447269
17.207062600321,888,863,-18.8175965631956,73.7387335791668,-22.7561693671867,-50.9825642119801
17.2092027822365,888,857,-48.1431097596765,88.4014901774073,-8.09341276894625,-80.308077408461
17.211342964152,889,856,-57.9182808251701,88.4014901774073,-0.762034469826034,-87.6394557075812
17.2134831460674,890,858,-53.0306952924233,81.0701118782871,-0.762034469826034,-80.308077408461
17.2156233279829,888,856,-53.0306952924233,90.8452829437807,-5.64962000257285,-85.1956629412078
17.2177635098983,888,856,-53.0306952924233,90.8452829437807,-5.64962000257285,-85.1956629412078
17.2199036918138,889,862,-28.5927676286892,73.7387335791668,-15.4247910680665,-58.3139425111003
17.2220438737293,891,860,-48.1431097596765,73.7387335791668,-0.762034469826034,-72.9766991093408
17.2241840556447,889,857,-53.0306952924233,85.9576974110339,-3.20582723619944,-82.7518701748344
17.2263242375602,889,857,-53.0306952924233,85.9576974110339,-3.20582723619944,-82.7518701748344
17.2284644194757,888,862,-23.7051820959424,76.1825263455402,-20.3123766008133,-55.8701497447269
17.2306046013911,891,858,-57.9182808251701,78.6263191119136,4.12555106292078,-82.7518701748344
17.2327447833066,889,857,-53.0306952924233,85.9576974110339,-3.20582723619944,-82.7518701748344
17.234884965222,890,860,-43.2555242269297,76.1825263455402,-5.64962000257285,-70.5329063429674
17.2370251471375,892,862,-43.2555242269297,66.4073552800466,-0.762034469826034,-65.6453208102206
17.239165329053,890,859,-48.1431097596765,78.6263191119136,-3.20582723619945,-75.4204918757142
17.2413055109684,889,859,-43.2555242269297,81.0701118782871,-8.09341276894627,-72.9766991093408
17.2434456928839,890,861,-38.3679386941829,73.7387335791668,-8.09341276894626,-65.6453208102206
17.2455858747994,891,859,-53.0306952924233,76.1825263455402,1.68175829654737,-77.8642846420876
17.2477260567148,888,855,-57.9182808251701,93.2890757101541,-3.20582723619944,-90.0832484739547
17.2498662386303,888,858,-43.2555242269297,85.9576974110339,-10.5372055353197,-75.4204918757142
17.2520064205457,890,858,-53.0306952924233,81.0701118782871,-0.762034469826034,-80.308077408461
17.2541466024612,888,856,-53.0306952924233,90.8452829437807,-5.64962000257285,-85.1956629412078
17.2562867843767,888,855,-57.9182808251701,93.2890757101541,-3.20582723619944,-90.0832484739547
17.2584269662921,890,857,-57.9182808251702,83.5139046446605,1.68175829654738,-85.1956629412078
17.2605671482076,889,853,-72.5810374234106,95.7328684765275,6.5693438292942,-102.302212305822
17.2627073301231,889,853,-72.5810374234106,95.7328684765275,6.5693438292942,-102.302212305822
17.2648475120385,890,855,-67.6934518906638,88.4014901774073,6.56934382929419,-94.9708340067015
17.266987693954,888,855,-57.9182808251701,93.2890757101541,-3.20582723619944,-90.0832484739547
17.2691278758694,890,850,-92.1313795543979,100.620454009274,18.7883076611612,-119.408761670436
17.2712680577849,887,850,-77.4686229561574,107.951832308395,4.12555106292079,-112.077383371315
17.2734082397004,888,853,-67.6934518906638,98.1766612429009,1.68175829654739,-99.8584195394483
17.2755484216158,889,851,-82.3562084889042,100.620454009274,11.456929362041,-112.077383371315
17.2776886035313,887,849,-82.3562084889042,110.395625074768,6.5693438292942,-116.964968904062
17.2798287854468,889,854,-67.6934518906638,93.2890757101541,4.12555106292078,-97.4146267730749
17.2819689673622,890,854,-72.5810374234106,90.8452829437807,9.0131365956676,-99.8584195394483
17.2841091492777,887,853,-62.805866357917,100.620454009274,-3.20582723619944,-97.4146267730749
17.2862493311932,891,856,-67.6934518906638,83.5139046446605,9.0131365956676,-92.5270412403281
17.2883895131086,895,863,-53.0306952924233,56.632184214553,11.456929362041,-68.089113576594
17.2905296950241,893,862,-48.1431097596765,63.9635625136732,4.12555106292078,-68.089113576594
17.2926698769395,894,865,-38.3679386941829,54.1883914481796,1.68175829654738,-55.8701497447269
17.294810058855,897,868,-38.3679386941829,39.5256348499391,9.0131365956676,-48.5387714456067
17.2969502407705,897,870,-28.5927676286892,34.6380493171923,4.12555106292078,-38.7636003801131
17.2990904226859,896,867,-38.3679386941829,44.4132203826859,6.56934382929419,-50.9825642119801
17.3012306046014,898,871,-28.5927676286892,29.7504637844455,6.56934382929419,-36.3198076137397
17.3033707865169,899,873,-23.7051820959424,22.4190854853252,6.56934382929419,-28.9884293146194
17.3055109684323,900,873,-28.5927676286892,19.9752927189518,11.456929362041,-31.4322220809928
17.3076511503478,902,878,-13.9300110304488,2.86874335433795,9.0131365956676,-11.8818799500056
17.3097913322632,902,883,10.5079166332853,-9.35022047752909,-3.20582723619944,12.5560477137285
17.3119315141787,901,879,-4.15483996495514,2.86874335433795,1.68175829654738,-4.55050165088533
17.3140716960942,901,878,-9.04242549770196,5.31253612071136,4.12555106292078,-9.43808718363215
17.3162118780096,901,878,-9.04242549770196,5.31253612071136,4.12555106292078,-9.43808718363215
17.3183520599251,900,878,-4.15483996495514,7.75632888708477,-0.762034469826034,-6.99429441725874
17.3204922418406,895,872,-9.04242549770196,34.6380493171923,-10.5372055353197,-24.1008437818726
17.322632423756,894,871,-9.04242549770196,39.5256348499391,-12.9809983016931,-26.544636548246
17.3247726056715,895,875,5.6203311005385,27.306671018072,-17.8685838344399,-9.43808718363215
17.3269127875869,895,876,10.5079166332853,24.8628782516986,-20.3123766008133,-4.55050165088533
17.3290529695024,890,869,0.732745567791682,54.1883914481796,-27.6437548999335,-26.544636548246
17.3311931514179,892,872,5.6203311005385,41.9694276163125,-25.1999621335601,-16.7694654827524
17.3333333333333,894,873,0.732745567791682,34.6380493171923,-17.8685838344399,-16.7694654827524
17.3354735152488,892,870,-4.15483996495514,46.8570131490593,-20.3123766008133,-26.544636548246
17.3376136971643,892,870,-4.15483996495514,46.8570131490593,-20.3123766008133,-26.544636548246
17.3397538790797,894,874,5.6203311005385,32.1942565508189,-20.3123766008133,-11.8818799500056
17.3418940609952,893,877,25.1706732315258,27.306671018072,-32.5313404326804,5.22466941460831
17.3440342429106,893,878,30.0582587642726,24.8628782516986,-34.9751331990538,10.1122549473551
17.3461744248261,899,883,25.1706732315258,-2.01884217840886,-17.8685838344399,19.8874260128488
17.3483146067416,899,884,30.0582587642726,-4.46263494478227,-20.3123766008133,24.7750115455956
17.350454788657,900,883,20.283087698779,-4.46263494478227,-12.9809983016931,17.4436332464754
17.3525949705725,902,884,15.3955021660321,-11.7940132439025,-5.64962000257285,17.4436332464754
17.354735152488,901,887,34.9458442970194,-16.6815987766493,-17.8685838344399,34.5501826110892
17.3568753344034,901,885,25.1706732315258,-11.7940132439025,-12.9809983016931,24.7750115455956
17.3590155163189,902,885,20.283087698779,-14.2378060102759,-8.09341276894626,22.3312187792222
17.3611556982343,901,890,49.6086008952599,-24.0129770757695,-25.1999621335601,49.2129392093297
17.3632958801498,903,890,39.8334298297662,-28.9005626085164,-15.4247910680665,44.3253536765829
17.3654360620653,902,886,25.1706732315258,-16.6815987766493,-10.5372055353197,27.218804311969
17.3675762439807,904,887,20.283087698779,-24.0129770757695,-3.20582723619944,27.218804311969
17.3697164258962,904,892,44.7210153625131,-36.2319409076366,-15.4247910680665,51.6567319757031
17.3718566078117,902,889,39.8334298297662,-24.0129770757695,-17.8685838344399,41.8815609102094
17.3739967897271,903,885,15.3955021660321,-16.6815987766493,-3.20582723619944,19.8874260128488
17.3761369716426,904,891,39.8334298297662,-33.7881481412632,-12.9809983016931,46.7691464429563
17.3782771535581,906,894,44.7210153625131,-46.0071119731302,-10.5372055353197,56.5443175084499
17.3804173354735,905,889,25.1706732315258,-31.3443553748898,-3.20582723619944,34.5501826110892
17.382557517389,905,889,25.1706732315258,-31.3443553748898,-3.20582723619944,34.5501826110892
17.3846976993044,908,894,34.9458442970194,-50.894697505877,-0.762034469826034,51.6567319757031
17.3868378812199,905,890,30.0582587642726,-33.7881481412632,-5.64962000257285,39.437768143836
17.3889780631354,905,889,25.1706732315258,-31.3443553748898,-3.20582723619944,34.5501826110892
17.3911182450508,905,891,34.9458442970194,-36.2319409076366,-8.09341276894626,44.3253536765829
17.3932584269663,907,892,30.0582587642726,-43.5633192067568,-0.762034469826034,44.3253536765829
17.3953986088818,907,890,20.283087698779,-38.67573367401,4.12555106292078,34.5501826110892
17.3975387907972,910,893,20.283087698779,-53.3384902722505,11.456929362041,41.8815609102094
17.3996789727127,908,896,44.7210153625131,-55.7822830386239,-5.64962000257285,61.4319030411967
17.4018191546281,907,894,39.8334298297662,-48.4509047395036,-5.64962000257285,54.1005247420765
17.4039593365436,908,892,25.1706732315258,-46.0071119731302,4.12555106292078,41.8815609102094
17.4060995184591,910,894,25.1706732315258,-55.7822830386239,9.0131365956676,46.7691464429563
17.4082397003745,907,890,20.283087698779,-38.67573367401,4.12555106292078,34.5501826110892
17.41037988229,906,888,15.3955021660321,-31.3443553748898,4.12555106292078,27.218804311969
17.4125200642055,908,893,30.0582587642726,-48.4509047395036,1.68175829654738,46.7691464429563
17.4146602461209,908,896,44.7210153625131,-55.7822830386239,-5.64962000257285,61.4319030411967
17.4168004280364,907,892,30.0582587642726,-43.5633192067568,-0.762034469826034,44.3253536765829
17.4189406099518,909,895,34.9458442970194,-55.7822830386239,1.68175829654737,54.1005247420765
17.4210807918673,911,898,39.8334298297662,-68.0012468704909,4.12555106292078,63.8756958075701
17.4232209737828,911,897,34.9458442970194,-65.5574541041175,6.5693438292942,58.9881102748233
17.4253611556982,909,891,15.3955021660321,-46.0071119731302,11.456929362041,34.5501826110892
17.4275013376137,909,892,20.283087698779,-48.4509047395036,9.0131365956676,39.437768143836
17.4296415195292,910,894,25.1706732315258,-55.7822830386239,9.0131365956676,46.7691464429563
17.4317817014446,910,892,15.3955021660321,-50.894697505877,13.9007221284144,36.9939753774626
17.4339218833601,908,891,20.283087698779,-43.5633192067568,6.56934382929419,36.9939753774626
17.4360620652756,910,892,15.3955021660321,-50.894697505877,13.9007221284144,36.9939753774626
17.438202247191,910,892,15.3955021660321,-50.894697505877,13.9007221284144,36.9939753774626
17.4403424291065,905,887,15.3955021660321,-26.456769842143,1.68175829654738,24.7750115455956
17.4424826110219,901,885,25.1706732315258,-11.7940132439025,-12.9809983016931,24.7750115455956
17.4446227929374,901,888,39.8334298297662,-19.1253915430227,-20.3123766008133,39.437768143836
17.4467629748529,902,883,10.5079166332853,-9.35022047752909,-3.20582723619944,12.5560477137285
17.4489031567683,903,883,5.6203311005385,-11.7940132439025,1.68175829654738,10.1122549473551
17.4510433386838,907,887,5.6203311005385,-31.3443553748898,11.456929362041,19.8874260128488
17.4531835205993,908,886,-4.15483996495514,-31.3443553748898,18.7883076611612,12.5560477137285
17.4553237025147,909,885,-13.9300110304488,-31.3443553748898,26.1196859602815,5.22466941460831
17.4574638844302,910,887,-9.04242549770196,-38.67573367401,26.1196859602815,12.5560477137285
17.4596040663456,907,885,-4.15483996495514,-26.456769842143,16.3445148947878,10.1122549473551
17.4617442482611,905,880,-18.8175965631956,-9.35022047752909,18.7883076611612,-9.43808718363215
17.4638844301766,905,881,-13.9300110304488,-11.7940132439025,16.3445148947878,-4.55050165088533
17.466024612092,907,885,-4.15483996495514,-26.456769842143,16.3445148947878,10.1122549473551
17.4681647940075,905,884,0.732745567791682,-19.1253915430227,9.0131365956676,10.1122549473551
17.470304975923,907,881,-23.7051820959424,-16.6815987766493,26.1196859602815,-9.43808718363215
17.4724451578384,905,885,5.6203311005385,-21.5691843093961,6.56934382929419,14.9998404801019
17.4745853397539,907,886,0.732745567791682,-28.9005626085164,13.9007221284144,14.9998404801019
17.4767255216693,906,881,-18.8175965631956,-14.2378060102759,21.2321004275347,-6.99429441725874
17.4788657035848,906,878,-33.480353161436,-6.90642771115568,28.5634787266549,-21.6570510154992
17.4810058855003,907,883,-13.9300110304488,-21.5691843093961,21.2321004275347,0.337083881861489
17.4831460674157,907,880,-28.5927676286892,-14.2378060102759,28.5634787266549,-14.325672716379
17.4852862493312,906,880,-23.7051820959424,-11.7940132439025,23.6758931939081,-11.8818799500056
17.4874264312467,907,881,-23.7051820959424,-16.6815987766493,26.1196859602815,-9.43808718363215
17.4895666131621,908,882,-23.7051820959424,-21.5691843093961,28.5634787266549,-6.99429441725874
17.4917067950776,905,880,-18.8175965631956,-9.35022047752909,18.7883076611612,-9.43808718363215
17.493846976993,905,880,-18.8175965631956,-9.35022047752909,18.7883076611612,-9.43808718363215
17.4959871589085,907,879,-33.480353161436,-11.7940132439025,31.0072714930283,-19.2132582491258
17.498127340824,904,876,-33.480353161436,2.86874335433795,23.6758931939081,-26.544636548246
17.5002675227394,904,878,-23.7051820959424,-2.01884217840886,18.7883076611612,-16.7694654827524
17.5024077046549,906,879,-28.5927676286892,-9.35022047752909,26.1196859602815,-16.7694654827524
17.5045478865704,906,879,-28.5927676286892,-9.35022047752909,26.1196859602815,-16.7694654827524
17.5066880684858,906,880,-23.7051820959424,-11.7940132439025,23.6758931939081,-11.8818799500056
17.5088282504013,903,880,-9.04242549770196,-4.46263494478227,9.0131365956676,-4.55050165088533
17.5109684323167,904,883,0.732745567791682,-14.2378060102759,6.56934382929419,7.66846218098172
17.5131086142322,901,875,-23.7051820959424,12.6439144198316,11.456929362041,-24.1008437818726
17.5152487961477,900,876,-13.9300110304488,12.6439144198316,4.12555106292078,-16.7694654827524
17.5173889780631,900,881,10.5079166332853,0.424950587964545,-8.09341276894626,7.66846218098172
17.5195291599786,900,878,-4.15483996495514,7.75632888708477,-0.762034469826034,-6.99429441725874
17.5216693418941,901,874,-28.5927676286892,15.087707186205,13.9007221284144,-28.9884293146194
17.5238095238095,897,873,-13.9300110304488,27.306671018072,-3.20582723619944,-24.1008437818726
17.525949705725,899,873,-23.7051820959424,22.4190854853252,6.56934382929419,-28.9884293146194
17.5280898876404,896,869,-28.5927676286892,39.5256348499391,1.68175829654738,-41.2073931464865
17.5302300695559,890,864,-23.7051820959424,66.4073552800466,-15.4247910680665,-50.9825642119801
17.5323702514714,890,867,-9.04242549770196,59.0759769809264,-22.7561693671867,-36.3198076137397
17.5345104333868,890,866,-13.9300110304488,61.5197697472998,-20.3123766008133,-41.2073931464865
17.5366506153023,889,865,-13.9300110304488,66.4073552800466,-22.7561693671867,-43.6511859128599
17.5387907972178,892,868,-13.9300110304488,51.7445986818061,-15.4247910680665,-36.3198076137397
17.5409309791332,888,868,5.62033110053849,61.5197697472998,-34.9751331990538,-26.544636548246
17.5430711610487,889,866,-9.04242549770196,63.9635625136732,-25.1999621335601,-38.7636003801131
17.5452113429642,889,865,-13.9300110304488,66.4073552800466,-22.7561693671867,-43.6511859128599
17.5473515248796,891,869,-4.15483996495514,51.7445986818061,-22.7561693671867,-28.9884293146194
17.5494917067951,889,865,-13.9300110304488,66.4073552800466,-22.7561693671867,-43.6511859128599
17.5516318887105,889,863,-23.7051820959424,71.2949408127934,-17.8685838344399,-53.4263569783535
17.553772070626,892,864,-33.480353161436,61.5197697472998,-5.64962000257285,-55.8701497447269
17.5559122525415,889,864,-18.8175965631956,68.85114804642,-20.3123766008133,-48.5387714456067
17.5580524344569,888,860,-33.4803531614361,81.0701118782871,-15.4247910680665,-65.6453208102206
17.5601926163724,887,863,-13.9300110304488,76.1825263455402,-27.6437548999335,-48.5387714456067
17.5623327982879,890,865,-18.8175965631956,63.9635625136732,-17.8685838344399,-46.0949786792333
17.5644729802033,890,864,-23.7051820959424,66.4073552800466,-15.4247910680665,-50.9825642119801
17.5666131621188,889,860,-38.3679386941829,78.6263191119136,-10.5372055353197,-68.089113576594
17.5687533440342,891,863,-33.480353161436,66.4073552800466,-8.09341276894627,-58.3139425111003
17.5708935259497,892,863,-38.3679386941829,63.9635625136732,-3.20582723619945,-60.7577352774737
17.5730337078652,891,860,-48.1431097596765,73.7387335791668,-0.762034469826034,-72.9766991093408
17.5751738897806,892,860,-53.0306952924233,71.2949408127934,4.12555106292078,-75.4204918757142
17.5773140716961,894,866,-33.480353161436,51.7445986818061,-0.762034469826034,-50.9825642119801
17.5794542536116,892,865,-28.5927676286892,59.0759769809264,-8.09341276894626,-50.9825642119801
17.581594435527,894,862,-53.0306952924233,61.5197697472998,9.0131365956676,-70.5329063429674
17.5837346174425,894,863,-48.1431097596765,59.0759769809264,6.56934382929419,-65.6453208102206
17.5858747993579,893,866,-28.5927676286892,54.1883914481796,-5.64962000257285,-48.5387714456067
17.5880149812734,893,863,-43.2555242269297,61.5197697472998,1.68175829654737,-63.2015280438471
17.5901551631889,893,863,-43.2555242269297,61.5197697472998,1.68175829654737,-63.2015280438471
17.5922953451043,896,867,-38.3679386941829,44.4132203826859,6.56934382929419,-50.9825642119801
17.5944355270198,896,866,-43.2555242269297,46.8570131490593,9.0131365956676,-55.8701497447269
17.5965757089353,894,864,-43.2555242269297,56.632184214553,4.12555106292078,-60.7577352774737
17.5987158908507,896,868,-33.480353161436,41.9694276163125,4.12555106292078,-46.0949786792333
17.6008560727662,896,869,-28.5927676286892,39.5256348499391,1.68175829654738,-41.2073931464865
17.6029962546816,896,865,-48.1431097596765,49.3008059154327,11.456929362041,-60.7577352774738
17.6051364365971,892,865,-28.5927676286892,59.0759769809264,-8.09341276894626,-50.9825642119801
17.6072766185126,891,868,-9.04242549770196,54.1883914481796,-20.3123766008133,-33.8760148473662
17.609416800428,896,865,-48.1431097596765,49.3008059154327,11.456929362041,-60.7577352774738
17.6115569823435,899,867,-53.0306952924233,37.0818420835657,21.2321004275347,-58.3139425111003
17.613697164259,900,870,-43.2555242269297,27.306671018072,18.7883076611612,-46.0949786792333
17.6158373461744,900,869,-48.1431097596765,29.7504637844455,21.2321004275347,-50.9825642119801
17.6179775280899,901,866,-67.6934518906638,34.6380493171923,33.4510642594017,-68.089113576594
17.6201177100053,901,868,-57.9182808251701,29.7504637844455,28.5634787266549,-58.3139425111003
17.6222578919208,904,871,-57.9182808251701,15.087707186205,35.8948570257751,-50.9825642119801
17.6243980738363,901,866,-67.6934518906638,34.6380493171923,33.4510642594017,-68.089113576594
17.6265382557517,901,867,-62.805866357917,32.1942565508189,31.0072714930283,-63.2015280438472
17.6286784376672,904,871,-57.9182808251701,15.087707186205,35.8948570257751,-50.9825642119801
17.6308186195827,903,873,-43.2555242269297,12.6439144198316,26.1196859602815,-38.7636003801131
17.6329588014981,903,867,-72.5810374234106,27.306671018072,40.7824425585219,-68.089113576594
17.6350989834136,902,870,-53.0306952924233,22.4190854853252,28.5634787266549,-50.9825642119801
17.6372391653291,903,872,-48.1431097596765,15.087707186205,28.5634787266549,-43.6511859128599
17.6393793472445,904,869,-67.6934518906638,19.9752927189518,40.7824425585219,-60.7577352774737
17.64151952916,903,867,-72.5810374234106,27.306671018072,40.7824425585219,-68.089113576594
17.6436597110754,905,872,-57.9182808251701,10.2001216534582,38.3386497921485,-48.5387714456067
17.6457998929909,903,874,-38.3679386941829,10.2001216534582,23.6758931939081,-33.8760148473662
17.6479400749064,904,871,-57.9182808251701,15.087707186205,35.8948570257751,-50.9825642119801
17.6500802568218,903,873,-43.2555242269297,12.6439144198316,26.1196859602815,-38.7636003801131
17.6522204387373,905,873,-53.0306952924233,7.75632888708477,35.8948570257751,-43.6511859128599
17.6543606206528,901,871,-43.2555242269297,22.4190854853252,21.2321004275347,-43.6511859128599
17.6565008025682,904,870,-62.805866357917,17.5314999525784,38.3386497921485,-55.8701497447269
17.6586409844837,903,872,-48.1431097596765,15.087707186205,28.5634787266549,-43.6511859128599
17.6607811663991,906,872,-62.805866357917,7.75632888708477,43.2262353248953,-50.9825642119801
17.6629213483146,901,862,-87.2437940216511,44.4132203826859,43.2262353248953,-87.6394557075812
17.6650615302301,902,869,-57.9182808251701,24.8628782516986,31.0072714930283,-55.8701497447269
17.6672017121455,904,868,-72.5810374234106,22.4190854853252,43.2262353248953,-65.6453208102206
17.669341894061,902,865,-77.4686229561574,34.6380493171923,40.7824425585219,-75.4204918757142
17.6714820759765,903,868,-67.6934518906638,24.8628782516986,38.3386497921485,-63.2015280438472
17.6736222578919,902,866,-72.5810374234106,32.1942565508189,38.3386497921485,-70.5329063429674
17.6757624398074,903,863,-92.1313795543979,37.0818420835657,50.5576136240156,-87.6394557075812
17.6779026217228,901,866,-67.6934518906638,34.6380493171923,33.4510642594017,-68.089113576594
17.6800428036383,903,871,-53.0306952924233,17.5314999525784,31.0072714930283,-48.5387714456067
17.6821829855538,896,872,-13.9300110304488,32.1942565508189,-5.64962000257285,-26.544636548246
17.6843231674692,896,867,-38.3679386941829,44.4132203826859,6.56934382929419,-50.9825642119801
17.6864633493847,899,868,-48.1431097596765,34.6380493171923,18.7883076611612,-53.4263569783535
17.6886035313002,902,872,-43.2555242269297,17.5314999525784,23.6758931939081,-41.2073931464865
17.6907437132156,902,870,-53.0306952924233,22.4190854853252,28.5634787266549,-50.9825642119801
17.6928838951311,900,866,-62.805866357917,37.0818420835657,28.5634787266549,-65.6453208102206
17.6950240770466,900,870,-43.2555242269297,27.306671018072,18.7883076611612,-46.0949786792333
17.697164258962,904,872,-53.0306952924233,12.6439144198316,33.4510642594017,-46.0949786792333
17.6993044408775,904,870,-62.805866357917,17.5314999525784,38.3386497921485,-55.8701497447269
17.7014446227929,903,870,-57.9182808251701,19.9752927189518,33.4510642594017,-53.4263569783535
17.7035848047084,901,873,-33.480353161436,17.5314999525784,16.3445148947878,-33.8760148473662
17.7057249866239,901,869,-53.0306952924233,27.306671018072,26.1196859602815,-53.4263569783535
17.7078651685393,902,869,-57.9182808251701,24.8628782516986,31.0072714930283,-55.8701497447269
17.7100053504548,901,874,-28.5927676286892,15.087707186205,13.9007221284144,-28.9884293146194
17.7121455323703,901,867,-62.805866357917,32.1942565508189,31.0072714930283,-63.2015280438472
17.7142857142857,902,870,-53.0306952924233,22.4190854853252,28.5634787266549,-50.9825642119801
17.7164258962012,886,789,-370.723754920966,259.466983823546,148.309324278952,-407.776308102498
17.7185660781166,883,808,-263.196873200537,220.366299561571,87.2145051196167,-307.580804681188
17.7207062600321,886,808,-277.859629798777,213.034921262451,101.877261717857,-314.912182980308
17.7228464419476,889,814,-263.196873200537,191.04078636509,101.877261717857,-292.918048082948
17.724986623863,894,821,-253.421702135043,161.71527316861,109.208640016977,-270.923913185587
17.7271268057785,893,827,-219.208603405815,149.496309336743,89.6582978859901,-239.154607222733
17.729266987694,892,827,-214.321017873068,151.940102103116,84.7707123532433,-236.710814456359
17.7314071696094,892,834,-180.107919143841,134.833552738502,67.6641629886294,-202.497715727131
17.7335473515249,895,840,-165.4451625456,112.839417841141,67.6641629886294,-180.503580829771
17.7356875334403,896,843,-155.669991480107,103.064246775648,65.220370222256,-168.284616997904
17.7378277153558,896,843,-155.669991480107,103.064246775648,65.220370222256,-168.284616997904
17.7399678972713,897,848,-136.119649349119,88.4014901774073,57.8889919231358,-146.290482100543
17.7421080791867,899,851,-131.232063816372,76.1825263455402,60.3327846895092,-136.515311035049
17.7442482611022,900,850,-141.007234881866,76.1825263455402,67.6641629886294,-143.84668933417
17.7463884430177,898,849,-136.119649349119,83.5139046446605,60.3327846895092,-143.84668933417
17.7485286249331,898,853,-116.569307218132,73.7387335791668,50.5576136240156,-124.296347203182
17.7506688068486,899,855,-111.681721685385,66.4073552800466,50.5576136240156,-116.964968904062
17.752808988764,898,855,-106.794136152638,68.85114804642,45.6700280912687,-114.521176137689
17.7549491706795,899,857,-101.906550619892,61.5197697472998,45.6700280912687,-107.189797838569
17.757089352595,900,858,-101.906550619892,56.632184214553,48.1138208576422,-104.746005072195
17.7592295345104,902,857,-116.569307218132,54.1883914481796,60.3327846895092,-114.521176137689
17.7613697164259,893,858,-67.6934518906638,73.7387335791668,13.9007221284144,-87.6394557075812
17.7635098983414,896,856,-92.1313795543979,71.2949408127934,33.4510642594017,-104.746005072195
17.7656500802568,899,858,-97.0189650871447,59.0759769809264,43.2262353248953,-102.302212305822
17.7677902621723,900,860,-92.1313795543979,51.7445986818061,43.2262353248953,-94.9708340067015
17.7699304440877,902,861,-97.0189650871447,44.4132203826859,50.5576136240156,-94.9708340067015
17.7720706260032,901,861,-92.1313795543979,46.8570131490593,45.6700280912687,-92.5270412403281
17.7742108079187,899,859,-92.1313795543979,56.632184214553,40.7824425585219,-97.4146267730749
17.7763509898341,899,852,-126.344478283626,73.7387335791668,57.8889919231358,-131.627725502303
17.7784911717496,900,861,-87.2437940216511,49.3008059154327,40.7824425585219,-90.0832484739547
17.7806313536651,899,857,-101.906550619892,61.5197697472998,45.6700280912687,-107.189797838569
17.7827715355805,899,858,-97.0189650871447,59.0759769809264,43.2262353248953,-102.302212305822
17.784911717496,809,413,-1832.11182921227,1366.5051069907,690.83131841385,-2057.33642540455
17.7870518994114,830,545,-1289.58983507737,992.604813735569,470.889969440243,-1463.49478317581
17.7891920813269,928,1009,499.266469907968,-380.806720966288,-184.046491947832,564.85321291412
17.7913322632424,937,987,347.751318392817,-349.037415003433,-86.2947812928958,435.332196296329
17.7934724451578,945,1003,386.852002654791,-407.688441396395,-86.2947812928958,493.983222689291
17.7956126270733,950,996,328.200976261829,-402.800855863648,-44.7503042645479,447.551160128196
17.7977528089888,952,982,249.99960773788,-373.475342667168,-0.76203446982646,374.237377136994
17.7998929909042,952,976,220.674094541399,-358.812586068927,13.900722128414,344.911863940513
17.8020331728197,947,964,186.460995812172,-317.268109040579,18.7883076611608,298.479801379418
17.8041733547352,944,954,152.247897082943,-285.498803077724,28.5634787266549,256.935324351069
17.8063135366506,941,952,157.13548261569,-273.279839245857,18.7883076611612,254.491531584696
17.8084537185661,937,943,132.697554951956,-241.510533283003,21.2321004275346,220.278432855468
17.8105939004815,929,927,93.5968706899812,-182.859506890041,21.2321004275346,161.627406462507
17.812734082397,921,921,103.372041755475,-148.646408160813,-3.20582723619944,151.852235397013
17.8148742643125,918,922,122.922383886462,-143.758822628067,-20.3123766008133,164.07119922888
17.8170144462279,913,912,98.4844562227281,-107.101931132465,-20.3123766008133,127.414307733279
17.8191546281434,913,909,83.8216996244876,-99.7705528333452,-12.9809983016931,112.751551135038
17.8212948100589,912,906,74.046528558994,-89.9953817678516,-10.5372055353197,100.532587303171
17.8234349919743,908,900,64.2713574935003,-65.5574541041175,-15.4247910680665,80.982245172184
17.8255751738898,903,895,64.2713574935003,-41.1195264403834,-27.6437548999335,68.763281340317
17.8277153558052,901,889,44.7210153625131,-21.5691843093961,-22.7561693671867,44.3253536765829
17.8298555377207,899,889,54.4961864280067,-16.6815987766493,-32.5313404326804,49.2129392093297
17.8319957196362,894,881,39.8334298297662,15.087707186205,-37.4189259654272,22.3312187792222
17.8341359015516,892,876,25.1706732315258,32.1942565508189,-34.9751331990538,2.7808766482349
17.8362760834671,889,877,44.7210153625131,37.0818420835657,-52.0816825636676,14.9998404801019
17.8384162653826,888,873,30.0582587642726,49.3008059154327,-47.1940970309208,-2.10670888451192
17.840556447298,884,869,30.0582587642726,68.85114804642,-56.9692680964144,-11.8818799500056
17.8426966292135,884,868,25.1706732315258,71.2949408127934,-54.525475330041,-16.7694654827524
17.8448368111289,884,869,30.0582587642726,68.85114804642,-56.9692680964144,-11.8818799500056
17.8469769930444,881,864,20.283087698779,88.4014901774073,-59.4130608627879,-28.9884293146194
17.8491171749599,878,861,20.283087698779,103.064246775648,-66.7444391619081,-36.3198076137397
17.8512573568753,880,861,10.5079166332853,98.1766612429009,-56.9692680964144,-41.2073931464865
17.8533975387908,879,860,10.5079166332853,103.064246775648,-59.4130608627879,-43.6511859128599
17.8555377207063,880,858,-4.15483996495514,105.508039542021,-49.6378897972942,-55.8701497447269
17.8576779026217,880,860,5.62033110053849,100.620454009274,-54.525475330041,-46.0949786792333
17.8598180845372,883,859,-13.9300110304488,95.7328684765275,-37.4189259654272,-58.3139425111003
17.8619582664526,883,855,-33.480353161436,105.508039542021,-27.6437548999335,-77.8642846420876
17.8640984483681,886,855,-48.1431097596765,98.1766612429009,-12.9809983016931,-85.1956629412078
17.8662386302836,887,856,-48.1431097596765,93.2890757101541,-10.5372055353197,-82.7518701748344
17.868378812199,892,858,-62.805866357917,76.1825263455402,9.0131365956676,-85.1956629412078
17.8705189941145,892,855,-77.4686229561574,83.5139046446605,16.3445148947878,-99.8584195394483
17.87265917603,894,859,-67.6934518906638,68.85114804642,16.3445148947878,-85.1956629412078
17.8747993579454,897,864,-57.9182808251701,49.3008059154327,18.7883076611612,-68.089113576594
17.8769395398609,894,860,-62.805866357917,66.4073552800466,13.9007221284144,-80.308077408461
17.8790797217763,895,862,-57.9182808251701,59.0759769809264,13.9007221284144,-72.9766991093408
17.8812199036918,898,866,-53.0306952924233,41.9694276163125,18.7883076611612,-60.7577352774737
17.8833600856073,898,866,-53.0306952924233,41.9694276163125,18.7883076611612,-60.7577352774737
17.8855002675227,896,864,-53.0306952924233,51.7445986818061,13.9007221284144,-65.6453208102206
17.8876404494382,898,867,-48.1431097596765,39.5256348499391,16.3445148947878,-55.8701497447269
17.8897806313537,896,865,-48.1431097596765,49.3008059154327,11.456929362041,-60.7577352774738
17.8919208132691,893,861,-53.0306952924233,66.4073552800466,6.5693438292942,-72.9766991093408
17.8940609951846,893,860,-57.9182808251701,68.85114804642,9.0131365956676,-77.8642846420876
17.8962011771001,883,821,-199.658261274828,188.596993598717,55.4451991567624,-244.042192755479
17.8983413590155,881,822,-184.995504676587,191.04078636509,43.2262353248953,-234.267021689986
17.900481540931,900,880,5.6203311005385,2.86874335433795,-5.64962000257285,2.7808766482349
17.9026217228464,900,873,-28.5927676286892,19.9752927189518,11.456929362041,-31.4322220809928
17.9047619047619,899,874,-18.8175965631956,19.9752927189518,4.12555106292078,-24.1008437818726
17.9069020866774,901,868,-57.9182808251701,29.7504637844455,28.5634787266549,-58.3139425111003
17.9090422685928,900,870,-43.2555242269297,27.306671018072,18.7883076611612,-46.0949786792333
17.9111824505083,899,870,-38.3679386941829,29.7504637844455,13.9007221284144,-43.6511859128599
17.9133226324238,899,872,-28.5927676286892,24.8628782516986,9.0131365956676,-33.8760148473662
17.9154628143392,899,870,-38.3679386941829,29.7504637844455,13.9007221284144,-43.6511859128599
17.9176029962547,898,866,-53.0306952924233,41.9694276163125,18.7883076611612,-60.7577352774737
17.9197431781701,896,868,-33.480353161436,41.9694276163125,4.12555106292078,-46.0949786792333
17.9218833600856,892,861,-48.1431097596765,68.85114804642,1.68175829654738,-70.5329063429674
17.9240235420011,888,857,-48.1431097596765,88.4014901774073,-8.09341276894625,-80.308077408461
17.9261637239165,885,856,-38.3679386941829,98.1766612429009,-20.3123766008133,-77.8642846420876
17.928303905832,881,845,-72.5810374234106,134.833552738502,-12.9809983016931,-121.852554436809
17.9304440877475,875,841,-62.805866357917,159.271480402236,-32.5313404326804,-126.740139969556
17.9325842696629,877,848,-38.3679386941829,137.277345504875,-39.8627187318006,-97.4146267730749
17.9347244515784,877,849,-33.4803531614361,134.833552738502,-42.306511498174,-92.5270412403281
17.9368646334938,875,843,-53.0306952924233,154.383894869489,-37.4189259654272,-116.964968904062
17.9390048154093,875,846,-38.3679386941829,147.052516570369,-44.7503042645474,-102.302212305822
17.9411449973248,876,848,-33.4803531614361,139.721138271249,-44.7503042645474,-94.9708340067015
17.9432851792402,874,842,-53.0306952924233,159.271480402236,-39.8627187318006,-119.408761670436
17.9454253611557,874,839,-67.6934518906638,166.602858701356,-32.5313404326804,-134.071518268676
17.9475655430712,875,844,-48.1431097596765,151.940102103116,-39.8627187318006,-112.077383371315
17.9497057249866,876,845,-48.1431097596765,147.052516570369,-37.4189259654272,-109.633590604942
17.9518459069021,875,844,-48.1431097596765,151.940102103116,-39.8627187318006,-112.077383371315
17.9539860888176,873,841,-53.0306952924233,164.159065934983,-42.306511498174,-121.852554436809
17.956126270733,876,843,-57.9182808251701,151.940102103116,-32.5313404326804,-119.408761670436
17.9582664526485,874,837,-77.4686229561574,171.490444234103,-27.6437548999335,-143.84668933417
17.9604066345639,871,835,-72.5810374234106,183.70940806597,-37.4189259654272,-146.290482100543
17.9625468164794,872,837,-67.6934518906638,176.37802976685,-37.4189259654272,-138.959103801423
17.9646869983949,870,833,-77.4686229561574,191.04078636509,-37.4189259654272,-153.621860399663
17.9668271803103,869,830,-87.243794021651,200.815957430584,-34.9751331990538,-165.84082423153
17.9689673622258,869,831,-82.3562084889042,198.372164664211,-37.4189259654272,-160.953238698784
17.9711075441413,867,827,-92.1313795543979,213.034921262451,-37.4189259654272,-175.615995297024
17.9732477260567,845,191,-3093.10889666095,1821.05056153616,1409.30639172763,-3230.35695326379
17.9753879079722,888,859,-38.3679386941829,83.5139046446605,-12.9809983016931,-70.5329063429674
17.9775280898876,846,255,-2785.1910080979,1662.20403172188,1257.79124021248,-2919.99527193437
17.9796682718031,903,902,98.4844562227281,-58.2260758049973,-44.7503042645474,102.976380069545
17.9818084537186,898,892,74.046528558994,-21.5691843093961,-44.7503042645474,66.3194885739435
17.983948635634,846,283,-2648.33861318099,1593.77783426343,1189.36504275403,-2783.14287701745
17.9860888175495,845,336,-2384.40899441266,1466.70061041201,1054.95644060349,-2521.6570510155
17.988228999465,945,1000,372.189246056551,-400.357063097275,-78.9634029937756,479.320466091051
17.9903691813804,954,986,259.774778803374,-388.138099265408,-0.76203446982646,388.900133735234
17.9925093632959,954,981,235.33685113964,-375.919135433541,11.4569293620406,364.4622060715
17.9946495452113,952,969,186.460995812172,-341.706036704313,31.0072714930278,310.698765211285
17.9967897271268,852,329,-2452.83519187111,1466.70061041201,1106.27608869733,-2572.97669910934
17.9989299090423,851,375,-2223.11867183201,1356.72993592521,988.974035911406,-2345.70397183661
18.0010700909577,849,418,-2003.17732285841,1256.5344325039,874.115775891855,-2130.65020839575
18.0032102728732,845,453,-1812.56148708128,1180.77685674632,769.032686937799,-1949.80954368412
18.0053504547887,842,487,-1631.72082236965,1105.01928098875,671.280976282862,-1776.30025727161
18.0074906367041,842,518,-1480.2056708545,1029.26170523117,595.523400525287,-1624.78510575646
18.0096308186196,839,537,-1372.67878913407,990.161020969196,534.428581365951,-1524.58960233515
18.011771000535,950,1023,460.165785645994,-468.783260555731,-110.73270895663,579.51596951236
18.0139111824505,972,1023,352.638903925563,-522.546701415946,-3.20582723619901,525.752528652145
18.016051364366,982,1023,303.763048598094,-546.98462907968,45.6700280912692,501.314600988411
18.0181915462814,982,1023,303.763048598094,-546.98462907968,45.6700280912692,501.314600988411
18.0203317281969,981,1014,264.66236433612,-522.546701415946,62.7765774558831,459.770123960063
18.0224719101124,981,1010,245.112022205133,-512.771530350452,72.5517485213767,440.219781829076
18.0246120920278,980,998,191.348581344918,-481.002224387598,96.9896761851108,384.012548202487
18.0267522739433,976,989,166.910653681184,-449.232918424744,99.4334689514841,349.79944947326
18.0288924558587,971,986,176.685824746677,-429.682576293756,82.3269195868704,347.355656706886
18.0310326377742,969,978,147.360311550196,-405.244648630022,92.102090652364,313.142557977658
18.0331728196897,962,968,132.697554951956,-363.700171601674,82.3269195868703,281.373252014804
18.0353130016051,958,964,132.697554951957,-344.149829470687,72.5517485213758,271.598080949311
18.0374531835206,953,958,127.809969419209,-317.268109040579,62.7765774558826,254.491531584696
18.0395933654361,948,947,98.484456222728,-278.167424778604,65.220370222256,212.947054556348
18.0417335473515,943,941,93.5968706899812,-251.285704348497,55.4451991567624,195.840505191734
18.043873729267,939,939,103.372041755475,-236.622947750256,40.7824425585219,195.840505191734
18.0460139111824,932,931,98.4844562227281,-199.966056254655,26.1196859602815,173.846370294374
18.0481540930979,928,923,78.9341140917408,-170.640543058174,26.1196859602815,144.520857097893
18.0502942750134,923,917,74.046528558994,-143.758822628067,16.3445148947878,127.414307733279
18.0524344569288,920,917,88.7092851572344,-136.427444328946,1.68175829654739,134.745686032399
18.0545746388443,917,909,64.2713574935003,-109.545723898839,6.5693438292942,102.976380069545
18.0567148207598,911,904,69.1589430262471,-82.6640034687314,-10.5372055353197,93.201209004051
18.0588550026752,910,904,74.046528558994,-80.220210702358,-15.4247910680665,95.6450017704245
18.0609951845907,906,901,78.9341140917408,-63.1136613377441,-27.6437548999335,90.7574162376776
18.0631353665062,902,894,64.2713574935003,-36.2319409076366,-30.0875476663069,66.3194885739435
18.0652755484216,900,891,59.3837719607535,-24.0129770757695,-32.5313404326804,56.5443175084499
18.0674157303371,897,886,49.6086008952599,-4.46263494478227,-34.9751331990538,39.437768143836
18.0695559122525,891,881,54.4961864280067,22.4190854853252,-52.0816825636676,29.6625970783424
18.071696094168,890,879,49.6086008952599,29.7504637844455,-52.0816825636676,22.3312187792222
18.0738362760835,892,881,49.6086008952599,19.9752927189518,-47.1940970309208,27.218804311969
18.0759764579989,889,882,69.1589430262471,24.8628782516986,-64.3006463955347,39.437768143836
18.0781166399144,887,873,34.9458442970194,51.7445986818061,-52.0816825636676,0.337083881861489
18.0802568218299,888,873,30.0582587642726,49.3008059154327,-47.1940970309208,-2.10670888451192
18.0823970037453,883,871,44.7210153625131,66.4073552800466,-66.7444391619081,0.337083881861489
18.0845371856608,882,864,15.3955021660321,85.9576974110339,-54.525475330041,-31.4322220809928
18.0866773675762,882,863,10.5079166332853,88.4014901774073,-52.0816825636676,-36.3198076137396
18.0888175494917,880,865,30.0582587642726,88.4014901774073,-66.7444391619081,-21.6570510154992
18.0909577314072,880,864,25.1706732315258,90.8452829437807,-64.3006463955347,-26.544636548246
18.0930979133226,878,858,5.62033110053851,110.395625074768,-59.4130608627879,-50.9825642119801
18.0952380952381,878,860,15.3955021660321,105.508039542021,-64.3006463955347,-41.2073931464865
18.0973782771536,879,860,10.5079166332853,103.064246775648,-59.4130608627879,-43.6511859128599
18.099518459069,876,856,5.62033110053849,120.170796140262,-64.3006463955347,-55.8701497447269
18.1016586409845,878,852,-23.7051820959424,125.058381673008,-44.7503042645474,-80.308077408461
18.1037988228999,875,853,-4.15483996495514,129.945967205755,-61.8568536291613,-68.089113576594
18.1059390048154,875,850,-18.8175965631956,137.277345504875,-54.525475330041,-82.7518701748344
18.1080791867309,873,849,-13.9300110304488,144.608723803996,-61.8568536291613,-82.7518701748344
18.1102193686463,875,854,0.732745567791682,127.502174439382,-64.3006463955347,-63.2015280438472
18.1123595505618,875,852,-9.04242549770196,132.389759972129,-59.4130608627879,-72.9766991093408
18.1144997324773,874,849,-18.8175965631956,142.164931037622,-56.9692680964145,-85.1956629412078
18.1166399143927,873,849,-13.9300110304488,144.608723803996,-61.8568536291613,-82.7518701748344
18.1187800963082,876,852,-13.9300110304488,129.945967205755,-54.525475330041,-75.4204918757142
18.1209202782237,875,845,-43.2555242269297,149.496309336743,-42.306511498174,-107.189797838569
18.1230604601391,871,845,-23.7051820959424,159.271480402236,-61.8568536291613,-97.4146267730749
18.1252006420546,873,848,-18.8175965631956,147.052516570369,-59.4130608627879,-87.6394557075812
18.12734082397,875,851,-13.9300110304488,134.833552738502,-56.9692680964145,-77.8642846420876
18.1294810058855,873,846,-28.5927676286892,151.940102103116,-54.525475330041,-97.4146267730749
18.131621187801,875,849,-23.7051820959424,139.721138271249,-52.0816825636676,-87.6394557075812
18.1337613697164,874,850,-13.9300110304488,139.721138271249,-59.4130608627879,-80.308077408461
18.1359015516319,876,847,-38.3679386941829,142.164931037622,-42.306511498174,-99.8584195394483
18.1380417335474,872,844,-33.4803531614361,159.271480402236,-54.525475330041,-104.746005072195
18.1401819154628,874,848,-23.7051820959424,144.608723803996,-54.525475330041,-90.0832484739547
18.1423220973783,875,849,-23.7051820959424,139.721138271249,-52.0816825636676,-87.6394557075812
18.1444622792937,877,846,-48.1431097596765,142.164931037622,-34.9751331990538,-107.189797838569
18.1466024612092,875,847,-33.480353161436,144.608723803996,-47.1940970309208,-97.4146267730749
18.1487426431247,878,850,-33.4803531614361,129.945967205755,-39.8627187318006,-90.0832484739547
18.1508828250401,875,847,-33.480353161436,144.608723803996,-47.1940970309208,-97.4146267730749
18.1530230069556,874,846,-33.480353161436,149.496309336743,-49.6378897972942,-99.8584195394483
18.1551631888711,875,847,-33.480353161436,144.608723803996,-47.1940970309208,-97.4146267730749
18.1573033707865,875,848,-28.5927676286892,142.164931037622,-49.6378897972942,-92.5270412403281
18.159443552702,877,844,-57.9182808251701,147.052516570369,-30.0875476663069,-116.964968904062
18.1615837346174,877,845,-53.0306952924233,144.608723803996,-32.5313404326804,-112.077383371315
18.1637239165329,878,848,-43.2555242269297,134.833552738502,-34.9751331990538,-99.8584195394483
18.1658640984484,879,844,-67.6934518906638,142.164931037622,-20.3123766008133,-121.852554436809
18.1680042803638,881,851,-43.2555242269297,120.170796140262,-27.6437548999335,-92.5270412403281
18.1701444622793,865,803,-199.658261274828,276.57353318816,11.456929362041,-288.030462550201
18.1722846441948,864,796,-228.983774471309,296.123875319147,23.6758931939081,-319.799768513055
18.1744248261102,863,793,-238.758945536802,305.899046384641,26.1196859602815,-332.018732344922
18.1765650080257,862,790,-248.534116602296,315.674217450134,28.5634787266549,-344.237696176789
18.1787051899411,861,787,-258.30928766779,325.449388515628,31.0072714930283,-356.456660008656
18.1808453718566,880,723,-663.978886885776,435.420063002431,280.274133663116,-715.694196665547
18.1829855537721,863,795,-228.983774471309,301.011460851894,21.2321004275347,-322.243561279429
18.1851257356875,862,814,-131.232063816372,257.023191057173,-30.087547666307,-226.935643390866
18.187265917603,866,810,-170.332748078347,257.023191057173,-0.762034469826034,-256.261156587346
18.1894060995185,865,805,-189.883090209334,271.685947655413,6.56934382929418,-278.255291484707
18.1915462814339,865,807,-180.107919143841,266.798362122666,1.68175829654737,-268.480120419214
18.1936864633494,864,807,-175.220333611094,269.24215488904,-3.20582723619944,-266.03632765284
18.1958266452648,864,801,-204.545846807575,283.90491148728,11.456929362041,-295.361840849321
18.1979668271803,864,805,-184.995504676587,274.129740421786,1.68175829654737,-275.811498718334
18.2001070090958,865,806,-184.995504676587,269.24215488904,4.12555106292078,-273.36770595196
18.2022471910112,864,807,-175.220333611094,269.24215488904,-3.20582723619944,-266.03632765284
18.2043873729267,864,800,-209.433432340322,286.348704253653,13.9007221284144,-300.249426382068
18.2065275548422,865,805,-189.883090209334,271.685947655413,6.56934382929418,-278.255291484707
18.2086677367576,864,805,-184.995504676587,274.129740421786,1.68175829654737,-275.811498718334
18.2108079186731,863,802,-194.770675742081,283.90491148728,4.12555106292081,-288.030462550201
18.2129481005886,861,801,-189.883090209334,291.2362897864,-3.20582723619944,-288.030462550201
18.215088282504,864,807,-175.220333611094,269.24215488904,-3.20582723619944,-266.03632765284
18.2172284644195,864,803,-194.770675742081,279.017325954533,6.56934382929421,-285.586669783827
18.2193686463349,864,803,-194.770675742081,279.017325954533,6.56934382929421,-285.586669783827
18.2215088282504,863,806,-175.220333611094,274.129740421786,-5.64962000257285,-268.480120419214
18.2236490101659,862,810,-150.78240594736,266.798362122666,-20.3123766008133,-246.485985521853
18.2257891920813,862,804,-180.107919143841,281.461118720907,-5.64962000257285,-275.811498718334
18.2279293739968,860,805,-165.4451625456,283.90491148728,-17.8685838344399,-266.03632765284
18.2300695559123,861,808,-155.669991480107,274.129740421786,-20.3123766008133,-253.817363820973
18.2322097378277,864,807,-175.220333611094,269.24215488904,-3.20582723619944,-266.03632765284
18.2343499197432,862,806,-170.332748078347,276.57353318816,-10.5372055353197,-266.03632765284
18.2364901016586,863,810,-155.669991480107,264.354569356293,-15.4247910680665,-248.929778288226
18.2386302835741,863,811,-150.78240594736,261.910776589919,-17.8685838344399,-244.042192755479
18.2407704654896,863,807,-170.332748078347,271.685947655413,-8.09341276894625,-263.592534886467
18.242910647405,861,806,-165.4451625456,279.017325954533,-15.4247910680665,-263.592534886467
18.2450508293205,849,733,-463.587880043156,486.739711096273,104.321054484231,-591.060765580504
18.247191011236,884,778,-414.712024715688,291.2362897864,165.415873643566,-456.652163429966
18.2493311931514,858,771,-321.847899593498,371.881451076723,55.4451991567624,-427.326650233485
18.2514713750669,853,784,-233.871360004056,352.331108945735,-0.762034469826034,-351.569074475909
18.2536115569823,855,791,-209.433432340322,330.336974048375,-8.09341276894625,-322.243561279429
18.2557517388978,876,869,69.1589430262471,88.4014901774073,-96.069952358389,7.66846218098171
18.2578919208133,893,873,5.6203311005385,37.0818420835657,-22.7561693671867,-14.325672716379
18.2600321027287,871,847,-13.9300110304488,154.383894869489,-66.7444391619081,-87.6394557075812
18.2621722846442,872,844,-33.4803531614361,159.271480402236,-54.525475330041,-104.746005072195
18.2643124665597,864,815,-136.119649349119,249.691812758052,-22.7561693671867,-226.935643390866
18.2664526484751,861,812,-136.119649349119,264.354569356293,-30.087547666307,-234.267021689986
18.2685928303906,863,819,-111.681721685385,242.360434458932,-37.4189259654271,-204.941508493505
18.270733012306,864,817,-126.344478283626,244.804227225305,-27.6437548999335,-217.160472325372
18.2728731942215,868,827,-97.0189650871447,210.591128496078,-32.5313404326803,-178.059788063397
18.275013376137,868,831,-77.4686229561574,200.815957430584,-42.306511498174,-158.50944593241
18.2771535580524,870,831,-87.243794021651,195.928371897837,-32.5313404326804,-163.397031465157
18.2792937399679,875,904,245.112022205133,5.31253612071136,-186.490284714205,181.177748593494
18.2814339218834,880,855,-18.8175965631956,112.839417841141,-42.306511498174,-70.5329063429674
18.2835741037988,887,849,-82.3562084889042,110.395625074768,6.5693438292942,-116.964968904062
18.2857142857143,912,917,127.809969419209,-116.877102197959,-37.4189259654272,154.296028163386
18.2878544676297,919,922,118.034798353715,-146.20261539444,-15.4247910680665,161.627406462506
18.2899946495452,918,879,-87.243794021651,-38.67573367401,84.7707123532433,-46.0949786792333
18.2921348314607,913,906,69.1589430262471,-92.439174534225,-5.64962000257285,98.0887945367979
18.2942750133761,890,849,-97.0189650871447,103.064246775648,21.2321004275347,-124.296347203182
18.2964151952916,908,906,93.5968706899812,-80.220210702358,-30.0875476663069,110.307758368665
18.2985553772071,910,908,93.5968706899812,-89.9953817678516,-25.1999621335601,115.195343901412
18.3006955591225,897,898,108.259627288222,-33.7881481412632,-64.3006463955347,98.0887945367979
18.302835741038,903,905,113.147212820969,-65.5574541041175,-52.0816825636676,117.639136667785
18.3049759229534,900,894,74.046528558994,-31.3443553748898,-39.8627187318006,71.2070741066904
18.3071161048689,904,898,74.046528558994,-50.894697505877,-30.0875476663069,80.982245172184
18.3092562867844,899,885,34.9458442970194,-6.90642771115568,-22.7561693671867,29.6625970783424
18.3113964686998,902,898,83.8216996244876,-46.0071119731302,-39.8627187318006,85.8698307049308
18.3135366506153,899,887,44.7210153625131,-11.7940132439025,-27.6437548999335,39.437768143836
18.3156768325308,898,879,10.5079166332853,10.2001216534582,-12.9809983016931,2.7808766482349
18.3178170144462,897,873,-13.9300110304488,27.306671018072,-3.20582723619944,-24.1008437818726
18.3199571963617,896,874,-4.15483996495514,27.306671018072,-10.5372055353197,-16.7694654827524
18.3220973782772,893,867,-23.7051820959424,51.7445986818061,-8.09341276894626,-43.6511859128599
18.3242375601926,890,862,-33.480353161436,71.2949408127934,-10.5372055353197,-60.7577352774737
18.3263777421081,893,865,-33.4803531614361,56.632184214553,-3.20582723619944,-53.4263569783535
18.3285179240235,895,865,-43.2555242269297,51.7445986818061,6.5693438292942,-58.3139425111003
18.330658105939,895,864,-48.1431097596765,54.1883914481796,9.0131365956676,-63.2015280438472
18.3327982878545,886,836,-141.007234881866,144.608723803996,33.4510642594017,-178.059788063397
18.3349384697699,892,853,-87.2437940216511,88.4014901774073,21.2321004275347,-109.633590604942
18.3370786516854,892,850,-101.906550619892,95.7328684765275,28.5634787266549,-124.296347203182
18.3392188336009,895,849,-121.456892750879,90.8452829437807,45.6700280912687,-136.515311035049
18.3413590155163,913,917,122.922383886462,-119.320894964333,-32.5313404326804,151.852235397013
18.3434991974318,903,862,-97.0189650871447,39.5256348499391,53.001406390389,-92.5270412403281
18.3456393793472,915,918,118.034798353715,-126.652273263453,-25.1999621335601,151.852235397013
18.3477795612627,913,900,39.8334298297662,-77.7764179359846,9.0131365956676,68.763281340317
18.3499197431782,916,911,78.9341140917408,-111.989516665212,-3.20582723619944,115.195343901412
18.3520599250936,904,851,-155.669991480107,63.9635625136732,84.7707123532433,-148.734274866916
18.3542001070091,897,854,-106.794136152638,73.7387335791668,43.2262353248953,-116.964968904062
18.3563402889246,896,857,-87.2437940216511,68.85114804642,31.0072714930283,-99.8584195394483
18.35848047084,895,853,-101.906550619892,81.0701118782871,35.8948570257751,-116.964968904062
18.3606206527555,893,848,-116.569307218132,98.1766612429009,38.3386497921485,-136.515311035049
18.3627608346709,895,852,-106.794136152638,83.5139046446605,38.3386497921485,-121.852554436809
18.3649010165864,896,851,-116.569307218132,83.5139046446605,45.6700280912687,-129.183932735929
18.3670411985019,895,850,-116.569307218132,88.4014901774073,43.2262353248953,-131.627725502303
18.3691813804173,894,849,-116.569307218132,93.2890757101541,40.7824425585219,-134.071518268676
18.3713215623328,896,851,-116.569307218132,83.5139046446605,45.6700280912687,-129.183932735929
18.3734617442483,893,849,-111.681721685385,95.7328684765275,35.8948570257751,-131.627725502303
18.3756019261637,894,847,-126.344478283626,98.1766612429009,45.6700280912687,-143.84668933417
18.3777421080792,893,851,-101.906550619892,90.8452829437807,31.0072714930283,-121.852554436809
18.3798822899947,892,850,-101.906550619892,95.7328684765275,28.5634787266549,-124.296347203182
18.3820224719101,889,848,-97.0189650871447,107.951832308395,18.7883076611612,-126.740139969556
18.3841626538256,889,854,-67.6934518906638,93.2890757101541,4.12555106292078,-97.4146267730749
18.386302835741,891,853,-82.3562084889042,90.8452829437807,16.3445148947878,-107.189797838569
18.3884430176565,889,850,-87.2437940216511,103.064246775648,13.9007221284144,-116.964968904062
18.390583199572,888,849,-87.2437940216511,107.951832308395,11.456929362041,-119.408761670436
18.3927233814874,888,853,-67.6934518906638,98.1766612429009,1.68175829654739,-99.8584195394483
18.3948635634029,887,852,-67.6934518906638,103.064246775648,-0.762034469826034,-102.302212305822
18.3970037453184,883,846,-77.4686229561574,127.502174439382,-5.64962000257286,-121.852554436809
18.3991439272338,883,848,-67.6934518906638,122.614588906635,-10.5372055353197,-112.077383371315
18.4012841091493,878,845,-57.9182808251701,142.164931037622,-27.6437548999335,-114.521176137689
18.4034242910647,876,841,-67.6934518906638,156.827687635863,-27.6437548999335,-129.183932735929
18.4055644729802,875,839,-72.5810374234106,164.159065934983,-27.6437548999335,-136.515311035049
18.4077046548957,874,840,-62.805866357917,164.159065934983,-34.9751331990538,-129.183932735929
18.4098448368111,873,836,-77.4686229561574,176.37802976685,-30.0875476663069,-146.290482100543
18.4119850187266,869,833,-72.5810374234106,193.484579131464,-42.306511498174,-151.17806763329
18.4141252006421,870,834,-72.5810374234106,188.596993598717,-39.8627187318006,-148.734274866917
18.4162653825575,869,834,-67.6934518906638,191.04078636509,-44.7503042645474,-146.290482100543
18.418405564473,868,829,-87.2437940216511,205.703542963331,-37.4189259654272,-168.284616997904
18.4205457463884,867,827,-92.1313795543979,213.034921262451,-37.4189259654272,-175.615995297024
18.4226859283039,870,828,-101.906550619892,203.259750196958,-25.1999621335601,-178.059788063397
18.4248261102194,865,823,-101.906550619892,227.697677860692,-37.4189259654272,-190.278751895264
18.4269662921348,862,820,-101.906550619892,242.360434458932,-44.7503042645474,-197.610130194385
18.4291064740503,863,821,-101.906550619892,237.472848926185,-42.306511498174,-195.166337428011
18.4312466559658,863,819,-111.681721685385,242.360434458932,-37.4189259654271,-204.941508493505
18.4333868378812,862,817,-116.569307218132,249.691812758052,-37.4189259654272,-212.272886792625
18.4355270197967,860,814,-121.456892750879,261.910776589919,-39.8627187318006,-222.048057858119
18.4376672017121,861,819,-101.906550619892,247.248019991679,-47.1940970309208,-200.053922960758
18.4398073836276,862,814,-131.232063816372,257.023191057173,-30.087547666307,-226.935643390866
18.4419475655431,859,812,-126.344478283626,269.24215488904,-39.8627187318006,-229.379436157239
18.4440877474585,864,814,-141.007234881866,252.135605524426,-20.3123766008133,-231.823228923612
18.446227929374,867,817,-141.007234881866,237.472848926185,-12.9809983016931,-224.491850624492
18.4483681112895,864,814,-141.007234881866,252.135605524426,-20.3123766008133,-231.823228923612
18.4505082932049,869,818,-145.894820414613,230.141470627065,-5.64962000257285,-224.491850624492
18.4526484751204,870,818,-150.78240594736,227.697677860692,-0.762034469826034,-226.935643390866
18.4547886570358,868,816,-150.78240594736,237.472848926185,-5.64962000257285,-231.823228923612
18.4569288389513,868,815,-155.669991480107,239.916641692559,-3.20582723619944,-236.710814456359
18.4590690208668,872,817,-165.4451625456,225.253885094318,11.456929362041,-236.710814456359
18.4612092027822,874,819,-165.4451625456,215.478714028825,16.3445148947878,-231.823228923612
18.4633493846977,872,816,-170.332748078347,227.697677860692,13.9007221284144,-241.598399989106
18.4654895666132,874,819,-165.4451625456,215.478714028825,16.3445148947878,-231.823228923612
18.4676297485286,878,822,-170.332748078347,198.372164664211,28.5634787266549,-226.935643390866
18.4697699304441,877,822,-165.4451625456,200.815957430584,23.6758931939081,-224.491850624492
18.4719101123596,877,819,-180.107919143841,208.147335729704,31.0072714930283,-239.154607222733
18.474050294275,878,822,-170.332748078347,198.372164664211,28.5634787266549,-226.935643390866
18.4761904761905,878,823,-165.4451625456,195.928371897837,26.1196859602815,-222.048057858119
18.4783306581059,877,821,-170.332748078347,203.259750196957,26.1196859602815,-229.379436157239
18.4804708400214,877,821,-170.332748078347,203.259750196957,26.1196859602815,-229.379436157239
18.4826110219369,878,824,-160.557577012853,193.484579131464,23.6758931939081,-217.160472325372
18.4847512038523,879,827,-150.78240594736,183.70940806597,21.2321004275347,-204.941508493505
18.4868913857678,881,827,-160.557577012853,178.821822533223,31.0072714930283,-209.829094026252
18.4890315676833,882,831,-145.894820414613,166.602858701356,26.1196859602815,-192.722544661638
18.4911717495987,884,831,-155.669991480107,161.71527316861,35.8948570257751,-197.610130194385
18.4933119315142,885,830,-165.4451625456,161.71527316861,43.2262353248953,-204.941508493505
18.4954521134296,886,832,-160.557577012853,154.383894869489,43.2262353248953,-197.610130194385
18.4975922953451,888,831,-175.220333611094,151.940102103116,55.4451991567624,-207.385301259878
18.4997324772606,888,829,-184.995504676587,156.827687635863,60.3327846895092,-217.160472325372
18.501872659176,888,829,-184.995504676587,156.827687635863,60.3327846895092,-217.160472325372
18.5040128410915,889,837,-150.78240594736,134.833552738502,45.6700280912687,-180.503580829771
18.506153023007,893,834,-184.995504676587,132.389759972129,72.5517485213763,-204.941508493505
18.5082932049224,888,832,-170.332748078347,149.496309336743,53.001406390389,-202.497715727131
18.5104333868379,890,835,-165.4451625456,137.277345504875,55.4451991567624,-192.722544661638
18.5125735687533,893,839,-160.557577012853,120.170796140262,60.3327846895092,-180.503580829771
18.5147137506688,893,834,-184.995504676587,132.389759972129,72.5517485213763,-204.941508493505
18.5168539325843,892,832,-189.883090209334,139.721138271249,72.5517485213763,-212.272886792625
18.5189941144997,893,833,-189.883090209334,134.833552738502,74.9955412877497,-209.829094026252
18.5211342964152,894,829,-214.321017873068,142.164931037622,89.6582978859901,-231.823228923612
18.5232744783307,890,820,-238.758945536802,173.934237000477,92.1020906523635,-266.03632765284
18.5254146602461,886,817,-233.871360004056,191.04078636509,79.8831268204965,-270.923913185587
18.5275548421616,888,811,-272.97204426603,200.815957430584,104.321054484231,-305.137011914815
18.529695024077,888,812,-268.084458733283,198.372164664211,101.877261717857,-300.249426382068
18.5318352059925,883,803,-287.634800864271,232.585263393438,99.4334689514838,-332.018732344922
18.533975387908,879,786,-351.173412789979,283.90491148728,121.427603848844,-405.332515336124
18.5361155698234,871,752,-478.250636641397,386.544207674963,165.415873643566,-551.960081318529
18.5382557517389,866,755,-439.149952379422,391.43179320771,133.646567680711,-525.078360888422
18.5403959336544,855,592,-1182.06295335694,816.651734556684,478.221347739363,-1294.87308229605
18.5425361155698,852,657,-849.707137130156,665.136583041532,304.712061326851,-969.848644368383
18.5446762974853,851,689,-688.416814549511,589.379007283957,221.623107270155,-811.002114554111
18.5468164794007,850,723,-517.351320903371,508.733845993634,133.646567680711,-642.380413674345
18.5489566613162,848,744,-404.936853650194,462.301783432539,72.5517485213763,-534.853531953915
18.5510968432317,846,757,-331.623070658992,435.420063002431,31.0072714930283,-466.42733449546
18.5532370251471,850,769,-292.522386397017,396.319378740457,21.2321004275346,-417.551479167991
18.5553772070626,860,801,-184.995504676587,293.680082552774,-8.09341276894625,-285.586669783827
18.5575173889781,868,823,-116.569307218132,220.366299561571,-22.7561693671867,-197.610130194385
18.5596575708935,879,835,-111.681721685385,164.159065934983,1.68175829654737,-165.84082423153
18.561797752809,883,846,-77.4686229561574,127.502174439382,-5.64962000257286,-121.852554436809
18.5639379347244,891,857,-62.805866357917,81.0701118782871,6.5693438292942,-87.6394557075812
18.5660781166399,878,826,-150.78240594736,188.596993598717,18.7883076611612,-207.385301259878
18.5682182985554,888,855,-57.9182808251701,93.2890757101541,-3.20582723619944,-90.0832484739547
18.5703584804708,902,890,44.7210153625131,-26.456769842143,-20.3123766008133,46.7691464429563
18.5724986623863,912,912,103.372041755475,-104.658138366092,-25.1999621335601,129.858100499652
18.5746388443018,918,927,147.360311550196,-155.977786459934,-32.5313404326804,188.509126892614
18.5767790262172,919,919,103.372041755475,-138.87123709532,-8.09341276894627,146.964649864266
18.5789192081327,917,912,78.9341140917408,-116.877102197959,-0.762034469826034,117.639136667785
18.5810593900482,911,901,54.4961864280067,-75.3326251696111,-3.20582723619944,78.5384524058106
18.5831995719636,909,896,39.8334298297662,-58.2260758049973,-0.762034469826034,58.9881102748233
18.5853397538791,903,890,39.8334298297662,-28.9005626085164,-15.4247910680665,44.3253536765829
18.5874799357945,898,884,34.9458442970194,-2.01884217840886,-25.1999621335601,27.218804311969
18.58962011771,898,876,-4.15483996495514,17.5314999525784,-5.64962000257285,-11.8818799500056
18.5917602996255,900,875,-18.8175965631956,15.087707186205,6.56934382929419,-21.6570510154992
18.5939004815409,901,870,-48.1431097596765,24.8628782516986,23.6758931939081,-48.5387714456067
18.5960406634564,898,862,-72.5810374234106,51.7445986818061,28.5634787266549,-80.308077408461
18.5981808453719,898,861,-77.4686229561574,54.1883914481796,31.0072714930283,-85.1956629412078
18.6003210272873,899,863,-72.5810374234106,46.8570131490593,31.0072714930283,-77.8642846420876
18.6024612092028,899,860,-87.2437940216511,54.1883914481796,38.3386497921485,-92.5270412403281
18.6046013911182,898,853,-116.569307218132,73.7387335791668,50.5576136240156,-124.296347203182
18.6067415730337,900,858,-101.906550619892,56.632184214553,48.1138208576422,-104.746005072195
18.6088817549492,901,859,-101.906550619892,51.7445986818061,50.5576136240156,-102.302212305822
18.6110219368646,899,852,-126.344478283626,73.7387335791668,57.8889919231358,-131.627725502303
18.6131621187801,898,851,-126.344478283626,78.6263191119136,55.4451991567624,-134.071518268676
18.6153023006956,899,854,-116.569307218132,68.85114804642,53.001406390389,-121.852554436809
18.617442482611,899,854,-116.569307218132,68.85114804642,53.001406390389,-121.852554436809
18.6195826645265,897,849,-131.232063816372,85.9576974110339,55.4451991567624,-141.402896567796
18.6217228464419,898,849,-136.119649349119,83.5139046446605,60.3327846895092,-143.84668933417
18.6238630283574,897,850,-126.344478283626,83.5139046446605,53.001406390389,-136.515311035049
18.6260032102729,900,848,-150.78240594736,81.0701118782871,72.5517485213763,-153.621860399663
18.6281433921883,898,849,-136.119649349119,83.5139046446605,60.3327846895092,-143.84668933417
18.6302835741038,897,852,-116.569307218132,78.6263191119136,48.1138208576422,-126.740139969556
18.6324237560193,895,848,-126.344478283626,93.2890757101541,48.1138208576422,-141.402896567796
18.6345639379347,897,845,-150.78240594736,95.7328684765275,65.220370222256,-160.953238698784
18.6367041198502,897,848,-136.119649349119,88.4014901774073,57.8889919231358,-146.290482100543
18.6388443017657,897,848,-136.119649349119,88.4014901774073,57.8889919231358,-146.290482100543
18.6409844836811,897,843,-160.557577012853,100.620454009274,70.1079557550028,-170.728409764277
18.6431246655966,898,847,-145.894820414613,88.4014901774073,65.220370222256,-153.621860399663
18.645264847512,897,852,-116.569307218132,78.6263191119136,48.1138208576422,-126.740139969556
18.6474050294275,899,848,-145.894820414613,83.5139046446605,67.6641629886294,-151.17806763329
18.649545211343,897,848,-136.119649349119,88.4014901774073,57.8889919231358,-146.290482100543
18.6516853932584,898,853,-116.569307218132,73.7387335791668,50.5576136240156,-124.296347203182
18.6538255751739,898,851,-126.344478283626,78.6263191119136,55.4451991567624,-134.071518268676
18.6559657570894,897,845,-150.78240594736,95.7328684765275,65.220370222256,-160.953238698784
18.6581059390048,897,845,-150.78240594736,95.7328684765275,65.220370222256,-160.953238698784
18.6602461209203,899,853,-121.456892750879,71.2949408127934,55.4451991567624,-126.740139969556
18.6623863028357,897,850,-126.344478283626,83.5139046446605,53.001406390389,-136.515311035049
18.6645264847512,900,848,-150.78240594736,81.0701118782871,72.5517485213763,-153.621860399663
18.6666666666667,901,851,-141.007234881866,71.2949408127934,70.1079557550028,-141.402896567796
18.6688068485821,898,854,-111.681721685385,71.2949408127934,48.1138208576422,-119.408761670436
18.6709470304976,898,850,-131.232063816372,81.0701118782871,57.8889919231358,-138.959103801423
18.6730872124131,897,849,-131.232063816372,85.9576974110339,55.4451991567624,-141.402896567796
18.6752273943285,899,853,-121.456892750879,71.2949408127934,55.4451991567624,-126.740139969556
18.677367576244,899,850,-136.119649349119,78.6263191119137,62.7765774558826,-141.402896567796
18.6795077581594,901,848,-155.669991480107,78.6263191119136,77.4393340541231,-156.065653166037
18.6816479400749,900,854,-121.456892750879,66.4073552800466,57.8889919231358,-124.296347203182
18.6837881219904,899,854,-116.569307218132,68.85114804642,53.001406390389,-121.852554436809
18.6859283039058,899,852,-126.344478283626,73.7387335791668,57.8889919231358,-131.627725502303
18.6880684858213,900,855,-116.569307218132,63.9635625136732,55.4451991567624,-119.408761670436
18.6902086677368,900,854,-121.456892750879,66.4073552800466,57.8889919231358,-124.296347203182
18.6923488496522,899,852,-126.344478283626,73.7387335791668,57.8889919231358,-131.627725502303
18.6944890315677,899,852,-126.344478283626,73.7387335791668,57.8889919231358,-131.627725502303
18.6966292134831,901,857,-111.681721685385,56.632184214553,55.4451991567624,-112.077383371315
18.6987693953986,899,856,-106.794136152638,63.9635625136732,48.1138208576422,-112.077383371315
18.7009095773141,899,854,-116.569307218132,68.85114804642,53.001406390389,-121.852554436809
18.7030497592295,899,857,-101.906550619892,61.5197697472998,45.6700280912687,-107.189797838569
18.705189941145,898,861,-77.4686229561574,54.1883914481796,31.0072714930283,-85.1956629412078
18.7073301230605,896,855,-97.0189650871447,73.7387335791668,35.8948570257751,-109.633590604942
18.7094703049759,894,853,-97.0189650871447,83.5139046446605,31.0072714930283,-114.521176137689
18.7116104868914,893,859,-62.805866357917,71.2949408127934,11.456929362041,-82.7518701748344
18.7137506688068,896,863,-57.9182808251701,54.1883914481795,16.3445148947878,-70.5329063429674
18.7158908507223,884,828,-170.332748078347,169.04665146773,43.2262353248953,-212.272886792625
18.7180310326378,872,790,-297.409971929764,291.2362897864,77.4393340541231,-368.675623840523
18.7201712145532,860,746,-453.812708977662,428.088684703311,126.315189381591,-554.403874084902
18.7223113964687,852,689,-693.304400082258,586.935214517583,226.510692802902,-813.445907320485
18.7244515783842,853,745,-424.487195781182,447.639026834298,94.5458834187369,-542.184910253035
18.7265917602996,848,755,-351.173412789979,435.420063002431,45.6700280912688,-481.0900910937
18.7287319422151,914,936,210.898923475905,-168.196750291801,-74.0758174610283,242.272567752829
18.7308721241306,920,929,147.360311550196,-165.752957525427,-27.6437548999335,193.396712425361
18.733012306046,922,926,122.922383886462,-163.309164759054,-10.5372055353197,173.846370294374
18.7351524879615,919,921,113.147212820969,-143.758822628067,-12.9809983016931,156.73982092976
18.7372926698769,918,914,83.8216996244876,-124.208480497079,-0.762034469826034,124.970514966905
18.7394328517924,915,908,69.1589430262471,-102.214345599719,-0.762034469826034,102.976380069545
18.7415730337079,912,906,74.046528558994,-89.9953817678516,-10.5372055353197,100.532587303171
18.7437132156233,908,897,49.6086008952599,-58.2260758049973,-8.09341276894626,66.3194885739435
18.7458533975388,904,892,44.7210153625131,-36.2319409076366,-15.4247910680665,51.6567319757031
18.7479935794543,902,890,44.7210153625131,-26.456769842143,-20.3123766008133,46.7691464429563
18.7501337613697,899,886,39.8334298297662,-9.35022047752909,-25.1999621335601,34.5501826110892
18.7522739432852,897,880,20.283087698779,10.2001216534582,-20.3123766008133,10.1122549473551
18.7544141252006,892,875,20.283087698779,34.6380493171923,-32.5313404326804,-2.10670888451192
18.7565543071161,893,877,25.1706732315258,27.306671018072,-32.5313404326804,5.22466941460831
18.7586944890316,889,871,15.3955021660321,51.7445986818061,-37.4189259654272,-14.325672716379
18.760834670947,883,865,15.3955021660321,81.0701118782871,-52.0816825636676,-28.9884293146194
18.7629748528625,883,865,15.3955021660321,81.0701118782871,-52.0816825636676,-28.9884293146194
18.765115034778,876,859,20.283087698779,112.839417841141,-71.6320246946549,-41.2073931464865
18.7672552166934,878,857,0.732745567791682,112.839417841141,-56.9692680964145,-55.8701497447269
18.7693953986089,879,855,-13.9300110304488,115.283210607515,-47.1940970309208,-68.089113576594
18.7715355805243,878,857,0.732745567791682,112.839417841141,-56.9692680964145,-55.8701497447269
18.7736757624398,876,853,-9.04242549770197,127.502174439382,-56.9692680964144,-70.5329063429674
18.7758159443553,875,848,-28.5927676286892,142.164931037622,-49.6378897972942,-92.5270412403281
18.7779561262707,874,850,-13.9300110304488,139.721138271249,-59.4130608627879,-80.308077408461
18.7800963081862,874,848,-23.7051820959424,144.608723803996,-54.525475330041,-90.0832484739547
18.7822364901017,874,844,-43.2555242269297,154.383894869489,-44.7503042645474,-109.633590604942
18.7843766720171,876,844,-53.0306952924233,149.496309336743,-34.9751331990538,-114.521176137689
18.7865168539326,878,845,-57.9182808251701,142.164931037622,-27.6437548999335,-114.521176137689
18.788657035848,878,843,-67.6934518906638,147.052516570369,-22.7561693671867,-124.296347203182
18.7907972177635,878,843,-67.6934518906638,147.052516570369,-22.7561693671867,-124.296347203182
18.792937399679,880,845,-67.6934518906638,137.277345504875,-17.8685838344399,-119.408761670436
18.7950775815944,880,844,-72.5810374234106,139.721138271249,-15.4247910680665,-124.296347203182
18.7972177635099,879,839,-92.1313795543979,154.383894869489,-8.09341276894627,-146.290482100543
18.7993579454254,879,842,-77.4686229561574,147.052516570369,-15.4247910680665,-131.627725502303
18.8014981273408,880,840,-92.1313795543979,149.496309336743,-5.64962000257285,-143.84668933417
18.8036383092563,882,839,-106.794136152638,147.052516570369,6.56934382929418,-153.621860399663
18.8057784911718,883,839,-111.681721685385,144.608723803996,11.456929362041,-156.065653166037
18.8079186730872,884,843,-97.0189650871447,132.389759972129,6.5693438292942,-138.959103801423
18.8100588550027,881,841,-92.1313795543979,144.608723803996,-3.20582723619944,-141.402896567796
18.8121990369181,879,840,-87.2437940216511,151.940102103116,-10.5372055353197,-141.402896567796
18.8143392188336,883,841,-101.906550619892,139.721138271249,6.5693438292942,-146.290482100543
18.8164794007491,881,843,-82.3562084889042,139.721138271249,-8.09341276894627,-131.627725502303
18.8186195826645,882,839,-106.794136152638,147.052516570369,6.56934382929418,-153.621860399663
18.82075976458,883,839,-111.681721685385,144.608723803996,11.456929362041,-156.065653166037
18.8228999464955,885,846,-87.243794021651,122.614588906635,4.12555106292078,-126.740139969556
18.8250401284109,885,847,-82.3562084889042,120.170796140262,1.68175829654737,-121.852554436809
18.8271803103264,884,842,-101.906550619892,134.833552738502,9.01313659566762,-143.84668933417
18.8293204922418,884,847,-77.4686229561574,122.614588906635,-3.20582723619944,-119.408761670436
18.8314606741573,888,846,-101.906550619892,115.283210607515,18.7883076611612,-134.071518268676
18.8336008560728,888,844,-111.681721685385,120.170796140262,23.6758931939081,-143.84668933417
18.8357410379882,885,846,-87.243794021651,122.614588906635,4.12555106292078,-126.740139969556
18.8378812199037,888,849,-87.2437940216511,107.951832308395,11.456929362041,-119.408761670436
18.8400214018192,887,848,-87.2437940216511,112.839417841141,9.0131365956676,-121.852554436809
18.8421615837346,888,850,-82.3562084889043,105.508039542021,9.01313659566762,-114.521176137689
18.8443017656501,890,855,-67.6934518906638,88.4014901774073,6.56934382929419,-94.9708340067015
18.8464419475655,892,853,-87.2437940216511,88.4014901774073,21.2321004275347,-109.633590604942
18.848582129481,893,852,-97.0189650871447,88.4014901774073,28.5634787266549,-116.964968904062
18.8507223113965,894,853,-97.0189650871447,83.5139046446605,31.0072714930283,-114.521176137689
18.8528624933119,895,858,-77.4686229561574,68.85114804642,23.6758931939081,-92.5270412403281
18.8550026752274,897,856,-97.0189650871447,68.85114804642,38.3386497921485,-107.189797838569
18.8571428571429,897,855,-101.906550619892,71.2949408127934,40.7824425585219,-112.077383371315
18.8592830390583,900,862,-82.3562084889042,46.8570131490593,38.3386497921485,-85.1956629412078
18.8614232209738,899,865,-62.805866357917,41.9694276163125,26.1196859602815,-68.089113576594
18.8635634028892,900,859,-97.0189650871447,54.1883914481795,45.6700280912687,-99.8584195394483
18.8657035848047,900,858,-101.906550619892,56.632184214553,48.1138208576422,-104.746005072195
18.8678437667202,901,861,-92.1313795543979,46.8570131490593,45.6700280912687,-92.5270412403281
18.8699839486356,896,860,-72.5810374234106,61.5197697472998,23.6758931939081,-85.1956629412078
18.8721241305511,897,858,-87.2437940216511,63.9635625136732,33.4510642594017,-97.4146267730749
18.8742643124666,901,863,-82.3562084889042,41.9694276163125,40.7824425585219,-82.7518701748344
18.876404494382,901,865,-72.5810374234106,37.0818420835657,35.8948570257751,-72.9766991093408
18.8785446762975,900,862,-82.3562084889042,46.8570131490593,38.3386497921485,-85.1956629412078
18.8806848582129,901,861,-92.1313795543979,46.8570131490593,45.6700280912687,-92.5270412403281
18.8828250401284,899,864,-67.6934518906638,44.4132203826859,28.5634787266549,-72.9766991093408
18.8849652220439,899,861,-82.3562084889042,51.7445986818061,35.8948570257751,-87.6394557075812
18.8871054039593,900,862,-82.3562084889042,46.8570131490593,38.3386497921485,-85.1956629412078
18.8892455858748,901,864,-77.4686229561574,39.5256348499391,38.3386497921485,-77.8642846420876
18.8913857677903,901,864,-77.4686229561574,39.5256348499391,38.3386497921485,-77.8642846420876
18.8935259497057,891,860,-48.1431097596765,73.7387335791668,-0.762034469826034,-72.9766991093408
18.8956661316212,896,865,-48.1431097596765,49.3008059154327,11.456929362041,-60.7577352774738
18.8978063135367,899,863,-72.5810374234106,46.8570131490593,31.0072714930283,-77.8642846420876
18.8999464954521,902,861,-97.0189650871447,44.4132203826859,50.5576136240156,-94.9708340067015
18.9020866773676,903,862,-97.0189650871447,39.5256348499391,53.001406390389,-92.5270412403281
18.904226859283,905,867,-82.3562084889042,22.4190854853252,50.5576136240156,-72.9766991093408
18.9063670411985,902,864,-82.3562084889042,37.0818420835657,43.2262353248953,-80.308077408461
18.908507223114,902,862,-92.1313795543979,41.9694276163125,48.1138208576422,-90.0832484739547
18.9106474050294,904,864,-92.1313795543979,32.1942565508189,53.001406390389,-85.1956629412078
18.9127875869449,905,868,-77.4686229561574,19.9752927189518,48.1138208576422,-68.089113576594
18.9149277688604,901,864,-77.4686229561574,39.5256348499391,38.3386497921485,-77.8642846420876
18.9170679507758,902,861,-97.0189650871447,44.4132203826859,50.5576136240156,-94.9708340067015
18.9192081326913,903,867,-72.5810374234106,27.306671018072,40.7824425585219,-68.089113576594
18.9213483146067,903,865,-82.3562084889042,32.1942565508189,45.6700280912687,-77.8642846420876
18.9234884965222,900,860,-92.1313795543979,51.7445986818061,43.2262353248953,-94.9708340067015
18.9256286784377,900,866,-62.805866357917,37.0818420835657,28.5634787266549,-65.6453208102206
18.9277688603531,899,863,-72.5810374234106,46.8570131490593,31.0072714930283,-77.8642846420876
18.9299090422686,901,864,-77.4686229561574,39.5256348499391,38.3386497921485,-77.8642846420876
18.9320492241841,901,861,-92.1313795543979,46.8570131490593,45.6700280912687,-92.5270412403281
18.9341894060995,902,866,-72.5810374234106,32.1942565508189,38.3386497921485,-70.5329063429674
18.936329588015,901,865,-72.5810374234106,37.0818420835657,35.8948570257751,-72.9766991093408
18.9384697699304,900,860,-92.1313795543979,51.7445986818061,43.2262353248953,-94.9708340067015
18.9406099518459,899,863,-72.5810374234106,46.8570131490593,31.0072714930283,-77.8642846420876
18.9427501337614,895,861,-62.805866357917,61.5197697472998,16.3445148947878,-77.8642846420876
18.9448903156768,898,858,-92.1313795543979,61.5197697472998,38.3386497921485,-99.8584195394483
18.9470304975923,901,858,-106.794136152638,54.1883914481796,53.001406390389,-107.189797838569
18.9491706795078,901,862,-87.2437940216511,44.4132203826859,43.2262353248953,-87.6394557075812
18.9513108614232,899,861,-82.3562084889042,51.7445986818061,35.8948570257751,-87.6394557075812
18.9534510433387,901,860,-97.0189650871447,49.3008059154327,48.1138208576422,-97.4146267730749
18.9555912252541,904,863,-97.0189650871447,34.6380493171923,55.4451991567624,-90.0832484739547
18.9577314071696,903,861,-101.906550619892,41.9694276163125,55.4451991567624,-97.4146267730749
18.9598715890851,899,856,-106.794136152638,63.9635625136732,48.1138208576422,-112.077383371315
18.9620117710005,900,856,-111.681721685385,61.5197697472998,53.001406390389,-114.521176137689
18.964151952916,902,862,-92.1313795543979,41.9694276163125,48.1138208576422,-90.0832484739547
18.9662921348315,901,858,-106.794136152638,54.1883914481796,53.001406390389,-107.189797838569
18.9684323167469,901,856,-116.569307218132,59.0759769809264,57.8889919231358,-116.964968904062
18.9705724986624,904,859,-116.569307218132,44.4132203826859,65.220370222256,-109.633590604942
18.9727126805778,901,861,-92.1313795543979,46.8570131490593,45.6700280912687,-92.5270412403281
18.9748528624933,901,859,-101.906550619892,51.7445986818061,50.5576136240156,-102.302212305822
18.9769930444088,898,856,-101.906550619892,66.4073552800466,43.2262353248953,-109.633590604942
18.9791332263242,901,861,-92.1313795543979,46.8570131490593,45.6700280912687,-92.5270412403281
18.9812734082397,901,859,-101.906550619892,51.7445986818061,50.5576136240156,-102.302212305822
18.9834135901552,902,860,-101.906550619892,46.8570131490593,53.001406390389,-99.8584195394483
18.9855537720706,902,862,-92.1313795543979,41.9694276163125,48.1138208576422,-90.0832484739547
18.9876939539861,901,865,-72.5810374234106,37.0818420835657,35.8948570257751,-72.9766991093408
18.9898341359016,899,861,-82.3562084889042,51.7445986818061,35.8948570257751,-87.6394557075812
18.991974317817,901,863,-82.3562084889042,41.9694276163125,40.7824425585219,-82.7518701748344
18.9941144997325,903,862,-97.0189650871447,39.5256348499391,53.001406390389,-92.5270412403281
18.9962546816479,901,861,-92.1313795543979,46.8570131490593,45.6700280912687,-92.5270412403281
18.9983948635634,903,860,-106.794136152638,44.4132203826859,57.8889919231358,-102.302212305822
19.0005350454789,905,863,-101.906550619892,32.1942565508189,60.3327846895092,-92.5270412403281
19.0026752273943,902,864,-82.3562084889042,37.0818420835657,43.2262353248953,-80.308077408461
19.0048154093098,904,863,-97.0189650871447,34.6380493171923,55.4451991567624,-90.0832484739547
19.0069555912253,903,866,-77.4686229561574,29.7504637844455,43.2262353248953,-72.9766991093408
19.0090957731407,905,866,-87.2437940216511,24.8628782516986,53.001406390389,-77.8642846420876
19.0112359550562,901,862,-87.2437940216511,44.4132203826859,43.2262353248953,-87.6394557075812
19.0133761369716,901,860,-97.0189650871447,49.3008059154327,48.1138208576422,-97.4146267730749
19.0155163188871,902,867,-67.6934518906638,29.7504637844455,35.8948570257751,-65.6453208102206
19.0176565008026,904,866,-82.3562084889042,27.306671018072,48.1138208576422,-75.4204918757142
19.019796682718,904,864,-92.1313795543979,32.1942565508189,53.001406390389,-85.1956629412078
19.0219368646335,903,867,-72.5810374234106,27.306671018072,40.7824425585219,-68.089113576594
19.024077046549,903,871,-53.0306952924233,17.5314999525784,31.0072714930283,-48.5387714456067
19.0262172284644,905,871,-62.805866357917,12.6439144198316,40.7824425585219,-53.4263569783535
19.0283574103799,905,871,-62.805866357917,12.6439144198316,40.7824425585219,-53.4263569783535
19.0304975922953,905,875,-43.2555242269297,2.86874335433795,31.0072714930283,-33.8760148473662
19.0326377742108,905,873,-53.0306952924233,7.75632888708477,35.8948570257751,-43.6511859128599
19.0347779561263,903,871,-53.0306952924233,17.5314999525784,31.0072714930283,-48.5387714456067
19.0369181380417,905,875,-43.2555242269297,2.86874335433795,31.0072714930283,-33.8760148473662
19.0390583199572,903,875,-33.480353161436,7.75632888708477,21.2321004275347,-28.9884293146194
19.0411985018727,905,872,-57.9182808251701,10.2001216534582,38.3386497921485,-48.5387714456067
19.0433386837881,895,872,-9.04242549770196,34.6380493171923,-10.5372055353197,-24.1008437818726
19.0454788657036,898,873,-18.8175965631956,24.8628782516986,1.68175829654738,-26.544636548246
19.047619047619,900,870,-43.2555242269297,27.306671018072,18.7883076611612,-46.0949786792333
19.0497592295345,901,870,-48.1431097596765,24.8628782516986,23.6758931939081,-48.5387714456067
19.05189941145,904,873,-48.1431097596765,10.2001216534582,31.0072714930283,-41.2073931464865
19.0540395933654,905,872,-57.9182808251701,10.2001216534582,38.3386497921485,-48.5387714456067
19.0561797752809,903,868,-67.6934518906638,24.8628782516986,38.3386497921485,-63.2015280438472
19.0583199571964,903,867,-72.5810374234106,27.306671018072,40.7824425585219,-68.089113576594
19.0604601391118,904,872,-53.0306952924233,12.6439144198316,33.4510642594017,-46.0949786792333
19.0626003210273,904,869,-67.6934518906638,19.9752927189518,40.7824425585219,-60.7577352774737
19.0647405029428,902,866,-72.5810374234106,32.1942565508189,38.3386497921485,-70.5329063429674
19.0668806848582,902,869,-57.9182808251701,24.8628782516986,31.0072714930283,-55.8701497447269
19.0690208667737,903,869,-62.805866357917,22.4190854853252,35.8948570257751,-58.3139425111003
19.0711610486891,902,864,-82.3562084889042,37.0818420835657,43.2262353248953,-80.308077408461
19.0733012306046,902,865,-77.4686229561574,34.6380493171923,40.7824425585219,-75.4204918757142
19.0754414125201,904,869,-67.6934518906638,19.9752927189518,40.7824425585219,-60.7577352774737
19.0775815944355,902,865,-77.4686229561574,34.6380493171923,40.7824425585219,-75.4204918757142
19.079721776351,901,864,-77.4686229561574,39.5256348499391,38.3386497921485,-77.8642846420876
19.0818619582665,902,865,-77.4686229561574,34.6380493171923,40.7824425585219,-75.4204918757142
19.0840021401819,902,865,-77.4686229561574,34.6380493171923,40.7824425585219,-75.4204918757142
19.0861423220974,900,860,-92.1313795543979,51.7445986818061,43.2262353248953,-94.9708340067015
19.0882825040128,902,862,-92.1313795543979,41.9694276163125,48.1138208576422,-90.0832484739547
19.0904226859283,902,865,-77.4686229561574,34.6380493171923,40.7824425585219,-75.4204918757142
19.0925628678438,902,860,-101.906550619892,46.8570131490593,53.001406390389,-99.8584195394483
19.0947030497592,903,861,-101.906550619892,41.9694276163125,55.4451991567624,-97.4146267730749
19.0968432316747,903,864,-87.2437940216511,34.6380493171923,48.1138208576422,-82.7518701748344
19.0989834135902,903,864,-87.2437940216511,34.6380493171923,48.1138208576422,-82.7518701748344
19.1011235955056,899,860,-87.2437940216511,54.1883914481796,38.3386497921485,-92.5270412403281
19.1032637774211,899,861,-82.3562084889042,51.7445986818061,35.8948570257751,-87.6394557075812
19.1054039593365,901,862,-87.2437940216511,44.4132203826859,43.2262353248953,-87.6394557075812
19.107544141252,900,859,-97.0189650871447,54.1883914481795,45.6700280912687,-99.8584195394483
19.1096843231675,901,861,-92.1313795543979,46.8570131490593,45.6700280912687,-92.5270412403281
19.1118245050829,904,864,-92.1313795543979,32.1942565508189,53.001406390389,-85.1956629412078
19.1139646869984,903,865,-82.3562084889042,32.1942565508189,45.6700280912687,-77.8642846420876
19.1161048689139,901,860,-97.0189650871447,49.3008059154327,48.1138208576422,-97.4146267730749
19.1182450508293,902,862,-92.1313795543979,41.9694276163125,48.1138208576422,-90.0832484739547
19.1203852327448,902,863,-87.243794021651,39.5256348499391,45.6700280912687,-85.1956629412078
19.1225254146602,899,861,-82.3562084889042,51.7445986818061,35.8948570257751,-87.6394557075812
19.1246655965757,893,859,-62.805866357917,71.2949408127934,11.456929362041,-82.7518701748344
19.1268057784912,897,864,-57.9182808251701,49.3008059154327,18.7883076611612,-68.089113576594
19.1289459604066,896,863,-57.9182808251701,54.1883914481795,16.3445148947878,-70.5329063429674
19.1310861423221,900,865,-67.6934518906638,39.5256348499391,31.0072714930283,-70.5329063429674
19.1332263242376,903,868,-67.6934518906638,24.8628782516986,38.3386497921485,-63.2015280438472
19.135366506153,904,869,-67.6934518906638,19.9752927189518,40.7824425585219,-60.7577352774737
19.1375066880685,902,866,-72.5810374234106,32.1942565508189,38.3386497921485,-70.5329063429674
19.1396468699839,903,864,-87.2437940216511,34.6380493171923,48.1138208576422,-82.7518701748344
19.1417870518994,903,866,-77.4686229561574,29.7504637844455,43.2262353248953,-72.9766991093408
19.1439272338149,904,865,-87.2437940216511,29.7504637844455,50.5576136240156,-80.308077408461
19.1460674157303,900,864,-72.5810374234106,41.9694276163125,33.4510642594017,-75.4204918757142
19.1482075976458,901,866,-67.6934518906638,34.6380493171923,33.4510642594017,-68.089113576594
19.1503477795613,903,864,-87.2437940216511,34.6380493171923,48.1138208576422,-82.7518701748344
19.1524879614767,901,859,-101.906550619892,51.7445986818061,50.5576136240156,-102.302212305822
19.1546281433922,900,860,-92.1313795543979,51.7445986818061,43.2262353248953,-94.9708340067015
19.1567683253077,902,862,-92.1313795543979,41.9694276163125,48.1138208576422,-90.0832484739547
19.1589085072231,899,860,-87.2437940216511,54.1883914481796,38.3386497921485,-92.5270412403281
19.1610486891386,899,860,-87.2437940216511,54.1883914481796,38.3386497921485,-92.5270412403281
19.163188871054,901,864,-77.4686229561574,39.5256348499391,38.3386497921485,-77.8642846420876
19.1653290529695,902,866,-72.5810374234106,32.1942565508189,38.3386497921485,-70.5329063429674
19.167469234885,902,861,-97.0189650871447,44.4132203826859,50.5576136240156,-94.9708340067015
19.1696094168004,903,862,-97.0189650871447,39.5256348499391,53.001406390389,-92.5270412403281
19.1717495987159,905,866,-87.2437940216511,24.8628782516986,53.001406390389,-77.8642846420876
19.1738897806314,903,863,-92.1313795543979,37.0818420835657,50.5576136240156,-87.6394557075812
19.1760299625468,905,866,-87.2437940216511,24.8628782516986,53.001406390389,-77.8642846420876
19.1781701444623,905,872,-57.9182808251701,10.2001216534582,38.3386497921485,-48.5387714456067
19.1803103263777,906,876,-43.2555242269297,-2.01884217840886,33.4510642594017,-31.4322220809928
19.1824505082932,909,872,-77.4686229561574,0.424950587964545,57.8889919231358,-58.3139425111003
19.1845906902087,906,871,-67.6934518906638,10.2001216534582,45.6700280912687,-55.8701497447269
19.1867308721241,905,873,-53.0306952924233,7.75632888708477,35.8948570257751,-43.6511859128599
19.1888710540396,903,867,-72.5810374234106,27.306671018072,40.7824425585219,-68.089113576594
19.1910112359551,903,867,-72.5810374234106,27.306671018072,40.7824425585219,-68.089113576594
19.1931514178705,904,866,-82.3562084889042,27.306671018072,48.1138208576422,-75.4204918757142
19.195291599786,900,868,-53.0306952924233,32.1942565508189,23.6758931939081,-55.8701497447269
19.1974317817014,896,863,-57.9182808251701,54.1883914481795,16.3445148947878,-70.5329063429674
19.1995719636169,894,865,-38.3679386941829,54.1883914481796,1.68175829654738,-55.8701497447269
19.2017121455324,894,863,-48.1431097596765,59.0759769809264,6.56934382929419,-65.6453208102206
19.2038523274478,889,861,-33.4803531614361,76.1825263455402,-12.9809983016931,-63.2015280438472
19.2059925093633,887,858,-38.3679386941829,88.4014901774073,-15.4247910680665,-72.9766991093408
19.2081326912788,890,861,-38.3679386941829,73.7387335791668,-8.09341276894626,-65.6453208102206
19.2102728731942,892,862,-43.2555242269297,66.4073552800466,-0.762034469826034,-65.6453208102206
19.2124130551097,891,857,-62.805866357917,81.0701118782871,6.5693438292942,-87.6394557075812
19.2145532370251,894,862,-53.0306952924233,61.5197697472998,9.0131365956676,-70.5329063429674
19.2166934189406,895,864,-48.1431097596765,54.1883914481796,9.0131365956676,-63.2015280438472
19.2188336008561,894,860,-62.805866357917,66.4073552800466,13.9007221284144,-80.308077408461
19.2209737827715,892,860,-53.0306952924233,71.2949408127934,4.12555106292078,-75.4204918757142
19.223113964687,894,863,-48.1431097596765,59.0759769809264,6.56934382929419,-65.6453208102206
19.2252541466025,893,861,-53.0306952924233,66.4073552800466,6.5693438292942,-72.9766991093408
19.2273943285179,887,857,-43.2555242269297,90.8452829437807,-12.9809983016931,-77.8642846420876
19.2295345104334,894,862,-53.0306952924233,61.5197697472998,9.0131365956676,-70.5329063429674
19.2316746923489,895,863,-53.0306952924233,56.632184214553,11.456929362041,-68.089113576594
19.2338148742643,896,861,-67.6934518906638,59.0759769809264,21.2321004275347,-80.308077408461
19.2359550561798,894,862,-53.0306952924233,61.5197697472998,9.0131365956676,-70.5329063429674
19.2380952380952,896,864,-53.0306952924233,51.7445986818061,13.9007221284144,-65.6453208102206
19.2402354200107,896,864,-53.0306952924233,51.7445986818061,13.9007221284144,-65.6453208102206
19.2423756019262,897,862,-67.6934518906638,54.1883914481796,23.6758931939081,-77.8642846420876
19.2445157838416,901,867,-62.805866357917,32.1942565508189,31.0072714930283,-63.2015280438472
19.2466559657571,902,866,-72.5810374234106,32.1942565508189,38.3386497921485,-70.5329063429674
19.2487961476726,901,866,-67.6934518906638,34.6380493171923,33.4510642594017,-68.089113576594
19.250936329588,901,866,-67.6934518906638,34.6380493171923,33.4510642594017,-68.089113576594
19.2530765115035,904,872,-53.0306952924233,12.6439144198316,33.4510642594017,-46.0949786792333
19.2552166934189,904,869,-67.6934518906638,19.9752927189518,40.7824425585219,-60.7577352774737
19.2573568753344,901,868,-57.9182808251701,29.7504637844455,28.5634787266549,-58.3139425111003
19.2594970572499,903,872,-48.1431097596765,15.087707186205,28.5634787266549,-43.6511859128599
19.2616372391653,904,872,-53.0306952924233,12.6439144198316,33.4510642594017,-46.0949786792333
19.2637774210808,901,868,-57.9182808251701,29.7504637844455,28.5634787266549,-58.3139425111003
19.2659176029963,903,867,-72.5810374234106,27.306671018072,40.7824425585219,-68.089113576594
19.2680577849117,904,874,-43.2555242269297,7.75632888708477,28.5634787266549,-36.3198076137397
19.2701979668272,905,871,-62.805866357917,12.6439144198316,40.7824425585219,-53.4263569783535
19.2723381487426,904,869,-67.6934518906638,19.9752927189518,40.7824425585219,-60.7577352774737
19.2744783306581,904,876,-33.480353161436,2.86874335433795,23.6758931939081,-26.544636548246
19.2766185125736,904,873,-48.1431097596765,10.2001216534582,31.0072714930283,-41.2073931464865
19.278758694489,904,871,-57.9182808251701,15.087707186205,35.8948570257751,-50.9825642119801
19.2808988764045,904,870,-62.805866357917,17.5314999525784,38.3386497921485,-55.8701497447269
19.28303905832,906,873,-57.9182808251701,5.31253612071136,40.7824425585219,-46.0949786792333
19.2851792402354,904,871,-57.9182808251701,15.087707186205,35.8948570257751,-50.9825642119801
19.2873194221509,904,870,-62.805866357917,17.5314999525784,38.3386497921485,-55.8701497447269
19.2894596040663,906,874,-53.0306952924233,2.86874335433795,38.3386497921485,-41.2073931464865
19.2915997859818,906,875,-48.1431097596765,0.424950587964545,35.8948570257751,-36.3198076137397
19.2937399678973,904,872,-53.0306952924233,12.6439144198316,33.4510642594017,-46.0949786792333
19.2958801498127,905,873,-53.0306952924233,7.75632888708477,35.8948570257751,-43.6511859128599
19.2980203317282,904,873,-48.1431097596765,10.2001216534582,31.0072714930283,-41.2073931464865
19.3001605136437,906,872,-62.805866357917,7.75632888708477,43.2262353248953,-50.9825642119801
19.3023006955591,903,873,-43.2555242269297,12.6439144198316,26.1196859602815,-38.7636003801131
19.3044408774746,906,877,-38.3679386941829,-4.46263494478227,31.0072714930283,-26.544636548246
19.30658105939,903,877,-23.7051820959424,2.86874335433795,16.3445148947878,-19.2132582491258
19.3087212413055,903,869,-62.805866357917,22.4190854853252,35.8948570257751,-58.3139425111003
19.310861423221,903,874,-38.3679386941829,10.2001216534582,23.6758931939081,-33.8760148473662
19.3130016051364,903,875,-33.480353161436,7.75632888708477,21.2321004275347,-28.9884293146194
19.3151417870519,902,871,-48.1431097596765,19.9752927189518,26.1196859602815,-46.0949786792333
19.3172819689674,904,869,-67.6934518906638,19.9752927189518,40.7824425585219,-60.7577352774737
19.3194221508828,905,873,-53.0306952924233,7.75632888708477,35.8948570257751,-43.6511859128599
19.3215623327983,906,875,-48.1431097596765,0.424950587964545,35.8948570257751,-36.3198076137397
19.3237025147138,906,873,-57.9182808251701,5.31253612071136,40.7824425585219,-46.0949786792333
19.3258426966292,905,875,-43.2555242269297,2.86874335433795,31.0072714930283,-33.8760148473662
19.3279828785447,906,876,-43.2555242269297,-2.01884217840886,33.4510642594017,-31.4322220809928
19.3301230604601,904,874,-43.2555242269297,7.75632888708477,28.5634787266549,-36.3198076137397
19.3322632423756,906,873,-57.9182808251701,5.31253612071136,40.7824425585219,-46.0949786792333
19.3344034242911,905,874,-48.1431097596765,5.31253612071136,33.4510642594017,-38.7636003801131
19.3365436062065,906,873,-57.9182808251701,5.31253612071136,40.7824425585219,-46.0949786792333
19.338683788122,905,871,-62.805866357917,12.6439144198316,40.7824425585219,-53.4263569783535
19.3408239700375,906,876,-43.2555242269297,-2.01884217840886,33.4510642594017,-31.4322220809928
19.3429641519529,907,876,-48.1431097596765,-4.46263494478227,38.3386497921485,-33.8760148473662
19.3451043338684,906,872,-62.805866357917,7.75632888708477,43.2262353248953,-50.9825642119801
19.3472445157838,905,873,-53.0306952924233,7.75632888708477,35.8948570257751,-43.6511859128599
19.3493846976993,906,875,-48.1431097596765,0.424950587964545,35.8948570257751,-36.3198076137397
19.3515248796148,903,873,-43.2555242269297,12.6439144198316,26.1196859602815,-38.7636003801131
19.3536650615302,904,874,-43.2555242269297,7.75632888708477,28.5634787266549,-36.3198076137397
19.3558052434457,904,875,-38.3679386941829,5.31253612071136,26.1196859602815,-31.4322220809928
19.3579454253612,904,875,-38.3679386941829,5.31253612071136,26.1196859602815,-31.4322220809928
19.3600856072766,904,875,-38.3679386941829,5.31253612071136,26.1196859602815,-31.4322220809928
19.3622257891921,904,874,-43.2555242269297,7.75632888708477,28.5634787266549,-36.3198076137397
19.3643659711075,902,873,-38.3679386941829,15.087707186205,21.2321004275347,-36.3198076137397
19.366506153023,902,871,-48.1431097596765,19.9752927189518,26.1196859602815,-46.0949786792333
19.3686463349385,901,871,-43.2555242269297,22.4190854853252,21.2321004275347,-43.6511859128599
19.3707865168539,899,873,-23.7051820959424,22.4190854853252,6.56934382929419,-28.9884293146194
19.3729266987694,898,871,-28.5927676286892,29.7504637844455,6.56934382929419,-36.3198076137397
19.3750668806849,898,868,-43.2555242269297,37.0818420835657,13.9007221284144,-50.9825642119801
19.3772070626003,898,867,-48.1431097596765,39.5256348499391,16.3445148947878,-55.8701497447269
19.3793472445158,898,873,-18.8175965631956,24.8628782516986,1.68175829654738,-26.544636548246
19.3814874264312,898,867,-48.1431097596765,39.5256348499391,16.3445148947878,-55.8701497447269
19.3836276083467,895,867,-33.480353161436,46.8570131490593,1.68175829654738,-48.5387714456067
19.3857677902622,896,871,-18.8175965631956,34.6380493171923,-3.20582723619944,-31.4322220809928
19.3879079721776,896,868,-33.480353161436,41.9694276163125,4.12555106292078,-46.0949786792333
19.3900481540931,892,863,-38.3679386941829,63.9635625136732,-3.20582723619945,-60.7577352774737
19.3921883360086,894,868,-23.7051820959424,46.8570131490593,-5.64962000257285,-41.2073931464865
19.394328517924,893,870,-9.04242549770196,44.4132203826859,-15.4247910680665,-28.9884293146194
19.3964686998395,891,866,-18.8175965631956,59.0759769809264,-15.4247910680665,-43.6511859128599
19.3986088817549,888,863,-18.8175965631956,73.7387335791668,-22.7561693671867,-50.9825642119801
19.4007490636704,887,865,-4.15483996495514,71.2949408127934,-32.5313404326804,-38.7636003801131
19.4028892455859,885,863,-4.15483996495513,81.0701118782871,-37.4189259654272,-43.6511859128599
19.4050294275013,883,859,-13.9300110304488,95.7328684765275,-37.4189259654272,-58.3139425111003
19.4071696094168,882,860,-4.15483996495513,95.7328684765275,-44.7503042645474,-50.9825642119801
19.4093097913323,881,857,-13.9300110304488,105.508039542021,-42.306511498174,-63.2015280438472
19.4114499732477,881,854,-28.5927676286892,112.839417841141,-34.9751331990538,-77.8642846420876
19.4135901551632,878,853,-18.8175965631956,122.614588906635,-47.1940970309208,-75.4204918757142
19.4157303370787,878,855,-9.04242549770194,117.727003373888,-52.0816825636676,-65.6453208102206
19.4178705189941,880,854,-23.7051820959424,115.283210607515,-39.8627187318006,-75.4204918757142
19.4200107009096,876,852,-13.9300110304488,129.945967205755,-54.525475330041,-75.4204918757142
19.422150882825,877,850,-28.5927676286892,132.389759972129,-44.7503042645474,-87.6394557075813
19.4242910647405,877,850,-28.5927676286892,132.389759972129,-44.7503042645474,-87.6394557075813
19.426431246656,876,847,-38.3679386941829,142.164931037622,-42.306511498174,-99.8584195394483
19.4285714285714,875,846,-38.3679386941829,147.052516570369,-44.7503042645474,-102.302212305822
19.4307116104869,879,851,-33.480353161436,125.058381673008,-37.4189259654272,-87.6394557075812
19.4328517924024,876,848,-33.4803531614361,139.721138271249,-44.7503042645474,-94.9708340067015
19.4349919743178,874,845,-38.3679386941829,151.940102103116,-47.1940970309208,-104.746005072195
19.4371321562333,875,846,-38.3679386941829,147.052516570369,-44.7503042645474,-102.302212305822
19.4392723381487,876,846,-43.2555242269297,144.608723803996,-39.8627187318006,-104.746005072195
19.4414125200642,874,843,-48.1431097596765,156.827687635863,-42.306511498174,-114.521176137689
19.4435527019797,875,841,-62.805866357917,159.271480402236,-32.5313404326804,-126.740139969556
19.4456928838951,875,846,-38.3679386941829,147.052516570369,-44.7503042645474,-102.302212305822
19.4478330658106,877,844,-57.9182808251701,147.052516570369,-30.0875476663069,-116.964968904062
19.4499732477261,874,843,-48.1431097596765,156.827687635863,-42.306511498174,-114.521176137689
19.4521134296415,876,847,-38.3679386941829,142.164931037622,-42.306511498174,-99.8584195394483
19.454253611557,874,847,-28.5927676286892,147.052516570369,-52.0816825636676,-94.9708340067015
19.4563937934724,874,841,-57.9182808251701,161.71527316861,-37.4189259654272,-124.296347203182
19.4585339753879,875,840,-67.6934518906638,161.71527316861,-30.0875476663069,-131.627725502303
19.4606741573034,873,841,-53.0306952924233,164.159065934983,-42.306511498174,-121.852554436809
19.4628143392188,876,839,-77.4686229561574,161.71527316861,-22.7561693671867,-138.959103801423
19.4649545211343,872,838,-62.805866357917,173.934237000477,-39.8627187318006,-134.071518268676
19.4670947030498,873,842,-48.1431097596765,161.71527316861,-44.7503042645474,-116.964968904062
19.4692348849652,873,842,-48.1431097596765,161.71527316861,-44.7503042645474,-116.964968904062
19.4713750668807,871,838,-57.9182808251701,176.37802976685,-44.7503042645474,-131.627725502303
19.4735152487961,871,837,-62.805866357917,178.821822533223,-42.306511498174,-136.515311035049
19.4756554307116,873,840,-57.9182808251701,166.602858701356,-39.8627187318006,-126.740139969556
19.4777956126271,870,837,-57.9182808251701,181.265615299597,-47.1940970309208,-134.071518268676
19.4799357945425,871,838,-57.9182808251701,176.37802976685,-44.7503042645474,-131.627725502303
19.482075976458,872,843,-38.3679386941829,161.71527316861,-52.0816825636676,-109.633590604942
19.4842161583735,868,841,-28.5927676286892,176.37802976685,-66.7444391619081,-109.633590604942
19.4863563402889,868,837,-48.1431097596765,186.153200832344,-56.9692680964144,-129.183932735929
19.4884965222044,868,836,-53.0306952924233,188.596993598717,-54.525475330041,-134.071518268676
19.4906367041199,867,835,-53.0306952924233,193.484579131464,-56.9692680964145,-136.515311035049
19.4927768860353,861,815,-121.456892750879,257.023191057173,-37.4189259654272,-219.604265091745
19.4949170679508,862,813,-136.119649349119,259.466983823546,-27.6437548999336,-231.823228923612
19.4970572498662,862,805,-175.220333611094,279.017325954533,-8.09341276894628,-270.923913185587
19.4991974317817,866,820,-121.456892750879,232.585263393438,-25.1999621335601,-207.385301259878
19.5013376136972,874,823,-145.894820414613,205.703542963331,6.56934382929418,-212.272886792625
19.5034777956126,878,829,-136.119649349119,181.265615299597,11.456929362041,-192.722544661638
19.5056179775281,879,834,-116.569307218132,166.602858701356,4.12555106292079,-170.728409764277
19.5077581594436,882,834,-131.232063816372,159.271480402236,18.7883076611612,-178.059788063397
19.509898341359,881,836,-116.569307218132,156.827687635863,9.0131365956676,-165.84082423153
19.5120385232745,883,839,-111.681721685385,144.608723803996,11.456929362041,-156.065653166037
19.5141787051899,885,842,-106.794136152638,132.389759972129,13.9007221284144,-146.290482100543
19.5163188871054,885,837,-131.232063816372,144.608723803996,26.1196859602815,-170.728409764277
19.5184590690209,886,843,-106.794136152638,127.502174439382,16.3445148947878,-143.84668933417
19.5205992509363,890,846,-111.681721685385,110.395625074768,28.5634787266549,-138.959103801423
19.5227394328518,890,845,-116.569307218132,112.839417841141,31.0072714930283,-143.84668933417
19.5248796147673,889,846,-106.794136152638,112.839417841141,23.6758931939081,-136.515311035049
19.5270197966827,893,850,-106.794136152638,93.2890757101541,33.4510642594017,-126.740139969556
19.5291599785982,897,852,-116.569307218132,78.6263191119136,48.1138208576422,-126.740139969556
19.5313001605136,897,847,-141.007234881866,90.8452829437807,60.3327846895092,-151.17806763329
19.5334403424291,891,852,-87.2437940216511,93.2890757101541,18.7883076611612,-112.077383371315
19.5355805243446,896,853,-106.794136152638,78.6263191119136,40.7824425585219,-119.408761670436
19.53772070626,897,850,-126.344478283626,83.5139046446605,53.001406390389,-136.515311035049
19.5398608881755,901,853,-131.232063816372,66.4073552800466,65.220370222256,-131.627725502303
19.542001070091,899,854,-116.569307218132,68.85114804642,53.001406390389,-121.852554436809
19.5441412520064,897,849,-131.232063816372,85.9576974110339,55.4451991567624,-141.402896567796
19.5462814339219,898,849,-136.119649349119,83.5139046446605,60.3327846895092,-143.84668933417
19.5484216158373,898,852,-121.456892750879,76.1825263455402,53.001406390389,-129.183932735929
19.5505617977528,899,851,-131.232063816372,76.1825263455402,60.3327846895092,-136.515311035049
19.5527019796683,897,849,-131.232063816372,85.9576974110339,55.4451991567624,-141.402896567796
19.5548421615837,898,850,-131.232063816372,81.0701118782871,57.8889919231358,-138.959103801423
19.5569823434992,899,851,-131.232063816372,76.1825263455402,60.3327846895092,-136.515311035049
19.5591225254147,900,850,-141.007234881866,76.1825263455402,67.6641629886294,-143.84668933417
19.5612627073301,897,848,-136.119649349119,88.4014901774073,57.8889919231358,-146.290482100543
19.5634028892456,898,852,-121.456892750879,76.1825263455402,53.001406390389,-129.183932735929
19.565543071161,898,849,-136.119649349119,83.5139046446605,60.3327846895092,-143.84668933417
19.5676832530765,897,845,-150.78240594736,95.7328684765275,65.220370222256,-160.953238698784
19.569823434992,896,844,-150.78240594736,100.620454009274,62.7765774558826,-163.397031465157
19.5719636169074,899,850,-136.119649349119,78.6263191119137,62.7765774558826,-141.402896567796
19.5741037988229,897,845,-150.78240594736,95.7328684765275,65.220370222256,-160.953238698784
19.5762439807384,898,843,-165.4451625456,98.1766612429009,74.9955412877497,-173.172202530651
19.5783841626538,898,847,-145.894820414613,88.4014901774073,65.220370222256,-153.621860399663
19.5805243445693,898,847,-145.894820414613,88.4014901774073,65.220370222256,-153.621860399663
19.5826645264848,896,843,-155.669991480107,103.064246775648,65.220370222256,-168.284616997904
19.5848047084002,897,846,-145.894820414613,93.2890757101541,62.7765774558826,-156.065653166037
19.5869448903157,897,848,-136.119649349119,88.4014901774073,57.8889919231358,-146.290482100543
19.5890850722311,898,845,-155.669991480107,93.2890757101541,70.1079557550028,-163.397031465157
19.5912252541466,897,846,-145.894820414613,93.2890757101541,62.7765774558826,-156.065653166037
19.5933654360621,897,851,-121.456892750879,81.0701118782871,50.5576136240156,-131.627725502303
19.5955056179775,898,851,-126.344478283626,78.6263191119136,55.4451991567624,-134.071518268676
19.597645799893,897,842,-165.4451625456,103.064246775648,72.5517485213763,-175.615995297024
19.5997859818085,854,692,-688.416814549511,574.716250685716,228.954485569275,-803.670736254991
19.6019261637239,847,695,-639.540959222042,584.49142175121,187.410008540927,-771.901430292137
19.6040663456394,862,737,-507.576149837877,445.195234067925,158.084495344446,-603.279729412371
19.6062065275548,873,767,-414.712024715688,344.999730646615,138.534153213458,-483.533883860074
19.6083467094703,879,781,-375.611340453713,296.123875319147,133.646567680711,-429.770442999859
19.6104868913858,864,732,-541.789248567105,452.526612367045,180.078630241806,-632.605242608852
19.6126270733012,872,764,-424.487195781182,354.774901712109,140.977945979832,-495.752847691941
19.6147672552167,880,790,-336.510656191739,271.685947655413,116.540018316098,-388.225965971511
19.6169074371322,886,812,-258.30928766779,203.259750196957,92.1020906523635,-295.361840849321
19.6190476190476,890,824,-219.208603405815,164.159065934983,82.3269195868699,-246.485985521853
19.6211878009631,896,842,-160.557577012853,105.508039542021,67.6641629886294,-173.172202530651
19.6233279828785,900,857,-106.794136152638,59.0759769809264,50.5576136240156,-109.633590604942
19.625468164794,902,869,-57.9182808251701,24.8628782516986,31.0072714930283,-55.8701497447269
19.6276083467095,902,863,-87.243794021651,39.5256348499391,45.6700280912687,-85.1956629412078
19.6297485286249,897,843,-160.557577012853,100.620454009274,70.1079557550028,-170.728409764277
19.6318887105404,882,785,-370.723754920967,279.017325954533,138.534153213458,-417.551479167991
19.6340288924559,863,732,-536.901663034358,454.970405133419,175.191044709059,-630.161449842478
19.6361690743713,858,714,-600.440274960067,511.177638760007,194.741386840047,-705.919025600054
19.6383092562868,867,740,-517.351320903371,425.644891936938,175.191044709059,-600.835936645997
19.6404494382022,865,730,-556.452005165346,454.970405133419,189.8538013073,-644.824206440719
19.6425896201177,872,755,-468.475465575903,376.76903660947,162.972080877192,-539.741117486662
19.6447298020332,880,783,-370.723754920967,288.792497020027,133.646567680711,-422.439064700738
19.6468699839486,886,806,-287.634800864271,217.922506795198,106.764847250604,-324.687354045802
19.6490101658641,889,817,-248.534116602296,183.70940806597,94.5458834187369,-278.255291484707
19.6511503477796,892,831,-194.770675742081,142.164931037622,74.9955412877497,-217.160472325372
19.653290529695,896,841,-165.4451625456,107.951832308395,70.1079557550028,-178.059788063397
19.6554307116105,897,844,-155.669991480107,98.1766612429009,67.6641629886294,-165.84082423153
19.6575708935259,895,845,-141.007234881866,100.620454009274,55.4451991567624,-156.065653166037
19.6597110754414,891,826,-214.321017873068,156.827687635863,82.3269195868699,-239.154607222733
19.6618512573569,890,811,-282.747215331524,195.928371897837,114.096225549724,-310.024597447562
19.6639914392723,885,807,-277.859629798777,217.922506795198,99.4334689514837,-317.355975746682
19.6661316211878,886,809,-272.97204426603,210.591128496078,99.4334689514837,-310.024597447562
19.6682718031033,884,809,-263.196873200537,215.478714028825,89.6582978859901,-305.137011914815
19.6704119850187,882,787,-360.948583855473,274.129740421786,133.646567680711,-407.776308102498
19.6725521669342,872,753,-478.250636641397,381.656622142216,167.859666409939,-549.516288552156
19.6746923488497,871,748,-497.800978772384,396.319378740457,175.191044709059,-571.510423449516
19.6768325307651,869,749,-483.138222174143,398.76317150683,162.972080877192,-561.735252384023
19.6789727126806,870,749,-488.02580770689,396.319378740457,167.859666409939,-564.179045150396
19.681112894596,875,747,-522.238906436118,388.988000441337,197.18517960642,-586.173180047757
19.6832530765115,874,762,-444.037537912169,354.774901712109,155.640702578072,-510.415604290181
19.685393258427,873,758,-458.700294510409,366.993865543976,160.528288110819,-527.522153654795
19.6875334403424,874,757,-468.475465575903,366.993865543976,167.859666409939,-534.853531953915
19.6896736222579,875,763,-444.037537912169,349.887316179362,158.084495344446,-507.971811523808
19.6918138041734,875,763,-444.037537912169,349.887316179362,158.084495344446,-507.971811523808
19.6939539860888,873,759,-453.812708977663,364.550072777603,158.084495344446,-522.634568122048
19.6960941680043,875,761,-453.812708977662,354.774901712109,162.972080877192,-517.746982589301
19.6982343499197,877,768,-429.374781313928,332.780766814748,155.640702578072,-488.42146939282
19.7003745318352,877,768,-429.374781313928,332.780766814748,155.640702578072,-488.42146939282
19.7025147137507,876,772,-404.936853650194,325.449388515628,140.977945979832,-466.42733449546
19.7046548956661,879,778,-390.274097051954,303.455253618267,140.977945979832,-444.433199598099
19.7067950775816,879,778,-390.274097051954,303.455253618267,140.977945979832,-444.433199598099
19.7089352594971,877,774,-400.049268117447,318.118010216508,140.977945979832,-459.09595619634
19.7110754414125,871,749,-492.913393239637,393.875585974083,172.747251942686,-566.622837916769
19.713215623328,872,762,-434.262366846675,359.662487244856,145.865531512579,-505.528018757434
19.7153558052434,873,759,-453.812708977663,364.550072777603,158.084495344446,-522.634568122048
19.7174959871589,878,774,-404.936853650194,315.674217450134,145.865531512579,-461.539748962713
19.7196361690744,880,790,-336.510656191739,271.685947655413,116.540018316098,-388.225965971511
19.7217763509898,885,798,-321.847899593498,239.916641692559,121.427603848844,-361.344245541403
19.7239165329053,885,794,-341.398241724486,249.691812758052,131.202774914338,-380.89458767239
19.7260567148208,885,796,-331.623070658992,244.804227225305,126.315189381591,-371.119416606897
19.7281968967362,882,796,-316.960314060752,252.135605524426,111.652432783351,-363.788038307776
19.7303370786517,884,793,-341.398241724486,254.579398290799,128.758982147965,-383.338380438764
19.7324772605671,884,795,-331.623070658992,249.691812758052,123.871396615218,-373.56320937327
19.7346174424826,885,801,-307.185142995258,232.585263393438,114.096225549724,-346.681488943163
19.7367576243981,886,801,-312.072728528005,230.141470627065,118.983811082471,-349.125281709536
19.7388978063135,885,796,-331.623070658992,244.804227225305,126.315189381591,-371.119416606897
19.741037988229,884,796,-326.735485126245,247.248019991679,121.427603848844,-368.675623840523
19.7431781701445,885,802,-302.297557462511,230.141470627065,111.652432783351,-341.793903410416
19.7453183520599,884,802,-297.409971929764,232.585263393438,106.764847250604,-339.350110644042
19.7474585339754,883,802,-292.522386397017,235.029056159812,101.877261717857,-336.906317877669
19.7495987158909,887,810,-272.97204426603,205.703542963331,101.877261717857,-307.580804681188
19.7517388978063,888,810,-277.859629798777,203.259750196958,106.764847250604,-310.024597447562
19.7538790797218,885,806,-282.747215331524,220.366299561571,101.877261717857,-322.243561279429
19.7560192616372,883,808,-263.196873200537,220.366299561571,87.2145051196167,-307.580804681188
19.7581594435527,886,809,-272.97204426603,210.591128496078,99.4334689514837,-310.024597447562
19.7602996254682,885,804,-292.522386397017,225.253885094318,106.764847250604,-332.018732344922
19.7624398073836,886,806,-287.634800864271,217.922506795198,106.764847250604,-324.687354045802
19.7645799892991,886,805,-292.522386397017,220.366299561571,109.208640016977,-329.574939578549
19.7667201712146,885,802,-302.297557462511,230.141470627065,111.652432783351,-341.793903410416
19.76886035313,886,803,-302.297557462511,225.253885094318,114.096225549724,-339.350110644042
19.7710005350455,888,812,-268.084458733283,198.372164664211,101.877261717857,-300.249426382068
19.7731407169609,888,815,-253.421702135043,191.04078636509,94.5458834187369,-285.586669783827
19.7752808988764,888,815,-253.421702135043,191.04078636509,94.5458834187369,-285.586669783827
19.7774210807919,890,819,-243.646531069549,176.37802976685,94.5458834187369,-270.923913185587
19.7795612627073,890,823,-224.096188938562,166.602858701356,84.7707123532433,-251.3735710546
19.7817014446228,888,816,-248.534116602296,188.596993598717,92.1020906523635,-280.699084251081
19.7838416265383,887,816,-243.646531069549,191.04078636509,87.2145051196167,-278.255291484707
19.7859818084537,887,822,-214.321017873068,176.37802976685,72.5517485213762,-248.929778288226
19.7881219903692,892,832,-189.883090209334,139.721138271249,72.5517485213763,-212.272886792625
19.7902621722846,890,821,-233.871360004056,171.490444234103,89.6582978859901,-261.148742120093
19.7924023542001,890,824,-219.208603405815,164.159065934983,82.3269195868699,-246.485985521853
19.7945425361156,894,831,-204.545846807575,137.277345504875,84.7707123532433,-222.048057858119
19.796682718031,894,840,-160.557577012853,115.283210607515,62.7765774558826,-178.059788063397
19.7988228999465,892,834,-180.107919143841,134.833552738502,67.6641629886294,-202.497715727131
19.800963081862,896,839,-175.220333611094,112.839417841141,74.9955412877497,-187.834959128891
19.8031032637774,896,839,-175.220333611094,112.839417841141,74.9955412877497,-187.834959128891
19.8052434456929,895,844,-145.894820414613,103.064246775648,57.8889919231358,-160.953238698784
19.8073836276083,896,847,-136.119649349119,93.2890757101541,55.4451991567624,-148.734274866916
19.8095238095238,896,847,-136.119649349119,93.2890757101541,55.4451991567624,-148.734274866916
19.8116639914393,897,844,-155.669991480107,98.1766612429009,67.6641629886294,-165.84082423153
19.8138041733547,894,839,-165.4451625456,117.727003373888,65.220370222256,-182.947373596144
19.8159443552702,895,847,-131.232063816372,95.7328684765275,50.5576136240156,-146.290482100543
19.8180845371857,895,839,-170.332748078347,115.283210607515,70.1079557550028,-185.391166362518
19.8202247191011,894,835,-184.995504676587,127.502174439382,74.9955412877497,-202.497715727131
19.8223649010166,893,833,-189.883090209334,134.833552738502,74.9955412877497,-209.829094026252
19.824505082932,892,832,-189.883090209334,139.721138271249,72.5517485213763,-212.272886792625
19.8266452648475,892,823,-233.871360004056,161.71527316861,94.5458834187369,-256.261156587346
19.828785446763,889,819,-238.758945536802,178.821822533223,89.6582978859901,-268.480120419214
19.8309256286784,890,821,-233.871360004056,171.490444234103,89.6582978859901,-261.148742120093
19.8330658105939,897,848,-136.119649349119,88.4014901774073,57.8889919231358,-146.290482100543
19.8352059925094,904,867,-77.4686229561574,24.8628782516986,45.6700280912687,-70.5329063429674
19.8373461744248,904,870,-62.805866357917,17.5314999525784,38.3386497921485,-55.8701497447269
19.8394863563403,902,872,-43.2555242269297,17.5314999525784,23.6758931939081,-41.2073931464865
19.8416265382558,904,872,-53.0306952924233,12.6439144198316,33.4510642594017,-46.0949786792333
19.8437667201712,905,872,-57.9182808251701,10.2001216534582,38.3386497921485,-48.5387714456067
19.8459069020867,906,870,-72.5810374234106,12.6439144198316,48.1138208576422,-60.7577352774737
19.8480470840021,904,873,-48.1431097596765,10.2001216534582,31.0072714930283,-41.2073931464865
19.8501872659176,903,867,-72.5810374234106,27.306671018072,40.7824425585219,-68.089113576594
19.8523274478331,900,867,-57.9182808251701,34.6380493171923,26.1196859602815,-60.7577352774737
19.8544676297485,903,872,-48.1431097596765,15.087707186205,28.5634787266549,-43.6511859128599
19.856607811664,890,854,-72.5810374234106,90.8452829437807,9.0131365956676,-99.8584195394483
19.8587479935795,891,845,-121.456892750879,110.395625074768,35.8948570257751,-146.290482100543
19.8608881754949,893,828,-214.321017873068,147.052516570369,87.2145051196167,-234.267021689986
19.8630283574104,896,851,-116.569307218132,83.5139046446605,45.6700280912687,-129.183932735929
19.8651685393258,900,869,-48.1431097596765,29.7504637844455,21.2321004275347,-50.9825642119801
19.8673087212413,892,880,44.7210153625131,22.4190854853252,-44.7503042645474,22.3312187792222
19.8694489031568,888,880,64.2713574935003,32.1942565508189,-64.3006463955347,32.1063898447158
19.8715890850722,901,883,15.3955021660321,-6.90642771115568,-8.09341276894626,14.9998404801019
19.8737292669877,908,893,30.0582587642726,-48.4509047395036,1.68175829654738,46.7691464429563
19.8758694489032,907,896,49.6086008952599,-53.3384902722505,-10.5372055353197,63.8756958075701
19.8780096308186,906,895,49.6086008952599,-48.4509047395036,-12.9809983016931,61.4319030411967
19.8801498127341,907,900,69.1589430262471,-63.1136613377441,-20.3123766008133,83.4260379385574
19.8822899946495,912,905,69.1589430262471,-87.5515890014782,-8.09341276894626,95.6450017704244
19.884430176565,912,906,74.046528558994,-89.9953817678516,-10.5372055353197,100.532587303171
19.8865703584805,915,906,59.3837719607535,-97.3267600669718,4.12555106292078,93.201209004051
19.8887105403959,917,903,34.9458442970194,-94.8829673005984,21.2321004275346,73.6508668730638
19.8908507223114,917,915,93.5968706899812,-124.208480497079,-8.09341276894627,132.301893266026
19.8929909042269,918,907,49.6086008952599,-107.101931132465,16.3445148947878,90.7574162376776
19.8951310861423,917,907,54.4961864280067,-104.658138366092,11.456929362041,93.2012090040511
19.8972712680578,918,910,64.2713574935003,-114.433309431586,9.01313659566759,105.420172835918
19.8994114499732,916,911,78.9341140917408,-111.989516665212,-3.20582723619944,115.195343901412
19.9015516318887,913,898,30.0582587642726,-72.8888324032377,13.9007221284144,58.9881102748233
19.9036918138042,911,899,44.7210153625131,-70.4450396368643,1.68175829654737,68.763281340317
19.9058319957196,909,906,88.7092851572344,-82.6640034687314,-25.1999621335601,107.863965602292
19.9079721776351,905,904,98.4844562227281,-68.0012468704909,-39.8627187318006,107.863965602292
19.9101123595506,904,893,49.6086008952599,-38.67573367401,-17.8685838344399,56.5443175084499
19.912252541466,903,899,83.8216996244876,-50.8946975058771,-37.4189259654272,88.3136234713042
19.9143927233815,903,899,83.8216996244876,-50.8946975058771,-37.4189259654272,88.3136234713042
19.916532905297,905,901,83.8216996244876,-60.6698685713707,-32.5313404326804,93.201209004051
19.9186730872124,906,901,78.9341140917408,-63.1136613377441,-27.6437548999335,90.7574162376776
19.9208132691279,907,902,78.9341140917408,-68.0012468704909,-25.1999621335601,93.201209004051
19.9229534510433,906,898,64.2713574935003,-55.7822830386239,-20.3123766008133,76.0946596394372
19.9250936329588,908,897,49.6086008952599,-58.2260758049973,-8.09341276894626,66.3194885739435
19.9272338148743,908,898,54.4961864280067,-60.6698685713707,-10.5372055353197,71.2070741066904
19.9293739967897,907,894,39.8334298297662,-48.4509047395036,-5.64962000257285,54.1005247420765
19.9315141787052,908,892,25.1706732315258,-46.0071119731302,4.12555106292078,41.8815609102094
19.9336543606207,909,895,34.9458442970194,-55.7822830386239,1.68175829654737,54.1005247420765
19.9357945425361,908,894,34.9458442970194,-50.894697505877,-0.762034469826034,51.6567319757031
19.9379347244516,905,886,10.5079166332853,-24.0129770757695,4.12555106292078,19.8874260128488
19.940074906367,904,885,10.5079166332853,-19.1253915430227,1.68175829654738,17.4436332464754
19.9422150882825,904,883,0.732745567791682,-14.2378060102759,6.56934382929419,7.66846218098172
19.944355270198,904,880,-13.9300110304488,-6.90642771115568,13.9007221284144,-6.99429441725874
19.9464954521134,900,869,-48.1431097596765,29.7504637844455,21.2321004275347,-50.9825642119801
19.9486356340289,900,874,-23.7051820959424,17.5314999525784,9.0131365956676,-26.544636548246
19.9507758159444,903,877,-23.7051820959424,2.86874335433795,16.3445148947878,-19.2132582491258
19.9529159978598,901,877,-13.9300110304488,7.75632888708477,6.56934382929419,-14.325672716379
19.9550561797753,904,871,-57.9182808251701,15.087707186205,35.8948570257751,-50.9825642119801
19.9571963616907,904,879,-18.8175965631956,-4.46263494478227,16.3445148947878,-11.8818799500056
19.9593365436062,906,883,-9.04242549770196,-19.1253915430227,16.3445148947878,2.7808766482349
19.9614767255217,907,881,-23.7051820959424,-16.6815987766493,26.1196859602815,-9.43808718363215
19.9636169074371,908,890,15.3955021660321,-41.1195264403834,9.0131365956676,32.1063898447158
19.9657570893526,907,891,25.1706732315258,-41.1195264403834,1.68175829654738,39.437768143836
19.9678972712681,904,894,54.4961864280067,-41.1195264403834,-20.3123766008133,61.4319030411967
19.9700374531835,899,888,49.6086008952599,-14.2378060102759,-30.0875476663069,44.3253536765829
19.972177635099,903,890,39.8334298297662,-28.9005626085164,-15.4247910680665,44.3253536765829
19.9743178170144,905,891,34.9458442970194,-36.2319409076366,-8.09341276894626,44.3253536765829
19.9764579989299,905,895,54.4961864280067,-46.0071119731302,-17.8685838344399,63.8756958075701
19.9785981808454,911,903,64.2713574935003,-80.220210702358,-8.09341276894627,88.3136234713042
19.9807383627608,910,906,83.8216996244876,-85.1077962351048,-20.3123766008133,105.420172835918
19.9828785446763,909,906,88.7092851572344,-82.6640034687314,-25.1999621335601,107.863965602292
19.9850187265918,914,915,108.259627288222,-116.877102197959,-22.7561693671867,139.633271565146
19.9871589085072,917,928,157.13548261569,-155.977786459934,-39.8627187318006,195.840505191734
19.9892990904227,917,926,147.360311550196,-151.090200927187,-34.9751331990538,186.065334126241
19.9914392723381,921,937,181.573410279424,-187.747092422788,-42.306511498174,230.053603920962
19.9935794542536,926,952,230.449265606892,-236.622947750256,-54.525475330041,291.148423080297
19.9957196361691,932,964,259.774778803374,-280.611217544978,-54.5254753300415,335.136692875019
19.9978598180845,931,964,264.662364336121,-278.167424778605,-59.4130608627883,337.580485641393
