t,leadI,leadII,leadIII,aVR,aVL,aVF
0,508,1021,513,-764.5,-2.5,767
0.00215959399632869,506,1021,515,-763.5,-4.5,768
0.00431918799265738,506,1022,516,-764,-5,769
0.00647878198898607,502,1020,518,-761,-8,769
0.00863837598531476,501,1023,522,-762,-10.5,772.5
0.0107979699816435,501,1020,519,-760.5,-9,769.5
0.0129575639779721,503,1021,518,-762,-7.5,769.5
0.0151171579743008,505,1023,518,-764,-6.5,770.5
0.0172767519706295,508,1022,514,-765,-3,768
0.0194363459669582,511,1020,509,-765.5,1,764.5
0.0215959399632869,510,1020,510,-765,0,765
0.0237555339596156,501,1022,521,-761.5,-10,771.5
0.0259151279559443,498,1021,523,-759.5,-12.5,772
0.028074721952273,500,1023,523,-761.5,-11.5,773
0.0302343159486017,501,1022,521,-761.5,-10,771.5
0.0323939099449304,504,1023,519,-763.5,-7.5,771
0.034553503941259,508,1021,513,-764.5,-2.5,767
0.0367130979375877,516,1023,507,-769.5,4.5,765
0.0388726919339164,520,1022,502,-771,9,762
0.0410322859302451,522,1022,500,-772,11,761
0.0431918799265738,524,1021,497,-772.5,13.5,759
0.0453514739229025,521,1021,500,-771,10.5,760.5
0.0475110679192312,516,1022,506,-769,5,764
0.0496706619155599,511,1022,511,-766.5,0,766.5
0.0518302559118886,507,1021,514,-764,-3.5,767.5
0.0539898499082173,506,1022,516,-764,-5,769
0.0561494439045459,510,1020,510,-765,0,765
0.0583090379008746,513,1021,508,-767,2.5,764.5
0.0604686318972033,517,1021,504,-769,6.5,762.5
0.062628225893532,520,1023,503,-771.5,8.5,763
0.0647878198898607,518,1023,505,-770.5,6.5,764
0.0669474138861894,513,1021,508,-767,2.5,764.5
0.0691070078825181,508,1022,514,-765,-3,768
0.0712666018788468,506,1022,516,-764,-5,769
0.0734261958751755,506,1021,515,-763.5,-4.5,768
0.0755857898715042,511,1021,510,-766,0.5,765.5
0.0777453838678328,514,1020,506,-767,4,763
0.0799049778641615,512,1021,509,-766.5,1.5,765
0.0820645718604902,506,1021,515,-763.5,-4.5,768
0.0842241658568189,499,1022,523,-760.5,-12,772.5
0.0863837598531476,491,1022,531,-756.5,-20,776.5
0.0885433538494763,490,1022,532,-756,-21,777
0.090702947845805,488,1021,533,-754.5,-22.5,777
0.0928625418421337,487,1020,533,-753.5,-23,776.5
0.0950221358384624,484,1021,537,-752.5,-26.5,779
0.0971817298347911,483,1021,538,-752,-27.5,779.5
0.0993413238311198,483,1022,539,-752.5,-28,780.5
0.101500917827448,484,1021,537,-752.5,-26.5,779
0.103660511823777,487,1022,535,-754.5,-24,778.5
0.105820105820106,493,1021,528,-757,-17.5,774.5
0.107979699816435,496,1021,525,-758.5,-14.5,773
0.110139293812763,495,1022,527,-758.5,-16,774.5
0.112298887809092,492,1021,529,-756.5,-18.5,775
0.114458481805421,488,1021,533,-754.5,-22.5,777
0.116618075801749,484,1020,536,-752,-26,778
0.118777669798078,479,1022,543,-750.5,-32,782.5
0.120937263794407,481,1021,540,-751,-29.5,780.5
0.123096857790735,485,1019,534,-752,-24.5,776.5
0.125256451787064,490,1020,530,-755,-20,775
0.127416045783393,491,1020,529,-755.5,-19,774.5
0.129575639779721,489,1021,532,-755,-21.5,776.5
0.13173523377605,488,1022,534,-755,-23,778
0.133894827772379,492,1021,529,-756.5,-18.5,775
0.136054421768707,498,1020,522,-759,-12,771
0.138214015765036,498,1022,524,-760,-13,773
0.140373609761365,496,1021,525,-758.5,-14.5,773
0.142533203757694,490,1021,531,-755.5,-20.5,776
0.144692797754022,483,1023,540,-753,-28.5,781.5
0.146852391750351,482,1022,540,-752,-29,781
0.14901198574668,482,1022,540,-752,-29,781
0.151171579743008,484,1021,537,-752.5,-26.5,779
0.153331173739337,486,1022,536,-754,-25,779
0.155490767735666,485,1021,536,-753,-25.5,778.5
0.157650361731994,489,1021,532,-755,-21.5,776.5
0.159809955728323,496,1022,526,-759,-15,774
0.161969549724652,508,1021,513,-764.5,-2.5,767
0.16412914372098,522,1021,499,-771.5,11.5,760
0.166288737717309,535,1023,488,-779,23.5,755.5
0.168448331713638,557,1021,464,-789,46.5,742.5
0.170607925709967,578,1021,443,-799.5,67.5,732
0.172767519706295,597,1021,424,-809,86.5,722.5
0.174927113702624,620,1022,402,-821,109,712
0.177086707698953,643,1022,379,-832.5,132,700.5
0.179246301695281,656,1020,364,-838,146,692
0.18140589569161,655,1021,366,-838,144.5,693.5
0.183565489687939,643,1021,378,-832,132.5,699.5
0.185725083684267,622,1023,401,-822.5,110.5,712
0.187884677680596,596,1021,425,-808.5,85.5,723
0.190044271676925,565,1023,458,-794,53.5,740.5
0.192203865673253,543,1022,479,-782.5,32,750.5
0.194363459669582,520,1022,502,-771,9,762
0.196523053665911,503,1022,519,-762.5,-8,770.5
0.19868264766224,487,1021,534,-754,-23.5,777.5
0.200842241658568,477,1021,544,-749,-33.5,782.5
0.203001835654897,477,1022,545,-749.5,-34,783.5
0.205161429651226,483,1021,538,-752,-27.5,779.5
0.207321023647554,488,1021,533,-754.5,-22.5,777
0.209480617643883,493,1022,529,-757.5,-18,775.5
0.211640211640212,499,1021,522,-760,-11.5,771.5
0.21379980563654,501,1021,520,-761,-9.5,770.5
0.215959399632869,498,1023,525,-760.5,-13.5,774
0.218118993629198,496,1021,525,-758.5,-14.5,773
0.220278587625526,494,1021,527,-757.5,-16.5,774
0.222438181621855,496,1022,526,-759,-15,774
0.224597775618184,499,1021,522,-760,-11.5,771.5
0.226757369614512,495,1021,526,-758,-15.5,773.5
0.228916963610841,492,1023,531,-757.5,-19.5,777
0.23107655760717,492,1022,530,-757,-19,776
0.233236151603499,497,1022,525,-759.5,-14,773.5
0.235395745599827,498,1022,524,-760,-13,773
0.237555339596156,495,1021,526,-758,-15.5,773.5
0.239714933592485,491,1022,531,-756.5,-20,776.5
0.241874527588813,487,1022,535,-754.5,-24,778.5
0.244034121585142,485,1023,538,-754,-26.5,780.5
0.246193715581471,488,1020,532,-754,-22,776
0.248353309577799,491,1021,530,-756,-19.5,775.5
0.250512903574128,495,1022,527,-758.5,-16,774.5
0.252672497570457,496,1023,527,-759.5,-15.5,775
0.254832091566785,501,1021,520,-761,-9.5,770.5
0.256991685563114,502,1021,519,-761.5,-8.5,770
0.259151279559443,497,1021,524,-759,-13.5,772.5
0.261310873555771,497,1022,525,-759.5,-14,773.5
0.2634704675521,498,1022,524,-760,-13,773
0.265630061548429,498,1022,524,-760,-13,773
0.267789655544758,495,1021,526,-758,-15.5,773.5
0.269949249541086,494,1022,528,-758,-17,775
0.272108843537415,491,1020,529,-755.5,-19,774.5
0.274268437533744,488,1022,534,-755,-23,778
0.276428031530072,494,1020,526,-757,-16,773
0.278587625526401,500,1022,522,-761,-11,772
0.28074721952273,505,1020,515,-762.5,-5,767.5
0.282906813519058,505,1022,517,-763.5,-6,769.5
0.285066407515387,502,1023,521,-762.5,-9.5,772
0.287226001511716,499,1022,523,-760.5,-12,772.5
0.289385595508044,498,1021,523,-759.5,-12.5,772
0.291545189504373,499,1021,522,-760,-11.5,771.5
0.293704783500702,502,1021,519,-761.5,-8.5,770
0.295864377497031,505,1021,516,-763,-5.5,768.5
0.298023971493359,507,1021,514,-764,-3.5,767.5
0.300183565489688,511,1022,511,-766.5,0,766.5
0.302343159486017,513,1021,508,-767,2.5,764.5
0.304502753482345,511,1022,511,-766.5,0,766.5
0.306662347478674,510,1022,512,-766,-1,767
0.308821941475003,506,1022,516,-764,-5,769
0.310981535471331,505,1022,517,-763.5,-6,769.5
0.31314112946766,504,1023,519,-763.5,-7.5,771
0.315300723463989,507,1023,516,-765,-4.5,769.5
0.317460317460317,506,1020,514,-763,-4,767
0.319619911456646,509,1023,514,-766,-2.5,768.5
0.321779505452975,510,1022,512,-766,-1,767
0.323939099449304,511,1021,510,-766,0.5,765.5
0.326098693445632,514,1022,508,-768,3,765
0.328258287441961,511,1020,509,-765.5,1,764.5
0.33041788143829,514,1021,507,-767.5,3.5,764
0.332577475434618,516,1022,506,-769,5,764
0.334737069430947,519,1022,503,-770.5,8,762.5
0.336896663427276,520,1021,501,-770.5,9.5,761
0.339056257423604,517,1022,505,-769.5,6,763.5
0.341215851419933,515,1022,507,-768.5,4,764.5
0.343375445416262,517,1020,503,-768.5,7,761.5
0.34553503941259,519,1021,502,-770,8.5,761.5
0.347694633408919,520,1021,501,-770.5,9.5,761
0.349854227405248,522,1021,499,-771.5,11.5,760
0.352013821401576,523,1021,498,-772,12.5,759.5
0.354173415397905,524,1022,498,-773,13,760
0.356333009394234,526,1020,494,-773,16,757
0.358492603390563,526,1021,495,-773.5,15.5,758
0.360652197386891,526,1021,495,-773.5,15.5,758
0.36281179138322,528,1022,494,-775,17,758
0.364971385379549,530,1020,490,-775,20,755
0.367130979375877,531,1020,489,-775.5,21,754.5
0.369290573372206,530,1021,491,-775.5,19.5,756
0.371450167368535,530,1023,493,-776.5,18.5,758
0.373609761364863,526,1021,495,-773.5,15.5,758
0.375769355361192,522,1022,500,-772,11,761
0.377928949357521,524,1021,497,-772.5,13.5,759
0.380088543353849,527,1023,496,-775,15.5,759.5
0.382248137350178,529,1023,494,-776,17.5,758.5
0.384407731346507,526,1023,497,-774.5,14.5,760
0.386567325342836,529,1021,492,-775,18.5,756.5
0.388726919339164,536,1022,486,-779,25,754
0.390886513335493,540,1020,480,-780,30,750
0.393046107331822,541,1021,480,-781,30.5,750.5
0.39520570132815,543,1022,479,-782.5,32,750.5
0.397365295324479,544,1020,476,-782,34,748
0.399524889320808,544,1020,476,-782,34,748
0.401684483317136,546,1023,477,-784.5,34.5,750
0.403844077313465,539,1022,483,-780.5,28,752.5
0.406003671309794,535,1022,487,-778.5,24,754.5
0.408163265306122,535,1020,485,-777.5,25,752.5
0.410322859302451,537,1022,485,-779.5,26,753.5
0.41248245329878,536,1022,486,-779,25,754
0.414642047295109,534,1019,485,-776.5,24.5,752
0.416801641291437,532,1021,489,-776.5,21.5,755
0.418961235287766,534,1022,488,-778,23,755
0.421120829284095,533,1021,488,-777,22.5,754.5
0.423280423280423,536,1021,485,-778.5,25.5,753
0.425440017276752,536,1022,486,-779,25,754
0.427599611273081,537,1020,483,-778.5,27,751.5
0.429759205269409,535,1022,487,-778.5,24,754.5
0.431918799265738,535,1020,485,-777.5,25,752.5
0.434078393262067,535,1022,487,-778.5,24,754.5
0.436237987258395,529,1023,494,-776,17.5,758.5
0.438397581254724,525,1021,496,-773,14.5,758.5
0.440557175251053,521,1022,501,-771.5,10,761.5
0.442716769247381,517,1021,504,-769,6.5,762.5
0.44487636324371,516,1022,506,-769,5,764
0.447035957240039,512,1022,510,-767,1,766
0.449195551236368,510,1020,510,-765,0,765
0.451355145232696,509,1021,512,-765,-1.5,766.5
0.453514739229025,507,1023,516,-765,-4.5,769.5
0.455674333225354,506,1021,515,-763.5,-4.5,768
0.457833927221682,505,1021,516,-763,-5.5,768.5
0.459993521218011,504,1022,518,-763,-7,770
0.46215311521434,501,1023,522,-762,-10.5,772.5
0.464312709210668,503,1021,518,-762,-7.5,769.5
0.466472303206997,506,1021,515,-763.5,-4.5,768
0.468631897203326,507,1021,514,-764,-3.5,767.5
0.470791491199654,509,1021,512,-765,-1.5,766.5
0.472951085195983,501,1020,519,-760.5,-9,769.5
0.475110679192312,495,1022,527,-758.5,-16,774.5
0.477270273188641,490,1022,532,-756,-21,777
0.479429867184969,487,1021,534,-754,-23.5,777.5
0.481589461181298,485,1022,537,-753.5,-26,779.5
0.483749055177627,486,1021,535,-753.5,-24.5,778
0.485908649173955,488,1022,534,-755,-23,778
0.488068243170284,494,1022,528,-758,-17,775
0.490227837166613,493,1023,530,-758,-18.5,776.5
0.492387431162941,494,1021,527,-757.5,-16.5,774
0.49454702515927,493,1022,529,-757.5,-18,775.5
0.496706619155599,491,1021,530,-756,-19.5,775.5
0.498866213151927,487,1021,534,-754,-23.5,777.5
0.501025807148256,486,1021,535,-753.5,-24.5,778
0.503185401144585,485,1019,534,-752,-24.5,776.5
0.505344995140913,489,1023,534,-756,-22.5,778.5
0.507504589137242,494,1021,527,-757.5,-16.5,774
0.509664183133571,494,1022,528,-758,-17,775
0.5118237771299,492,1021,529,-756.5,-18.5,775
0.513983371126228,490,1021,531,-755.5,-20.5,776
0.516142965122557,490,1021,531,-755.5,-20.5,776
0.518302559118886,491,1021,530,-756,-19.5,775.5
0.520462153115214,497,1020,523,-758.5,-13,771.5
0.522621747111543,499,1022,523,-760.5,-12,772.5
0.524781341107872,497,1023,526,-760,-14.5,774.5
0.5269409351042,499,1021,522,-760,-11.5,771.5
0.529100529100529,497,1022,525,-759.5,-14,773.5
0.531260123096858,495,1021,526,-758,-15.5,773.5
0.533419717093186,494,1020,526,-757,-16,773
0.535579311089515,487,1020,533,-753.5,-23,776.5
0.537738905085844,482,1021,539,-751.5,-28.5,780
0.539898499082173,483,1021,538,-752,-27.5,779.5
0.542058093078501,488,1022,534,-755,-23,778
0.54421768707483,495,1021,526,-758,-15.5,773.5
0.546377281071159,496,1021,525,-758.5,-14.5,773
0.548536875067487,496,1022,526,-759,-15,774
0.550696469063816,498,1020,522,-759,-12,771
0.552856063060145,498,1021,523,-759.5,-12.5,772
0.555015657056473,498,1022,524,-760,-13,773
0.557175251052802,497,1023,526,-760,-14.5,774.5
0.559334845049131,494,1021,527,-757.5,-16.5,774
0.561494439045459,491,1021,530,-756,-19.5,775.5
0.563654033041788,485,1022,537,-753.5,-26,779.5
0.565813627038117,486,1021,535,-753.5,-24.5,778
0.567973221034445,487,1021,534,-754,-23.5,777.5
0.570132815030774,491,1023,532,-757,-20.5,777.5
0.572292409027103,493,1021,528,-757,-17.5,774.5
0.574452003023432,503,1021,518,-762,-7.5,769.5
0.57661159701976,510,1022,512,-766,-1,767
0.578771191016089,514,1022,508,-768,3,765
0.580930785012418,513,1022,509,-767.5,2,765.5
0.583090379008746,509,1022,513,-765.5,-2,767.5
0.585249973005075,502,1023,521,-762.5,-9.5,772
0.587409567001404,497,1022,525,-759.5,-14,773.5
0.589569160997732,492,1022,530,-757,-19,776
0.591728754994061,488,1021,533,-754.5,-22.5,777
0.59388834899039,484,1022,538,-753,-27,780
0.596047942986718,489,1022,533,-755.5,-22,777.5
0.598207536983047,498,1021,523,-759.5,-12.5,772
0.600367130979376,502,1022,520,-762,-9,771
0.602526724975705,503,1021,518,-762,-7.5,769.5
0.604686318972033,503,1023,520,-763,-8.5,771.5
0.606845912968362,500,1021,521,-760.5,-10.5,771
0.609005506964691,494,1021,527,-757.5,-16.5,774
0.611165100961019,489,1022,533,-755.5,-22,777.5
0.613324694957348,487,1021,534,-754,-23.5,777.5
0.615484288953677,491,1021,530,-756,-19.5,775.5
0.617643882950005,495,1022,527,-758.5,-16,774.5
0.619803476946334,499,1023,524,-761,-12.5,773.5
0.621963070942663,500,1023,523,-761.5,-11.5,773
0.624122664938991,501,1020,519,-760.5,-9,769.5
0.62628225893532,500,1022,522,-761,-11,772
0.628441852931649,504,1022,518,-763,-7,770
0.630601446927977,508,1023,515,-765.5,-3.5,769
0.632761040924306,512,1021,509,-766.5,1.5,765
0.634920634920635,510,1023,513,-766.5,-1.5,768
0.637080228916964,510,1023,513,-766.5,-1.5,768
0.639239822913292,505,1021,516,-763,-5.5,768.5
0.641399416909621,504,1020,516,-762,-6,768
0.64355901090595,506,1020,514,-763,-4,767
0.645718604902278,508,1022,514,-765,-3,768
0.647878198898607,510,1022,512,-766,-1,767
0.650037792894936,508,1023,515,-765.5,-3.5,769
0.652197386891264,507,1021,514,-764,-3.5,767.5
0.654356980887593,504,1020,516,-762,-6,768
0.656516574883922,506,1022,516,-764,-5,769
0.65867616888025,504,1022,518,-763,-7,770
0.660835762876579,503,1022,519,-762.5,-8,770.5
0.662995356872908,501,1021,520,-761,-9.5,770.5
0.665154950869237,501,1023,522,-762,-10.5,772.5
0.667314544865565,500,1020,520,-760,-10,770
0.669474138861894,502,1022,520,-762,-9,771
0.671633732858223,508,1021,513,-764.5,-2.5,767
0.673793326854551,512,1021,509,-766.5,1.5,765
0.67595292085088,513,1021,508,-767,2.5,764.5
0.678112514847209,517,1021,504,-769,6.5,762.5
0.680272108843537,518,1021,503,-769.5,7.5,762
0.682431702839866,517,1022,505,-769.5,6,763.5
0.684591296836195,513,1022,509,-767.5,2,765.5
0.686750890832523,505,1020,515,-762.5,-5,767.5
0.688910484828852,503,1019,516,-761,-6.5,767.5
0.691070078825181,510,1021,511,-765.5,-0.5,766
0.693229672821509,521,1023,502,-772,9.5,762.5
0.695389266817838,526,1022,496,-774,15,759
0.697548860814167,525,1022,497,-773.5,14,759.5
0.699708454810496,522,1023,501,-772.5,10.5,762
0.701868048806824,515,1022,507,-768.5,4,764.5
0.704027642803153,510,1021,511,-765.5,-0.5,766
0.706187236799482,503,1021,518,-762,-7.5,769.5
0.70834683079581,502,1022,520,-762,-9,771
0.710506424792139,503,1021,518,-762,-7.5,769.5
0.712666018788468,507,1021,514,-764,-3.5,767.5
0.714825612784796,510,1020,510,-765,0,765
0.716985206781125,511,1023,512,-767,-0.5,767.5
0.719144800777454,513,1021,508,-767,2.5,764.5
0.721304394773782,511,1021,510,-766,0.5,765.5
0.723463988770111,511,1023,512,-767,-0.5,767.5
0.72562358276644,505,1021,516,-763,-5.5,768.5
0.727783176762769,501,1022,521,-761.5,-10,771.5
0.729942770759097,500,1020,520,-760,-10,770
0.732102364755426,494,1022,528,-758,-17,775
0.734261958751755,494,1022,528,-758,-17,775
0.736421552748083,496,1022,526,-759,-15,774
0.738581146744412,502,1022,520,-762,-9,771
0.740740740740741,502,1022,520,-762,-9,771
0.742900334737069,501,1022,521,-761.5,-10,771.5
0.745059928733398,497,1022,525,-759.5,-14,773.5
0.747219522729727,493,1020,527,-756.5,-17,773.5
0.749379116726056,489,1022,533,-755.5,-22,777.5
0.751538710722384,488,1021,533,-754.5,-22.5,777
0.753698304718713,490,1020,530,-755,-20,775
0.755857898715041,490,1023,533,-756.5,-21.5,778
0.75801749271137,489,1021,532,-755,-21.5,776.5
0.760177086707699,490,1023,533,-756.5,-21.5,778
0.762336680704028,489,1022,533,-755.5,-22,777.5
0.764496274700356,490,1021,531,-755.5,-20.5,776
0.766655868696685,491,1023,532,-757,-20.5,777.5
0.768815462693014,485,1022,537,-753.5,-26,779.5
0.770975056689342,486,1022,536,-754,-25,779
0.773134650685671,494,1021,527,-757.5,-16.5,774
0.775294244682,501,1023,522,-762,-10.5,772.5
0.777453838678328,507,1020,513,-763.5,-3,766.5
0.779613432674657,506,1021,515,-763.5,-4.5,768
0.781773026670986,499,1021,522,-760,-11.5,771.5
0.783932620667315,487,1020,533,-753.5,-23,776.5
0.786092214663643,479,1022,543,-750.5,-32,782.5
0.788251808659972,481,1021,540,-751,-29.5,780.5
0.790411402656301,488,1021,533,-754.5,-22.5,777
0.792570996652629,491,1020,529,-755.5,-19,774.5
0.794730590648958,493,1021,528,-757,-17.5,774.5
0.796890184645287,495,1022,527,-758.5,-16,774.5
0.799049778641615,495,1022,527,-758.5,-16,774.5
0.801209372637944,495,1022,527,-758.5,-16,774.5
0.803368966634273,495,1020,525,-757.5,-15,772.5
0.805528560630601,498,1023,525,-760.5,-13.5,774
0.80768815462693,507,1020,513,-763.5,-3,766.5
0.809847748623259,521,1022,501,-771.5,10,761.5
0.812007342619588,544,1022,478,-783,33,750
0.814166936615916,567,1023,456,-795,55.5,739.5
0.816326530612245,589,1022,433,-805.5,78,727.5
0.818486124608574,612,1022,410,-817,101,716
0.820645718604902,633,1021,388,-827,122.5,704.5
0.822805312601231,648,1021,373,-834.5,137.5,697
0.82496490659756,653,1022,369,-837.5,142,695.5
0.827124500593888,643,1022,379,-832.5,132,700.5
0.829284094590217,628,1021,393,-824.5,117.5,707
0.831443688586546,611,1022,411,-816.5,100,716.5
0.833603282582874,589,1021,432,-805,78.5,726.5
0.835762876579203,568,1021,453,-794.5,57.5,737
0.837922470575532,547,1022,475,-784.5,36,748.5
0.840082064571861,531,1021,490,-776,20.5,755.5
0.842241658568189,514,1021,507,-767.5,3.5,764
0.844401252564518,499,1023,524,-761,-12.5,773.5
0.846560846560847,484,1022,538,-753,-27,780
0.848720440557175,480,1021,541,-750.5,-30.5,781
0.850880034553504,479,1022,543,-750.5,-32,782.5
0.853039628549833,480,1021,541,-750.5,-30.5,781
0.855199222546161,482,1022,540,-752,-29,781
0.85735881654249,489,1021,532,-755,-21.5,776.5
0.859518410538819,497,1021,524,-759,-13.5,772.5
0.861678004535147,505,1021,516,-763,-5.5,768.5
0.863837598531476,505,1021,516,-763,-5.5,768.5
0.865997192527805,501,1022,521,-761.5,-10,771.5
0.868156786524133,492,1023,531,-757.5,-19.5,777
0.870316380520462,482,1021,539,-751.5,-28.5,780
0.872475974516791,477,1022,545,-749.5,-34,783.5
0.87463556851312,477,1020,543,-748.5,-33,781.5
0.876795162509448,481,1023,542,-752,-30.5,782.5
0.878954756505777,491,1021,530,-756,-19.5,775.5
0.881114350502106,497,1022,525,-759.5,-14,773.5
0.883273944498434,499,1020,521,-759.5,-11,770.5
0.885433538494763,499,1019,520,-759,-10.5,769.5
0.887593132491092,498,1021,523,-759.5,-12.5,772
0.88975272648742,494,1023,529,-758.5,-17.5,776
0.891912320483749,491,1022,531,-756.5,-20,776.5
0.894071914480078,490,1021,531,-755.5,-20.5,776
0.896231508476406,489,1021,532,-755,-21.5,776.5
0.898391102472735,490,1021,531,-755.5,-20.5,776
0.900550696469064,490,1022,532,-756,-21,777
0.902710290465393,493,1023,530,-758,-18.5,776.5
0.904869884461721,495,1020,525,-757.5,-15,772.5
0.90702947845805,496,1020,524,-758,-14,772
0.909189072454379,498,1021,523,-759.5,-12.5,772
0.911348666450707,500,1021,521,-760.5,-10.5,771
0.913508260447036,498,1023,525,-760.5,-13.5,774
0.915667854443365,495,1020,525,-757.5,-15,772.5
0.917827448439693,495,1021,526,-758,-15.5,773.5
0.919987042436022,497,1021,524,-759,-13.5,772.5
0.922146636432351,499,1022,523,-760.5,-12,772.5
0.924306230428679,498,1022,524,-760,-13,773
0.926465824425008,500,1021,521,-760.5,-10.5,771
0.928625418421337,496,1022,526,-759,-15,774
0.930785012417665,496,1019,523,-757.5,-13.5,771
0.932944606413994,497,1022,525,-759.5,-14,773.5
0.935104200410323,500,1022,522,-761,-11,772
0.937263794406652,500,1023,523,-761.5,-11.5,773
0.93942338840298,498,1023,525,-760.5,-13.5,774
0.941582982399309,502,1021,519,-761.5,-8.5,770
0.943742576395638,501,1022,521,-761.5,-10,771.5
0.945902170391966,497,1023,526,-760,-14.5,774.5
0.948061764388295,492,1022,530,-757,-19,776
0.950221358384624,488,1021,533,-754.5,-22.5,777
0.952380952380952,485,1021,536,-753,-25.5,778.5
0.954540546377281,491,1020,529,-755.5,-19,774.5
0.95670014037361,496,1022,526,-759,-15,774
0.958859734369938,496,1022,526,-759,-15,774
0.961019328366267,503,1020,517,-761.5,-7,768.5
0.963178922362596,509,1023,514,-766,-2.5,768.5
0.965338516358925,513,1023,510,-768,1.5,766.5
0.967498110355253,519,1022,503,-770.5,8,762.5
0.969657704351582,519,1021,502,-770,8.5,761.5
0.971817298347911,516,1022,506,-769,5,764
0.973976892344239,512,1022,510,-767,1,766
0.976136486340568,515,1021,506,-768,4.5,763.5
0.978296080336897,516,1021,505,-768.5,5.5,763
0.980455674333225,517,1020,503,-768.5,7,761.5
0.982615268329554,518,1022,504,-770,7,763
0.984774862325883,518,1022,504,-770,7,763
0.986934456322211,514,1023,509,-768.5,2.5,766
0.98909405031854,512,1022,510,-767,1,766
0.991253644314869,512,1022,510,-767,1,766
0.993413238311197,518,1023,505,-770.5,6.5,764
0.995572832307526,520,1022,502,-771,9,762
0.997732426303855,524,1022,498,-773,13,760
0.999892020300184,525,1021,496,-773,14.5,758.5
1.00205161429651,525,1020,495,-772.5,15,757.5
1.00421120829284,521,1022,501,-771.5,10,761.5
1.00637080228917,519,1021,502,-770,8.5,761.5
1.0085303962855,520,1022,502,-771,9,762
1.01068999028183,522,1022,500,-772,11,761
1.01284958427816,524,1020,496,-772,14,758
1.01500917827448,523,1021,498,-772,12.5,759.5
1.01716877227081,527,1022,495,-774.5,16,758.5
1.01932836626714,530,1020,490,-775,20,755
1.02148796026347,531,1021,490,-776,20.5,755.5
1.0236475542598,530,1022,492,-776,19,757
1.02580714825613,520,1022,502,-771,9,762
1.02796674225246,512,1021,509,-766.5,1.5,765
1.03012633624879,512,1021,509,-766.5,1.5,765
1.03228593024511,517,1022,505,-769.5,6,763.5
1.03444552424144,525,1023,498,-774,13.5,760.5
1.03660511823777,533,1022,489,-777.5,22,755.5
1.0387647122341,540,1022,482,-781,29,752
1.04092430623043,545,1021,476,-783,34.5,748.5
1.04308390022676,551,1021,470,-786,40.5,745.5
1.04524349422309,550,1022,472,-786,39,747
1.04740308821941,547,1022,475,-784.5,36,748.5
1.04956268221574,543,1021,478,-782,32.5,749.5
1.05172227621207,535,1022,487,-778.5,24,754.5
1.0538818702084,526,1021,495,-773.5,15.5,758
1.05604146420473,526,1022,496,-774,15,759
1.05820105820106,526,1021,495,-773.5,15.5,758
1.06036065219739,525,1022,497,-773.5,14,759.5
1.06252024619372,524,1022,498,-773,13,760
1.06467984019004,524,1020,496,-772,14,758
1.06683943418637,527,1022,495,-774.5,16,758.5
1.0689990281827,531,1021,490,-776,20.5,755.5
1.07115862217903,533,1021,488,-777,22.5,754.5
1.07331821617536,534,1021,487,-777.5,23.5,754
1.07547781017169,530,1023,493,-776.5,18.5,758
1.07763740416802,524,1022,498,-773,13,760
1.07979699816435,523,1023,500,-773,11.5,761.5
1.08195659216067,521,1023,502,-772,9.5,762.5
1.084116186157,520,1021,501,-770.5,9.5,761
1.08627578015333,518,1022,504,-770,7,763
1.08843537414966,515,1022,507,-768.5,4,764.5
1.09059496814599,515,1021,506,-768,4.5,763.5
1.09275456214232,512,1022,510,-767,1,766
1.09491415613865,513,1020,507,-766.5,3,763.5
1.09707375013497,511,1021,510,-766,0.5,765.5
1.0992333441313,508,1022,514,-765,-3,768
1.10139293812763,503,1022,519,-762.5,-8,770.5
1.10355253212396,500,1021,521,-760.5,-10.5,771
1.10571212612029,500,1020,520,-760,-10,770
1.10787172011662,497,1020,523,-758.5,-13,771.5
1.11003131411295,492,1021,529,-756.5,-18.5,775
1.11219090810928,486,1020,534,-753,-24,777
1.1143505021056,483,1021,538,-752,-27.5,779.5
1.11651009610193,481,1021,540,-751,-29.5,780.5
1.11866969009826,477,1021,544,-749,-33.5,782.5
1.12082928409459,481,1022,541,-751.5,-30,781.5
1.12298887809092,485,1022,537,-753.5,-26,779.5
1.12514847208725,491,1021,530,-756,-19.5,775.5
1.12730806608358,495,1022,527,-758.5,-16,774.5
1.1294676600799,496,1020,524,-758,-14,772
1.13162725407623,493,1021,528,-757,-17.5,774.5
1.13378684807256,487,1023,536,-755,-24.5,779.5
1.13594644206889,483,1023,540,-753,-28.5,781.5
1.13810603606522,485,1019,534,-752,-24.5,776.5
1.14026563006155,486,1021,535,-753.5,-24.5,778
1.14242522405788,485,1021,536,-753,-25.5,778.5
1.14458481805421,489,1020,531,-754.5,-21,775.5
1.14674441205053,490,1022,532,-756,-21,777
1.14890400604686,493,1023,530,-758,-18.5,776.5
1.15106360004319,490,1022,532,-756,-21,777
1.15322319403952,483,1020,537,-751.5,-27,778.5
1.15538278803585,479,1021,542,-750,-31.5,781.5
1.15754238203218,480,1022,542,-751,-31,782
1.15970197602851,482,1023,541,-752.5,-29.5,782
1.16186157002484,486,1020,534,-753,-24,777
1.16402116402116,488,1021,533,-754.5,-22.5,777
1.16618075801749,491,1021,530,-756,-19.5,775.5
1.16834035201382,494,1019,525,-756.5,-15.5,772
1.17049994601015,492,1021,529,-756.5,-18.5,775
1.17265954000648,489,1023,534,-756,-22.5,778.5
1.17481913400281,489,1023,534,-756,-22.5,778.5
1.17697872799914,484,1019,535,-751.5,-25.5,777
1.17913832199546,482,1020,538,-751,-28,779
1.18129791599179,482,1023,541,-752.5,-29.5,782
1.18345750998812,488,1023,535,-755.5,-23.5,779
1.18561710398445,497,1021,524,-759,-13.5,772.5
1.18777669798078,500,1021,521,-760.5,-10.5,771
1.18993629197711,503,1020,517,-761.5,-7,768.5
1.19209588597344,500,1021,521,-760.5,-10.5,771
1.19425547996977,497,1023,526,-760,-14.5,774.5
1.19641507396609,492,1021,529,-756.5,-18.5,775
1.19857466796242,490,1022,532,-756,-21,777
1.20073426195875,489,1021,532,-755,-21.5,776.5
1.20289385595508,487,1021,534,-754,-23.5,777.5
1.20505344995141,485,1022,537,-753.5,-26,779.5
1.20721304394774,483,1021,538,-752,-27.5,779.5
1.20937263794407,486,1021,535,-753.5,-24.5,778
1.2115322319404,489,1022,533,-755.5,-22,777.5
1.21369182593672,491,1023,532,-757,-20.5,777.5
1.21585141993305,492,1022,530,-757,-19,776
1.21801101392938,493,1022,529,-757.5,-18,775.5
1.22017060792571,494,1023,529,-758.5,-17.5,776
1.22233020192204,496,1023,527,-759.5,-15.5,775
1.22448979591837,493,1022,529,-757.5,-18,775.5
1.2266493899147,493,1021,528,-757,-17.5,774.5
1.22880898391102,496,1022,526,-759,-15,774
1.23096857790735,496,1022,526,-759,-15,774
1.23312817190368,498,1021,523,-759.5,-12.5,772
1.23528776590001,496,1021,525,-758.5,-14.5,773
1.23744735989634,492,1022,530,-757,-19,776
1.23960695389267,491,1021,530,-756,-19.5,775.5
1.241766547889,492,1021,529,-756.5,-18.5,775
1.24392614188533,492,1021,529,-756.5,-18.5,775
1.24608573588165,491,1021,530,-756,-19.5,775.5
1.24824532987798,491,1020,529,-755.5,-19,774.5
1.25040492387431,487,1021,534,-754,-23.5,777.5
1.25256451787064,485,1022,537,-753.5,-26,779.5
1.25472411186697,483,1022,539,-752.5,-28,780.5
1.2568837058633,486,1021,535,-753.5,-24.5,778
1.25904329985963,489,1023,534,-756,-22.5,778.5
1.26120289385595,499,1021,522,-760,-11.5,771.5
1.26336248785228,503,1021,518,-762,-7.5,769.5
1.26552208184861,502,1022,520,-762,-9,771
1.26768167584494,505,1021,516,-763,-5.5,768.5
1.26984126984127,508,1021,513,-764.5,-2.5,767
1.2720008638376,509,1021,512,-765,-1.5,766.5
1.27416045783393,510,1021,511,-765.5,-0.5,766
1.27632005183026,508,1021,513,-764.5,-2.5,767
1.27847964582658,504,1022,518,-763,-7,770
1.28063923982291,501,1020,519,-760.5,-9,769.5
1.28279883381924,499,1021,522,-760,-11.5,771.5
1.28495842781557,502,1022,520,-762,-9,771
1.2871180218119,502,1021,519,-761.5,-8.5,770
1.28927761580823,505,1021,516,-763,-5.5,768.5
1.29143720980456,505,1021,516,-763,-5.5,768.5
1.29359680380089,508,1022,514,-765,-3,768
1.29575639779721,509,1021,512,-765,-1.5,766.5
1.29791599179354,508,1021,513,-764.5,-2.5,767
1.30007558578987,509,1020,511,-764.5,-1,765.5
1.3022351797862,507,1022,515,-764.5,-4,768.5
1.30439477378253,508,1021,513,-764.5,-2.5,767
1.30655436777886,506,1022,516,-764,-5,769
1.30871396177519,504,1021,517,-762.5,-6.5,769
1.31087355577151,506,1021,515,-763.5,-4.5,768
1.31303314976784,505,1022,517,-763.5,-6,769.5
1.31519274376417,507,1020,513,-763.5,-3,766.5
1.3173523377605,504,1019,515,-761.5,-5.5,767
1.31951193175683,507,1022,515,-764.5,-4,768.5
1.32167152575316,511,1022,511,-766.5,0,766.5
1.32383111974949,510,1020,510,-765,0,765
1.32599071374582,512,1022,510,-767,1,766
1.32815030774214,514,1021,507,-767.5,3.5,764
1.33030990173847,513,1022,509,-767.5,2,765.5
1.3324694957348,516,1020,504,-768,6,762
1.33462908973113,512,1022,510,-767,1,766
1.33678868372746,507,1022,515,-764.5,-4,768.5
1.33894827772379,506,1023,517,-764.5,-5.5,770
1.34110787172012,499,1021,522,-760,-11.5,771.5
1.34326746571645,494,1021,527,-757.5,-16.5,774
1.34542705971277,491,1021,530,-756,-19.5,775.5
1.3475866537091,493,1022,529,-757.5,-18,775.5
1.34974624770543,501,1022,521,-761.5,-10,771.5
1.35190584170176,509,1021,512,-765,-1.5,766.5
1.35406543569809,512,1021,509,-766.5,1.5,765
1.35622502969442,511,1021,510,-766,0.5,765.5
1.35838462369075,507,1021,514,-764,-3.5,767.5
1.36054421768707,503,1022,519,-762.5,-8,770.5
1.3627038116834,499,1023,524,-761,-12.5,773.5
1.36486340567973,498,1023,525,-760.5,-13.5,774
1.36702299967606,494,1022,528,-758,-17,775
1.36918259367239,490,1021,531,-755.5,-20.5,776
1.37134218766872,488,1020,532,-754,-22,776
1.37350178166505,486,1022,536,-754,-25,779
1.37566137566138,487,1022,535,-754.5,-24,778.5
1.3778209696577,489,1021,532,-755,-21.5,776.5
1.37998056365403,491,1022,531,-756.5,-20,776.5
1.38214015765036,492,1022,530,-757,-19,776
1.38429975164669,491,1021,530,-756,-19.5,775.5
1.38645934564302,489,1022,533,-755.5,-22,777.5
1.38861893963935,489,1021,532,-755,-21.5,776.5
1.39077853363568,491,1022,531,-756.5,-20,776.5
1.39293812763201,489,1021,532,-755,-21.5,776.5
1.39509772162833,487,1022,535,-754.5,-24,778.5
1.39725731562466,484,1021,537,-752.5,-26.5,779
1.39941690962099,486,1023,537,-754.5,-25.5,780
1.40157650361732,494,1022,528,-758,-17,775
1.40373609761365,495,1020,525,-757.5,-15,772.5
1.40589569160998,497,1021,524,-759,-13.5,772.5
1.40805528560631,495,1021,526,-758,-15.5,773.5
1.41021487960263,490,1023,533,-756.5,-21.5,778
1.41237447359896,486,1022,536,-754,-25,779
1.41453406759529,479,1021,542,-750,-31.5,781.5
1.41669366159162,476,1021,545,-748.5,-34.5,783
1.41885325558795,476,1022,546,-749,-35,784
1.42101284958428,476,1023,547,-749.5,-35.5,785
1.42317244358061,483,1019,536,-751,-26.5,777.5
1.42533203757694,483,1023,540,-753,-28.5,781.5
1.42749163157326,485,1021,536,-753,-25.5,778.5
1.42965122556959,484,1023,539,-753.5,-27.5,781
1.43181081956592,490,1023,533,-756.5,-21.5,778
1.43397041356225,500,1021,521,-760.5,-10.5,771
1.43613000755858,515,1021,506,-768,4.5,763.5
1.43828960155491,531,1023,492,-777,19.5,757.5
1.44044919555124,550,1021,471,-785.5,39.5,746
1.44260878954756,570,1021,451,-795.5,59.5,736
1.44476838354389,590,1022,432,-806,79,727
1.44692797754022,612,1022,410,-817,101,716
1.44908757153655,630,1021,391,-825.5,119.5,706
1.45124716553288,640,1022,382,-831,129,702
1.45340675952921,645,1021,376,-833,134.5,698.5
1.45556635352554,643,1021,378,-832,132.5,699.5
1.45772594752187,634,1022,388,-828,123,705
1.45988554151819,620,1022,402,-821,109,712
1.46204513551452,597,1021,424,-809,86.5,722.5
1.46420472951085,572,1020,448,-796,62,734
1.46636432350718,545,1021,476,-783,34.5,748.5
1.46852391750351,526,1023,497,-774.5,14.5,760
1.47068351149984,508,1021,513,-764.5,-2.5,767
1.47284310549617,496,1021,525,-758.5,-14.5,773
1.4750026994925,489,1022,533,-755.5,-22,777.5
1.47716229348882,486,1021,535,-753.5,-24.5,778
1.47932188748515,485,1021,536,-753,-25.5,778.5
1.48148148148148,482,1022,540,-752,-29,781
1.48364107547781,481,1021,540,-751,-29.5,780.5
1.48580066947414,482,1020,538,-751,-28,779
1.48796026347047,483,1023,540,-753,-28.5,781.5
1.4901198574668,486,1020,534,-753,-24,777
1.49227945146312,487,1022,535,-754.5,-24,778.5
1.49443904545945,489,1023,534,-756,-22.5,778.5
1.49659863945578,486,1021,535,-753.5,-24.5,778
1.49875823345211,483,1022,539,-752.5,-28,780.5
1.50091782744844,488,1020,532,-754,-22,776
1.50307742144477,491,1022,531,-756.5,-20,776.5
1.5052370154411,494,1020,526,-757,-16,773
1.50739660943743,491,1021,530,-756,-19.5,775.5
1.50955620343375,482,1021,539,-751.5,-28.5,780
1.51171579743008,474,1022,548,-748,-37,785
1.51387539142641,473,1021,548,-747,-37.5,784.5
1.51603498542274,478,1021,543,-749.5,-32.5,782
1.51819457941907,487,1020,533,-753.5,-23,776.5
1.5203541734154,492,1023,531,-757.5,-19.5,777
1.52251376741173,495,1021,526,-758,-15.5,773.5
1.52467336140806,496,1021,525,-758.5,-14.5,773
1.52683295540438,495,1021,526,-758,-15.5,773.5
1.52899254940071,492,1021,529,-756.5,-18.5,775
1.53115214339704,490,1020,530,-755,-20,775
1.53331173739337,485,1021,536,-753,-25.5,778.5
1.5354713313897,488,1021,533,-754.5,-22.5,777
1.53763092538603,493,1021,528,-757,-17.5,774.5
1.53979051938236,494,1022,528,-758,-17,775
1.54195011337868,492,1021,529,-756.5,-18.5,775
1.54410970737501,496,1021,525,-758.5,-14.5,773
1.54626930137134,495,1022,527,-758.5,-16,774.5
1.54842889536767,490,1021,531,-755.5,-20.5,776
1.550588489364,488,1021,533,-754.5,-22.5,777
1.55274808336033,486,1022,536,-754,-25,779
1.55490767735666,485,1023,538,-754,-26.5,780.5
1.55706727135299,488,1023,535,-755.5,-23.5,779
1.55922686534931,490,1021,531,-755.5,-20.5,776
1.56138645934564,490,1021,531,-755.5,-20.5,776
1.56354605334197,493,1021,528,-757,-17.5,774.5
1.5657056473383,497,1021,524,-759,-13.5,772.5
1.56786524133463,498,1022,524,-760,-13,773
1.57002483533096,500,1020,520,-760,-10,770
1.57218442932729,504,1023,519,-763.5,-7.5,771
1.57434402332362,502,1021,519,-761.5,-8.5,770
1.57650361731994,501,1022,521,-761.5,-10,771.5
1.57866321131627,500,1022,522,-761,-11,772
1.5808228053126,498,1022,524,-760,-13,773
1.58298239930893,499,1022,523,-760.5,-12,772.5
1.58514199330526,494,1023,529,-758.5,-17.5,776
1.58730158730159,495,1022,527,-758.5,-16,774.5
1.58946118129792,500,1023,523,-761.5,-11.5,773
1.59162077529424,504,1023,519,-763.5,-7.5,771
1.59378036929057,505,1022,517,-763.5,-6,769.5
1.5959399632869,507,1021,514,-764,-3.5,767.5
1.59809955728323,508,1023,515,-765.5,-3.5,769
1.60025915127956,507,1020,513,-763.5,-3,766.5
1.60241874527589,507,1020,513,-763.5,-3,766.5
1.60457833927222,506,1021,515,-763.5,-4.5,768
1.60673793326855,504,1021,517,-762.5,-6.5,769
1.60889752726487,503,1021,518,-762,-7.5,769.5
1.6110571212612,508,1020,512,-764,-2,766
1.61321671525753,512,1021,509,-766.5,1.5,765
1.61537630925386,513,1021,508,-767,2.5,764.5
1.61753590325019,517,1021,504,-769,6.5,762.5
1.61969549724652,522,1021,499,-771.5,11.5,760
1.62185509124285,521,1022,501,-771.5,10,761.5
1.62401468523918,519,1022,503,-770.5,8,762.5
1.6261742792355,521,1020,499,-770.5,11,759.5
1.62833387323183,517,1022,505,-769.5,6,763.5
1.63049346722816,517,1021,504,-769,6.5,762.5
1.63265306122449,517,1021,504,-769,6.5,762.5
1.63481265522082,519,1021,502,-770,8.5,761.5
1.63697224921715,524,1020,496,-772,14,758
1.63913184321348,531,1022,491,-776.5,20,756.5
1.6412914372098,532,1023,491,-777.5,20.5,757
1.64345103120613,532,1021,489,-776.5,21.5,755
1.64561062520246,531,1022,491,-776.5,20,756.5
1.64777021919879,528,1022,494,-775,17,758
1.64992981319512,525,1022,497,-773.5,14,759.5
1.65208940719145,527,1021,494,-774,16.5,757.5
1.65424900118778,534,1022,488,-778,23,755
1.65640859518411,534,1023,489,-778.5,22.5,756
1.65856818918043,530,1021,491,-775.5,19.5,756
1.66072778317676,526,1021,495,-773.5,15.5,758
1.66288737717309,522,1023,501,-772.5,10.5,762
1.66504697116942,524,1021,497,-772.5,13.5,759
1.66720656516575,528,1020,492,-774,18,756
1.66936615916208,529,1021,492,-775,18.5,756.5
1.67152575315841,532,1021,489,-776.5,21.5,755
1.67368534715473,533,1023,490,-778,21.5,756.5
1.67584494115106,532,1022,490,-777,21,756
1.67800453514739,533,1021,488,-777,22.5,754.5
1.68016412914372,529,1021,492,-775,18.5,756.5
1.68232372314005,525,1020,495,-772.5,15,757.5
1.68448331713638,525,1023,498,-774,13.5,760.5
1.68664291113271,524,1021,497,-772.5,13.5,759
1.68880250512904,522,1021,499,-771.5,11.5,760
1.69096209912536,521,1023,502,-772,9.5,762.5
1.69312169312169,524,1023,499,-773.5,12.5,761
1.69528128711802,533,1019,486,-776,23.5,752.5
1.69744088111435,536,1023,487,-779.5,24.5,755
1.69960047511068,540,1021,481,-780.5,29.5,751
1.70176006910701,541,1021,480,-781,30.5,750.5
1.70391966310334,533,1020,487,-776.5,23,753.5
1.70607925709967,527,1020,493,-773.5,17,756.5
1.70823885109599,519,1021,502,-770,8.5,761.5
1.71039844509232,520,1023,503,-771.5,8.5,763
1.71255803908865,520,1021,501,-770.5,9.5,761
1.71471763308498,518,1021,503,-769.5,7.5,762
1.71687722708131,514,1022,508,-768,3,765
1.71903682107764,511,1022,511,-766.5,0,766.5
1.72119641507397,506,1021,515,-763.5,-4.5,768
1.72335600907029,505,1021,516,-763,-5.5,768.5
1.72551560306662,507,1022,515,-764.5,-4,768.5
1.72767519706295,509,1021,512,-765,-1.5,766.5
1.72983479105928,505,1021,516,-763,-5.5,768.5
1.73199438505561,498,1021,523,-759.5,-12.5,772
1.73415397905194,493,1021,528,-757,-17.5,774.5
1.73631357304827,493,1023,530,-758,-18.5,776.5
1.7384731670446,490,1022,532,-756,-21,777
1.74063276104092,491,1021,530,-756,-19.5,775.5
1.74279235503725,490,1021,531,-755.5,-20.5,776
1.74495194903358,489,1021,532,-755,-21.5,776.5
1.74711154302991,489,1022,533,-755.5,-22,777.5
1.74927113702624,487,1021,534,-754,-23.5,777.5
1.75143073102257,483,1023,540,-753,-28.5,781.5
1.7535903250189,481,1020,539,-750.5,-29,779.5
1.75574991901523,478,1022,544,-750,-33,783
1.75790951301155,482,1021,539,-751.5,-28.5,780
1.76006910700788,491,1022,531,-756.5,-20,776.5
1.76222870100421,495,1021,526,-758,-15.5,773.5
1.76438829500054,494,1021,527,-757.5,-16.5,774
1.76654788899687,491,1022,531,-756.5,-20,776.5
1.7687074829932,487,1021,534,-754,-23.5,777.5
1.77086707698953,484,1020,536,-752,-26,778
1.77302667098585,484,1022,538,-753,-27,780
1.77518626498218,481,1022,541,-751.5,-30,781.5
1.77734585897851,477,1022,545,-749.5,-34,783.5
1.77950545297484,476,1022,546,-749,-35,784
1.78166504697117,480,1022,542,-751,-31,782
1.7838246409675,487,1022,535,-754.5,-24,778.5
1.78598423496383,490,1022,532,-756,-21,777
1.78814382896016,494,1022,528,-758,-17,775
1.79030342295648,495,1022,527,-758.5,-16,774.5
1.79246301695281,495,1021,526,-758,-15.5,773.5
1.79462261094914,496,1022,526,-759,-15,774
1.79678220494547,494,1023,529,-758.5,-17.5,776
1.7989417989418,491,1021,530,-756,-19.5,775.5
1.80110139293813,492,1021,529,-756.5,-18.5,775
1.80326098693446,496,1021,525,-758.5,-14.5,773
1.80542058093079,496,1020,524,-758,-14,772
1.80758017492711,494,1022,528,-758,-17,775
1.80973976892344,492,1020,528,-756,-18,774
1.81189936291977,490,1021,531,-755.5,-20.5,776
1.8140589569161,492,1020,528,-756,-18,774
1.81621855091243,494,1023,529,-758.5,-17.5,776
1.81837814490876,496,1019,523,-757.5,-13.5,771
1.82053773890509,497,1021,524,-759,-13.5,772.5
1.82269733290141,495,1020,525,-757.5,-15,772.5
1.82485692689774,490,1021,531,-755.5,-20.5,776
1.82701652089407,484,1022,538,-753,-27,780
1.8291761148904,480,1023,543,-751.5,-31.5,783
1.83133570888673,480,1021,541,-750.5,-30.5,781
1.83349530288306,479,1021,542,-750,-31.5,781.5
1.83565489687939,481,1020,539,-750.5,-29,779.5
1.83781449087572,483,1022,539,-752.5,-28,780.5
1.83997408487204,485,1021,536,-753,-25.5,778.5
1.84213367886837,487,1022,535,-754.5,-24,778.5
1.8442932728647,494,1022,528,-758,-17,775
1.84645286686103,496,1022,526,-759,-15,774
1.84861246085736,503,1023,520,-763,-8.5,771.5
1.85077205485369,503,1022,519,-762.5,-8,770.5
1.85293164885002,502,1022,520,-762,-9,771
1.85509124284634,500,1022,522,-761,-11,772
1.85725083684267,498,1023,525,-760.5,-13.5,774
1.859410430839,495,1021,526,-758,-15.5,773.5
1.86157002483533,492,1023,531,-757.5,-19.5,777
1.86372961883166,493,1019,526,-756,-16.5,772.5
1.86588921282799,490,1021,531,-755.5,-20.5,776
1.86804880682432,489,1022,533,-755.5,-22,777.5
1.87020840082065,491,1021,530,-756,-19.5,775.5
1.87236799481697,492,1020,528,-756,-18,774
1.8745275888133,491,1021,530,-756,-19.5,775.5
1.87668718280963,493,1020,527,-756.5,-17,773.5
1.87884677680596,493,1023,530,-758,-18.5,776.5
1.88100637080229,499,1023,524,-761,-12.5,773.5
1.88316596479862,503,1022,519,-762.5,-8,770.5
1.88532555879495,503,1021,518,-762,-7.5,769.5
1.88748515279128,502,1020,518,-761,-8,769
1.8896447467876,508,1021,513,-764.5,-2.5,767
1.89180434078393,511,1021,510,-766,0.5,765.5
1.89396393478026,515,1021,506,-768,4.5,763.5
1.89612352877659,513,1021,508,-767,2.5,764.5
1.89828312277292,510,1018,508,-764,1,763
1.90044271676925,506,1020,514,-763,-4,767
1.90260231076558,504,1023,519,-763.5,-7.5,771
1.9047619047619,504,1022,518,-763,-7,770
1.90692149875823,504,1021,517,-762.5,-6.5,769
1.90908109275456,500,1022,522,-761,-11,772
1.91124068675089,497,1019,522,-758,-12.5,770.5
1.91340028074722,493,1023,530,-758,-18.5,776.5
1.91555987474355,494,1022,528,-758,-17,775
1.91771946873988,499,1022,523,-760.5,-12,772.5
1.91987906273621,506,1022,516,-764,-5,769
1.92203865673253,511,1022,511,-766.5,0,766.5
1.92419825072886,517,1021,504,-769,6.5,762.5
1.92635784472519,516,1021,505,-768.5,5.5,763
1.92851743872152,516,1023,507,-769.5,4.5,765
1.93067703271785,517,1021,504,-769,6.5,762.5
1.93283662671418,517,1021,504,-769,6.5,762.5
1.93499622071051,516,1021,505,-768.5,5.5,763
1.93715581470684,516,1021,505,-768.5,5.5,763
1.93931540870316,515,1022,507,-768.5,4,764.5
1.94147500269949,513,1022,509,-767.5,2,765.5
1.94363459669582,508,1023,515,-765.5,-3.5,769
1.94579419069215,505,1021,516,-763,-5.5,768.5
1.94795378468848,501,1021,520,-761,-9.5,770.5
1.95011337868481,497,1022,525,-759.5,-14,773.5
1.95227297268114,501,1022,521,-761.5,-10,771.5
1.95443256667746,507,1020,513,-763.5,-3,766.5
1.95659216067379,501,1021,520,-761,-9.5,770.5
1.95875175467012,499,1020,521,-759.5,-11,770.5
1.96091134866645,500,1022,522,-761,-11,772
1.96307094266278,508,1021,513,-764.5,-2.5,767
1.96523053665911,512,1022,510,-767,1,766
1.96739013065544,510,1020,510,-765,0,765
1.96954972465177,505,1020,515,-762.5,-5,767.5
1.97170931864809,503,1023,520,-763,-8.5,771.5
1.97386891264442,499,1023,524,-761,-12.5,773.5
1.97602850664075,495,1021,526,-758,-15.5,773.5
1.97818810063708,494,1021,527,-757.5,-16.5,774
1.98034769463341,494,1022,528,-758,-17,775
1.98250728862974,492,1022,530,-757,-19,776
1.98466688262607,491,1021,530,-756,-19.5,775.5
1.98682647662239,488,1021,533,-754.5,-22.5,777
1.98898607061872,488,1022,534,-755,-23,778
1.99114566461505,489,1020,531,-754.5,-21,775.5
1.99330525861138,490,1022,532,-756,-21,777
1.99546485260771,490,1021,531,-755.5,-20.5,776
1.99762444660404,494,1023,529,-758.5,-17.5,776
1.99978404060037,487,1022,535,-754.5,-24,778.5
2.0019436345967,479,1021,542,-750,-31.5,781.5
2.00410322859302,472,1022,550,-747,-39,786
2.00626282258935,473,1021,548,-747,-37.5,784.5
2.00842241658568,476,1021,545,-748.5,-34.5,783
2.01058201058201,481,1022,541,-751.5,-30,781.5
2.01274160457834,487,1021,534,-754,-23.5,777.5
2.01490119857467,487,1022,535,-754.5,-24,778.5
2.017060792571,484,1023,539,-753.5,-27.5,781
2.01922038656733,479,1021,542,-750,-31.5,781.5
2.02137998056365,479,1022,543,-750.5,-32,782.5
2.02353957455998,484,1021,537,-752.5,-26.5,779
2.02569916855631,487,1021,534,-754,-23.5,777.5
2.02785876255264,491,1022,531,-756.5,-20,776.5
2.03001835654897,493,1020,527,-756.5,-17,773.5
2.0321779505453,495,1020,525,-757.5,-15,772.5
2.03433754454163,494,1019,525,-756.5,-15.5,772
2.03649713853795,492,1022,530,-757,-19,776
2.03865673253428,489,1023,534,-756,-22.5,778.5
2.04081632653061,484,1020,536,-752,-26,778
2.04297592052694,484,1022,538,-753,-27,780
2.04513551452327,482,1022,540,-752,-29,781
2.0472951085196,489,1023,534,-756,-22.5,778.5
2.04945470251593,501,1022,521,-761.5,-10,771.5
2.05161429651226,515,1022,507,-768.5,4,764.5
2.05377389050858,534,1021,487,-777.5,23.5,754
2.05593348450491,554,1022,468,-788,43,745
2.05809307850124,577,1020,443,-798.5,67,731.5
2.06025267249757,596,1021,425,-808.5,85.5,723
2.0624122664939,615,1022,407,-818.5,104,714.5
2.06457186049023,633,1021,388,-827,122.5,704.5
2.06673145448656,647,1021,374,-834,136.5,697.5
2.06889104848289,654,1020,366,-837,144,693
2.07105064247921,645,1022,377,-833.5,134,699.5
2.07321023647554,630,1022,392,-826,119,707
2.07536983047187,610,1022,412,-816,99,717
2.0775294244682,586,1022,436,-804,75,729
2.07968901846453,565,1021,456,-793,54.5,738.5
2.08184861246086,542,1022,480,-782,31,751
2.08400820645719,523,1023,500,-773,11.5,761.5
2.08616780045351,503,1021,518,-762,-7.5,769.5
2.08832739444984,493,1021,528,-757,-17.5,774.5
2.09048698844617,486,1021,535,-753.5,-24.5,778
2.0926465824425,487,1020,533,-753.5,-23,776.5
2.09480617643883,484,1021,537,-752.5,-26.5,779
2.09696577043516,484,1023,539,-753.5,-27.5,781
2.09912536443149,488,1023,535,-755.5,-23.5,779
2.10128495842782,494,1021,527,-757.5,-16.5,774
2.10344455242414,497,1022,525,-759.5,-14,773.5
2.10560414642047,500,1022,522,-761,-11,772
2.1077637404168,499,1022,523,-760.5,-12,772.5
2.10992333441313,494,1023,529,-758.5,-17.5,776
2.11208292840946,491,1023,532,-757,-20.5,777.5
2.11424252240579,486,1021,535,-753.5,-24.5,778
2.11640211640212,487,1021,534,-754,-23.5,777.5
2.11856171039845,490,1023,533,-756.5,-21.5,778
2.12072130439477,491,1022,531,-756.5,-20,776.5
2.1228808983911,493,1021,528,-757,-17.5,774.5
2.12504049238743,493,1023,530,-758,-18.5,776.5
2.12720008638376,492,1023,531,-757.5,-19.5,777
2.12935968038009,491,1021,530,-756,-19.5,775.5
2.13151927437642,491,1022,531,-756.5,-20,776.5
2.13367886837275,490,1023,533,-756.5,-21.5,778
2.13583846236907,486,1020,534,-753,-24,777
2.1379980563654,484,1022,538,-753,-27,780
2.14015765036173,487,1022,535,-754.5,-24,778.5
2.14231724435806,489,1021,532,-755,-21.5,776.5
2.14447683835439,488,1022,534,-755,-23,778
2.14663643235072,485,1021,536,-753,-25.5,778.5
2.14879602634705,488,1021,533,-754.5,-22.5,777
2.15095562034338,489,1022,533,-755.5,-22,777.5
2.1531152143397,490,1022,532,-756,-21,777
2.15527480833603,491,1021,530,-756,-19.5,775.5
2.15743440233236,489,1021,532,-755,-21.5,776.5
2.15959399632869,489,1023,534,-756,-22.5,778.5
2.16175359032502,489,1022,533,-755.5,-22,777.5
2.16391318432135,486,1020,534,-753,-24,777
2.16607277831768,488,1022,534,-755,-23,778
2.16823237231401,489,1022,533,-755.5,-22,777.5
2.17039196631033,495,1022,527,-758.5,-16,774.5
2.17255156030666,495,1019,524,-757,-14.5,771.5
2.17471115430299,492,1021,529,-756.5,-18.5,775
2.17687074829932,498,1023,525,-760.5,-13.5,774
2.17903034229565,501,1021,520,-761,-9.5,770.5
2.18118993629198,501,1021,520,-761,-9.5,770.5
2.18334953028831,498,1023,525,-760.5,-13.5,774
2.18550912428463,498,1022,524,-760,-13,773
2.18766871828096,500,1022,522,-761,-11,772
2.18982831227729,499,1022,523,-760.5,-12,772.5
2.19198790627362,494,1021,527,-757.5,-16.5,774
2.19414750026995,492,1022,530,-757,-19,776
2.19630709426628,496,1021,525,-758.5,-14.5,773
2.19846668826261,501,1022,521,-761.5,-10,771.5
2.20062628225894,507,1021,514,-764,-3.5,767.5
2.20278587625526,511,1023,512,-767,-0.5,767.5
2.20494547025159,516,1021,505,-768.5,5.5,763
2.20710506424792,511,1021,510,-766,0.5,765.5
2.20926465824425,511,1019,508,-765,1.5,763.5
2.21142425224058,508,1022,514,-765,-3,768
2.21358384623691,507,1022,515,-764.5,-4,768.5
2.21574344023324,508,1020,512,-764,-2,766
2.21790303422956,510,1021,511,-765.5,-0.5,766
2.22006262822589,512,1021,509,-766.5,1.5,765
2.22222222222222,515,1022,507,-768.5,4,764.5
2.22438181621855,518,1020,502,-769,8,761
2.22654141021488,512,1021,509,-766.5,1.5,765
2.22870100421121,508,1020,512,-764,-2,766
2.23086059820754,504,1021,517,-762.5,-6.5,769
2.23302019220387,506,1020,514,-763,-4,767
2.23517978620019,510,1023,513,-766.5,-1.5,768
2.23733938019652,511,1022,511,-766.5,0,766.5
2.23949897419285,517,1023,506,-770,5.5,764.5
2.24165856818918,517,1021,504,-769,6.5,762.5
2.24381816218551,520,1022,502,-771,9,762
2.24597775618184,523,1023,500,-773,11.5,761.5
2.24813735017817,524,1021,497,-772.5,13.5,759
2.2502969441745,523,1022,499,-772.5,12,760.5
2.25245653817082,523,1021,498,-772,12.5,759.5
2.25461613216715,523,1021,498,-772,12.5,759.5
2.25677572616348,520,1020,500,-770,10,760
2.25893532015981,521,1022,501,-771.5,10,761.5
2.26109491415614,521,1021,500,-771,10.5,760.5
2.26325450815247,524,1021,497,-772.5,13.5,759
2.2654141021488,529,1021,492,-775,18.5,756.5
2.26757369614512,532,1021,489,-776.5,21.5,755
2.26973329014145,535,1021,486,-778,24.5,753.5
2.27189288413778,535,1021,486,-778,24.5,753.5
2.27405247813411,532,1021,489,-776.5,21.5,755
2.27621207213044,533,1021,488,-777,22.5,754.5
2.27837166612677,529,1022,493,-775.5,18,757.5
2.2805312601231,528,1021,493,-774.5,17.5,757
2.28269085411943,526,1021,495,-773.5,15.5,758
2.28485044811575,524,1022,498,-773,13,760
2.28701004211208,525,1021,496,-773,14.5,758.5
2.28916963610841,530,1022,492,-776,19,757
2.29132923010474,536,1021,485,-778.5,25.5,753
2.29348882410107,534,1022,488,-778,23,755
2.2956484180974,532,1021,489,-776.5,21.5,755
2.29780801209373,530,1022,492,-776,19,757
2.29996760609006,526,1022,496,-774,15,759
2.30212720008638,527,1022,495,-774.5,16,758.5
2.30428679408271,529,1021,492,-775,18.5,756.5
2.30644638807904,531,1021,490,-776,20.5,755.5
2.30860598207537,532,1021,489,-776.5,21.5,755
2.3107655760717,533,1020,487,-776.5,23,753.5
2.31292517006803,531,1022,491,-776.5,20,756.5
2.31508476406436,531,1022,491,-776.5,20,756.5
2.31724435806068,534,1021,487,-777.5,23.5,754
2.31940395205701,534,1020,486,-777,24,753
2.32156354605334,530,1021,491,-775.5,19.5,756
2.32372314004967,524,1023,499,-773.5,12.5,761
2.325882734046,522,1021,499,-771.5,11.5,760
2.32804232804233,516,1021,505,-768.5,5.5,763
2.33020192203866,512,1021,509,-766.5,1.5,765
2.33236151603499,511,1021,510,-766,0.5,765.5
2.33452111003131,511,1021,510,-766,0.5,765.5
2.33668070402764,508,1021,513,-764.5,-2.5,767
2.33884029802397,503,1021,518,-762,-7.5,769.5
2.3409998920203,501,1022,521,-761.5,-10,771.5
2.34315948601663,494,1021,527,-757.5,-16.5,774
2.34531908001296,490,1022,532,-756,-21,777
2.34747867400929,490,1022,532,-756,-21,777
2.34963826800561,488,1020,532,-754,-22,776
2.35179786200194,488,1021,533,-754.5,-22.5,777
2.35395745599827,490,1021,531,-755.5,-20.5,776
2.3561170499946,490,1022,532,-756,-21,777
2.35827664399093,490,1022,532,-756,-21,777
2.36043623798726,491,1021,530,-756,-19.5,775.5
2.36259583198359,492,1023,531,-757.5,-19.5,777
2.36475542597992,494,1021,527,-757.5,-16.5,774
2.36691501997624,489,1022,533,-755.5,-22,777.5
2.36907461397257,484,1022,538,-753,-27,780
2.3712342079689,480,1023,543,-751.5,-31.5,783
2.37339380196523,477,1022,545,-749.5,-34,783.5
2.37555339596156,478,1022,544,-750,-33,783
2.37771298995789,483,1021,538,-752,-27.5,779.5
2.37987258395422,485,1021,536,-753,-25.5,778.5
2.38203217795055,486,1022,536,-754,-25,779
2.38419177194687,479,1021,542,-750,-31.5,781.5
2.3863513659432,478,1023,545,-750.5,-33.5,784
2.38851095993953,482,1022,540,-752,-29,781
2.39067055393586,493,1022,529,-757.5,-18,775.5
2.39283014793219,501,1021,520,-761,-9.5,770.5
2.39498974192852,504,1021,517,-762.5,-6.5,769
2.39714933592485,502,1021,519,-761.5,-8.5,770
2.39930892992117,497,1021,524,-759,-13.5,772.5
2.4014685239175,488,1021,533,-754.5,-22.5,777
2.40362811791383,480,1022,542,-751,-31,782
2.40578771191016,478,1020,542,-749,-32,781
2.40794730590649,480,1022,542,-751,-31,782
2.41010689990282,485,1021,536,-753,-25.5,778.5
2.41226649389915,488,1021,533,-754.5,-22.5,777
2.41442608789548,490,1023,533,-756.5,-21.5,778
2.4165856818918,493,1021,528,-757,-17.5,774.5
2.41874527588813,493,1022,529,-757.5,-18,775.5
2.42090486988446,489,1020,531,-754.5,-21,775.5
2.42306446388079,482,1021,539,-751.5,-28.5,780
2.42522405787712,481,1023,542,-752,-30.5,782.5
2.42738365187345,489,1021,532,-755,-21.5,776.5
2.42954324586978,499,1021,522,-760,-11.5,771.5
2.43170283986611,502,1021,519,-761.5,-8.5,770
2.43386243386243,502,1022,520,-762,-9,771
2.43602202785876,500,1021,521,-760.5,-10.5,771
2.43818162185509,494,1022,528,-758,-17,775
2.44034121585142,492,1023,531,-757.5,-19.5,777
2.44250080984775,490,1021,531,-755.5,-20.5,776
2.44466040384408,486,1019,533,-752.5,-23.5,776
2.44681999784041,486,1022,536,-754,-25,779
2.44897959183673,487,1021,534,-754,-23.5,777.5
2.45113918583306,491,1021,530,-756,-19.5,775.5
2.45329877982939,495,1023,528,-759,-16.5,775.5
2.45545837382572,496,1021,525,-758.5,-14.5,773
2.45761796782205,494,1022,528,-758,-17,775
2.45977756181838,493,1022,529,-757.5,-18,775.5
2.46193715581471,493,1022,529,-757.5,-18,775.5
2.46409674981104,497,1022,525,-759.5,-14,773.5
2.46625634380736,498,1022,524,-760,-13,773
2.46841593780369,492,1021,529,-756.5,-18.5,775
2.47057553180002,485,1021,536,-753,-25.5,778.5
2.47273512579635,482,1022,540,-752,-29,781
2.47489471979268,486,1023,537,-754.5,-25.5,780
2.47705431378901,493,1021,528,-757,-17.5,774.5
2.47921390778534,494,1022,528,-758,-17,775
2.48137350178167,494,1023,529,-758.5,-17.5,776
2.48353309577799,496,1021,525,-758.5,-14.5,773
2.48569268977432,497,1021,524,-759,-13.5,772.5
2.48785228377065,499,1020,521,-759.5,-11,770.5
2.49001187776698,498,1023,525,-760.5,-13.5,774
2.49217147176331,498,1022,524,-760,-13,773
2.49433106575964,498,1022,524,-760,-13,773
2.49649065975597,496,1022,526,-759,-15,774
2.49865025375229,490,1022,532,-756,-21,777
2.50080984774862,489,1022,533,-755.5,-22,777.5
2.50296944174495,491,1021,530,-756,-19.5,775.5
2.50512903574128,499,1021,522,-760,-11.5,771.5
2.50728862973761,505,1023,518,-764,-6.5,770.5
2.50944822373394,511,1022,511,-766.5,0,766.5
2.51160781773027,511,1021,510,-766,0.5,765.5
2.5137674117266,509,1020,511,-764.5,-1,765.5
2.51592700572292,504,1020,516,-762,-6,768
2.51808659971925,498,1022,524,-760,-13,773
2.52024619371558,495,1022,527,-758.5,-16,774.5
2.52240578771191,496,1020,524,-758,-14,772
2.52456538170824,493,1021,528,-757,-17.5,774.5
2.52672497570457,497,1020,523,-758.5,-13,771.5
2.5288845697009,499,1022,523,-760.5,-12,772.5
2.53104416369722,501,1021,520,-761,-9.5,770.5
2.53320375769355,502,1021,519,-761.5,-8.5,770
2.53536335168988,502,1020,518,-761,-8,769
2.53752294568621,502,1022,520,-762,-9,771
2.53968253968254,506,1023,517,-764.5,-5.5,770
2.54184213367887,505,1020,515,-762.5,-5,767.5
2.5440017276752,500,1021,521,-760.5,-10.5,771
2.54616132167153,499,1023,524,-761,-12.5,773.5
2.54832091566785,501,1023,522,-762,-10.5,772.5
2.55048050966418,505,1022,517,-763.5,-6,769.5
2.55264010366051,507,1022,515,-764.5,-4,768.5
2.55479969765684,510,1020,510,-765,0,765
2.55695929165317,511,1021,510,-766,0.5,765.5
2.5591188856495,509,1021,512,-765,-1.5,766.5
2.56127847964583,508,1020,512,-764,-2,766
2.56343807364216,506,1020,514,-763,-4,767
2.56559766763848,509,1023,514,-766,-2.5,768.5
2.56775726163481,508,1023,515,-765.5,-3.5,769
2.56991685563114,506,1023,517,-764.5,-5.5,770
2.57207644962747,507,1023,516,-765,-4.5,769.5
2.5742360436238,512,1023,511,-767.5,0.5,767
2.57639563762013,514,1020,506,-767,4,763
2.57855523161646,514,1020,506,-767,4,763
2.58071482561278,516,1019,503,-767.5,6.5,761
2.58287441960911,516,1021,505,-768.5,5.5,763
2.58503401360544,515,1023,508,-769,3.5,765.5
2.58719360760177,514,1023,509,-768.5,2.5,766
2.5893532015981,514,1019,505,-766.5,4.5,762
2.59151279559443,508,1022,514,-765,-3,768
2.59367238959076,501,1023,522,-762,-10.5,772.5
2.59583198358709,494,1020,526,-757,-16,773
2.59799157758341,488,1021,533,-754.5,-22.5,777
2.60015117157974,488,1020,532,-754,-22,776
2.60231076557607,490,1023,533,-756.5,-21.5,778
2.6044703595724,494,1023,529,-758.5,-17.5,776
2.60662995356873,494,1021,527,-757.5,-16.5,774
2.60878954756506,493,1022,529,-757.5,-18,775.5
2.61094914156139,491,1022,531,-756.5,-20,776.5
2.61310873555772,486,1021,535,-753.5,-24.5,778
2.61526832955404,485,1021,536,-753,-25.5,778.5
2.61742792355037,480,1023,543,-751.5,-31.5,783
2.6195875175467,480,1021,541,-750.5,-30.5,781
2.62174711154303,482,1021,539,-751.5,-28.5,780
2.62390670553936,488,1022,534,-755,-23,778
2.62606629953569,495,1022,527,-758.5,-16,774.5
2.62822589353202,495,1022,527,-758.5,-16,774.5
2.63038548752834,492,1022,530,-757,-19,776
2.63254508152467,488,1023,535,-755.5,-23.5,779
2.634704675521,486,1023,537,-754.5,-25.5,780
2.63686426951733,486,1023,537,-754.5,-25.5,780
2.63902386351366,481,1023,542,-752,-30.5,782.5
2.64118345750999,475,1022,547,-748.5,-36,784.5
2.64334305150632,471,1023,552,-747,-40.5,787.5
2.64550264550265,476,1022,546,-749,-35,784
2.64766223949897,481,1021,540,-751,-29.5,780.5
2.6498218334953,493,1021,528,-757,-17.5,774.5
2.65198142749163,500,1022,522,-761,-11,772
2.65414102148796,506,1021,515,-763.5,-4.5,768
2.65630061548429,506,1023,517,-764.5,-5.5,770
2.65846020948062,500,1021,521,-760.5,-10.5,771
2.66061980347695,496,1021,525,-758.5,-14.5,773
2.66277939747327,488,1023,535,-755.5,-23.5,779
2.6649389914696,481,1021,540,-751,-29.5,780.5
2.66709858546593,478,1021,543,-749.5,-32.5,782
2.66925817946226,476,1022,546,-749,-35,784
2.67141777345859,480,1023,543,-751.5,-31.5,783
2.67357736745492,483,1023,540,-753,-28.5,781.5
2.67573696145125,484,1022,538,-753,-27,780
2.67789655544758,485,1021,536,-753,-25.5,778.5
2.6800561494439,491,1022,531,-756.5,-20,776.5
2.68221574344023,501,1022,521,-761.5,-10,771.5
2.68437533743656,517,1023,506,-770,5.5,764.5
2.68653493143289,535,1022,487,-778.5,24,754.5
2.68869452542922,554,1020,466,-787,44,743
2.69085411942555,576,1020,444,-798,66,732
2.69301371342188,599,1020,421,-809.5,89,720.5
2.69517330741821,621,1022,401,-821.5,110,711.5
2.69733290141453,639,1021,382,-830,128.5,701.5
2.69949249541086,650,1023,373,-836.5,138.5,698
2.70165208940719,652,1023,371,-837.5,140.5,697
2.70381168340352,637,1021,384,-829,126.5,702.5
2.70597127739985,615,1023,408,-819,103.5,715.5
2.70813087139618,591,1023,432,-807,79.5,727.5
2.71029046539251,565,1023,458,-794,53.5,740.5
2.71245005938883,540,1020,480,-780,30,750
2.71460965338516,518,1023,505,-770.5,6.5,764
2.71676924738149,500,1022,522,-761,-11,772
2.71892884137782,485,1022,537,-753.5,-26,779.5
2.72108843537415,478,1022,544,-750,-33,783
2.72324802937048,479,1021,542,-750,-31.5,781.5
2.72540762336681,487,1021,534,-754,-23.5,777.5
2.72756721736314,495,1020,525,-757.5,-15,772.5
2.72972681135946,497,1020,523,-758.5,-13,771.5
2.73188640535579,496,1021,525,-758.5,-14.5,773
2.73404599935212,494,1022,528,-758,-17,775
2.73620559334845,494,1023,529,-758.5,-17.5,776
2.73836518734478,496,1023,527,-759.5,-15.5,775
2.74052478134111,493,1022,529,-757.5,-18,775.5
2.74268437533744,490,1020,530,-755,-20,775
2.74484396933377,488,1021,533,-754.5,-22.5,777
2.74700356333009,489,1021,532,-755,-21.5,776.5
2.74916315732642,490,1022,532,-756,-21,777
2.75132275132275,489,1021,532,-755,-21.5,776.5
2.75348234531908,484,1022,538,-753,-27,780
2.75564193931541,479,1022,543,-750.5,-32,782.5
2.75780153331174,479,1023,544,-751,-32.5,783.5
2.75996112730807,480,1021,541,-750.5,-30.5,781
2.76212072130439,485,1023,538,-754,-26.5,780.5
2.76428031530072,489,1022,533,-755.5,-22,777.5
2.76643990929705,496,1020,524,-758,-14,772
2.76859950329338,499,1021,522,-760,-11.5,771.5
2.77075909728971,497,1021,524,-759,-13.5,772.5
2.77291869128604,493,1021,528,-757,-17.5,774.5
2.77507828528237,492,1022,530,-757,-19,776
2.7772378792787,489,1023,534,-756,-22.5,778.5
2.77939747327502,487,1021,534,-754,-23.5,777.5
2.78155706727135,487,1023,536,-755,-24.5,779.5
2.78371666126768,483,1022,539,-752.5,-28,780.5
2.78587625526401,483,1022,539,-752.5,-28,780.5
2.78803584926034,486,1022,536,-754,-25,779
2.79019544325667,490,1023,533,-756.5,-21.5,778
2.792355037253,493,1019,526,-756,-16.5,772.5
2.79451463124933,493,1022,529,-757.5,-18,775.5
2.79667422524565,491,1020,529,-755.5,-19,774.5
2.79883381924198,490,1021,531,-755.5,-20.5,776
2.80099341323831,490,1022,532,-756,-21,777
2.80315300723464,494,1020,526,-757,-16,773
2.80531260123097,494,1022,528,-758,-17,775
2.8074721952273,494,1020,526,-757,-16,773
2.80963178922363,491,1021,530,-756,-19.5,775.5
2.81179138321995,494,1019,525,-756.5,-15.5,772
2.81395097721628,498,1022,524,-760,-13,773
2.81611057121261,505,1023,518,-764,-6.5,770.5
2.81827016520894,506,1020,514,-763,-4,767
2.82042975920527,505,1021,516,-763,-5.5,768.5
2.8225893532016,502,1023,521,-762.5,-9.5,772
2.82474894719793,500,1021,521,-760.5,-10.5,771
2.82690854119426,498,1021,523,-759.5,-12.5,772
2.82906813519058,498,1022,524,-760,-13,773
2.83122772918691,497,1022,525,-759.5,-14,773.5
2.83338732318324,496,1021,525,-758.5,-14.5,773
2.83554691717957,499,1022,523,-760.5,-12,772.5
2.8377065111759,500,1022,522,-761,-11,772
2.83986610517223,503,1022,519,-762.5,-8,770.5
2.84202569916856,504,1020,516,-762,-6,768
2.84418529316488,508,1020,512,-764,-2,766
2.84634488716121,510,1021,511,-765.5,-0.5,766
2.84850448115754,512,1020,508,-766,2,764
2.85066407515387,514,1022,508,-768,3,765
2.8528236691502,514,1021,507,-767.5,3.5,764
2.85498326314653,514,1021,507,-767.5,3.5,764
2.85714285714286,514,1020,506,-767,4,763
2.85930245113919,512,1021,509,-766.5,1.5,765
2.86146204513551,511,1021,510,-766,0.5,765.5
2.86362163913184,510,1021,511,-765.5,-0.5,766
2.86578123312817,508,1022,514,-765,-3,768
2.8679408271245,512,1021,509,-766.5,1.5,765
2.87010042112083,516,1023,507,-769.5,4.5,765
2.87226001511716,518,1020,502,-769,8,761
2.87441960911349,520,1021,501,-770.5,9.5,761
2.87657920310982,518,1023,505,-770.5,6.5,764
2.87873879710614,515,1023,508,-769,3.5,765.5
2.88089839110247,514,1021,507,-767.5,3.5,764
2.8830579850988,512,1022,510,-767,1,766
2.88521757909513,515,1023,508,-769,3.5,765.5
2.88737717309146,521,1023,502,-772,9.5,762.5
2.88953676708779,526,1021,495,-773.5,15.5,758
2.89169636108412,530,1022,492,-776,19,757
2.89385595508044,533,1021,488,-777,22.5,754.5
2.89601554907677,533,1023,490,-778,21.5,756.5
2.8981751430731,533,1022,489,-777.5,22,755.5
2.90033473706943,528,1022,494,-775,17,758
2.90249433106576,523,1021,498,-772,12.5,759.5
2.90465392506209,522,1021,499,-771.5,11.5,760
2.90681351905842,523,1022,499,-772.5,12,760.5
2.90897311305475,524,1021,497,-772.5,13.5,759
2.91113270705107,528,1020,492,-774,18,756
2.9132923010474,530,1023,493,-776.5,18.5,758
2.91545189504373,534,1023,489,-778.5,22.5,756
2.91761148904006,536,1020,484,-778,26,752
2.91977108303639,533,1021,488,-777,22.5,754.5
2.92193067703272,529,1020,491,-774.5,19,755.5
2.92409027102905,526,1022,496,-774,15,759
2.92624986502538,523,1022,499,-772.5,12,760.5
2.9284094590217,524,1023,499,-773.5,12.5,761
2.93056905301803,525,1021,496,-773,14.5,758.5
2.93272864701436,525,1020,495,-772.5,15,757.5
2.93488824101069,527,1021,494,-774,16.5,757.5
2.93704783500702,531,1022,491,-776.5,20,756.5
2.93920742900335,531,1022,491,-776.5,20,756.5
2.94136702299968,530,1021,491,-775.5,19.5,756
2.943526616996,526,1022,496,-774,15,759
2.94568621099233,522,1023,501,-772.5,10.5,762
2.94784580498866,520,1022,502,-771,9,762
2.95000539898499,517,1020,503,-768.5,7,761.5
2.95216499298132,516,1023,507,-769.5,4.5,765
2.95432458697765,520,1020,500,-770,10,760
2.95648418097398,527,1020,493,-773.5,17,756.5
2.95864377497031,529,1022,493,-775.5,18,757.5
2.96080336896663,526,1020,494,-773,16,757
2.96296296296296,520,1021,501,-770.5,9.5,761
2.96512255695929,519,1020,501,-769.5,9,760.5
2.96728215095562,515,1023,508,-769,3.5,765.5
2.96944174495195,512,1022,510,-767,1,766
2.97160133894828,508,1020,512,-764,-2,766
2.97376093294461,505,1022,517,-763.5,-6,769.5
2.97592052694094,509,1021,512,-765,-1.5,766.5
2.97808012093726,508,1021,513,-764.5,-2.5,767
2.98023971493359,505,1022,517,-763.5,-6,769.5
2.98239930892992,502,1022,520,-762,-9,771
2.98455890292625,495,1021,526,-758,-15.5,773.5
2.98671849692258,493,1020,527,-756.5,-17,773.5
2.98887809091891,491,1022,531,-756.5,-20,776.5
2.99103768491524,490,1021,531,-755.5,-20.5,776
2.99319727891156,490,1021,531,-755.5,-20.5,776
2.99535687290789,490,1023,533,-756.5,-21.5,778
2.99751646690422,489,1023,534,-756,-22.5,778.5
2.99967606090055,490,1021,531,-755.5,-20.5,776
3.00183565489688,492,1020,528,-756,-18,774
3.00399524889321,494,1023,529,-758.5,-17.5,776
3.00615484288954,490,1022,532,-756,-21,777
3.00831443688587,487,1021,534,-754,-23.5,777.5
3.01047403088219,487,1022,535,-754.5,-24,778.5
3.01263362487852,485,1022,537,-753.5,-26,779.5
3.01479321887485,487,1020,533,-753.5,-23,776.5
3.01695281287118,486,1021,535,-753.5,-24.5,778
3.01911240686751,485,1022,537,-753.5,-26,779.5
3.02127200086384,487,1020,533,-753.5,-23,776.5
3.02343159486017,483,1021,538,-752,-27.5,779.5
3.02559118885649,479,1021,542,-750,-31.5,781.5
3.02775078285282,478,1022,544,-750,-33,783
3.02991037684915,477,1022,545,-749.5,-34,783.5
3.03206997084548,479,1021,542,-750,-31.5,781.5
3.03422956484181,482,1020,538,-751,-28,779
3.03638915883814,483,1021,538,-752,-27.5,779.5
3.03854875283447,482,1022,540,-752,-29,781
3.0407083468308,481,1021,540,-751,-29.5,780.5
3.04286794082712,484,1023,539,-753.5,-27.5,781
3.04502753482345,489,1021,532,-755,-21.5,776.5
3.04718712881978,492,1023,531,-757.5,-19.5,777
3.04934672281611,490,1023,533,-756.5,-21.5,778
3.05150631681244,489,1021,532,-755,-21.5,776.5
3.05366591080877,494,1022,528,-758,-17,775
3.0558255048051,495,1020,525,-757.5,-15,772.5
3.05798509880143,493,1021,528,-757,-17.5,774.5
3.06014469279775,490,1021,531,-755.5,-20.5,776
3.06230428679408,489,1021,532,-755,-21.5,776.5
3.06446388079041,491,1022,531,-756.5,-20,776.5
3.06662347478674,495,1021,526,-758,-15.5,773.5
3.06878306878307,499,1022,523,-760.5,-12,772.5
3.0709426627794,499,1021,522,-760,-11.5,771.5
3.07310225677573,500,1021,521,-760.5,-10.5,771
3.07526185077205,495,1022,527,-758.5,-16,774.5
3.07742144476838,495,1023,528,-759,-16.5,775.5
3.07958103876471,489,1021,532,-755,-21.5,776.5
3.08174063276104,482,1022,540,-752,-29,781
3.08390022675737,481,1022,541,-751.5,-30,781.5
3.0860598207537,488,1021,533,-754.5,-22.5,777
3.08821941475003,490,1020,530,-755,-20,775
3.09037900874636,491,1023,532,-757,-20.5,777.5
3.09253860274268,493,1022,529,-757.5,-18,775.5
3.09469819673901,498,1023,525,-760.5,-13.5,774
3.09685779073534,504,1019,515,-761.5,-5.5,767
3.09901738473167,500,1022,522,-761,-11,772
3.101176978728,492,1021,529,-756.5,-18.5,775
3.10333657272433,486,1022,536,-754,-25,779
3.10549616672066,485,1023,538,-754,-26.5,780.5
3.10765576071699,489,1021,532,-755,-21.5,776.5
3.10981535471331,496,1022,526,-759,-15,774
3.11197494870964,501,1023,522,-762,-10.5,772.5
3.11413454270597,502,1019,517,-760.5,-7.5,768
3.1162941367023,500,1021,521,-760.5,-10.5,771
3.11845373069863,499,1020,521,-759.5,-11,770.5
3.12061332469496,494,1023,529,-758.5,-17.5,776
3.12277291869129,493,1022,529,-757.5,-18,775.5
3.12493251268761,496,1022,526,-759,-15,774
3.12709210668394,498,1023,525,-760.5,-13.5,774
3.12925170068027,497,1023,526,-760,-14.5,774.5
3.1314112946766,494,1023,529,-758.5,-17.5,776
3.13357088867293,492,1022,530,-757,-19,776
3.13573048266926,491,1023,532,-757,-20.5,777.5
3.13789007666559,492,1021,529,-756.5,-18.5,775
3.14004967066192,492,1023,531,-757.5,-19.5,777
3.14220926465824,496,1021,525,-758.5,-14.5,773
3.14436885865457,497,1020,523,-758.5,-13,771.5
3.1465284526509,496,1022,526,-759,-15,774
3.14868804664723,496,1019,523,-757.5,-13.5,771
3.15084764064356,494,1020,526,-757,-16,773
3.15300723463989,491,1022,531,-756.5,-20,776.5
3.15516682863622,491,1023,532,-757,-20.5,777.5
3.15732642263254,495,1021,526,-758,-15.5,773.5
3.15948601662887,500,1020,520,-760,-10,770
3.1616456106252,503,1021,518,-762,-7.5,769.5
3.16380520462153,504,1020,516,-762,-6,768
3.16596479861786,502,1021,519,-761.5,-8.5,770
3.16812439261419,504,1021,517,-762.5,-6.5,769
3.17028398661052,507,1023,516,-765,-4.5,769.5
3.17244358060685,506,1022,516,-764,-5,769
3.17460317460317,508,1020,512,-764,-2,766
3.1767627685995,508,1021,513,-764.5,-2.5,767
3.17892236259583,509,1022,513,-765.5,-2,767.5
3.18108195659216,503,1022,519,-762.5,-8,770.5
3.18324155058849,504,1023,519,-763.5,-7.5,771
3.18540114458482,503,1021,518,-762,-7.5,769.5
3.18756073858115,504,1022,518,-763,-7,770
3.18972033257748,503,1020,517,-761.5,-7,768.5
3.1918799265738,503,1020,517,-761.5,-7,768.5
3.19403952057013,502,1023,521,-762.5,-9.5,772
3.19619911456646,506,1022,516,-764,-5,769
3.19835870856279,509,1022,513,-765.5,-2,767.5
3.20051830255912,513,1022,509,-767.5,2,765.5
3.20267789655545,514,1020,506,-767,4,763
3.20483749055178,514,1022,508,-768,3,765
3.2069970845481,514,1022,508,-768,3,765
3.20915667854443,514,1022,508,-768,3,765
3.21131627254076,515,1023,508,-769,3.5,765.5
3.21347586653709,510,1020,510,-765,0,765
3.21563546053342,510,1020,510,-765,0,765
3.21779505452975,511,1023,512,-767,-0.5,767.5
3.21995464852608,509,1023,514,-766,-2.5,768.5
3.22211424252241,509,1022,513,-765.5,-2,767.5
3.22427383651873,509,1021,512,-765,-1.5,766.5
3.22643343051506,509,1021,512,-765,-1.5,766.5
3.22859302451139,508,1022,514,-765,-3,768
3.23075261850772,507,1022,515,-764.5,-4,768.5
3.23291221250405,504,1020,516,-762,-6,768
3.23507180650038,495,1022,527,-758.5,-16,774.5
3.23723140049671,489,1020,531,-754.5,-21,775.5
3.23939099449304,491,1022,531,-756.5,-20,776.5
3.24155058848936,498,1022,524,-760,-13,773
3.24371018248569,502,1022,520,-762,-9,771
3.24586977648202,504,1021,517,-762.5,-6.5,769
3.24802937047835,503,1022,519,-762.5,-8,770.5
3.25018896447468,498,1021,523,-759.5,-12.5,772
3.25234855847101,494,1022,528,-758,-17,775
3.25450815246734,496,1022,526,-759,-15,774
3.25666774646366,497,1021,524,-759,-13.5,772.5
3.25882734045999,497,1021,524,-759,-13.5,772.5
3.26098693445632,495,1022,527,-758.5,-16,774.5
3.26314652845265,492,1021,529,-756.5,-18.5,775
3.26530612244898,491,1021,530,-756,-19.5,775.5
3.26746571644531,489,1020,531,-754.5,-21,775.5
3.26962531044164,493,1022,529,-757.5,-18,775.5
3.27178490443797,496,1020,524,-758,-14,772
3.27394449843429,495,1023,528,-759,-16.5,775.5
3.27610409243062,494,1020,526,-757,-16,773
3.27826368642695,495,1022,527,-758.5,-16,774.5
3.28042328042328,493,1021,528,-757,-17.5,774.5
3.28258287441961,496,1022,526,-759,-15,774
3.28474246841594,495,1023,528,-759,-16.5,775.5
3.28690206241227,488,1022,534,-755,-23,778
3.2890616564086,480,1023,543,-751.5,-31.5,783
3.29122125040492,478,1021,543,-749.5,-32.5,782
3.29338084440125,484,1022,538,-753,-27,780
3.29554043839758,490,1022,532,-756,-21,777
3.29770003239391,493,1021,528,-757,-17.5,774.5
3.29985962639024,495,1022,527,-758.5,-16,774.5
3.30201922038657,496,1023,527,-759.5,-15.5,775
3.3041788143829,496,1020,524,-758,-14,772
3.30633840837922,494,1021,527,-757.5,-16.5,774
3.30849800237555,492,1023,531,-757.5,-19.5,777
3.31065759637188,491,1020,529,-755.5,-19,774.5
3.31281719036821,486,1021,535,-753.5,-24.5,778
3.31497678436454,481,1021,540,-751,-29.5,780.5
3.31713637836087,483,1022,539,-752.5,-28,780.5
3.3192959723572,483,1023,540,-753,-28.5,781.5
3.32145556635353,484,1022,538,-753,-27,780
3.32361516034985,482,1022,540,-752,-29,781
3.32577475434618,482,1022,540,-752,-29,781
3.32793434834251,486,1022,536,-754,-25,779
3.33009394233884,495,1020,525,-757.5,-15,772.5
3.33225353633517,502,1020,518,-761,-8,769
3.3344131303315,515,1022,507,-768.5,4,764.5
3.33657272432783,536,1020,484,-778,26,752
3.33873231832415,564,1021,457,-792.5,53.5,739
3.34089191232048,595,1022,427,-808.5,84,724.5
3.34305150631681,622,1020,398,-821,112,709
3.34521110031314,639,1022,383,-830.5,128,702.5
3.34737069430947,649,1021,372,-835,138.5,696.5
3.3495302883058,649,1022,373,-835.5,138,697.5
3.35168988230213,639,1021,382,-830,128.5,701.5
3.35384947629846,624,1020,396,-822,114,708
3.35600907029478,601,1022,421,-811.5,90,721.5
3.35816866429111,574,1021,447,-797.5,63.5,734
3.36032825828744,548,1022,474,-785,37,748
3.36248785228377,528,1023,495,-775.5,16.5,759
3.3646474462801,510,1023,513,-766.5,-1.5,768
3.36680704027643,494,1022,528,-758,-17,775
3.36896663427276,486,1022,536,-754,-25,779
3.37112622826909,483,1022,539,-752.5,-28,780.5
3.37328582226541,482,1021,539,-751.5,-28.5,780
3.37544541626174,487,1020,533,-753.5,-23,776.5
3.37760501025807,493,1022,529,-757.5,-18,775.5
3.3797646042544,500,1022,522,-761,-11,772
3.38192419825073,504,1021,517,-762.5,-6.5,769
3.38408379224706,502,1022,520,-762,-9,771
3.38624338624339,497,1023,526,-760,-14.5,774.5
3.38840298023971,487,1021,534,-754,-23.5,777.5
3.39056257423604,484,1023,539,-753.5,-27.5,781
3.39272216823237,490,1022,532,-756,-21,777
3.3948817622287,490,1022,532,-756,-21,777
3.39704135622503,491,1020,529,-755.5,-19,774.5
3.39920095022136,490,1020,530,-755,-20,775
3.40136054421769,491,1019,528,-755,-18.5,773.5
3.40352013821402,492,1020,528,-756,-18,774
3.40567973221034,493,1023,530,-758,-18.5,776.5
3.40783932620667,489,1021,532,-755,-21.5,776.5
3.409998920203,490,1021,531,-755.5,-20.5,776
3.41215851419933,489,1020,531,-754.5,-21,775.5
3.41431810819566,490,1021,531,-755.5,-20.5,776
3.41647770219199,489,1021,532,-755,-21.5,776.5
3.41863729618832,487,1023,536,-755,-24.5,779.5
3.42079689018465,484,1022,538,-753,-27,780
3.42295648418097,482,1021,539,-751.5,-28.5,780
3.4251160781773,483,1022,539,-752.5,-28,780.5
3.42727567217363,489,1022,533,-755.5,-22,777.5
3.42943526616996,495,1022,527,-758.5,-16,774.5
3.43159486016629,498,1023,525,-760.5,-13.5,774
3.43375445416262,497,1023,526,-760,-14.5,774.5
3.43591404815895,495,1020,525,-757.5,-15,772.5
3.43807364215527,491,1022,531,-756.5,-20,776.5
3.4402332361516,487,1022,535,-754.5,-24,778.5
3.44239283014793,487,1021,534,-754,-23.5,777.5
3.44455242414426,489,1022,533,-755.5,-22,777.5
3.44671201814059,495,1022,527,-758.5,-16,774.5
3.44887161213692,498,1021,523,-759.5,-12.5,772
3.45103120613325,499,1023,524,-761,-12.5,773.5
3.45319080012958,504,1023,519,-763.5,-7.5,771
3.4553503941259,504,1023,519,-763.5,-7.5,771
3.45750998812223,499,1022,523,-760.5,-12,772.5
3.45966958211856,500,1023,523,-761.5,-11.5,773
3.46182917611489,499,1023,524,-761,-12.5,773.5
3.46398877011122,501,1023,522,-762,-10.5,772.5
3.46614836410755,498,1023,525,-760.5,-13.5,774
3.46830795810388,492,1023,531,-757.5,-19.5,777
3.4704675521002,494,1020,526,-757,-16,773
3.47262714609653,495,1022,527,-758.5,-16,774.5
3.47478674009286,497,1020,523,-758.5,-13,771.5
3.47694633408919,499,1023,524,-761,-12.5,773.5
3.47910592808552,503,1023,520,-763,-8.5,771.5
3.48126552208185,510,1023,513,-766.5,-1.5,768
3.48342511607818,513,1021,508,-767,2.5,764.5
3.48558471007451,515,1023,508,-769,3.5,765.5
3.48774430407083,513,1021,508,-767,2.5,764.5
3.48990389806716,510,1023,513,-766.5,-1.5,768
3.49206349206349,507,1023,516,-765,-4.5,769.5
3.49422308605982,501,1021,520,-761,-9.5,770.5
3.49638268005615,495,1021,526,-758,-15.5,773.5
3.49854227405248,497,1021,524,-759,-13.5,772.5
3.50070186804881,501,1021,520,-761,-9.5,770.5
3.50286146204514,508,1022,514,-765,-3,768
3.50502105604146,514,1020,506,-767,4,763
3.50718065003779,517,1023,506,-770,5.5,764.5
3.50934024403412,518,1022,504,-770,7,763
3.51149983803045,520,1022,502,-771,9,762
3.51365943202678,519,1022,503,-770.5,8,762.5
3.51581902602311,519,1020,501,-769.5,9,760.5
3.51797862001944,519,1023,504,-771,7.5,763.5
3.52013821401576,517,1023,506,-770,5.5,764.5
3.52229780801209,514,1021,507,-767.5,3.5,764
3.52445740200842,511,1023,512,-767,-0.5,767.5
3.52661699600475,511,1022,511,-766.5,0,766.5
3.52877659000108,519,1022,503,-770.5,8,762.5
3.53093618399741,524,1023,499,-773.5,12.5,761
3.53309577799374,527,1022,495,-774.5,16,758.5
3.53525537199007,528,1023,495,-775.5,16.5,759
3.53741496598639,529,1023,494,-776,17.5,758.5
3.53957455998272,527,1022,495,-774.5,16,758.5
3.54173415397905,529,1022,493,-775.5,18,757.5
3.54389374797538,531,1022,491,-776.5,20,756.5
3.54605334197171,531,1022,491,-776.5,20,756.5
3.54821293596804,527,1022,495,-774.5,16,758.5
3.55037252996437,522,1023,501,-772.5,10.5,762
3.5525321239607,521,1023,502,-772,9.5,762.5
3.55469171795702,521,1022,501,-771.5,10,761.5
3.55685131195335,525,1023,498,-774,13.5,760.5
3.55901090594968,524,1022,498,-773,13,760
3.56117049994601,520,1022,502,-771,9,762
3.56333009394234,520,1021,501,-770.5,9.5,761
3.56548968793867,522,1021,499,-771.5,11.5,760
3.567649281935,527,1022,495,-774.5,16,758.5
3.56980887593132,533,1023,490,-778,21.5,756.5
3.57196846992765,537,1023,486,-780,25.5,754.5
3.57412806392398,540,1020,480,-780,30,750
3.57628765792031,540,1021,481,-780.5,29.5,751
3.57844725191664,540,1021,481,-780.5,29.5,751
3.58060684591297,535,1022,487,-778.5,24,754.5
3.5827664399093,527,1022,495,-774.5,16,758.5
3.58492603390563,526,1022,496,-774,15,759
3.58708562790195,527,1023,496,-775,15.5,759.5
3.58924522189828,528,1023,495,-775.5,16.5,759
3.59140481589461,528,1023,495,-775.5,16.5,759
3.59356440989094,526,1021,495,-773.5,15.5,758
3.59572400388727,524,1022,498,-773,13,760
3.5978835978836,520,1022,502,-771,9,762
3.60004319187993,521,1022,501,-771.5,10,761.5
3.60220278587626,520,1022,502,-771,9,762
3.60436237987258,520,1022,502,-771,9,762
3.60652197386891,518,1021,503,-769.5,7.5,762
3.60868156786524,515,1021,506,-768,4.5,763.5
3.61084116186157,512,1020,508,-766,2,764
3.6130007558579,514,1021,507,-767.5,3.5,764
3.61516034985423,518,1023,505,-770.5,6.5,764
3.61731994385056,518,1022,504,-770,7,763
3.61947953784688,514,1020,506,-767,4,763
3.62163913184321,511,1022,511,-766.5,0,766.5
3.62379872583954,512,1023,511,-767.5,0.5,767
3.62595831983587,513,1021,508,-767,2.5,764.5
3.6281179138322,510,1023,513,-766.5,-1.5,768
3.63027750782853,510,1022,512,-766,-1,767
3.63243710182486,504,1023,519,-763.5,-7.5,771
3.63459669582119,501,1022,521,-761.5,-10,771.5
3.63675628981751,494,1022,528,-758,-17,775
3.63891588381384,494,1022,528,-758,-17,775
3.64107547781017,495,1022,527,-758.5,-16,774.5
3.6432350718065,497,1021,524,-759,-13.5,772.5
3.64539466580283,491,1021,530,-756,-19.5,775.5
3.64755425979916,484,1023,539,-753.5,-27.5,781
3.64971385379549,480,1020,540,-750,-30,780
3.65187344779181,481,1021,540,-751,-29.5,780.5
3.65403304178814,484,1023,539,-753.5,-27.5,781
3.65619263578447,485,1020,535,-752.5,-25,777.5
3.6583522297808,483,1021,538,-752,-27.5,779.5
3.66051182377713,483,1022,539,-752.5,-28,780.5
3.66267141777346,487,1022,535,-754.5,-24,778.5
3.66483101176979,487,1022,535,-754.5,-24,778.5
3.66699060576612,488,1021,533,-754.5,-22.5,777
3.66915019976244,486,1022,536,-754,-25,779
3.67130979375877,487,1023,536,-755,-24.5,779.5
3.6734693877551,486,1022,536,-754,-25,779
3.67562898175143,483,1021,538,-752,-27.5,779.5
3.67778857574776,481,1020,539,-750.5,-29,779.5
3.67994816974409,481,1023,542,-752,-30.5,782.5
3.68210776374042,479,1021,542,-750,-31.5,781.5
3.68426735773675,476,1021,545,-748.5,-34.5,783
3.68642695173307,476,1021,545,-748.5,-34.5,783
3.6885865457294,475,1022,547,-748.5,-36,784.5
3.69074613972573,472,1023,551,-747.5,-39.5,787
3.69290573372206,475,1022,547,-748.5,-36,784.5
3.69506532771839,481,1021,540,-751,-29.5,780.5
3.69722492171472,493,1023,530,-758,-18.5,776.5
3.69938451571105,499,1022,523,-760.5,-12,772.5
3.70154410970737,505,1020,515,-762.5,-5,767.5
3.7037037037037,509,1020,511,-764.5,-1,765.5
3.70586329770003,507,1023,516,-765,-4.5,769.5
3.70802289169636,505,1021,516,-763,-5.5,768.5
3.71018248569269,505,1022,517,-763.5,-6,769.5
3.71234207968902,498,1023,525,-760.5,-13.5,774
3.71450167368535,492,1023,531,-757.5,-19.5,777
3.71666126768168,488,1020,532,-754,-22,776
3.718820861678,487,1023,536,-755,-24.5,779.5
3.72098045567433,489,1020,531,-754.5,-21,775.5
3.72314004967066,494,1021,527,-757.5,-16.5,774
3.72529964366699,496,1022,526,-759,-15,774
3.72745923766332,496,1021,525,-758.5,-14.5,773
3.72961883165965,495,1020,525,-757.5,-15,772.5
3.73177842565598,493,1020,527,-756.5,-17,773.5
3.73393801965231,490,1022,532,-756,-21,777
3.73609761364863,487,1022,535,-754.5,-24,778.5
3.73825720764496,487,1023,536,-755,-24.5,779.5
3.74041680164129,488,1021,533,-754.5,-22.5,777
3.74257639563762,489,1023,534,-756,-22.5,778.5
3.74473598963395,493,1021,528,-757,-17.5,774.5
3.74689558363028,500,1020,520,-760,-10,770
3.74905517762661,498,1021,523,-759.5,-12.5,772
3.75121477162293,500,1022,522,-761,-11,772
3.75337436561926,495,1021,526,-758,-15.5,773.5
3.75553395961559,493,1021,528,-757,-17.5,774.5
3.75769355361192,487,1022,535,-754.5,-24,778.5
3.75985314760825,483,1021,538,-752,-27.5,779.5
3.76201274160458,485,1021,536,-753,-25.5,778.5
3.76417233560091,491,1022,531,-756.5,-20,776.5
3.76633192959724,499,1022,523,-760.5,-12,772.5
3.76849152359356,502,1022,520,-762,-9,771
3.77065111758989,506,1021,515,-763.5,-4.5,768
3.77281071158622,509,1022,513,-765.5,-2,767.5
3.77497030558255,503,1021,518,-762,-7.5,769.5
3.77712989957888,491,1021,530,-756,-19.5,775.5
3.77928949357521,483,1022,539,-752.5,-28,780.5
3.78144908757154,487,1021,534,-754,-23.5,777.5
3.78360868156787,492,1020,528,-756,-18,774
3.78576827556419,497,1021,524,-759,-13.5,772.5
3.78792786956052,502,1022,520,-762,-9,771
3.79008746355685,506,1021,515,-763.5,-4.5,768
3.79224705755318,508,1021,513,-764.5,-2.5,767
3.79440665154951,506,1020,514,-763,-4,767
3.79656624554584,507,1023,516,-765,-4.5,769.5
3.79872583954217,505,1023,518,-764,-6.5,770.5
3.80088543353849,501,1021,520,-761,-9.5,770.5
3.80304502753482,502,1022,520,-762,-9,771
3.80520462153115,502,1019,517,-760.5,-7.5,768
3.80736421552748,503,1019,516,-761,-6.5,767.5
3.80952380952381,506,1020,514,-763,-4,767
3.81168340352014,505,1021,516,-763,-5.5,768.5
3.81384299751647,501,1022,521,-761.5,-10,771.5
3.8160025915128,497,1022,525,-759.5,-14,773.5
3.81816218550912,497,1019,522,-758,-12.5,770.5
3.82032177950545,494,1022,528,-758,-17,775
3.82248137350178,490,1022,532,-756,-21,777
3.82464096749811,492,1022,530,-757,-19,776
3.82680056149444,499,1023,524,-761,-12.5,773.5
3.82896015549077,506,1022,516,-764,-5,769
3.8311197494871,514,1020,506,-767,4,763
3.83327934348342,516,1022,506,-769,5,764
3.83543893747975,518,1023,505,-770.5,6.5,764
3.83759853147608,523,1021,498,-772,12.5,759.5
3.83975812547241,524,1022,498,-773,13,760
3.84191771946874,519,1020,501,-769.5,9,760.5
3.84407731346507,517,1023,506,-770,5.5,764.5
3.8462369074614,513,1020,507,-766.5,3,763.5
3.84839650145773,514,1021,507,-767.5,3.5,764
3.85055609545405,518,1022,504,-770,7,763
3.85271568945038,521,1021,500,-771,10.5,760.5
3.85487528344671,520,1021,501,-770.5,9.5,761
3.85703487744304,517,1021,504,-769,6.5,762.5
3.85919447143937,515,1022,507,-768.5,4,764.5
3.8613540654357,508,1021,513,-764.5,-2.5,767
3.86351365943203,504,1021,517,-762.5,-6.5,769
3.86567325342836,495,1021,526,-758,-15.5,773.5
3.86783284742468,497,1021,524,-759,-13.5,772.5
3.86999244142101,497,1023,526,-760,-14.5,774.5
3.87215203541734,501,1021,520,-761,-9.5,770.5
3.87431162941367,501,1021,520,-761,-9.5,770.5
3.87647122341,498,1022,524,-760,-13,773
3.87863081740633,500,1022,522,-761,-11,772
3.88079041140266,503,1020,517,-761.5,-7,768.5
3.88295000539898,506,1021,515,-763.5,-4.5,768
3.88510959939531,509,1021,512,-765,-1.5,766.5
3.88726919339164,508,1022,514,-765,-3,768
3.88942878738797,506,1022,516,-764,-5,769
3.8915883813843,502,1023,521,-762.5,-9.5,772
3.89374797538063,502,1021,519,-761.5,-8.5,770
3.89590756937696,502,1020,518,-761,-8,769
3.89806716337329,498,1023,525,-760.5,-13.5,774
3.90022675736961,494,1023,529,-758.5,-17.5,776
3.90238635136594,490,1021,531,-755.5,-20.5,776
3.90454594536227,487,1021,534,-754,-23.5,777.5
3.9067055393586,485,1020,535,-752.5,-25,777.5
3.90886513335493,485,1021,536,-753,-25.5,778.5
3.91102472735126,486,1023,537,-754.5,-25.5,780
3.91318432134759,489,1021,532,-755,-21.5,776.5
3.91534391534392,492,1022,530,-757,-19,776
3.91750350934024,491,1021,530,-756,-19.5,775.5
3.91966310333657,492,1022,530,-757,-19,776
3.9218226973329,489,1022,533,-755.5,-22,777.5
3.92398229132923,489,1021,532,-755,-21.5,776.5
3.92614188532556,487,1021,534,-754,-23.5,777.5
3.92830147932189,489,1021,532,-755,-21.5,776.5
3.93046107331822,490,1023,533,-756.5,-21.5,778
3.93262066731454,491,1021,530,-756,-19.5,775.5
3.93478026131087,493,1021,528,-757,-17.5,774.5
3.9369398553072,494,1022,528,-758,-17,775
3.93909944930353,491,1023,532,-757,-20.5,777.5
3.94125904329986,491,1020,529,-755.5,-19,774.5
3.94341863729619,493,1021,528,-757,-17.5,774.5
3.94557823129252,491,1022,531,-756.5,-20,776.5
3.94773782528885,492,1021,529,-756.5,-18.5,775
3.94989741928517,493,1023,530,-758,-18.5,776.5
3.9520570132815,492,1021,529,-756.5,-18.5,775
3.95421660727783,490,1021,531,-755.5,-20.5,776
3.95637620127416,490,1021,531,-755.5,-20.5,776
3.95853579527049,488,1022,534,-755,-23,778
3.96069538926682,482,1021,539,-751.5,-28.5,780
3.96285498326315,484,1021,537,-752.5,-26.5,779
3.96501457725947,494,1021,527,-757.5,-16.5,774
3.9671741712558,512,1022,510,-767,1,766
3.96933376525213,533,1021,488,-777,22.5,754.5
3.97149335924846,553,1021,468,-787,42.5,744.5
3.97365295324479,580,1022,442,-801,69,732
3.97581254724112,605,1021,416,-813,94.5,718.5
3.97797214123745,629,1021,392,-825,118.5,706.5
3.98013173523378,642,1022,380,-832,131,701
3.9822913292301,653,1021,368,-837,142.5,694.5
3.98445092322643,656,1022,366,-839,145,694
3.98661051722276,648,1022,374,-835,137,698
3.98877011121909,632,1021,389,-826.5,121.5,705
3.99092970521542,606,1021,415,-813.5,95.5,718
3.99308929921175,584,1022,438,-803,73,730
3.99524889320808,563,1020,457,-791.5,53,738.5
3.99740848720441,542,1021,479,-781.5,31.5,750
3.99956808120073,520,1022,502,-771,9,762
4.00172767519706,503,1023,520,-763,-8.5,771.5
4.00388726919339,492,1021,529,-756.5,-18.5,775
4.00604686318972,484,1021,537,-752.5,-26.5,779
4.00820645718605,479,1020,541,-749.5,-31,780.5
4.01036605118238,482,1021,539,-751.5,-28.5,780
4.01252564517871,482,1022,540,-752,-29,781
4.01468523917504,488,1021,533,-754.5,-22.5,777
4.01684483317136,495,1022,527,-758.5,-16,774.5
4.01900442716769,495,1022,527,-758.5,-16,774.5
4.02116402116402,495,1022,527,-758.5,-16,774.5
4.02332361516035,495,1021,526,-758,-15.5,773.5
4.02548320915668,491,1022,531,-756.5,-20,776.5
4.02764280315301,488,1022,534,-755,-23,778
4.02980239714934,488,1019,531,-753.5,-21.5,775
4.03196199114566,485,1020,535,-752.5,-25,777.5
4.03412158514199,480,1021,541,-750.5,-30.5,781
4.03628117913832,480,1021,541,-750.5,-30.5,781
4.03844077313465,481,1023,542,-752,-30.5,782.5
4.04060036713098,483,1023,540,-753,-28.5,781.5
4.04275996112731,486,1021,535,-753.5,-24.5,778
4.04491955512364,488,1021,533,-754.5,-22.5,777
4.04707914911997,491,1022,531,-756.5,-20,776.5
4.04923874311629,493,1022,529,-757.5,-18,775.5
4.05139833711262,491,1019,528,-755,-18.5,773.5
4.05355793110895,486,1023,537,-754.5,-25.5,780
4.05571752510528,484,1022,538,-753,-27,780
4.05787711910161,488,1021,533,-754.5,-22.5,777
4.06003671309794,492,1021,529,-756.5,-18.5,775
4.06219630709427,492,1021,529,-756.5,-18.5,775
4.06435590109059,489,1022,533,-755.5,-22,777.5
4.06651549508692,485,1022,537,-753.5,-26,779.5
4.06867508908325,486,1021,535,-753.5,-24.5,778
4.07083468307958,490,1022,532,-756,-21,777
4.07299427707591,494,1021,527,-757.5,-16.5,774
4.07515387107224,498,1022,524,-760,-13,773
4.07731346506857,501,1021,520,-761,-9.5,770.5
4.0794730590649,505,1021,516,-763,-5.5,768.5
4.08163265306122,510,1020,510,-765,0,765
4.08379224705755,508,1021,513,-764.5,-2.5,767
4.08595184105388,505,1021,516,-763,-5.5,768.5
4.08811143505021,504,1022,518,-763,-7,770
4.09027102904654,500,1022,522,-761,-11,772
4.09243062304287,497,1021,524,-759,-13.5,772.5
4.0945902170392,496,1022,526,-759,-15,774
4.09674981103552,497,1022,525,-759.5,-14,773.5
4.09890940503185,496,1023,527,-759.5,-15.5,775
4.10106899902818,493,1021,528,-757,-17.5,774.5
4.10322859302451,493,1022,529,-757.5,-18,775.5
4.10538818702084,494,1021,527,-757.5,-16.5,774
4.10754778101717,497,1021,524,-759,-13.5,772.5
4.1097073750135,504,1022,518,-763,-7,770
4.11186696900983,509,1021,512,-765,-1.5,766.5
4.11402656300615,510,1022,512,-766,-1,767
4.11618615700248,510,1022,512,-766,-1,767
4.11834575099881,509,1021,512,-765,-1.5,766.5
4.12050534499514,505,1021,516,-763,-5.5,768.5
4.12266493899147,505,1022,517,-763.5,-6,769.5
4.1248245329878,504,1023,519,-763.5,-7.5,771
4.12698412698413,507,1023,516,-765,-4.5,769.5
4.12914372098046,509,1022,513,-765.5,-2,767.5
4.13130331497678,510,1021,511,-765.5,-0.5,766
4.13346290897311,508,1021,513,-764.5,-2.5,767
4.13562250296944,510,1019,509,-764.5,0.5,764
4.13778209696577,512,1022,510,-767,1,766
4.1399416909621,510,1022,512,-766,-1,767
4.14210128495843,506,1020,514,-763,-4,767
4.14426087895476,507,1019,512,-763,-2.5,765.5
4.14642047295109,515,1023,508,-769,3.5,765.5
4.14858006694741,521,1022,501,-771.5,10,761.5
4.15073966094374,519,1021,502,-770,8.5,761.5
4.15289925494007,517,1021,504,-769,6.5,762.5
4.1550588489364,513,1022,509,-767.5,2,765.5
4.15721844293273,512,1020,508,-766,2,764
4.15937803692906,511,1022,511,-766.5,0,766.5
4.16153763092539,515,1021,506,-768,4.5,763.5
4.16369722492172,522,1022,500,-772,11,761
4.16585681891804,527,1021,494,-774,16.5,757.5
4.16801641291437,532,1020,488,-776,22,754
4.1701760069107,533,1020,487,-776.5,23,753.5
4.17233560090703,532,1022,490,-777,21,756
4.17449519490336,534,1021,487,-777.5,23.5,754
4.17665478889969,532,1023,491,-777.5,20.5,757
4.17881438289602,530,1021,491,-775.5,19.5,756
4.18097397689234,525,1021,496,-773,14.5,758.5
4.18313357088867,525,1023,498,-774,13.5,760.5
4.185293164885,530,1021,491,-775.5,19.5,756
4.18745275888133,532,1020,488,-776,22,754
4.18961235287766,537,1020,483,-778.5,27,751.5
4.19177194687399,534,1022,488,-778,23,755
4.19393154087032,526,1022,496,-774,15,759
4.19609113486664,524,1020,496,-772,14,758
4.19825072886297,525,1022,497,-773.5,14,759.5
4.2004103228593,531,1022,491,-776.5,20,756.5
4.20256991685563,535,1021,486,-778,24.5,753.5
4.20472951085196,536,1020,484,-778,26,752
4.20688910484829,535,1021,486,-778,24.5,753.5
4.20904869884462,536,1023,487,-779.5,24.5,755
4.21120829284095,534,1021,487,-777.5,23.5,754
4.21336788683727,534,1021,487,-777.5,23.5,754
4.2155274808336,534,1021,487,-777.5,23.5,754
4.21768707482993,534,1022,488,-778,23,755
4.21984666882626,529,1022,493,-775.5,18,757.5
4.22200626282259,525,1021,496,-773,14.5,758.5
4.22416585681892,520,1020,500,-770,10,760
4.22632545081525,512,1022,510,-767,1,766
4.22848504481157,515,1021,506,-768,4.5,763.5
4.2306446388079,518,1022,504,-770,7,763
4.23280423280423,523,1022,499,-772.5,12,760.5
4.23496382680056,526,1021,495,-773.5,15.5,758
4.23712342079689,526,1020,494,-773,16,757
4.23928301479322,526,1021,495,-773.5,15.5,758
4.24144260878955,526,1022,496,-774,15,759
4.24360220278588,527,1021,494,-774,16.5,757.5
4.2457617967822,526,1020,494,-773,16,757
4.24792139077853,521,1023,502,-772,9.5,762.5
4.25008098477486,515,1023,508,-769,3.5,765.5
4.25224057877119,510,1023,513,-766.5,-1.5,768
4.25440017276752,506,1021,515,-763.5,-4.5,768
4.25655976676385,506,1021,515,-763.5,-4.5,768
4.25871936076018,504,1021,517,-762.5,-6.5,769
4.26087895475651,506,1020,514,-763,-4,767
4.26303854875283,502,1023,521,-762.5,-9.5,772
4.26519814274916,500,1022,522,-761,-11,772
4.26735773674549,494,1022,528,-758,-17,775
4.26951733074182,492,1021,529,-756.5,-18.5,775
4.27167692473815,494,1021,527,-757.5,-16.5,774
4.27383651873448,495,1022,527,-758.5,-16,774.5
4.27599611273081,497,1023,526,-760,-14.5,774.5
4.27815570672714,501,1021,520,-761,-9.5,770.5
4.28031530072346,498,1022,524,-760,-13,773
4.28247489471979,495,1022,527,-758.5,-16,774.5
4.28463448871612,493,1021,528,-757,-17.5,774.5
4.28679408271245,491,1021,530,-756,-19.5,775.5
4.28895367670878,490,1022,532,-756,-21,777
4.29111327070511,490,1023,533,-756.5,-21.5,778
4.29327286470144,489,1022,533,-755.5,-22,777.5
4.29543245869777,482,1023,541,-752.5,-29.5,782
4.29759205269409,478,1021,543,-749.5,-32.5,782
4.29975164669042,477,1020,543,-748.5,-33,781.5
4.30191124068675,474,1022,548,-748,-37,785
4.30407083468308,472,1022,550,-747,-39,786
4.30623042867941,474,1022,548,-748,-37,785
4.30839002267574,484,1020,536,-752,-26,778
4.31054961667207,491,1020,529,-755.5,-19,774.5
4.31270921066839,495,1022,527,-758.5,-16,774.5
4.31486880466472,498,1022,524,-760,-13,773
4.31702839866105,498,1020,522,-759,-12,771
4.31918799265738,499,1022,523,-760.5,-12,772.5
4.32134758665371,496,1023,527,-759.5,-15.5,775
4.32350718065004,496,1023,527,-759.5,-15.5,775
4.32566677464637,497,1023,526,-760,-14.5,774.5
4.32782636864269,491,1023,532,-757,-20.5,777.5
4.32998596263902,489,1022,533,-755.5,-22,777.5
4.33214555663535,486,1021,535,-753.5,-24.5,778
4.33430515063168,483,1022,539,-752.5,-28,780.5
4.33646474462801,484,1022,538,-753,-27,780
4.33862433862434,486,1021,535,-753.5,-24.5,778
4.34078393262067,488,1022,534,-755,-23,778
4.342943526617,491,1022,531,-756.5,-20,776.5
4.34510312061332,494,1022,528,-758,-17,775
4.34726271460965,494,1023,529,-758.5,-17.5,776
4.34942230860598,494,1022,528,-758,-17,775
4.35158190260231,497,1021,524,-759,-13.5,772.5
4.35374149659864,499,1021,522,-760,-11.5,771.5
4.35590109059497,498,1022,524,-760,-13,773
4.3580606845913,491,1020,529,-755.5,-19,774.5
4.36022027858763,487,1021,534,-754,-23.5,777.5
4.36237987258395,490,1022,532,-756,-21,777
4.36453946658028,494,1023,529,-758.5,-17.5,776
4.36669906057661,499,1022,523,-760.5,-12,772.5
4.36885865457294,500,1022,522,-761,-11,772
4.37101824856927,498,1021,523,-759.5,-12.5,772
4.3731778425656,496,1022,526,-759,-15,774
4.37533743656193,496,1021,525,-758.5,-14.5,773
4.37749703055825,498,1021,523,-759.5,-12.5,772
4.37965662455458,497,1021,524,-759,-13.5,772.5
4.38181621855091,493,1022,529,-757.5,-18,775.5
4.38397581254724,491,1021,530,-756,-19.5,775.5
4.38613540654357,487,1022,535,-754.5,-24,778.5
4.3882950005399,486,1020,534,-753,-24,777
4.39045459453623,485,1021,536,-753,-25.5,778.5
4.39261418853256,484,1022,538,-753,-27,780
4.39477378252888,490,1021,531,-755.5,-20.5,776
4.39693337652521,494,1020,526,-757,-16,773
4.39909297052154,496,1021,525,-758.5,-14.5,773
4.40125256451787,500,1021,521,-760.5,-10.5,771
4.4034121585142,500,1022,522,-761,-11,772
4.40557175251053,501,1022,521,-761.5,-10,771.5
4.40773134650686,500,1022,522,-761,-11,772
4.40989094050319,501,1021,520,-761,-9.5,770.5
4.41205053449951,499,1022,523,-760.5,-12,772.5
4.41421012849584,498,1023,525,-760.5,-13.5,774
4.41636972249217,499,1023,524,-761,-12.5,773.5
4.4185293164885,498,1023,525,-760.5,-13.5,774
4.42068891048483,498,1022,524,-760,-13,773
4.42284850448116,501,1020,519,-760.5,-9,769.5
4.42500809847749,505,1020,515,-762.5,-5,767.5
4.42716769247382,505,1022,517,-763.5,-6,769.5
4.42932728647014,503,1022,519,-762.5,-8,770.5
4.43148688046647,498,1020,522,-759,-12,771
4.4336464744628,493,1021,528,-757,-17.5,774.5
4.43580606845913,492,1020,528,-756,-18,774
4.43796566245546,497,1023,526,-760,-14.5,774.5
4.44012525645179,505,1020,515,-762.5,-5,767.5
4.44228485044812,511,1021,510,-766,0.5,765.5
4.44444444444444,516,1022,506,-769,5,764
4.44660403844077,519,1021,502,-770,8.5,761.5
4.4487636324371,517,1021,504,-769,6.5,762.5
4.45092322643343,518,1021,503,-769.5,7.5,762
4.45308282042976,516,1022,506,-769,5,764
4.45524241442609,517,1021,504,-769,6.5,762.5
4.45740200842242,517,1021,504,-769,6.5,762.5
4.45956160241874,518,1022,504,-770,7,763
4.46172119641507,515,1021,506,-768,4.5,763.5
4.4638807904114,510,1021,511,-765.5,-0.5,766
4.46604038440773,511,1022,511,-766.5,0,766.5
4.46819997840406,509,1022,513,-765.5,-2,767.5
4.47035957240039,512,1023,511,-767.5,0.5,767
4.47251916639672,509,1022,513,-765.5,-2,767.5
4.47467876039305,508,1020,512,-764,-2,766
4.47683835438937,509,1021,512,-765,-1.5,766.5
4.4789979483857,512,1021,509,-766.5,1.5,765
4.48115754238203,515,1021,506,-768,4.5,763.5
4.48331713637836,514,1019,505,-766.5,4.5,762
4.48547673037469,510,1020,510,-765,0,765
4.48763632437102,508,1022,514,-765,-3,768
4.48979591836735,506,1021,515,-763.5,-4.5,768
4.49195551236368,504,1022,518,-763,-7,770
4.49411510636,504,1023,519,-763.5,-7.5,771
4.49627470035633,502,1023,521,-762.5,-9.5,772
4.49843429435266,504,1022,518,-763,-7,770
4.50059388834899,507,1020,513,-763.5,-3,766.5
4.50275348234532,510,1021,511,-765.5,-0.5,766
4.50491307634165,509,1022,513,-765.5,-2,767.5
4.50707267033798,507,1022,515,-764.5,-4,768.5
4.50923226433431,505,1020,515,-762.5,-5,767.5
4.51139185833063,500,1021,521,-760.5,-10.5,771
4.51355145232696,497,1022,525,-759.5,-14,773.5
4.51571104632329,493,1022,529,-757.5,-18,775.5
4.51787064031962,489,1022,533,-755.5,-22,777.5
4.52003023431595,491,1022,531,-756.5,-20,776.5
4.52218982831228,494,1022,528,-758,-17,775
4.52434942230861,491,1021,530,-756,-19.5,775.5
4.52650901630493,489,1022,533,-755.5,-22,777.5
4.52866861030126,491,1022,531,-756.5,-20,776.5
4.53082820429759,490,1021,531,-755.5,-20.5,776
4.53298779829392,484,1022,538,-753,-27,780
4.53514739229025,484,1022,538,-753,-27,780
4.53730698628658,484,1021,537,-752.5,-26.5,779
4.53946658028291,485,1022,537,-753.5,-26,779.5
4.54162617427924,487,1023,536,-755,-24.5,779.5
4.54378576827556,484,1022,538,-753,-27,780
4.54594536227189,482,1021,539,-751.5,-28.5,780
4.54810495626822,485,1022,537,-753.5,-26,779.5
4.55026455026455,491,1021,530,-756,-19.5,775.5
4.55242414426088,495,1021,526,-758,-15.5,773.5
4.55458373825721,500,1022,522,-761,-11,772
4.55674333225354,500,1022,522,-761,-11,772
4.55890292624987,500,1020,520,-760,-10,770
4.56106252024619,497,1023,526,-760,-14.5,774.5
4.56322211424252,496,1021,525,-758.5,-14.5,773
4.56538170823885,493,1020,527,-756.5,-17,773.5
4.56754130223518,487,1021,534,-754,-23.5,777.5
4.56970089623151,483,1022,539,-752.5,-28,780.5
4.57186049022784,483,1021,538,-752,-27.5,779.5
4.57402008422417,481,1022,541,-751.5,-30,781.5
4.57617967822049,483,1021,538,-752,-27.5,779.5
4.57833927221682,489,1023,534,-756,-22.5,778.5
4.58049886621315,491,1022,531,-756.5,-20,776.5
4.58265846020948,494,1020,526,-757,-16,773
4.58481805420581,494,1021,527,-757.5,-16.5,774
4.58697764820214,499,1022,523,-760.5,-12,772.5
4.58913724219847,511,1022,511,-766.5,0,766.5
4.5912968361948,530,1022,492,-776,19,757
4.59345643019112,555,1020,465,-787.5,45,742.5
4.59561602418745,578,1019,441,-798.5,68.5,730
4.59777561818378,599,1023,424,-811,87.5,723.5
4.59993521218011,619,1021,402,-820,108.5,711.5
4.60209480617644,637,1022,385,-829.5,126,703.5
4.60425440017277,651,1021,370,-836,140.5,695.5
4.6064139941691,658,1020,362,-839,148,691
4.60857358816542,648,1021,373,-834.5,137.5,697
4.61073318216175,627,1022,395,-824.5,116,708.5
4.61289277615808,602,1020,418,-811,92,719
4.61505237015441,583,1021,438,-802,72.5,729.5
4.61721196415074,564,1022,458,-793,53,740
4.61937155814707,543,1021,478,-782,32.5,749.5
4.6215311521434,522,1023,501,-772.5,10.5,762
4.62369074613973,506,1021,515,-763.5,-4.5,768
4.62585034013605,494,1021,527,-757.5,-16.5,774
4.62800993413238,483,1021,538,-752,-27.5,779.5
4.63016952812871,479,1020,541,-749.5,-31,780.5
4.63232912212504,480,1023,543,-751.5,-31.5,783
4.63448871612137,486,1020,534,-753,-24,777
4.6366483101177,496,1021,525,-758.5,-14.5,773
4.63880790411403,502,1021,519,-761.5,-8.5,770
4.64096749811036,507,1023,516,-765,-4.5,769.5
4.64312709210668,507,1021,514,-764,-3.5,767.5
4.64528668610301,505,1023,518,-764,-6.5,770.5
4.64744628009934,498,1023,525,-760.5,-13.5,774
4.64960587409567,498,1023,525,-760.5,-13.5,774
4.651765468092,494,1022,528,-758,-17,775
4.65392506208833,493,1021,528,-757,-17.5,774.5
4.65608465608466,490,1020,530,-755,-20,775
4.65824425008099,488,1022,534,-755,-23,778
4.66040384407731,490,1020,530,-755,-20,775
4.66256343807364,490,1023,533,-756.5,-21.5,778
4.66472303206997,489,1021,532,-755,-21.5,776.5
4.6668826260663,492,1022,530,-757,-19,776
4.66904222006263,492,1020,528,-756,-18,774
4.67120181405896,494,1023,529,-758.5,-17.5,776
4.67336140805529,495,1021,526,-758,-15.5,773.5
4.67552100205161,495,1021,526,-758,-15.5,773.5
4.67768059604794,493,1022,529,-757.5,-18,775.5
4.67984019004427,491,1022,531,-756.5,-20,776.5
4.6819997840406,490,1021,531,-755.5,-20.5,776
4.68415937803693,491,1023,532,-757,-20.5,777.5
4.68631897203326,493,1023,530,-758,-18.5,776.5
4.68847856602959,488,1021,533,-754.5,-22.5,777
4.69063816002592,486,1021,535,-753.5,-24.5,778
4.69279775402224,485,1023,538,-754,-26.5,780.5
4.69495734801857,488,1020,532,-754,-22,776
4.6971169420149,491,1019,528,-755,-18.5,773.5
4.69927653601123,495,1021,526,-758,-15.5,773.5
4.70143613000756,496,1023,527,-759.5,-15.5,775
4.70359572400389,496,1021,525,-758.5,-14.5,773
4.70575531800022,496,1022,526,-759,-15,774
4.70791491199654,495,1022,527,-758.5,-16,774.5
4.71007450599287,491,1020,529,-755.5,-19,774.5
4.7122340999892,484,1022,538,-753,-27,780
4.71439369398553,486,1021,535,-753.5,-24.5,778
4.71655328798186,489,1021,532,-755,-21.5,776.5
4.71871288197819,493,1022,529,-757.5,-18,775.5
4.72087247597452,502,1021,519,-761.5,-8.5,770
4.72303206997085,513,1023,510,-768,1.5,766.5
4.72519166396717,518,1023,505,-770.5,6.5,764
4.7273512579635,516,1022,506,-769,5,764
4.72951085195983,510,1021,511,-765.5,-0.5,766
4.73167044595616,507,1023,516,-765,-4.5,769.5
4.73383003995249,506,1022,516,-764,-5,769
4.73598963394882,503,1021,518,-762,-7.5,769.5
4.73814922794515,497,1022,525,-759.5,-14,773.5
4.74030882194147,495,1023,528,-759,-16.5,775.5
4.7424684159378,498,1019,521,-758.5,-11.5,770
4.74462800993413,502,1022,520,-762,-9,771
4.74678760393046,510,1020,510,-765,0,765
4.74894719792679,511,1022,511,-766.5,0,766.5
4.75110679192312,514,1021,507,-767.5,3.5,764
4.75326638591945,515,1022,507,-768.5,4,764.5
4.75542597991578,516,1022,506,-769,5,764
4.7575855739121,518,1022,504,-770,7,763
4.75974516790843,516,1019,503,-767.5,6.5,761
4.76190476190476,517,1020,503,-768.5,7,761.5
4.76406435590109,514,1020,506,-767,4,763
4.76622394989742,512,1022,510,-767,1,766
4.76838354389375,511,1022,511,-766.5,0,766.5
4.77054313789008,506,1023,517,-764.5,-5.5,770
4.77270273188641,508,1022,514,-765,-3,768
4.77486232588273,508,1022,514,-765,-3,768
4.77702191987906,515,1021,506,-768,4.5,763.5
4.77918151387539,519,1021,502,-770,8.5,761.5
4.78134110787172,525,1022,497,-773.5,14,759.5
4.78350070186805,525,1023,498,-774,13.5,760.5
4.78566029586438,520,1022,502,-771,9,762
4.78781988986071,520,1022,502,-771,9,762
4.78997948385704,519,1020,501,-769.5,9,760.5
4.79213907785336,524,1022,498,-773,13,760
4.79429867184969,529,1023,494,-776,17.5,758.5
4.79645826584602,525,1021,496,-773,14.5,758.5
4.79861785984235,523,1020,497,-771.5,13,758.5
4.80077745383868,519,1020,501,-769.5,9,760.5
4.80293704783501,516,1020,504,-768,6,762
4.80509664183134,514,1021,507,-767.5,3.5,764
4.80725623582766,517,1021,504,-769,6.5,762.5
4.80941582982399,525,1023,498,-774,13.5,760.5
4.81157542382032,532,1020,488,-776,22,754
4.81373501781665,537,1020,483,-778.5,27,751.5
4.81589461181298,538,1020,482,-779,28,751
4.81805420580931,539,1021,482,-780,28.5,751.5
4.82021379980564,543,1020,477,-781.5,33,748.5
4.82237339380197,542,1023,481,-782.5,30.5,752
4.82453298779829,541,1023,482,-782,29.5,752.5
4.82669258179462,540,1023,483,-781.5,28.5,753
4.82885217579095,535,1022,487,-778.5,24,754.5
4.83101176978728,531,1022,491,-776.5,20,756.5
4.83317136378361,527,1021,494,-774,16.5,757.5
4.83533095777994,529,1022,493,-775.5,18,757.5
4.83749055177627,531,1022,491,-776.5,20,756.5
4.83965014577259,539,1020,481,-779.5,29,750.5
4.84180973976892,537,1022,485,-779.5,26,753.5
4.84396933376525,532,1022,490,-777,21,756
4.84612892776158,531,1021,490,-776,20.5,755.5
4.84828852175791,533,1023,490,-778,21.5,756.5
4.85044811575424,540,1020,480,-780,30,750
4.85260770975057,537,1021,484,-779,26.5,752.5
4.8547673037469,530,1022,492,-776,19,757
4.85692689774322,521,1021,500,-771,10.5,760.5
4.85908649173955,516,1021,505,-768.5,5.5,763
4.86124608573588,516,1021,505,-768.5,5.5,763
4.86340567973221,517,1022,505,-769.5,6,763.5
4.86556527372854,514,1022,508,-768,3,765
4.86772486772487,511,1020,509,-765.5,1,764.5
4.8698844617212,512,1022,510,-767,1,766
4.87204405571752,515,1020,505,-767.5,5,762.5
4.87420364971385,513,1021,508,-767,2.5,764.5
4.87636324371018,508,1021,513,-764.5,-2.5,767
4.87852283770651,505,1022,517,-763.5,-6,769.5
4.88068243170284,499,1021,522,-760,-11.5,771.5
4.88284202569917,497,1022,525,-759.5,-14,773.5
4.8850016196955,492,1022,530,-757,-19,776
4.88716121369183,488,1022,534,-755,-23,778
4.88932080768815,489,1019,530,-754,-20.5,774.5
4.89148040168448,487,1022,535,-754.5,-24,778.5
4.89363999568081,493,1021,528,-757,-17.5,774.5
4.89579958967714,495,1021,526,-758,-15.5,773.5
4.89795918367347,495,1021,526,-758,-15.5,773.5
4.9001187776698,496,1020,524,-758,-14,772
4.90227837166613,498,1022,524,-760,-13,773
4.90443796566246,497,1022,525,-759.5,-14,773.5
4.90659755965878,498,1022,524,-760,-13,773
4.90875715365511,500,1021,521,-760.5,-10.5,771
4.91091674765144,501,1021,520,-761,-9.5,770.5
4.91307634164777,495,1022,527,-758.5,-16,774.5
4.9152359356441,486,1022,536,-754,-25,779
4.91739552964043,480,1023,543,-751.5,-31.5,783
4.91955512363676,477,1022,545,-749.5,-34,783.5
4.92171471763309,482,1021,539,-751.5,-28.5,780
4.92387431162941,488,1023,535,-755.5,-23.5,779
4.92603390562574,490,1020,530,-755,-20,775
4.92819349962207,492,1020,528,-756,-18,774
4.9303530936184,495,1022,527,-758.5,-16,774.5
4.93251268761473,495,1021,526,-758,-15.5,773.5
4.93467228161106,493,1023,530,-758,-18.5,776.5
4.93683187560739,493,1021,528,-757,-17.5,774.5
4.93899146960371,493,1022,529,-757.5,-18,775.5
4.94115106360004,489,1022,533,-755.5,-22,777.5
4.94331065759637,486,1021,535,-753.5,-24.5,778
4.9454702515927,485,1023,538,-754,-26.5,780.5
4.94762984558903,488,1022,534,-755,-23,778
4.94978943958536,490,1021,531,-755.5,-20.5,776
4.95194903358169,493,1021,528,-757,-17.5,774.5
4.95410862757802,496,1021,525,-758.5,-14.5,773
4.95626822157434,491,1022,531,-756.5,-20,776.5
4.95842781557067,492,1020,528,-756,-18,774
4.960587409567,491,1022,531,-756.5,-20,776.5
4.96274700356333,490,1023,533,-756.5,-21.5,778
4.96490659755966,488,1023,535,-755.5,-23.5,779
4.96706619155599,490,1020,530,-755,-20,775
4.96922578555232,489,1022,533,-755.5,-22,777.5
4.97138537954864,489,1021,532,-755,-21.5,776.5
4.97354497354497,491,1023,532,-757,-20.5,777.5
4.9757045675413,494,1021,527,-757.5,-16.5,774
4.97786416153763,497,1021,524,-759,-13.5,772.5
4.98002375553396,498,1019,521,-758.5,-11.5,770
4.98218334953029,494,1022,528,-758,-17,775
4.98434294352662,492,1022,530,-757,-19,776
4.98650253752295,493,1022,529,-757.5,-18,775.5
4.98866213151927,497,1021,524,-759,-13.5,772.5
4.9908217255156,501,1021,520,-761,-9.5,770.5
4.99298131951193,499,1022,523,-760.5,-12,772.5
4.99514091350826,493,1022,529,-757.5,-18,775.5
4.99730050750459,485,1021,536,-753,-25.5,778.5
4.99946010150092,486,1022,536,-754,-25,779
5.00161969549725,489,1020,531,-754.5,-21,775.5
5.00377928949357,493,1020,527,-756.5,-17,773.5
5.0059388834899,499,1020,521,-759.5,-11,770.5
5.00809847748623,505,1022,517,-763.5,-6,769.5
5.01025807148256,506,1021,515,-763.5,-4.5,768
5.01241766547889,501,1021,520,-761,-9.5,770.5
5.01457725947522,499,1023,524,-761,-12.5,773.5
5.01673685347155,497,1022,525,-759.5,-14,773.5
5.01889644746788,499,1021,522,-760,-11.5,771.5
5.0210560414642,499,1021,522,-760,-11.5,771.5
5.02321563546053,499,1021,522,-760,-11.5,771.5
5.02537522945686,496,1021,525,-758.5,-14.5,773
5.02753482345319,494,1022,528,-758,-17,775
5.02969441744952,494,1021,527,-757.5,-16.5,774
5.03185401144585,494,1021,527,-757.5,-16.5,774
5.03401360544218,496,1022,526,-759,-15,774
5.03617319943851,497,1022,525,-759.5,-14,773.5
5.03833279343483,498,1021,523,-759.5,-12.5,772
5.04049238743116,498,1021,523,-759.5,-12.5,772
5.04265198142749,497,1023,526,-760,-14.5,774.5
5.04481157542382,497,1021,524,-759,-13.5,772.5
5.04697116942015,497,1022,525,-759.5,-14,773.5
5.04913076341648,501,1022,521,-761.5,-10,771.5
5.05129035741281,506,1023,517,-764.5,-5.5,770
5.05344995140914,510,1021,511,-765.5,-0.5,766
5.05560954540546,509,1022,513,-765.5,-2,767.5
5.05776913940179,508,1023,515,-765.5,-3.5,769
5.05992873339812,505,1020,515,-762.5,-5,767.5
5.06208832739445,507,1022,515,-764.5,-4,768.5
5.06424792139078,507,1021,514,-764,-3.5,767.5
5.06640751538711,506,1021,515,-763.5,-4.5,768
5.06856710938344,506,1021,515,-763.5,-4.5,768
5.07072670337976,503,1022,519,-762.5,-8,770.5
5.07288629737609,504,1021,517,-762.5,-6.5,769
5.07504589137242,508,1021,513,-764.5,-2.5,767
5.07720548536875,513,1021,508,-767,2.5,764.5
5.07936507936508,517,1021,504,-769,6.5,762.5
5.08152467336141,515,1020,505,-767.5,5,762.5
5.08368426735774,515,1020,505,-767.5,5,762.5
5.08584386135407,518,1021,503,-769.5,7.5,762
5.08800345535039,522,1021,499,-771.5,11.5,760
5.09016304934672,526,1022,496,-774,15,759
5.09232264334305,525,1021,496,-773,14.5,758.5
5.09448223733938,522,1023,501,-772.5,10.5,762
5.09664183133571,521,1021,500,-771,10.5,760.5
5.09880142533204,516,1019,503,-767.5,6.5,761
5.10096101932837,515,1022,507,-768.5,4,764.5
5.10312061332469,515,1021,506,-768,4.5,763.5
5.10528020732102,511,1022,511,-766.5,0,766.5
5.10743980131735,507,1022,515,-764.5,-4,768.5
5.10959939531368,502,1022,520,-762,-9,771
5.11175898931001,499,1020,521,-759.5,-11,770.5
5.11391858330634,500,1022,522,-761,-11,772
5.11607817730267,503,1020,517,-761.5,-7,768.5
5.118237771299,507,1023,516,-765,-4.5,769.5
5.12039736529532,507,1022,515,-764.5,-4,768.5
5.12255695929165,502,1023,521,-762.5,-9.5,772
5.12471655328798,502,1023,521,-762.5,-9.5,772
5.12687614728431,503,1021,518,-762,-7.5,769.5
5.12903574128064,502,1022,520,-762,-9,771
5.13119533527697,499,1020,521,-759.5,-11,770.5
5.1333549292733,495,1022,527,-758.5,-16,774.5
5.13551452326963,493,1022,529,-757.5,-18,775.5
5.13767411726595,493,1021,528,-757,-17.5,774.5
5.13983371126228,493,1022,529,-757.5,-18,775.5
5.14199330525861,493,1021,528,-757,-17.5,774.5
5.14415289925494,492,1021,529,-756.5,-18.5,775
5.14631249325127,492,1023,531,-757.5,-19.5,777
5.1484720872476,490,1021,531,-755.5,-20.5,776
5.15063168124393,489,1021,532,-755,-21.5,776.5
5.15279127524025,487,1022,535,-754.5,-24,778.5
5.15495086923658,484,1021,537,-752.5,-26.5,779
5.15711046323291,483,1021,538,-752,-27.5,779.5
5.15927005722924,485,1021,536,-753,-25.5,778.5
5.16142965122557,487,1022,535,-754.5,-24,778.5
5.1635892452219,487,1020,533,-753.5,-23,776.5
5.16574883921823,487,1020,533,-753.5,-23,776.5
5.16790843321456,487,1021,534,-754,-23.5,777.5
5.17006802721088,486,1022,536,-754,-25,779
5.17222762120721,486,1022,536,-754,-25,779
5.17438721520354,488,1022,534,-755,-23,778
5.17654680919987,490,1021,531,-755.5,-20.5,776
5.1787064031962,494,1021,527,-757.5,-16.5,774
5.18086599719253,498,1022,524,-760,-13,773
5.18302559118886,499,1023,524,-761,-12.5,773.5
5.18518518518519,498,1023,525,-760.5,-13.5,774
5.18734477918151,494,1022,528,-758,-17,775
5.18950437317784,495,1021,526,-758,-15.5,773.5
5.19166396717417,492,1021,529,-756.5,-18.5,775
5.1938235611705,488,1022,534,-755,-23,778
5.19598315516683,487,1023,536,-755,-24.5,779.5
5.19814274916316,488,1021,533,-754.5,-22.5,777
5.20030234315949,488,1021,533,-754.5,-22.5,777
5.20246193715581,486,1022,536,-754,-25,779
5.20462153115214,486,1020,534,-753,-24,777
5.20678112514847,491,1022,531,-756.5,-20,776.5
5.2089407191448,497,1022,525,-759.5,-14,773.5
5.21110031314113,508,1021,513,-764.5,-2.5,767
5.21325990713746,522,1022,500,-772,11,761
5.21541950113379,549,1020,471,-784.5,39,745.5
5.21757909513012,574,1020,446,-797,64,733
5.21973868912644,601,1021,420,-811,90.5,720.5
5.22189828312277,623,1020,397,-821.5,113,708.5
5.2240578771191,639,1021,382,-830,128.5,701.5
5.22621747111543,651,1021,370,-836,140.5,695.5
5.22837706511176,655,1022,367,-838.5,144,694.5
5.23053665910809,649,1021,372,-835,138.5,696.5
5.23269625310442,637,1021,384,-829,126.5,702.5
5.23485584710074,613,1022,409,-817.5,102,715.5
5.23701544109707,583,1021,438,-802,72.5,729.5
5.2391750350934,554,1020,466,-787,44,743
5.24133462908973,533,1022,489,-777.5,22,755.5
5.24349422308606,517,1021,504,-769,6.5,762.5
5.24565381708239,501,1021,520,-761,-9.5,770.5
5.24781341107872,493,1023,530,-758,-18.5,776.5
5.24997300507505,487,1020,533,-753.5,-23,776.5
5.25213259907137,483,1021,538,-752,-27.5,779.5
5.2542921930677,480,1021,541,-750.5,-30.5,781
5.25645178706403,482,1021,539,-751.5,-28.5,780
5.25861138106036,489,1021,532,-755,-21.5,776.5
5.26077097505669,496,1021,525,-758.5,-14.5,773
5.26293056905302,503,1022,519,-762.5,-8,770.5
5.26509016304935,507,1021,514,-764,-3.5,767.5
5.26724975704568,507,1021,514,-764,-3.5,767.5
5.269409351042,504,1022,518,-763,-7,770
5.27156894503833,497,1022,525,-759.5,-14,773.5
5.27372853903466,494,1023,529,-758.5,-17.5,776
5.27588813303099,489,1021,532,-755,-21.5,776.5
5.27804772702732,490,1021,531,-755.5,-20.5,776
5.28020732102365,493,1022,529,-757.5,-18,775.5
5.28236691501998,491,1023,532,-757,-20.5,777.5
5.28452650901631,488,1022,534,-755,-23,778
5.28668610301263,486,1021,535,-753.5,-24.5,778
5.28884569700896,489,1020,531,-754.5,-21,775.5
5.29100529100529,490,1021,531,-755.5,-20.5,776
5.29316488500162,490,1022,532,-756,-21,777
5.29532447899795,486,1020,534,-753,-24,777
5.29748407299428,482,1020,538,-751,-28,779
5.29964366699061,479,1021,542,-750,-31.5,781.5
5.30180326098693,482,1022,540,-752,-29,781
5.30396285498326,487,1023,536,-755,-24.5,779.5
5.30612244897959,489,1020,531,-754.5,-21,775.5
5.30828204297592,487,1022,535,-754.5,-24,778.5
5.31044163697225,489,1021,532,-755,-21.5,776.5
5.31260123096858,491,1022,531,-756.5,-20,776.5
5.31476082496491,494,1021,527,-757.5,-16.5,774
5.31692041896124,495,1022,527,-758.5,-16,774.5
5.31908001295756,497,1021,524,-759,-13.5,772.5
5.32123960695389,500,1021,521,-760.5,-10.5,771
5.32339920095022,500,1020,520,-760,-10,770
5.32555879494655,498,1022,524,-760,-13,773
5.32771838894288,496,1021,525,-758.5,-14.5,773
5.32987798293921,494,1021,527,-757.5,-16.5,774
5.33203757693554,494,1020,526,-757,-16,773
5.33419717093186,492,1022,530,-757,-19,776
5.33635676492819,490,1021,531,-755.5,-20.5,776
5.33851635892452,491,1022,531,-756.5,-20,776.5
5.34067595292085,494,1021,527,-757.5,-16.5,774
5.34283554691718,496,1021,525,-758.5,-14.5,773
5.34499514091351,497,1021,524,-759,-13.5,772.5
5.34715473490984,498,1023,525,-760.5,-13.5,774
5.34931432890617,497,1020,523,-758.5,-13,771.5
5.35147392290249,499,1021,522,-760,-11.5,771.5
5.35363351689882,505,1022,517,-763.5,-6,769.5
5.35579311089515,510,1021,511,-765.5,-0.5,766
5.35795270489148,513,1022,509,-767.5,2,765.5
5.36011229888781,513,1023,510,-768,1.5,766.5
5.36227189288414,511,1023,512,-767,-0.5,767.5
5.36443148688047,505,1021,516,-763,-5.5,768.5
5.36659108087679,503,1023,520,-763,-8.5,771.5
5.36875067487312,500,1021,521,-760.5,-10.5,771
5.37091026886945,500,1021,521,-760.5,-10.5,771
5.37306986286578,501,1021,520,-761,-9.5,770.5
5.37522945686211,502,1021,519,-761.5,-8.5,770
5.37738905085844,508,1020,512,-764,-2,766
5.37954864485477,514,1021,507,-767.5,3.5,764
5.3817082388511,520,1023,503,-771.5,8.5,763
5.38386783284742,524,1021,497,-772.5,13.5,759
5.38602742684375,521,1021,500,-771,10.5,760.5
5.38818702084008,518,1023,505,-770.5,6.5,764
5.39034661483641,509,1023,514,-766,-2.5,768.5
5.39250620883274,502,1023,521,-762.5,-9.5,772
5.39466580282907,504,1021,517,-762.5,-6.5,769
5.3968253968254,506,1021,515,-763.5,-4.5,768
5.39898499082173,512,1021,509,-766.5,1.5,765
5.40114458481805,516,1023,507,-769.5,4.5,765
5.40330417881438,519,1021,502,-770,8.5,761.5
5.40546377281071,521,1021,500,-771,10.5,760.5
5.40762336680704,526,1020,494,-773,16,757
5.40978296080337,525,1022,497,-773.5,14,759.5
5.4119425547997,525,1021,496,-773,14.5,758.5
5.41410214879603,524,1022,498,-773,13,760
5.41626174279236,520,1022,502,-771,9,762
5.41842133678868,517,1023,506,-770,5.5,764.5
5.42058093078501,522,1020,498,-771,12,759
5.42274052478134,524,1023,499,-773.5,12.5,761
5.42490011877767,527,1021,494,-774,16.5,757.5
5.427059712774,530,1021,491,-775.5,19.5,756
5.42921930677033,529,1022,493,-775.5,18,757.5
5.43137890076666,531,1020,489,-775.5,21,754.5
5.43353849476298,529,1020,491,-774.5,19,755.5
5.43569808875931,529,1021,492,-775,18.5,756.5
5.43785768275564,529,1021,492,-775,18.5,756.5
5.44001727675197,529,1022,493,-775.5,18,757.5
5.4421768707483,527,1021,494,-774,16.5,757.5
5.44433646474463,527,1022,495,-774.5,16,758.5
5.44649605874096,529,1022,493,-775.5,18,757.5
5.44865565273729,531,1021,490,-776,20.5,755.5
5.45081524673361,534,1022,488,-778,23,755
5.45297484072994,539,1021,482,-780,28.5,751.5
5.45513443472627,539,1021,482,-780,28.5,751.5
5.4572940287226,535,1022,487,-778.5,24,754.5
5.45945362271893,530,1021,491,-775.5,19.5,756
5.46161321671526,528,1021,493,-774.5,17.5,757
5.46377281071159,525,1022,497,-773.5,14,759.5
5.46593240470791,523,1021,498,-772,12.5,759.5
5.46809199870424,523,1021,498,-772,12.5,759.5
5.47025159270057,526,1020,494,-773,16,757
5.4724111866969,526,1021,495,-773.5,15.5,758
5.47457078069323,526,1021,495,-773.5,15.5,758
5.47673037468956,529,1022,493,-775.5,18,757.5
5.47888996868589,529,1023,494,-776,17.5,758.5
5.48104956268222,529,1021,492,-775,18.5,756.5
5.48320915667854,528,1021,493,-774.5,17.5,757
5.48536875067487,526,1021,495,-773.5,15.5,758
5.4875283446712,523,1021,498,-772,12.5,759.5
5.48968793866753,523,1023,500,-773,11.5,761.5
5.49184753266386,519,1021,502,-770,8.5,761.5
5.49400712666019,515,1023,508,-769,3.5,765.5
5.49616672065652,512,1021,509,-766.5,1.5,765
5.49832631465284,512,1022,510,-767,1,766
5.50048590864917,513,1021,508,-767,2.5,764.5
5.5026455026455,513,1023,510,-768,1.5,766.5
5.50480509664183,509,1021,512,-765,-1.5,766.5
5.50696469063816,504,1021,517,-762.5,-6.5,769
5.50912428463449,502,1022,520,-762,-9,771
5.51128387863082,494,1022,528,-758,-17,775
5.51344347262715,489,1021,532,-755,-21.5,776.5
5.51560306662347,483,1021,538,-752,-27.5,779.5
5.5177626606198,480,1022,542,-751,-31,782
5.51992225461613,481,1021,540,-751,-29.5,780.5
5.52208184861246,484,1022,538,-753,-27,780
5.52424144260879,488,1022,534,-755,-23,778
5.52640103660512,491,1022,531,-756.5,-20,776.5
5.52856063060145,492,1020,528,-756,-18,774
5.53072022459778,486,1021,535,-753.5,-24.5,778
5.5328798185941,482,1022,540,-752,-29,781
5.53503941259043,484,1022,538,-753,-27,780
5.53719900658676,489,1023,534,-756,-22.5,778.5
5.53935860058309,493,1022,529,-757.5,-18,775.5
5.54151819457942,495,1022,527,-758.5,-16,774.5
5.54367778857575,500,1023,523,-761.5,-11.5,773
5.54583738257208,501,1021,520,-761,-9.5,770.5
5.54799697656841,495,1023,528,-759,-16.5,775.5
5.55015657056473,491,1021,530,-756,-19.5,775.5
5.55231616456106,486,1023,537,-754.5,-25.5,780
5.55447575855739,481,1021,540,-751,-29.5,780.5
5.55663535255372,482,1021,539,-751.5,-28.5,780
5.55879494655005,480,1022,542,-751,-31,782
5.56095454054638,478,1022,544,-750,-33,783
5.56311413454271,481,1021,540,-751,-29.5,780.5
5.56527372853903,487,1022,535,-754.5,-24,778.5
5.56743332253536,492,1020,528,-756,-18,774
5.56959291653169,488,1022,534,-755,-23,778
5.57175251052802,489,1021,532,-755,-21.5,776.5
5.57391210452435,490,1021,531,-755.5,-20.5,776
5.57607169852068,492,1022,530,-757,-19,776
5.57823129251701,493,1021,528,-757,-17.5,774.5
5.58039088651334,492,1021,529,-756.5,-18.5,775
5.58255048050966,493,1023,530,-758,-18.5,776.5
5.58471007450599,498,1020,522,-759,-12,771
5.58686966850232,498,1022,524,-760,-13,773
5.58902926249865,497,1022,525,-759.5,-14,773.5
5.59118885649498,493,1021,528,-757,-17.5,774.5
5.59334845049131,492,1022,530,-757,-19,776
5.59550804448764,496,1022,526,-759,-15,774
5.59766763848396,495,1023,528,-759,-16.5,775.5
5.59982723248029,495,1022,527,-758.5,-16,774.5
5.60198682647662,493,1022,529,-757.5,-18,775.5
5.60414642047295,492,1023,531,-757.5,-19.5,777
5.60630601446928,490,1022,532,-756,-21,777
5.60846560846561,489,1021,532,-755,-21.5,776.5
5.61062520246194,489,1021,532,-755,-21.5,776.5
5.61278479645827,492,1020,528,-756,-18,774
5.61494439045459,495,1022,527,-758.5,-16,774.5
5.61710398445092,498,1020,522,-759,-12,771
5.61926357844725,496,1021,525,-758.5,-14.5,773
5.62142317244358,497,1022,525,-759.5,-14,773.5
5.62358276643991,500,1021,521,-760.5,-10.5,771
5.62574236043624,502,1022,520,-762,-9,771
5.62790195443257,500,1023,523,-761.5,-11.5,773
5.6300615484289,499,1019,520,-759,-10.5,769.5
5.63222114242522,493,1021,528,-757,-17.5,774.5
5.63438073642155,492,1022,530,-757,-19,776
5.63654033041788,490,1021,531,-755.5,-20.5,776
5.63869992441421,490,1021,531,-755.5,-20.5,776
5.64085951841054,493,1023,530,-758,-18.5,776.5
5.64301911240687,495,1020,525,-757.5,-15,772.5
5.6451787064032,494,1020,526,-757,-16,773
5.64733830039952,494,1021,527,-757.5,-16.5,774
5.64949789439585,496,1022,526,-759,-15,774
5.65165748839218,498,1021,523,-759.5,-12.5,772
5.65381708238851,498,1021,523,-759.5,-12.5,772
5.65597667638484,497,1020,523,-758.5,-13,771.5
5.65813627038117,495,1022,527,-758.5,-16,774.5
5.6602958643775,497,1021,524,-759,-13.5,772.5
5.66245545837383,497,1021,524,-759,-13.5,772.5
5.66461505237015,495,1021,526,-758,-15.5,773.5
5.66677464636648,491,1022,531,-756.5,-20,776.5
5.66893424036281,485,1022,537,-753.5,-26,779.5
5.67109383435914,485,1021,536,-753,-25.5,778.5
5.67325342835547,492,1022,530,-757,-19,776
5.6754130223518,496,1023,527,-759.5,-15.5,775
5.67757261634813,500,1022,522,-761,-11,772
5.67973221034446,505,1022,517,-763.5,-6,769.5
5.68189180434078,510,1022,512,-766,-1,767
5.68405139833711,509,1022,513,-765.5,-2,767.5
5.68621099233344,506,1021,515,-763.5,-4.5,768
5.68837058632977,506,1021,515,-763.5,-4.5,768
5.6905301803261,507,1023,516,-765,-4.5,769.5
5.69268977432243,508,1022,514,-765,-3,768
5.69484936831876,508,1022,514,-765,-3,768
5.69700896231508,510,1021,511,-765.5,-0.5,766
5.69916855631141,508,1022,514,-765,-3,768
5.70132815030774,508,1022,514,-765,-3,768
5.70348774430407,509,1021,512,-765,-1.5,766.5
5.7056473383004,508,1021,513,-764.5,-2.5,767
5.70780693229673,504,1022,518,-763,-7,770
5.70996652629306,504,1022,518,-763,-7,770
5.71212612028939,510,1021,511,-765.5,-0.5,766
5.71428571428571,515,1022,507,-768.5,4,764.5
5.71644530828204,522,1020,498,-771,12,759
5.71860490227837,523,1021,498,-772,12.5,759.5
5.7207644962747,516,1022,506,-769,5,764
5.72292409027103,512,1021,509,-766.5,1.5,765
5.72508368426736,510,1022,512,-766,-1,767
5.72724327826369,508,1022,514,-765,-3,768
5.72940287226001,511,1021,510,-766,0.5,765.5
5.73156246625634,514,1021,507,-767.5,3.5,764
5.73372206025267,513,1022,509,-767.5,2,765.5
5.735881654249,510,1021,511,-765.5,-0.5,766
5.73804124824533,503,1022,519,-762.5,-8,770.5
5.74020084224166,501,1022,521,-761.5,-10,771.5
5.74236043623799,499,1021,522,-760,-11.5,771.5
5.74452003023432,503,1021,518,-762,-7.5,769.5
5.74667962423064,505,1022,517,-763.5,-6,769.5
5.74883921822697,509,1020,511,-764.5,-1,765.5
5.7509988122233,510,1021,511,-765.5,-0.5,766
5.75315840621963,510,1022,512,-766,-1,767
5.75531800021596,509,1021,512,-765,-1.5,766.5
5.75747759421229,510,1023,513,-766.5,-1.5,768
5.75963718820862,506,1022,516,-764,-5,769
5.76179678220495,497,1023,526,-760,-14.5,774.5
5.76395637620127,494,1021,527,-757.5,-16.5,774
5.7661159701976,493,1021,528,-757,-17.5,774.5
5.76827556419393,495,1022,527,-758.5,-16,774.5
5.77043515819026,494,1021,527,-757.5,-16.5,774
5.77259475218659,493,1021,528,-757,-17.5,774.5
5.77475434618292,494,1022,528,-758,-17,775
5.77691394017925,497,1021,524,-759,-13.5,772.5
5.77907353417558,496,1020,524,-758,-14,772
5.7812331281719,494,1022,528,-758,-17,775
5.78339272216823,491,1020,529,-755.5,-19,774.5
5.78555231616456,488,1021,533,-754.5,-22.5,777
5.78771191016089,485,1022,537,-753.5,-26,779.5
5.78987150415722,485,1021,536,-753,-25.5,778.5
5.79203109815355,490,1022,532,-756,-21,777
5.79419069214988,490,1020,530,-755,-20,775
5.7963502861462,492,1021,529,-756.5,-18.5,775
5.79850988014253,491,1021,530,-756,-19.5,775.5
5.80066947413886,492,1021,529,-756.5,-18.5,775
5.80282906813519,491,1023,532,-757,-20.5,777.5
5.80498866213152,491,1021,530,-756,-19.5,775.5
5.80714825612785,490,1023,533,-756.5,-21.5,778
5.80930785012418,493,1022,529,-757.5,-18,775.5
5.81146744412051,495,1022,527,-758.5,-16,774.5
5.81362703811683,495,1023,528,-759,-16.5,775.5
5.81578663211316,492,1022,530,-757,-19,776
5.81794622610949,488,1021,533,-754.5,-22.5,777
5.82010582010582,486,1021,535,-753.5,-24.5,778
5.82226541410215,487,1022,535,-754.5,-24,778.5
5.82442500809848,487,1021,534,-754,-23.5,777.5
5.82658460209481,486,1023,537,-754.5,-25.5,780
5.82874419609113,486,1020,534,-753,-24,777
5.83090379008746,483,1020,537,-751.5,-27,778.5
5.83306338408379,481,1020,539,-750.5,-29,779.5
5.83522297808012,484,1022,538,-753,-27,780
5.83738257207645,485,1020,535,-752.5,-25,777.5
5.83954216607278,487,1021,534,-754,-23.5,777.5
5.84170176006911,491,1022,531,-756.5,-20,776.5
5.84386135406544,497,1021,524,-759,-13.5,772.5
5.84602094806176,505,1021,516,-763,-5.5,768.5
5.84818054205809,520,1022,502,-771,9,762
5.85034013605442,538,1021,483,-779.5,27.5,752
5.85249973005075,557,1021,464,-789,46.5,742.5
5.85465932404708,577,1022,445,-799.5,66,733.5
5.85681891804341,599,1022,423,-810.5,88,722.5
5.85897851203974,618,1022,404,-820,107,713
5.86113810603606,639,1022,383,-830.5,128,702.5
5.86329770003239,649,1021,372,-835,138.5,696.5
5.86545729402872,652,1020,368,-836,142,694
5.86761688802505,644,1021,377,-832.5,133.5,699
5.86977648202138,625,1020,395,-822.5,115,707.5
5.87193607601771,599,1021,422,-810,88.5,721.5
5.87409567001404,573,1019,446,-796,63.5,732.5
5.87625526401037,546,1023,477,-784.5,34.5,750
5.87841485800669,524,1022,498,-773,13,760
5.88057445200302,505,1022,517,-763.5,-6,769.5
5.88273404599935,493,1022,529,-757.5,-18,775.5
5.88489363999568,489,1021,532,-755,-21.5,776.5
5.88705323399201,489,1023,534,-756,-22.5,778.5
5.88921282798834,493,1020,527,-756.5,-17,773.5
5.89137242198467,493,1022,529,-757.5,-18,775.5
5.893532015981,496,1022,526,-759,-15,774
5.89569160997732,497,1022,525,-759.5,-14,773.5
5.89785120397365,496,1021,525,-758.5,-14.5,773
5.90001079796998,497,1022,525,-759.5,-14,773.5
5.90217039196631,496,1021,525,-758.5,-14.5,773
5.90432998596264,497,1022,525,-759.5,-14,773.5
5.90648957995897,495,1022,527,-758.5,-16,774.5
5.9086491739553,492,1023,531,-757.5,-19.5,777
5.91080876795163,486,1023,537,-754.5,-25.5,780
5.91296836194795,478,1022,544,-750,-33,783
5.91512795594428,475,1023,548,-749,-36.5,785.5
5.91728754994061,480,1021,541,-750.5,-30.5,781
5.91944714393694,484,1022,538,-753,-27,780
5.92160673793327,487,1022,535,-754.5,-24,778.5
5.9237663319296,488,1021,533,-754.5,-22.5,777
5.92592592592593,491,1022,531,-756.5,-20,776.5
5.92808551992225,492,1021,529,-756.5,-18.5,775
5.93024511391858,492,1021,529,-756.5,-18.5,775
5.93240470791491,490,1022,532,-756,-21,777
5.93456430191124,491,1020,529,-755.5,-19,774.5
5.93672389590757,487,1021,534,-754,-23.5,777.5
5.9388834899039,486,1022,536,-754,-25,779
5.94104308390023,486,1021,535,-753.5,-24.5,778
5.94320267789656,485,1021,536,-753,-25.5,778.5
5.94536227189288,489,1022,533,-755.5,-22,777.5
5.94752186588921,489,1022,533,-755.5,-22,777.5
5.94968145988554,488,1021,533,-754.5,-22.5,777
5.95184105388187,488,1022,534,-755,-23,778
5.9540006478782,488,1023,535,-755.5,-23.5,779
5.95616024187453,488,1021,533,-754.5,-22.5,777
5.95831983587086,492,1021,529,-756.5,-18.5,775
5.96047942986718,494,1022,528,-758,-17,775
5.96263902386351,494,1021,527,-757.5,-16.5,774
5.96479861785984,496,1022,526,-759,-15,774
5.96695821185617,500,1020,520,-760,-10,770
5.9691178058525,500,1021,521,-760.5,-10.5,771
5.97127739984883,503,1021,518,-762,-7.5,769.5
5.97343699384516,502,1020,518,-761,-8,769
5.97559658784149,503,1020,517,-761.5,-7,768.5
5.97775618183781,503,1022,519,-762.5,-8,770.5
5.97991577583414,501,1021,520,-761,-9.5,770.5
5.98207536983047,502,1022,520,-762,-9,771
5.9842349638268,498,1022,524,-760,-13,773
5.98639455782313,500,1022,522,-761,-11,772
5.98855415181946,500,1022,522,-761,-11,772
5.99071374581579,497,1021,524,-759,-13.5,772.5
5.99287333981211,495,1021,526,-758,-15.5,773.5
5.99503293380844,496,1021,525,-758.5,-14.5,773
5.99719252780477,497,1022,525,-759.5,-14,773.5
5.9993521218011,495,1023,528,-759,-16.5,775.5
6.00151171579743,500,1021,521,-760.5,-10.5,771
6.00367130979376,500,1021,521,-760.5,-10.5,771
6.00583090379009,503,1021,518,-762,-7.5,769.5
6.00799049778642,506,1023,517,-764.5,-5.5,770
6.01015009178274,514,1021,507,-767.5,3.5,764
6.01230968577907,518,1022,504,-770,7,763
6.0144692797754,520,1021,501,-770.5,9.5,761
6.01662887377173,521,1020,499,-770.5,11,759.5
6.01878846776806,515,1022,507,-768.5,4,764.5
6.02094806176439,513,1021,508,-767,2.5,764.5
6.02310765576072,513,1022,509,-767.5,2,765.5
6.02526724975705,514,1021,507,-767.5,3.5,764
6.02742684375337,516,1022,506,-769,5,764
6.0295864377497,514,1022,508,-768,3,765
6.03174603174603,514,1022,508,-768,3,765
6.03390562574236,516,1022,506,-769,5,764
6.03606521973869,515,1022,507,-768.5,4,764.5
6.03822481373502,517,1022,505,-769.5,6,763.5
6.04038440773135,522,1023,501,-772.5,10.5,762
6.04254400172768,523,1022,499,-772.5,12,760.5
6.044703595724,526,1022,496,-774,15,759
6.04686318972033,527,1021,494,-774,16.5,757.5
6.04902278371666,528,1021,493,-774.5,17.5,757
6.05118237771299,530,1022,492,-776,19,757
6.05334197170932,527,1023,496,-775,15.5,759.5
6.05550156570565,529,1021,492,-775,18.5,756.5
6.05766115970198,532,1020,488,-776,22,754
6.0598207536983,528,1021,493,-774.5,17.5,757
6.06198034769463,524,1021,497,-772.5,13.5,759
6.06413994169096,524,1021,497,-772.5,13.5,759
6.06629953568729,523,1023,500,-773,11.5,761.5
6.06845912968362,523,1022,499,-772.5,12,760.5
6.07061872367995,524,1022,498,-773,13,760
6.07277831767628,527,1020,493,-773.5,17,756.5
6.07493791167261,529,1022,493,-775.5,18,757.5
6.07709750566893,533,1022,489,-777.5,22,755.5
6.07925709966526,535,1020,485,-777.5,25,752.5
6.08141669366159,533,1021,488,-777,22.5,754.5
6.08357628765792,532,1022,490,-777,21,756
6.08573588165425,535,1022,487,-778.5,24,754.5
6.08789547565058,540,1022,482,-781,29,752
6.09005506964691,543,1022,479,-782.5,32,750.5
6.09221466364323,545,1021,476,-783,34.5,748.5
6.09437425763956,542,1023,481,-782.5,30.5,752
6.09653385163589,537,1019,482,-778,27.5,750.5
6.09869344563222,534,1023,489,-778.5,22.5,756
6.10085303962855,531,1023,492,-777,19.5,757.5
6.10301263362488,525,1021,496,-773,14.5,758.5
6.10517222762121,523,1021,498,-772,12.5,759.5
6.10733182161754,520,1021,501,-770.5,9.5,761
6.10949141561386,520,1021,501,-770.5,9.5,761
6.11165100961019,528,1022,494,-775,17,758
6.11381060360652,529,1021,492,-775,18.5,756.5
6.11597019760285,528,1021,493,-774.5,17.5,757
6.11812979159918,524,1021,497,-772.5,13.5,759
6.12028938559551,518,1022,504,-770,7,763
6.12244897959184,511,1022,511,-766.5,0,766.5
6.12460857358817,508,1020,512,-764,-2,766
6.12676816758449,510,1021,511,-765.5,-0.5,766
6.12892776158082,513,1021,508,-767,2.5,764.5
6.13108735557715,515,1021,506,-768,4.5,763.5
6.13324694957348,518,1021,503,-769.5,7.5,762
6.13540654356981,519,1023,504,-771,7.5,763.5
6.13756613756614,519,1021,502,-770,8.5,761.5
6.13972573156247,513,1021,508,-767,2.5,764.5
6.14188532555879,503,1021,518,-762,-7.5,769.5
6.14404491955512,496,1021,525,-758.5,-14.5,773
6.14620451355145,490,1021,531,-755.5,-20.5,776
6.14836410754778,491,1022,531,-756.5,-20,776.5
6.15052370154411,489,1021,532,-755,-21.5,776.5
6.15268329554044,489,1020,531,-754.5,-21,775.5
6.15484288953677,489,1022,533,-755.5,-22,777.5
6.1570024835331,492,1019,527,-755.5,-17.5,773
6.15916207752942,494,1022,528,-758,-17,775
6.16132167152575,499,1023,524,-761,-12.5,773.5
6.16348126552208,498,1023,525,-760.5,-13.5,774
6.16564085951841,496,1022,526,-759,-15,774
6.16780045351474,494,1022,528,-758,-17,775
6.16996004751107,494,1023,529,-758.5,-17.5,776
6.1721196415074,487,1022,535,-754.5,-24,778.5
6.17427923550373,483,1021,538,-752,-27.5,779.5
6.17643882950005,479,1022,543,-750.5,-32,782.5
6.17859842349638,481,1020,539,-750.5,-29,779.5
6.18075801749271,485,1021,536,-753,-25.5,778.5
6.18291761148904,487,1022,535,-754.5,-24,778.5
6.18507720548537,487,1021,534,-754,-23.5,777.5
6.1872367994817,489,1022,533,-755.5,-22,777.5
6.18939639347803,494,1020,526,-757,-16,773
6.19155598747435,497,1022,525,-759.5,-14,773.5
6.19371558147068,498,1021,523,-759.5,-12.5,772
6.19587517546701,495,1021,526,-758,-15.5,773.5
6.19803476946334,493,1021,528,-757,-17.5,774.5
6.20019436345967,489,1022,533,-755.5,-22,777.5
6.202353957456,488,1020,532,-754,-22,776
6.20451355145233,487,1021,534,-754,-23.5,777.5
6.20667314544866,484,1022,538,-753,-27,780
6.20883273944498,487,1022,535,-754.5,-24,778.5
6.21099233344131,488,1021,533,-754.5,-22.5,777
6.21315192743764,491,1021,530,-756,-19.5,775.5
6.21531152143397,494,1023,529,-758.5,-17.5,776
6.2174711154303,501,1022,521,-761.5,-10,771.5
6.21963070942663,502,1021,519,-761.5,-8.5,770
6.22179030342296,498,1021,523,-759.5,-12.5,772
6.22394989741928,494,1022,528,-758,-17,775
6.22610949141561,491,1022,531,-756.5,-20,776.5
6.22826908541194,484,1021,537,-752.5,-26.5,779
6.23042867940827,480,1020,540,-750,-30,780
6.2325882734046,479,1021,542,-750,-31.5,781.5
6.23474786740093,487,1022,535,-754.5,-24,778.5
6.23690746139726,492,1021,529,-756.5,-18.5,775
6.23906705539359,497,1021,524,-759,-13.5,772.5
6.24122664938991,502,1022,520,-762,-9,771
6.24338624338624,500,1021,521,-760.5,-10.5,771
6.24554583738257,494,1021,527,-757.5,-16.5,774
6.2477054313789,493,1020,527,-756.5,-17,773.5
6.24986502537523,492,1022,530,-757,-19,776
6.25202461937156,494,1021,527,-757.5,-16.5,774
6.25418421336789,494,1022,528,-758,-17,775
6.25634380736422,495,1022,527,-758.5,-16,774.5
6.25850340136054,496,1020,524,-758,-14,772
6.26066299535687,499,1022,523,-760.5,-12,772.5
6.2628225893532,499,1020,521,-759.5,-11,770.5
6.26498218334953,498,1020,522,-759,-12,771
6.26714177734586,500,1021,521,-760.5,-10.5,771
6.26930137134219,497,1022,525,-759.5,-14,773.5
6.27146096533852,496,1020,524,-758,-14,772
6.27362055933485,496,1021,525,-758.5,-14.5,773
6.27578015333117,496,1021,525,-758.5,-14.5,773
6.2779397473275,495,1020,525,-757.5,-15,772.5
6.28009934132383,493,1023,530,-758,-18.5,776.5
6.28225893532016,490,1023,533,-756.5,-21.5,778
6.28441852931649,489,1021,532,-755,-21.5,776.5
6.28657812331282,495,1023,528,-759,-16.5,775.5
6.28873771730915,498,1022,524,-760,-13,773
6.29089731130547,498,1022,524,-760,-13,773
6.2930569053018,498,1023,525,-760.5,-13.5,774
6.29521649929813,495,1022,527,-758.5,-16,774.5
6.29737609329446,494,1021,527,-757.5,-16.5,774
6.29953568729079,497,1021,524,-759,-13.5,772.5
6.30169528128712,497,1023,526,-760,-14.5,774.5
6.30385487528345,495,1023,528,-759,-16.5,775.5
6.30601446927978,496,1021,525,-758.5,-14.5,773
6.3081740632761,497,1022,525,-759.5,-14,773.5
6.31033365727243,501,1022,521,-761.5,-10,771.5
6.31249325126876,505,1022,517,-763.5,-6,769.5
6.31465284526509,509,1022,513,-765.5,-2,767.5
6.31681243926142,506,1021,515,-763.5,-4.5,768
6.31897203325775,504,1021,517,-762.5,-6.5,769
6.32113162725408,500,1021,521,-760.5,-10.5,771
6.3232912212504,499,1022,523,-760.5,-12,772.5
6.32545081524673,500,1023,523,-761.5,-11.5,773
6.32761040924306,502,1021,519,-761.5,-8.5,770
6.32977000323939,503,1022,519,-762.5,-8,770.5
6.33192959723572,506,1021,515,-763.5,-4.5,768
6.33408919123205,507,1022,515,-764.5,-4,768.5
6.33624878522838,510,1020,510,-765,0,765
6.33840837922471,513,1021,508,-767,2.5,764.5
6.34056797322103,514,1021,507,-767.5,3.5,764
6.34272756721736,512,1022,510,-767,1,766
6.34488716121369,514,1022,508,-768,3,765
6.34704675521002,511,1021,510,-766,0.5,765.5
6.34920634920635,511,1022,511,-766.5,0,766.5
6.35136594320268,508,1021,513,-764.5,-2.5,767
6.35352553719901,501,1021,520,-761,-9.5,770.5
6.35568513119533,502,1023,521,-762.5,-9.5,772
6.35784472519166,504,1022,518,-763,-7,770
6.36000431918799,508,1022,514,-765,-3,768
6.36216391318432,510,1021,511,-765.5,-0.5,766
6.36432350718065,517,1021,504,-769,6.5,762.5
6.36648310117698,517,1019,502,-768,7.5,760.5
6.36864269517331,512,1019,507,-765.5,2.5,763
6.37080228916964,510,1023,513,-766.5,-1.5,768
6.37296188316596,508,1022,514,-765,-3,768
6.37512147716229,509,1022,513,-765.5,-2,767.5
6.37728107115862,511,1021,510,-766,0.5,765.5
6.37944066515495,513,1021,508,-767,2.5,764.5
6.38160025915128,514,1022,508,-768,3,765
6.38375985314761,514,1020,506,-767,4,763
6.38591944714394,514,1022,508,-768,3,765
6.38807904114027,513,1022,509,-767.5,2,765.5
6.39023863513659,513,1020,507,-766.5,3,763.5
6.39239822913292,511,1023,512,-767,-0.5,767.5
6.39455782312925,513,1020,507,-766.5,3,763.5
6.39671741712558,514,1021,507,-767.5,3.5,764
6.39887701112191,511,1021,510,-766,0.5,765.5
6.40103660511824,509,1021,512,-765,-1.5,766.5
6.40319619911457,506,1023,517,-764.5,-5.5,770
6.4053557931109,501,1021,520,-761,-9.5,770.5
6.40751538710722,494,1022,528,-758,-17,775
6.40967498110355,490,1020,530,-755,-20,775
6.41183457509988,487,1022,535,-754.5,-24,778.5
6.41399416909621,490,1021,531,-755.5,-20.5,776
6.41615376309254,489,1021,532,-755,-21.5,776.5
6.41831335708887,490,1020,530,-755,-20,775
6.4204729510852,490,1022,532,-756,-21,777
6.42263254508152,490,1021,531,-755.5,-20.5,776
6.42479213907785,490,1021,531,-755.5,-20.5,776
6.42695173307418,489,1021,532,-755,-21.5,776.5
6.42911132707051,490,1022,532,-756,-21,777
6.43127092106684,493,1022,529,-757.5,-18,775.5
6.43343051506317,494,1023,529,-758.5,-17.5,776
6.4355901090595,496,1022,526,-759,-15,774
6.43774970305583,498,1021,523,-759.5,-12.5,772
6.43990929705215,495,1021,526,-758,-15.5,773.5
6.44206889104848,496,1020,524,-758,-14,772
6.44422848504481,494,1020,526,-757,-16,773
6.44638807904114,493,1022,529,-757.5,-18,775.5
6.44854767303747,488,1021,533,-754.5,-22.5,777
6.4507072670338,490,1022,532,-756,-21,777
6.45286686103013,487,1020,533,-753.5,-23,776.5
6.45502645502645,483,1022,539,-752.5,-28,780.5
6.45718604902278,484,1022,538,-753,-27,780
6.45934564301911,485,1021,536,-753,-25.5,778.5
6.46150523701544,485,1022,537,-753.5,-26,779.5
6.46366483101177,484,1022,538,-753,-27,780
6.4658244250081,483,1021,538,-752,-27.5,779.5
6.46798401900443,482,1021,539,-751.5,-28.5,780
6.47014361300076,486,1022,536,-754,-25,779
6.47230320699708,487,1021,534,-754,-23.5,777.5
6.47446280099341,488,1022,534,-755,-23,778
6.47662239498974,493,1021,528,-757,-17.5,774.5
6.47878198898607,494,1021,527,-757.5,-16.5,774
6.4809415829824,495,1021,526,-758,-15.5,773.5
6.48310117697873,499,1021,522,-760,-11.5,771.5
6.48526077097506,505,1023,518,-764,-6.5,770.5
6.48742036497138,516,1022,506,-769,5,764
6.48957995896771,531,1021,490,-776,20.5,755.5
6.49173955296404,550,1021,471,-785.5,39.5,746
6.49389914696037,571,1021,450,-796,60.5,735.5
6.4960587409567,591,1022,431,-806.5,80,726.5
6.49821833495303,610,1023,413,-816.5,98.5,718
6.50037792894936,625,1021,396,-823,114.5,708.5
6.50253752294569,643,1021,378,-832,132.5,699.5
6.50469711694201,650,1022,372,-836,139,697
6.50685671093834,645,1020,375,-832.5,135,697.5
6.50901630493467,631,1020,389,-825.5,121,704.5
6.511175898931,609,1021,412,-815,98.5,716.5
6.51333549292733,585,1021,436,-803,74.5,728.5
6.51549508692366,564,1022,458,-793,53,740
6.51765468091999,540,1022,482,-781,29,752
6.51981427491632,516,1020,504,-768,6,762
6.52197386891264,499,1022,523,-760.5,-12,772.5
6.52413346290897,485,1022,537,-753.5,-26,779.5
6.5262930569053,482,1021,539,-751.5,-28.5,780
6.52845265090163,487,1022,535,-754.5,-24,778.5
6.53061224489796,489,1022,533,-755.5,-22,777.5
6.53277183889429,490,1022,532,-756,-21,777
6.53493143289062,494,1021,527,-757.5,-16.5,774
6.53709102688695,494,1022,528,-758,-17,775
6.53925062088327,495,1023,528,-759,-16.5,775.5
6.5414102148796,495,1022,527,-758.5,-16,774.5
6.54356980887593,492,1021,529,-756.5,-18.5,775
6.54572940287226,491,1022,531,-756.5,-20,776.5
6.54788899686859,488,1020,532,-754,-22,776
6.55004859086492,487,1021,534,-754,-23.5,777.5
6.55220818486125,488,1020,532,-754,-22,776
6.55436777885757,492,1022,530,-757,-19,776
6.5565273728539,497,1020,523,-758.5,-13,771.5
6.55868696685023,497,1021,524,-759,-13.5,772.5
6.56084656084656,499,1022,523,-760.5,-12,772.5
6.56300615484289,498,1022,524,-760,-13,773
6.56516574883922,497,1022,525,-759.5,-14,773.5
6.56732534283555,498,1021,523,-759.5,-12.5,772
6.56948493683188,496,1021,525,-758.5,-14.5,773
6.5716445308282,493,1020,527,-756.5,-17,773.5
6.57380412482453,489,1021,532,-755,-21.5,776.5
6.57596371882086,481,1022,541,-751.5,-30,781.5
6.57812331281719,476,1022,546,-749,-35,784
6.58028290681352,478,1023,545,-750.5,-33.5,784
6.58244250080985,482,1021,539,-751.5,-28.5,780
6.58460209480618,488,1022,534,-755,-23,778
6.5867616888025,494,1021,527,-757.5,-16.5,774
6.58892128279883,497,1021,524,-759,-13.5,772.5
6.59108087679516,503,1021,518,-762,-7.5,769.5
6.59324047079149,507,1022,515,-764.5,-4,768.5
6.59540006478782,504,1022,518,-763,-7,770
6.59755965878415,502,1021,519,-761.5,-8.5,770
6.59971925278048,495,1020,525,-757.5,-15,772.5
6.60187884677681,492,1021,529,-756.5,-18.5,775
6.60403844077313,491,1020,529,-755.5,-19,774.5
6.60619803476946,489,1023,534,-756,-22.5,778.5
6.60835762876579,490,1021,531,-755.5,-20.5,776
6.61051722276212,491,1023,532,-757,-20.5,777.5
6.61267681675845,500,1019,519,-759.5,-9.5,769
6.61483641075478,505,1021,516,-763,-5.5,768.5
6.61699600475111,508,1022,514,-765,-3,768
6.61915559874744,509,1021,512,-765,-1.5,766.5
6.62131519274376,506,1022,516,-764,-5,769
6.62347478674009,503,1022,519,-762.5,-8,770.5
6.62563438073642,503,1021,518,-762,-7.5,769.5
6.62779397473275,502,1021,519,-761.5,-8.5,770
6.62995356872908,502,1021,519,-761.5,-8.5,770
6.63211316272541,499,1022,523,-760.5,-12,772.5
6.63427275672174,501,1022,521,-761.5,-10,771.5
6.63643235071806,503,1020,517,-761.5,-7,768.5
6.63859194471439,505,1021,516,-763,-5.5,768.5
6.64075153871072,504,1021,517,-762.5,-6.5,769
6.64291113270705,500,1021,521,-760.5,-10.5,771
6.64507072670338,501,1021,520,-761,-9.5,770.5
6.64723032069971,506,1022,516,-764,-5,769
6.64938991469604,513,1021,508,-767,2.5,764.5
6.65154950869237,513,1022,509,-767.5,2,765.5
6.65370910268869,508,1022,514,-765,-3,768
6.65586869668502,504,1021,517,-762.5,-6.5,769
6.65802829068135,508,1023,515,-765.5,-3.5,769
6.66018788467768,510,1021,511,-765.5,-0.5,766
6.66234747867401,512,1023,511,-767.5,0.5,767
6.66450707267034,516,1023,507,-769.5,4.5,765
6.66666666666667,514,1022,508,-768,3,765
6.668826260663,511,1022,511,-766.5,0,766.5
6.67098585465932,507,1023,516,-765,-4.5,769.5
6.67314544865565,502,1022,520,-762,-9,771
6.67530504265198,506,1020,514,-763,-4,767
6.67746463664831,507,1021,514,-764,-3.5,767.5
6.67962423064464,514,1020,506,-767,4,763
6.68178382464097,515,1022,507,-768.5,4,764.5
6.6839434186373,515,1023,508,-769,3.5,765.5
6.68610301263362,520,1021,501,-770.5,9.5,761
6.68826260662995,527,1021,494,-774,16.5,757.5
6.69042220062628,528,1022,494,-775,17,758
6.69258179462261,527,1021,494,-774,16.5,757.5
6.69474138861894,523,1023,500,-773,11.5,761.5
6.69690098261527,525,1021,496,-773,14.5,758.5
6.6990605766116,522,1021,499,-771.5,11.5,760
6.70122017060793,522,1020,498,-771,12,759
6.70337976460425,524,1020,496,-772,14,758
6.70553935860058,524,1021,497,-772.5,13.5,759
6.70769895259691,524,1021,497,-772.5,13.5,759
6.70985854659324,529,1021,492,-775,18.5,756.5
6.71201814058957,530,1023,493,-776.5,18.5,758
6.7141777345859,531,1023,492,-777,19.5,757.5
6.71633732858223,528,1022,494,-775,17,758
6.71849692257855,531,1021,490,-776,20.5,755.5
6.72065651657488,536,1020,484,-778,26,752
6.72281611057121,536,1022,486,-779,25,754
6.72497570456754,542,1022,480,-782,31,751
6.72713529856387,547,1022,475,-784.5,36,748.5
6.7292948925602,544,1022,478,-783,33,750
6.73145448655653,540,1022,482,-781,29,752
6.73361408055286,537,1020,483,-778.5,27,751.5
6.73577367454918,534,1021,487,-777.5,23.5,754
6.73793326854551,527,1022,495,-774.5,16,758.5
6.74009286254184,528,1022,494,-775,17,758
6.74225245653817,528,1022,494,-775,17,758
6.7444120505345,531,1021,490,-776,20.5,755.5
6.74657164453083,531,1020,489,-775.5,21,754.5
6.74873123852716,529,1020,491,-774.5,19,755.5
6.75089083252349,529,1022,493,-775.5,18,757.5
6.75305042651981,530,1021,491,-775.5,19.5,756
6.75521002051614,533,1023,490,-778,21.5,756.5
6.75736961451247,530,1021,491,-775.5,19.5,756
6.7595292085088,532,1023,491,-777.5,20.5,757
6.76168880250513,525,1022,497,-773.5,14,759.5
6.76384839650146,518,1023,505,-770.5,6.5,764
6.76600799049779,516,1021,505,-768.5,5.5,763
6.76816758449412,512,1019,507,-765.5,2.5,763
6.77032717849044,506,1021,515,-763.5,-4.5,768
6.77248677248677,500,1022,522,-761,-11,772
6.7746463664831,497,1021,524,-759,-13.5,772.5
6.77680596047943,501,1020,519,-760.5,-9,769.5
6.77896555447576,503,1022,519,-762.5,-8,770.5
6.78112514847209,504,1022,518,-763,-7,770
6.78328474246842,500,1022,522,-761,-11,772
6.78544433646474,494,1022,528,-758,-17,775
6.78760393046107,496,1021,525,-758.5,-14.5,773
6.7897635244574,495,1022,527,-758.5,-16,774.5
6.79192311845373,499,1021,522,-760,-11.5,771.5
6.79408271245006,502,1021,519,-761.5,-8.5,770
6.79624230644639,499,1022,523,-760.5,-12,772.5
6.79840190044272,496,1021,525,-758.5,-14.5,773
6.80056149443905,490,1022,532,-756,-21,777
6.80272108843537,488,1022,534,-755,-23,778
6.8048806824317,487,1022,535,-754.5,-24,778.5
6.80704027642803,483,1021,538,-752,-27.5,779.5
6.80919987042436,483,1022,539,-752.5,-28,780.5
6.81135946442069,483,1022,539,-752.5,-28,780.5
6.81351905841702,489,1020,531,-754.5,-21,775.5
6.81567865241335,493,1020,527,-756.5,-17,773.5
6.81783824640967,496,1020,524,-758,-14,772
6.819997840406,493,1020,527,-756.5,-17,773.5
6.82215743440233,486,1022,536,-754,-25,779
6.82431702839866,482,1021,539,-751.5,-28.5,780
6.82647662239499,484,1022,538,-753,-27,780
6.82863621639132,489,1020,531,-754.5,-21,775.5
6.83079581038765,488,1022,534,-755,-23,778
6.83295540438398,484,1020,536,-752,-26,778
6.8351149983803,484,1021,537,-752.5,-26.5,779
6.83727459237663,490,1022,532,-756,-21,777
6.83943418637296,494,1020,526,-757,-16,773
6.84159378036929,497,1021,524,-759,-13.5,772.5
6.84375337436562,495,1022,527,-758.5,-16,774.5
6.84591296836195,493,1022,529,-757.5,-18,775.5
6.84807256235828,493,1021,528,-757,-17.5,774.5
6.8502321563546,496,1023,527,-759.5,-15.5,775
6.85239175035093,495,1022,527,-758.5,-16,774.5
6.85455134434726,491,1020,529,-755.5,-19,774.5
6.85671093834359,487,1021,534,-754,-23.5,777.5
6.85887053233992,489,1019,530,-754,-20.5,774.5
6.86103012633625,491,1021,530,-756,-19.5,775.5
6.86318972033258,490,1023,533,-756.5,-21.5,778
6.86534931432891,492,1021,529,-756.5,-18.5,775
6.86750890832523,496,1021,525,-758.5,-14.5,773
6.86966850232156,499,1021,522,-760,-11.5,771.5
6.87182809631789,501,1019,518,-760,-8.5,768.5
6.87398769031422,498,1020,522,-759,-12,771
6.87614728431055,489,1023,534,-756,-22.5,778.5
6.87830687830688,487,1020,533,-753.5,-23,776.5
6.88046647230321,483,1022,539,-752.5,-28,780.5
6.88262606629954,483,1019,536,-751,-26.5,777.5
6.88478566029586,484,1021,537,-752.5,-26.5,779
6.88694525429219,486,1022,536,-754,-25,779
6.88910484828852,489,1023,534,-756,-22.5,778.5
6.89126444228485,495,1021,526,-758,-15.5,773.5
6.89342403628118,501,1022,521,-761.5,-10,771.5
6.89558363027751,502,1022,520,-762,-9,771
6.89774322427384,499,1021,522,-760,-11.5,771.5
6.89990281827017,493,1023,530,-758,-18.5,776.5
6.90206241226649,485,1022,537,-753.5,-26,779.5
6.90422200626282,480,1021,541,-750.5,-30.5,781
6.90638160025915,477,1022,545,-749.5,-34,783.5
6.90854119425548,482,1021,539,-751.5,-28.5,780
6.91070078825181,487,1022,535,-754.5,-24,778.5
6.91286038224814,492,1021,529,-756.5,-18.5,775
6.91501997624447,491,1022,531,-756.5,-20,776.5
6.91717957024079,492,1021,529,-756.5,-18.5,775
6.91933916423712,496,1021,525,-758.5,-14.5,773
6.92149875823345,503,1022,519,-762.5,-8,770.5
6.92365835222978,509,1021,512,-765,-1.5,766.5
6.92581794622611,510,1020,510,-765,0,765
6.92797754022244,510,1020,510,-765,0,765
6.93013713421877,507,1021,514,-764,-3.5,767.5
6.9322967282151,504,1021,517,-762.5,-6.5,769
6.93445632221142,501,1022,521,-761.5,-10,771.5
6.93661591620775,500,1022,522,-761,-11,772
6.93877551020408,499,1021,522,-760,-11.5,771.5
6.94093510420041,495,1022,527,-758.5,-16,774.5
6.94309469819674,489,1022,533,-755.5,-22,777.5
6.94525429219307,488,1021,533,-754.5,-22.5,777
6.9474138861894,490,1021,531,-755.5,-20.5,776
6.94957348018572,490,1021,531,-755.5,-20.5,776
6.95173307418205,496,1022,526,-759,-15,774
6.95389266817838,503,1020,517,-761.5,-7,768.5
6.95605226217471,503,1020,517,-761.5,-7,768.5
6.95821185617104,498,1022,524,-760,-13,773
6.96037145016737,491,1021,530,-756,-19.5,775.5
6.9625310441637,488,1022,534,-755,-23,778
6.96469063816003,492,1022,530,-757,-19,776
6.96685023215635,499,1022,523,-760.5,-12,772.5
6.96900982615268,508,1022,514,-765,-3,768
6.97116942014901,512,1020,508,-766,2,764
6.97332901414534,510,1021,511,-765.5,-0.5,766
6.97548860814167,504,1022,518,-763,-7,770
6.977648202138,495,1020,525,-757.5,-15,772.5
6.97980779613433,490,1021,531,-755.5,-20.5,776
6.98196739013065,496,1022,526,-759,-15,774
6.98412698412698,498,1021,523,-759.5,-12.5,772
6.98628657812331,499,1023,524,-761,-12.5,773.5
6.98844617211964,497,1023,526,-760,-14.5,774.5
6.99060576611597,502,1022,520,-762,-9,771
6.9927653601123,511,1023,512,-767,-0.5,767.5
6.99492495410863,515,1022,507,-768.5,4,764.5
6.99708454810496,519,1020,501,-769.5,9,760.5
6.99924414210128,522,1023,501,-772.5,10.5,762
7.00140373609761,523,1021,498,-772,12.5,759.5
7.00356333009394,521,1020,499,-770.5,11,759.5
7.00572292409027,516,1021,505,-768.5,5.5,763
7.0078825180866,513,1020,507,-766.5,3,763.5
7.01004211208293,508,1022,514,-765,-3,768
7.01220170607926,508,1020,512,-764,-2,766
7.01436130007559,507,1021,514,-764,-3.5,767.5
7.01652089407191,506,1020,514,-763,-4,767
7.01868048806824,507,1021,514,-764,-3.5,767.5
7.02084008206457,507,1022,515,-764.5,-4,768.5
7.0229996760609,511,1021,510,-766,0.5,765.5
7.02515927005723,511,1023,512,-767,-0.5,767.5
7.02731886405356,510,1020,510,-765,0,765
7.02947845804989,516,1022,506,-769,5,764
7.03163805204622,514,1023,509,-768.5,2.5,766
7.03379764604254,510,1021,511,-765.5,-0.5,766
7.03595724003887,511,1022,511,-766.5,0,766.5
7.0381168340352,510,1022,512,-766,-1,767
7.04027642803153,505,1021,516,-763,-5.5,768.5
7.04243602202786,500,1022,522,-761,-11,772
7.04459561602419,494,1020,526,-757,-16,773
7.04675521002052,487,1021,534,-754,-23.5,777.5
7.04891480401685,484,1021,537,-752.5,-26.5,779
7.05107439801317,483,1021,538,-752,-27.5,779.5
7.0532339920095,483,1023,540,-753,-28.5,781.5
7.05539358600583,485,1021,536,-753,-25.5,778.5
7.05755318000216,486,1023,537,-754.5,-25.5,780
7.05971277399849,484,1022,538,-753,-27,780
7.06187236799482,489,1021,532,-755,-21.5,776.5
7.06403196199115,491,1022,531,-756.5,-20,776.5
7.06619155598747,493,1021,528,-757,-17.5,774.5
7.0683511499838,492,1021,529,-756.5,-18.5,775
7.07051074398013,492,1022,530,-757,-19,776
7.07267033797646,491,1022,531,-756.5,-20,776.5
7.07482993197279,489,1023,534,-756,-22.5,778.5
7.07698952596912,484,1022,538,-753,-27,780
7.07914911996545,484,1020,536,-752,-26,778
7.08130871396177,487,1022,535,-754.5,-24,778.5
7.0834683079581,492,1022,530,-757,-19,776
7.08562790195443,494,1022,528,-758,-17,775
7.08778749595076,492,1021,529,-756.5,-18.5,775
7.08994708994709,496,1020,524,-758,-14,772
7.09210668394342,496,1020,524,-758,-14,772
7.09426627793975,496,1021,525,-758.5,-14.5,773
7.09642587193608,493,1021,528,-757,-17.5,774.5
7.0985854659324,491,1021,530,-756,-19.5,775.5
7.10074505992873,488,1021,533,-754.5,-22.5,777
7.10290465392506,486,1022,536,-754,-25,779
7.10506424792139,485,1021,536,-753,-25.5,778.5
7.10722384191772,484,1021,537,-752.5,-26.5,779
7.10938343591405,483,1022,539,-752.5,-28,780.5
7.11154302991038,483,1021,538,-752,-27.5,779.5
7.1137026239067,488,1022,534,-755,-23,778
7.11586221790303,489,1019,530,-754,-20.5,774.5
7.11802181189936,490,1021,531,-755.5,-20.5,776
7.12018140589569,495,1023,528,-759,-16.5,775.5
7.12234099989202,505,1022,517,-763.5,-6,769.5
7.12450059388835,517,1021,504,-769,6.5,762.5
7.12666018788468,529,1022,493,-775.5,18,757.5
7.12881978188101,543,1021,478,-782,32.5,749.5
7.13097937587733,560,1021,461,-790.5,49.5,741
7.13313896987366,578,1022,444,-800,67,733
7.13529856386999,597,1022,425,-809.5,86,723.5
7.13745815786632,618,1021,403,-819.5,107.5,712
7.13961775186265,632,1023,391,-827.5,120.5,707
7.14177734585898,637,1021,384,-829,126.5,702.5
7.14393693985531,630,1021,391,-825.5,119.5,706
7.14609653385164,623,1019,396,-821,113.5,707.5
7.14825612784796,608,1022,414,-815,97,718
7.15041572184429,588,1020,432,-804,78,726
7.15257531584062,565,1022,457,-793.5,54,739.5
7.15473490983695,546,1021,475,-783.5,35.5,748
7.15689450383328,524,1021,497,-772.5,13.5,759
7.15905409782961,509,1020,511,-764.5,-1,765.5
7.16121369182594,498,1021,523,-759.5,-12.5,772
7.16337328582227,493,1022,529,-757.5,-18,775.5
7.16553287981859,488,1022,534,-755,-23,778
7.16769247381492,484,1022,538,-753,-27,780
7.16985206781125,481,1023,542,-752,-30.5,782.5
7.17201166180758,479,1021,542,-750,-31.5,781.5
7.17417125580391,480,1022,542,-751,-31,782
7.17633084980024,484,1021,537,-752.5,-26.5,779
7.17849044379657,489,1020,531,-754.5,-21,775.5
7.1806500377929,495,1022,527,-758.5,-16,774.5
7.18280963178922,495,1022,527,-758.5,-16,774.5
7.18496922578555,493,1021,528,-757,-17.5,774.5
7.18712881978188,493,1022,529,-757.5,-18,775.5
7.18928841377821,494,1023,529,-758.5,-17.5,776
7.19144800777454,493,1022,529,-757.5,-18,775.5
7.19360760177087,494,1021,527,-757.5,-16.5,774
7.1957671957672,491,1021,530,-756,-19.5,775.5
7.19792678976352,489,1023,534,-756,-22.5,778.5
7.20008638375985,485,1023,538,-754,-26.5,780.5
7.20224597775618,484,1020,536,-752,-26,778
7.20440557175251,484,1020,536,-752,-26,778
7.20656516574884,489,1021,532,-755,-21.5,776.5
7.20872475974517,494,1022,528,-758,-17,775
7.2108843537415,497,1021,524,-759,-13.5,772.5
7.21304394773782,499,1023,524,-761,-12.5,773.5
7.21520354173415,498,1021,523,-759.5,-12.5,772
7.21736313573048,494,1022,528,-758,-17,775
7.21952272972681,489,1023,534,-756,-22.5,778.5
7.22168232372314,482,1022,540,-752,-29,781
7.22384191771947,478,1020,542,-749,-32,781
7.2260015117158,475,1022,547,-748.5,-36,784.5
7.22816110571213,478,1022,544,-750,-33,783
7.23032069970845,482,1021,539,-751.5,-28.5,780
7.23248029370478,486,1022,536,-754,-25,779
7.23463988770111,491,1021,530,-756,-19.5,775.5
7.23679948169744,494,1022,528,-758,-17,775
7.23895907569377,495,1020,525,-757.5,-15,772.5
7.2411186696901,495,1023,528,-759,-16.5,775.5
7.24327826368643,496,1022,526,-759,-15,774
7.24543785768276,500,1021,521,-760.5,-10.5,771
7.24759745167908,507,1023,516,-765,-4.5,769.5
7.24975704567541,508,1022,514,-765,-3,768
7.25191663967174,508,1021,513,-764.5,-2.5,767
7.25407623366807,506,1021,515,-763.5,-4.5,768
7.2562358276644,507,1023,516,-765,-4.5,769.5
7.25839542166073,505,1022,517,-763.5,-6,769.5
7.26055501565706,504,1022,518,-763,-7,770
7.26271460965338,501,1022,521,-761.5,-10,771.5
7.26487420364971,501,1021,520,-761,-9.5,770.5
7.26703379764604,501,1021,520,-761,-9.5,770.5
7.26919339164237,497,1021,524,-759,-13.5,772.5
7.2713529856387,500,1021,521,-760.5,-10.5,771
7.27351257963503,503,1023,520,-763,-8.5,771.5
7.27567217363136,505,1022,517,-763.5,-6,769.5
7.27783176762769,506,1022,516,-764,-5,769
7.27999136162401,505,1021,516,-763,-5.5,768.5
7.28215095562034,505,1021,516,-763,-5.5,768.5
7.28431054961667,505,1022,517,-763.5,-6,769.5
7.286470143613,508,1022,514,-765,-3,768
7.28862973760933,511,1021,510,-766,0.5,765.5
7.29078933160566,509,1022,513,-765.5,-2,767.5
7.29294892560199,510,1020,510,-765,0,765
7.29510851959832,509,1022,513,-765.5,-2,767.5
7.29726811359464,510,1022,512,-766,-1,767
7.29942770759097,517,1021,504,-769,6.5,762.5
7.3015873015873,522,1021,499,-771.5,11.5,760
7.30374689558363,522,1020,498,-771,12,759
7.30590648957996,517,1021,504,-769,6.5,762.5
7.30806608357629,515,1023,508,-769,3.5,765.5
7.31022567757262,516,1020,504,-768,6,762
7.31238527156895,510,1022,512,-766,-1,767
7.31454486556527,507,1022,515,-764.5,-4,768.5
7.3167044595616,510,1021,511,-765.5,-0.5,766
7.31886405355793,514,1022,508,-768,3,765
7.32102364755426,517,1021,504,-769,6.5,762.5
7.32318324155059,517,1022,505,-769.5,6,763.5
7.32534283554692,521,1021,500,-771,10.5,760.5
7.32750242954325,524,1022,498,-773,13,760
7.32966202353957,527,1021,494,-774,16.5,757.5
7.3318216175359,529,1021,492,-775,18.5,756.5
7.33398121153223,527,1020,493,-773.5,17,756.5
7.33614080552856,525,1021,496,-773,14.5,758.5
7.33830039952489,526,1023,497,-774.5,14.5,760
7.34045999352122,525,1020,495,-772.5,15,757.5
7.34261958751755,527,1020,493,-773.5,17,756.5
7.34477918151387,527,1021,494,-774,16.5,757.5
7.3469387755102,531,1021,490,-776,20.5,755.5
7.34909836950653,536,1023,487,-779.5,24.5,755
7.35125796350286,541,1023,482,-782,29.5,752.5
7.35341755749919,542,1022,480,-782,31,751
7.35557715149552,540,1023,483,-781.5,28.5,753
7.35773674549185,539,1019,480,-779,29.5,749.5
7.35989633948818,534,1023,489,-778.5,22.5,756
7.3620559334845,532,1022,490,-777,21,756
7.36421552748083,534,1020,486,-777,24,753
7.36637512147716,531,1021,490,-776,20.5,755.5
7.36853471547349,528,1023,495,-775.5,16.5,759
7.37069430946982,530,1021,491,-775.5,19.5,756
7.37285390346615,532,1022,490,-777,21,756
7.37501349746248,538,1023,485,-780.5,26.5,754
7.37717309145881,536,1021,485,-778.5,25.5,753
7.37933268545513,536,1021,485,-778.5,25.5,753
7.38149227945146,533,1022,489,-777.5,22,755.5
7.38365187344779,533,1021,488,-777,22.5,754.5
7.38581146744412,535,1022,487,-778.5,24,754.5
7.38797106144045,534,1021,487,-777.5,23.5,754
7.39013065543678,530,1021,491,-775.5,19.5,756
7.39229024943311,523,1021,498,-772,12.5,759.5
7.39444984342944,521,1022,501,-771.5,10,761.5
7.39660943742576,518,1021,503,-769.5,7.5,762
7.39876903142209,515,1021,506,-768,4.5,763.5
7.40092862541842,513,1022,509,-767.5,2,765.5
7.40308821941475,513,1020,507,-766.5,3,763.5
7.40524781341108,510,1021,511,-765.5,-0.5,766
7.40740740740741,508,1021,513,-764.5,-2.5,767
7.40956700140374,513,1020,507,-766.5,3,763.5
7.41172659540006,512,1021,509,-766.5,1.5,765
7.41388618939639,508,1022,514,-765,-3,768
7.41604578339272,507,1022,515,-764.5,-4,768.5
7.41820537738905,503,1022,519,-762.5,-8,770.5
7.42036497138538,500,1021,521,-760.5,-10.5,771
7.42252456538171,495,1021,526,-758,-15.5,773.5
7.42468415937804,491,1021,530,-756,-19.5,775.5
7.42684375337437,493,1020,527,-756.5,-17,773.5
7.42900334737069,493,1022,529,-757.5,-18,775.5
7.43116294136702,493,1022,529,-757.5,-18,775.5
7.43332253536335,488,1022,534,-755,-23,778
7.43548212935968,485,1022,537,-753.5,-26,779.5
7.43764172335601,485,1021,536,-753,-25.5,778.5
7.43980131735234,488,1023,535,-755.5,-23.5,779
7.44196091134867,493,1022,529,-757.5,-18,775.5
7.444120505345,496,1021,525,-758.5,-14.5,773
7.44628009934132,495,1021,526,-758,-15.5,773.5
7.44843969333765,495,1022,527,-758.5,-16,774.5
7.45059928733398,493,1021,528,-757,-17.5,774.5
7.45275888133031,488,1023,535,-755.5,-23.5,779
7.45491847532664,482,1022,540,-752,-29,781
7.45707806932297,482,1022,540,-752,-29,781
7.4592376633193,480,1021,541,-750.5,-30.5,781
7.46139725731562,481,1021,540,-751,-29.5,780.5
7.46355685131195,485,1022,537,-753.5,-26,779.5
7.46571644530828,491,1022,531,-756.5,-20,776.5
7.46787603930461,492,1022,530,-757,-19,776
7.47003563330094,494,1021,527,-757.5,-16.5,774
7.47219522729727,497,1023,526,-760,-14.5,774.5
7.4743548212936,496,1021,525,-758.5,-14.5,773
7.47651441528992,498,1021,523,-759.5,-12.5,772
7.47867400928625,499,1020,521,-759.5,-11,770.5
7.48083360328258,498,1023,525,-760.5,-13.5,774
7.48299319727891,495,1020,525,-757.5,-15,772.5
7.48515279127524,487,1022,535,-754.5,-24,778.5
7.48731238527157,490,1021,531,-755.5,-20.5,776
7.4894719792679,491,1022,531,-756.5,-20,776.5
7.49163157326423,491,1022,531,-756.5,-20,776.5
7.49379116726055,489,1023,534,-756,-22.5,778.5
7.49595076125688,488,1021,533,-754.5,-22.5,777
7.49811035525321,483,1022,539,-752.5,-28,780.5
7.50026994924954,481,1021,540,-751,-29.5,780.5
7.50242954324587,479,1021,542,-750,-31.5,781.5
7.5045891372422,479,1022,543,-750.5,-32,782.5
7.50674873123853,479,1021,542,-750,-31.5,781.5
7.50890832523486,483,1022,539,-752.5,-28,780.5
7.51106791923118,487,1021,534,-754,-23.5,777.5
7.51322751322751,489,1022,533,-755.5,-22,777.5
7.51538710722384,493,1021,528,-757,-17.5,774.5
7.51754670122017,494,1021,527,-757.5,-16.5,774
7.5197062952165,496,1022,526,-759,-15,774
7.52186588921283,501,1022,521,-761.5,-10,771.5
7.52402548320916,500,1021,521,-760.5,-10.5,771
7.52618507720549,501,1022,521,-761.5,-10,771.5
7.52834467120181,504,1019,515,-761.5,-5.5,767
7.53050426519814,502,1022,520,-762,-9,771
7.53266385919447,501,1022,521,-761.5,-10,771.5
7.5348234531908,496,1021,525,-758.5,-14.5,773
7.53698304718713,494,1022,528,-758,-17,775
7.53914264118346,492,1022,530,-757,-19,776
7.54130223517979,492,1022,530,-757,-19,776
7.54346182917612,493,1021,528,-757,-17.5,774.5
7.54562142317244,495,1022,527,-758.5,-16,774.5
7.54778101716877,493,1023,530,-758,-18.5,776.5
7.5499406111651,495,1021,526,-758,-15.5,773.5
7.55210020516143,498,1022,524,-760,-13,773
7.55425979915776,501,1022,521,-761.5,-10,771.5
7.55641939315409,505,1021,516,-763,-5.5,768.5
7.55857898715042,504,1023,519,-763.5,-7.5,771
7.56073858114674,499,1022,523,-760.5,-12,772.5
7.56289817514307,495,1022,527,-758.5,-16,774.5
7.5650577691394,498,1020,522,-759,-12,771
7.56721736313573,495,1021,526,-758,-15.5,773.5
7.56937695713206,493,1021,528,-757,-17.5,774.5
7.57153655112839,493,1021,528,-757,-17.5,774.5
7.57369614512472,497,1022,525,-759.5,-14,773.5
7.57585573912105,502,1022,520,-762,-9,771
7.57801533311737,503,1022,519,-762.5,-8,770.5
7.5801749271137,494,1022,528,-758,-17,775
7.58233452111003,486,1022,536,-754,-25,779
7.58449411510636,484,1021,537,-752.5,-26.5,779
7.58665370910269,487,1021,534,-754,-23.5,777.5
7.58881330309902,496,1021,525,-758.5,-14.5,773
7.59097289709535,503,1023,520,-763,-8.5,771.5
7.59313249109167,505,1022,517,-763.5,-6,769.5
7.595292085088,508,1020,512,-764,-2,766
7.59745167908433,507,1022,515,-764.5,-4,768.5
7.59961127308066,504,1022,518,-763,-7,770
7.60177086707699,504,1021,517,-762.5,-6.5,769
7.60393046107332,503,1021,518,-762,-7.5,769.5
7.60609005506965,506,1023,517,-764.5,-5.5,770
7.60824964906598,506,1019,513,-762.5,-3.5,766
7.6104092430623,507,1023,516,-765,-4.5,769.5
7.61256883705863,510,1022,512,-766,-1,767
7.61472843105496,510,1020,510,-765,0,765
7.61688802505129,509,1023,514,-766,-2.5,768.5
7.61904761904762,511,1021,510,-766,0.5,765.5
7.62120721304395,511,1022,511,-766.5,0,766.5
7.62336680704028,514,1022,508,-768,3,765
7.6255264010366,515,1020,505,-767.5,5,762.5
7.62768599503293,514,1021,507,-767.5,3.5,764
7.62984558902926,511,1022,511,-766.5,0,766.5
7.63200518302559,511,1020,509,-765.5,1,764.5
7.63416477702192,511,1022,511,-766.5,0,766.5
7.63632437101825,513,1022,509,-767.5,2,765.5
7.63848396501458,513,1021,508,-767,2.5,764.5
7.64064355901091,509,1021,512,-765,-1.5,766.5
7.64280315300723,510,1022,512,-766,-1,767
7.64496274700356,512,1022,510,-767,1,766
7.64712234099989,514,1022,508,-768,3,765
7.64928193499622,515,1022,507,-768.5,4,764.5
7.65144152899255,515,1020,505,-767.5,5,762.5
7.65360112298888,510,1021,511,-765.5,-0.5,766
7.65576071698521,509,1023,514,-766,-2.5,768.5
7.65792031098154,504,1021,517,-762.5,-6.5,769
7.66007990497786,504,1023,519,-763.5,-7.5,771
7.66223949897419,501,1021,520,-761,-9.5,770.5
7.66439909297052,497,1023,526,-760,-14.5,774.5
7.66655868696685,501,1021,520,-761,-9.5,770.5
7.66871828096318,503,1022,519,-762.5,-8,770.5
7.67087787495951,507,1022,515,-764.5,-4,768.5
7.67303746895584,505,1021,516,-763,-5.5,768.5
7.67519706295217,497,1021,524,-759,-13.5,772.5
7.67735665694849,495,1022,527,-758.5,-16,774.5
7.67951625094482,494,1022,528,-758,-17,775
7.68167584494115,496,1021,525,-758.5,-14.5,773
7.68383543893748,493,1022,529,-757.5,-18,775.5
7.68599503293381,492,1021,529,-756.5,-18.5,775
7.68815462693014,489,1021,532,-755,-21.5,776.5
7.69031422092647,488,1021,533,-754.5,-22.5,777
7.69247381492279,486,1021,535,-753.5,-24.5,778
7.69463340891912,485,1021,536,-753,-25.5,778.5
7.69679300291545,487,1021,534,-754,-23.5,777.5
7.69895259691178,490,1022,532,-756,-21,777
7.70111219090811,493,1023,530,-758,-18.5,776.5
7.70327178490444,494,1021,527,-757.5,-16.5,774
7.70543137890077,496,1022,526,-759,-15,774
7.7075909728971,493,1023,530,-758,-18.5,776.5
7.70975056689342,490,1021,531,-755.5,-20.5,776
7.71191016088975,487,1022,535,-754.5,-24,778.5
7.71406975488608,489,1020,531,-754.5,-21,775.5
7.71622934888241,489,1021,532,-755,-21.5,776.5
7.71838894287874,495,1020,525,-757.5,-15,772.5
7.72054853687507,498,1021,523,-759.5,-12.5,772
7.7227081308714,499,1021,522,-760,-11.5,771.5
7.72486772486772,495,1023,528,-759,-16.5,775.5
7.72702731886405,492,1020,528,-756,-18,774
7.72918691286038,489,1021,532,-755,-21.5,776.5
7.73134650685671,480,1022,542,-751,-31,782
7.73350610085304,476,1022,546,-749,-35,784
7.73566569484937,478,1021,543,-749.5,-32.5,782
7.7378252888457,482,1021,539,-751.5,-28.5,780
7.73998488284203,489,1019,530,-754,-20.5,774.5
7.74214447683835,489,1022,533,-755.5,-22,777.5
7.74430407083468,490,1020,530,-755,-20,775
7.74646366483101,489,1021,532,-755,-21.5,776.5
7.74862325882734,491,1020,529,-755.5,-19,774.5
7.75078285282367,492,1020,528,-756,-18,774
7.75294244682,499,1022,523,-760.5,-12,772.5
7.75510204081633,513,1021,508,-767,2.5,764.5
7.75726163481265,527,1021,494,-774,16.5,757.5
7.75942122880898,542,1022,480,-782,31,751
7.76158082280531,562,1021,459,-791.5,51.5,740
7.76374041680164,581,1021,440,-801,70.5,730.5
7.76590001079797,601,1022,421,-811.5,90,721.5
7.7680596047943,623,1022,399,-822.5,112,710.5
7.77021919879063,643,1021,378,-832,132.5,699.5
7.77237879278696,655,1021,366,-838,144.5,693.5
7.77453838678328,655,1022,367,-838.5,144,694.5
7.77669798077961,639,1023,384,-831,127.5,703.5
7.77885757477594,619,1021,402,-820,108.5,711.5
7.78101716877227,595,1021,426,-808,84.5,723.5
7.7831767627686,573,1022,449,-797.5,62,735.5
7.78533635676493,551,1021,470,-786,40.5,745.5
7.78749595076126,532,1021,489,-776.5,21.5,755
7.78965554475759,518,1020,502,-769,8,761
7.79181513875391,504,1022,518,-763,-7,770
7.79397473275024,496,1019,523,-757.5,-13.5,771
7.79613432674657,490,1022,532,-756,-21,777
7.7982939207429,488,1020,532,-754,-22,776
7.80045351473923,487,1022,535,-754.5,-24,778.5
7.80261310873556,484,1022,538,-753,-27,780
7.80477270273189,487,1021,534,-754,-23.5,777.5
7.80693229672822,489,1021,532,-755,-21.5,776.5
7.80909189072454,492,1022,530,-757,-19,776
7.81125148472087,491,1022,531,-756.5,-20,776.5
7.8134110787172,490,1021,531,-755.5,-20.5,776
7.81557067271353,489,1022,533,-755.5,-22,777.5
7.81773026670986,490,1020,530,-755,-20,775
7.81988986070619,488,1022,534,-755,-23,778
7.82204945470252,490,1022,532,-756,-21,777
7.82420904869884,488,1021,533,-754.5,-22.5,777
7.82636864269517,489,1021,532,-755,-21.5,776.5
7.8285282366915,487,1021,534,-754,-23.5,777.5
7.83068783068783,484,1021,537,-752.5,-26.5,779
7.83284742468416,480,1022,542,-751,-31,782
7.83500701868049,480,1020,540,-750,-30,780
7.83716661267682,483,1020,537,-751.5,-27,778.5
7.83932620667315,486,1022,536,-754,-25,779
7.84148580066947,491,1021,530,-756,-19.5,775.5
7.8436453946658,497,1022,525,-759.5,-14,773.5
7.84580498866213,496,1020,524,-758,-14,772
7.84796458265846,495,1022,527,-758.5,-16,774.5
7.85012417665479,493,1023,530,-758,-18.5,776.5
7.85228377065112,490,1022,532,-756,-21,777
7.85444336464745,490,1023,533,-756.5,-21.5,778
7.85660295864377,492,1019,527,-755.5,-17.5,773
7.8587625526401,493,1019,526,-756,-16.5,772.5
7.86092214663643,493,1019,526,-756,-16.5,772.5
7.86308174063276,489,1023,534,-756,-22.5,778.5
7.86524133462909,486,1023,537,-754.5,-25.5,780
7.86740092862542,490,1022,532,-756,-21,777
7.86956052262175,495,1021,526,-758,-15.5,773.5
7.87172011661808,498,1022,524,-760,-13,773
7.8738797106144,499,1021,522,-760,-11.5,771.5
7.87603930461073,498,1022,524,-760,-13,773
7.87819889860706,495,1022,527,-758.5,-16,774.5
7.88035849260339,490,1022,532,-756,-21,777
7.88251808659972,488,1022,534,-755,-23,778
7.88467768059605,490,1022,532,-756,-21,777
7.88683727459238,499,1021,522,-760,-11.5,771.5
7.88899686858871,509,1022,513,-765.5,-2,767.5
7.89115646258503,514,1021,507,-767.5,3.5,764
7.89331605658136,514,1022,508,-768,3,765
7.89547565057769,514,1020,506,-767,4,763
7.89763524457402,508,1021,513,-764.5,-2.5,767
7.89979483857035,505,1022,517,-763.5,-6,769.5
7.90195443256668,503,1021,518,-762,-7.5,769.5
7.90411402656301,501,1023,522,-762,-10.5,772.5
7.90627362055933,502,1021,519,-761.5,-8.5,770
7.90843321455566,507,1022,515,-764.5,-4,768.5
7.91059280855199,508,1021,513,-764.5,-2.5,767
7.91275240254832,502,1022,520,-762,-9,771
7.91491199654465,495,1022,527,-758.5,-16,774.5
7.91707159054098,493,1021,528,-757,-17.5,774.5
7.91923118453731,492,1021,529,-756.5,-18.5,775
7.92139077853364,495,1021,526,-758,-15.5,773.5
7.92355037252996,501,1021,520,-761,-9.5,770.5
7.92570996652629,507,1021,514,-764,-3.5,767.5
7.92786956052262,512,1020,508,-766,2,764
7.93002915451895,522,1020,498,-771,12,759
7.93218874851528,526,1021,495,-773.5,15.5,758
7.93434834251161,525,1021,496,-773,14.5,758.5
7.93650793650794,521,1020,499,-770.5,11,759.5
7.93866753050427,518,1020,502,-769,8,761
7.94082712450059,514,1022,508,-768,3,765
7.94298671849692,512,1023,511,-767.5,0.5,767
7.94514631249325,507,1021,514,-764,-3.5,767.5
7.94730590648958,509,1022,513,-765.5,-2,767.5
7.94946550048591,515,1022,507,-768.5,4,764.5
7.95162509448224,517,1021,504,-769,6.5,762.5
7.95378468847857,519,1022,503,-770.5,8,762.5
7.95594428247489,523,1021,498,-772,12.5,759.5
7.95810387647122,525,1021,496,-773,14.5,758.5
7.96026347046755,518,1022,504,-770,7,763
7.96242306446388,512,1022,510,-767,1,766
7.96458265846021,511,1021,510,-766,0.5,765.5
7.96674225245654,515,1021,506,-768,4.5,763.5
7.96890184645287,529,1020,491,-774.5,19,755.5
7.9710614404492,538,1020,482,-779,28,751
7.97322103444552,544,1022,478,-783,33,750
7.97538062844185,545,1022,477,-783.5,34,749.5
7.97754022243818,546,1022,476,-784,35,749
7.97969981643451,544,1021,477,-782.5,33.5,749
7.98185941043084,546,1020,474,-783,36,747
7.98401900442717,540,1021,481,-780.5,29.5,751
7.9861785984235,531,1022,491,-776.5,20,756.5
7.98833819241982,524,1022,498,-773,13,760
7.99049778641615,521,1022,501,-771.5,10,761.5
7.99265738041248,523,1021,498,-772,12.5,759.5
7.99481697440881,527,1021,494,-774,16.5,757.5
7.99697656840514,532,1020,488,-776,22,754
7.99913616240147,533,1022,489,-777.5,22,755.5
8.0012957563978,539,1022,483,-780.5,28,752.5
8.00345535039413,536,1022,486,-779,25,754
8.00561494439046,531,1022,491,-776.5,20,756.5
8.00777453838678,528,1021,493,-774.5,17.5,757
8.00993413238311,525,1021,496,-773,14.5,758.5
8.01209372637944,525,1022,497,-773.5,14,759.5
8.01425332037577,524,1021,497,-772.5,13.5,759
8.0164129143721,524,1022,498,-773,13,760
8.01857250836843,523,1021,498,-772,12.5,759.5
8.02073210236476,528,1021,493,-774.5,17.5,757
8.02289169636108,531,1021,490,-776,20.5,755.5
8.02505129035741,535,1020,485,-777.5,25,752.5
8.02721088435374,535,1021,486,-778,24.5,753.5
8.02937047835007,532,1021,489,-776.5,21.5,755
8.0315300723464,524,1021,497,-772.5,13.5,759
8.03368966634273,520,1021,501,-770.5,9.5,761
8.03584926033906,516,1021,505,-768.5,5.5,763
8.03800885433538,509,1023,514,-766,-2.5,768.5
8.04016844833171,506,1021,515,-763.5,-4.5,768
8.04232804232804,506,1021,515,-763.5,-4.5,768
8.04448763632437,507,1022,515,-764.5,-4,768.5
8.0466472303207,508,1021,513,-764.5,-2.5,767
8.04880682431703,504,1023,519,-763.5,-7.5,771
8.05096641831336,503,1021,518,-762,-7.5,769.5
8.05312601230969,502,1022,520,-762,-9,771
8.05528560630601,501,1022,521,-761.5,-10,771.5
8.05744520030234,500,1022,522,-761,-11,772
8.05960479429867,502,1021,519,-761.5,-8.5,770
8.061764388295,503,1022,519,-762.5,-8,770.5
8.06392398229133,503,1021,518,-762,-7.5,769.5
8.06608357628766,496,1022,526,-759,-15,774
8.06824317028399,492,1022,530,-757,-19,776
8.07040276428032,486,1022,536,-754,-25,779
8.07256235827664,479,1020,541,-749.5,-31,780.5
8.07472195227297,474,1021,547,-747.5,-36.5,784
8.0768815462693,475,1021,546,-748,-35.5,783.5
8.07904114026563,483,1022,539,-752.5,-28,780.5
8.08120073426196,488,1020,532,-754,-22,776
8.08336032825829,493,1021,528,-757,-17.5,774.5
8.08551992225462,494,1022,528,-758,-17,775
8.08767951625094,492,1021,529,-756.5,-18.5,775
8.08983911024727,490,1021,531,-755.5,-20.5,776
8.0919987042436,485,1022,537,-753.5,-26,779.5
8.09415829823993,487,1022,535,-754.5,-24,778.5
8.09631789223626,485,1021,536,-753,-25.5,778.5
8.09847748623259,488,1022,534,-755,-23,778
8.10063708022892,488,1023,535,-755.5,-23.5,779
8.10279667422525,491,1022,531,-756.5,-20,776.5
8.10495626822157,492,1020,528,-756,-18,774
8.1071158622179,492,1021,529,-756.5,-18.5,775
8.10927545621423,489,1022,533,-755.5,-22,777.5
8.11143505021056,493,1022,529,-757.5,-18,775.5
8.11359464420689,498,1023,525,-760.5,-13.5,774
8.11575423820322,501,1023,522,-762,-10.5,772.5
8.11791383219955,501,1023,522,-762,-10.5,772.5
8.12007342619587,499,1021,522,-760,-11.5,771.5
8.1222330201922,496,1023,527,-759.5,-15.5,775
8.12439261418853,492,1021,529,-756.5,-18.5,775
8.12655220818486,488,1022,534,-755,-23,778
8.12871180218119,488,1022,534,-755,-23,778
8.13087139617752,488,1021,533,-754.5,-22.5,777
8.13303099017385,492,1022,530,-757,-19,776
8.13519058417018,493,1019,526,-756,-16.5,772.5
8.13735017816651,499,1020,521,-759.5,-11,770.5
8.13950977216283,502,1021,519,-761.5,-8.5,770
8.14166936615916,504,1022,518,-763,-7,770
8.14382896015549,503,1022,519,-762.5,-8,770.5
8.14598855415182,501,1021,520,-761,-9.5,770.5
8.14814814814815,498,1021,523,-759.5,-12.5,772
8.15030774214448,493,1022,529,-757.5,-18,775.5
8.15246733614081,485,1021,536,-753,-25.5,778.5
8.15462693013713,483,1021,538,-752,-27.5,779.5
8.15678652413346,485,1021,536,-753,-25.5,778.5
8.15894611812979,490,1022,532,-756,-21,777
8.16110571212612,494,1021,527,-757.5,-16.5,774
8.16326530612245,493,1021,528,-757,-17.5,774.5
8.16542490011878,489,1021,532,-755,-21.5,776.5
8.16758449411511,487,1021,534,-754,-23.5,777.5
8.16974408811143,489,1022,533,-755.5,-22,777.5
8.17190368210776,493,1022,529,-757.5,-18,775.5
8.17406327610409,495,1021,526,-758,-15.5,773.5
8.17622287010042,497,1020,523,-758.5,-13,771.5
8.17838246409675,498,1022,524,-760,-13,773
8.18054205809308,498,1021,523,-759.5,-12.5,772
8.18270165208941,500,1020,520,-760,-10,770
8.18486124608574,502,1022,520,-762,-9,771
8.18702084008206,506,1023,517,-764.5,-5.5,770
8.18918043407839,509,1023,514,-766,-2.5,768.5
8.19134002807472,508,1020,512,-764,-2,766
8.19349962207105,504,1021,517,-762.5,-6.5,769
8.19565921606738,504,1020,516,-762,-6,768
8.19781881006371,505,1022,517,-763.5,-6,769.5
8.19997840406004,508,1022,514,-765,-3,768
8.20213799805637,508,1021,513,-764.5,-2.5,767
8.20429759205269,510,1023,513,-766.5,-1.5,768
8.20645718604902,508,1022,514,-765,-3,768
8.20861678004535,506,1022,516,-764,-5,769
8.21077637404168,502,1023,521,-762.5,-9.5,772
8.21293596803801,505,1022,517,-763.5,-6,769.5
8.21509556203434,506,1023,517,-764.5,-5.5,770
8.21725515603067,503,1022,519,-762.5,-8,770.5
8.21941475002699,502,1022,520,-762,-9,771
8.22157434402332,501,1021,520,-761,-9.5,770.5
8.22373393801965,500,1021,521,-760.5,-10.5,771
8.22589353201598,497,1022,525,-759.5,-14,773.5
8.22805312601231,501,1020,519,-760.5,-9,769.5
8.23021272000864,503,1021,518,-762,-7.5,769.5
8.23237231400497,504,1022,518,-763,-7,770
8.2345319080013,505,1021,516,-763,-5.5,768.5
8.23669150199762,508,1023,515,-765.5,-3.5,769
8.23885109599395,508,1022,514,-765,-3,768
8.24101068999028,514,1021,507,-767.5,3.5,764
8.24317028398661,516,1023,507,-769.5,4.5,765
8.24532987798294,518,1023,505,-770.5,6.5,764
8.24748947197927,516,1023,507,-769.5,4.5,765
8.2496490659756,520,1022,502,-771,9,762
8.25180865997192,520,1020,500,-770,10,760
8.25396825396825,520,1022,502,-771,9,762
8.25612784796458,514,1022,508,-768,3,765
8.25828744196091,510,1021,511,-765.5,-0.5,766
8.26044703595724,507,1021,514,-764,-3.5,767.5
8.26260662995357,500,1022,522,-761,-11,772
8.2647662239499,499,1021,522,-760,-11.5,771.5
8.26692581794623,499,1022,523,-760.5,-12,772.5
8.26908541194256,501,1023,522,-762,-10.5,772.5
8.27124500593888,507,1023,516,-765,-4.5,769.5
8.27340459993521,512,1022,510,-767,1,766
8.27556419393154,515,1021,506,-768,4.5,763.5
8.27772378792787,514,1022,508,-768,3,765
8.2798833819242,511,1021,510,-766,0.5,765.5
8.28204297592053,509,1021,512,-765,-1.5,766.5
8.28420256991686,506,1022,516,-764,-5,769
8.28636216391318,504,1023,519,-763.5,-7.5,771
8.28852175790951,501,1022,521,-761.5,-10,771.5
8.29068135190584,500,1020,520,-760,-10,770
8.29284094590217,495,1021,526,-758,-15.5,773.5
8.2950005398985,489,1023,534,-756,-22.5,778.5
8.29716013389483,488,1020,532,-754,-22,776
8.29931972789116,486,1022,536,-754,-25,779
8.30147932188748,492,1021,529,-756.5,-18.5,775
8.30363891588381,492,1021,529,-756.5,-18.5,775
8.30579850988014,493,1020,527,-756.5,-17,773.5
8.30795810387647,492,1022,530,-757,-19,776
8.3101176978728,489,1021,532,-755,-21.5,776.5
8.31227729186913,484,1020,536,-752,-26,778
8.31443688586546,480,1022,542,-751,-31,782
8.31659647986179,478,1021,543,-749.5,-32.5,782
8.31875607385811,479,1022,543,-750.5,-32,782.5
8.32091566785444,486,1022,536,-754,-25,779
8.32307526185077,491,1021,530,-756,-19.5,775.5
8.3252348558471,491,1022,531,-756.5,-20,776.5
8.32739444984343,491,1022,531,-756.5,-20,776.5
8.32955404383976,490,1023,533,-756.5,-21.5,778
8.33171363783609,491,1021,530,-756,-19.5,775.5
8.33387323183242,495,1023,528,-759,-16.5,775.5
8.33603282582874,493,1023,530,-758,-18.5,776.5
8.33819241982507,491,1022,531,-756.5,-20,776.5
8.3403520138214,489,1022,533,-755.5,-22,777.5
8.34251160781773,485,1021,536,-753,-25.5,778.5
8.34467120181406,486,1022,536,-754,-25,779
8.34683079581039,489,1021,532,-755,-21.5,776.5
8.34899038980672,493,1021,528,-757,-17.5,774.5
8.35114998380305,490,1022,532,-756,-21,777
8.35330957779937,486,1023,537,-754.5,-25.5,780
8.3554691717957,484,1022,538,-753,-27,780
8.35762876579203,482,1022,540,-752,-29,781
8.35978835978836,484,1023,539,-753.5,-27.5,781
8.36194795378469,487,1021,534,-754,-23.5,777.5
8.36410754778102,486,1020,534,-753,-24,777
8.36626714177735,487,1022,535,-754.5,-24,778.5
8.36842673577367,494,1023,529,-758.5,-17.5,776
8.37058632977,503,1020,517,-761.5,-7,768.5
8.37274592376633,518,1022,504,-770,7,763
8.37490551776266,536,1022,486,-779,25,754
8.37706511175899,558,1023,465,-790.5,46.5,744
8.37922470575532,588,1020,432,-804,78,726
8.38138429975165,609,1023,414,-816,97.5,718.5
8.38354389374797,630,1021,391,-825.5,119.5,706
8.3857034877443,646,1022,376,-834,135,699
8.38786308174063,655,1021,366,-838,144.5,693.5
8.39002267573696,659,1020,361,-839.5,149,690.5
8.39218226973329,647,1021,374,-834,136.5,697.5
8.39434186372962,623,1020,397,-821.5,113,708.5
8.39650145772595,595,1021,426,-808,84.5,723.5
8.39866105172228,567,1022,455,-794.5,56,738.5
8.40082064571861,542,1021,479,-781.5,31.5,750
8.40298023971493,520,1022,502,-771,9,762
8.40513983371126,499,1022,523,-760.5,-12,772.5
8.40729942770759,490,1022,532,-756,-21,777
8.40945902170392,488,1022,534,-755,-23,778
8.41161861570025,485,1023,538,-754,-26.5,780.5
8.41377820969658,485,1022,537,-753.5,-26,779.5
8.41593780369291,485,1021,536,-753,-25.5,778.5
8.41809739768923,484,1021,537,-752.5,-26.5,779
8.42025699168556,491,1023,532,-757,-20.5,777.5
8.42241658568189,499,1022,523,-760.5,-12,772.5
8.42457617967822,502,1022,520,-762,-9,771
8.42673577367455,503,1022,519,-762.5,-8,770.5
8.42889536767088,500,1022,522,-761,-11,772
8.43105496166721,495,1023,528,-759,-16.5,775.5
8.43321455566353,492,1022,530,-757,-19,776
8.43537414965986,487,1022,535,-754.5,-24,778.5
8.43753374365619,484,1023,539,-753.5,-27.5,781
8.43969333765252,484,1021,537,-752.5,-26.5,779
8.44185293164885,486,1020,534,-753,-24,777
8.44401252564518,487,1022,535,-754.5,-24,778.5
8.44617211964151,489,1022,533,-755.5,-22,777.5
8.44833171363784,489,1022,533,-755.5,-22,777.5
8.45049130763416,489,1021,532,-755,-21.5,776.5
8.45265090163049,489,1021,532,-755,-21.5,776.5
8.45481049562682,487,1021,534,-754,-23.5,777.5
8.45697008962315,485,1022,537,-753.5,-26,779.5
8.45912968361948,487,1023,536,-755,-24.5,779.5
8.46128927761581,482,1023,541,-752.5,-29.5,782
8.46344887161214,480,1021,541,-750.5,-30.5,781
8.46560846560847,484,1020,536,-752,-26,778
8.46776805960479,486,1022,536,-754,-25,779
8.46992765360112,490,1020,530,-755,-20,775
8.47208724759745,489,1021,532,-755,-21.5,776.5
8.47424684159378,491,1022,531,-756.5,-20,776.5
8.47640643559011,496,1022,526,-759,-15,774
8.47856602958644,492,1021,529,-756.5,-18.5,775
8.48072562358277,485,1021,536,-753,-25.5,778.5
8.4828852175791,478,1021,543,-749.5,-32.5,782
8.48504481157542,482,1019,537,-750.5,-27.5,778
8.48720440557175,490,1020,530,-755,-20,775
8.48936399956808,493,1020,527,-756.5,-17,773.5
8.49152359356441,495,1021,526,-758,-15.5,773.5
8.49368318756074,497,1020,523,-758.5,-13,771.5
8.49584278155707,500,1021,521,-760.5,-10.5,771
8.4980023755534,501,1020,519,-760.5,-9,769.5
8.50016196954972,501,1021,520,-761,-9.5,770.5
8.50232156354605,501,1022,521,-761.5,-10,771.5
8.50448115754238,499,1021,522,-760,-11.5,771.5
8.50664075153871,500,1021,521,-760.5,-10.5,771
8.50880034553504,499,1022,523,-760.5,-12,772.5
8.51095993953137,496,1021,525,-758.5,-14.5,773
8.5131195335277,495,1019,524,-757,-14.5,771.5
8.51527912752402,492,1022,530,-757,-19,776
8.51743872152035,492,1021,529,-756.5,-18.5,775
8.51959831551668,494,1021,527,-757.5,-16.5,774
8.52175790951301,499,1020,521,-759.5,-11,770.5
8.52391750350934,504,1020,516,-762,-6,768
8.52607709750567,509,1022,513,-765.5,-2,767.5
8.528236691502,510,1023,513,-766.5,-1.5,768
8.53039628549833,511,1023,512,-767,-0.5,767.5
8.53255587949466,511,1021,510,-766,0.5,765.5
8.53471547349098,507,1021,514,-764,-3.5,767.5
8.53687506748731,503,1022,519,-762.5,-8,770.5
8.53903466148364,506,1020,514,-763,-4,767
8.54119425547997,512,1021,509,-766.5,1.5,765
8.5433538494763,517,1021,504,-769,6.5,762.5
8.54551344347263,519,1022,503,-770.5,8,762.5
8.54767303746896,514,1023,509,-768.5,2.5,766
8.54983263146528,511,1022,511,-766.5,0,766.5
8.55199222546161,505,1023,518,-764,-6.5,770.5
8.55415181945794,506,1022,516,-764,-5,769
8.55631141345427,506,1021,515,-763.5,-4.5,768
8.5584710074506,512,1020,508,-766,2,764
8.56063060144693,513,1021,508,-767,2.5,764.5
8.56279019544326,514,1023,509,-768.5,2.5,766
8.56494978943958,517,1022,505,-769.5,6,763.5
8.56710938343591,524,1023,499,-773.5,12.5,761
8.56926897743224,527,1022,495,-774.5,16,758.5
8.57142857142857,526,1021,495,-773.5,15.5,758
8.5735881654249,530,1022,492,-776,19,757
8.57574775942123,528,1020,492,-774,18,756
8.57790735341756,525,1021,496,-773,14.5,758.5
8.58006694741389,521,1023,502,-772,9.5,762.5
8.58222654141021,521,1021,500,-771,10.5,760.5
8.58438613540654,522,1021,499,-771.5,11.5,760
8.58654572940287,528,1021,493,-774.5,17.5,757
8.5887053233992,529,1023,494,-776,17.5,758.5
8.59086491739553,528,1022,494,-775,17,758
8.59302451139186,531,1022,491,-776.5,20,756.5
8.59518410538819,533,1021,488,-777,22.5,754.5
8.59734369938452,536,1021,485,-778.5,25.5,753
8.59950329338084,531,1023,492,-777,19.5,757.5
8.60166288737717,526,1023,497,-774.5,14.5,760
8.6038224813735,521,1019,498,-770,11.5,758.5
8.60598207536983,525,1023,498,-774,13.5,760.5
8.60814166936616,530,1021,491,-775.5,19.5,756
8.61030126336249,533,1022,489,-777.5,22,755.5
8.61246085735882,534,1020,486,-777,24,753
8.61462045135515,531,1022,491,-776.5,20,756.5
8.61678004535147,529,1021,492,-775,18.5,756.5
8.6189396393478,531,1023,492,-777,19.5,757.5
8.62109923334413,534,1021,487,-777.5,23.5,754
8.62325882734046,538,1022,484,-780,27,753
8.62541842133679,535,1022,487,-778.5,24,754.5
8.62757801533312,530,1022,492,-776,19,757
8.62973760932945,528,1021,493,-774.5,17.5,757
8.63189720332577,526,1020,494,-773,16,757
8.6340567973221,524,1022,498,-773,13,760
8.63621639131843,527,1022,495,-774.5,16,758.5
8.63837598531476,526,1023,497,-774.5,14.5,760
8.64053557931109,524,1020,496,-772,14,758
8.64269517330742,518,1023,505,-770.5,6.5,764
8.64485476730375,515,1021,506,-768,4.5,763.5
8.64701436130007,513,1021,508,-767,2.5,764.5
8.6491739552964,513,1020,507,-766.5,3,763.5
8.65133354929273,515,1023,508,-769,3.5,765.5
8.65349314328906,515,1020,505,-767.5,5,762.5
8.65565273728539,512,1022,510,-767,1,766
8.65781233128172,511,1021,510,-766,0.5,765.5
8.65997192527805,509,1021,512,-765,-1.5,766.5
8.66213151927438,503,1022,519,-762.5,-8,770.5
8.66429111327071,498,1020,522,-759,-12,771
8.66645070726703,497,1021,524,-759,-13.5,772.5
8.66861030126336,496,1021,525,-758.5,-14.5,773
8.67076989525969,494,1022,528,-758,-17,775
8.67292948925602,495,1023,528,-759,-16.5,775.5
8.67508908325235,496,1021,525,-758.5,-14.5,773
8.67724867724868,494,1021,527,-757.5,-16.5,774
8.67940827124501,495,1022,527,-758.5,-16,774.5
8.68156786524133,499,1023,524,-761,-12.5,773.5
8.68372745923766,501,1022,521,-761.5,-10,771.5
8.68588705323399,498,1022,524,-760,-13,773
8.68804664723032,496,1021,525,-758.5,-14.5,773
8.69020624122665,495,1023,528,-759,-16.5,775.5
8.69236583522298,490,1021,531,-755.5,-20.5,776
8.69452542921931,482,1022,540,-752,-29,781
8.69668502321564,479,1020,541,-749.5,-31,780.5
8.69884461721196,477,1021,544,-749,-33.5,782.5
8.70100421120829,476,1019,543,-747.5,-33.5,781
8.70316380520462,482,1020,538,-751,-28,779
8.70532339920095,487,1023,536,-755,-24.5,779.5
8.70748299319728,492,1020,528,-756,-18,774
8.70964258719361,495,1021,526,-758,-15.5,773.5
8.71180218118994,496,1021,525,-758.5,-14.5,773
8.71396177518626,492,1022,530,-757,-19,776
8.71612136918259,490,1021,531,-755.5,-20.5,776
8.71828096317892,486,1022,536,-754,-25,779
8.72044055717525,485,1021,536,-753,-25.5,778.5
8.72260015117158,486,1023,537,-754.5,-25.5,780
8.72475974516791,482,1022,540,-752,-29,781
8.72691933916424,480,1022,542,-751,-31,782
8.72907893316057,476,1022,546,-749,-35,784
8.73123852715689,474,1023,549,-748.5,-37.5,786
8.73339812115322,480,1021,541,-750.5,-30.5,781
8.73555771514955,488,1021,533,-754.5,-22.5,777
8.73771730914588,492,1023,531,-757.5,-19.5,777
8.73987690314221,495,1021,526,-758,-15.5,773.5
8.74203649713854,492,1021,529,-756.5,-18.5,775
8.74419609113487,490,1020,530,-755,-20,775
8.7463556851312,489,1021,532,-755,-21.5,776.5
8.74851527912752,490,1021,531,-755.5,-20.5,776
8.75067487312385,492,1023,531,-757.5,-19.5,777
8.75283446712018,493,1022,529,-757.5,-18,775.5
8.75499406111651,493,1022,529,-757.5,-18,775.5
8.75715365511284,493,1023,530,-758,-18.5,776.5
8.75931324910917,495,1022,527,-758.5,-16,774.5
8.7614728431055,495,1022,527,-758.5,-16,774.5
8.76363243710182,496,1020,524,-758,-14,772
8.76579203109815,495,1022,527,-758.5,-16,774.5
8.76795162509448,495,1021,526,-758,-15.5,773.5
8.77011121909081,499,1021,522,-760,-11.5,771.5
8.77227081308714,497,1022,525,-759.5,-14,773.5
8.77443040708347,494,1020,526,-757,-16,773
8.7765900010798,493,1021,528,-757,-17.5,774.5
8.77874959507612,492,1022,530,-757,-19,776
8.78090918907245,492,1023,531,-757.5,-19.5,777
8.78306878306878,489,1023,534,-756,-22.5,778.5
8.78522837706511,490,1021,531,-755.5,-20.5,776
8.78738797106144,489,1022,533,-755.5,-22,777.5
8.78954756505777,493,1020,527,-756.5,-17,773.5
8.7917071590541,494,1021,527,-757.5,-16.5,774
8.79386675305043,491,1022,531,-756.5,-20,776.5
8.79602634704676,490,1022,532,-756,-21,777
8.79818594104308,495,1023,528,-759,-16.5,775.5
8.80034553503941,497,1021,524,-759,-13.5,772.5
8.80250512903574,498,1022,524,-760,-13,773
8.80466472303207,496,1020,524,-758,-14,772
8.8068243170284,497,1022,525,-759.5,-14,773.5
8.80898391102473,495,1022,527,-758.5,-16,774.5
8.81114350502106,494,1021,527,-757.5,-16.5,774
8.81330309901738,495,1021,526,-758,-15.5,773.5
8.81546269301371,496,1021,525,-758.5,-14.5,773
8.81762228701004,497,1021,524,-759,-13.5,772.5
8.81978188100637,498,1021,523,-759.5,-12.5,772
8.8219414750027,498,1020,522,-759,-12,771
8.82410106899903,496,1021,525,-758.5,-14.5,773
8.82626066299536,498,1021,523,-759.5,-12.5,772
8.82842025699169,498,1022,524,-760,-13,773
8.83057985098801,498,1020,522,-759,-12,771
8.83273944498434,497,1021,524,-759,-13.5,772.5
8.83489903898067,496,1023,527,-759.5,-15.5,775
8.837058632977,493,1022,529,-757.5,-18,775.5
8.83921822697333,498,1021,523,-759.5,-12.5,772
8.84137782096966,505,1021,516,-763,-5.5,768.5
8.84353741496599,510,1023,513,-766.5,-1.5,768
8.84569700896231,511,1020,509,-765.5,1,764.5
8.84785660295864,514,1021,507,-767.5,3.5,764
8.85001619695497,514,1021,507,-767.5,3.5,764
8.8521757909513,510,1022,512,-766,-1,767
8.85433538494763,507,1023,516,-765,-4.5,769.5
8.85649497894396,502,1021,519,-761.5,-8.5,770
8.85865457294029,501,1023,522,-762,-10.5,772.5
8.86081416693662,501,1022,521,-761.5,-10,771.5
8.86297376093294,507,1021,514,-764,-3.5,767.5
8.86513335492927,507,1023,516,-765,-4.5,769.5
8.8672929489256,510,1021,511,-765.5,-0.5,766
8.86945254292193,511,1021,510,-766,0.5,765.5
8.87161213691826,514,1022,508,-768,3,765
8.87377173091459,511,1022,511,-766.5,0,766.5
8.87593132491092,511,1023,512,-767,-0.5,767.5
8.87809091890725,509,1022,513,-765.5,-2,767.5
8.88025051290357,508,1021,513,-764.5,-2.5,767
8.8824101068999,508,1021,513,-764.5,-2.5,767
8.88456970089623,506,1022,516,-764,-5,769
8.88672929489256,505,1021,516,-763,-5.5,768.5
8.88888888888889,506,1021,515,-763.5,-4.5,768
8.89104848288522,506,1022,516,-764,-5,769
8.89320807688155,504,1023,519,-763.5,-7.5,771
8.89536767087787,507,1023,516,-765,-4.5,769.5
8.8975272648742,508,1021,513,-764.5,-2.5,767
8.89968685887053,506,1021,515,-763.5,-4.5,768
8.90184645286686,506,1021,515,-763.5,-4.5,768
8.90400604686319,507,1021,514,-764,-3.5,767.5
8.90616564085952,503,1022,519,-762.5,-8,770.5
8.90832523485585,501,1021,520,-761,-9.5,770.5
8.91048482885217,498,1021,523,-759.5,-12.5,772
8.9126444228485,495,1021,526,-758,-15.5,773.5
8.91480401684483,494,1021,527,-757.5,-16.5,774
8.91696361084116,495,1021,526,-758,-15.5,773.5
8.91912320483749,492,1022,530,-757,-19,776
8.92128279883382,492,1020,528,-756,-18,774
8.92344239283015,491,1021,530,-756,-19.5,775.5
8.92560198682648,495,1020,525,-757.5,-15,772.5
8.92776158082281,497,1021,524,-759,-13.5,772.5
8.92992117481913,492,1022,530,-757,-19,776
8.93208076881546,493,1022,529,-757.5,-18,775.5
8.93424036281179,492,1023,531,-757.5,-19.5,777
8.93639995680812,496,1020,524,-758,-14,772
8.93855955080445,495,1021,526,-758,-15.5,773.5
8.94071914480078,492,1021,529,-756.5,-18.5,775
8.94287873879711,487,1022,535,-754.5,-24,778.5
8.94503833279343,484,1022,538,-753,-27,780
8.94719792678976,481,1021,540,-751,-29.5,780.5
8.94935752078609,480,1021,541,-750.5,-30.5,781
8.95151711478242,483,1021,538,-752,-27.5,779.5
8.95367670877875,488,1022,534,-755,-23,778
8.95583630277508,490,1021,531,-755.5,-20.5,776
8.95799589677141,491,1021,530,-756,-19.5,775.5
8.96015549076774,487,1023,536,-755,-24.5,779.5
8.96231508476406,486,1021,535,-753.5,-24.5,778
8.96447467876039,484,1021,537,-752.5,-26.5,779
8.96663427275672,483,1022,539,-752.5,-28,780.5
8.96879386675305,482,1022,540,-752,-29,781
8.97095346074938,480,1021,541,-750.5,-30.5,781
8.97311305474571,482,1023,541,-752.5,-29.5,782
8.97527264874204,480,1022,542,-751,-31,782
8.97743224273836,482,1021,539,-751.5,-28.5,780
8.97959183673469,482,1023,541,-752.5,-29.5,782
8.98175143073102,483,1023,540,-753,-28.5,781.5
8.98391102472735,487,1020,533,-753.5,-23,776.5
8.98607061872368,487,1021,534,-754,-23.5,777.5
8.98823021272001,489,1021,532,-755,-21.5,776.5
8.99038980671634,488,1022,534,-755,-23,778
8.99254940071267,490,1021,531,-755.5,-20.5,776
8.994708994709,496,1022,526,-759,-15,774
8.99686858870532,508,1022,514,-765,-3,768
8.99902818270165,523,1023,500,-773,11.5,761.5
9.00118777669798,546,1022,476,-784,35,749
9.00334737069431,569,1020,451,-794.5,59,735.5
9.00550696469064,594,1021,427,-807.5,83.5,724
9.00766655868697,618,1023,405,-820.5,106.5,714
9.0098261526833,638,1020,382,-829,128,701
9.01198574667962,651,1021,370,-836,140.5,695.5
9.01414534067595,650,1021,371,-835.5,139.5,696
9.01630493467228,640,1022,382,-831,129,702
9.01846452866861,621,1021,400,-821,110.5,710.5
9.02062412266494,598,1021,423,-809.5,87.5,722
9.02278371666127,575,1022,447,-798.5,64,734.5
9.0249433106576,555,1021,466,-788,44.5,743.5
9.02710290465392,535,1021,486,-778,24.5,753.5
9.02926249865025,517,1022,505,-769.5,6,763.5
9.03142209264658,500,1021,521,-760.5,-10.5,771
9.03358168664291,488,1022,534,-755,-23,778
9.03574128063924,484,1021,537,-752.5,-26.5,779
9.03790087463557,483,1022,539,-752.5,-28,780.5
9.0400604686319,489,1020,531,-754.5,-21,775.5
9.04222006262823,491,1021,530,-756,-19.5,775.5
9.04437965662455,496,1020,524,-758,-14,772
9.04653925062088,499,1019,520,-759,-10.5,769.5
9.04869884461721,503,1022,519,-762.5,-8,770.5
9.05085843861354,502,1021,519,-761.5,-8.5,770
9.05301803260987,502,1020,518,-761,-8,769
9.0551776266062,497,1023,526,-760,-14.5,774.5
9.05733722060253,489,1021,532,-755,-21.5,776.5
9.05949681459886,487,1023,536,-755,-24.5,779.5
9.06165640859518,484,1021,537,-752.5,-26.5,779
9.06381600259151,478,1023,545,-750.5,-33.5,784
9.06597559658784,475,1020,545,-747.5,-35,782.5
9.06813519058417,472,1021,549,-746.5,-38.5,785
9.0702947845805,473,1022,549,-747.5,-38,785.5
9.07245437857683,478,1021,543,-749.5,-32.5,782
9.07461397257316,485,1022,537,-753.5,-26,779.5
9.07677356656948,488,1022,534,-755,-23,778
9.07893316056581,490,1022,532,-756,-21,777
9.08109275456214,490,1021,531,-755.5,-20.5,776
9.08325234855847,488,1023,535,-755.5,-23.5,779
9.0854119425548,489,1021,532,-755,-21.5,776.5
9.08757153655113,490,1021,531,-755.5,-20.5,776
9.08973113054746,498,1021,523,-759.5,-12.5,772
9.09189072454379,502,1022,520,-762,-9,771
9.09405031854011,502,1021,519,-761.5,-8.5,770
9.09620991253644,499,1022,523,-760.5,-12,772.5
9.09836950653277,497,1019,522,-758,-12.5,770.5
9.1005291005291,493,1022,529,-757.5,-18,775.5
9.10268869452543,488,1023,535,-755.5,-23.5,779
9.10484828852176,486,1021,535,-753.5,-24.5,778
9.10700788251809,488,1019,531,-753.5,-21.5,775
9.10916747651441,489,1022,533,-755.5,-22,777.5
9.11132707051074,487,1020,533,-753.5,-23,776.5
9.11348666450707,490,1021,531,-755.5,-20.5,776
9.1156462585034,491,1021,530,-756,-19.5,775.5
9.11780585249973,495,1021,526,-758,-15.5,773.5
9.11996544649606,500,1020,520,-760,-10,770
9.12212504049239,503,1022,519,-762.5,-8,770.5
9.12428463448872,502,1020,518,-761,-8,769
9.12644422848505,503,1021,518,-762,-7.5,769.5
9.12860382248137,503,1020,517,-761.5,-7,768.5
9.1307634164777,502,1021,519,-761.5,-8.5,770
9.13292301047403,500,1023,523,-761.5,-11.5,773
9.13508260447036,499,1021,522,-760,-11.5,771.5
9.13724219846669,497,1021,524,-759,-13.5,772.5
9.13940179246302,499,1023,524,-761,-12.5,773.5
9.14156138645935,496,1021,525,-758.5,-14.5,773
9.14372098045567,498,1022,524,-760,-13,773
9.145880574452,499,1021,522,-760,-11.5,771.5
9.14804016844833,499,1022,523,-760.5,-12,772.5
9.15019976244466,499,1021,522,-760,-11.5,771.5
9.15235935644099,502,1021,519,-761.5,-8.5,770
9.15451895043732,506,1022,516,-764,-5,769
9.15667854443365,513,1021,508,-767,2.5,764.5
9.15883813842997,519,1023,504,-771,7.5,763.5
9.1609977324263,520,1020,500,-770,10,760
9.16315732642263,519,1021,502,-770,8.5,761.5
9.16531692041896,516,1021,505,-768.5,5.5,763
9.16747651441529,511,1019,508,-765,1.5,763.5
9.16963610841162,509,1022,513,-765.5,-2,767.5
9.17179570240795,506,1021,515,-763.5,-4.5,768
9.17395529640428,506,1021,515,-763.5,-4.5,768
9.1761148904006,506,1022,516,-764,-5,769
9.17827448439693,503,1021,518,-762,-7.5,769.5
9.18043407839326,500,1021,521,-760.5,-10.5,771
9.18259367238959,502,1022,520,-762,-9,771
9.18475326638592,507,1021,514,-764,-3.5,767.5
9.18691286038225,515,1023,508,-769,3.5,765.5
9.18907245437858,519,1022,503,-770.5,8,762.5
9.19123204837491,523,1022,499,-772.5,12,760.5
9.19339164237123,526,1022,496,-774,15,759
9.19555123636756,521,1021,500,-771,10.5,760.5
9.19771083036389,514,1022,508,-768,3,765
9.19987042436022,510,1022,512,-766,-1,767
9.20203001835655,510,1023,513,-766.5,-1.5,768
9.20418961235288,516,1022,506,-769,5,764
9.20634920634921,523,1021,498,-772,12.5,759.5
9.20850880034553,527,1022,495,-774.5,16,758.5
9.21066839434186,534,1022,488,-778,23,755
9.21282798833819,531,1022,491,-776.5,20,756.5
9.21498758233452,532,1020,488,-776,22,754
9.21714717633085,530,1021,491,-775.5,19.5,756
9.21930677032718,529,1022,493,-775.5,18,757.5
9.22146636432351,528,1021,493,-774.5,17.5,757
9.22362595831984,527,1022,495,-774.5,16,758.5
9.22578555231616,531,1020,489,-775.5,21,754.5
9.22794514631249,535,1021,486,-778,24.5,753.5
9.23010474030882,540,1022,482,-781,29,752
9.23226433430515,538,1022,484,-780,27,753
9.23442392830148,532,1021,489,-776.5,21.5,755
9.23658352229781,530,1022,492,-776,19,757
9.23874311629414,535,1021,486,-778,24.5,753.5
9.24090271029046,543,1023,480,-783,31.5,751.5
9.24306230428679,543,1022,479,-782.5,32,750.5
9.24522189828312,543,1023,480,-783,31.5,751.5
9.24738149227945,540,1022,482,-781,29,752
9.24954108627578,537,1021,484,-779,26.5,752.5
9.25170068027211,531,1022,491,-776.5,20,756.5
9.25386027426844,527,1022,495,-774.5,16,758.5
9.25601986826477,527,1021,494,-774,16.5,757.5
9.2581794622611,528,1021,493,-774.5,17.5,757
9.26033905625742,523,1022,499,-772.5,12,760.5
9.26249865025375,521,1021,500,-771,10.5,760.5
9.26465824425008,519,1021,502,-770,8.5,761.5
9.26681783824641,518,1021,503,-769.5,7.5,762
9.26897743224274,519,1022,503,-770.5,8,762.5
9.27113702623907,517,1022,505,-769.5,6,763.5
9.2732966202354,513,1022,509,-767.5,2,765.5
9.27545621423172,516,1021,505,-768.5,5.5,763
9.27761580822805,518,1022,504,-770,7,763
9.27977540222438,517,1022,505,-769.5,6,763.5
9.28193499622071,513,1021,508,-767,2.5,764.5
9.28409459021704,510,1023,513,-766.5,-1.5,768
9.28625418421337,507,1021,514,-764,-3.5,767.5
9.2884137782097,502,1023,521,-762.5,-9.5,772
9.29057337220602,501,1023,522,-762,-10.5,772.5
9.29273296620235,499,1022,523,-760.5,-12,772.5
9.29489256019868,498,1023,525,-760.5,-13.5,774
9.29705215419501,499,1023,524,-761,-12.5,773.5
9.29921174819134,497,1020,523,-758.5,-13,771.5
9.30137134218767,495,1020,525,-757.5,-15,772.5
9.303530936184,492,1021,529,-756.5,-18.5,775
9.30569053018033,488,1023,535,-755.5,-23.5,779
9.30785012417665,486,1022,536,-754,-25,779
9.31000971817298,484,1020,536,-752,-26,778
9.31216931216931,483,1021,538,-752,-27.5,779.5
9.31432890616564,486,1020,534,-753,-24,777
9.31648850016197,489,1021,532,-755,-21.5,776.5
9.3186480941583,491,1022,531,-756.5,-20,776.5
9.32080768815463,495,1021,526,-758,-15.5,773.5
9.32296728215096,496,1021,525,-758.5,-14.5,773
9.32512687614728,495,1023,528,-759,-16.5,775.5
9.32728647014361,493,1021,528,-757,-17.5,774.5
9.32944606413994,489,1021,532,-755,-21.5,776.5
9.33160565813627,489,1021,532,-755,-21.5,776.5
9.3337652521326,487,1020,533,-753.5,-23,776.5
9.33592484612893,490,1021,531,-755.5,-20.5,776
9.33808444012526,489,1021,532,-755,-21.5,776.5
9.34024403412159,488,1023,535,-755.5,-23.5,779
9.34240362811791,485,1020,535,-752.5,-25,777.5
9.34456322211424,484,1021,537,-752.5,-26.5,779
9.34672281611057,484,1022,538,-753,-27,780
9.3488824101069,488,1023,535,-755.5,-23.5,779
9.35104200410323,489,1019,530,-754,-20.5,774.5
9.35320159809956,488,1020,532,-754,-22,776
9.35536119209589,487,1022,535,-754.5,-24,778.5
9.35752078609221,491,1021,530,-756,-19.5,775.5
9.35968038008854,489,1021,532,-755,-21.5,776.5
9.36183997408487,491,1021,530,-756,-19.5,775.5
9.3639995680812,491,1021,530,-756,-19.5,775.5
9.36615916207753,493,1021,528,-757,-17.5,774.5
9.36831875607386,494,1022,528,-758,-17,775
9.37047835007019,493,1022,529,-757.5,-18,775.5
9.37263794406651,491,1023,532,-757,-20.5,777.5
9.37479753806284,489,1023,534,-756,-22.5,778.5
9.37695713205917,486,1021,535,-753.5,-24.5,778
9.3791167260555,486,1021,535,-753.5,-24.5,778
9.38127632005183,488,1022,534,-755,-23,778
9.38343591404816,489,1023,534,-756,-22.5,778.5
9.38559550804449,492,1021,529,-756.5,-18.5,775
9.38775510204082,492,1021,529,-756.5,-18.5,775
9.38991469603715,495,1022,527,-758.5,-16,774.5
9.39207429003347,494,1022,528,-758,-17,775
9.3942338840298,490,1021,531,-755.5,-20.5,776
9.39639347802613,487,1019,532,-753,-22.5,775.5
9.39855307202246,489,1022,533,-755.5,-22,777.5
9.40071266601879,491,1022,531,-756.5,-20,776.5
9.40287226001512,498,1019,521,-758.5,-11.5,770
9.40503185401145,501,1021,520,-761,-9.5,770.5
9.40719144800777,506,1023,517,-764.5,-5.5,770
9.4093510420041,507,1023,516,-765,-4.5,769.5
9.41151063600043,506,1021,515,-763.5,-4.5,768
9.41367022999676,501,1023,522,-762,-10.5,772.5
9.41582982399309,499,1022,523,-760.5,-12,772.5
9.41798941798942,496,1023,527,-759.5,-15.5,775
9.42014901198575,497,1021,524,-759,-13.5,772.5
9.42230860598207,496,1022,526,-759,-15,774
9.4244681999784,496,1022,526,-759,-15,774
9.42662779397473,494,1022,528,-758,-17,775
9.42878738797106,498,1021,523,-759.5,-12.5,772
9.43094698196739,502,1021,519,-761.5,-8.5,770
9.43310657596372,501,1022,521,-761.5,-10,771.5
9.43526616996005,499,1021,522,-760,-11.5,771.5
9.43742576395638,499,1022,523,-760.5,-12,772.5
9.4395853579527,495,1023,528,-759,-16.5,775.5
9.44174495194903,493,1023,530,-758,-18.5,776.5
9.44390454594536,490,1021,531,-755.5,-20.5,776
9.44606413994169,490,1022,532,-756,-21,777
9.44822373393802,492,1021,529,-756.5,-18.5,775
9.45038332793435,492,1021,529,-756.5,-18.5,775
9.45254292193068,493,1021,528,-757,-17.5,774.5
9.45470251592701,495,1022,527,-758.5,-16,774.5
9.45686210992333,498,1023,525,-760.5,-13.5,774
9.45902170391966,499,1021,522,-760,-11.5,771.5
9.46118129791599,503,1022,519,-762.5,-8,770.5
9.46334089191232,508,1021,513,-764.5,-2.5,767
9.46550048590865,506,1021,515,-763.5,-4.5,768
9.46766007990498,503,1019,516,-761,-6.5,767.5
9.46981967390131,502,1020,518,-761,-8,769
9.47197926789764,502,1022,520,-762,-9,771
9.47413886189396,506,1021,515,-763.5,-4.5,768
9.47629845589029,507,1021,514,-764,-3.5,767.5
9.47845804988662,510,1022,512,-766,-1,767
9.48061764388295,510,1021,511,-765.5,-0.5,766
9.48277723787928,510,1021,511,-765.5,-0.5,766
9.48493683187561,507,1021,514,-764,-3.5,767.5
9.48709642587194,504,1022,518,-763,-7,770
9.48925601986826,504,1021,517,-762.5,-6.5,769
9.49141561386459,503,1023,520,-763,-8.5,771.5
9.49357520786092,500,1021,521,-760.5,-10.5,771
9.49573480185725,500,1022,522,-761,-11,772
9.49789439585358,504,1021,517,-762.5,-6.5,769
9.50005398984991,506,1021,515,-763.5,-4.5,768
9.50221358384624,511,1022,511,-766.5,0,766.5
9.50437317784256,514,1021,507,-767.5,3.5,764
9.50653277183889,517,1022,505,-769.5,6,763.5
9.50869236583522,516,1020,504,-768,6,762
9.51085195983155,514,1020,506,-767,4,763
9.51301155382788,516,1021,505,-768.5,5.5,763
9.51517114782421,517,1023,506,-770,5.5,764.5
9.51733074182054,514,1023,509,-768.5,2.5,766
9.51949033581687,513,1021,508,-767,2.5,764.5
9.5216499298132,511,1021,510,-766,0.5,765.5
9.52380952380952,516,1021,505,-768.5,5.5,763
9.52596911780585,517,1022,505,-769.5,6,763.5
9.52812871180218,513,1020,507,-766.5,3,763.5
9.53028830579851,506,1021,515,-763.5,-4.5,768
9.53244789979484,504,1020,516,-762,-6,768
9.53460749379117,505,1022,517,-763.5,-6,769.5
9.5367670877875,507,1022,515,-764.5,-4,768.5
9.53892668178382,511,1022,511,-766.5,0,766.5
9.54108627578015,513,1023,510,-768,1.5,766.5
9.54324586977648,511,1022,511,-766.5,0,766.5
9.54540546377281,504,1021,517,-762.5,-6.5,769
9.54756505776914,500,1022,522,-761,-11,772
9.54972465176547,494,1020,526,-757,-16,773
9.5518842457618,489,1021,532,-755,-21.5,776.5
9.55404383975812,487,1022,535,-754.5,-24,778.5
9.55620343375445,491,1021,530,-756,-19.5,775.5
9.55836302775078,495,1021,526,-758,-15.5,773.5
9.56052262174711,495,1022,527,-758.5,-16,774.5
9.56268221574344,496,1022,526,-759,-15,774
9.56484180973977,497,1021,524,-759,-13.5,772.5
9.5670014037361,499,1022,523,-760.5,-12,772.5
9.56916099773243,497,1021,524,-759,-13.5,772.5
9.57132059172875,494,1021,527,-757.5,-16.5,774
9.57348018572508,490,1021,531,-755.5,-20.5,776
9.57563977972141,490,1021,531,-755.5,-20.5,776
9.57779937371774,487,1021,534,-754,-23.5,777.5
9.57995896771407,487,1021,534,-754,-23.5,777.5
9.5821185617104,484,1021,537,-752.5,-26.5,779
9.58427815570673,487,1021,534,-754,-23.5,777.5
9.58643774970306,487,1021,534,-754,-23.5,777.5
9.58859734369938,490,1023,533,-756.5,-21.5,778
9.59075693769571,492,1022,530,-757,-19,776
9.59291653169204,497,1021,524,-759,-13.5,772.5
9.59507612568837,501,1019,518,-760,-8.5,768.5
9.5972357196847,498,1022,524,-760,-13,773
9.59939531368103,497,1023,526,-760,-14.5,774.5
9.60155490767736,496,1022,526,-759,-15,774
9.60371450167369,492,1023,531,-757.5,-19.5,777
9.60587409567001,488,1021,533,-754.5,-22.5,777
9.60803368966634,489,1021,532,-755,-21.5,776.5
9.61019328366267,492,1021,529,-756.5,-18.5,775
9.612352877659,490,1021,531,-755.5,-20.5,776
9.61451247165533,488,1023,535,-755.5,-23.5,779
9.61667206565166,485,1022,537,-753.5,-26,779.5
9.61883165964799,480,1021,541,-750.5,-30.5,781
9.62099125364431,475,1021,546,-748,-35.5,783.5
9.62315084764064,474,1022,548,-748,-37,785
9.62531044163697,476,1022,546,-749,-35,784
9.6274700356333,481,1022,541,-751.5,-30,781.5
9.62962962962963,485,1021,536,-753,-25.5,778.5
9.63178922362596,492,1022,530,-757,-19,776
9.63394881762229,500,1023,523,-761.5,-11.5,773
9.63610841161861,511,1021,510,-766,0.5,765.5
9.63826800561495,531,1020,489,-775.5,21,754.5
9.64042759961127,551,1021,470,-786,40.5,745.5
9.6425871936076,574,1021,447,-797.5,63.5,734
9.64474678760393,605,1022,417,-813.5,94,719.5
9.64690638160026,631,1021,390,-826,120.5,705.5
9.64906597559659,652,1021,369,-836.5,141.5,695
9.65122556959292,660,1023,363,-841.5,148.5,693
9.65338516358925,654,1022,368,-838,143,695
9.65554475758557,640,1021,381,-830.5,129.5,701
9.6577043515819,617,1022,405,-819.5,106,713.5
9.65986394557823,588,1021,433,-804.5,77.5,727
9.66202353957456,560,1019,459,-789.5,50.5,739
9.66418313357089,538,1021,483,-779.5,27.5,752
9.66634272756722,519,1021,502,-770,8.5,761.5
9.66850232156355,505,1021,516,-763,-5.5,768.5
9.67066191555987,494,1021,527,-757.5,-16.5,774
9.6728215095562,487,1022,535,-754.5,-24,778.5
9.67498110355253,482,1022,540,-752,-29,781
9.67714069754886,481,1021,540,-751,-29.5,780.5
9.67930029154519,484,1022,538,-753,-27,780
9.68145988554152,489,1021,532,-755,-21.5,776.5
9.68361947953785,498,1021,523,-759.5,-12.5,772
9.68577907353418,502,1022,520,-762,-9,771
9.6879386675305,503,1021,518,-762,-7.5,769.5
9.69009826152683,503,1021,518,-762,-7.5,769.5
9.69225785552316,503,1021,518,-762,-7.5,769.5
9.69441744951949,501,1021,520,-761,-9.5,770.5
9.69657704351582,496,1021,525,-758.5,-14.5,773
9.69873663751215,488,1022,534,-755,-23,778
9.70089623150848,486,1021,535,-753.5,-24.5,778
9.7030558255048,481,1023,542,-752,-30.5,782.5
9.70521541950113,485,1020,535,-752.5,-25,777.5
9.70737501349746,488,1023,535,-755.5,-23.5,779
9.70953460749379,489,1021,532,-755,-21.5,776.5
9.71169420149012,490,1020,530,-755,-20,775
9.71385379548645,484,1022,538,-753,-27,780
9.71601338948278,481,1021,540,-751,-29.5,780.5
9.71817298347911,477,1021,544,-749,-33.5,782.5
9.72033257747543,475,1021,546,-748,-35.5,783.5
9.72249217147176,480,1020,540,-750,-30,780
9.72465176546809,484,1021,537,-752.5,-26.5,779
9.72681135946442,490,1022,532,-756,-21,777
9.72897095346075,498,1021,523,-759.5,-12.5,772
9.73113054745708,501,1023,522,-762,-10.5,772.5
9.73329014145341,500,1022,522,-761,-11,772
9.73544973544974,498,1021,523,-759.5,-12.5,772
9.73760932944606,497,1019,522,-758,-12.5,770.5
9.73976892344239,494,1020,526,-757,-16,773
9.74192851743872,491,1020,529,-755.5,-19,774.5
9.74408811143505,489,1022,533,-755.5,-22,777.5
9.74624770543138,493,1022,529,-757.5,-18,775.5
9.74840729942771,498,1020,522,-759,-12,771
9.75056689342404,495,1023,528,-759,-16.5,775.5
9.75272648742036,495,1021,526,-758,-15.5,773.5
9.75488608141669,492,1023,531,-757.5,-19.5,777
9.75704567541302,493,1020,527,-756.5,-17,773.5
9.75920526940935,490,1021,531,-755.5,-20.5,776
9.76136486340568,492,1021,529,-756.5,-18.5,775
9.76352445740201,497,1021,524,-759,-13.5,772.5
9.76568405139834,500,1022,522,-761,-11,772
9.76784364539466,503,1021,518,-762,-7.5,769.5
9.770003239391,505,1022,517,-763.5,-6,769.5
9.77216283338732,509,1021,512,-765,-1.5,766.5
9.77432242738365,507,1023,516,-765,-4.5,769.5
9.77648202137998,506,1022,516,-764,-5,769
9.77864161537631,507,1023,516,-765,-4.5,769.5
9.78080120937264,505,1021,516,-763,-5.5,768.5
9.78296080336897,506,1021,515,-763.5,-4.5,768
9.7851203973653,506,1020,514,-763,-4,767
9.78727999136162,504,1020,516,-762,-6,768
9.78943958535795,503,1021,518,-762,-7.5,769.5
9.79159917935428,500,1022,522,-761,-11,772
9.79375877335061,502,1022,520,-762,-9,771
9.79591836734694,501,1022,521,-761.5,-10,771.5
9.79807796134327,496,1021,525,-758.5,-14.5,773
9.8002375553396,498,1021,523,-759.5,-12.5,772
9.80239714933592,505,1022,517,-763.5,-6,769.5
9.80455674333225,509,1022,513,-765.5,-2,767.5
9.80671633732858,509,1021,512,-765,-1.5,766.5
9.80887593132491,509,1023,514,-766,-2.5,768.5
9.81103552532124,510,1022,512,-766,-1,767
9.81319511931757,518,1021,503,-769.5,7.5,762
9.8153547133139,522,1021,499,-771.5,11.5,760
9.81751430731023,522,1020,498,-771,12,759
9.81967390130655,523,1023,500,-773,11.5,761.5
9.82183349530288,524,1022,498,-773,13,760
9.82399308929921,521,1020,499,-770.5,11,759.5
9.82615268329554,519,1021,502,-770,8.5,761.5
9.82831227729187,517,1022,505,-769.5,6,763.5
9.8304718712882,520,1021,501,-770.5,9.5,761
9.83263146528453,524,1021,497,-772.5,13.5,759
9.83479105928085,530,1022,492,-776,19,757
9.83695065327718,534,1022,488,-778,23,755
9.83911024727351,532,1021,489,-776.5,21.5,755
9.84126984126984,522,1023,501,-772.5,10.5,762
9.84342943526617,516,1023,507,-769.5,4.5,765
9.8455890292625,511,1022,511,-766.5,0,766.5
9.84774862325883,510,1022,512,-766,-1,767
9.84990821725516,515,1020,505,-767.5,5,762.5
9.85206781125148,520,1022,502,-771,9,762
9.85422740524781,523,1023,500,-773,11.5,761.5
9.85638699924414,528,1020,492,-774,18,756
9.85854659324047,528,1022,494,-775,17,758
9.8607061872368,531,1021,490,-776,20.5,755.5
9.86286578123313,533,1023,490,-778,21.5,756.5
9.86502537522946,532,1020,488,-776,22,754
9.86718496922579,533,1021,488,-777,22.5,754.5
9.86934456322211,534,1021,487,-777.5,23.5,754
9.87150415721844,538,1022,484,-780,27,753
9.87366375121477,538,1020,482,-779,28,751
9.8758233452111,537,1021,484,-779,26.5,752.5
9.87798293920743,535,1021,486,-778,24.5,753.5
9.88014253320376,535,1023,488,-779,23.5,755.5
9.88230212720009,530,1022,492,-776,19,757
9.88446172119641,530,1021,491,-775.5,19.5,756
9.88662131519274,527,1022,495,-774.5,16,758.5
9.88878090918907,524,1023,499,-773.5,12.5,761
9.8909405031854,522,1021,499,-771.5,11.5,760
9.89310009718173,522,1022,500,-772,11,761
9.89525969117806,529,1020,491,-774.5,19,755.5
9.89741928517439,533,1021,488,-777,22.5,754.5
9.89957887917071,532,1022,490,-777,21,756
9.90173847316705,528,1021,493,-774.5,17.5,757
9.90389806716337,526,1021,495,-773.5,15.5,758
9.9060576611597,523,1021,498,-772,12.5,759.5
9.90821725515603,520,1020,500,-770,10,760
9.91037684915236,515,1020,505,-767.5,5,762.5
9.91253644314869,511,1022,511,-766.5,0,766.5
9.91469603714502,508,1022,514,-765,-3,768
9.91685563114135,506,1023,517,-764.5,-5.5,770
9.91901522513767,508,1021,513,-764.5,-2.5,767
9.921174819134,507,1023,516,-765,-4.5,769.5
9.92333441313033,509,1021,512,-765,-1.5,766.5
9.92549400712666,510,1021,511,-765.5,-0.5,766
9.92765360112299,507,1020,513,-763.5,-3,766.5
9.92981319511932,502,1020,518,-761,-8,769
9.93197278911565,500,1021,521,-760.5,-10.5,771
9.93413238311197,500,1022,522,-761,-11,772
9.9362919771083,498,1021,523,-759.5,-12.5,772
9.93845157110463,498,1021,523,-759.5,-12.5,772
9.94061116510096,495,1020,525,-757.5,-15,772.5
9.94277075909729,491,1022,531,-756.5,-20,776.5
9.94493035309362,494,1021,527,-757.5,-16.5,774
9.94708994708995,496,1022,526,-759,-15,774
9.94924954108628,493,1021,528,-757,-17.5,774.5
9.9514091350826,493,1021,528,-757,-17.5,774.5
9.95356872907893,491,1021,530,-756,-19.5,775.5
9.95572832307526,488,1022,534,-755,-23,778
9.95788791707159,491,1022,531,-756.5,-20,776.5
9.96004751106792,490,1021,531,-755.5,-20.5,776
9.96220710506425,490,1022,532,-756,-21,777
9.96436669906058,488,1021,533,-754.5,-22.5,777
9.9665262930569,485,1021,536,-753,-25.5,778.5
9.96868588705323,479,1022,543,-750.5,-32,782.5
9.97084548104956,475,1022,547,-748.5,-36,784.5
9.97300507504589,477,1021,544,-749,-33.5,782.5
9.97516466904222,478,1022,544,-750,-33,783
9.97732426303855,483,1021,538,-752,-27.5,779.5
9.97948385703488,485,1022,537,-753.5,-26,779.5
9.98164345103121,483,1022,539,-752.5,-28,780.5
9.98380304502754,482,1023,541,-752.5,-29.5,782
9.98596263902386,489,1020,531,-754.5,-21,775.5
9.98812223302019,493,1022,529,-757.5,-18,775.5
9.99028182701652,494,1022,528,-758,-17,775
9.99244142101285,493,1021,528,-757,-17.5,774.5
9.99460101500918,491,1021,530,-756,-19.5,775.5
9.99676060900551,488,1021,533,-754.5,-22.5,777
9.99892020300184,483,1022,539,-752.5,-28,780.5
10.0010797969982,477,1022,545,-749.5,-34,783.5
10.0032393909945,481,1022,541,-751.5,-30,781.5
10.0053989849908,478,1022,544,-750,-33,783
10.0075585789871,477,1022,545,-749.5,-34,783.5
10.0097181729835,484,1020,536,-752,-26,778
10.0118777669798,489,1020,531,-754.5,-21,775.5
10.0140373609761,493,1021,528,-757,-17.5,774.5
10.0161969549725,498,1023,525,-760.5,-13.5,774
10.0183565489688,502,1021,519,-761.5,-8.5,770
10.0205161429651,501,1021,520,-761,-9.5,770.5
10.0226757369615,498,1022,524,-760,-13,773
10.0248353309578,493,1021,528,-757,-17.5,774.5
10.0269949249541,490,1021,531,-755.5,-20.5,776
10.0291545189504,488,1022,534,-755,-23,778
10.0313141129468,490,1022,532,-756,-21,777
10.0334737069431,492,1021,529,-756.5,-18.5,775
10.0356333009394,494,1021,527,-757.5,-16.5,774
10.0377928949358,495,1022,527,-758.5,-16,774.5
10.0399524889321,495,1021,526,-758,-15.5,773.5
10.0421120829284,497,1021,524,-759,-13.5,772.5
10.0442716769247,500,1020,520,-760,-10,770
10.0464312709211,498,1022,524,-760,-13,773
10.0485908649174,497,1021,524,-759,-13.5,772.5
10.0507504589137,494,1021,527,-757.5,-16.5,774
10.0529100529101,488,1022,534,-755,-23,778
10.0550696469064,486,1021,535,-753.5,-24.5,778
10.0572292409027,488,1022,534,-755,-23,778
10.059388834899,488,1021,533,-754.5,-22.5,777
10.0615484288954,487,1021,534,-754,-23.5,777.5
10.0637080228917,489,1021,532,-755,-21.5,776.5
10.065867616888,491,1021,530,-756,-19.5,775.5
10.0680272108844,495,1023,528,-759,-16.5,775.5
10.0701868048807,501,1022,521,-761.5,-10,771.5
10.072346398877,505,1022,517,-763.5,-6,769.5
10.0745059928733,506,1022,516,-764,-5,769
10.0766655868697,499,1022,523,-760.5,-12,772.5
10.078825180866,496,1021,525,-758.5,-14.5,773
10.0809847748623,489,1022,533,-755.5,-22,777.5
10.0831443688587,491,1021,530,-756,-19.5,775.5
10.085303962855,498,1023,525,-760.5,-13.5,774
10.0874635568513,502,1022,520,-762,-9,771
10.0896231508476,503,1021,518,-762,-7.5,769.5
10.091782744844,501,1021,520,-761,-9.5,770.5
10.0939423388403,496,1022,526,-759,-15,774
10.0961019328366,491,1021,530,-756,-19.5,775.5
10.098261526833,487,1022,535,-754.5,-24,778.5
10.1004211208293,485,1019,534,-752,-24.5,776.5
10.1025807148256,485,1019,534,-752,-24.5,776.5
10.1047403088219,491,1019,528,-755,-18.5,773.5
10.1068999028183,499,1021,522,-760,-11.5,771.5
10.1090594968146,505,1023,518,-764,-6.5,770.5
10.1112190908109,508,1021,513,-764.5,-2.5,767
10.1133786848073,507,1021,514,-764,-3.5,767.5
10.1155382788036,505,1021,516,-763,-5.5,768.5
10.1176978727999,507,1021,514,-764,-3.5,767.5
10.1198574667962,505,1022,517,-763.5,-6,769.5
10.1220170607926,506,1022,516,-764,-5,769
10.1241766547889,507,1023,516,-765,-4.5,769.5
10.1263362487852,504,1022,518,-763,-7,770
10.1284958427816,502,1021,519,-761.5,-8.5,770
10.1306554367779,505,1023,518,-764,-6.5,770.5
10.1328150307742,504,1021,517,-762.5,-6.5,769
10.1349746247705,507,1022,515,-764.5,-4,768.5
10.1371342187669,512,1020,508,-766,2,764
10.1392938127632,516,1023,507,-769.5,4.5,765
10.1414534067595,514,1022,508,-768,3,765
10.1436130007559,516,1022,506,-769,5,764
10.1457725947522,515,1021,506,-768,4.5,763.5
10.1479321887485,513,1022,509,-767.5,2,765.5
10.1500917827448,513,1021,508,-767,2.5,764.5
10.1522513767412,512,1023,511,-767.5,0.5,767
10.1544109707375,506,1022,516,-764,-5,769
10.1565705647338,504,1020,516,-762,-6,768
10.1587301587302,508,1021,513,-764.5,-2.5,767
10.1608897527265,511,1022,511,-766.5,0,766.5
10.1630493467228,516,1021,505,-768.5,5.5,763
10.1652089407191,516,1021,505,-768.5,5.5,763
10.1673685347155,514,1022,508,-768,3,765
10.1695281287118,508,1022,514,-765,-3,768
10.1716877227081,504,1023,519,-763.5,-7.5,771
10.1738473167045,501,1023,522,-762,-10.5,772.5
10.1760069107008,499,1023,524,-761,-12.5,773.5
10.1781665046971,499,1021,522,-760,-11.5,771.5
10.1803260986934,498,1022,524,-760,-13,773
10.1824856926898,499,1021,522,-760,-11.5,771.5
10.1846452866861,502,1021,519,-761.5,-8.5,770
10.1868048806824,500,1022,522,-761,-11,772
10.1889644746788,498,1022,524,-760,-13,773
10.1911240686751,498,1020,522,-759,-12,771
10.1932836626714,496,1021,525,-758.5,-14.5,773
10.1954432566677,491,1021,530,-756,-19.5,775.5
10.1976028506641,491,1020,529,-755.5,-19,774.5
10.1997624446604,489,1021,532,-755,-21.5,776.5
10.2019220386567,488,1022,534,-755,-23,778
10.2040816326531,486,1023,537,-754.5,-25.5,780
10.2062412266494,482,1021,539,-751.5,-28.5,780
10.2084008206457,481,1023,542,-752,-30.5,782.5
10.210560414642,484,1021,537,-752.5,-26.5,779
10.2127200086384,489,1021,532,-755,-21.5,776.5
10.2148796026347,491,1021,530,-756,-19.5,775.5
10.217039196631,491,1022,531,-756.5,-20,776.5
10.2191987906274,490,1021,531,-755.5,-20.5,776
10.2213583846237,491,1021,530,-756,-19.5,775.5
10.22351797862,492,1022,530,-757,-19,776
10.2256775726163,490,1022,532,-756,-21,777
10.2278371666127,489,1021,532,-755,-21.5,776.5
10.229996760609,492,1022,530,-757,-19,776
10.2321563546053,490,1022,532,-756,-21,777
10.2343159486017,491,1021,530,-756,-19.5,775.5
10.236475542598,489,1021,532,-755,-21.5,776.5
10.2386351365943,488,1022,534,-755,-23,778
10.2407947305906,488,1023,535,-755.5,-23.5,779
10.242954324587,492,1022,530,-757,-19,776
10.2451139185833,493,1021,528,-757,-17.5,774.5
10.2472735125796,488,1022,534,-755,-23,778
10.249433106576,482,1022,540,-752,-29,781
10.2515927005723,472,1021,549,-746.5,-38.5,785
10.2537522945686,471,1021,550,-746,-39.5,785.5
10.2559118885649,474,1022,548,-748,-37,785
10.2580714825613,482,1023,541,-752.5,-29.5,782
10.2602310765576,485,1023,538,-754,-26.5,780.5
10.2623906705539,490,1022,532,-756,-21,777
10.2645502645503,491,1022,531,-756.5,-20,776.5
10.2667098585466,495,1021,526,-758,-15.5,773.5
10.2688694525429,501,1019,518,-760,-8.5,768.5
10.2710290465393,516,1022,506,-769,5,764
10.2731886405356,532,1023,491,-777.5,20.5,757
10.2753482345319,549,1021,472,-785,38.5,746.5
10.2775078285282,568,1022,454,-795,57,738
10.2796674225246,589,1022,433,-805.5,78,727.5
10.2818270165209,608,1022,414,-815,97,718
10.2839866105172,627,1022,395,-824.5,116,708.5
10.2861462045136,637,1021,384,-829,126.5,702.5
10.2883057985099,641,1021,380,-831,130.5,700.5
10.2904653925062,631,1022,391,-826.5,120,706.5
10.2926249865025,621,1022,401,-821.5,110,711.5
10.2947845804989,606,1021,415,-813.5,95.5,718
10.2969441744952,588,1020,432,-804,78,726
10.2991037684915,564,1022,458,-793,53,740
10.3012633624879,538,1021,483,-779.5,27.5,752
10.3034229564842,514,1021,507,-767.5,3.5,764
10.3055825504805,492,1022,530,-757,-19,776
10.3077421444768,478,1023,545,-750.5,-33.5,784
10.3099017384732,473,1021,548,-747,-37.5,784.5
10.3120613324695,470,1022,552,-746,-41,787
10.3142209264658,472,1021,549,-746.5,-38.5,785
10.3163805204622,474,1021,547,-747.5,-36.5,784
10.3185401144585,479,1021,542,-750,-31.5,781.5
10.3206997084548,489,1021,532,-755,-21.5,776.5
10.3228593024511,500,1021,521,-760.5,-10.5,771
10.3250188964475,507,1023,516,-765,-4.5,769.5
10.3271784904438,511,1022,511,-766.5,0,766.5
10.3293380844401,507,1022,515,-764.5,-4,768.5
10.3314976784365,500,1022,522,-761,-11,772
10.3336572724328,497,1021,524,-759,-13.5,772.5
10.3358168664291,493,1021,528,-757,-17.5,774.5
10.3379764604254,494,1021,527,-757.5,-16.5,774
10.3401360544218,489,1023,534,-756,-22.5,778.5
10.3422956484181,485,1021,536,-753,-25.5,778.5
10.3444552424144,481,1020,539,-750.5,-29,779.5
10.3466148364108,479,1021,542,-750,-31.5,781.5
10.3487744304071,477,1023,546,-750,-34.5,784.5
10.3509340244034,480,1021,541,-750.5,-30.5,781
10.3530936183997,486,1021,535,-753.5,-24.5,778
10.3552532123961,494,1023,529,-758.5,-17.5,776
10.3574128063924,497,1021,524,-759,-13.5,772.5
10.3595724003887,495,1021,526,-758,-15.5,773.5
10.3617319943851,492,1022,530,-757,-19,776
10.3638915883814,490,1022,532,-756,-21,777
10.3660511823777,490,1022,532,-756,-21,777
10.368210776374,489,1021,532,-755,-21.5,776.5
10.3703703703704,488,1022,534,-755,-23,778
10.3725299643667,489,1021,532,-755,-21.5,776.5
10.374689558363,493,1021,528,-757,-17.5,774.5
10.3768491523594,493,1021,528,-757,-17.5,774.5
10.3790087463557,490,1021,531,-755.5,-20.5,776
10.381168340352,491,1022,531,-756.5,-20,776.5
10.3833279343483,491,1020,529,-755.5,-19,774.5
10.3854875283447,495,1021,526,-758,-15.5,773.5
10.387647122341,492,1021,529,-756.5,-18.5,775
10.3898067163373,489,1022,533,-755.5,-22,777.5
10.3919663103337,489,1021,532,-755,-21.5,776.5
10.39412590433,495,1022,527,-758.5,-16,774.5
10.3962854983263,494,1022,528,-758,-17,775
10.3984450923226,494,1022,528,-758,-17,775
10.400604686319,498,1022,524,-760,-13,773
10.4027642803153,502,1021,519,-761.5,-8.5,770
10.4049238743116,505,1023,518,-764,-6.5,770.5
10.407083468308,508,1020,512,-764,-2,766
10.4092430623043,504,1022,518,-763,-7,770
10.4114026563006,501,1023,522,-762,-10.5,772.5
10.4135622502969,498,1021,523,-759.5,-12.5,772
10.4157218442933,494,1021,527,-757.5,-16.5,774
10.4178814382896,494,1022,528,-758,-17,775
10.4200410322859,495,1022,527,-758.5,-16,774.5
10.4222006262823,503,1020,517,-761.5,-7,768.5
10.4243602202786,505,1022,517,-763.5,-6,769.5
10.4265198142749,505,1021,516,-763,-5.5,768.5
10.4286794082712,506,1022,516,-764,-5,769
10.4308390022676,510,1021,511,-765.5,-0.5,766
10.4329985962639,514,1021,507,-767.5,3.5,764
10.4351581902602,517,1022,505,-769.5,6,763.5
10.4373177842566,516,1021,505,-768.5,5.5,763
10.4394773782529,513,1021,508,-767,2.5,764.5
10.4416369722492,508,1021,513,-764.5,-2.5,767
10.4437965662455,498,1022,524,-760,-13,773
10.4459561602419,495,1021,526,-758,-15.5,773.5
10.4481157542382,503,1022,519,-762.5,-8,770.5
10.4502753482345,510,1022,512,-766,-1,767
10.4524349422309,514,1021,507,-767.5,3.5,764
10.4545945362272,519,1020,501,-769.5,9,760.5
10.4567541302235,526,1021,495,-773.5,15.5,758
10.4589137242198,529,1020,491,-774.5,19,755.5
10.4610733182162,528,1021,493,-774.5,17.5,757
10.4632329122125,523,1021,498,-772,12.5,759.5
10.4653925062088,525,1022,497,-773.5,14,759.5
10.4675521002052,526,1021,495,-773.5,15.5,758
10.4697116942015,526,1022,496,-774,15,759
10.4718712881978,525,1021,496,-773,14.5,758.5
10.4740308821941,525,1019,494,-772,15.5,756.5
10.4761904761905,529,1022,493,-775.5,18,757.5
10.4783500701868,524,1022,498,-773,13,760
10.4805096641831,516,1021,505,-768.5,5.5,763
10.4826692581795,511,1023,512,-767,-0.5,767.5
10.4848288521758,510,1023,513,-766.5,-1.5,768
10.4869884461721,515,1021,506,-768,4.5,763.5
10.4891480401684,522,1022,500,-772,11,761
10.4913076341648,526,1022,496,-774,15,759
10.4934672281611,528,1022,494,-775,17,758
10.4956268221574,530,1021,491,-775.5,19.5,756
10.4977864161538,525,1020,495,-772.5,15,757.5
10.4999460101501,528,1022,494,-775,17,758
10.5021056041464,532,1021,489,-776.5,21.5,755
10.5042651981427,536,1022,486,-779,25,754
10.5064247921391,537,1022,485,-779.5,26,753.5
10.5085843861354,534,1021,487,-777.5,23.5,754
10.5107439801317,529,1023,494,-776,17.5,758.5
10.5129035741281,529,1022,493,-775.5,18,757.5
10.5150631681244,532,1022,490,-777,21,756
10.5172227621207,533,1022,489,-777.5,22,755.5
10.519382356117,534,1022,488,-778,23,755
10.5215419501134,531,1021,490,-776,20.5,755.5
10.5237015441097,529,1021,492,-775,18.5,756.5
10.525861138106,531,1022,491,-776.5,20,756.5
10.5280207321024,531,1021,490,-776,20.5,755.5
10.5301803260987,527,1021,494,-774,16.5,757.5
10.532339920095,523,1022,499,-772.5,12,760.5
10.5344995140914,525,1021,496,-773,14.5,758.5
10.5366591080877,528,1021,493,-774.5,17.5,757
10.538818702084,528,1022,494,-775,17,758
10.5409782960803,530,1023,493,-776.5,18.5,758
10.5431378900767,526,1021,495,-773.5,15.5,758
10.545297484073,522,1021,499,-771.5,11.5,760
10.5474570780693,519,1021,502,-770,8.5,761.5
10.5496166720657,515,1023,508,-769,3.5,765.5
10.551776266062,509,1021,512,-765,-1.5,766.5
10.5539358600583,508,1020,512,-764,-2,766
10.5560954540546,512,1021,509,-766.5,1.5,765
10.558255048051,514,1022,508,-768,3,765
10.5604146420473,512,1022,510,-767,1,766
10.5625742360436,502,1021,519,-761.5,-8.5,770
10.56473383004,493,1021,528,-757,-17.5,774.5
10.5668934240363,490,1020,530,-755,-20,775
10.5690530180326,496,1022,526,-759,-15,774
10.5712126120289,503,1022,519,-762.5,-8,770.5
10.5733722060253,506,1022,516,-764,-5,769
10.5755318000216,507,1021,514,-764,-3.5,767.5
10.5776913940179,501,1023,522,-762,-10.5,772.5
10.5798509880143,496,1020,524,-758,-14,772
10.5820105820106,491,1022,531,-756.5,-20,776.5
10.5841701760069,489,1021,532,-755,-21.5,776.5
10.5863297700032,486,1023,537,-754.5,-25.5,780
10.5884893639996,485,1022,537,-753.5,-26,779.5
10.5906489579959,488,1022,534,-755,-23,778
10.5928085519922,489,1020,531,-754.5,-21,775.5
10.5949681459886,490,1022,532,-756,-21,777
10.5971277399849,492,1022,530,-757,-19,776
10.5992873339812,493,1022,529,-757.5,-18,775.5
10.6014469279775,494,1020,526,-757,-16,773
10.6036065219739,491,1022,531,-756.5,-20,776.5
10.6057661159702,488,1021,533,-754.5,-22.5,777
10.6079257099665,484,1022,538,-753,-27,780
10.6100853039629,480,1021,541,-750.5,-30.5,781
10.6122448979592,480,1022,542,-751,-31,782
10.6144044919555,481,1022,541,-751.5,-30,781.5
10.6165640859518,488,1022,534,-755,-23,778
10.6187236799482,494,1021,527,-757.5,-16.5,774
10.6208832739445,495,1021,526,-758,-15.5,773.5
10.6230428679408,494,1020,526,-757,-16,773
10.6252024619372,490,1023,533,-756.5,-21.5,778
10.6273620559335,490,1021,531,-755.5,-20.5,776
10.6295216499298,491,1023,532,-757,-20.5,777.5
10.6316812439261,487,1020,533,-753.5,-23,776.5
10.6338408379225,482,1020,538,-751,-28,779
10.6360004319188,484,1021,537,-752.5,-26.5,779
10.6381600259151,490,1022,532,-756,-21,777
10.6403196199115,494,1021,527,-757.5,-16.5,774
10.6424792139078,495,1021,526,-758,-15.5,773.5
10.6446388079041,496,1020,524,-758,-14,772
10.6467984019004,492,1021,529,-756.5,-18.5,775
10.6489579958968,491,1022,531,-756.5,-20,776.5
10.6511175898931,492,1022,530,-757,-19,776
10.6532771838894,491,1021,530,-756,-19.5,775.5
10.6554367778858,486,1022,536,-754,-25,779
10.6575963718821,483,1022,539,-752.5,-28,780.5
10.6597559658784,484,1021,537,-752.5,-26.5,779
10.6619155598747,489,1023,534,-756,-22.5,778.5
10.6640751538711,494,1020,526,-757,-16,773
10.6662347478674,496,1021,525,-758.5,-14.5,773
10.6683943418637,498,1020,522,-759,-12,771
10.6705539358601,499,1023,524,-761,-12.5,773.5
10.6727135298564,500,1021,521,-760.5,-10.5,771
10.6748731238527,499,1021,522,-760,-11.5,771.5
10.677032717849,499,1022,523,-760.5,-12,772.5
10.6791923118454,498,1021,523,-759.5,-12.5,772
10.6813519058417,496,1022,526,-759,-15,774
10.683511499838,496,1020,524,-758,-14,772
10.6856710938344,492,1022,530,-757,-19,776
10.6878306878307,493,1021,528,-757,-17.5,774.5
10.689990281827,489,1022,533,-755.5,-22,777.5
10.6921498758233,493,1021,528,-757,-17.5,774.5
10.6943094698197,497,1022,525,-759.5,-14,773.5
10.696469063816,498,1021,523,-759.5,-12.5,772
10.6986286578123,495,1021,526,-758,-15.5,773.5
10.7007882518087,497,1020,523,-758.5,-13,771.5
10.702947845805,497,1021,524,-759,-13.5,772.5
10.7051074398013,501,1022,521,-761.5,-10,771.5
10.7072670337976,504,1021,517,-762.5,-6.5,769
10.709426627794,504,1021,517,-762.5,-6.5,769
10.7115862217903,501,1022,521,-761.5,-10,771.5
10.7137458157866,497,1022,525,-759.5,-14,773.5
10.715905409783,493,1019,526,-756,-16.5,772.5
10.7180650037793,492,1022,530,-757,-19,776
10.7202245977756,497,1021,524,-759,-13.5,772.5
10.7223841917719,503,1021,518,-762,-7.5,769.5
10.7245437857683,506,1020,514,-763,-4,767
10.7267033797646,503,1021,518,-762,-7.5,769.5
10.7288629737609,505,1021,516,-763,-5.5,768.5
10.7310225677573,506,1021,515,-763.5,-4.5,768
10.7331821617536,503,1022,519,-762.5,-8,770.5
10.7353417557499,505,1023,518,-764,-6.5,770.5
10.7375013497462,508,1022,514,-765,-3,768
10.7396609437426,508,1022,514,-765,-3,768
10.7418205377389,506,1020,514,-763,-4,767
10.7439801317352,503,1021,518,-762,-7.5,769.5
10.7461397257316,504,1022,518,-763,-7,770
10.7482993197279,505,1022,517,-763.5,-6,769.5
10.7504589137242,505,1021,516,-763,-5.5,768.5
10.7526185077205,504,1022,518,-763,-7,770
10.7547781017169,508,1022,514,-765,-3,768
10.7569376957132,510,1023,513,-766.5,-1.5,768
10.7590972897095,506,1021,515,-763.5,-4.5,768
10.7612568837059,501,1022,521,-761.5,-10,771.5
10.7634164777022,503,1021,518,-762,-7.5,769.5
10.7655760716985,508,1022,514,-765,-3,768
10.7677356656948,512,1020,508,-766,2,764
10.7698952596912,514,1022,508,-768,3,765
10.7720548536875,511,1022,511,-766.5,0,766.5
10.7742144476838,507,1022,515,-764.5,-4,768.5
10.7763740416802,508,1022,514,-765,-3,768
10.7785336356765,511,1021,510,-766,0.5,765.5
10.7806932296728,513,1022,509,-767.5,2,765.5
10.7828528236692,514,1022,508,-768,3,765
10.7850124176655,518,1020,502,-769,8,761
10.7871720116618,518,1021,503,-769.5,7.5,762
10.7893316056581,521,1022,501,-771.5,10,761.5
10.7914911996545,524,1022,498,-773,13,760
10.7936507936508,520,1022,502,-771,9,762
10.7958103876471,516,1023,507,-769.5,4.5,765
10.7979699816435,512,1021,509,-766.5,1.5,765
10.8001295756398,506,1021,515,-763.5,-4.5,768
10.8022891696361,503,1022,519,-762.5,-8,770.5
10.8044487636324,499,1021,522,-760,-11.5,771.5
10.8066083576288,496,1020,524,-758,-14,772
10.8087679516251,494,1020,526,-757,-16,773
10.8109275456214,493,1020,527,-756.5,-17,773.5
10.8130871396178,497,1021,524,-759,-13.5,772.5
10.8152467336141,500,1021,521,-760.5,-10.5,771
10.8174063276104,501,1020,519,-760.5,-9,769.5
10.8195659216067,501,1021,520,-761,-9.5,770.5
10.8217255156031,502,1020,518,-761,-8,769
10.8238851095994,499,1022,523,-760.5,-12,772.5
10.8260447035957,497,1020,523,-758.5,-13,771.5
10.8282042975921,494,1023,529,-758.5,-17.5,776
10.8303638915884,489,1020,531,-754.5,-21,775.5
10.8325234855847,482,1021,539,-751.5,-28.5,780
10.834683079581,482,1021,539,-751.5,-28.5,780
10.8368426735774,489,1021,532,-755,-21.5,776.5
10.8390022675737,495,1020,525,-757.5,-15,772.5
10.84116186157,499,1023,524,-761,-12.5,773.5
10.8433214555664,497,1022,525,-759.5,-14,773.5
10.8454810495627,494,1022,528,-758,-17,775
10.847640643559,496,1019,523,-757.5,-13.5,771
10.8498002375553,493,1023,530,-758,-18.5,776.5
10.8519598315517,494,1022,528,-758,-17,775
10.854119425548,491,1021,530,-756,-19.5,775.5
10.8562790195443,490,1021,531,-755.5,-20.5,776
10.8584386135407,492,1022,530,-757,-19,776
10.860598207537,494,1019,525,-756.5,-15.5,772
10.8627578015333,498,1022,524,-760,-13,773
10.8649173955296,498,1022,524,-760,-13,773
10.867076989526,502,1020,518,-761,-8,769
10.8692365835223,499,1023,524,-761,-12.5,773.5
10.8713961775186,495,1021,526,-758,-15.5,773.5
10.873555771515,487,1022,535,-754.5,-24,778.5
10.8757153655113,481,1022,541,-751.5,-30,781.5
10.8778749595076,478,1022,544,-750,-33,783
10.8800345535039,473,1022,549,-747.5,-38,785.5
10.8821941475003,474,1021,547,-747.5,-36.5,784
10.8843537414966,482,1021,539,-751.5,-28.5,780
10.8865133354929,488,1022,534,-755,-23,778
10.8886729294893,493,1021,528,-757,-17.5,774.5
10.8908325234856,502,1023,521,-762.5,-9.5,772
10.8929921174819,509,1020,511,-764.5,-1,765.5
10.8951517114782,514,1021,507,-767.5,3.5,764
10.8973113054746,526,1021,495,-773.5,15.5,758
10.8994708994709,546,1022,476,-784,35,749
10.9016304934672,571,1020,449,-795.5,61,734.5
10.9037900874636,595,1021,426,-808,84.5,723.5
10.9059496814599,621,1020,399,-820.5,111,709.5
10.9081092754562,642,1021,379,-831.5,131.5,700
10.9102688694525,658,1023,365,-840.5,146.5,694
10.9124284634489,662,1023,361,-842.5,150.5,692
10.9145880574452,652,1021,369,-836.5,141.5,695
10.9167476514415,634,1022,388,-828,123,705
10.9189072454379,609,1020,411,-814.5,99,715.5
10.9210668394342,581,1021,440,-801,70.5,730.5
10.9232264334305,559,1022,463,-790.5,48,742.5
10.9253860274268,542,1021,479,-781.5,31.5,750
10.9275456214232,525,1022,497,-773.5,14,759.5
10.9297052154195,512,1021,509,-766.5,1.5,765
10.9318648094158,504,1023,519,-763.5,-7.5,771
10.9340244034122,493,1022,529,-757.5,-18,775.5
10.9361839974085,485,1021,536,-753,-25.5,778.5
10.9383435914048,482,1021,539,-751.5,-28.5,780
10.9405031854011,486,1022,536,-754,-25,779
10.9426627793975,494,1022,528,-758,-17,775
10.9448223733938,500,1022,522,-761,-11,772
10.9469819673901,501,1023,522,-762,-10.5,772.5
10.9491415613865,502,1021,519,-761.5,-8.5,770
10.9513011553828,501,1021,520,-761,-9.5,770.5
10.9534607493791,494,1021,527,-757.5,-16.5,774
10.9556203433754,489,1022,533,-755.5,-22,777.5
10.9577799373718,483,1022,539,-752.5,-28,780.5
10.9599395313681,485,1019,534,-752,-24.5,776.5
10.9620991253644,489,1021,532,-755,-21.5,776.5
10.9642587193608,492,1023,531,-757.5,-19.5,777
10.9664183133571,492,1020,528,-756,-18,774
10.9685779073534,489,1021,532,-755,-21.5,776.5
10.9707375013497,489,1022,533,-755.5,-22,777.5
10.9728970953461,489,1020,531,-754.5,-21,775.5
10.9750566893424,484,1021,537,-752.5,-26.5,779
10.9772162833387,482,1021,539,-751.5,-28.5,780
10.9793758773351,485,1021,536,-753,-25.5,778.5
10.9815354713314,487,1022,535,-754.5,-24,778.5
10.9836950653277,487,1021,534,-754,-23.5,777.5
10.985854659324,490,1021,531,-755.5,-20.5,776
10.9880142533204,493,1020,527,-756.5,-17,773.5
10.9901738473167,495,1022,527,-758.5,-16,774.5
10.992333441313,498,1021,523,-759.5,-12.5,772
10.9944930353094,498,1021,523,-759.5,-12.5,772
10.9966526293057,498,1021,523,-759.5,-12.5,772
10.998812223302,493,1023,530,-758,-18.5,776.5
11.0009718172983,493,1021,528,-757,-17.5,774.5
11.0031314112947,491,1022,531,-756.5,-20,776.5
11.005291005291,493,1021,528,-757,-17.5,774.5
11.0074505992873,492,1020,528,-756,-18,774
11.0096101932837,493,1021,528,-757,-17.5,774.5
11.01176978728,494,1022,528,-758,-17,775
11.0139293812763,498,1022,524,-760,-13,773
11.0160889752726,503,1023,520,-763,-8.5,771.5
11.018248569269,505,1022,517,-763.5,-6,769.5
11.0204081632653,507,1022,515,-764.5,-4,768.5
11.0225677572616,505,1022,517,-763.5,-6,769.5
11.024727351258,504,1022,518,-763,-7,770
11.0268869452543,500,1022,522,-761,-11,772
11.0290465392506,496,1022,526,-759,-15,774
11.0312061332469,492,1021,529,-756.5,-18.5,775
11.0333657272433,495,1023,528,-759,-16.5,775.5
11.0355253212396,499,1020,521,-759.5,-11,770.5
11.0376849152359,503,1022,519,-762.5,-8,770.5
11.0398445092323,505,1021,516,-763,-5.5,768.5
11.0420041032286,508,1021,513,-764.5,-2.5,767
11.0441636972249,511,1020,509,-765.5,1,764.5
11.0463232912213,508,1021,513,-764.5,-2.5,767
11.0484828852176,506,1021,515,-763.5,-4.5,768
11.0506424792139,505,1021,516,-763,-5.5,768.5
11.0528020732102,507,1020,513,-763.5,-3,766.5
11.0549616672066,505,1020,515,-762.5,-5,767.5
11.0571212612029,502,1022,520,-762,-9,771
11.0592808551992,503,1022,519,-762.5,-8,770.5
11.0614404491956,504,1020,516,-762,-6,768
11.0636000431919,505,1020,515,-762.5,-5,767.5
11.0657596371882,504,1023,519,-763.5,-7.5,771
11.0679192311845,507,1020,513,-763.5,-3,766.5
11.0700788251809,512,1021,509,-766.5,1.5,765
11.0722384191772,516,1022,506,-769,5,764
11.0743980131735,516,1021,505,-768.5,5.5,763
11.0765576071699,517,1019,502,-768,7.5,760.5
11.0787172011662,516,1020,504,-768,6,762
11.0808767951625,517,1021,504,-769,6.5,762.5
11.0830363891588,518,1023,505,-770.5,6.5,764
11.0851959831552,519,1023,504,-771,7.5,763.5
11.0873555771515,518,1021,503,-769.5,7.5,762
11.0895151711478,514,1023,509,-768.5,2.5,766
11.0916747651442,515,1020,505,-767.5,5,762.5
11.0938343591405,521,1021,500,-771,10.5,760.5
11.0959939531368,526,1023,497,-774.5,14.5,760
11.0981535471331,526,1022,496,-774,15,759
11.1003131411295,529,1021,492,-775,18.5,756.5
11.1024727351258,528,1023,495,-775.5,16.5,759
11.1046323291221,530,1021,491,-775.5,19.5,756
11.1067919231185,529,1019,490,-774,19.5,754.5
11.1089515171148,534,1022,488,-778,23,755
11.1111111111111,537,1021,484,-779,26.5,752.5
11.1132707051074,541,1023,482,-782,29.5,752.5
11.1154302991038,543,1022,479,-782.5,32,750.5
11.1175898931001,545,1021,476,-783,34.5,748.5
11.1197494870964,545,1022,477,-783.5,34,749.5
11.1219090810928,541,1021,480,-781,30.5,750.5
11.1240686750891,540,1023,483,-781.5,28.5,753
11.1262282690854,535,1023,488,-779,23.5,755.5
11.1283878630817,530,1022,492,-776,19,757
11.1305474570781,525,1022,497,-773.5,14,759.5
11.1327070510744,521,1021,500,-771,10.5,760.5
11.1348666450707,520,1022,502,-771,9,762
11.1370262390671,522,1020,498,-771,12,759
11.1391858330634,521,1021,500,-771,10.5,760.5
11.1413454270597,528,1020,492,-774,18,756
11.143505021056,536,1022,486,-779,25,754
11.1456646150524,540,1021,481,-780.5,29.5,751
11.1478242090487,541,1021,480,-781,30.5,750.5
11.149983803045,539,1021,482,-780,28.5,751.5
11.1521433970414,538,1021,483,-779.5,27.5,752
11.1543029910377,534,1021,487,-777.5,23.5,754
11.156462585034,528,1022,494,-775,17,758
11.1586221790303,524,1022,498,-773,13,760
11.1607817730267,525,1023,498,-774,13.5,760.5
11.162941367023,523,1022,499,-772.5,12,760.5
11.1651009610193,518,1023,505,-770.5,6.5,764
11.1672605550157,513,1022,509,-767.5,2,765.5
11.169420149012,509,1022,513,-765.5,-2,767.5
11.1715797430083,508,1022,514,-765,-3,768
11.1737393370046,508,1021,513,-764.5,-2.5,767
11.175898931001,513,1022,509,-767.5,2,765.5
11.1780585249973,516,1022,506,-769,5,764
11.1802181189936,517,1022,505,-769.5,6,763.5
11.18237771299,515,1021,506,-768,4.5,763.5
11.1845373069863,509,1022,513,-765.5,-2,767.5
11.1866969009826,500,1021,521,-760.5,-10.5,771
11.1888564949789,497,1021,524,-759,-13.5,772.5
11.1910160889753,498,1022,524,-760,-13,773
11.1931756829716,502,1022,520,-762,-9,771
11.1953352769679,506,1021,515,-763.5,-4.5,768
11.1974948709643,512,1021,509,-766.5,1.5,765
11.1996544649606,514,1020,506,-767,4,763
11.2018140589569,509,1023,514,-766,-2.5,768.5
11.2039736529532,506,1022,516,-764,-5,769
11.2061332469496,498,1023,525,-760.5,-13.5,774
11.2082928409459,499,1021,522,-760,-11.5,771.5
11.2104524349422,496,1021,525,-758.5,-14.5,773
11.2126120289386,494,1023,529,-758.5,-17.5,776
11.2147716229349,491,1021,530,-756,-19.5,775.5
11.2169312169312,490,1023,533,-756.5,-21.5,778
11.2190908109275,486,1022,536,-754,-25,779
11.2212504049239,481,1021,540,-751,-29.5,780.5
11.2234099989202,478,1022,544,-750,-33,783
11.2255695929165,481,1022,541,-751.5,-30,781.5
11.2277291869129,484,1021,537,-752.5,-26.5,779
11.2298887809092,487,1021,534,-754,-23.5,777.5
11.2320483749055,489,1022,533,-755.5,-22,777.5
11.2342079689018,491,1021,530,-756,-19.5,775.5
11.2363675628982,493,1021,528,-757,-17.5,774.5
11.2385271568945,492,1022,530,-757,-19,776
11.2406867508908,491,1022,531,-756.5,-20,776.5
11.2428463448872,490,1020,530,-755,-20,775
11.2450059388835,485,1021,536,-753,-25.5,778.5
11.2471655328798,485,1021,536,-753,-25.5,778.5
11.2493251268761,483,1023,540,-753,-28.5,781.5
11.2514847208725,484,1020,536,-752,-26,778
11.2536443148688,483,1022,539,-752.5,-28,780.5
11.2558039088651,483,1022,539,-752.5,-28,780.5
11.2579635028615,489,1022,533,-755.5,-22,777.5
11.2601230968578,492,1022,530,-757,-19,776
11.2622826908541,493,1022,529,-757.5,-18,775.5
11.2644422848504,493,1021,528,-757,-17.5,774.5
11.2666018788468,491,1021,530,-756,-19.5,775.5
11.2687614728431,491,1022,531,-756.5,-20,776.5
11.2709210668394,493,1021,528,-757,-17.5,774.5
11.2730806608358,499,1020,521,-759.5,-11,770.5
11.2752402548321,503,1020,517,-761.5,-7,768.5
11.2773998488284,498,1021,523,-759.5,-12.5,772
11.2795594428247,497,1020,523,-758.5,-13,771.5
11.2817190368211,496,1022,526,-759,-15,774
11.2838786308174,500,1021,521,-760.5,-10.5,771
11.2860382248137,503,1021,518,-762,-7.5,769.5
11.2881978188101,502,1020,518,-761,-8,769
11.2903574128064,497,1021,524,-759,-13.5,772.5
11.2925170068027,494,1022,528,-758,-17,775
11.294676600799,496,1020,524,-758,-14,772
11.2968361947954,495,1022,527,-758.5,-16,774.5
11.2989957887917,494,1023,529,-758.5,-17.5,776
11.301155382788,494,1021,527,-757.5,-16.5,774
11.3033149767844,490,1023,533,-756.5,-21.5,778
11.3054745707807,491,1020,529,-755.5,-19,774.5
11.307634164777,493,1020,527,-756.5,-17,773.5
11.3097937587734,499,1021,522,-760,-11.5,771.5
11.3119533527697,500,1021,521,-760.5,-10.5,771
11.314112946766,497,1021,524,-759,-13.5,772.5
11.3162725407623,497,1021,524,-759,-13.5,772.5
11.3184321347587,490,1021,531,-755.5,-20.5,776
11.320591728755,489,1021,532,-755,-21.5,776.5
11.3227513227513,489,1021,532,-755,-21.5,776.5
11.3249109167477,493,1022,529,-757.5,-18,775.5
11.327070510744,500,1022,522,-761,-11,772
11.3292301047403,505,1023,518,-764,-6.5,770.5
11.3313896987366,507,1020,513,-763.5,-3,766.5
11.333549292733,507,1021,514,-764,-3.5,767.5
11.3357088867293,509,1021,512,-765,-1.5,766.5
11.3378684807256,502,1022,520,-762,-9,771
11.340028074722,500,1021,521,-760.5,-10.5,771
11.3421876687183,495,1022,527,-758.5,-16,774.5
11.3443472627146,495,1022,527,-758.5,-16,774.5
11.3465068567109,500,1022,522,-761,-11,772
11.3486664507073,506,1020,514,-763,-4,767
11.3508260447036,507,1021,514,-764,-3.5,767.5
11.3529856386999,507,1023,516,-765,-4.5,769.5
11.3551452326963,503,1021,518,-762,-7.5,769.5
11.3573048266926,501,1022,521,-761.5,-10,771.5
11.3594644206889,501,1021,520,-761,-9.5,770.5
11.3616240146852,501,1022,521,-761.5,-10,771.5
11.3637836086816,503,1022,519,-762.5,-8,770.5
11.3659432026779,509,1022,513,-765.5,-2,767.5
11.3681027966742,511,1021,510,-766,0.5,765.5
11.3702623906706,509,1022,513,-765.5,-2,767.5
11.3724219846669,509,1021,512,-765,-1.5,766.5
11.3745815786632,508,1021,513,-764.5,-2.5,767
11.3767411726595,507,1021,514,-764,-3.5,767.5
11.3789007666559,510,1022,512,-766,-1,767
11.3810603606522,514,1020,506,-767,4,763
11.3832199546485,515,1023,508,-769,3.5,765.5
11.3853795486449,516,1022,506,-769,5,764
11.3875391426412,517,1023,506,-770,5.5,764.5
11.3896987366375,516,1022,506,-769,5,764
11.3918583306338,511,1022,511,-766.5,0,766.5
11.3940179246302,511,1020,509,-765.5,1,764.5
11.3961775186265,508,1021,513,-764.5,-2.5,767
11.3983371126228,509,1020,511,-764.5,-1,765.5
11.4004967066192,509,1021,512,-765,-1.5,766.5
11.4026563006155,509,1023,514,-766,-2.5,768.5
11.4048158946118,509,1022,513,-765.5,-2,767.5
11.4069754886081,507,1021,514,-764,-3.5,767.5
11.4091350826045,504,1022,518,-763,-7,770
11.4112946766008,501,1022,521,-761.5,-10,771.5
11.4134542705971,499,1020,521,-759.5,-11,770.5
11.4156138645935,498,1023,525,-760.5,-13.5,774
11.4177734585898,496,1022,526,-759,-15,774
11.4199330525861,495,1022,527,-758.5,-16,774.5
11.4220926465824,494,1021,527,-757.5,-16.5,774
11.4242522405788,496,1021,525,-758.5,-14.5,773
11.4264118345751,502,1021,519,-761.5,-8.5,770
11.4285714285714,506,1021,515,-763.5,-4.5,768
11.4307310225678,506,1021,515,-763.5,-4.5,768
11.4328906165641,503,1021,518,-762,-7.5,769.5
11.4350502105604,498,1020,522,-759,-12,771
11.4372098045567,490,1021,531,-755.5,-20.5,776
11.4393693985531,483,1022,539,-752.5,-28,780.5
11.4415289925494,484,1022,538,-753,-27,780
11.4436885865457,489,1021,532,-755,-21.5,776.5
11.4458481805421,490,1020,530,-755,-20,775
11.4480077745384,490,1021,531,-755.5,-20.5,776
11.4501673685347,491,1020,529,-755.5,-19,774.5
11.452326962531,493,1020,527,-756.5,-17,773.5
11.4544865565274,493,1022,529,-757.5,-18,775.5
11.4566461505237,492,1020,528,-756,-18,774
11.45880574452,494,1021,527,-757.5,-16.5,774
11.4609653385164,490,1022,532,-756,-21,777
11.4631249325127,485,1022,537,-753.5,-26,779.5
11.465284526509,481,1021,540,-751,-29.5,780.5
11.4674441205053,481,1022,541,-751.5,-30,781.5
11.4696037145017,484,1022,538,-753,-27,780
11.471763308498,484,1021,537,-752.5,-26.5,779
11.4739229024943,481,1021,540,-751,-29.5,780.5
11.4760824964907,480,1022,542,-751,-31,782
11.478242090487,485,1022,537,-753.5,-26,779.5
11.4804016844833,491,1021,530,-756,-19.5,775.5
11.4825612784796,498,1021,523,-759.5,-12.5,772
11.484720872476,500,1023,523,-761.5,-11.5,773
11.4868804664723,498,1021,523,-759.5,-12.5,772
11.4890400604686,493,1022,529,-757.5,-18,775.5
11.491199654465,490,1021,531,-755.5,-20.5,776
11.4933592484613,482,1022,540,-752,-29,781
11.4955188424576,481,1022,541,-751.5,-30,781.5
11.4976784364539,483,1020,537,-751.5,-27,778.5
11.4998380304503,483,1021,538,-752,-27.5,779.5
11.5019976244466,487,1022,535,-754.5,-24,778.5
11.5041572184429,490,1021,531,-755.5,-20.5,776
11.5063168124393,497,1021,524,-759,-13.5,772.5
11.5084764064356,504,1022,518,-763,-7,770
11.5106360004319,515,1023,508,-769,3.5,765.5
11.5127955944282,527,1021,494,-774,16.5,757.5
11.5149551884246,542,1022,480,-782,31,751
11.5171147824209,563,1022,459,-792.5,52,740.5
11.5192743764172,586,1022,436,-804,75,729
11.5214339704136,609,1022,413,-815.5,98,717.5
11.5235935644099,636,1022,386,-829,125,704
11.5257531584062,653,1021,368,-837,142.5,694.5
11.5279127524025,660,1022,362,-841,149,692
11.5300723463989,653,1021,368,-837,142.5,694.5
11.5322319403952,635,1021,386,-828,124.5,703.5
11.5343915343915,608,1020,412,-814,98,716
11.5365511283879,582,1022,440,-802,71,731
11.5387107223842,554,1022,468,-788,43,745
11.5408703163805,532,1023,491,-777.5,20.5,757
11.5430299103768,516,1022,506,-769,5,764
11.5451895043732,501,1022,521,-761.5,-10,771.5
11.5473490983695,493,1021,528,-757,-17.5,774.5
11.5495086923658,484,1022,538,-753,-27,780
11.5516682863622,483,1020,537,-751.5,-27,778.5
11.5538278803585,483,1022,539,-752.5,-28,780.5
11.5559874743548,494,1022,528,-758,-17,775
11.5581470683512,502,1020,518,-761,-8,769
11.5603066623475,507,1021,514,-764,-3.5,767.5
11.5624662563438,506,1021,515,-763.5,-4.5,768
11.5646258503401,499,1023,524,-761,-12.5,773.5
11.5667854443365,495,1020,525,-757.5,-15,772.5
11.5689450383328,490,1021,531,-755.5,-20.5,776
11.5711046323291,478,1022,544,-750,-33,783
11.5732642263255,477,1022,545,-749.5,-34,783.5
11.5754238203218,479,1021,542,-750,-31.5,781.5
11.5775834143181,481,1022,541,-751.5,-30,781.5
11.5797430083144,489,1021,532,-755,-21.5,776.5
11.5819026023108,491,1021,530,-756,-19.5,775.5
11.5840621963071,486,1021,535,-753.5,-24.5,778
11.5862217903034,482,1019,537,-750.5,-27.5,778
11.5883813842998,476,1023,547,-749.5,-35.5,785
11.5905409782961,477,1020,543,-748.5,-33,781.5
11.5927005722924,486,1023,537,-754.5,-25.5,780
11.5948601662887,497,1019,522,-758,-12.5,770.5
11.5970197602851,500,1023,523,-761.5,-11.5,773
11.5991793542814,498,1021,523,-759.5,-12.5,772
11.6013389482777,495,1021,526,-758,-15.5,773.5
11.6034985422741,493,1021,528,-757,-17.5,774.5
11.6056581362704,488,1022,534,-755,-23,778
11.6078177302667,486,1021,535,-753.5,-24.5,778
11.609977324263,491,1022,531,-756.5,-20,776.5
11.6121369182594,493,1021,528,-757,-17.5,774.5
11.6142965122557,495,1023,528,-759,-16.5,775.5
11.616456106252,496,1022,526,-759,-15,774
11.6186157002484,496,1022,526,-759,-15,774
11.6207752942447,496,1020,524,-758,-14,772
11.622934888241,492,1021,529,-756.5,-18.5,775
11.6250944822373,490,1021,531,-755.5,-20.5,776
11.6272540762337,489,1022,533,-755.5,-22,777.5
11.62941367023,493,1021,528,-757,-17.5,774.5
11.6315732642263,498,1021,523,-759.5,-12.5,772
11.6337328582227,503,1022,519,-762.5,-8,770.5
11.635892452219,505,1021,516,-763,-5.5,768.5
11.6380520462153,504,1021,517,-762.5,-6.5,769
11.6402116402116,494,1022,528,-758,-17,775
11.642371234208,489,1021,532,-755,-21.5,776.5
11.6445308282043,484,1021,537,-752.5,-26.5,779
11.6466904222006,485,1023,538,-754,-26.5,780.5
11.648850016197,492,1020,528,-756,-18,774
11.6510096101933,497,1022,525,-759.5,-14,773.5
11.6531692041896,499,1023,524,-761,-12.5,773.5
11.6553287981859,499,1022,523,-760.5,-12,772.5
11.6574883921823,503,1022,519,-762.5,-8,770.5
11.6596479861786,503,1021,518,-762,-7.5,769.5
11.6618075801749,503,1022,519,-762.5,-8,770.5
11.6639671741713,501,1022,521,-761.5,-10,771.5
11.6661267681676,504,1021,517,-762.5,-6.5,769
11.6682863621639,506,1022,516,-764,-5,769
11.6704459561602,501,1021,520,-761,-9.5,770.5
11.6726055501566,497,1019,522,-758,-12.5,770.5
11.6747651441529,499,1022,523,-760.5,-12,772.5
11.6769247381492,498,1021,523,-759.5,-12.5,772
11.6790843321456,503,1022,519,-762.5,-8,770.5
11.6812439261419,506,1019,513,-762.5,-3.5,766
11.6834035201382,512,1023,511,-767.5,0.5,767
11.6855631141345,518,1021,503,-769.5,7.5,762
11.6877227081309,519,1021,502,-770,8.5,761.5
11.6898823021272,516,1022,506,-769,5,764
11.6920418961235,512,1022,510,-767,1,766
11.6942014901199,511,1022,511,-766.5,0,766.5
11.6963610841162,512,1022,510,-767,1,766
11.6985206781125,512,1021,509,-766.5,1.5,765
11.7006802721088,513,1023,510,-768,1.5,766.5
11.7028398661052,513,1022,509,-767.5,2,765.5
11.7049994601015,514,1022,508,-768,3,765
11.7071590540978,518,1021,503,-769.5,7.5,762
11.7093186480942,523,1021,498,-772,12.5,759.5
11.7114782420905,526,1022,496,-774,15,759
11.7136378360868,525,1021,496,-773,14.5,758.5
11.7157974300831,523,1021,498,-772,12.5,759.5
11.7179570240795,526,1020,494,-773,16,757
11.7201166180758,528,1021,493,-774.5,17.5,757
11.7222762120721,527,1021,494,-774,16.5,757.5
11.7244358060685,522,1022,500,-772,11,761
11.7265954000648,519,1020,501,-769.5,9,760.5
11.7287549940611,515,1020,505,-767.5,5,762.5
11.7309145880574,512,1022,510,-767,1,766
11.7330741820538,518,1021,503,-769.5,7.5,762
11.7352337760501,523,1021,498,-772,12.5,759.5
11.7373933700464,528,1023,495,-775.5,16.5,759
11.7395529640428,528,1020,492,-774,18,756
11.7417125580391,524,1021,497,-772.5,13.5,759
11.7438721520354,527,1022,495,-774.5,16,758.5
11.7460317460317,528,1020,492,-774,18,756
11.7481913400281,528,1022,494,-775,17,758
11.7503509340244,531,1022,491,-776.5,20,756.5
11.7525105280207,531,1022,491,-776.5,20,756.5
11.7546701220171,531,1021,490,-776,20.5,755.5
11.7568297160134,532,1021,489,-776.5,21.5,755
11.7589893100097,534,1022,488,-778,23,755
11.761148904006,532,1020,488,-776,22,754
11.7633084980024,527,1021,494,-774,16.5,757.5
11.7654680919987,529,1020,491,-774.5,19,755.5
11.767627685995,529,1021,492,-775,18.5,756.5
11.7697872799914,530,1020,490,-775,20,755
11.7719468739877,529,1023,494,-776,17.5,758.5
11.774106467984,527,1021,494,-774,16.5,757.5
11.7762660619803,522,1021,499,-771.5,11.5,760
11.7784256559767,521,1021,500,-771,10.5,760.5
11.780585249973,521,1020,499,-770.5,11,759.5
11.7827448439693,521,1021,500,-771,10.5,760.5
11.7849044379657,519,1022,503,-770.5,8,762.5
11.787064031962,517,1022,505,-769.5,6,763.5
11.7892236259583,515,1021,506,-768,4.5,763.5
11.7913832199546,514,1022,508,-768,3,765
11.793542813951,517,1021,504,-769,6.5,762.5
11.7957024079473,511,1022,511,-766.5,0,766.5
11.7978620019436,505,1022,517,-763.5,-6,769.5
11.80002159594,497,1022,525,-759.5,-14,773.5
11.8021811899363,493,1022,529,-757.5,-18,775.5
11.8043407839326,487,1021,534,-754,-23.5,777.5
11.8065003779289,488,1022,534,-755,-23,778
11.8086599719253,492,1022,530,-757,-19,776
11.8108195659216,495,1022,527,-758.5,-16,774.5
11.8129791599179,497,1023,526,-760,-14.5,774.5
11.8151387539143,494,1022,528,-758,-17,775
11.8172983479106,489,1023,534,-756,-22.5,778.5
11.8194579419069,487,1022,535,-754.5,-24,778.5
11.8216175359033,486,1021,535,-753.5,-24.5,778
11.8237771298996,483,1021,538,-752,-27.5,779.5
11.8259367238959,484,1021,537,-752.5,-26.5,779
11.8280963178922,485,1022,537,-753.5,-26,779.5
11.8302559118886,485,1020,535,-752.5,-25,777.5
11.8324155058849,483,1021,538,-752,-27.5,779.5
11.8345750998812,482,1019,537,-750.5,-27.5,778
11.8367346938776,490,1019,529,-754.5,-19.5,774
11.8388942878739,490,1023,533,-756.5,-21.5,778
11.8410538818702,491,1022,531,-756.5,-20,776.5
11.8432134758665,495,1020,525,-757.5,-15,772.5
11.8453730698629,495,1022,527,-758.5,-16,774.5
11.8475326638592,489,1023,534,-756,-22.5,778.5
11.8496922578555,489,1020,531,-754.5,-21,775.5
11.8518518518519,486,1021,535,-753.5,-24.5,778
11.8540114458482,484,1022,538,-753,-27,780
11.8561710398445,486,1022,536,-754,-25,779
11.8583306338408,484,1021,537,-752.5,-26.5,779
11.8604902278372,482,1021,539,-751.5,-28.5,780
11.8626498218335,479,1020,541,-749.5,-31,780.5
11.8648094158298,479,1023,544,-751,-32.5,783.5
11.8669690098262,483,1023,540,-753,-28.5,781.5
11.8691286038225,488,1021,533,-754.5,-22.5,777
11.8712881978188,494,1022,528,-758,-17,775
11.8734477918151,500,1022,522,-761,-11,772
11.8756073858115,503,1021,518,-762,-7.5,769.5
11.8777669798078,499,1021,522,-760,-11.5,771.5
11.8799265738041,496,1021,525,-758.5,-14.5,773
11.8820861678005,492,1020,528,-756,-18,774
11.8842457617968,486,1022,536,-754,-25,779
11.8864053557931,483,1020,537,-751.5,-27,778.5
11.8885649497894,481,1020,539,-750.5,-29,779.5
11.8907245437858,482,1021,539,-751.5,-28.5,780
11.8928841377821,485,1022,537,-753.5,-26,779.5
11.8950437317784,484,1023,539,-753.5,-27.5,781
11.8972033257748,485,1022,537,-753.5,-26,779.5
11.8993629197711,485,1022,537,-753.5,-26,779.5
11.9015225137674,485,1021,536,-753,-25.5,778.5
11.9036821077637,484,1022,538,-753,-27,780
11.9058417017601,487,1022,535,-754.5,-24,778.5
11.9080012957564,488,1021,533,-754.5,-22.5,777
11.9101608897527,488,1023,535,-755.5,-23.5,779
11.9123204837491,489,1021,532,-755,-21.5,776.5
11.9144800777454,491,1022,531,-756.5,-20,776.5
11.9166396717417,496,1023,527,-759.5,-15.5,775
11.918799265738,496,1022,526,-759,-15,774
11.9209588597344,498,1021,523,-759.5,-12.5,772
11.9231184537307,498,1021,523,-759.5,-12.5,772
11.925278047727,495,1022,527,-758.5,-16,774.5
11.9274376417234,497,1023,526,-760,-14.5,774.5
11.9295972357197,497,1021,524,-759,-13.5,772.5
11.931756829716,497,1023,526,-760,-14.5,774.5
11.9339164237123,497,1023,526,-760,-14.5,774.5
11.9360760177087,497,1020,523,-758.5,-13,771.5
11.938235611705,494,1021,527,-757.5,-16.5,774
11.9403952057013,490,1022,532,-756,-21,777
11.9425547996977,491,1022,531,-756.5,-20,776.5
11.944714393694,494,1020,526,-757,-16,773
11.9468739876903,492,1022,530,-757,-19,776
11.9490335816866,489,1023,534,-756,-22.5,778.5
11.951193175683,492,1021,529,-756.5,-18.5,775
11.9533527696793,497,1022,525,-759.5,-14,773.5
11.9555123636756,499,1021,522,-760,-11.5,771.5
11.957671957672,499,1021,522,-760,-11.5,771.5
11.9598315516683,500,1020,520,-760,-10,770
11.9619911456646,498,1023,525,-760.5,-13.5,774
11.9641507396609,501,1021,520,-761,-9.5,770.5
11.9663103336573,505,1021,516,-763,-5.5,768.5
11.9684699276536,505,1022,517,-763.5,-6,769.5
11.9706295216499,505,1021,516,-763,-5.5,768.5
11.9727891156463,507,1020,513,-763.5,-3,766.5
11.9749487096426,507,1022,515,-764.5,-4,768.5
11.9771083036389,508,1023,515,-765.5,-3.5,769
11.9792678976352,503,1022,519,-762.5,-8,770.5
11.9814274916316,504,1022,518,-763,-7,770
11.9835870856279,505,1020,515,-762.5,-5,767.5
11.9857466796242,502,1021,519,-761.5,-8.5,770
11.9879062736206,499,1022,523,-760.5,-12,772.5
11.9900658676169,495,1022,527,-758.5,-16,774.5
11.9922254616132,496,1021,525,-758.5,-14.5,773
11.9943850556095,496,1022,526,-759,-15,774
11.9965446496059,497,1021,524,-759,-13.5,772.5
11.9987042436022,498,1021,523,-759.5,-12.5,772
12.0008638375985,503,1021,518,-762,-7.5,769.5
12.0030234315949,515,1020,505,-767.5,5,762.5
12.0051830255912,519,1021,502,-770,8.5,761.5
12.0073426195875,522,1020,498,-771,12,759
12.0095022135838,519,1023,504,-771,7.5,763.5
12.0116618075802,520,1020,500,-770,10,760
12.0138214015765,513,1021,508,-767,2.5,764.5
12.0159809955728,506,1023,517,-764.5,-5.5,770
12.0181405895692,509,1021,512,-765,-1.5,766.5
12.0203001835655,513,1021,508,-767,2.5,764.5
12.0224597775618,511,1021,510,-766,0.5,765.5
12.0246193715581,513,1020,507,-766.5,3,763.5
12.0267789655545,513,1021,508,-767,2.5,764.5
12.0289385595508,514,1022,508,-768,3,765
12.0310981535471,516,1022,506,-769,5,764
12.0332577475435,511,1019,508,-765,1.5,763.5
12.0354173415398,505,1022,517,-763.5,-6,769.5
12.0375769355361,499,1021,522,-760,-11.5,771.5
12.0397365295324,495,1022,527,-758.5,-16,774.5
12.0418961235288,495,1022,527,-758.5,-16,774.5
12.0440557175251,495,1022,527,-758.5,-16,774.5
12.0462153115214,498,1021,523,-759.5,-12.5,772
12.0483749055178,503,1022,519,-762.5,-8,770.5
12.0505344995141,508,1022,514,-765,-3,768
12.0526940935104,508,1021,513,-764.5,-2.5,767
12.0548536875067,505,1020,515,-762.5,-5,767.5
12.0570132815031,500,1023,523,-761.5,-11.5,773
12.0591728754994,496,1021,525,-758.5,-14.5,773
12.0613324694957,494,1021,527,-757.5,-16.5,774
12.0634920634921,492,1023,531,-757.5,-19.5,777
12.0656516574884,494,1021,527,-757.5,-16.5,774
12.0678112514847,494,1021,527,-757.5,-16.5,774
12.0699708454811,492,1019,527,-755.5,-17.5,773
12.0721304394774,492,1021,529,-756.5,-18.5,775
12.0742900334737,490,1023,533,-756.5,-21.5,778
12.07644962747,491,1021,530,-756,-19.5,775.5
12.0786092214664,492,1021,529,-756.5,-18.5,775
12.0807688154627,491,1019,528,-755,-18.5,773.5
12.082928409459,493,1021,528,-757,-17.5,774.5
12.0850880034554,497,1021,524,-759,-13.5,772.5
12.0872475974517,496,1023,527,-759.5,-15.5,775
12.089407191448,497,1023,526,-760,-14.5,774.5
12.0915667854443,494,1022,528,-758,-17,775
12.0937263794407,488,1023,535,-755.5,-23.5,779
12.095885973437,486,1023,537,-754.5,-25.5,780
12.0980455674333,487,1021,534,-754,-23.5,777.5
12.1002051614297,486,1021,535,-753.5,-24.5,778
12.102364755426,483,1021,538,-752,-27.5,779.5
12.1045243494223,486,1021,535,-753.5,-24.5,778
12.1066839434186,486,1022,536,-754,-25,779
12.108843537415,486,1023,537,-754.5,-25.5,780
12.1110031314113,490,1022,532,-756,-21,777
12.1131627254076,492,1022,530,-757,-19,776
12.115322319404,487,1020,533,-753.5,-23,776.5
12.1174819134003,480,1021,541,-750.5,-30.5,781
12.1196415073966,477,1021,544,-749,-33.5,782.5
12.1218011013929,475,1022,547,-748.5,-36,784.5
12.1239606953893,477,1022,545,-749.5,-34,783.5
12.1261202893856,480,1021,541,-750.5,-30.5,781
12.1282798833819,481,1021,540,-751,-29.5,780.5
12.1304394773783,484,1021,537,-752.5,-26.5,779
12.1325990713746,489,1020,531,-754.5,-21,775.5
12.1347586653709,502,1020,518,-761,-8,769
12.1369182593672,523,1023,500,-773,11.5,761.5
12.1390778533636,548,1021,473,-784.5,37.5,747
12.1412374473599,574,1022,448,-798,63,735
12.1433970413562,598,1022,424,-810,87,723
12.1455566353526,620,1023,403,-821.5,108.5,713
12.1477162293489,639,1022,383,-830.5,128,702.5
12.1498758233452,658,1020,362,-839,148,691
12.1520354173415,665,1021,356,-843,154.5,688.5
12.1541950113379,659,1022,363,-840.5,148,692.5
12.1563546053342,643,1022,379,-832.5,132,700.5
12.1585141993305,619,1023,404,-821,107.5,713.5
12.1606737933269,592,1021,429,-806.5,81.5,725
12.1628333873232,570,1022,452,-796,59,737
12.1649929813195,545,1019,474,-782,35.5,746.5
12.1671525753158,523,1019,496,-771,13.5,757.5
12.1693121693122,509,1022,513,-765.5,-2,767.5
12.1714717633085,497,1022,525,-759.5,-14,773.5
12.1736313573048,489,1021,532,-755,-21.5,776.5
12.1757909513012,486,1022,536,-754,-25,779
12.1779505452975,489,1022,533,-755.5,-22,777.5
12.1801101392938,491,1021,530,-756,-19.5,775.5
12.1822697332901,492,1021,529,-756.5,-18.5,775
12.1844293272865,493,1022,529,-757.5,-18,775.5
12.1865889212828,495,1021,526,-758,-15.5,773.5
12.1887485152791,496,1021,525,-758.5,-14.5,773
12.1909081092755,494,1022,528,-758,-17,775
12.1930677032718,491,1021,530,-756,-19.5,775.5
12.1952272972681,485,1023,538,-754,-26.5,780.5
12.1973868912644,484,1020,536,-752,-26,778
12.1995464852608,482,1021,539,-751.5,-28.5,780
12.2017060792571,482,1021,539,-751.5,-28.5,780
12.2038656732534,482,1021,539,-751.5,-28.5,780
12.2060252672498,483,1023,540,-753,-28.5,781.5
12.2081848612461,488,1023,535,-755.5,-23.5,779
12.2103444552424,494,1021,527,-757.5,-16.5,774
12.2125040492387,492,1022,530,-757,-19,776
12.2146636432351,489,1023,534,-756,-22.5,778.5
12.2168232372314,486,1021,535,-753.5,-24.5,778
12.2189828312277,483,1023,540,-753,-28.5,781.5
12.2211424252241,476,1022,546,-749,-35,784
12.2233020192204,479,1021,542,-750,-31.5,781.5
12.2254616132167,483,1022,539,-752.5,-28,780.5
12.227621207213,487,1023,536,-755,-24.5,779.5
12.2297808012094,490,1020,530,-755,-20,775
12.2319403952057,499,1020,521,-759.5,-11,770.5
12.234099989202,501,1021,520,-761,-9.5,770.5
12.2362595831984,502,1021,519,-761.5,-8.5,770
12.2384191771947,500,1021,521,-760.5,-10.5,771
12.240578771191,498,1022,524,-760,-13,773
12.2427383651873,499,1021,522,-760,-11.5,771.5
12.2448979591837,496,1022,526,-759,-15,774
12.24705755318,498,1022,524,-760,-13,773
12.2492171471763,498,1023,525,-760.5,-13.5,774
12.2513767411727,495,1020,525,-757.5,-15,772.5
12.253536335169,493,1022,529,-757.5,-18,775.5
12.2556959291653,490,1022,532,-756,-21,777
12.2578555231616,489,1021,532,-755,-21.5,776.5
12.260015117158,490,1021,531,-755.5,-20.5,776
12.2621747111543,491,1022,531,-756.5,-20,776.5
12.2643343051506,490,1021,531,-755.5,-20.5,776
12.266493899147,492,1020,528,-756,-18,774
12.2686534931433,492,1021,529,-756.5,-18.5,775
12.2708130871396,494,1021,527,-757.5,-16.5,774
12.2729726811359,495,1021,526,-758,-15.5,773.5
12.2751322751323,498,1021,523,-759.5,-12.5,772
12.2772918691286,498,1021,523,-759.5,-12.5,772
12.2794514631249,499,1022,523,-760.5,-12,772.5
12.2816110571213,500,1022,522,-761,-11,772
12.2837706511176,504,1021,517,-762.5,-6.5,769
12.2859302451139,505,1021,516,-763,-5.5,768.5
12.2880898391102,500,1022,522,-761,-11,772
12.2902494331066,497,1021,524,-759,-13.5,772.5
12.2924090271029,498,1023,525,-760.5,-13.5,774
12.2945686210992,499,1022,523,-760.5,-12,772.5
12.2967282150956,502,1021,519,-761.5,-8.5,770
12.2988878090919,509,1021,512,-765,-1.5,766.5
12.3010474030882,513,1023,510,-768,1.5,766.5
12.3032069970845,514,1022,508,-768,3,765
12.3053665910809,515,1021,506,-768,4.5,763.5
12.3075261850772,515,1021,506,-768,4.5,763.5
12.3096857790735,515,1021,506,-768,4.5,763.5
12.3118453730699,512,1022,510,-767,1,766
12.3140049670662,511,1022,511,-766.5,0,766.5
12.3161645610625,513,1022,509,-767.5,2,765.5
12.3183241550588,514,1023,509,-768.5,2.5,766
12.3204837490552,516,1020,504,-768,6,762
12.3226433430515,518,1022,504,-770,7,763
12.3248029370478,522,1022,500,-772,11,761
12.3269625310442,523,1020,497,-771.5,13,758.5
12.3291221250405,524,1022,498,-773,13,760
12.3312817190368,523,1020,497,-771.5,13,758.5
12.3334413130332,521,1023,502,-772,9.5,762.5
12.3356009070295,520,1021,501,-770.5,9.5,761
12.3377605010258,518,1022,504,-770,7,763
12.3399200950221,523,1022,499,-772.5,12,760.5
12.3420796890185,526,1022,496,-774,15,759
12.3442392830148,529,1022,493,-775.5,18,757.5
12.3463988770111,528,1021,493,-774.5,17.5,757
12.3485584710075,524,1023,499,-773.5,12.5,761
12.3507180650038,525,1021,496,-773,14.5,758.5
12.3528776590001,526,1020,494,-773,16,757
12.3550372529964,528,1023,495,-775.5,16.5,759
12.3571968469928,528,1022,494,-775,17,758
12.3593564409891,527,1021,494,-774,16.5,757.5
12.3615160349854,529,1021,492,-775,18.5,756.5
12.3636756289818,531,1021,490,-776,20.5,755.5
12.3658352229781,530,1022,492,-776,19,757
12.3679948169744,530,1020,490,-775,20,755
12.3701544109707,528,1021,493,-774.5,17.5,757
12.3723140049671,527,1022,495,-774.5,16,758.5
12.3744735989634,527,1021,494,-774,16.5,757.5
12.3766331929597,527,1021,494,-774,16.5,757.5
12.3787927869561,526,1022,496,-774,15,759
12.3809523809524,527,1022,495,-774.5,16,758.5
12.3831119749487,527,1021,494,-774,16.5,757.5
12.385271568945,532,1022,490,-777,21,756
12.3874311629414,532,1022,490,-777,21,756
12.3895907569377,535,1021,486,-778,24.5,753.5
12.391750350934,538,1021,483,-779.5,27.5,752
12.3939099449304,537,1021,484,-779,26.5,752.5
12.3960695389267,539,1021,482,-780,28.5,751.5
12.398229132923,537,1021,484,-779,26.5,752.5
12.4003887269193,532,1022,490,-777,21,756
12.4025483209157,528,1021,493,-774.5,17.5,757
12.404707914912,519,1020,501,-769.5,9,760.5
12.4068675089083,512,1020,508,-766,2,764
12.4090271029047,508,1022,514,-765,-3,768
12.411186696901,510,1021,511,-765.5,-0.5,766
12.4133462908973,513,1022,509,-767.5,2,765.5
12.4155058848936,514,1021,507,-767.5,3.5,764
12.41766547889,511,1022,511,-766.5,0,766.5
12.4198250728863,512,1022,510,-767,1,766
12.4219846668826,514,1022,508,-768,3,765
12.424144260879,514,1022,508,-768,3,765
12.4263038548753,511,1022,511,-766.5,0,766.5
12.4284634488716,505,1021,516,-763,-5.5,768.5
12.4306230428679,503,1021,518,-762,-7.5,769.5
12.4327826368643,500,1021,521,-760.5,-10.5,771
12.4349422308606,500,1021,521,-760.5,-10.5,771
12.4371018248569,497,1023,526,-760,-14.5,774.5
12.4392614188533,495,1021,526,-758,-15.5,773.5
12.4414210128496,494,1022,528,-758,-17,775
12.4435806068459,491,1022,531,-756.5,-20,776.5
12.4457402008422,483,1022,539,-752.5,-28,780.5
12.4478997948386,481,1021,540,-751,-29.5,780.5
12.4500593888349,478,1023,545,-750.5,-33.5,784
12.4522189828312,478,1021,543,-749.5,-32.5,782
12.4543785768276,477,1022,545,-749.5,-34,783.5
12.4565381708239,477,1022,545,-749.5,-34,783.5
12.4586977648202,479,1023,544,-751,-32.5,783.5
12.4608573588165,484,1020,536,-752,-26,778
12.4630169528129,488,1022,534,-755,-23,778
12.4651765468092,491,1021,530,-756,-19.5,775.5
12.4673361408055,494,1022,528,-758,-17,775
12.4694957348019,496,1022,526,-759,-15,774
12.4716553287982,493,1021,528,-757,-17.5,774.5
12.4738149227945,489,1021,532,-755,-21.5,776.5
12.4759745167908,486,1023,537,-754.5,-25.5,780
12.4781341107872,490,1021,531,-755.5,-20.5,776
12.4802937047835,494,1023,529,-758.5,-17.5,776
12.4824532987798,496,1022,526,-759,-15,774
12.4846128927762,498,1022,524,-760,-13,773
12.4867724867725,492,1021,529,-756.5,-18.5,775
12.4889320807688,489,1019,530,-754,-20.5,774.5
12.4910916747651,482,1022,540,-752,-29,781
12.4932512687615,479,1022,543,-750.5,-32,782.5
12.4954108627578,476,1022,546,-749,-35,784
12.4975704567541,476,1022,546,-749,-35,784
12.4997300507505,482,1021,539,-751.5,-28.5,780
12.5018896447468,493,1022,529,-757.5,-18,775.5
12.5040492387431,499,1022,523,-760.5,-12,772.5
12.5062088327394,506,1021,515,-763.5,-4.5,768
12.5083684267358,508,1021,513,-764.5,-2.5,767
12.5105280207321,508,1022,514,-765,-3,768
12.5126876147284,504,1022,518,-763,-7,770
12.5148472087248,500,1023,523,-761.5,-11.5,773
12.5170068027211,494,1022,528,-758,-17,775
12.5191663967174,488,1021,533,-754.5,-22.5,777
12.5213259907137,480,1021,541,-750.5,-30.5,781
12.5234855847101,479,1022,543,-750.5,-32,782.5
12.5256451787064,482,1023,541,-752.5,-29.5,782
12.5278047727027,492,1021,529,-756.5,-18.5,775
12.5299643666991,498,1023,525,-760.5,-13.5,774
12.5321239606954,497,1022,525,-759.5,-14,773.5
12.5342835546917,499,1021,522,-760,-11.5,771.5
12.536443148688,502,1021,519,-761.5,-8.5,770
12.5386027426844,504,1022,518,-763,-7,770
12.5407623366807,502,1021,519,-761.5,-8.5,770
12.542921930677,497,1022,525,-759.5,-14,773.5
12.5450815246734,493,1022,529,-757.5,-18,775.5
12.5472411186697,488,1021,533,-754.5,-22.5,777
12.549400712666,493,1023,530,-758,-18.5,776.5
12.5515603066623,500,1023,523,-761.5,-11.5,773
12.5537199006587,505,1021,516,-763,-5.5,768.5
12.555879494655,508,1021,513,-764.5,-2.5,767
12.5580390886513,508,1022,514,-765,-3,768
12.5601986826477,505,1022,517,-763.5,-6,769.5
12.562358276644,501,1020,519,-760.5,-9,769.5
12.5645178706403,497,1022,525,-759.5,-14,773.5
12.5666774646366,500,1020,520,-760,-10,770
12.568837058633,500,1021,521,-760.5,-10.5,771
12.5709966526293,498,1022,524,-760,-13,773
12.5731562466256,496,1020,524,-758,-14,772
12.575315840622,496,1020,524,-758,-14,772
12.5774754346183,497,1022,525,-759.5,-14,773.5
12.5796350286146,495,1022,527,-758.5,-16,774.5
12.5817946226109,495,1021,526,-758,-15.5,773.5
12.5839542166073,496,1022,526,-759,-15,774
12.5861138106036,497,1021,524,-759,-13.5,772.5
12.5882734045999,495,1022,527,-758.5,-16,774.5
12.5904329985963,495,1023,528,-759,-16.5,775.5
12.5925925925926,499,1021,522,-760,-11.5,771.5
12.5947521865889,505,1023,518,-764,-6.5,770.5
12.5969117805853,507,1020,513,-763.5,-3,766.5
12.5990713745816,509,1021,512,-765,-1.5,766.5
12.6012309685779,510,1022,512,-766,-1,767
12.6033905625742,505,1023,518,-764,-6.5,770.5
12.6055501565706,500,1023,523,-761.5,-11.5,773
12.6077097505669,502,1022,520,-762,-9,771
12.6098693445632,504,1021,517,-762.5,-6.5,769
12.6120289385596,506,1021,515,-763.5,-4.5,768
12.6141885325559,503,1022,519,-762.5,-8,770.5
12.6163481265522,500,1020,520,-760,-10,770
12.6185077205485,496,1022,526,-759,-15,774
12.6206673145449,503,1023,520,-763,-8.5,771.5
12.6228269085412,508,1022,514,-765,-3,768
12.6249865025375,515,1021,506,-768,4.5,763.5
12.6271460965339,520,1021,501,-770.5,9.5,761
12.6293056905302,523,1022,499,-772.5,12,760.5
12.6314652845265,523,1021,498,-772,12.5,759.5
12.6336248785228,520,1022,502,-771,9,762
12.6357844725192,518,1022,504,-770,7,763
12.6379440665155,517,1023,506,-770,5.5,764.5
12.6401036605118,517,1022,505,-769.5,6,763.5
12.6422632545082,515,1022,507,-768.5,4,764.5
12.6444228485045,511,1021,510,-766,0.5,765.5
12.6465824425008,513,1021,508,-767,2.5,764.5
12.6487420364971,513,1023,510,-768,1.5,766.5
12.6509016304935,516,1022,506,-769,5,764
12.6530612244898,516,1021,505,-768.5,5.5,763
12.6552208184861,514,1021,507,-767.5,3.5,764
12.6573804124825,511,1021,510,-766,0.5,765.5
12.6595400064788,510,1023,513,-766.5,-1.5,768
12.6616996004751,504,1021,517,-762.5,-6.5,769
12.6638591944714,499,1022,523,-760.5,-12,772.5
12.6660187884678,497,1022,525,-759.5,-14,773.5
12.6681783824641,498,1022,524,-760,-13,773
12.6703379764604,503,1021,518,-762,-7.5,769.5
12.6724975704568,508,1022,514,-765,-3,768
12.6746571644531,513,1022,509,-767.5,2,765.5
12.6768167584494,513,1019,506,-766,3.5,762.5
12.6789763524457,510,1021,511,-765.5,-0.5,766
12.6811359464421,505,1020,515,-762.5,-5,767.5
12.6832955404384,503,1019,516,-761,-6.5,767.5
12.6854551344347,501,1022,521,-761.5,-10,771.5
12.6876147284311,502,1021,519,-761.5,-8.5,770
12.6897743224274,499,1021,522,-760,-11.5,771.5
12.6919339164237,496,1022,526,-759,-15,774
12.69409351042,494,1021,527,-757.5,-16.5,774
12.6962531044164,492,1023,531,-757.5,-19.5,777
12.6984126984127,489,1022,533,-755.5,-22,777.5
12.700572292409,489,1021,532,-755,-21.5,776.5
12.7027318864054,492,1021,529,-756.5,-18.5,775
12.7048914804017,491,1021,530,-756,-19.5,775.5
12.707051074398,491,1021,530,-756,-19.5,775.5
12.7092106683943,490,1023,533,-756.5,-21.5,778
12.7113702623907,494,1022,528,-758,-17,775
12.713529856387,497,1022,525,-759.5,-14,773.5
12.7156894503833,497,1021,524,-759,-13.5,772.5
12.7178490443797,495,1021,526,-758,-15.5,773.5
12.720008638376,492,1022,530,-757,-19,776
12.7221682323723,490,1021,531,-755.5,-20.5,776
12.7243278263686,489,1021,532,-755,-21.5,776.5
12.726487420365,487,1022,535,-754.5,-24,778.5
12.7286470143613,488,1021,533,-754.5,-22.5,777
12.7308066083576,493,1020,527,-756.5,-17,773.5
12.732966202354,493,1020,527,-756.5,-17,773.5
12.7351257963503,489,1022,533,-755.5,-22,777.5
12.7372853903466,495,1021,526,-758,-15.5,773.5
12.7394449843429,495,1022,527,-758.5,-16,774.5
12.7416045783393,493,1022,529,-757.5,-18,775.5
12.7437641723356,492,1023,531,-757.5,-19.5,777
12.7459237663319,490,1020,530,-755,-20,775
12.7480833603283,486,1021,535,-753.5,-24.5,778
12.7502429543246,485,1021,536,-753,-25.5,778.5
12.7524025483209,487,1022,535,-754.5,-24,778.5
12.7545621423172,490,1021,531,-755.5,-20.5,776
12.7567217363136,494,1021,527,-757.5,-16.5,774
12.7588813303099,493,1023,530,-758,-18.5,776.5
12.7610409243062,497,1022,525,-759.5,-14,773.5
12.7632005183026,504,1022,518,-763,-7,770
12.7653601122989,512,1021,509,-766.5,1.5,765
12.7675197062952,523,1021,498,-772,12.5,759.5
12.7696793002915,545,1021,476,-783,34.5,748.5
12.7718388942879,575,1021,446,-798,64.5,733.5
12.7739984882842,600,1022,422,-811,89,722
12.7761580822805,624,1021,397,-822.5,113.5,709
12.7783176762769,642,1021,379,-831.5,131.5,700
12.7804772702732,656,1022,366,-839,145,694
12.7826368642695,654,1022,368,-838,143,695
12.7847964582658,643,1021,378,-832,132.5,699.5
12.7869560522622,625,1022,397,-823.5,114,709.5
12.7891156462585,606,1020,414,-813,96,717
12.7912752402548,580,1021,441,-800.5,69.5,731
12.7934348342512,559,1022,463,-790.5,48,742.5
12.7955944282475,534,1022,488,-778,23,755
12.7977540222438,518,1021,503,-769.5,7.5,762
12.7999136162401,506,1021,515,-763.5,-4.5,768
12.8020732102365,499,1020,521,-759.5,-11,770.5
12.8042328042328,491,1022,531,-756.5,-20,776.5
12.8063923982291,489,1021,532,-755,-21.5,776.5
12.8085519922255,483,1021,538,-752,-27.5,779.5
12.8107115862218,479,1022,543,-750.5,-32,782.5
12.8128711802181,477,1021,544,-749,-33.5,782.5
12.8150307742144,482,1021,539,-751.5,-28.5,780
12.8171903682108,489,1022,533,-755.5,-22,777.5
12.8193499622071,492,1021,529,-756.5,-18.5,775
12.8215095562034,493,1022,529,-757.5,-18,775.5
12.8236691501998,495,1021,526,-758,-15.5,773.5
12.8258287441961,502,1021,519,-761.5,-8.5,770
12.8279883381924,503,1020,517,-761.5,-7,768.5
12.8301479321887,506,1022,516,-764,-5,769
12.8323075261851,504,1021,517,-762.5,-6.5,769
12.8344671201814,506,1021,515,-763.5,-4.5,768
12.8366267141777,503,1021,518,-762,-7.5,769.5
12.8387863081741,498,1019,521,-758.5,-11.5,770
12.8409459021704,489,1022,533,-755.5,-22,777.5
12.8431054961667,483,1023,540,-753,-28.5,781.5
12.845265090163,481,1022,541,-751.5,-30,781.5
12.8474246841594,483,1023,540,-753,-28.5,781.5
12.8495842781557,485,1020,535,-752.5,-25,777.5
12.851743872152,485,1020,535,-752.5,-25,777.5
12.8539034661484,485,1021,536,-753,-25.5,778.5
12.8560630601447,486,1021,535,-753.5,-24.5,778
12.858222654141,489,1022,533,-755.5,-22,777.5
12.8603822481374,495,1022,527,-758.5,-16,774.5
12.8625418421337,495,1023,528,-759,-16.5,775.5
12.86470143613,494,1022,528,-758,-17,775
12.8668610301263,495,1021,526,-758,-15.5,773.5
12.8690206241227,496,1019,523,-757.5,-13.5,771
12.871180218119,496,1022,526,-759,-15,774
12.8733398121153,494,1021,527,-757.5,-16.5,774
12.8754994061117,495,1021,526,-758,-15.5,773.5
12.877659000108,497,1023,526,-760,-14.5,774.5
12.8798185941043,499,1022,523,-760.5,-12,772.5
12.8819781881006,500,1022,522,-761,-11,772
12.884137782097,503,1022,519,-762.5,-8,770.5
12.8862973760933,501,1022,521,-761.5,-10,771.5
12.8884569700896,500,1020,520,-760,-10,770
12.890616564086,497,1022,525,-759.5,-14,773.5
12.8927761580823,495,1021,526,-758,-15.5,773.5
12.8949357520786,495,1023,528,-759,-16.5,775.5
12.8970953460749,498,1021,523,-759.5,-12.5,772
12.8992549400713,500,1020,520,-760,-10,770
12.9014145340676,502,1020,518,-761,-8,769
12.9035741280639,500,1021,521,-760.5,-10.5,771
12.9057337220603,500,1022,522,-761,-11,772
12.9078933160566,502,1021,519,-761.5,-8.5,770
12.9100529100529,505,1021,516,-763,-5.5,768.5
12.9122125040492,504,1022,518,-763,-7,770
12.9143720980456,502,1022,520,-762,-9,771
12.9165316920419,502,1021,519,-761.5,-8.5,770
12.9186912860382,501,1023,522,-762,-10.5,772.5
12.9208508800346,500,1020,520,-760,-10,770
12.9230104740309,498,1021,523,-759.5,-12.5,772
12.9251700680272,500,1023,523,-761.5,-11.5,773
12.9273296620235,501,1022,521,-761.5,-10,771.5
12.9294892560199,505,1020,515,-762.5,-5,767.5
12.9316488500162,507,1021,514,-764,-3.5,767.5
12.9338084440125,511,1023,512,-767,-0.5,767.5
12.9359680380089,510,1022,512,-766,-1,767
12.9381276320052,513,1021,508,-767,2.5,764.5
12.9402872260015,513,1022,509,-767.5,2,765.5
12.9424468199978,516,1022,506,-769,5,764
12.9446064139942,520,1022,502,-771,9,762
12.9467660079905,522,1023,501,-772.5,10.5,762
12.9489256019868,524,1022,498,-773,13,760
12.9510851959832,522,1023,501,-772.5,10.5,762
12.9532447899795,521,1021,500,-771,10.5,760.5
12.9554043839758,521,1021,500,-771,10.5,760.5
12.9575639779721,517,1021,504,-769,6.5,762.5
12.9597235719685,519,1021,502,-770,8.5,761.5
12.9618831659648,522,1022,500,-772,11,761
12.9640427599611,526,1023,497,-774.5,14.5,760
12.9662023539575,531,1023,492,-777,19.5,757.5
12.9683619479538,528,1019,491,-773.5,18.5,755
12.9705215419501,524,1022,498,-773,13,760
12.9726811359464,521,1020,499,-770.5,11,759.5
12.9748407299428,519,1023,504,-771,7.5,763.5
12.9770003239391,519,1022,503,-770.5,8,762.5
12.9791599179354,518,1021,503,-769.5,7.5,762
12.9813195119318,519,1022,503,-770.5,8,762.5
12.9834791059281,521,1022,501,-771.5,10,761.5
12.9856386999244,521,1023,502,-772,9.5,762.5
12.9877982939207,520,1021,501,-770.5,9.5,761
12.9899578879171,521,1020,499,-770.5,11,759.5
12.9921174819134,530,1021,491,-775.5,19.5,756
12.9942770759097,535,1021,486,-778,24.5,753.5
12.9964366699061,537,1021,484,-779,26.5,752.5
12.9985962639024,538,1023,485,-780.5,26.5,754
13.0007558578987,539,1022,483,-780.5,28,752.5
13.002915451895,537,1020,483,-778.5,27,751.5
13.0050750458914,535,1023,488,-779,23.5,755.5
13.0072346398877,535,1023,488,-779,23.5,755.5
13.009394233884,535,1021,486,-778,24.5,753.5
13.0115538278804,530,1022,492,-776,19,757
13.0137134218767,528,1020,492,-774,18,756
13.015873015873,524,1022,498,-773,13,760
13.0180326098693,524,1022,498,-773,13,760
13.0201922038657,524,1022,498,-773,13,760
13.022351797862,523,1020,497,-771.5,13,758.5
13.0245113918583,526,1020,494,-773,16,757
13.0266709858547,527,1020,493,-773.5,17,756.5
13.028830579851,525,1021,496,-773,14.5,758.5
13.0309901738473,527,1022,495,-774.5,16,758.5
13.0331497678436,533,1021,488,-777,22.5,754.5
13.03530936184,536,1021,485,-778.5,25.5,753
13.0374689558363,534,1022,488,-778,23,755
13.0396285498326,527,1020,493,-773.5,17,756.5
13.041788143829,519,1022,503,-770.5,8,762.5
13.0439477378253,517,1021,504,-769,6.5,762.5
13.0461073318216,510,1020,510,-765,0,765
13.0482669258179,506,1021,515,-763.5,-4.5,768
13.0504265198143,499,1022,523,-760.5,-12,772.5
13.0525861138106,494,1023,529,-758.5,-17.5,776
13.0547457078069,495,1021,526,-758,-15.5,773.5
13.0569053018033,497,1023,526,-760,-14.5,774.5
13.0590648957996,499,1020,521,-759.5,-11,770.5
13.0612244897959,502,1021,519,-761.5,-8.5,770
13.0633840837922,503,1020,517,-761.5,-7,768.5
13.0655436777886,503,1020,517,-761.5,-7,768.5
13.0677032717849,501,1021,520,-761,-9.5,770.5
13.0698628657812,495,1021,526,-758,-15.5,773.5
13.0720224597776,489,1023,534,-756,-22.5,778.5
13.0741820537739,487,1021,534,-754,-23.5,777.5
13.0763416477702,493,1023,530,-758,-18.5,776.5
13.0785012417665,495,1022,527,-758.5,-16,774.5
13.0806608357629,494,1021,527,-757.5,-16.5,774
13.0828204297592,491,1021,530,-756,-19.5,775.5
13.0849800237555,486,1022,536,-754,-25,779
13.0871396177519,482,1023,541,-752.5,-29.5,782
13.0892992117482,483,1020,537,-751.5,-27,778.5
13.0914588057445,483,1022,539,-752.5,-28,780.5
13.0936183997408,486,1019,533,-752.5,-23.5,776
13.0957779937372,487,1022,535,-754.5,-24,778.5
13.0979375877335,488,1022,534,-755,-23,778
13.1000971817298,486,1022,536,-754,-25,779
13.1022567757262,486,1023,537,-754.5,-25.5,780
13.1044163697225,485,1021,536,-753,-25.5,778.5
13.1065759637188,477,1019,542,-748,-32.5,780.5
13.1087355577151,473,1022,549,-747.5,-38,785.5
13.1108951517115,474,1020,546,-747,-36,783
13.1130547457078,475,1021,546,-748,-35.5,783.5
13.1152143397041,478,1022,544,-750,-33,783
13.1173739337005,483,1022,539,-752.5,-28,780.5
13.1195335276968,490,1021,531,-755.5,-20.5,776
13.1216931216931,494,1022,528,-758,-17,775
13.1238527156895,494,1022,528,-758,-17,775
13.1260123096858,491,1021,530,-756,-19.5,775.5
13.1281719036821,489,1021,532,-755,-21.5,776.5
13.1303314976784,489,1021,532,-755,-21.5,776.5
13.1324910916748,490,1020,530,-755,-20,775
13.1346506856711,488,1020,532,-754,-22,776
13.1368102796674,488,1020,532,-754,-22,776
13.1389698736638,487,1022,535,-754.5,-24,778.5
13.1411294676601,488,1022,534,-755,-23,778
13.1432890616564,486,1023,537,-754.5,-25.5,780
13.1454486556527,485,1023,538,-754,-26.5,780.5
13.1476082496491,485,1021,536,-753,-25.5,778.5
13.1497678436454,484,1022,538,-753,-27,780
13.1519274376417,484,1021,537,-752.5,-26.5,779
13.1540870316381,487,1021,534,-754,-23.5,777.5
13.1562466256344,488,1022,534,-755,-23,778
13.1584062196307,488,1022,534,-755,-23,778
13.160565813627,492,1023,531,-757.5,-19.5,777
13.1627254076234,491,1022,531,-756.5,-20,776.5
13.1648850016197,493,1021,528,-757,-17.5,774.5
13.167044595616,495,1021,526,-758,-15.5,773.5
13.1692041896124,496,1022,526,-759,-15,774
13.1713637836087,496,1021,525,-758.5,-14.5,773
13.173523377605,496,1021,525,-758.5,-14.5,773
13.1756829716013,494,1022,528,-758,-17,775
13.1778425655977,490,1023,533,-756.5,-21.5,778
13.180002159594,483,1022,539,-752.5,-28,780.5
13.1821617535903,482,1021,539,-751.5,-28.5,780
13.1843213475867,487,1021,534,-754,-23.5,777.5
13.186480941583,491,1022,531,-756.5,-20,776.5
13.1886405355793,494,1023,529,-758.5,-17.5,776
13.1908001295756,500,1022,522,-761,-11,772
13.192959723572,501,1022,521,-761.5,-10,771.5
13.1951193175683,500,1023,523,-761.5,-11.5,773
13.1972789115646,496,1022,526,-759,-15,774
13.199438505561,492,1020,528,-756,-18,774
13.2015980995573,487,1021,534,-754,-23.5,777.5
13.2037576935536,480,1021,541,-750.5,-30.5,781
13.2059172875499,479,1021,542,-750,-31.5,781.5
13.2080768815463,481,1021,540,-751,-29.5,780.5
13.2102364755426,485,1023,538,-754,-26.5,780.5
13.2123960695389,489,1022,533,-755.5,-22,777.5
13.2145556635353,495,1021,526,-758,-15.5,773.5
13.2167152575316,498,1021,523,-759.5,-12.5,772
13.2188748515279,500,1022,522,-761,-11,772
13.2210344455242,501,1022,521,-761.5,-10,771.5
13.2231940395206,505,1022,517,-763.5,-6,769.5
13.2253536335169,503,1021,518,-762,-7.5,769.5
13.2275132275132,500,1023,523,-761.5,-11.5,773
13.2296728215096,497,1021,524,-759,-13.5,772.5
13.2318324155059,494,1021,527,-757.5,-16.5,774
13.2339920095022,493,1021,528,-757,-17.5,774.5
13.2361516034985,494,1021,527,-757.5,-16.5,774
13.2383111974949,495,1021,526,-758,-15.5,773.5
13.2404707914912,495,1021,526,-758,-15.5,773.5
13.2426303854875,494,1022,528,-758,-17,775
13.2447899794839,498,1022,524,-760,-13,773
13.2469495734802,499,1022,523,-760.5,-12,772.5
13.2491091674765,499,1022,523,-760.5,-12,772.5
13.2512687614728,502,1022,520,-762,-9,771
13.2534283554692,501,1022,521,-761.5,-10,771.5
13.2555879494655,503,1021,518,-762,-7.5,769.5
13.2577475434618,506,1023,517,-764.5,-5.5,770
13.2599071374582,507,1020,513,-763.5,-3,766.5
13.2620667314545,504,1021,517,-762.5,-6.5,769
13.2642263254508,499,1021,522,-760,-11.5,771.5
13.2663859194471,505,1022,517,-763.5,-6,769.5
13.2685455134435,508,1023,515,-765.5,-3.5,769
13.2707051074398,511,1021,510,-766,0.5,765.5
13.2728647014361,513,1020,507,-766.5,3,763.5
13.2750242954325,511,1023,512,-767,-0.5,767.5
13.2771838894288,513,1023,510,-768,1.5,766.5
13.2793434834251,510,1022,512,-766,-1,767
13.2815030774214,511,1022,511,-766.5,0,766.5
13.2836626714178,510,1021,511,-765.5,-0.5,766
13.2858222654141,512,1020,508,-766,2,764
13.2879818594104,513,1022,509,-767.5,2,765.5
13.2901414534068,514,1019,505,-766.5,4.5,762
13.2923010474031,511,1023,512,-767,-0.5,767.5
13.2944606413994,507,1022,515,-764.5,-4,768.5
13.2966202353957,504,1021,517,-762.5,-6.5,769
13.2987798293921,504,1023,519,-763.5,-7.5,771
13.3009394233884,506,1021,515,-763.5,-4.5,768
13.3030990173847,510,1022,512,-766,-1,767
13.3052586113811,506,1021,515,-763.5,-4.5,768
13.3074182053774,504,1022,518,-763,-7,770
13.3095777993737,502,1022,520,-762,-9,771
13.31173739337,500,1021,521,-760.5,-10.5,771
13.3138969873664,497,1021,524,-759,-13.5,772.5
13.3160565813627,496,1021,525,-758.5,-14.5,773
13.318216175359,494,1022,528,-758,-17,775
13.3203757693554,493,1020,527,-756.5,-17,773.5
13.3225353633517,495,1020,525,-757.5,-15,772.5
13.324694957348,495,1021,526,-758,-15.5,773.5
13.3268545513443,493,1021,528,-757,-17.5,774.5
13.3290141453407,492,1022,530,-757,-19,776
13.331173739337,486,1022,536,-754,-25,779
13.3333333333333,483,1021,538,-752,-27.5,779.5
13.3354929273297,483,1022,539,-752.5,-28,780.5
13.337652521326,488,1019,531,-753.5,-21.5,775
13.3398121153223,490,1022,532,-756,-21,777
13.3419717093186,491,1019,528,-755,-18.5,773.5
13.344131303315,493,1019,526,-756,-16.5,772.5
13.3462908973113,493,1023,530,-758,-18.5,776.5
13.3484504913076,496,1019,523,-757.5,-13.5,771
13.350610085304,496,1021,525,-758.5,-14.5,773
13.3527696793003,494,1021,527,-757.5,-16.5,774
13.3549292732966,490,1021,531,-755.5,-20.5,776
13.3570888672929,492,1022,530,-757,-19,776
13.3592484612893,492,1020,528,-756,-18,774
13.3614080552856,488,1021,533,-754.5,-22.5,777
13.3635676492819,486,1023,537,-754.5,-25.5,780
13.3657272432783,483,1021,538,-752,-27.5,779.5
13.3678868372746,485,1022,537,-753.5,-26,779.5
13.3700464312709,488,1021,533,-754.5,-22.5,777
13.3722060252672,491,1022,531,-756.5,-20,776.5
13.3743656192636,491,1021,530,-756,-19.5,775.5
13.3765252132599,490,1021,531,-755.5,-20.5,776
13.3786848072562,488,1022,534,-755,-23,778
13.3808444012526,488,1021,533,-754.5,-22.5,777
13.3830039952489,488,1021,533,-754.5,-22.5,777
13.3851635892452,486,1023,537,-754.5,-25.5,780
13.3873231832416,487,1021,534,-754,-23.5,777.5
13.3894827772379,489,1022,533,-755.5,-22,777.5
13.3916423712342,492,1020,528,-756,-18,774
13.3938019652305,496,1020,524,-758,-14,772
13.3959615592269,505,1021,516,-763,-5.5,768.5
13.3981211532232,515,1022,507,-768.5,4,764.5
13.4002807472195,529,1022,493,-775.5,18,757.5
13.4024403412159,551,1021,470,-786,40.5,745.5
13.4045999352122,571,1022,451,-796.5,60,736.5
13.4067595292085,592,1021,429,-806.5,81.5,725
13.4089191232048,611,1022,411,-816.5,100,716.5
13.4110787172012,632,1021,389,-826.5,121.5,705
13.4132383111975,652,1020,368,-836,142,694
13.4153979051938,654,1021,367,-837.5,143.5,694
13.4175574991902,646,1021,375,-833.5,135.5,698
13.4197170931865,626,1022,396,-824,115,709
13.4218766871828,601,1021,420,-811,90.5,720.5
13.4240362811791,576,1020,444,-798,66,732
13.4261958751755,554,1021,467,-787.5,43.5,744
13.4283554691718,529,1023,494,-776,17.5,758.5
13.4305150631681,505,1021,516,-763,-5.5,768.5
13.4326746571645,487,1020,533,-753.5,-23,776.5
13.4348342511608,482,1021,539,-751.5,-28.5,780
13.4369938451571,481,1022,541,-751.5,-30,781.5
13.4391534391534,480,1022,542,-751,-31,782
13.4413130331498,478,1022,544,-750,-33,783
13.4434726271461,481,1020,539,-750.5,-29,779.5
13.4456322211424,491,1022,531,-756.5,-20,776.5
13.4477918151388,496,1023,527,-759.5,-15.5,775
13.4499514091351,501,1023,522,-762,-10.5,772.5
13.4521110031314,500,1022,522,-761,-11,772
13.4542705971277,496,1023,527,-759.5,-15.5,775
13.4564301911241,491,1021,530,-756,-19.5,775.5
13.4585897851204,486,1021,535,-753.5,-24.5,778
13.4607493791167,487,1021,534,-754,-23.5,777.5
13.4629089731131,487,1022,535,-754.5,-24,778.5
13.4650685671094,488,1021,533,-754.5,-22.5,777
13.4672281611057,492,1022,530,-757,-19,776
13.469387755102,496,1020,524,-758,-14,772
13.4715473490984,496,1022,526,-759,-15,774
13.4737069430947,495,1022,527,-758.5,-16,774.5
13.475866537091,494,1020,526,-757,-16,773
13.4780261310874,489,1022,533,-755.5,-22,777.5
13.4801857250837,487,1021,534,-754,-23.5,777.5
13.48234531908,490,1023,533,-756.5,-21.5,778
13.4845049130763,488,1023,535,-755.5,-23.5,779
13.4866645070727,492,1021,529,-756.5,-18.5,775
13.488824101069,496,1023,527,-759.5,-15.5,775
13.4909836950653,493,1021,528,-757,-17.5,774.5
13.4931432890617,491,1021,530,-756,-19.5,775.5
13.495302883058,488,1022,534,-755,-23,778
13.4974624770543,488,1021,533,-754.5,-22.5,777
13.4996220710506,486,1022,536,-754,-25,779
13.501781665047,492,1023,531,-757.5,-19.5,777
13.5039412590433,494,1022,528,-758,-17,775
13.5061008530396,493,1021,528,-757,-17.5,774.5
13.508260447036,492,1021,529,-756.5,-18.5,775
13.5104200410323,495,1020,525,-757.5,-15,772.5
13.5125796350286,496,1022,526,-759,-15,774
13.5147392290249,498,1022,524,-760,-13,773
13.5168988230213,500,1022,522,-761,-11,772
13.5190584170176,500,1020,520,-760,-10,770
13.5212180110139,501,1023,522,-762,-10.5,772.5
13.5233776050103,499,1021,522,-760,-11.5,771.5
13.5255371990066,502,1022,520,-762,-9,771
13.5276967930029,497,1023,526,-760,-14.5,774.5
13.5298563869992,496,1021,525,-758.5,-14.5,773
13.5320159809956,490,1021,531,-755.5,-20.5,776
13.5341755749919,487,1021,534,-754,-23.5,777.5
13.5363351689882,487,1022,535,-754.5,-24,778.5
13.5384947629846,496,1022,526,-759,-15,774
13.5406543569809,504,1022,518,-763,-7,770
13.5428139509772,509,1021,512,-765,-1.5,766.5
13.5449735449735,512,1022,510,-767,1,766
13.5471331389699,513,1023,510,-768,1.5,766.5
13.5492927329662,515,1021,506,-768,4.5,763.5
13.5514523269625,511,1021,510,-766,0.5,765.5
13.5536119209589,506,1021,515,-763.5,-4.5,768
13.5557715149552,506,1021,515,-763.5,-4.5,768
13.5579311089515,506,1020,514,-763,-4,767
13.5600907029478,508,1023,515,-765.5,-3.5,769
13.5622502969442,511,1021,510,-766,0.5,765.5
13.5644098909405,515,1022,507,-768.5,4,764.5
13.5665694849368,516,1022,506,-769,5,764
13.5687290789332,520,1021,501,-770.5,9.5,761
13.5708886729295,524,1022,498,-773,13,760
13.5730482669258,525,1022,497,-773.5,14,759.5
13.5752078609221,524,1021,497,-772.5,13.5,759
13.5773674549185,519,1021,502,-770,8.5,761.5
13.5795270489148,516,1022,506,-769,5,764
13.5816866429111,514,1021,507,-767.5,3.5,764
13.5838462369075,514,1021,507,-767.5,3.5,764
13.5860058309038,516,1023,507,-769.5,4.5,765
13.5881654249001,518,1022,504,-770,7,763
13.5903250188964,521,1022,501,-771.5,10,761.5
13.5924846128928,521,1019,498,-770,11.5,758.5
13.5946442068891,519,1020,501,-769.5,9,760.5
13.5968038008854,520,1022,502,-771,9,762
13.5989633948818,523,1019,496,-771,13.5,757.5
13.6011229888781,522,1021,499,-771.5,11.5,760
13.6032825828744,523,1023,500,-773,11.5,761.5
13.6054421768707,526,1022,496,-774,15,759
13.6076017708671,526,1022,496,-774,15,759
13.6097613648634,528,1023,495,-775.5,16.5,759
13.6119209588597,528,1022,494,-775,17,758
13.6140805528561,528,1022,494,-775,17,758
13.6162401468524,532,1022,490,-777,21,756
13.6183997408487,532,1021,489,-776.5,21.5,755
13.620559334845,535,1022,487,-778.5,24,754.5
13.6227189288414,535,1021,486,-778,24.5,753.5
13.6248785228377,535,1022,487,-778.5,24,754.5
13.627038116834,533,1021,488,-777,22.5,754.5
13.6291977108304,531,1022,491,-776.5,20,756.5
13.6313573048267,529,1021,492,-775,18.5,756.5
13.633516898823,531,1021,490,-776,20.5,755.5
13.6356764928193,532,1021,489,-776.5,21.5,755
13.6378360868157,533,1021,488,-777,22.5,754.5
13.639995680812,535,1023,488,-779,23.5,755.5
13.6421552748083,534,1022,488,-778,23,755
13.6443148688047,535,1022,487,-778.5,24,754.5
13.646474462801,537,1021,484,-779,26.5,752.5
13.6486340567973,539,1021,482,-780,28.5,751.5
13.6507936507937,540,1021,481,-780.5,29.5,751
13.65295324479,540,1021,481,-780.5,29.5,751
13.6551128387863,537,1022,485,-779.5,26,753.5
13.6572724327826,538,1021,483,-779.5,27.5,752
13.659432026779,535,1021,486,-778,24.5,753.5
13.6615916207753,531,1021,490,-776,20.5,755.5
13.6637512147716,524,1022,498,-773,13,760
13.665910808768,520,1021,501,-770.5,9.5,761
13.6680704027643,518,1021,503,-769.5,7.5,762
13.6702299967606,517,1022,505,-769.5,6,763.5
13.6723895907569,517,1021,504,-769,6.5,762.5
13.6745491847533,519,1021,502,-770,8.5,761.5
13.6767087787496,521,1021,500,-771,10.5,760.5
13.6788683727459,515,1020,505,-767.5,5,762.5
13.6810279667423,513,1021,508,-767,2.5,764.5
13.6831875607386,514,1022,508,-768,3,765
13.6853471547349,511,1022,511,-766.5,0,766.5
13.6875067487312,503,1020,517,-761.5,-7,768.5
13.6896663427276,497,1023,526,-760,-14.5,774.5
13.6918259367239,489,1022,533,-755.5,-22,777.5
13.6939855307202,484,1022,538,-753,-27,780
13.6961451247166,483,1021,538,-752,-27.5,779.5
13.6983047187129,487,1022,535,-754.5,-24,778.5
13.7004643127092,494,1021,527,-757.5,-16.5,774
13.7026239067055,500,1021,521,-760.5,-10.5,771
13.7047835007019,503,1022,519,-762.5,-8,770.5
13.7069430946982,500,1021,521,-760.5,-10.5,771
13.7091026886945,496,1021,525,-758.5,-14.5,773
13.7112622826909,491,1022,531,-756.5,-20,776.5
13.7134218766872,493,1019,526,-756,-16.5,772.5
13.7155814706835,494,1021,527,-757.5,-16.5,774
13.7177410646798,494,1021,527,-757.5,-16.5,774
13.7199006586762,495,1021,526,-758,-15.5,773.5
13.7220602526725,495,1021,526,-758,-15.5,773.5
13.7242198466688,494,1022,528,-758,-17,775
13.7263794406652,493,1020,527,-756.5,-17,773.5
13.7285390346615,490,1023,533,-756.5,-21.5,778
13.7306986286578,495,1023,528,-759,-16.5,775.5
13.7328582226541,496,1022,526,-759,-15,774
13.7350178166505,496,1023,527,-759.5,-15.5,775
13.7371774106468,497,1020,523,-758.5,-13,771.5
13.7393370046431,494,1021,527,-757.5,-16.5,774
13.7414965986395,492,1022,530,-757,-19,776
13.7436561926358,490,1021,531,-755.5,-20.5,776
13.7458157866321,483,1022,539,-752.5,-28,780.5
13.7479753806284,479,1023,544,-751,-32.5,783.5
13.7501349746248,479,1023,544,-751,-32.5,783.5
13.7522945686211,483,1022,539,-752.5,-28,780.5
13.7544541626174,488,1021,533,-754.5,-22.5,777
13.7566137566138,493,1022,529,-757.5,-18,775.5
13.7587733506101,490,1022,532,-756,-21,777
13.7609329446064,491,1022,531,-756.5,-20,776.5
13.7630925386027,494,1021,527,-757.5,-16.5,774
13.7652521325991,497,1022,525,-759.5,-14,773.5
13.7674117265954,498,1022,524,-760,-13,773
13.7695713205917,499,1020,521,-759.5,-11,770.5
13.7717309145881,496,1022,526,-759,-15,774
13.7738905085844,491,1021,530,-756,-19.5,775.5
13.7760501025807,485,1022,537,-753.5,-26,779.5
13.778209696577,483,1021,538,-752,-27.5,779.5
13.7803692905734,482,1021,539,-751.5,-28.5,780
13.7825288845697,484,1022,538,-753,-27,780
13.784688478566,488,1022,534,-755,-23,778
13.7868480725624,493,1022,529,-757.5,-18,775.5
13.7890076665587,494,1021,527,-757.5,-16.5,774
13.791167260555,495,1021,526,-758,-15.5,773.5
13.7933268545513,495,1022,527,-758.5,-16,774.5
13.7954864485477,496,1022,526,-759,-15,774
13.797646042544,494,1021,527,-757.5,-16.5,774
13.7998056365403,490,1021,531,-755.5,-20.5,776
13.8019652305367,486,1023,537,-754.5,-25.5,780
13.804124824533,488,1021,533,-754.5,-22.5,777
13.8062844185293,492,1023,531,-757.5,-19.5,777
13.8084440125256,496,1022,526,-759,-15,774
13.810603606522,501,1022,521,-761.5,-10,771.5
13.8127632005183,503,1021,518,-762,-7.5,769.5
13.8149227945146,498,1022,524,-760,-13,773
13.817082388511,498,1022,524,-760,-13,773
13.8192419825073,496,1022,526,-759,-15,774
13.8214015765036,490,1021,531,-755.5,-20.5,776
13.8235611704999,490,1022,532,-756,-21,777
13.8257207644963,495,1021,526,-758,-15.5,773.5
13.8278803584926,499,1021,522,-760,-11.5,771.5
13.8300399524889,509,1022,513,-765.5,-2,767.5
13.8321995464853,511,1021,510,-766,0.5,765.5
13.8343591404816,510,1021,511,-765.5,-0.5,766
13.8365187344779,510,1019,509,-764.5,0.5,764
13.8386783284742,503,1023,520,-763,-8.5,771.5
13.8408379224706,497,1021,524,-759,-13.5,772.5
13.8429975164669,496,1021,525,-758.5,-14.5,773
13.8451571104632,495,1022,527,-758.5,-16,774.5
13.8473167044596,494,1023,529,-758.5,-17.5,776
13.8494762984559,494,1021,527,-757.5,-16.5,774
13.8516358924522,493,1021,528,-757,-17.5,774.5
13.8537954864485,493,1021,528,-757,-17.5,774.5
13.8559550804449,496,1021,525,-758.5,-14.5,773
13.8581146744412,499,1022,523,-760.5,-12,772.5
13.8602742684375,502,1022,520,-762,-9,771
13.8624338624339,504,1023,519,-763.5,-7.5,771
13.8645934564302,504,1020,516,-762,-6,768
13.8667530504265,506,1022,516,-764,-5,769
13.8689126444228,508,1021,513,-764.5,-2.5,767
13.8710722384192,509,1023,514,-766,-2.5,768.5
13.8732318324155,507,1021,514,-764,-3.5,767.5
13.8753914264118,505,1021,516,-763,-5.5,768.5
13.8775510204082,501,1021,520,-761,-9.5,770.5
13.8797106144045,503,1023,520,-763,-8.5,771.5
13.8818702084008,502,1021,519,-761.5,-8.5,770
13.8840298023971,502,1021,519,-761.5,-8.5,770
13.8861893963935,500,1022,522,-761,-11,772
13.8883489903898,499,1021,522,-760,-11.5,771.5
13.8905085843861,506,1021,515,-763.5,-4.5,768
13.8926681783825,515,1022,507,-768.5,4,764.5
13.8948277723788,523,1023,500,-773,11.5,761.5
13.8969873663751,526,1021,495,-773.5,15.5,758
13.8991469603714,524,1020,496,-772,14,758
13.9013065543678,518,1022,504,-770,7,763
13.9034661483641,518,1021,503,-769.5,7.5,762
13.9056257423604,515,1022,507,-768.5,4,764.5
13.9077853363568,516,1020,504,-768,6,762
13.9099449303531,514,1022,508,-768,3,765
13.9121045243494,513,1021,508,-767,2.5,764.5
13.9142641183458,511,1022,511,-766.5,0,766.5
13.9164237123421,511,1022,511,-766.5,0,766.5
13.9185833063384,511,1022,511,-766.5,0,766.5
13.9207429003347,507,1022,515,-764.5,-4,768.5
13.9229024943311,505,1022,517,-763.5,-6,769.5
13.9250620883274,501,1021,520,-761,-9.5,770.5
13.9272216823237,498,1022,524,-760,-13,773
13.9293812763201,501,1022,521,-761.5,-10,771.5
13.9315408703164,504,1021,517,-762.5,-6.5,769
13.9337004643127,509,1022,513,-765.5,-2,767.5
13.935860058309,511,1021,510,-766,0.5,765.5
13.9380196523054,509,1020,511,-764.5,-1,765.5
13.9401792463017,510,1022,512,-766,-1,767
13.942338840298,503,1022,519,-762.5,-8,770.5
13.9444984342944,497,1021,524,-759,-13.5,772.5
13.9466580282907,487,1022,535,-754.5,-24,778.5
13.948817622287,481,1023,542,-752,-30.5,782.5
13.9509772162833,482,1021,539,-751.5,-28.5,780
13.9531368102797,489,1020,531,-754.5,-21,775.5
13.955296404276,491,1020,529,-755.5,-19,774.5
13.9574559982723,489,1021,532,-755,-21.5,776.5
13.9596155922687,491,1022,531,-756.5,-20,776.5
13.961775186265,494,1021,527,-757.5,-16.5,774
13.9639347802613,494,1022,528,-758,-17,775
13.9660943742576,491,1021,530,-756,-19.5,775.5
13.968253968254,495,1020,525,-757.5,-15,772.5
13.9704135622503,497,1020,523,-758.5,-13,771.5
13.9725731562466,496,1021,525,-758.5,-14.5,773
13.974732750243,496,1022,526,-759,-15,774
13.9768923442393,498,1022,524,-760,-13,773
13.9790519382356,500,1023,523,-761.5,-11.5,773
13.9812115322319,500,1021,521,-760.5,-10.5,771
13.9833711262283,497,1023,526,-760,-14.5,774.5
13.9855307202246,492,1021,529,-756.5,-18.5,775
13.9876903142209,489,1021,532,-755,-21.5,776.5
13.9898499082173,486,1021,535,-753.5,-24.5,778
13.9920095022136,487,1020,533,-753.5,-23,776.5
13.9941690962099,484,1022,538,-753,-27,780
13.9963286902062,485,1022,537,-753.5,-26,779.5
13.9984882842026,486,1021,535,-753.5,-24.5,778
14.0006478781989,487,1021,534,-754,-23.5,777.5
14.0028074721952,483,1022,539,-752.5,-28,780.5
14.0049670661916,482,1022,540,-752,-29,781
14.0071266601879,485,1020,535,-752.5,-25,777.5
14.0092862541842,484,1021,537,-752.5,-26.5,779
14.0114458481805,486,1022,536,-754,-25,779
14.0136054421769,488,1021,533,-754.5,-22.5,777
14.0157650361732,488,1021,533,-754.5,-22.5,777
14.0179246301695,485,1023,538,-754,-26.5,780.5
14.0200842241659,486,1021,535,-753.5,-24.5,778
14.0222438181622,489,1022,533,-755.5,-22,777.5
14.0244034121585,497,1021,524,-759,-13.5,772.5
14.0265630061548,512,1022,510,-767,1,766
14.0287226001512,534,1020,486,-777,24,753
14.0308821941475,554,1022,468,-788,43,745
14.0330417881438,576,1021,445,-798.5,65.5,733
14.0352013821402,601,1021,420,-811,90.5,720.5
14.0373609761365,624,1020,396,-822,114,708
14.0395205701328,644,1020,376,-832,134,698
14.0416801641291,658,1023,365,-840.5,146.5,694
14.0438397581255,661,1020,359,-840.5,151,689.5
14.0459993521218,648,1022,374,-835,137,698
14.0481589461181,632,1023,391,-827.5,120.5,707
14.0503185401145,608,1020,412,-814,98,716
14.0524781341108,581,1023,442,-802,69.5,732.5
14.0546377281071,556,1022,466,-789,45,744
14.0567973221034,531,1023,492,-777,19.5,757.5
14.0589569160998,515,1022,507,-768.5,4,764.5
14.0611165100961,505,1022,517,-763.5,-6,769.5
14.0632761040924,501,1021,520,-761,-9.5,770.5
14.0654356980888,496,1022,526,-759,-15,774
14.0675952920851,494,1022,528,-758,-17,775
14.0697548860814,492,1019,527,-755.5,-17.5,773
14.0719144800777,488,1022,534,-755,-23,778
14.0740740740741,489,1021,532,-755,-21.5,776.5
14.0762336680704,493,1023,530,-758,-18.5,776.5
14.0783932620667,502,1022,520,-762,-9,771
14.0805528560631,505,1022,517,-763.5,-6,769.5
14.0827124500594,504,1021,517,-762.5,-6.5,769
14.0848720440557,496,1021,525,-758.5,-14.5,773
14.087031638052,495,1021,526,-758,-15.5,773.5
14.0891912320484,495,1020,525,-757.5,-15,772.5
14.0913508260447,494,1019,525,-756.5,-15.5,772
14.093510420041,487,1022,535,-754.5,-24,778.5
14.0956700140374,485,1023,538,-754,-26.5,780.5
14.0978296080337,484,1019,535,-751.5,-25.5,777
14.09998920203,478,1023,545,-750.5,-33.5,784
14.1021487960263,475,1021,546,-748,-35.5,783.5
14.1043083900227,478,1021,543,-749.5,-32.5,782
14.106467984019,484,1021,537,-752.5,-26.5,779
14.1086275780153,492,1021,529,-756.5,-18.5,775
14.1107871720117,497,1020,523,-758.5,-13,771.5
14.112946766008,500,1021,521,-760.5,-10.5,771
14.1151063600043,507,1020,513,-763.5,-3,766.5
14.1172659540006,508,1021,513,-764.5,-2.5,767
14.119425547997,504,1023,519,-763.5,-7.5,771
14.1215851419933,498,1022,524,-760,-13,773
14.1237447359896,494,1023,529,-758.5,-17.5,776
14.125904329986,493,1023,530,-758,-18.5,776.5
14.1280639239823,494,1022,528,-758,-17,775
14.1302235179786,493,1021,528,-757,-17.5,774.5
14.1323831119749,492,1021,529,-756.5,-18.5,775
14.1345427059713,496,1020,524,-758,-14,772
14.1367022999676,496,1022,526,-759,-15,774
14.1388618939639,495,1020,525,-757.5,-15,772.5
14.1410214879603,491,1023,532,-757,-20.5,777.5
14.1431810819566,492,1022,530,-757,-19,776
14.1453406759529,498,1022,524,-760,-13,773
14.1475002699492,502,1021,519,-761.5,-8.5,770
14.1496598639456,503,1022,519,-762.5,-8,770.5
14.1518194579419,506,1021,515,-763.5,-4.5,768
14.1539790519382,505,1022,517,-763.5,-6,769.5
14.1561386459346,505,1022,517,-763.5,-6,769.5
14.1582982399309,505,1021,516,-763,-5.5,768.5
14.1604578339272,500,1022,522,-761,-11,772
14.1626174279235,499,1021,522,-760,-11.5,771.5
14.1647770219199,499,1020,521,-759.5,-11,770.5
14.1669366159162,501,1021,520,-761,-9.5,770.5
14.1690962099125,501,1022,521,-761.5,-10,771.5
14.1712558039089,500,1021,521,-760.5,-10.5,771
14.1734153979052,502,1021,519,-761.5,-8.5,770
14.1755749919015,503,1022,519,-762.5,-8,770.5
14.1777345858979,502,1023,521,-762.5,-9.5,772
14.1798941798942,504,1020,516,-762,-6,768
14.1820537738905,506,1020,514,-763,-4,767
14.1842133678868,507,1021,514,-764,-3.5,767.5
14.1863729618832,508,1021,513,-764.5,-2.5,767
14.1885325558795,508,1021,513,-764.5,-2.5,767
14.1906921498758,504,1021,517,-762.5,-6.5,769
14.1928517438722,500,1022,522,-761,-11,772
14.1950113378685,498,1021,523,-759.5,-12.5,772
14.1971709318648,503,1021,518,-762,-7.5,769.5
14.1993305258611,514,1022,508,-768,3,765
14.2014901198575,519,1022,503,-770.5,8,762.5
14.2036497138538,522,1020,498,-771,12,759
14.2058093078501,523,1023,500,-773,11.5,761.5
14.2079689018465,528,1023,495,-775.5,16.5,759
14.2101284958428,528,1020,492,-774,18,756
14.2122880898391,524,1020,496,-772,14,758
14.2144476838354,520,1021,501,-770.5,9.5,761
14.2166072778318,515,1021,506,-768,4.5,763.5
14.2187668718281,514,1021,507,-767.5,3.5,764
14.2209264658244,514,1022,508,-768,3,765
14.2230860598208,518,1020,502,-769,8,761
14.2252456538171,521,1022,501,-771.5,10,761.5
14.2274052478134,524,1021,497,-772.5,13.5,759
14.2295648418097,524,1022,498,-773,13,760
14.2317244358061,528,1020,492,-774,18,756
14.2338840298024,529,1022,493,-775.5,18,757.5
14.2360436237987,529,1021,492,-775,18.5,756.5
14.2382032177951,528,1021,493,-774.5,17.5,757
14.2403628117914,528,1022,494,-775,17,758
14.2425224057877,528,1021,493,-774.5,17.5,757
14.244681999784,531,1020,489,-775.5,21,754.5
14.2468415937804,530,1023,493,-776.5,18.5,758
14.2490011877767,533,1023,490,-778,21.5,756.5
14.251160781773,530,1021,491,-775.5,19.5,756
14.2533203757694,529,1021,492,-775,18.5,756.5
14.2554799697657,526,1020,494,-773,16,757
14.257639563762,527,1022,495,-774.5,16,758.5
14.2597991577583,528,1022,494,-775,17,758
14.2619587517547,529,1021,492,-775,18.5,756.5
14.264118345751,530,1022,492,-776,19,757
14.2662779397473,529,1023,494,-776,17.5,758.5
14.2684375337437,535,1023,488,-779,23.5,755.5
14.27059712774,538,1021,483,-779.5,27.5,752
14.2727567217363,535,1021,486,-778,24.5,753.5
14.2749163157326,533,1022,489,-777.5,22,755.5
14.277075909729,533,1021,488,-777,22.5,754.5
14.2792355037253,534,1022,488,-778,23,755
14.2813950977216,530,1022,492,-776,19,757
14.283554691718,527,1021,494,-774,16.5,757.5
14.2857142857143,526,1021,495,-773.5,15.5,758
14.2878738797106,524,1021,497,-772.5,13.5,759
14.2900334737069,525,1020,495,-772.5,15,757.5
14.2921930677033,527,1020,493,-773.5,17,756.5
14.2943526616996,529,1022,493,-775.5,18,757.5
14.2965122556959,534,1021,487,-777.5,23.5,754
14.2986718496923,533,1022,489,-777.5,22,755.5
14.3008314436886,531,1021,490,-776,20.5,755.5
14.3029910376849,530,1021,491,-775.5,19.5,756
14.3051506316812,530,1021,491,-775.5,19.5,756
14.3073102256776,525,1022,497,-773.5,14,759.5
14.3094698196739,518,1022,504,-770,7,763
14.3116294136702,509,1022,513,-765.5,-2,767.5
14.3137890076666,504,1023,519,-763.5,-7.5,771
14.3159486016629,500,1022,522,-761,-11,772
14.3181081956592,501,1022,521,-761.5,-10,771.5
14.3202677896555,499,1020,521,-759.5,-11,770.5
14.3224273836519,499,1020,521,-759.5,-11,770.5
14.3245869776482,500,1021,521,-760.5,-10.5,771
14.3267465716445,500,1020,520,-760,-10,770
14.3289061656409,497,1020,523,-758.5,-13,771.5
14.3310657596372,494,1022,528,-758,-17,775
14.3332253536335,490,1021,531,-755.5,-20.5,776
14.3353849476298,489,1022,533,-755.5,-22,777.5
14.3375445416262,492,1022,530,-757,-19,776
14.3397041356225,496,1023,527,-759.5,-15.5,775
14.3418637296188,495,1022,527,-758.5,-16,774.5
14.3440233236152,497,1021,524,-759,-13.5,772.5
14.3461829176115,494,1019,525,-756.5,-15.5,772
14.3483425116078,490,1023,533,-756.5,-21.5,778
14.3505021056041,483,1022,539,-752.5,-28,780.5
14.3526616996005,478,1023,545,-750.5,-33.5,784
14.3548212935968,475,1023,548,-749,-36.5,785.5
14.3569808875931,478,1020,542,-749,-32,781
14.3591404815895,484,1021,537,-752.5,-26.5,779
14.3613000755858,489,1022,533,-755.5,-22,777.5
14.3634596695821,497,1023,526,-760,-14.5,774.5
14.3656192635784,499,1023,524,-761,-12.5,773.5
14.3677788575748,496,1021,525,-758.5,-14.5,773
14.3699384515711,494,1023,529,-758.5,-17.5,776
14.3720980455674,495,1022,527,-758.5,-16,774.5
14.3742576395638,490,1021,531,-755.5,-20.5,776
14.3764172335601,486,1022,536,-754,-25,779
14.3785768275564,484,1021,537,-752.5,-26.5,779
14.3807364215527,483,1020,537,-751.5,-27,778.5
14.3828960155491,486,1021,535,-753.5,-24.5,778
14.3850556095454,492,1022,530,-757,-19,776
14.3872152035417,492,1023,531,-757.5,-19.5,777
14.3893747975381,487,1023,536,-755,-24.5,779.5
14.3915343915344,486,1022,536,-754,-25,779
14.3936939855307,491,1021,530,-756,-19.5,775.5
14.395853579527,497,1023,526,-760,-14.5,774.5
14.3980131735234,496,1021,525,-758.5,-14.5,773
14.4001727675197,495,1020,525,-757.5,-15,772.5
14.402332361516,493,1022,529,-757.5,-18,775.5
14.4044919555124,493,1022,529,-757.5,-18,775.5
14.4066515495087,496,1022,526,-759,-15,774
14.408811143505,496,1022,526,-759,-15,774
14.4109707375013,491,1022,531,-756.5,-20,776.5
14.4131303314977,489,1022,533,-755.5,-22,777.5
14.415289925494,486,1021,535,-753.5,-24.5,778
14.4174495194903,486,1022,536,-754,-25,779
14.4196091134867,489,1020,531,-754.5,-21,775.5
14.421768707483,490,1021,531,-755.5,-20.5,776
14.4239283014793,492,1020,528,-756,-18,774
14.4260878954756,496,1022,526,-759,-15,774
14.428247489472,500,1020,520,-760,-10,770
14.4304070834683,502,1021,519,-761.5,-8.5,770
14.4325666774646,500,1021,521,-760.5,-10.5,771
14.434726271461,496,1021,525,-758.5,-14.5,773
14.4368858654573,494,1022,528,-758,-17,775
14.4390454594536,491,1022,531,-756.5,-20,776.5
14.44120505345,491,1021,530,-756,-19.5,775.5
14.4433646474463,489,1021,532,-755,-21.5,776.5
14.4455242414426,488,1021,533,-754.5,-22.5,777
14.4476838354389,489,1021,532,-755,-21.5,776.5
14.4498434294353,493,1022,529,-757.5,-18,775.5
14.4520030234316,493,1023,530,-758,-18.5,776.5
14.4541626174279,495,1020,525,-757.5,-15,772.5
14.4563222114243,496,1021,525,-758.5,-14.5,773
14.4584818054206,499,1023,524,-761,-12.5,773.5
14.4606413994169,502,1022,520,-762,-9,771
14.4628009934132,503,1021,518,-762,-7.5,769.5
14.4649605874096,500,1021,521,-760.5,-10.5,771
14.4671201814059,497,1023,526,-760,-14.5,774.5
14.4692797754022,495,1023,528,-759,-16.5,775.5
14.4714393693986,491,1021,530,-756,-19.5,775.5
14.4735989633949,490,1022,532,-756,-21,777
14.4757585573912,491,1023,532,-757,-20.5,777.5
14.4779181513875,493,1022,529,-757.5,-18,775.5
14.4800777453839,497,1021,524,-759,-13.5,772.5
14.4822373393802,501,1021,520,-761,-9.5,770.5
14.4843969333765,503,1023,520,-763,-8.5,771.5
14.4865565273729,506,1021,515,-763.5,-4.5,768
14.4887161213692,506,1023,517,-764.5,-5.5,770
14.4908757153655,507,1020,513,-763.5,-3,766.5
14.4930353093618,506,1022,516,-764,-5,769
14.4951949033582,500,1023,523,-761.5,-11.5,773
14.4973544973545,498,1021,523,-759.5,-12.5,772
14.4995140913508,497,1022,525,-759.5,-14,773.5
14.5016736853472,499,1023,524,-761,-12.5,773.5
14.5038332793435,500,1020,520,-760,-10,770
14.5059928733398,502,1020,518,-761,-8,769
14.5081524673361,502,1023,521,-762.5,-9.5,772
14.5103120613325,499,1023,524,-761,-12.5,773.5
14.5124716553288,499,1022,523,-760.5,-12,772.5
14.5146312493251,499,1023,524,-761,-12.5,773.5
14.5167908433215,503,1020,517,-761.5,-7,768.5
14.5189504373178,505,1021,516,-763,-5.5,768.5
14.5211100313141,507,1022,515,-764.5,-4,768.5
14.5232696253104,510,1023,513,-766.5,-1.5,768
14.5254292193068,509,1022,513,-765.5,-2,767.5
14.5275888133031,509,1022,513,-765.5,-2,767.5
14.5297484072994,508,1022,514,-765,-3,768
14.5319080012958,506,1021,515,-763.5,-4.5,768
14.5340675952921,502,1022,520,-762,-9,771
14.5362271892884,504,1021,517,-762.5,-6.5,769
14.5383867832847,504,1021,517,-762.5,-6.5,769
14.5405463772811,505,1021,516,-763,-5.5,768.5
14.5427059712774,508,1021,513,-764.5,-2.5,767
14.5448655652737,509,1021,512,-765,-1.5,766.5
14.5470251592701,512,1022,510,-767,1,766
14.5491847532664,517,1021,504,-769,6.5,762.5
14.5513443472627,517,1023,506,-770,5.5,764.5
14.553503941259,517,1020,503,-768.5,7,761.5
14.5556635352554,515,1023,508,-769,3.5,765.5
14.5578231292517,510,1023,513,-766.5,-1.5,768
14.559982723248,506,1021,515,-763.5,-4.5,768
14.5621423172444,502,1021,519,-761.5,-8.5,770
14.5643019112407,504,1020,516,-762,-6,768
14.566461505237,506,1021,515,-763.5,-4.5,768
14.5686210992333,512,1023,511,-767.5,0.5,767
14.5707806932297,513,1021,508,-767,2.5,764.5
14.572940287226,509,1022,513,-765.5,-2,767.5
14.5750998812223,507,1021,514,-764,-3.5,767.5
14.5772594752187,504,1021,517,-762.5,-6.5,769
14.579419069215,504,1021,517,-762.5,-6.5,769
14.5815786632113,501,1021,520,-761,-9.5,770.5
14.5837382572076,499,1021,522,-760,-11.5,771.5
14.585897851204,497,1020,523,-758.5,-13,771.5
14.5880574452003,496,1021,525,-758.5,-14.5,773
14.5902170391966,496,1021,525,-758.5,-14.5,773
14.592376633193,491,1023,532,-757,-20.5,777.5
14.5945362271893,489,1019,530,-754,-20.5,774.5
14.5966958211856,484,1021,537,-752.5,-26.5,779
14.5988554151819,483,1021,538,-752,-27.5,779.5
14.6010150091783,485,1023,538,-754,-26.5,780.5
14.6031746031746,485,1022,537,-753.5,-26,779.5
14.6053341971709,483,1023,540,-753,-28.5,781.5
14.6074937911673,481,1021,540,-751,-29.5,780.5
14.6096533851636,479,1023,544,-751,-32.5,783.5
14.6118129791599,476,1021,545,-748.5,-34.5,783
14.6139725731562,477,1020,543,-748.5,-33,781.5
14.6161321671526,482,1022,540,-752,-29,781
14.6182917611489,488,1020,532,-754,-22,776
14.6204513551452,487,1022,535,-754.5,-24,778.5
14.6226109491416,485,1021,536,-753,-25.5,778.5
14.6247705431379,489,1023,534,-756,-22.5,778.5
14.6269301371342,492,1021,529,-756.5,-18.5,775
14.6290897311305,492,1021,529,-756.5,-18.5,775
14.6312493251269,490,1022,532,-756,-21,777
14.6334089191232,491,1021,530,-756,-19.5,775.5
14.6355685131195,493,1022,529,-757.5,-18,775.5
14.6377281071159,493,1020,527,-756.5,-17,773.5
14.6398877011122,491,1021,530,-756,-19.5,775.5
14.6420472951085,491,1022,531,-756.5,-20,776.5
14.6442068891048,488,1022,534,-755,-23,778
14.6463664831012,485,1021,536,-753,-25.5,778.5
14.6485260770975,484,1021,537,-752.5,-26.5,779
14.6506856710938,485,1021,536,-753,-25.5,778.5
14.6528452650902,487,1023,536,-755,-24.5,779.5
14.6550048590865,485,1021,536,-753,-25.5,778.5
14.6571644530828,484,1022,538,-753,-27,780
14.6593240470791,489,1022,533,-755.5,-22,777.5
14.6614836410755,494,1021,527,-757.5,-16.5,774
14.6636432350718,507,1022,515,-764.5,-4,768.5
14.6658028290681,524,1023,499,-773.5,12.5,761
14.6679624230645,545,1021,476,-783,34.5,748.5
14.6701220170608,571,1020,449,-795.5,61,734.5
14.6722816110571,600,1020,420,-810,90,720
14.6744412050534,621,1021,400,-821,110.5,710.5
14.6766007990498,631,1023,392,-827,119.5,707.5
14.6787603930461,637,1022,385,-829.5,126,703.5
14.6809199870424,638,1021,383,-829.5,127.5,702
14.6830795810388,634,1021,387,-827.5,123.5,704
14.6852391750351,624,1022,398,-823,113,710
14.6873987690314,610,1021,411,-815.5,99.5,716
14.6895583630277,590,1023,433,-806.5,78.5,728
14.6917179570241,568,1022,454,-795,57,738
14.6938775510204,547,1021,474,-784,36.5,747.5
14.6960371450167,527,1023,496,-775,15.5,759.5
14.6981967390131,506,1022,516,-764,-5,769
14.7003563330094,495,1022,527,-758.5,-16,774.5
14.7025159270057,486,1021,535,-753.5,-24.5,778
14.7046755210021,483,1021,538,-752,-27.5,779.5
14.7068351149984,482,1020,538,-751,-28,779
14.7089947089947,484,1021,537,-752.5,-26.5,779
14.711154302991,487,1022,535,-754.5,-24,778.5
14.7133138969874,489,1021,532,-755,-21.5,776.5
14.7154734909837,493,1023,530,-758,-18.5,776.5
14.71763308498,498,1022,524,-760,-13,773
14.7197926789764,498,1022,524,-760,-13,773
14.7219522729727,496,1020,524,-758,-14,772
14.724111866969,493,1022,529,-757.5,-18,775.5
14.7262714609653,489,1022,533,-755.5,-22,777.5
14.7284310549617,488,1020,532,-754,-22,776
14.730590648958,486,1023,537,-754.5,-25.5,780
14.7327502429543,489,1022,533,-755.5,-22,777.5
14.7349098369507,491,1022,531,-756.5,-20,776.5
14.737069430947,493,1021,528,-757,-17.5,774.5
14.7392290249433,492,1023,531,-757.5,-19.5,777
14.7413886189396,484,1022,538,-753,-27,780
14.743548212936,482,1023,541,-752.5,-29.5,782
14.7457078069323,484,1021,537,-752.5,-26.5,779
14.7478674009286,491,1022,531,-756.5,-20,776.5
14.750026994925,496,1022,526,-759,-15,774
14.7521865889213,499,1021,522,-760,-11.5,771.5
14.7543461829176,496,1022,526,-759,-15,774
14.7565057769139,498,1021,523,-759.5,-12.5,772
14.7586653709103,499,1020,521,-759.5,-11,770.5
14.7608249649066,497,1020,523,-758.5,-13,771.5
14.7629845589029,495,1022,527,-758.5,-16,774.5
14.7651441528993,492,1021,529,-756.5,-18.5,775
14.7673037468956,488,1022,534,-755,-23,778
14.7694633408919,486,1023,537,-754.5,-25.5,780
14.7716229348882,486,1021,535,-753.5,-24.5,778
14.7737825288846,490,1022,532,-756,-21,777
14.7759421228809,490,1021,531,-755.5,-20.5,776
14.7781017168772,489,1021,532,-755,-21.5,776.5
14.7802613108736,485,1022,537,-753.5,-26,779.5
14.7824209048699,486,1022,536,-754,-25,779
14.7845804988662,489,1020,531,-754.5,-21,775.5
14.7867400928625,492,1023,531,-757.5,-19.5,777
14.7888996868589,494,1022,528,-758,-17,775
14.7910592808552,494,1021,527,-757.5,-16.5,774
14.7932188748515,493,1020,527,-756.5,-17,773.5
14.7953784688479,497,1022,525,-759.5,-14,773.5
14.7975380628442,500,1023,523,-761.5,-11.5,773
14.7996976568405,504,1022,518,-763,-7,770
14.8018572508368,503,1022,519,-762.5,-8,770.5
14.8040168448332,503,1022,519,-762.5,-8,770.5
14.8061764388295,502,1023,521,-762.5,-9.5,772
14.8083360328258,501,1022,521,-761.5,-10,771.5
14.8104956268222,501,1020,519,-760.5,-9,769.5
14.8126552208185,502,1020,518,-761,-8,769
14.8148148148148,503,1022,519,-762.5,-8,770.5
14.8169744088111,503,1021,518,-762,-7.5,769.5
14.8191340028075,505,1021,516,-763,-5.5,768.5
14.8212935968038,509,1022,513,-765.5,-2,767.5
14.8234531908001,508,1020,512,-764,-2,766
14.8256127847965,509,1021,512,-765,-1.5,766.5
14.8277723787928,509,1021,512,-765,-1.5,766.5
14.8299319727891,514,1019,505,-766.5,4.5,762
14.8320915667854,516,1019,503,-767.5,6.5,761
14.8342511607818,518,1019,501,-768.5,8.5,760
14.8364107547781,518,1020,502,-769,8,761
14.8385703487744,513,1021,508,-767,2.5,764.5
14.8407299427708,513,1020,507,-766.5,3,763.5
14.8428895367671,512,1023,511,-767.5,0.5,767
14.8450491307634,510,1022,512,-766,-1,767
14.8472087247597,512,1023,511,-767.5,0.5,767
14.8493683187561,514,1023,509,-768.5,2.5,766
14.8515279127524,513,1020,507,-766.5,3,763.5
14.8536875067487,513,1020,507,-766.5,3,763.5
14.8558471007451,512,1021,509,-766.5,1.5,765
14.8580066947414,514,1021,507,-767.5,3.5,764
14.8601662887377,518,1020,502,-769,8,761
14.862325882734,519,1021,502,-770,8.5,761.5
14.8644854767304,519,1022,503,-770.5,8,762.5
14.8666450707267,515,1022,507,-768.5,4,764.5
14.868804664723,512,1021,509,-766.5,1.5,765
14.8709642587194,514,1020,506,-767,4,763
14.8731238527157,517,1022,505,-769.5,6,763.5
14.875283446712,524,1021,497,-772.5,13.5,759
14.8774430407083,532,1023,491,-777.5,20.5,757
14.8796026347047,535,1022,487,-778.5,24,754.5
14.881762228701,535,1021,486,-778,24.5,753.5
14.8839218226973,531,1021,490,-776,20.5,755.5
14.8860814166937,531,1020,489,-775.5,21,754.5
14.88824101069,533,1022,489,-777.5,22,755.5
14.8904006046863,533,1021,488,-777,22.5,754.5
14.8925601986826,533,1020,487,-776.5,23,753.5
14.894719792679,530,1023,493,-776.5,18.5,758
14.8968793866753,530,1023,493,-776.5,18.5,758
14.8990389806716,522,1021,499,-771.5,11.5,760
14.901198574668,515,1022,507,-768.5,4,764.5
14.9033581686643,519,1023,504,-771,7.5,763.5
14.9055177626606,530,1022,492,-776,19,757
14.9076773566569,541,1022,481,-781.5,30,751.5
14.9098369506533,546,1022,476,-784,35,749
14.9119965446496,552,1020,468,-786,42,744
14.9141561386459,552,1020,468,-786,42,744
14.9163157326423,543,1021,478,-782,32.5,749.5
14.9184753266386,534,1021,487,-777.5,23.5,754
14.9206349206349,529,1022,493,-775.5,18,757.5
14.9227945146312,527,1021,494,-774,16.5,757.5
14.9249541086276,524,1022,498,-773,13,760
14.9271137026239,521,1021,500,-771,10.5,760.5
14.9292732966202,515,1021,506,-768,4.5,763.5
14.9314328906166,513,1020,507,-766.5,3,763.5
14.9335924846129,513,1022,509,-767.5,2,765.5
14.9357520786092,513,1021,508,-767,2.5,764.5
14.9379116726055,514,1020,506,-767,4,763
14.9400712666019,517,1022,505,-769.5,6,763.5
14.9422308605982,520,1022,502,-771,9,762
14.9443904545945,521,1022,501,-771.5,10,761.5
14.9465500485909,523,1021,498,-772,12.5,759.5
14.9487096425872,522,1022,500,-772,11,761
14.9508692365835,513,1021,508,-767,2.5,764.5
14.9530288305798,509,1021,512,-765,-1.5,766.5
14.9551884245762,503,1022,519,-762.5,-8,770.5
14.9573480185725,500,1020,520,-760,-10,770
14.9595076125688,498,1023,525,-760.5,-13.5,774
14.9616672065652,497,1022,525,-759.5,-14,773.5
14.9638268005615,499,1021,522,-760,-11.5,771.5
14.9659863945578,501,1023,522,-762,-10.5,772.5
14.9681459885542,502,1022,520,-762,-9,771
14.9703055825505,497,1023,526,-760,-14.5,774.5
14.9724651765468,496,1023,527,-759.5,-15.5,775
14.9746247705431,495,1023,528,-759,-16.5,775.5
14.9767843645395,495,1022,527,-758.5,-16,774.5
14.9789439585358,494,1021,527,-757.5,-16.5,774
14.9811035525321,493,1021,528,-757,-17.5,774.5
14.9832631465285,495,1020,525,-757.5,-15,772.5
14.9854227405248,494,1021,527,-757.5,-16.5,774
14.9875823345211,495,1020,525,-757.5,-15,772.5
14.9897419285174,492,1023,531,-757.5,-19.5,777
14.9919015225138,489,1021,532,-755,-21.5,776.5
14.9940611165101,485,1023,538,-754,-26.5,780.5
14.9962207105064,481,1023,542,-752,-30.5,782.5
14.9983803045028,481,1022,541,-751.5,-30,781.5
15.0005398984991,484,1021,537,-752.5,-26.5,779
15.0026994924954,484,1022,538,-753,-27,780
15.0048590864917,484,1021,537,-752.5,-26.5,779
15.0070186804881,484,1021,537,-752.5,-26.5,779
15.0091782744844,481,1022,541,-751.5,-30,781.5
15.0113378684807,481,1022,541,-751.5,-30,781.5
15.0134974624771,475,1022,547,-748.5,-36,784.5
15.0156570564734,476,1022,546,-749,-35,784
15.0178166504697,481,1022,541,-751.5,-30,781.5
15.019976244466,485,1022,537,-753.5,-26,779.5
15.0221358384624,490,1022,532,-756,-21,777
15.0242954324587,492,1022,530,-757,-19,776
15.026455026455,491,1023,532,-757,-20.5,777.5
15.0286146204514,490,1021,531,-755.5,-20.5,776
15.0307742144477,489,1021,532,-755,-21.5,776.5
15.032933808444,494,1020,526,-757,-16,773
15.0350934024403,490,1021,531,-755.5,-20.5,776
15.0372529964367,486,1022,536,-754,-25,779
15.039412590433,483,1021,538,-752,-27.5,779.5
15.0415721844293,488,1022,534,-755,-23,778
15.0437317784257,489,1022,533,-755.5,-22,777.5
15.045891372422,490,1021,531,-755.5,-20.5,776
15.0480509664183,495,1021,526,-758,-15.5,773.5
15.0502105604146,495,1020,525,-757.5,-15,772.5
15.052370154411,497,1022,525,-759.5,-14,773.5
15.0545297484073,499,1021,522,-760,-11.5,771.5
15.0566893424036,501,1023,522,-762,-10.5,772.5
15.0588489364,502,1021,519,-761.5,-8.5,770
15.0610085303963,502,1019,517,-760.5,-7.5,768
15.0631681243926,507,1021,514,-764,-3.5,767.5
15.0653277183889,506,1022,516,-764,-5,769
15.0674873123853,502,1023,521,-762.5,-9.5,772
15.0696469063816,500,1021,521,-760.5,-10.5,771
15.0718065003779,495,1022,527,-758.5,-16,774.5
15.0739660943743,488,1022,534,-755,-23,778
15.0761256883706,485,1021,536,-753,-25.5,778.5
15.0782852823669,480,1019,539,-749.5,-29.5,779
15.0804448763632,479,1022,543,-750.5,-32,782.5
15.0826044703596,480,1023,543,-751.5,-31.5,783
15.0847640643559,487,1023,536,-755,-24.5,779.5
15.0869236583522,494,1022,528,-758,-17,775
15.0890832523486,496,1023,527,-759.5,-15.5,775
15.0912428463449,502,1020,518,-761,-8,769
15.0934024403412,500,1022,522,-761,-11,772
15.0955620343375,498,1023,525,-760.5,-13.5,774
15.0977216283339,499,1021,522,-760,-11.5,771.5
15.0998812223302,504,1020,516,-762,-6,768
15.1020408163265,504,1022,518,-763,-7,770
15.1042004103229,506,1022,516,-764,-5,769
15.1063600043192,503,1021,518,-762,-7.5,769.5
15.1085195983155,499,1022,523,-760.5,-12,772.5
15.1106791923118,492,1021,529,-756.5,-18.5,775
15.1128387863082,489,1021,532,-755,-21.5,776.5
15.1149983803045,489,1022,533,-755.5,-22,777.5
15.1171579743008,487,1022,535,-754.5,-24,778.5
15.1193175682972,488,1021,533,-754.5,-22.5,777
15.1214771622935,491,1023,532,-757,-20.5,777.5
15.1236367562898,496,1022,526,-759,-15,774
15.1257963502861,499,1023,524,-761,-12.5,773.5
15.1279559442825,503,1022,519,-762.5,-8,770.5
15.1301155382788,504,1021,517,-762.5,-6.5,769
15.1322751322751,507,1021,514,-764,-3.5,767.5
15.1344347262715,507,1021,514,-764,-3.5,767.5
15.1365943202678,502,1021,519,-761.5,-8.5,770
15.1387539142641,502,1022,520,-762,-9,771
15.1409135082604,502,1020,518,-761,-8,769
15.1430731022568,506,1021,515,-763.5,-4.5,768
15.1452326962531,507,1021,514,-764,-3.5,767.5
15.1473922902494,503,1022,519,-762.5,-8,770.5
15.1495518842458,498,1022,524,-760,-13,773
15.1517114782421,501,1022,521,-761.5,-10,771.5
15.1538710722384,499,1022,523,-760.5,-12,772.5
15.1560306662347,499,1022,523,-760.5,-12,772.5
15.1581902602311,500,1023,523,-761.5,-11.5,773
15.1603498542274,501,1021,520,-761,-9.5,770.5
15.1625094482237,505,1020,515,-762.5,-5,767.5
15.1646690422201,505,1022,517,-763.5,-6,769.5
15.1668286362164,502,1022,520,-762,-9,771
15.1689882302127,500,1022,522,-761,-11,772
15.171147824209,497,1021,524,-759,-13.5,772.5
15.1733074182054,495,1021,526,-758,-15.5,773.5
15.1754670122017,497,1022,525,-759.5,-14,773.5
15.177626606198,500,1021,521,-760.5,-10.5,771
15.1797862001944,501,1021,520,-761,-9.5,770.5
15.1819457941907,505,1022,517,-763.5,-6,769.5
15.184105388187,513,1022,509,-767.5,2,765.5
15.1862649821833,521,1021,500,-771,10.5,760.5
15.1884245761797,527,1021,494,-774,16.5,757.5
15.190584170176,526,1022,496,-774,15,759
15.1927437641723,526,1021,495,-773.5,15.5,758
15.1949033581687,523,1021,498,-772,12.5,759.5
15.197062952165,519,1022,503,-770.5,8,762.5
15.1992225461613,512,1021,509,-766.5,1.5,765
15.2013821401576,506,1021,515,-763.5,-4.5,768
15.203541734154,501,1021,520,-761,-9.5,770.5
15.2057013281503,500,1021,521,-760.5,-10.5,771
15.2078609221466,506,1020,514,-763,-4,767
15.210020516143,511,1021,510,-766,0.5,765.5
15.2121801101393,515,1023,508,-769,3.5,765.5
15.2143397041356,516,1021,505,-768.5,5.5,763
15.216499298132,518,1022,504,-770,7,763
15.2186588921283,515,1021,506,-768,4.5,763.5
15.2208184861246,516,1023,507,-769.5,4.5,765
15.2229780801209,513,1022,509,-767.5,2,765.5
15.2251376741173,509,1021,512,-765,-1.5,766.5
15.2272972681136,503,1021,518,-762,-7.5,769.5
15.2294568621099,493,1022,529,-757.5,-18,775.5
15.2316164561063,487,1021,534,-754,-23.5,777.5
15.2337760501026,488,1021,533,-754.5,-22.5,777
15.2359356440989,491,1022,531,-756.5,-20,776.5
15.2380952380952,498,1020,522,-759,-12,771
15.2402548320916,501,1021,520,-761,-9.5,770.5
15.2424144260879,500,1023,523,-761.5,-11.5,773
15.2445740200842,497,1021,524,-759,-13.5,772.5
15.2467336140806,493,1021,528,-757,-17.5,774.5
15.2488932080769,491,1023,532,-757,-20.5,777.5
15.2510528020732,492,1021,529,-756.5,-18.5,775
15.2532123960695,492,1022,530,-757,-19,776
15.2553719900659,494,1021,527,-757.5,-16.5,774
15.2575315840622,494,1021,527,-757.5,-16.5,774
15.2596911780585,497,1021,524,-759,-13.5,772.5
15.2618507720549,495,1021,526,-758,-15.5,773.5
15.2640103660512,498,1021,523,-759.5,-12.5,772
15.2661699600475,502,1020,518,-761,-8,769
15.2683295540438,501,1021,520,-761,-9.5,770.5
15.2704891480402,498,1022,524,-760,-13,773
15.2726487420365,492,1020,528,-756,-18,774
15.2748083360328,485,1021,536,-753,-25.5,778.5
15.2769679300292,481,1022,541,-751.5,-30,781.5
15.2791275240255,480,1021,541,-750.5,-30.5,781
15.2812871180218,484,1021,537,-752.5,-26.5,779
15.2834467120181,489,1022,533,-755.5,-22,777.5
15.2856063060145,492,1022,530,-757,-19,776
15.2877659000108,492,1021,529,-756.5,-18.5,775
15.2899254940071,489,1021,532,-755,-21.5,776.5
15.2920850880035,489,1023,534,-756,-22.5,778.5
15.2942446819998,487,1022,535,-754.5,-24,778.5
15.2964042759961,481,1021,540,-751,-29.5,780.5
15.2985638699924,477,1022,545,-749.5,-34,783.5
15.3007234639888,475,1022,547,-748.5,-36,784.5
15.3028830579851,471,1021,550,-746,-39.5,785.5
15.3050426519814,471,1022,551,-746.5,-40,786.5
15.3072022459778,477,1021,544,-749,-33.5,782.5
15.3093618399741,484,1021,537,-752.5,-26.5,779
15.3115214339704,494,1022,528,-758,-17,775
15.3136810279667,504,1022,518,-763,-7,770
15.3158406219631,520,1021,501,-770.5,9.5,761
15.3180002159594,539,1020,481,-779.5,29,750.5
15.3201598099557,558,1022,464,-790,47,743
15.3223194039521,576,1021,445,-798.5,65.5,733
15.3244789979484,590,1022,432,-806,79,727
15.3266385919447,609,1023,414,-816,97.5,718.5
15.328798185941,629,1022,393,-825.5,118,707.5
15.3309577799374,645,1023,378,-834,133.5,700.5
15.3331173739337,651,1021,370,-836,140.5,695.5
15.33527696793,645,1022,377,-833.5,134,699.5
15.3374365619264,632,1023,391,-827.5,120.5,707
15.3395961559227,612,1023,411,-817.5,100.5,717
15.341755749919,584,1021,437,-802.5,73.5,729
15.3439153439153,556,1021,465,-788.5,45.5,743
15.3460749379117,538,1021,483,-779.5,27.5,752
15.348234531908,519,1021,502,-770,8.5,761.5
15.3503941259043,504,1021,517,-762.5,-6.5,769
15.3525537199007,494,1019,525,-756.5,-15.5,772
15.354713313897,490,1022,532,-756,-21,777
15.3568729078933,491,1021,530,-756,-19.5,775.5
15.3590325018896,494,1023,529,-758.5,-17.5,776
15.361192095886,495,1022,527,-758.5,-16,774.5
15.3633516898823,497,1022,525,-759.5,-14,773.5
15.3655112838786,497,1021,524,-759,-13.5,772.5
15.367670877875,498,1021,523,-759.5,-12.5,772
15.3698304718713,496,1022,526,-759,-15,774
15.3719900658676,496,1020,524,-758,-14,772
15.3741496598639,493,1022,529,-757.5,-18,775.5
15.3763092538603,495,1020,525,-757.5,-15,772.5
15.3784688478566,495,1020,525,-757.5,-15,772.5
15.3806284418529,492,1021,529,-756.5,-18.5,775
15.3827880358493,489,1022,533,-755.5,-22,777.5
15.3849476298456,484,1021,537,-752.5,-26.5,779
15.3871072238419,482,1020,538,-751,-28,779
15.3892668178382,482,1021,539,-751.5,-28.5,780
15.3914264118346,481,1021,540,-751,-29.5,780.5
15.3935860058309,480,1022,542,-751,-31,782
15.3957455998272,479,1022,543,-750.5,-32,782.5
15.3979051938236,480,1021,541,-750.5,-30.5,781
15.4000647878199,481,1022,541,-751.5,-30,781.5
15.4022243818162,487,1022,535,-754.5,-24,778.5
15.4043839758125,489,1023,534,-756,-22.5,778.5
15.4065435698089,492,1021,529,-756.5,-18.5,775
15.4087031638052,495,1021,526,-758,-15.5,773.5
15.4108627578015,498,1022,524,-760,-13,773
15.4130223517979,500,1021,521,-760.5,-10.5,771
15.4151819457942,497,1022,525,-759.5,-14,773.5
15.4173415397905,496,1020,524,-758,-14,772
15.4195011337868,491,1023,532,-757,-20.5,777.5
15.4216607277832,489,1021,532,-755,-21.5,776.5
15.4238203217795,484,1022,538,-753,-27,780
15.4259799157758,485,1021,536,-753,-25.5,778.5
15.4281395097722,486,1019,533,-752.5,-23.5,776
15.4302991037685,485,1021,536,-753,-25.5,778.5
15.4324586977648,487,1020,533,-753.5,-23,776.5
15.4346182917611,491,1020,529,-755.5,-19,774.5
15.4367778857575,493,1023,530,-758,-18.5,776.5
15.4389374797538,489,1021,532,-755,-21.5,776.5
15.4410970737501,490,1022,532,-756,-21,777
15.4432566677465,497,1021,524,-759,-13.5,772.5
15.4454162617428,499,1020,521,-759.5,-11,770.5
15.4475758557391,494,1021,527,-757.5,-16.5,774
15.4497354497354,490,1021,531,-755.5,-20.5,776
15.4518950437318,489,1022,533,-755.5,-22,777.5
15.4540546377281,492,1020,528,-756,-18,774
15.4562142317244,491,1023,532,-757,-20.5,777.5
15.4583738257208,494,1022,528,-758,-17,775
15.4605334197171,496,1022,526,-759,-15,774
15.4626930137134,503,1021,518,-762,-7.5,769.5
15.4648526077097,506,1020,514,-763,-4,767
15.4670122017061,506,1021,515,-763.5,-4.5,768
15.4691717957024,505,1021,516,-763,-5.5,768.5
15.4713313896987,498,1023,525,-760.5,-13.5,774
15.4734909836951,496,1023,527,-759.5,-15.5,775
15.4756505776914,498,1022,524,-760,-13,773
15.4778101716877,500,1020,520,-760,-10,770
15.4799697656841,502,1021,519,-761.5,-8.5,770
15.4821293596804,504,1023,519,-763.5,-7.5,771
15.4842889536767,504,1023,519,-763.5,-7.5,771
15.486448547673,505,1022,517,-763.5,-6,769.5
15.4886081416694,505,1020,515,-762.5,-5,767.5
15.4907677356657,502,1022,520,-762,-9,771
15.492927329662,506,1022,516,-764,-5,769
15.4950869236584,510,1021,511,-765.5,-0.5,766
15.4972465176547,510,1022,512,-766,-1,767
15.499406111651,511,1023,512,-767,-0.5,767.5
15.5015657056473,514,1022,508,-768,3,765
15.5037252996437,514,1023,509,-768.5,2.5,766
15.50588489364,514,1022,508,-768,3,765
15.5080444876363,516,1022,506,-769,5,764
15.5102040816327,520,1021,501,-770.5,9.5,761
15.512363675629,519,1022,503,-770.5,8,762.5
15.5145232696253,521,1023,502,-772,9.5,762.5
15.5166828636216,519,1023,504,-771,7.5,763.5
15.518842457618,519,1021,502,-770,8.5,761.5
15.5210020516143,520,1023,503,-771.5,8.5,763
15.5231616456106,519,1022,503,-770.5,8,762.5
15.525321239607,519,1023,504,-771,7.5,763.5
15.5274808336033,519,1022,503,-770.5,8,762.5
15.5296404275996,521,1021,500,-771,10.5,760.5
15.5318000215959,518,1020,502,-769,8,761
15.5339596155923,512,1023,511,-767.5,0.5,767
15.5361192095886,510,1021,511,-765.5,-0.5,766
15.5382788035849,513,1021,508,-767,2.5,764.5
15.5404383975813,522,1022,500,-772,11,761
15.5425979915776,532,1021,489,-776.5,21.5,755
15.5447575855739,538,1023,485,-780.5,26.5,754
15.5469171795702,544,1021,477,-782.5,33.5,749
15.5490767735666,543,1022,479,-782.5,32,750.5
15.5512363675629,541,1021,480,-781,30.5,750.5
15.5533959615592,538,1021,483,-779.5,27.5,752
15.5555555555556,533,1020,487,-776.5,23,753.5
15.5577151495519,533,1021,488,-777,22.5,754.5
15.5598747435482,534,1021,487,-777.5,23.5,754
15.5620343375445,534,1021,487,-777.5,23.5,754
15.5641939315409,534,1021,487,-777.5,23.5,754
15.5663535255372,533,1022,489,-777.5,22,755.5
15.5685131195335,529,1023,494,-776,17.5,758.5
15.5706727135299,531,1020,489,-775.5,21,754.5
15.5728323075262,528,1021,493,-774.5,17.5,757
15.5749919015225,526,1021,495,-773.5,15.5,758
15.5771514955188,526,1019,493,-772.5,16.5,756
15.5793110895152,525,1021,496,-773,14.5,758.5
15.5814706835115,522,1022,500,-772,11,761
15.5836302775078,522,1021,499,-771.5,11.5,760
15.5857898715042,520,1023,503,-771.5,8.5,763
15.5879494655005,522,1019,497,-770.5,12.5,758
15.5901090594968,522,1021,499,-771.5,11.5,760
15.5922686534931,523,1021,498,-772,12.5,759.5
15.5944282474895,522,1021,499,-771.5,11.5,760
15.5965878414858,519,1023,504,-771,7.5,763.5
15.5987474354821,515,1021,506,-768,4.5,763.5
15.6009070294785,512,1022,510,-767,1,766
15.6030666234748,509,1021,512,-765,-1.5,766.5
15.6052262174711,510,1020,510,-765,0,765
15.6073858114674,507,1022,515,-764.5,-4,768.5
15.6095454054638,509,1021,512,-765,-1.5,766.5
15.6117049994601,504,1022,518,-763,-7,770
15.6138645934564,498,1021,523,-759.5,-12.5,772
15.6160241874528,493,1022,529,-757.5,-18,775.5
15.6181837814491,493,1021,528,-757,-17.5,774.5
15.6203433754454,490,1021,531,-755.5,-20.5,776
15.6225029694417,484,1022,538,-753,-27,780
15.6246625634381,480,1021,541,-750.5,-30.5,781
15.6268221574344,484,1022,538,-753,-27,780
15.6289817514307,490,1021,531,-755.5,-20.5,776
15.6311413454271,495,1022,527,-758.5,-16,774.5
15.6333009394234,499,1022,523,-760.5,-12,772.5
15.6354605334197,500,1021,521,-760.5,-10.5,771
15.637620127416,498,1022,524,-760,-13,773
15.6397797214124,493,1022,529,-757.5,-18,775.5
15.6419393154087,489,1021,532,-755,-21.5,776.5
15.644098909405,489,1021,532,-755,-21.5,776.5
15.6462585034014,493,1020,527,-756.5,-17,773.5
15.6484180973977,494,1021,527,-757.5,-16.5,774
15.650577691394,496,1023,527,-759.5,-15.5,775
15.6527372853903,495,1022,527,-758.5,-16,774.5
15.6548968793867,495,1022,527,-758.5,-16,774.5
15.657056473383,494,1023,529,-758.5,-17.5,776
15.6592160673793,495,1020,525,-757.5,-15,772.5
15.6613756613757,494,1022,528,-758,-17,775
15.663535255372,490,1023,533,-756.5,-21.5,778
15.6656948493683,486,1021,535,-753.5,-24.5,778
15.6678544433646,478,1022,544,-750,-33,783
15.670014037361,471,1021,550,-746,-39.5,785.5
15.6721736313573,467,1021,554,-744,-43.5,787.5
15.6743332253536,473,1022,549,-747.5,-38,785.5
15.67649281935,485,1021,536,-753,-25.5,778.5
15.6786524133463,493,1020,527,-756.5,-17,773.5
15.6808120073426,499,1020,521,-759.5,-11,770.5
15.6829716013389,505,1021,516,-763,-5.5,768.5
15.6851311953353,509,1021,512,-765,-1.5,766.5
15.6872907893316,508,1022,514,-765,-3,768
15.6894503833279,502,1021,519,-761.5,-8.5,770
15.6916099773243,496,1021,525,-758.5,-14.5,773
15.6937695713206,488,1020,532,-754,-22,776
15.6959291653169,481,1021,540,-751,-29.5,780.5
15.6980887593132,479,1020,541,-749.5,-31,780.5
15.7002483533096,482,1022,540,-752,-29,781
15.7024079473059,484,1022,538,-753,-27,780
15.7045675413022,486,1019,533,-752.5,-23.5,776
15.7067271352986,487,1019,532,-753,-22.5,775.5
15.7088867292949,493,1022,529,-757.5,-18,775.5
15.7110463232912,495,1023,528,-759,-16.5,775.5
15.7132059172875,497,1021,524,-759,-13.5,772.5
15.7153655112839,497,1022,525,-759.5,-14,773.5
15.7175251052802,496,1023,527,-759.5,-15.5,775
15.7196846992765,497,1021,524,-759,-13.5,772.5
15.7218442932729,499,1022,523,-760.5,-12,772.5
15.7240038872692,501,1023,522,-762,-10.5,772.5
15.7261634812655,502,1021,519,-761.5,-8.5,770
15.7283230752618,503,1022,519,-762.5,-8,770.5
15.7304826692582,502,1021,519,-761.5,-8.5,770
15.7326422632545,501,1023,522,-762,-10.5,772.5
15.7348018572508,501,1022,521,-761.5,-10,771.5
15.7369614512472,502,1020,518,-761,-8,769
15.7391210452435,499,1022,523,-760.5,-12,772.5
15.7412806392398,501,1022,521,-761.5,-10,771.5
15.7434402332362,496,1020,524,-758,-14,772
15.7455998272325,488,1021,533,-754.5,-22.5,777
15.7477594212288,485,1022,537,-753.5,-26,779.5
15.7499190152251,492,1022,530,-757,-19,776
15.7520786092215,499,1021,522,-760,-11.5,771.5
15.7542382032178,503,1021,518,-762,-7.5,769.5
15.7563977972141,504,1023,519,-763.5,-7.5,771
15.7585573912105,499,1022,523,-760.5,-12,772.5
15.7607169852068,495,1021,526,-758,-15.5,773.5
15.7628765792031,493,1022,529,-757.5,-18,775.5
15.7650361731994,490,1022,532,-756,-21,777
15.7671957671958,489,1021,532,-755,-21.5,776.5
15.7693553611921,491,1020,529,-755.5,-19,774.5
15.7715149551884,495,1023,528,-759,-16.5,775.5
15.7736745491848,503,1022,519,-762.5,-8,770.5
15.7758341431811,504,1022,518,-763,-7,770
15.7779937371774,500,1023,523,-761.5,-11.5,773
15.7801533311737,496,1022,526,-759,-15,774
15.7823129251701,495,1022,527,-758.5,-16,774.5
15.7844725191664,491,1021,530,-756,-19.5,775.5
15.7866321131627,490,1023,533,-756.5,-21.5,778
15.7887917071591,489,1022,533,-755.5,-22,777.5
15.7909513011554,491,1021,530,-756,-19.5,775.5
15.7931108951517,495,1021,526,-758,-15.5,773.5
15.795270489148,500,1022,522,-761,-11,772
15.7974300831444,504,1022,518,-763,-7,770
15.7995896771407,507,1023,516,-765,-4.5,769.5
15.801749271137,507,1022,515,-764.5,-4,768.5
15.8039088651334,505,1022,517,-763.5,-6,769.5
15.8060684591297,506,1022,516,-764,-5,769
15.808228053126,503,1021,518,-762,-7.5,769.5
15.8103876471223,500,1021,521,-760.5,-10.5,771
15.8125472411187,500,1021,521,-760.5,-10.5,771
15.814706835115,502,1019,517,-760.5,-7.5,768
15.8168664291113,502,1023,521,-762.5,-9.5,772
15.8190260231077,505,1021,516,-763,-5.5,768.5
15.821185617104,505,1023,518,-764,-6.5,770.5
15.8233452111003,506,1021,515,-763.5,-4.5,768
15.8255048050966,507,1022,515,-764.5,-4,768.5
15.827664399093,503,1023,520,-763,-8.5,771.5
15.8298239930893,504,1020,516,-762,-6,768
15.8319835870856,504,1022,518,-763,-7,770
15.834143181082,509,1023,514,-766,-2.5,768.5
15.8363027750783,513,1021,508,-767,2.5,764.5
15.8384623690746,517,1023,506,-770,5.5,764.5
15.8406219630709,521,1021,500,-771,10.5,760.5
15.8427815570673,522,1021,499,-771.5,11.5,760
15.8449411510636,523,1022,499,-772.5,12,760.5
15.8471007450599,521,1022,501,-771.5,10,761.5
15.8492603390563,517,1021,504,-769,6.5,762.5
15.8514199330526,516,1022,506,-769,5,764
15.8535795270489,517,1021,504,-769,6.5,762.5
15.8557391210452,516,1022,506,-769,5,764
15.8578987150416,516,1023,507,-769.5,4.5,765
15.8600583090379,515,1022,507,-768.5,4,764.5
15.8622179030342,512,1021,509,-766.5,1.5,765
15.8643774970306,512,1021,509,-766.5,1.5,765
15.8665370910269,509,1020,511,-764.5,-1,765.5
15.8686966850232,506,1020,514,-763,-4,767
15.8708562790195,503,1022,519,-762.5,-8,770.5
15.8730158730159,504,1021,517,-762.5,-6.5,769
15.8751754670122,507,1021,514,-764,-3.5,767.5
15.8773350610085,511,1021,510,-766,0.5,765.5
15.8794946550049,509,1022,513,-765.5,-2,767.5
15.8816542490012,506,1021,515,-763.5,-4.5,768
15.8838138429975,504,1023,519,-763.5,-7.5,771
15.8859734369938,498,1022,524,-760,-13,773
15.8881330309902,493,1021,528,-757,-17.5,774.5
15.8902926249865,492,1023,531,-757.5,-19.5,777
15.8924522189828,495,1021,526,-758,-15.5,773.5
15.8946118129792,493,1022,529,-757.5,-18,775.5
15.8967714069755,488,1022,534,-755,-23,778
15.8989310009718,483,1023,540,-753,-28.5,781.5
15.9010905949681,482,1023,541,-752.5,-29.5,782
15.9032501889645,488,1022,534,-755,-23,778
15.9054097829608,492,1021,529,-756.5,-18.5,775
15.9075693769571,496,1022,526,-759,-15,774
15.9097289709535,496,1021,525,-758.5,-14.5,773
15.9118885649498,496,1021,525,-758.5,-14.5,773
15.9140481589461,497,1022,525,-759.5,-14,773.5
15.9162077529424,496,1021,525,-758.5,-14.5,773
15.9183673469388,491,1021,530,-756,-19.5,775.5
15.9205269409351,490,1022,532,-756,-21,777
15.9226865349314,494,1021,527,-757.5,-16.5,774
15.9248461289278,496,1022,526,-759,-15,774
15.9270057229241,497,1022,525,-759.5,-14,773.5
15.9291653169204,496,1021,525,-758.5,-14.5,773
15.9313249109167,496,1021,525,-758.5,-14.5,773
15.9334845049131,495,1023,528,-759,-16.5,775.5
15.9356440989094,490,1022,532,-756,-21,777
15.9378036929057,490,1021,531,-755.5,-20.5,776
15.9399632869021,491,1021,530,-756,-19.5,775.5
15.9421228808984,490,1022,532,-756,-21,777
15.9442824748947,487,1022,535,-754.5,-24,778.5
15.946442068891,486,1021,535,-753.5,-24.5,778
15.9486016628874,482,1023,541,-752.5,-29.5,782
15.9507612568837,486,1022,536,-754,-25,779
15.95292085088,491,1021,530,-756,-19.5,775.5
15.9550804448764,494,1022,528,-758,-17,775
15.9572400388727,496,1022,526,-759,-15,774
15.959399632869,498,1021,523,-759.5,-12.5,772
15.9615592268653,498,1022,524,-760,-13,773
15.9637188208617,495,1021,526,-758,-15.5,773.5
15.965878414858,498,1023,525,-760.5,-13.5,774
15.9680380088543,508,1020,512,-764,-2,766
15.9701976028507,519,1023,504,-771,7.5,763.5
15.972357196847,540,1023,483,-781.5,28.5,753
15.9745167908433,562,1020,458,-791,52,739
15.9766763848396,585,1023,438,-804,73.5,730.5
15.978835978836,609,1018,409,-813.5,100,713.5
15.9809955728323,630,1020,390,-825,120,705
15.9831551668286,646,1020,374,-833,136,697
15.985314760825,652,1022,370,-837,141,696
15.9874743548213,647,1023,376,-835,135.5,699.5
15.9896339488176,633,1021,388,-827,122.5,704.5
15.9917935428139,612,1021,409,-816.5,101.5,715
15.9939531368103,587,1020,433,-803.5,77,726.5
15.9961127308066,560,1021,461,-790.5,49.5,741
15.9982723248029,534,1021,487,-777.5,23.5,754
16.0004319187993,513,1021,508,-767,2.5,764.5
16.0025915127956,495,1022,527,-758.5,-16,774.5
16.0047511067919,487,1021,534,-754,-23.5,777.5
16.0069107007883,485,1022,537,-753.5,-26,779.5
16.0090702947846,486,1022,536,-754,-25,779
16.0112298887809,489,1022,533,-755.5,-22,777.5
16.0133894827772,495,1022,527,-758.5,-16,774.5
16.0155490767736,499,1021,522,-760,-11.5,771.5
16.0177086707699,501,1022,521,-761.5,-10,771.5
16.0198682647662,499,1021,522,-760,-11.5,771.5
16.0220278587626,496,1021,525,-758.5,-14.5,773
16.0241874527589,491,1022,531,-756.5,-20,776.5
16.0263470467552,489,1020,531,-754.5,-21,775.5
16.0285066407515,492,1021,529,-756.5,-18.5,775
16.0306662347479,495,1021,526,-758,-15.5,773.5
16.0328258287442,496,1022,526,-759,-15,774
16.0349854227405,496,1021,525,-758.5,-14.5,773
16.0371450167369,495,1021,526,-758,-15.5,773.5
16.0393046107332,493,1023,530,-758,-18.5,776.5
16.0414642047295,487,1022,535,-754.5,-24,778.5
16.0436237987258,487,1021,534,-754,-23.5,777.5
16.0457833927222,488,1023,535,-755.5,-23.5,779
16.0479429867185,490,1023,533,-756.5,-21.5,778
16.0501025807148,490,1021,531,-755.5,-20.5,776
16.0522621747112,489,1022,533,-755.5,-22,777.5
16.0544217687075,488,1021,533,-754.5,-22.5,777
16.0565813627038,489,1022,533,-755.5,-22,777.5
16.0587409567001,488,1022,534,-755,-23,778
16.0609005506965,489,1023,534,-756,-22.5,778.5
16.0630601446928,492,1020,528,-756,-18,774
16.0652197386891,495,1022,527,-758.5,-16,774.5
16.0673793326855,501,1021,520,-761,-9.5,770.5
16.0695389266818,502,1021,519,-761.5,-8.5,770
16.0716985206781,498,1019,521,-758.5,-11.5,770
16.0738581146744,494,1022,528,-758,-17,775
16.0760177086708,498,1023,525,-760.5,-13.5,774
16.0781773026671,502,1023,521,-762.5,-9.5,772
16.0803368966634,503,1023,520,-763,-8.5,771.5
16.0824964906598,498,1021,523,-759.5,-12.5,772
16.0846560846561,494,1023,529,-758.5,-17.5,776
16.0868156786524,493,1023,530,-758,-18.5,776.5
16.0889752726487,496,1022,526,-759,-15,774
16.0911348666451,502,1023,521,-762.5,-9.5,772
16.0932944606414,503,1020,517,-761.5,-7,768.5
16.0954540546377,501,1023,522,-762,-10.5,772.5
16.0976136486341,499,1023,524,-761,-12.5,773.5
16.0997732426304,497,1022,525,-759.5,-14,773.5
16.1019328366267,497,1022,525,-759.5,-14,773.5
16.104092430623,498,1021,523,-759.5,-12.5,772
16.1062520246194,502,1023,521,-762.5,-9.5,772
16.1084116186157,507,1022,515,-764.5,-4,768.5
16.110571212612,509,1021,512,-765,-1.5,766.5
16.1127308066084,508,1020,512,-764,-2,766
16.1148904006047,504,1022,518,-763,-7,770
16.117049994601,503,1020,517,-761.5,-7,768.5
16.1192095885973,503,1023,520,-763,-8.5,771.5
16.1213691825937,500,1021,521,-760.5,-10.5,771
16.12352877659,500,1021,521,-760.5,-10.5,771
16.1256883705863,502,1023,521,-762.5,-9.5,772
16.1278479645827,506,1020,514,-763,-4,767
16.130007558579,508,1022,514,-765,-3,768
16.1321671525753,512,1023,511,-767.5,0.5,767
16.1343267465716,512,1021,509,-766.5,1.5,765
16.136486340568,512,1022,510,-767,1,766
16.1386459345643,514,1022,508,-768,3,765
16.1408055285606,512,1021,509,-766.5,1.5,765
16.142965122557,509,1022,513,-765.5,-2,767.5
16.1451247165533,510,1023,513,-766.5,-1.5,768
16.1472843105496,508,1022,514,-765,-3,768
16.1494439045459,506,1023,517,-764.5,-5.5,770
16.1516034985423,507,1020,513,-763.5,-3,766.5
16.1537630925386,512,1022,510,-767,1,766
16.1559226865349,521,1020,499,-770.5,11,759.5
16.1580822805313,524,1022,498,-773,13,760
16.1602418745276,527,1021,494,-774,16.5,757.5
16.1624014685239,529,1022,493,-775.5,18,757.5
16.1645610625202,531,1021,490,-776,20.5,755.5
16.1667206565166,531,1023,492,-777,19.5,757.5
16.1688802505129,526,1019,493,-772.5,16.5,756
16.1710398445092,527,1020,493,-773.5,17,756.5
16.1731994385056,527,1021,494,-774,16.5,757.5
16.1753590325019,527,1023,496,-775,15.5,759.5
16.1775186264982,526,1022,496,-774,15,759
16.1796782204945,527,1021,494,-774,16.5,757.5
16.1818378144909,524,1019,495,-771.5,14.5,757
16.1839974084872,522,1023,501,-772.5,10.5,762
16.1861570024835,524,1020,496,-772,14,758
16.1883165964799,526,1021,495,-773.5,15.5,758
16.1904761904762,531,1022,491,-776.5,20,756.5
16.1926357844725,537,1022,485,-779.5,26,753.5
16.1947953784688,541,1020,479,-780.5,31,749.5
16.1969549724652,542,1022,480,-782,31,751
16.1991145664615,543,1023,480,-783,31.5,751.5
16.2012741604578,540,1021,481,-780.5,29.5,751
16.2034337544542,538,1022,484,-780,27,753
16.2055933484505,535,1022,487,-778.5,24,754.5
16.2077529424468,533,1021,488,-777,22.5,754.5
16.2099125364431,533,1022,489,-777.5,22,755.5
16.2120721304395,532,1022,490,-777,21,756
16.2142317244358,533,1023,490,-778,21.5,756.5
16.2163913184321,534,1021,487,-777.5,23.5,754
16.2185509124285,531,1022,491,-776.5,20,756.5
16.2207105064248,526,1022,496,-774,15,759
16.2228701004211,524,1022,498,-773,13,760
16.2250296944175,527,1022,495,-774.5,16,758.5
16.2271892884138,526,1023,497,-774.5,14.5,760
16.2293488824101,528,1021,493,-774.5,17.5,757
16.2315084764064,526,1021,495,-773.5,15.5,758
16.2336680704028,527,1023,496,-775,15.5,759.5
16.2358276643991,529,1020,491,-774.5,19,755.5
16.2379872583954,530,1023,493,-776.5,18.5,758
16.2401468523917,530,1023,493,-776.5,18.5,758
16.2423064463881,531,1023,492,-777,19.5,757.5
16.2444660403844,528,1022,494,-775,17,758
16.2466256343807,526,1021,495,-773.5,15.5,758
16.2487852283771,521,1023,502,-772,9.5,762.5
16.2509448223734,516,1019,503,-767.5,6.5,761
16.2531044163697,512,1022,510,-767,1,766
16.2552640103661,511,1021,510,-766,0.5,765.5
16.2574236043624,512,1022,510,-767,1,766
16.2595831983587,512,1022,510,-767,1,766
16.261742792355,511,1022,511,-766.5,0,766.5
16.2639023863514,509,1021,512,-765,-1.5,766.5
16.2660619803477,504,1021,517,-762.5,-6.5,769
16.268221574344,500,1023,523,-761.5,-11.5,773
16.2703811683404,494,1020,526,-757,-16,773
16.2725407623367,488,1021,533,-754.5,-22.5,777
16.274700356333,483,1023,540,-753,-28.5,781.5
16.2768599503293,482,1021,539,-751.5,-28.5,780
16.2790195443257,485,1022,537,-753.5,-26,779.5
16.281179138322,490,1021,531,-755.5,-20.5,776
16.2833387323183,494,1021,527,-757.5,-16.5,774
16.2854983263147,494,1023,529,-758.5,-17.5,776
16.287657920311,494,1021,527,-757.5,-16.5,774
16.2898175143073,495,1023,528,-759,-16.5,775.5
16.2919771083036,493,1022,529,-757.5,-18,775.5
16.2941367023,491,1020,529,-755.5,-19,774.5
16.2962962962963,489,1021,532,-755,-21.5,776.5
16.2984558902926,483,1022,539,-752.5,-28,780.5
16.300615484289,478,1020,542,-749,-32,781
16.3027750782853,481,1022,541,-751.5,-30,781.5
16.3049346722816,483,1019,536,-751,-26.5,777.5
16.3070942662779,486,1022,536,-754,-25,779
16.3092538602743,488,1022,534,-755,-23,778
16.3114134542706,489,1021,532,-755,-21.5,776.5
16.3135730482669,487,1020,533,-753.5,-23,776.5
16.3157326422633,484,1022,538,-753,-27,780
16.3178922362596,481,1022,541,-751.5,-30,781.5
16.3200518302559,480,1021,541,-750.5,-30.5,781
16.3222114242522,483,1019,536,-751,-26.5,777.5
16.3243710182486,488,1020,532,-754,-22,776
16.3265306122449,494,1020,526,-757,-16,773
16.3286902062412,496,1023,527,-759.5,-15.5,775
16.3308498002376,498,1022,524,-760,-13,773
16.3330093942339,496,1023,527,-759.5,-15.5,775
16.3351689882302,496,1020,524,-758,-14,772
16.3373285822265,495,1023,528,-759,-16.5,775.5
16.3394881762229,490,1020,530,-755,-20,775
16.3416477702192,484,1022,538,-753,-27,780
16.3438073642155,484,1022,538,-753,-27,780
16.3459669582119,483,1021,538,-752,-27.5,779.5
16.3481265522082,482,1022,540,-752,-29,781
16.3502861462045,485,1022,537,-753.5,-26,779.5
16.3524457402008,486,1021,535,-753.5,-24.5,778
16.3546053341972,487,1022,535,-754.5,-24,778.5
16.3567649281935,488,1023,535,-755.5,-23.5,779
16.3589245221898,487,1022,535,-754.5,-24,778.5
16.3610841161862,484,1022,538,-753,-27,780
16.3632437101825,486,1021,535,-753.5,-24.5,778
16.3654033041788,485,1022,537,-753.5,-26,779.5
16.3675628981751,491,1021,530,-756,-19.5,775.5
16.3697224921715,497,1021,524,-759,-13.5,772.5
16.3718820861678,501,1022,521,-761.5,-10,771.5
16.3740416801641,500,1022,522,-761,-11,772
16.3762012741605,498,1022,524,-760,-13,773
16.3783608681568,495,1022,527,-758.5,-16,774.5
16.3805204621531,492,1021,529,-756.5,-18.5,775
16.3826800561494,487,1020,533,-753.5,-23,776.5
16.3848396501458,481,1022,541,-751.5,-30,781.5
16.3869992441421,480,1023,543,-751.5,-31.5,783
16.3891588381384,482,1020,538,-751,-28,779
16.3913184321348,485,1023,538,-754,-26.5,780.5
16.3934780261311,495,1021,526,-758,-15.5,773.5
16.3956376201274,499,1020,521,-759.5,-11,770.5
16.3977972141237,501,1022,521,-761.5,-10,771.5
16.3999568081201,499,1022,523,-760.5,-12,772.5
16.4021164021164,499,1020,521,-759.5,-11,770.5
16.4042759961127,503,1021,518,-762,-7.5,769.5
16.4064355901091,505,1023,518,-764,-6.5,770.5
16.4085951841054,504,1021,517,-762.5,-6.5,769
16.4107547781017,499,1023,524,-761,-12.5,773.5
16.412914372098,499,1020,521,-759.5,-11,770.5
16.4150739660944,495,1023,528,-759,-16.5,775.5
16.4172335600907,494,1022,528,-758,-17,775
16.419393154087,498,1022,524,-760,-13,773
16.4215527480834,501,1021,520,-761,-9.5,770.5
16.4237123420797,501,1021,520,-761,-9.5,770.5
16.425871936076,504,1023,519,-763.5,-7.5,771
16.4280315300723,505,1021,516,-763,-5.5,768.5
16.4301911240687,503,1021,518,-762,-7.5,769.5
16.432350718065,501,1023,522,-762,-10.5,772.5
16.4345103120613,505,1022,517,-763.5,-6,769.5
16.4366699060577,502,1021,519,-761.5,-8.5,770
16.438829500054,496,1022,526,-759,-15,774
16.4409890940503,491,1023,532,-757,-20.5,777.5
16.4431486880466,494,1021,527,-757.5,-16.5,774
16.445308282043,495,1021,526,-758,-15.5,773.5
16.4474678760393,498,1021,523,-759.5,-12.5,772
16.4496274700356,503,1020,517,-761.5,-7,768.5
16.451787064032,505,1021,516,-763,-5.5,768.5
16.4539466580283,506,1021,515,-763.5,-4.5,768
16.4561062520246,505,1022,517,-763.5,-6,769.5
16.4582658460209,505,1021,516,-763,-5.5,768.5
16.4604254400173,504,1021,517,-762.5,-6.5,769
16.4625850340136,504,1022,518,-763,-7,770
16.4647446280099,510,1021,511,-765.5,-0.5,766
16.4669042220063,513,1020,507,-766.5,3,763.5
16.4690638160026,514,1023,509,-768.5,2.5,766
16.4712234099989,513,1021,508,-767,2.5,764.5
16.4733830039952,510,1022,512,-766,-1,767
16.4755425979916,506,1022,516,-764,-5,769
16.4777021919879,507,1021,514,-764,-3.5,767.5
16.4798617859842,505,1023,518,-764,-6.5,770.5
16.4820213799806,505,1021,516,-763,-5.5,768.5
16.4841809739769,506,1022,516,-764,-5,769
16.4863405679732,511,1022,511,-766.5,0,766.5
16.4885001619696,516,1021,505,-768.5,5.5,763
16.4906597559659,520,1021,501,-770.5,9.5,761
16.4928193499622,518,1021,503,-769.5,7.5,762
16.4949789439585,517,1020,503,-768.5,7,761.5
16.4971385379549,514,1021,507,-767.5,3.5,764
16.4992981319512,512,1023,511,-767.5,0.5,767
16.5014577259475,509,1020,511,-764.5,-1,765.5
16.5036173199438,507,1021,514,-764,-3.5,767.5
16.5057769139402,502,1022,520,-762,-9,771
16.5079365079365,497,1022,525,-759.5,-14,773.5
16.5100961019328,493,1022,529,-757.5,-18,775.5
16.5122556959292,494,1021,527,-757.5,-16.5,774
16.5144152899255,494,1022,528,-758,-17,775
16.5165748839218,492,1022,530,-757,-19,776
16.5187344779182,493,1023,530,-758,-18.5,776.5
16.5208940719145,495,1022,527,-758.5,-16,774.5
16.5230536659108,493,1020,527,-756.5,-17,773.5
16.5252132599071,491,1021,530,-756,-19.5,775.5
16.5273728539035,492,1022,530,-757,-19,776
16.5295324478998,495,1020,525,-757.5,-15,772.5
16.5316920418961,496,1021,525,-758.5,-14.5,773
16.5338516358925,496,1023,527,-759.5,-15.5,775
16.5360112298888,494,1021,527,-757.5,-16.5,774
16.5381708238851,492,1020,528,-756,-18,774
16.5403304178814,492,1021,529,-756.5,-18.5,775
16.5424900118778,494,1022,528,-758,-17,775
16.5446496058741,498,1022,524,-760,-13,773
16.5468091998704,498,1021,523,-759.5,-12.5,772
16.5489687938668,498,1021,523,-759.5,-12.5,772
16.5511283878631,495,1023,528,-759,-16.5,775.5
16.5532879818594,491,1022,531,-756.5,-20,776.5
16.5554475758557,487,1021,534,-754,-23.5,777.5
16.5576071698521,484,1021,537,-752.5,-26.5,779
16.5597667638484,481,1021,540,-751,-29.5,780.5
16.5619263578447,483,1022,539,-752.5,-28,780.5
16.5640859518411,478,1021,543,-749.5,-32.5,782
16.5662455458374,481,1021,540,-751,-29.5,780.5
16.5684051398337,486,1023,537,-754.5,-25.5,780
16.57056473383,488,1023,535,-755.5,-23.5,779
16.5727243278264,485,1021,536,-753,-25.5,778.5
16.5748839218227,482,1023,541,-752.5,-29.5,782
16.577043515819,484,1021,537,-752.5,-26.5,779
16.5792031098154,482,1023,541,-752.5,-29.5,782
16.5813627038117,481,1023,542,-752,-30.5,782.5
16.583522297808,478,1023,545,-750.5,-33.5,784
16.5856818918043,480,1021,541,-750.5,-30.5,781
16.5878414858007,478,1022,544,-750,-33,783
16.590001079797,482,1022,540,-752,-29,781
16.5921606737933,484,1022,538,-753,-27,780
16.5943202677897,487,1021,534,-754,-23.5,777.5
16.596479861786,497,1019,522,-758,-12.5,770.5
16.5986394557823,514,1022,508,-768,3,765
16.6007990497786,537,1021,484,-779,26.5,752.5
16.602958643775,563,1022,459,-792.5,52,740.5
16.6051182377713,589,1020,431,-804.5,79,725.5
16.6072778317676,614,1023,409,-818.5,102.5,716
16.609437425764,640,1023,383,-831.5,128.5,703
16.6115970197603,658,1022,364,-840,147,693
16.6137566137566,662,1021,359,-841.5,151.5,690
16.6159162077529,653,1022,369,-837.5,142,695.5
16.6180758017493,640,1022,382,-831,129,702
16.6202353957456,618,1021,403,-819.5,107.5,712
16.6223949897419,594,1022,428,-808,83,725
16.6245545837383,571,1023,452,-797,59.5,737.5
16.6267141777346,548,1022,474,-785,37,748
16.6288737717309,524,1022,498,-773,13,760
16.6310333657272,506,1019,513,-762.5,-3.5,766
16.6331929597236,497,1021,524,-759,-13.5,772.5
16.6353525537199,488,1021,533,-754.5,-22.5,777
16.6375121477162,478,1021,543,-749.5,-32.5,782
16.6396717417126,474,1022,548,-748,-37,785
16.6418313357089,477,1023,546,-750,-34.5,784.5
16.6439909297052,481,1021,540,-751,-29.5,780.5
16.6461505237015,487,1022,535,-754.5,-24,778.5
16.6483101176979,498,1020,522,-759,-12,771
16.6504697116942,503,1021,518,-762,-7.5,769.5
16.6526293056905,503,1022,519,-762.5,-8,770.5
16.6547888996869,500,1021,521,-760.5,-10.5,771
16.6569484936832,492,1021,529,-756.5,-18.5,775
16.6591080876795,487,1022,535,-754.5,-24,778.5
16.6612676816758,490,1021,531,-755.5,-20.5,776
16.6634272756722,495,1021,526,-758,-15.5,773.5
16.6655868696685,500,1022,522,-761,-11,772
16.6677464636648,499,1021,522,-760,-11.5,771.5
16.6699060576612,496,1021,525,-758.5,-14.5,773
16.6720656516575,493,1020,527,-756.5,-17,773.5
16.6742252456538,490,1021,531,-755.5,-20.5,776
16.6763848396501,487,1021,534,-754,-23.5,777.5
16.6785444336465,484,1021,537,-752.5,-26.5,779
16.6807040276428,480,1021,541,-750.5,-30.5,781
16.6828636216391,483,1023,540,-753,-28.5,781.5
16.6850232156355,485,1023,538,-754,-26.5,780.5
16.6871828096318,489,1021,532,-755,-21.5,776.5
16.6893424036281,489,1021,532,-755,-21.5,776.5
16.6915019976244,488,1021,533,-754.5,-22.5,777
16.6936615916208,490,1022,532,-756,-21,777
16.6958211856171,495,1022,527,-758.5,-16,774.5
16.6979807796134,496,1021,525,-758.5,-14.5,773
16.7001403736098,490,1020,530,-755,-20,775
16.7022999676061,492,1022,530,-757,-19,776
16.7044595616024,491,1022,531,-756.5,-20,776.5
16.7066191555987,489,1021,532,-755,-21.5,776.5
16.7087787495951,489,1022,533,-755.5,-22,777.5
16.7109383435914,491,1021,530,-756,-19.5,775.5
16.7130979375877,493,1021,528,-757,-17.5,774.5
16.7152575315841,497,1022,525,-759.5,-14,773.5
16.7174171255804,497,1021,524,-759,-13.5,772.5
16.7195767195767,495,1023,528,-759,-16.5,775.5
16.721736313573,496,1021,525,-758.5,-14.5,773
16.7238959075694,500,1020,520,-760,-10,770
16.7260555015657,500,1021,521,-760.5,-10.5,771
16.728215095562,501,1022,521,-761.5,-10,771.5
16.7303746895584,498,1022,524,-760,-13,773
16.7325342835547,494,1023,529,-758.5,-17.5,776
16.734693877551,492,1020,528,-756,-18,774
16.7368534715473,493,1020,527,-756.5,-17,773.5
16.7390130655437,495,1021,526,-758,-15.5,773.5
16.74117265954,497,1022,525,-759.5,-14,773.5
16.7433322535363,499,1022,523,-760.5,-12,772.5
16.7454918475327,502,1021,519,-761.5,-8.5,770
16.747651441529,505,1020,515,-762.5,-5,767.5
16.7498110355253,508,1023,515,-765.5,-3.5,769
16.7519706295217,514,1022,508,-768,3,765
16.754130223518,516,1023,507,-769.5,4.5,765
16.7562898175143,514,1022,508,-768,3,765
16.7584494115106,506,1022,516,-764,-5,769
16.760609005507,500,1021,521,-760.5,-10.5,771
16.7627685995033,497,1020,523,-758.5,-13,771.5
16.7649281934996,499,1020,521,-759.5,-11,770.5
16.7670877874959,500,1021,521,-760.5,-10.5,771
16.7692473814923,506,1021,515,-763.5,-4.5,768
16.7714069754886,510,1021,511,-765.5,-0.5,766
16.7735665694849,514,1022,508,-768,3,765
16.7757261634813,517,1021,504,-769,6.5,762.5
16.7778857574776,520,1022,502,-771,9,762
16.7800453514739,520,1021,501,-770.5,9.5,761
16.7822049454703,516,1021,505,-768.5,5.5,763
16.7843645394666,511,1023,512,-767,-0.5,767.5
16.7865241334629,508,1021,513,-764.5,-2.5,767
16.7886837274592,503,1020,517,-761.5,-7,768.5
16.7908433214556,504,1022,518,-763,-7,770
16.7930029154519,506,1023,517,-764.5,-5.5,770
16.7951625094482,511,1022,511,-766.5,0,766.5
16.7973221034446,518,1022,504,-770,7,763
16.7994816974409,522,1021,499,-771.5,11.5,760
16.8016412914372,524,1021,497,-772.5,13.5,759
16.8038008854335,525,1022,497,-773.5,14,759.5
16.8059604794299,525,1021,496,-773,14.5,758.5
16.8081200734262,528,1021,493,-774.5,17.5,757
16.8102796674225,526,1022,496,-774,15,759
16.8124392614189,528,1021,493,-774.5,17.5,757
16.8145988554152,532,1021,489,-776.5,21.5,755
16.8167584494115,534,1021,487,-777.5,23.5,754
16.8189180434078,536,1023,487,-779.5,24.5,755
16.8210776374042,535,1019,484,-777,25.5,751.5
16.8232372314005,534,1020,486,-777,24,753
16.8253968253968,532,1022,490,-777,21,756
16.8275564193932,538,1019,481,-778.5,28.5,750
16.8297160133895,540,1020,480,-780,30,750
16.8318756073858,532,1022,490,-777,21,756
16.8340352013821,529,1021,492,-775,18.5,756.5
16.8361947953785,525,1023,498,-774,13.5,760.5
16.8383543893748,519,1023,504,-771,7.5,763.5
16.8405139833711,521,1022,501,-771.5,10,761.5
16.8426735773675,525,1023,498,-774,13.5,760.5
16.8448331713638,527,1021,494,-774,16.5,757.5
16.8469927653601,536,1022,486,-779,25,754
16.8491523593564,542,1022,480,-782,31,751
16.8513119533528,543,1021,478,-782,32.5,749.5
16.8534715473491,543,1023,480,-783,31.5,751.5
16.8556311413454,542,1022,480,-782,31,751
16.8577907353418,533,1023,490,-778,21.5,756.5
16.8599503293381,528,1021,493,-774.5,17.5,757
16.8621099233344,524,1020,496,-772,14,758
16.8642695173307,517,1021,504,-769,6.5,762.5
16.8664291113271,512,1021,509,-766.5,1.5,765
16.8685887053234,511,1021,510,-766,0.5,765.5
16.8707482993197,507,1022,515,-764.5,-4,768.5
16.8729078933161,506,1021,515,-763.5,-4.5,768
16.8750674873124,505,1020,515,-762.5,-5,767.5
16.8772270813087,509,1020,511,-764.5,-1,765.5
16.879386675305,515,1021,506,-768,4.5,763.5
16.8815462693014,514,1020,506,-767,4,763
16.8837058632977,509,1020,511,-764.5,-1,765.5
16.885865457294,503,1021,518,-762,-7.5,769.5
16.8880250512904,502,1022,520,-762,-9,771
16.8901846452867,499,1023,524,-761,-12.5,773.5
16.892344239283,496,1023,527,-759.5,-15.5,775
16.8945038332793,491,1022,531,-756.5,-20,776.5
16.8966634272757,494,1020,526,-757,-16,773
16.898823021272,499,1021,522,-760,-11.5,771.5
16.9009826152683,503,1021,518,-762,-7.5,769.5
16.9031422092647,504,1022,518,-763,-7,770
16.905301803261,502,1021,519,-761.5,-8.5,770
16.9074613972573,501,1023,522,-762,-10.5,772.5
16.9096209912536,496,1022,526,-759,-15,774
16.91178058525,490,1022,532,-756,-21,777
16.9139401792463,484,1021,537,-752.5,-26.5,779
16.9160997732426,478,1022,544,-750,-33,783
16.918259367239,480,1020,540,-750,-30,780
16.9204189612353,484,1021,537,-752.5,-26.5,779
16.9225785552316,491,1020,529,-755.5,-19,774.5
16.9247381492279,493,1020,527,-756.5,-17,773.5
16.9268977432243,491,1021,530,-756,-19.5,775.5
16.9290573372206,491,1022,531,-756.5,-20,776.5
16.9312169312169,490,1022,532,-756,-21,777
16.9333765252133,492,1021,529,-756.5,-18.5,775
16.9355361192096,492,1022,530,-757,-19,776
16.9376957132059,492,1022,530,-757,-19,776
16.9398553072022,490,1021,531,-755.5,-20.5,776
16.9420149011986,489,1021,532,-755,-21.5,776.5
16.9441744951949,486,1022,536,-754,-25,779
16.9463340891912,480,1021,541,-750.5,-30.5,781
16.9484936831876,478,1021,543,-749.5,-32.5,782
16.9506532771839,477,1022,545,-749.5,-34,783.5
16.9528128711802,478,1022,544,-750,-33,783
16.9549724651765,481,1023,542,-752,-30.5,782.5
16.9571320591729,478,1021,543,-749.5,-32.5,782
16.9592916531692,481,1020,539,-750.5,-29,779.5
16.9614512471655,486,1021,535,-753.5,-24.5,778
16.9636108411619,487,1022,535,-754.5,-24,778.5
16.9657704351582,486,1020,534,-753,-24,777
16.9679300291545,486,1022,536,-754,-25,779
16.9700896231508,489,1022,533,-755.5,-22,777.5
16.9722492171472,490,1020,530,-755,-20,775
16.9744088111435,486,1022,536,-754,-25,779
16.9765684051398,485,1022,537,-753.5,-26,779.5
16.9787279991362,486,1022,536,-754,-25,779
16.9808875931325,492,1021,529,-756.5,-18.5,775
16.9830471871288,496,1022,526,-759,-15,774
16.9852067811251,498,1022,524,-760,-13,773
16.9873663751215,498,1021,523,-759.5,-12.5,772
16.9895259691178,499,1021,522,-760,-11.5,771.5
16.9916855631141,497,1020,523,-758.5,-13,771.5
16.9938451571105,495,1021,526,-758,-15.5,773.5
16.9960047511068,490,1021,531,-755.5,-20.5,776
16.9981643451031,485,1021,536,-753,-25.5,778.5
17.0003239390994,485,1022,537,-753.5,-26,779.5
17.0024835330958,490,1020,530,-755,-20,775
17.0046431270921,494,1021,527,-757.5,-16.5,774
17.0068027210884,495,1022,527,-758.5,-16,774.5
17.0089623150848,495,1023,528,-759,-16.5,775.5
17.0111219090811,496,1020,524,-758,-14,772
17.0132815030774,495,1021,526,-758,-15.5,773.5
17.0154410970738,495,1023,528,-759,-16.5,775.5
17.0176006910701,497,1022,525,-759.5,-14,773.5
17.0197602850664,497,1022,525,-759.5,-14,773.5
17.0219198790627,498,1021,523,-759.5,-12.5,772
17.0240794730591,499,1021,522,-760,-11.5,771.5
17.0262390670554,496,1022,526,-759,-15,774
17.0283986610517,493,1021,528,-757,-17.5,774.5
17.030558255048,490,1023,533,-756.5,-21.5,778
17.0327178490444,486,1022,536,-754,-25,779
17.0348774430407,485,1021,536,-753,-25.5,778.5
17.037037037037,487,1021,534,-754,-23.5,777.5
17.0391966310334,487,1021,534,-754,-23.5,777.5
17.0413562250297,492,1022,530,-757,-19,776
17.043515819026,496,1021,525,-758.5,-14.5,773
17.0456754130224,496,1021,525,-758.5,-14.5,773
17.0478350070187,504,1022,518,-763,-7,770
17.049994601015,502,1020,518,-761,-8,769
17.0521541950113,497,1023,526,-760,-14.5,774.5
17.0543137890077,494,1022,528,-758,-17,775
17.056473383004,493,1022,529,-757.5,-18,775.5
17.0586329770003,494,1023,529,-758.5,-17.5,776
17.0607925709967,495,1022,527,-758.5,-16,774.5
17.062952164993,497,1022,525,-759.5,-14,773.5
17.0651117589893,501,1023,522,-762,-10.5,772.5
17.0672713529856,507,1021,514,-764,-3.5,767.5
17.069430946982,510,1022,512,-766,-1,767
17.0715905409783,515,1023,508,-769,3.5,765.5
17.0737501349746,515,1022,507,-768.5,4,764.5
17.075909728971,512,1022,510,-767,1,766
17.0780693229673,507,1021,514,-764,-3.5,767.5
17.0802289169636,505,1021,516,-763,-5.5,768.5
17.0823885109599,506,1021,515,-763.5,-4.5,768
17.0845481049563,509,1021,512,-765,-1.5,766.5
17.0867076989526,512,1021,509,-766.5,1.5,765
17.0888672929489,514,1022,508,-768,3,765
17.0910268869453,515,1020,505,-767.5,5,762.5
17.0931864809416,512,1021,509,-766.5,1.5,765
17.0953460749379,509,1023,514,-766,-2.5,768.5
17.0975056689342,509,1022,513,-765.5,-2,767.5
17.0996652629306,511,1021,510,-766,0.5,765.5
17.1018248569269,508,1022,514,-765,-3,768
17.1039844509232,507,1022,515,-764.5,-4,768.5
17.1061440449196,507,1023,516,-765,-4.5,769.5
17.1083036389159,510,1022,512,-766,-1,767
17.1104632329122,508,1021,513,-764.5,-2.5,767
17.1126228269085,508,1021,513,-764.5,-2.5,767
17.1147824209049,511,1020,509,-765.5,1,764.5
17.1169420149012,510,1022,512,-766,-1,767
17.1191016088975,505,1021,516,-763,-5.5,768.5
17.1212612028939,502,1023,521,-762.5,-9.5,772
17.1234207968902,504,1022,518,-763,-7,770
17.1255803908865,503,1023,520,-763,-8.5,771.5
17.1277399848828,502,1021,519,-761.5,-8.5,770
17.1298995788792,495,1020,525,-757.5,-15,772.5
17.1320591728755,491,1021,530,-756,-19.5,775.5
17.1342187668718,491,1021,530,-756,-19.5,775.5
17.1363783608682,490,1021,531,-755.5,-20.5,776
17.1385379548645,490,1021,531,-755.5,-20.5,776
17.1406975488608,491,1021,530,-756,-19.5,775.5
17.1428571428571,493,1021,528,-757,-17.5,774.5
17.1450167368535,498,1020,522,-759,-12,771
17.1471763308498,495,1021,526,-758,-15.5,773.5
17.1493359248461,486,1021,535,-753.5,-24.5,778
17.1514955188425,485,1022,537,-753.5,-26,779.5
17.1536551128388,484,1023,539,-753.5,-27.5,781
17.1558147068351,486,1022,536,-754,-25,779
17.1579743008314,490,1020,530,-755,-20,775
17.1601338948278,489,1022,533,-755.5,-22,777.5
17.1622934888241,487,1020,533,-753.5,-23,776.5
17.1644530828204,485,1022,537,-753.5,-26,779.5
17.1666126768168,483,1021,538,-752,-27.5,779.5
17.1687722708131,484,1023,539,-753.5,-27.5,781
17.1709318648094,487,1022,535,-754.5,-24,778.5
17.1730914588057,491,1020,529,-755.5,-19,774.5
17.1752510528021,493,1021,528,-757,-17.5,774.5
17.1774106467984,491,1022,531,-756.5,-20,776.5
17.1795702407947,491,1020,529,-755.5,-19,774.5
17.1817298347911,489,1020,531,-754.5,-21,775.5
17.1838894287874,495,1021,526,-758,-15.5,773.5
17.1860490227837,495,1022,527,-758.5,-16,774.5
17.18820861678,494,1021,527,-757.5,-16.5,774
17.1903682107764,489,1020,531,-754.5,-21,775.5
17.1925278047727,489,1020,531,-754.5,-21,775.5
17.194687398769,486,1022,536,-754,-25,779
17.1968469927654,480,1021,541,-750.5,-30.5,781
17.1990065867617,479,1019,540,-749,-30.5,779.5
17.201166180758,481,1022,541,-751.5,-30,781.5
17.2033257747543,486,1022,536,-754,-25,779
17.2054853687507,485,1023,538,-754,-26.5,780.5
17.207644962747,486,1021,535,-753.5,-24.5,778
17.2098045567433,483,1021,538,-752,-27.5,779.5
17.2119641507397,484,1022,538,-753,-27,780
17.214123744736,484,1021,537,-752.5,-26.5,779
17.2162833387323,494,1022,528,-758,-17,775
17.2184429327286,511,1022,511,-766.5,0,766.5
17.220602526725,534,1020,486,-777,24,753
17.2227621207213,564,1021,457,-792.5,53.5,739
17.2249217147176,596,1020,424,-808,86,722
17.227081308714,618,1021,403,-819.5,107.5,712
17.2292409027103,643,1021,378,-832,132.5,699.5
17.2314004967066,657,1021,364,-839,146.5,692.5
17.2335600907029,662,1022,360,-842,151,691
17.2357196846993,657,1021,364,-839,146.5,692.5
17.2378792786956,644,1021,377,-832.5,133.5,699
17.2400388726919,620,1022,402,-821,109,712
17.2421984666883,595,1023,428,-809,83.5,725.5
17.2443580606846,569,1020,451,-794.5,59,735.5
17.2465176546809,542,1022,480,-782,31,751
17.2486772486772,522,1021,499,-771.5,11.5,760
17.2508368426736,505,1022,517,-763.5,-6,769.5
17.2529964366699,493,1022,529,-757.5,-18,775.5
17.2551560306662,484,1020,536,-752,-26,778
17.2573156246626,479,1021,542,-750,-31.5,781.5
17.2594752186589,482,1023,541,-752.5,-29.5,782
17.2616348126552,489,1022,533,-755.5,-22,777.5
17.2637944066515,495,1023,528,-759,-16.5,775.5
17.2659540006479,504,1020,516,-762,-6,768
17.2681135946442,510,1021,511,-765.5,-0.5,766
17.2702731886405,509,1020,511,-764.5,-1,765.5
17.2724327826369,508,1020,512,-764,-2,766
17.2745923766332,499,1022,523,-760.5,-12,772.5
17.2767519706295,493,1022,529,-757.5,-18,775.5
17.2789115646259,492,1021,529,-756.5,-18.5,775
17.2810711586222,484,1023,539,-753.5,-27.5,781
17.2832307526185,480,1022,542,-751,-31,782
17.2853903466148,478,1023,545,-750.5,-33.5,784
17.2875499406112,485,1022,537,-753.5,-26,779.5
17.2897095346075,487,1022,535,-754.5,-24,778.5
17.2918691286038,493,1021,528,-757,-17.5,774.5
17.2940287226001,494,1022,528,-758,-17,775
17.2961883165965,494,1020,526,-757,-16,773
17.2983479105928,497,1021,524,-759,-13.5,772.5
17.3005075045891,495,1022,527,-758.5,-16,774.5
17.3026670985855,489,1021,532,-755,-21.5,776.5
17.3048266925818,487,1020,533,-753.5,-23,776.5
17.3069862865781,482,1020,538,-751,-28,779
17.3091458805745,480,1021,541,-750.5,-30.5,781
17.3113054745708,478,1022,544,-750,-33,783
17.3134650685671,481,1023,542,-752,-30.5,782.5
17.3156246625634,481,1023,542,-752,-30.5,782.5
17.3177842565598,486,1021,535,-753.5,-24.5,778
17.3199438505561,487,1023,536,-755,-24.5,779.5
17.3221034445524,491,1021,530,-756,-19.5,775.5
17.3242630385488,490,1022,532,-756,-21,777
17.3264226325451,488,1022,534,-755,-23,778
17.3285822265414,486,1023,537,-754.5,-25.5,780
17.3307418205377,483,1021,538,-752,-27.5,779.5
17.3329014145341,485,1023,538,-754,-26.5,780.5
17.3350610085304,492,1021,529,-756.5,-18.5,775
17.3372206025267,496,1022,526,-759,-15,774
17.3393801965231,498,1021,523,-759.5,-12.5,772
17.3415397905194,499,1022,523,-760.5,-12,772.5
17.3436993845157,498,1022,524,-760,-13,773
17.345858978512,492,1022,530,-757,-19,776
17.3480185725084,490,1020,530,-755,-20,775
17.3501781665047,493,1022,529,-757.5,-18,775.5
17.352337760501,503,1022,519,-762.5,-8,770.5
17.3544973544974,510,1023,513,-766.5,-1.5,768
17.3566569484937,508,1023,515,-765.5,-3.5,769
17.35881654249,507,1021,514,-764,-3.5,767.5
17.3609761364863,509,1021,512,-765,-1.5,766.5
17.3631357304827,508,1021,513,-764.5,-2.5,767
17.365295324479,505,1022,517,-763.5,-6,769.5
17.3674549184753,502,1022,520,-762,-9,771
17.3696145124717,501,1021,520,-761,-9.5,770.5
17.371774106468,498,1021,523,-759.5,-12.5,772
17.3739337004643,491,1021,530,-756,-19.5,775.5
17.3760932944606,492,1020,528,-756,-18,774
17.378252888457,498,1021,523,-759.5,-12.5,772
17.3804124824533,502,1020,518,-761,-8,769
17.3825720764496,505,1020,515,-762.5,-5,767.5
17.384731670446,507,1022,515,-764.5,-4,768.5
17.3868912644423,509,1021,512,-765,-1.5,766.5
17.3890508584386,513,1023,510,-768,1.5,766.5
17.3912104524349,513,1021,508,-767,2.5,764.5
17.3933700464313,511,1020,509,-765.5,1,764.5
17.3955296404276,510,1021,511,-765.5,-0.5,766
17.3976892344239,512,1022,510,-767,1,766
17.3998488284203,513,1022,509,-767.5,2,765.5
17.4020084224166,513,1021,508,-767,2.5,764.5
17.4041680164129,513,1022,509,-767.5,2,765.5
17.4063276104092,513,1022,509,-767.5,2,765.5
17.4084872044056,507,1022,515,-764.5,-4,768.5
17.4106467984019,509,1020,511,-764.5,-1,765.5
17.4128063923982,511,1023,512,-767,-0.5,767.5
17.4149659863946,517,1021,504,-769,6.5,762.5
17.4171255803909,529,1022,493,-775.5,18,757.5
17.4192851743872,534,1022,488,-778,23,755
17.4214447683835,533,1022,489,-777.5,22,755.5
17.4236043623799,533,1023,490,-778,21.5,756.5
17.4257639563762,538,1022,484,-780,27,753
17.4279235503725,537,1020,483,-778.5,27,751.5
17.4300831443689,529,1022,493,-775.5,18,757.5
17.4322427383652,525,1022,497,-773.5,14,759.5
17.4344023323615,521,1022,501,-771.5,10,761.5
17.4365619263578,521,1022,501,-771.5,10,761.5
17.4387215203542,523,1020,497,-771.5,13,758.5
17.4408811143505,522,1022,500,-772,11,761
17.4430407083468,526,1023,497,-774.5,14.5,760
17.4452003023432,533,1023,490,-778,21.5,756.5
17.4473598963395,531,1022,491,-776.5,20,756.5
17.4495194903358,530,1021,491,-775.5,19.5,756
17.4516790843321,527,1020,493,-773.5,17,756.5
17.4538386783285,527,1020,493,-773.5,17,756.5
17.4559982723248,526,1022,496,-774,15,759
17.4581578663211,525,1021,496,-773,14.5,758.5
17.4603174603175,526,1021,495,-773.5,15.5,758
17.4624770543138,527,1022,495,-774.5,16,758.5
17.4646366483101,530,1020,490,-775,20,755
17.4667962423064,533,1021,488,-777,22.5,754.5
17.4689558363028,535,1022,487,-778.5,24,754.5
17.4711154302991,534,1021,487,-777.5,23.5,754
17.4732750242954,533,1022,489,-777.5,22,755.5
17.4754346182918,527,1021,494,-774,16.5,757.5
17.4775942122881,522,1021,499,-771.5,11.5,760
17.4797538062844,516,1021,505,-768.5,5.5,763
17.4819134002807,516,1022,506,-769,5,764
17.4840729942771,520,1021,501,-770.5,9.5,761
17.4862325882734,525,1021,496,-773,14.5,758.5
17.4883921822697,528,1022,494,-775,17,758
17.4905517762661,529,1020,491,-774.5,19,755.5
17.4927113702624,528,1021,493,-774.5,17.5,757
17.4948709642587,523,1022,499,-772.5,12,760.5
17.497030558255,518,1022,504,-770,7,763
17.4991901522514,511,1020,509,-765.5,1,764.5
17.5013497462477,502,1021,519,-761.5,-8.5,770
17.503509340244,496,1021,525,-758.5,-14.5,773
17.5056689342404,491,1021,530,-756,-19.5,775.5
17.5078285282367,490,1021,531,-755.5,-20.5,776
17.509988122233,493,1020,527,-756.5,-17,773.5
17.5121477162294,496,1020,524,-758,-14,772
17.5143073102257,500,1020,520,-760,-10,770
17.516466904222,499,1022,523,-760.5,-12,772.5
17.5186264982183,498,1022,524,-760,-13,773
17.5207860922147,504,1021,517,-762.5,-6.5,769
17.522945686211,505,1022,517,-763.5,-6,769.5
17.5251052802073,504,1020,516,-762,-6,768
17.5272648742036,504,1021,517,-762.5,-6.5,769
17.5294244682,500,1022,522,-761,-11,772
17.5315840621963,493,1021,528,-757,-17.5,774.5
17.5337436561926,488,1021,533,-754.5,-22.5,777
17.535903250189,482,1022,540,-752,-29,781
17.5380628441853,481,1021,540,-751,-29.5,780.5
17.5402224381816,483,1021,538,-752,-27.5,779.5
17.542382032178,486,1022,536,-754,-25,779
17.5445416261743,486,1022,536,-754,-25,779
17.5467012201706,488,1022,534,-755,-23,778
17.5488608141669,490,1022,532,-756,-21,777
17.5510204081633,493,1022,529,-757.5,-18,775.5
17.5531800021596,495,1022,527,-758.5,-16,774.5
17.5553395961559,497,1023,526,-760,-14.5,774.5
17.5574991901522,496,1021,525,-758.5,-14.5,773
17.5596587841486,492,1022,530,-757,-19,776
17.5618183781449,487,1020,533,-753.5,-23,776.5
17.5639779721412,486,1021,535,-753.5,-24.5,778
17.5661375661376,482,1019,537,-750.5,-27.5,778
17.5682971601339,478,1022,544,-750,-33,783
17.5704567541302,485,1021,536,-753,-25.5,778.5
17.5726163481266,492,1021,529,-756.5,-18.5,775
17.5747759421229,497,1019,522,-758,-12.5,770.5
17.5769355361192,497,1020,523,-758.5,-13,771.5
17.5790951301155,495,1023,528,-759,-16.5,775.5
17.5812547241119,492,1023,531,-757.5,-19.5,777
17.5834143181082,487,1021,534,-754,-23.5,777.5
17.5855739121045,480,1021,541,-750.5,-30.5,781
17.5877335061009,476,1021,545,-748.5,-34.5,783
17.5898931000972,478,1023,545,-750.5,-33.5,784
17.5920526940935,481,1022,541,-751.5,-30,781.5
17.5942122880898,488,1021,533,-754.5,-22.5,777
17.5963718820862,493,1021,528,-757,-17.5,774.5
17.5985314760825,500,1021,521,-760.5,-10.5,771
17.6006910700788,501,1022,521,-761.5,-10,771.5
17.6028506640752,497,1022,525,-759.5,-14,773.5
17.6050102580715,493,1022,529,-757.5,-18,775.5
17.6071698520678,491,1023,532,-757,-20.5,777.5
17.6093294460641,487,1020,533,-753.5,-23,776.5
17.6114890400605,489,1021,532,-755,-21.5,776.5
17.6136486340568,492,1022,530,-757,-19,776
17.6158082280531,494,1022,528,-758,-17,775
17.6179678220495,495,1022,527,-758.5,-16,774.5
17.6201274160458,495,1022,527,-758.5,-16,774.5
17.6222870100421,499,1021,522,-760,-11.5,771.5
17.6244466040384,504,1021,517,-762.5,-6.5,769
17.6266061980348,505,1023,518,-764,-6.5,770.5
17.6287657920311,501,1023,522,-762,-10.5,772.5
17.6309253860274,500,1023,523,-761.5,-11.5,773
17.6330849800238,497,1021,524,-759,-13.5,772.5
17.6352445740201,493,1022,529,-757.5,-18,775.5
17.6374041680164,489,1022,533,-755.5,-22,777.5
17.6395637620127,492,1020,528,-756,-18,774
17.6417233560091,490,1022,532,-756,-21,777
17.6438829500054,491,1022,531,-756.5,-20,776.5
17.6460425440017,493,1021,528,-757,-17.5,774.5
17.6482021379981,494,1021,527,-757.5,-16.5,774
17.6503617319944,497,1021,524,-759,-13.5,772.5
17.6525213259907,501,1022,521,-761.5,-10,771.5
17.654680919987,504,1021,517,-762.5,-6.5,769
17.6568405139834,502,1021,519,-761.5,-8.5,770
17.6590001079797,501,1021,520,-761,-9.5,770.5
17.661159701976,497,1022,525,-759.5,-14,773.5
17.6633192959724,492,1022,530,-757,-19,776
17.6654788899687,487,1023,536,-755,-24.5,779.5
17.667638483965,488,1020,532,-754,-22,776
17.6697980779613,490,1022,532,-756,-21,777
17.6719576719577,498,1023,525,-760.5,-13.5,774
17.674117265954,505,1022,517,-763.5,-6,769.5
17.6762768599503,509,1020,511,-764.5,-1,765.5
17.6784364539467,513,1021,508,-767,2.5,764.5
17.680596047943,513,1022,509,-767.5,2,765.5
17.6827556419393,513,1022,509,-767.5,2,765.5
17.6849152359356,513,1020,507,-766.5,3,763.5
17.687074829932,513,1021,508,-767,2.5,764.5
17.6892344239283,508,1021,513,-764.5,-2.5,767
17.6913940179246,502,1022,520,-762,-9,771
17.693553611921,500,1019,519,-759.5,-9.5,769
17.6957132059173,499,1021,522,-760,-11.5,771.5
17.6978727999136,502,1022,520,-762,-9,771
17.7000323939099,506,1023,517,-764.5,-5.5,770
17.7021919879063,504,1021,517,-762.5,-6.5,769
17.7043515819026,507,1021,514,-764,-3.5,767.5
17.7065111758989,510,1021,511,-765.5,-0.5,766
17.7086707698953,511,1022,511,-766.5,0,766.5
17.7108303638916,513,1023,510,-768,1.5,766.5
17.7129899578879,517,1021,504,-769,6.5,762.5
17.7151495518842,518,1022,504,-770,7,763
17.7173091458806,518,1022,504,-770,7,763
17.7194687398769,514,1021,507,-767.5,3.5,764
17.7216283338732,508,1021,513,-764.5,-2.5,767
17.7237879278696,504,1020,516,-762,-6,768
17.7259475218659,499,1023,524,-761,-12.5,773.5
17.7281071158622,497,1020,523,-758.5,-13,771.5
17.7302667098585,501,1021,520,-761,-9.5,770.5
17.7324263038549,503,1021,518,-762,-7.5,769.5
17.7345858978512,504,1021,517,-762.5,-6.5,769
17.7367454918475,507,1021,514,-764,-3.5,767.5
17.7389050858439,513,1022,509,-767.5,2,765.5
17.7410646798402,518,1021,503,-769.5,7.5,762
17.7432242738365,517,1019,502,-768,7.5,760.5
17.7453838678328,515,1021,506,-768,4.5,763.5
17.7475434618292,510,1021,511,-765.5,-0.5,766
17.7497030558255,505,1022,517,-763.5,-6,769.5
17.7518626498218,500,1022,522,-761,-11,772
17.7540222438182,497,1021,524,-759,-13.5,772.5
17.7561818378145,494,1022,528,-758,-17,775
17.7583414318108,493,1022,529,-757.5,-18,775.5
17.7605010258071,492,1023,531,-757.5,-19.5,777
17.7626606198035,497,1023,526,-760,-14.5,774.5
17.7648202137998,497,1022,525,-759.5,-14,773.5
17.7669798077961,497,1023,526,-760,-14.5,774.5
17.7691394017925,494,1023,529,-758.5,-17.5,776
17.7712989957888,494,1021,527,-757.5,-16.5,774
17.7734585897851,492,1020,528,-756,-18,774
17.7756181837815,487,1021,534,-754,-23.5,777.5
17.7777777777778,489,1022,533,-755.5,-22,777.5
17.7799373717741,491,1022,531,-756.5,-20,776.5
17.7820969657704,495,1021,526,-758,-15.5,773.5
17.7842565597668,494,1023,529,-758.5,-17.5,776
17.7864161537631,495,1022,527,-758.5,-16,774.5
17.7885757477594,493,1020,527,-756.5,-17,773.5
17.7907353417557,494,1020,526,-757,-16,773
17.7928949357521,489,1019,530,-754,-20.5,774.5
17.7950545297484,485,1023,538,-754,-26.5,780.5
17.7972141237447,485,1022,537,-753.5,-26,779.5
17.7993737177411,487,1022,535,-754.5,-24,778.5
17.8015333117374,491,1023,532,-757,-20.5,777.5
17.8036929057337,494,1021,527,-757.5,-16.5,774
17.8058524997301,496,1022,526,-759,-15,774
17.8080120937264,494,1022,528,-758,-17,775
17.8101716877227,490,1021,531,-755.5,-20.5,776
17.812331281719,480,1021,541,-750.5,-30.5,781
17.8144908757154,477,1021,544,-749,-33.5,782.5
17.8166504697117,477,1022,545,-749.5,-34,783.5
17.818810063708,479,1020,541,-749.5,-31,780.5
17.8209696577043,477,1020,543,-748.5,-33,781.5
17.8231292517007,479,1023,544,-751,-32.5,783.5
17.825288845697,483,1022,539,-752.5,-28,780.5
17.8274484396933,485,1020,535,-752.5,-25,777.5
17.8296080336897,487,1021,534,-754,-23.5,777.5
17.831767627686,496,1020,524,-758,-14,772
17.8339272216823,507,1021,514,-764,-3.5,767.5
17.8360868156787,523,1020,497,-771.5,13,758.5
17.838246409675,539,1023,484,-781,27.5,753.5
17.8404060036713,558,1021,463,-789.5,47.5,742
17.8425655976676,580,1022,442,-801,69,732
17.844725191664,603,1021,418,-812,92.5,719.5
17.8468847856603,625,1021,396,-823,114.5,708.5
17.8490443796566,643,1021,378,-832,132.5,699.5
17.851203973653,651,1022,371,-836.5,140,696.5
17.8533635676493,655,1023,368,-839,143.5,695.5
17.8555231616456,649,1022,373,-835.5,138,697.5
17.8576827556419,630,1022,392,-826,119,707
17.8598423496383,608,1021,413,-814.5,97.5,717
17.8620019436346,582,1022,440,-802,71,731
17.8641615376309,560,1021,461,-790.5,49.5,741
17.8663211316273,541,1023,482,-782,29.5,752.5
17.8684807256236,519,1022,503,-770.5,8,762.5
17.8706403196199,506,1023,517,-764.5,-5.5,770
17.8727999136162,502,1023,521,-762.5,-9.5,772
17.8749595076126,494,1021,527,-757.5,-16.5,774
17.8771191016089,488,1022,534,-755,-23,778
17.8792786956052,487,1022,535,-754.5,-24,778.5
17.8814382896016,488,1022,534,-755,-23,778
17.8835978835979,492,1022,530,-757,-19,776
17.8857574775942,498,1022,524,-760,-13,773
17.8879170715905,499,1021,522,-760,-11.5,771.5
17.8900766655869,500,1022,522,-761,-11,772
17.8922362595832,500,1022,522,-761,-11,772
17.8943958535795,497,1021,524,-759,-13.5,772.5
17.8965554475759,498,1022,524,-760,-13,773
17.8987150415722,495,1022,527,-758.5,-16,774.5
17.9008746355685,493,1023,530,-758,-18.5,776.5
17.9030342295648,492,1022,530,-757,-19,776
17.9051938235612,489,1021,532,-755,-21.5,776.5
17.9073534175575,489,1021,532,-755,-21.5,776.5
17.9095130115538,489,1022,533,-755.5,-22,777.5
17.9116726055502,482,1022,540,-752,-29,781
17.9138321995465,481,1022,541,-751.5,-30,781.5
17.9159917935428,486,1022,536,-754,-25,779
17.9181513875391,487,1022,535,-754.5,-24,778.5
17.9203109815355,487,1023,536,-755,-24.5,779.5
17.9224705755318,489,1023,534,-756,-22.5,778.5
17.9246301695281,490,1022,532,-756,-21,777
17.9267897635245,495,1022,527,-758.5,-16,774.5
17.9289493575208,497,1022,525,-759.5,-14,773.5
17.9311089515171,502,1021,519,-761.5,-8.5,770
17.9332685455134,505,1021,516,-763,-5.5,768.5
17.9354281395098,504,1021,517,-762.5,-6.5,769
17.9375877335061,504,1023,519,-763.5,-7.5,771
17.9397473275024,503,1022,519,-762.5,-8,770.5
17.9419069214988,499,1021,522,-760,-11.5,771.5
17.9440665154951,494,1022,528,-758,-17,775
17.9462261094914,489,1023,534,-756,-22.5,778.5
17.9483857034877,489,1023,534,-756,-22.5,778.5
17.9505452974841,489,1022,533,-755.5,-22,777.5
17.9527048914804,492,1021,529,-756.5,-18.5,775
17.9548644854767,495,1022,527,-758.5,-16,774.5
17.9570240794731,501,1021,520,-761,-9.5,770.5
17.9591836734694,502,1021,519,-761.5,-8.5,770
17.9613432674657,501,1021,520,-761,-9.5,770.5
17.963502861462,499,1022,523,-760.5,-12,772.5
17.9656624554584,502,1022,520,-762,-9,771
17.9678220494547,505,1020,515,-762.5,-5,767.5
17.969981643451,505,1020,515,-762.5,-5,767.5
17.9721412374474,504,1020,516,-762,-6,768
17.9743008314437,501,1022,521,-761.5,-10,771.5
17.97646042544,498,1021,523,-759.5,-12.5,772
17.9786200194363,497,1020,523,-758.5,-13,771.5
17.9807796134327,498,1020,522,-759,-12,771
17.982939207429,494,1021,527,-757.5,-16.5,774
17.9850988014253,491,1022,531,-756.5,-20,776.5
17.9872583954217,495,1023,528,-759,-16.5,775.5
17.989417989418,501,1021,520,-761,-9.5,770.5
17.9915775834143,508,1022,514,-765,-3,768
17.9937371774106,514,1021,507,-767.5,3.5,764
17.995896771407,515,1021,506,-768,4.5,763.5
17.9980563654033,512,1022,510,-767,1,766
18.0002159593996,509,1022,513,-765.5,-2,767.5
18.002375553396,513,1021,508,-767,2.5,764.5
18.0045351473923,514,1020,506,-767,4,763
18.0066947413886,517,1020,503,-768.5,7,761.5
18.0088543353849,522,1020,498,-771,12,759
18.0110139293813,526,1021,495,-773.5,15.5,758
18.0131735233776,525,1021,496,-773,14.5,758.5
18.0153331173739,524,1022,498,-773,13,760
18.0174927113703,522,1020,498,-771,12,759
18.0196523053666,516,1023,507,-769.5,4.5,765
18.0218118993629,515,1022,507,-768.5,4,764.5
18.0239714933592,517,1021,504,-769,6.5,762.5
18.0261310873556,515,1023,508,-769,3.5,765.5
18.0282906813519,516,1021,505,-768.5,5.5,763
18.0304502753482,520,1023,503,-771.5,8.5,763
18.0326098693446,524,1022,498,-773,13,760
18.0347694633409,530,1022,492,-776,19,757
18.0369290573372,535,1021,486,-778,24.5,753.5
18.0390886513336,538,1022,484,-780,27,753
18.0412482453299,533,1022,489,-777.5,22,755.5
18.0434078393262,527,1022,495,-774.5,16,758.5
18.0455674333225,521,1022,501,-771.5,10,761.5
18.0477270273189,520,1022,502,-771,9,762
18.0498866213152,522,1021,499,-771.5,11.5,760
18.0520462153115,528,1021,493,-774.5,17.5,757
18.0542058093078,529,1022,493,-775.5,18,757.5
18.0563654033042,529,1022,493,-775.5,18,757.5
18.0585249973005,530,1020,490,-775,20,755
18.0606845912968,533,1022,489,-777.5,22,755.5
18.0628441852932,530,1021,491,-775.5,19.5,756
18.0650037792895,527,1019,492,-773,17.5,755.5
18.0671633732858,526,1022,496,-774,15,759
18.0693229672822,530,1019,489,-774.5,20.5,754
18.0714825612785,531,1022,491,-776.5,20,756.5
18.0736421552748,536,1019,483,-777.5,26.5,751
18.0758017492711,540,1022,482,-781,29,752
18.0779613432675,541,1023,482,-782,29.5,752.5
18.0801209372638,539,1021,482,-780,28.5,751.5
18.0822805312601,537,1022,485,-779.5,26,753.5
18.0844401252565,537,1021,484,-779,26.5,752.5
18.0865997192528,535,1021,486,-778,24.5,753.5
18.0887593132491,537,1022,485,-779.5,26,753.5
18.0909189072454,542,1020,478,-781,32,749
18.0930785012418,544,1021,477,-782.5,33.5,749
18.0952380952381,544,1023,479,-783.5,32.5,751
18.0973976892344,541,1023,482,-782,29.5,752.5
18.0995572832308,533,1021,488,-777,22.5,754.5
18.1017168772271,526,1023,497,-774.5,14.5,760
18.1038764712234,523,1022,499,-772.5,12,760.5
18.1060360652197,524,1021,497,-772.5,13.5,759
18.1081956592161,524,1022,498,-773,13,760
18.1103552532124,527,1022,495,-774.5,16,758.5
18.1125148472087,522,1021,499,-771.5,11.5,760
18.1146744412051,523,1021,498,-772,12.5,759.5
18.1168340352014,521,1022,501,-771.5,10,761.5
18.1189936291977,523,1020,497,-771.5,13,758.5
18.121153223194,525,1022,497,-773.5,14,759.5
18.1233128171904,518,1022,504,-770,7,763
18.1254724111867,508,1021,513,-764.5,-2.5,767
18.127632005183,501,1021,520,-761,-9.5,770.5
18.1297915991794,503,1023,520,-763,-8.5,771.5
18.1319511931757,503,1020,517,-761.5,-7,768.5
18.134110787172,501,1021,520,-761,-9.5,770.5
18.1362703811683,498,1022,524,-760,-13,773
18.1384299751647,495,1022,527,-758.5,-16,774.5
18.140589569161,494,1021,527,-757.5,-16.5,774
18.1427491631573,494,1022,528,-758,-17,775
18.1449087571537,495,1021,526,-758,-15.5,773.5
18.14706835115,499,1022,523,-760.5,-12,772.5
18.1492279451463,498,1021,523,-759.5,-12.5,772
18.1513875391426,498,1020,522,-759,-12,771
18.153547133139,496,1022,526,-759,-15,774
18.1557067271353,496,1022,526,-759,-15,774
18.1578663211316,494,1022,528,-758,-17,775
18.160025915128,492,1022,530,-757,-19,776
18.1621855091243,489,1022,533,-755.5,-22,777.5
18.1643451031206,488,1020,532,-754,-22,776
18.1665046971169,489,1021,532,-755,-21.5,776.5
18.1686642911133,494,1022,528,-758,-17,775
18.1708238851096,494,1020,526,-757,-16,773
18.1729834791059,496,1021,525,-758.5,-14.5,773
18.1751430731023,498,1021,523,-759.5,-12.5,772
18.1773026670986,496,1022,526,-759,-15,774
18.1794622610949,494,1021,527,-757.5,-16.5,774
18.1816218550912,492,1021,529,-756.5,-18.5,775
18.1837814490876,490,1023,533,-756.5,-21.5,778
18.1859410430839,487,1022,535,-754.5,-24,778.5
18.1881006370802,487,1021,534,-754,-23.5,777.5
18.1902602310766,483,1022,539,-752.5,-28,780.5
18.1924198250729,488,1022,534,-755,-23,778
18.1945794190692,496,1023,527,-759.5,-15.5,775
18.1967390130655,499,1021,522,-760,-11.5,771.5
18.1988986070619,499,1022,523,-760.5,-12,772.5
18.2010582010582,500,1021,521,-760.5,-10.5,771
18.2032177950545,499,1021,522,-760,-11.5,771.5
18.2053773890509,498,1021,523,-759.5,-12.5,772
18.2075369830472,496,1022,526,-759,-15,774
18.2096965770435,494,1022,528,-758,-17,775
18.2118561710398,491,1022,531,-756.5,-20,776.5
18.2140157650362,493,1020,527,-756.5,-17,773.5
18.2161753590325,495,1021,526,-758,-15.5,773.5
18.2183349530288,495,1023,528,-759,-16.5,775.5
18.2204945470252,496,1022,526,-759,-15,774
18.2226541410215,499,1023,524,-761,-12.5,773.5
18.2248137350178,500,1020,520,-760,-10,770
18.2269733290141,498,1022,524,-760,-13,773
18.2291329230105,496,1023,527,-759.5,-15.5,775
18.2312925170068,494,1020,526,-757,-16,773
18.2334521110031,490,1022,532,-756,-21,777
18.2356117049995,492,1021,529,-756.5,-18.5,775
18.2377712989958,496,1022,526,-759,-15,774
18.2399308929921,496,1022,526,-759,-15,774
18.2420904869884,499,1022,523,-760.5,-12,772.5
18.2442500809848,503,1021,518,-762,-7.5,769.5
18.2464096749811,502,1023,521,-762.5,-9.5,772
18.2485692689774,503,1022,519,-762.5,-8,770.5
18.2507288629738,502,1019,517,-760.5,-7.5,768
18.2528884569701,502,1021,519,-761.5,-8.5,770
18.2550480509664,498,1021,523,-759.5,-12.5,772
18.2572076449627,495,1021,526,-758,-15.5,773.5
18.2593672389591,495,1022,527,-758.5,-16,774.5
18.2615268329554,498,1021,523,-759.5,-12.5,772
18.2636864269517,501,1021,520,-761,-9.5,770.5
18.2658460209481,504,1022,518,-763,-7,770
18.2680056149444,503,1022,519,-762.5,-8,770.5
18.2701652089407,500,1021,521,-760.5,-10.5,771
18.272324802937,497,1021,524,-759,-13.5,772.5
18.2744843969334,500,1021,521,-760.5,-10.5,771
18.2766439909297,505,1021,516,-763,-5.5,768.5
18.278803584926,506,1022,516,-764,-5,769
18.2809631789224,505,1021,516,-763,-5.5,768.5
18.2831227729187,506,1020,514,-763,-4,767
18.285282366915,507,1023,516,-765,-4.5,769.5
18.2874419609113,503,1022,519,-762.5,-8,770.5
18.2896015549077,500,1020,520,-760,-10,770
18.291761148904,500,1022,522,-761,-11,772
18.2939207429003,504,1023,519,-763.5,-7.5,771
18.2960803368967,509,1022,513,-765.5,-2,767.5
18.298239930893,516,1019,503,-767.5,6.5,761
18.3003995248893,517,1021,504,-769,6.5,762.5
18.3025591188857,514,1022,508,-768,3,765
18.304718712882,513,1021,508,-767,2.5,764.5
18.3068783068783,509,1021,512,-765,-1.5,766.5
18.3090379008746,505,1022,517,-763.5,-6,769.5
18.311197494871,505,1023,518,-764,-6.5,770.5
18.3133570888673,508,1020,512,-764,-2,766
18.3155166828636,510,1022,512,-766,-1,767
18.3176762768599,514,1023,509,-768.5,2.5,766
18.3198358708563,515,1021,506,-768,4.5,763.5
18.3219954648526,514,1022,508,-768,3,765
18.3241550588489,516,1021,505,-768.5,5.5,763
18.3263146528453,516,1022,506,-769,5,764
18.3284742468416,517,1022,505,-769.5,6,763.5
18.3306338408379,520,1020,500,-770,10,760
18.3327934348343,519,1021,502,-770,8.5,761.5
18.3349530288306,518,1021,503,-769.5,7.5,762
18.3371126228269,514,1022,508,-768,3,765
18.3392722168232,511,1020,509,-765.5,1,764.5
18.3414318108196,507,1021,514,-764,-3.5,767.5
18.3435914048159,508,1022,514,-765,-3,768
18.3457509988122,513,1022,509,-767.5,2,765.5
18.3479105928086,519,1021,502,-770,8.5,761.5
18.3500701868049,523,1022,499,-772.5,12,760.5
18.3522297808012,526,1020,494,-773,16,757
18.3543893747975,520,1021,501,-770.5,9.5,761
18.3565489687939,515,1022,507,-768.5,4,764.5
18.3587085627902,515,1020,505,-767.5,5,762.5
18.3608681567865,515,1021,506,-768,4.5,763.5
18.3630277507829,511,1022,511,-766.5,0,766.5
18.3651873447792,507,1022,515,-764.5,-4,768.5
18.3673469387755,504,1021,517,-762.5,-6.5,769
18.3695065327718,500,1021,521,-760.5,-10.5,771
18.3716661267682,499,1022,523,-760.5,-12,772.5
18.3738257207645,498,1021,523,-759.5,-12.5,772
18.3759853147608,500,1021,521,-760.5,-10.5,771
18.3781449087572,507,1020,513,-763.5,-3,766.5
18.3803045027535,504,1019,515,-761.5,-5.5,767
18.3824640967498,504,1021,517,-762.5,-6.5,769
18.3846236907461,501,1021,520,-761,-9.5,770.5
18.3867832847425,495,1022,527,-758.5,-16,774.5
18.3889428787388,492,1021,529,-756.5,-18.5,775
18.3911024727351,492,1021,529,-756.5,-18.5,775
18.3932620667315,491,1023,532,-757,-20.5,777.5
18.3954216607278,489,1021,532,-755,-21.5,776.5
18.3975812547241,489,1022,533,-755.5,-22,777.5
18.3997408487204,491,1021,530,-756,-19.5,775.5
18.4019004427168,491,1021,530,-756,-19.5,775.5
18.4040600367131,491,1022,531,-756.5,-20,776.5
18.4062196307094,491,1022,531,-756.5,-20,776.5
18.4083792247058,497,1022,525,-759.5,-14,773.5
18.4105388187021,501,1023,522,-762,-10.5,772.5
18.4126984126984,502,1023,521,-762.5,-9.5,772
18.4148580066947,505,1023,518,-764,-6.5,770.5
18.4170176006911,501,1021,520,-761,-9.5,770.5
18.4191771946874,497,1022,525,-759.5,-14,773.5
18.4213367886837,496,1020,524,-758,-14,772
18.4234963826801,493,1021,528,-757,-17.5,774.5
18.4256559766764,486,1021,535,-753.5,-24.5,778
18.4278155706727,483,1022,539,-752.5,-28,780.5
18.429975164669,488,1021,533,-754.5,-22.5,777
18.4321347586654,490,1021,531,-755.5,-20.5,776
18.4342943526617,490,1022,532,-756,-21,777
18.436453946658,490,1020,530,-755,-20,775
18.4386135406544,491,1021,530,-756,-19.5,775.5
18.4407731346507,496,1022,526,-759,-15,774
18.442932728647,497,1021,524,-759,-13.5,772.5
18.4450923226433,496,1021,525,-758.5,-14.5,773
18.4472519166397,494,1023,529,-758.5,-17.5,776
18.449411510636,502,1021,519,-761.5,-8.5,770
18.4515711046323,511,1021,510,-766,0.5,765.5
18.4537306986287,526,1021,495,-773.5,15.5,758
18.455890292625,541,1021,480,-781,30.5,750.5
18.4580498866213,562,1022,460,-792,51,741
18.4602094806176,584,1022,438,-803,73,730
18.462369074614,609,1021,412,-815,98.5,716.5
18.4645286686103,634,1021,387,-827.5,123.5,704
18.4666882626066,653,1022,369,-837.5,142,695.5
18.468847856603,661,1022,361,-841.5,150,691.5
18.4710074505993,655,1020,365,-837.5,145,692.5
18.4731670445956,643,1022,379,-832.5,132,700.5
18.4753266385919,625,1022,397,-823.5,114,709.5
18.4774862325883,602,1021,419,-811.5,91.5,720
18.4796458265846,577,1023,446,-800,65.5,734.5
18.4818054205809,554,1022,468,-788,43,745
18.4839650145773,534,1020,486,-777,24,753
18.4861246085736,517,1022,505,-769.5,6,763.5
18.4882842025699,504,1022,518,-763,-7,770
18.4904437965662,494,1021,527,-757.5,-16.5,774
18.4926033905626,485,1021,536,-753,-25.5,778.5
18.4947629845589,481,1022,541,-751.5,-30,781.5
18.4969225785552,481,1022,541,-751.5,-30,781.5
18.4990821725516,485,1021,536,-753,-25.5,778.5
18.5012417665479,488,1022,534,-755,-23,778
18.5034013605442,488,1023,535,-755.5,-23.5,779
18.5055609545405,489,1021,532,-755,-21.5,776.5
18.5077205485369,488,1020,532,-754,-22,776
18.5098801425332,487,1020,533,-753.5,-23,776.5
18.5120397365295,491,1022,531,-756.5,-20,776.5
18.5141993305259,495,1022,527,-758.5,-16,774.5
18.5163589245222,498,1021,523,-759.5,-12.5,772
18.5185185185185,500,1023,523,-761.5,-11.5,773
18.5206781125148,502,1022,520,-762,-9,771
18.5228377065112,504,1020,516,-762,-6,768
18.5249973005075,506,1021,515,-763.5,-4.5,768
18.5271568945038,503,1022,519,-762.5,-8,770.5
18.5293164885002,496,1022,526,-759,-15,774
18.5314760824965,490,1021,531,-755.5,-20.5,776
18.5336356764928,488,1022,534,-755,-23,778
18.5357952704891,487,1023,536,-755,-24.5,779.5
18.5379548644855,486,1023,537,-754.5,-25.5,780
18.5401144584818,485,1021,536,-753,-25.5,778.5
18.5422740524781,486,1022,536,-754,-25,779
18.5444336464745,487,1020,533,-753.5,-23,776.5
18.5465932404708,490,1021,531,-755.5,-20.5,776
18.5487528344671,493,1022,529,-757.5,-18,775.5
18.5509124284634,496,1021,525,-758.5,-14.5,773
18.5530720224598,495,1022,527,-758.5,-16,774.5
18.5552316164561,497,1021,524,-759,-13.5,772.5
18.5573912104524,497,1021,524,-759,-13.5,772.5
18.5595508044488,493,1023,530,-758,-18.5,776.5
18.5617103984451,493,1023,530,-758,-18.5,776.5
18.5638699924414,490,1022,532,-756,-21,777
18.5660295864378,493,1019,526,-756,-16.5,772.5
18.5681891804341,495,1023,528,-759,-16.5,775.5
18.5703487744304,497,1021,524,-759,-13.5,772.5
18.5725083684267,500,1021,521,-760.5,-10.5,771
18.5746679624231,502,1023,521,-762.5,-9.5,772
18.5768275564194,502,1021,519,-761.5,-8.5,770
18.5789871504157,497,1021,524,-759,-13.5,772.5
18.581146744412,494,1021,527,-757.5,-16.5,774
18.5833063384084,493,1022,529,-757.5,-18,775.5
18.5854659324047,495,1022,527,-758.5,-16,774.5
18.587625526401,495,1022,527,-758.5,-16,774.5
18.5897851203974,497,1021,524,-759,-13.5,772.5
18.5919447143937,500,1021,521,-760.5,-10.5,771
18.59410430839,507,1021,514,-764,-3.5,767.5
18.5962639023864,511,1021,510,-766,0.5,765.5
18.5984234963827,511,1022,511,-766.5,0,766.5
18.600583090379,509,1021,512,-765,-1.5,766.5
18.6027426843753,508,1021,513,-764.5,-2.5,767
18.6049022783717,507,1022,515,-764.5,-4,768.5
18.607061872368,512,1022,510,-767,1,766
18.6092214663643,516,1021,505,-768.5,5.5,763
18.6113810603607,521,1023,502,-772,9.5,762.5
18.613540654357,519,1021,502,-770,8.5,761.5
18.6157002483533,513,1022,509,-767.5,2,765.5
18.6178598423496,511,1021,510,-766,0.5,765.5
18.620019436346,512,1022,510,-767,1,766
18.6221790303423,513,1021,508,-767,2.5,764.5
18.6243386243386,519,1021,502,-770,8.5,761.5
18.626498218335,520,1022,502,-771,9,762
18.6286578123313,516,1022,506,-769,5,764
18.6308174063276,510,1022,512,-766,-1,767
18.6329770003239,502,1022,520,-762,-9,771
18.6351365943203,499,1022,523,-760.5,-12,772.5
18.6372961883166,503,1021,518,-762,-7.5,769.5
18.6394557823129,509,1023,514,-766,-2.5,768.5
18.6416153763093,516,1023,507,-769.5,4.5,765
18.6437749703056,516,1021,505,-768.5,5.5,763
18.6459345643019,518,1022,504,-770,7,763
18.6480941582982,520,1021,501,-770.5,9.5,761
18.6502537522946,522,1022,500,-772,11,761
18.6524133462909,521,1022,501,-771.5,10,761.5
18.6545729402872,521,1021,500,-771,10.5,760.5
18.6567325342836,522,1021,499,-771.5,11.5,760
18.6588921282799,522,1021,499,-771.5,11.5,760
18.6610517222762,520,1022,502,-771,9,762
18.6632113162725,517,1021,504,-769,6.5,762.5
18.6653709102689,520,1021,501,-770.5,9.5,761
18.6675305042652,520,1021,501,-770.5,9.5,761
18.6696900982615,521,1022,501,-771.5,10,761.5
18.6718496922579,526,1021,495,-773.5,15.5,758
18.6740092862542,533,1022,489,-777.5,22,755.5
18.6761688802505,542,1021,479,-781.5,31.5,750
18.6783284742468,545,1021,476,-783,34.5,748.5
18.6804880682432,542,1022,480,-782,31,751
18.6826476622395,541,1021,480,-781,30.5,750.5
18.6848072562358,538,1021,483,-779.5,27.5,752
18.6869668502322,535,1022,487,-778.5,24,754.5
18.6891264442285,533,1021,488,-777,22.5,754.5
18.6912860382248,532,1021,489,-776.5,21.5,755
18.6934456322211,533,1022,489,-777.5,22,755.5
18.6956052262175,533,1021,488,-777,22.5,754.5
18.6977648202138,531,1021,490,-776,20.5,755.5
18.6999244142101,531,1022,491,-776.5,20,756.5
18.7020840082065,536,1020,484,-778,26,752
18.7042436022028,539,1021,482,-780,28.5,751.5
18.7064031961991,535,1022,487,-778.5,24,754.5
18.7085627901954,533,1022,489,-777.5,22,755.5
18.7107223841918,529,1022,493,-775.5,18,757.5
18.7128819781881,524,1021,497,-772.5,13.5,759
18.7150415721844,521,1023,502,-772,9.5,762.5
18.7172011661808,521,1021,500,-771,10.5,760.5
18.7193607601771,523,1023,500,-773,11.5,761.5
18.7215203541734,525,1022,497,-773.5,14,759.5
18.7236799481697,525,1021,496,-773,14.5,758.5
18.7258395421661,525,1021,496,-773,14.5,758.5
18.7279991361624,525,1022,497,-773.5,14,759.5
18.7301587301587,526,1020,494,-773,16,757
18.7323183241551,524,1023,499,-773.5,12.5,761
18.7344779181514,519,1022,503,-770.5,8,762.5
18.7366375121477,517,1021,504,-769,6.5,762.5
18.738797106144,516,1023,507,-769.5,4.5,765
18.7409567001404,508,1022,514,-765,-3,768
18.7431162941367,503,1022,519,-762.5,-8,770.5
18.745275888133,498,1023,525,-760.5,-13.5,774
18.7474354821294,496,1023,527,-759.5,-15.5,775
18.7495950761257,492,1022,530,-757,-19,776
18.751754670122,491,1022,531,-756.5,-20,776.5
18.7539142641183,493,1020,527,-756.5,-17,773.5
18.7560738581147,494,1022,528,-758,-17,775
18.758233452111,493,1020,527,-756.5,-17,773.5
18.7603930461073,491,1020,529,-755.5,-19,774.5
18.7625526401037,487,1022,535,-754.5,-24,778.5
18.7647122341,486,1021,535,-753.5,-24.5,778
18.7668718280963,487,1021,534,-754,-23.5,777.5
18.7690314220926,484,1022,538,-753,-27,780
18.771191016089,486,1022,536,-754,-25,779
18.7733506100853,489,1021,532,-755,-21.5,776.5
18.7755102040816,491,1022,531,-756.5,-20,776.5
18.777669798078,492,1022,530,-757,-19,776
18.7798293920743,491,1023,532,-757,-20.5,777.5
18.7819889860706,488,1020,532,-754,-22,776
18.7841485800669,486,1022,536,-754,-25,779
18.7863081740633,484,1021,537,-752.5,-26.5,779
18.7884677680596,485,1021,536,-753,-25.5,778.5
18.7906273620559,485,1022,537,-753.5,-26,779.5
18.7927869560523,485,1020,535,-752.5,-25,777.5
18.7949465500486,488,1023,535,-755.5,-23.5,779
18.7971061440449,489,1023,534,-756,-22.5,778.5
18.7992657380412,487,1022,535,-754.5,-24,778.5
18.8014253320376,489,1021,532,-755,-21.5,776.5
18.8035849260339,492,1021,529,-756.5,-18.5,775
18.8057445200302,496,1021,525,-758.5,-14.5,773
18.8079041140266,497,1023,526,-760,-14.5,774.5
18.8100637080229,499,1019,520,-759,-10.5,769.5
18.8122233020192,498,1019,521,-758.5,-11.5,770
18.8143828960155,495,1019,524,-757,-14.5,771.5
18.8165424900119,494,1022,528,-758,-17,775
18.8187020840082,493,1022,529,-757.5,-18,775.5
18.8208616780045,495,1020,525,-757.5,-15,772.5
18.8230212720009,494,1021,527,-757.5,-16.5,774
18.8251808659972,488,1021,533,-754.5,-22.5,777
18.8273404599935,489,1020,531,-754.5,-21,775.5
18.8295000539899,486,1021,535,-753.5,-24.5,778
18.8316596479862,486,1022,536,-754,-25,779
18.8338192419825,484,1022,538,-753,-27,780
18.8359788359788,482,1022,540,-752,-29,781
18.8381384299752,485,1021,536,-753,-25.5,778.5
18.8402980239715,486,1022,536,-754,-25,779
18.8424576179678,489,1023,534,-756,-22.5,778.5
18.8446172119641,494,1021,527,-757.5,-16.5,774
18.8467768059605,498,1021,523,-759.5,-12.5,772
18.8489363999568,498,1022,524,-760,-13,773
18.8510959939531,498,1021,523,-759.5,-12.5,772
18.8532555879495,501,1021,520,-761,-9.5,770.5
18.8554151819458,501,1022,521,-761.5,-10,771.5
18.8575747759421,498,1023,525,-760.5,-13.5,774
18.8597343699385,496,1020,524,-758,-14,772
18.8618939639348,492,1022,530,-757,-19,776
18.8640535579311,494,1020,526,-757,-16,773
18.8662131519274,498,1022,524,-760,-13,773
18.8683727459238,500,1020,520,-760,-10,770
18.8705323399201,500,1021,521,-760.5,-10.5,771
18.8726919339164,499,1021,522,-760,-11.5,771.5
18.8748515279128,500,1021,521,-760.5,-10.5,771
18.8770111219091,499,1021,522,-760,-11.5,771.5
18.8791707159054,501,1021,520,-761,-9.5,770.5
18.8813303099017,496,1020,524,-758,-14,772
18.8834899038981,488,1022,534,-755,-23,778
18.8856494978944,486,1020,534,-753,-24,777
18.8878090918907,485,1021,536,-753,-25.5,778.5
18.8899686858871,488,1022,534,-755,-23,778
18.8921282798834,492,1022,530,-757,-19,776
18.8942878738797,500,1021,521,-760.5,-10.5,771
18.896447467876,505,1023,518,-764,-6.5,770.5
18.8986070618724,503,1020,517,-761.5,-7,768.5
18.9007666558687,499,1021,522,-760,-11.5,771.5
18.902926249865,502,1022,520,-762,-9,771
18.9050858438614,507,1023,516,-765,-4.5,769.5
18.9072454378577,509,1021,512,-765,-1.5,766.5
18.909405031854,510,1022,512,-766,-1,767
18.9115646258503,514,1022,508,-768,3,765
18.9137242198467,514,1023,509,-768.5,2.5,766
18.915883813843,513,1021,508,-767,2.5,764.5
18.9180434078393,514,1022,508,-768,3,765
18.9202030018357,510,1021,511,-765.5,-0.5,766
18.922362595832,505,1021,516,-763,-5.5,768.5
18.9245221898283,502,1023,521,-762.5,-9.5,772
18.9266817838246,506,1022,516,-764,-5,769
18.928841377821,505,1021,516,-763,-5.5,768.5
18.9310009718173,508,1022,514,-765,-3,768
18.9331605658136,513,1022,509,-767.5,2,765.5
18.93532015981,514,1021,507,-767.5,3.5,764
18.9374797538063,515,1022,507,-768.5,4,764.5
18.9396393478026,514,1021,507,-767.5,3.5,764
18.9417989417989,515,1021,506,-768,4.5,763.5
18.9439585357953,510,1023,513,-766.5,-1.5,768
18.9461181297916,507,1022,515,-764.5,-4,768.5
18.9482777237879,506,1021,515,-763.5,-4.5,768
18.9504373177843,506,1022,516,-764,-5,769
18.9525969117806,509,1022,513,-765.5,-2,767.5
18.9547565057769,510,1021,511,-765.5,-0.5,766
18.9569160997732,513,1021,508,-767,2.5,764.5
18.9590756937696,511,1023,512,-767,-0.5,767.5
18.9612352877659,512,1021,509,-766.5,1.5,765
18.9633948817622,511,1019,508,-765,1.5,763.5
18.9655544757586,511,1023,512,-767,-0.5,767.5
18.9677140697549,510,1022,512,-766,-1,767
18.9698736637512,509,1022,513,-765.5,-2,767.5
18.9720332577475,504,1022,518,-763,-7,770
18.9741928517439,503,1020,517,-761.5,-7,768.5
18.9763524457402,497,1021,524,-759,-13.5,772.5
18.9785120397365,494,1021,527,-757.5,-16.5,774
18.9806716337329,495,1022,527,-758.5,-16,774.5
18.9828312277292,500,1021,521,-760.5,-10.5,771
18.9849908217255,501,1022,521,-761.5,-10,771.5
18.9871504157218,504,1022,518,-763,-7,770
18.9893100097182,505,1022,517,-763.5,-6,769.5
18.9914696037145,502,1023,521,-762.5,-9.5,772
18.9936291977108,501,1021,520,-761,-9.5,770.5
18.9957887917072,499,1023,524,-761,-12.5,773.5
18.9979483857035,494,1021,527,-757.5,-16.5,774
19.0001079796998,491,1021,530,-756,-19.5,775.5
19.0022675736961,488,1022,534,-755,-23,778
19.0044271676925,485,1021,536,-753,-25.5,778.5
19.0065867616888,489,1023,534,-756,-22.5,778.5
19.0087463556851,495,1020,525,-757.5,-15,772.5
19.0109059496815,493,1022,529,-757.5,-18,775.5
19.0130655436778,494,1021,527,-757.5,-16.5,774
19.0152251376741,493,1022,529,-757.5,-18,775.5
19.0173847316704,491,1021,530,-756,-19.5,775.5
19.0195443256668,490,1021,531,-755.5,-20.5,776
19.0217039196631,492,1022,530,-757,-19,776
19.0238635136594,492,1021,529,-756.5,-18.5,775
19.0260231076558,487,1023,536,-755,-24.5,779.5
19.0281827016521,486,1021,535,-753.5,-24.5,778
19.0303422956484,490,1023,533,-756.5,-21.5,778
19.0325018896447,492,1020,528,-756,-18,774
19.0346614836411,492,1021,529,-756.5,-18.5,775
19.0368210776374,494,1020,526,-757,-16,773
19.0389806716337,495,1023,528,-759,-16.5,775.5
19.0411402656301,493,1022,529,-757.5,-18,775.5
19.0432998596264,490,1023,533,-756.5,-21.5,778
19.0454594536227,484,1021,537,-752.5,-26.5,779
19.047619047619,481,1021,540,-751,-29.5,780.5
19.0497786416154,481,1022,541,-751.5,-30,781.5
19.0519382356117,485,1022,537,-753.5,-26,779.5
19.054097829608,487,1021,534,-754,-23.5,777.5
19.0562574236044,485,1023,538,-754,-26.5,780.5
19.0584170176007,483,1023,540,-753,-28.5,781.5
19.060576611597,485,1021,536,-753,-25.5,778.5
19.0627362055933,489,1023,534,-756,-22.5,778.5
19.0648957995897,500,1021,521,-760.5,-10.5,771
19.067055393586,522,1021,499,-771.5,11.5,760
19.0692149875823,549,1020,471,-784.5,39,745.5
19.0713745815787,575,1020,445,-797.5,65,732.5
19.073534175575,602,1021,419,-811.5,91.5,720
19.0756937695713,624,1021,397,-822.5,113.5,709
19.0778533635676,642,1022,380,-832,131,701
19.080012957564,658,1022,364,-840,147,693
19.0821725515603,664,1020,356,-842,154,688
19.0843321455566,658,1020,362,-839,148,691
19.086491739553,640,1020,380,-830,130,700
19.0886513335493,619,1022,403,-820.5,108,712.5
19.0908109275456,597,1021,424,-809,86.5,722.5
19.092970521542,575,1022,447,-798.5,64,734.5
19.0951301155383,555,1023,468,-789,43.5,745.5
19.0972897095346,535,1021,486,-778,24.5,753.5
19.0994493035309,518,1020,502,-769,8,761
19.1016088975273,504,1023,519,-763.5,-7.5,771
19.1037684915236,496,1021,525,-758.5,-14.5,773
19.1059280855199,489,1022,533,-755.5,-22,777.5
19.1080876795162,484,1022,538,-753,-27,780
19.1102472735126,482,1022,540,-752,-29,781
19.1124068675089,482,1022,540,-752,-29,781
19.1145664615052,484,1023,539,-753.5,-27.5,781
19.1167260555016,487,1021,534,-754,-23.5,777.5
19.1188856494979,490,1021,531,-755.5,-20.5,776
19.1210452434942,496,1022,526,-759,-15,774
19.1232048374906,499,1020,521,-759.5,-11,770.5
19.1253644314869,496,1021,525,-758.5,-14.5,773
19.1275240254832,493,1021,528,-757,-17.5,774.5
19.1296836194795,488,1020,532,-754,-22,776
19.1318432134759,487,1020,533,-753.5,-23,776.5
19.1340028074722,487,1022,535,-754.5,-24,778.5
19.1361624014685,488,1021,533,-754.5,-22.5,777
19.1383219954649,488,1022,534,-755,-23,778
19.1404815894612,488,1021,533,-754.5,-22.5,777
19.1426411834575,487,1021,534,-754,-23.5,777.5
19.1448007774538,487,1021,534,-754,-23.5,777.5
19.1469603714502,484,1023,539,-753.5,-27.5,781
19.1491199654465,483,1022,539,-752.5,-28,780.5
19.1512795594428,484,1020,536,-752,-26,778
19.1534391534392,483,1021,538,-752,-27.5,779.5
19.1555987474355,484,1022,538,-753,-27,780
19.1577583414318,487,1023,536,-755,-24.5,779.5
19.1599179354281,491,1021,530,-756,-19.5,775.5
19.1620775294245,494,1021,527,-757.5,-16.5,774
19.1642371234208,493,1023,530,-758,-18.5,776.5
19.1663967174171,493,1020,527,-756.5,-17,773.5
19.1685563114135,493,1021,528,-757,-17.5,774.5
19.1707159054098,494,1022,528,-758,-17,775
19.1728754994061,497,1020,523,-758.5,-13,771.5
19.1750350934024,497,1021,524,-759,-13.5,772.5
19.1771946873988,497,1022,525,-759.5,-14,773.5
19.1793542813951,494,1021,527,-757.5,-16.5,774
19.1815138753914,495,1021,526,-758,-15.5,773.5
19.1836734693878,497,1022,525,-759.5,-14,773.5
19.1858330633841,498,1021,523,-759.5,-12.5,772
19.1879926573804,497,1022,525,-759.5,-14,773.5
19.1901522513767,497,1022,525,-759.5,-14,773.5
19.1923118453731,497,1021,524,-759,-13.5,772.5
19.1944714393694,496,1023,527,-759.5,-15.5,775
19.1966310333657,494,1022,528,-758,-17,775
19.1987906273621,492,1021,529,-756.5,-18.5,775
19.2009502213584,490,1021,531,-755.5,-20.5,776
19.2031098153547,492,1022,530,-757,-19,776
19.205269409351,495,1021,526,-758,-15.5,773.5
19.2074290033474,498,1021,523,-759.5,-12.5,772
19.2095885973437,499,1021,522,-760,-11.5,771.5
19.21174819134,500,1022,522,-761,-11,772
19.2139077853364,501,1022,521,-761.5,-10,771.5
19.2160673793327,501,1021,520,-761,-9.5,770.5
19.218226973329,504,1021,517,-762.5,-6.5,769
19.2203865673253,503,1021,518,-762,-7.5,769.5
19.2225461613217,504,1021,517,-762.5,-6.5,769
19.224705755318,501,1022,521,-761.5,-10,771.5
19.2268653493143,498,1021,523,-759.5,-12.5,772
19.2290249433107,496,1022,526,-759,-15,774
19.231184537307,497,1022,525,-759.5,-14,773.5
19.2333441313033,503,1019,516,-761,-6.5,767.5
19.2355037252996,510,1020,510,-765,0,765
19.237663319296,518,1022,504,-770,7,763
19.2398229132923,519,1021,502,-770,8.5,761.5
19.2419825072886,517,1023,506,-770,5.5,764.5
19.244142101285,520,1020,500,-770,10,760
19.2463016952813,519,1021,502,-770,8.5,761.5
19.2484612892776,517,1022,505,-769.5,6,763.5
19.2506208832739,517,1021,504,-769,6.5,762.5
19.2527804772703,515,1021,506,-768,4.5,763.5
19.2549400712666,516,1021,505,-768.5,5.5,763
19.2570996652629,518,1021,503,-769.5,7.5,762
19.2592592592593,517,1021,504,-769,6.5,762.5
19.2614188532556,520,1021,501,-770.5,9.5,761
19.2635784472519,520,1022,502,-771,9,762
19.2657380412482,527,1020,493,-773.5,17,756.5
19.2678976352446,528,1022,494,-775,17,758
19.2700572292409,529,1022,493,-775.5,18,757.5
19.2722168232372,530,1021,491,-775.5,19.5,756
19.2743764172336,528,1022,494,-775,17,758
19.2765360112299,526,1021,495,-773.5,15.5,758
19.2786956052262,522,1021,499,-771.5,11.5,760
19.2808551992225,515,1022,507,-768.5,4,764.5
19.2830147932189,516,1023,507,-769.5,4.5,765
19.2851743872152,519,1021,502,-770,8.5,761.5
19.2873339812115,525,1022,497,-773.5,14,759.5
19.2894935752079,526,1021,495,-773.5,15.5,758
19.2916531692042,529,1021,492,-775,18.5,756.5
19.2938127632005,530,1022,492,-776,19,757
19.2959723571968,529,1021,492,-775,18.5,756.5
19.2981319511932,530,1021,491,-775.5,19.5,756
19.3002915451895,527,1021,494,-774,16.5,757.5
19.3024511391858,525,1022,497,-773.5,14,759.5
19.3046107331822,520,1021,501,-770.5,9.5,761
19.3067703271785,518,1021,503,-769.5,7.5,762
19.3089299211748,523,1021,498,-772,12.5,759.5
19.3110895151711,528,1021,493,-774.5,17.5,757
19.3132491091675,531,1019,488,-775,21.5,753.5
19.3154087031638,534,1021,487,-777.5,23.5,754
19.3175682971601,537,1023,486,-780,25.5,754.5
19.3197278911565,536,1023,487,-779.5,24.5,755
19.3218874851528,534,1021,487,-777.5,23.5,754
19.3240470791491,530,1021,491,-775.5,19.5,756
19.3262066731454,524,1023,499,-773.5,12.5,761
19.3283662671418,523,1021,498,-772,12.5,759.5
19.3305258611381,523,1022,499,-772.5,12,760.5
19.3326854551344,524,1021,497,-772.5,13.5,759
19.3348450491308,524,1022,498,-773,13,760
19.3370046431271,521,1022,501,-771.5,10,761.5
19.3391642371234,516,1022,506,-769,5,764
19.3413238311197,514,1021,507,-767.5,3.5,764
19.3434834251161,514,1022,508,-768,3,765
19.3456430191124,515,1021,506,-768,4.5,763.5
19.3478026131087,511,1020,509,-765.5,1,764.5
19.3499622071051,505,1023,518,-764,-6.5,770.5
19.3521218011014,503,1020,517,-761.5,-7,768.5
19.3542813950977,500,1021,521,-760.5,-10.5,771
19.3564409890941,500,1021,521,-760.5,-10.5,771
19.3586005830904,499,1022,523,-760.5,-12,772.5
19.3607601770867,494,1023,529,-758.5,-17.5,776
19.362919771083,494,1021,527,-757.5,-16.5,774
19.3650793650794,491,1020,529,-755.5,-19,774.5
19.3672389590757,488,1022,534,-755,-23,778
19.369398553072,496,1022,526,-759,-15,774
19.3715581470684,500,1022,522,-761,-11,772
19.3737177410647,498,1020,522,-759,-12,771
19.375877335061,492,1021,529,-756.5,-18.5,775
19.3780369290573,488,1022,534,-755,-23,778
19.3801965230537,486,1021,535,-753.5,-24.5,778
19.38235611705,487,1021,534,-754,-23.5,777.5
19.3845157110463,488,1022,534,-755,-23,778
19.3866753050427,491,1021,530,-756,-19.5,775.5
19.388834899039,491,1023,532,-757,-20.5,777.5
19.3909944930353,488,1022,534,-755,-23,778
19.3931540870316,486,1021,535,-753.5,-24.5,778
19.395313681028,487,1020,533,-753.5,-23,776.5
19.3974732750243,488,1021,533,-754.5,-22.5,777
19.3996328690206,489,1020,531,-754.5,-21,775.5
19.401792463017,486,1021,535,-753.5,-24.5,778
19.4039520570133,487,1022,535,-754.5,-24,778.5
19.4061116510096,484,1022,538,-753,-27,780
19.4082712450059,483,1021,538,-752,-27.5,779.5
19.4104308390023,482,1021,539,-751.5,-28.5,780
19.4125904329986,481,1022,541,-751.5,-30,781.5
19.4147500269949,487,1020,533,-753.5,-23,776.5
19.4169096209913,489,1021,532,-755,-21.5,776.5
19.4190692149876,487,1022,535,-754.5,-24,778.5
19.4212288089839,489,1020,531,-754.5,-21,775.5
19.4233884029802,488,1021,533,-754.5,-22.5,777
19.4255479969766,490,1022,532,-756,-21,777
19.4277075909729,492,1021,529,-756.5,-18.5,775
19.4298671849692,492,1021,529,-756.5,-18.5,775
19.4320267789656,489,1022,533,-755.5,-22,777.5
19.4341863729619,488,1020,532,-754,-22,776
19.4363459669582,484,1022,538,-753,-27,780
19.4385055609545,482,1022,540,-752,-29,781
19.4406651549509,480,1022,542,-751,-31,782
19.4428247489472,480,1020,540,-750,-30,780
19.4449843429435,476,1021,545,-748.5,-34.5,783
19.4471439369399,478,1022,544,-750,-33,783
19.4493035309362,481,1023,542,-752,-30.5,782.5
19.4514631249325,489,1021,532,-755,-21.5,776.5
19.4536227189288,492,1020,528,-756,-18,774
19.4557823129252,497,1022,525,-759.5,-14,773.5
19.4579419069215,497,1021,524,-759,-13.5,772.5
19.4601015009178,497,1023,526,-760,-14.5,774.5
19.4622610949142,497,1020,523,-758.5,-13,771.5
19.4644206889105,494,1021,527,-757.5,-16.5,774
19.4665802829068,492,1022,530,-757,-19,776
19.4687398769031,491,1023,532,-757,-20.5,777.5
19.4708994708995,488,1022,534,-755,-23,778
19.4730590648958,489,1021,532,-755,-21.5,776.5
19.4752186588921,490,1020,530,-755,-20,775
19.4773782528885,491,1021,530,-756,-19.5,775.5
19.4795378468848,496,1023,527,-759.5,-15.5,775
19.4816974408811,500,1021,521,-760.5,-10.5,771
19.4838570348774,499,1022,523,-760.5,-12,772.5
19.4860166288738,499,1021,522,-760,-11.5,771.5
19.4881762228701,500,1021,521,-760.5,-10.5,771
19.4903358168664,502,1021,519,-761.5,-8.5,770
19.4924954108628,504,1021,517,-762.5,-6.5,769
19.4946550048591,502,1023,521,-762.5,-9.5,772
19.4968145988554,497,1021,524,-759,-13.5,772.5
19.4989741928517,494,1023,529,-758.5,-17.5,776
19.5011337868481,491,1022,531,-756.5,-20,776.5
19.5032933808444,493,1021,528,-757,-17.5,774.5
19.5054529748407,499,1021,522,-760,-11.5,771.5
19.5076125688371,501,1020,519,-760.5,-9,769.5
19.5097721628334,504,1023,519,-763.5,-7.5,771
19.5119317568297,504,1020,516,-762,-6,768
19.514091350826,501,1022,521,-761.5,-10,771.5
19.5162509448224,497,1022,525,-759.5,-14,773.5
19.5184105388187,497,1021,524,-759,-13.5,772.5
19.520570132815,501,1021,520,-761,-9.5,770.5
19.5227297268114,507,1020,513,-763.5,-3,766.5
19.5248893208077,508,1021,513,-764.5,-2.5,767
19.527048914804,504,1021,517,-762.5,-6.5,769
19.5292085088003,500,1022,522,-761,-11,772
19.5313681027967,499,1021,522,-760,-11.5,771.5
19.533527696793,499,1021,522,-760,-11.5,771.5
19.5356872907893,502,1021,519,-761.5,-8.5,770
19.5378468847857,505,1022,517,-763.5,-6,769.5
19.540006478782,507,1021,514,-764,-3.5,767.5
19.5421660727783,507,1022,515,-764.5,-4,768.5
19.5443256667746,509,1021,512,-765,-1.5,766.5
19.546485260771,509,1022,513,-765.5,-2,767.5
19.5486448547673,512,1022,510,-767,1,766
19.5508044487636,516,1022,506,-769,5,764
19.55296404276,513,1021,508,-767,2.5,764.5
19.5551236367563,505,1021,516,-763,-5.5,768.5
19.5572832307526,500,1019,519,-759.5,-9.5,769
19.5594428247489,502,1022,520,-762,-9,771
19.5616024187453,505,1021,516,-763,-5.5,768.5
19.5637620127416,510,1022,512,-766,-1,767
19.5659216067379,512,1023,511,-767.5,0.5,767
19.5680812007343,514,1019,505,-766.5,4.5,762
19.5702407947306,512,1021,509,-766.5,1.5,765
19.5724003887269,507,1021,514,-764,-3.5,767.5
19.5745599827232,502,1021,519,-761.5,-8.5,770
19.5767195767196,499,1023,524,-761,-12.5,773.5
19.5788791707159,501,1019,518,-760,-8.5,768.5
19.5810387647122,503,1023,520,-763,-8.5,771.5
19.5831983587086,502,1021,519,-761.5,-8.5,770
19.5853579527049,501,1022,521,-761.5,-10,771.5
19.5875175467012,499,1022,523,-760.5,-12,772.5
19.5896771406975,495,1021,526,-758,-15.5,773.5
19.5918367346939,490,1022,532,-756,-21,777
19.5939963286902,488,1021,533,-754.5,-22.5,777
19.5961559226865,486,1023,537,-754.5,-25.5,780
19.5983155166829,489,1022,533,-755.5,-22,777.5
19.6004751106792,488,1022,534,-755,-23,778
19.6026347046755,489,1021,532,-755,-21.5,776.5
19.6047942986718,493,1022,529,-757.5,-18,775.5
19.6069538926682,491,1023,532,-757,-20.5,777.5
19.6091134866645,489,1022,533,-755.5,-22,777.5
19.6112730806608,490,1021,531,-755.5,-20.5,776
19.6134326746572,487,1022,535,-754.5,-24,778.5
19.6155922686535,485,1022,537,-753.5,-26,779.5
19.6177518626498,481,1021,540,-751,-29.5,780.5
19.6199114566462,481,1022,541,-751.5,-30,781.5
19.6220710506425,481,1020,539,-750.5,-29,779.5
19.6242306446388,479,1021,542,-750,-31.5,781.5
19.6263902386351,483,1022,539,-752.5,-28,780.5
19.6285498326315,486,1022,536,-754,-25,779
19.6307094266278,487,1022,535,-754.5,-24,778.5
19.6328690206241,487,1023,536,-755,-24.5,779.5
19.6350286146205,485,1020,535,-752.5,-25,777.5
19.6371882086168,482,1021,539,-751.5,-28.5,780
19.6393478026131,479,1021,542,-750,-31.5,781.5
19.6415073966094,477,1022,545,-749.5,-34,783.5
19.6436669906058,479,1020,541,-749.5,-31,780.5
19.6458265846021,474,1021,547,-747.5,-36.5,784
19.6479861785984,469,1022,553,-745.5,-42,787.5
19.6501457725948,466,1021,555,-743.5,-44.5,788
19.6523053665911,468,1021,553,-744.5,-42.5,787
19.6544649605874,473,1022,549,-747.5,-38,785.5
19.6566245545837,481,1021,540,-751,-29.5,780.5
19.6587841485801,484,1021,537,-752.5,-26.5,779
19.6609437425764,487,1022,535,-754.5,-24,778.5
19.6631033365727,485,1022,537,-753.5,-26,779.5
19.6652629305691,484,1023,539,-753.5,-27.5,781
19.6674225245654,485,1020,535,-752.5,-25,777.5
19.6695821185617,489,1023,534,-756,-22.5,778.5
19.671741712558,502,1021,519,-761.5,-8.5,770
19.6739013065544,517,1023,506,-770,5.5,764.5
19.6760609005507,539,1022,483,-780.5,28,752.5
19.678220494547,567,1021,454,-794,56.5,737.5
19.6803800885434,597,1021,424,-809,86.5,722.5
19.6825396825397,622,1021,399,-821.5,111.5,710
19.684699276536,638,1023,385,-830.5,126.5,704
19.6868588705323,653,1020,367,-836.5,143,693.5
19.6890184645287,656,1020,364,-838,146,692
19.691178058525,644,1020,376,-832,134,698
19.6933376525213,621,1021,400,-821,110.5,710.5
19.6954972465177,597,1020,423,-808.5,87,721.5
19.697656840514,571,1021,450,-796,60.5,735.5
19.6998164345103,550,1022,472,-786,39,747
19.7019760285066,533,1022,489,-777.5,22,755.5
19.704135622503,516,1022,506,-769,5,764
19.7062952164993,505,1021,516,-763,-5.5,768.5
19.7084548104956,494,1022,528,-758,-17,775
19.710614404492,488,1019,531,-753.5,-21.5,775
19.7127739984883,478,1023,545,-750.5,-33.5,784
19.7149335924846,478,1023,545,-750.5,-33.5,784
19.7170931864809,480,1021,541,-750.5,-30.5,781
19.7192527804773,486,1022,536,-754,-25,779
19.7214123744736,492,1021,529,-756.5,-18.5,775
19.7235719684699,493,1022,529,-757.5,-18,775.5
19.7257315624663,498,1020,522,-759,-12,771
19.7278911564626,496,1021,525,-758.5,-14.5,773
19.7300507504589,494,1022,528,-758,-17,775
19.7322103444552,491,1021,530,-756,-19.5,775.5
19.7343699384516,490,1021,531,-755.5,-20.5,776
19.7365295324479,486,1022,536,-754,-25,779
19.7386891264442,484,1022,538,-753,-27,780
19.7408487204406,482,1020,538,-751,-28,779
19.7430083144369,478,1021,543,-749.5,-32.5,782
19.7451679084332,474,1022,548,-748,-37,785
19.7473275024295,472,1022,550,-747,-39,786
19.7494870964259,478,1021,543,-749.5,-32.5,782
19.7516466904222,480,1022,542,-751,-31,782
19.7538062844185,479,1021,542,-750,-31.5,781.5
19.7559658784149,475,1021,546,-748,-35.5,783.5
19.7581254724112,474,1022,548,-748,-37,785
19.7602850664075,479,1021,542,-750,-31.5,781.5
19.7624446604038,484,1020,536,-752,-26,778
19.7646042544002,487,1023,536,-755,-24.5,779.5
19.7667638483965,489,1020,531,-754.5,-21,775.5
19.7689234423928,486,1022,536,-754,-25,779
19.7710830363892,485,1021,536,-753,-25.5,778.5
19.7732426303855,484,1021,537,-752.5,-26.5,779
19.7754022243818,485,1023,538,-754,-26.5,780.5
19.7775618183781,489,1021,532,-755,-21.5,776.5
19.7797214123745,495,1023,528,-759,-16.5,775.5
19.7818810063708,496,1021,525,-758.5,-14.5,773
19.7840406003671,502,1021,519,-761.5,-8.5,770
19.7862001943635,500,1022,522,-761,-11,772
19.7883597883598,494,1022,528,-758,-17,775
19.7905193823561,488,1021,533,-754.5,-22.5,777
19.7926789763524,489,1021,532,-755,-21.5,776.5
19.7948385703488,490,1023,533,-756.5,-21.5,778
19.7969981643451,491,1021,530,-756,-19.5,775.5
19.7991577583414,495,1022,527,-758.5,-16,774.5
19.8013173523378,494,1021,527,-757.5,-16.5,774
19.8034769463341,492,1022,530,-757,-19,776
19.8056365403304,492,1019,527,-755.5,-17.5,773
19.8077961343267,487,1023,536,-755,-24.5,779.5
19.8099557283231,488,1020,532,-754,-22,776
19.8121153223194,495,1023,528,-759,-16.5,775.5
19.8142749163157,500,1021,521,-760.5,-10.5,771
19.8164345103121,500,1022,522,-761,-11,772
19.8185941043084,497,1019,522,-758,-12.5,770.5
19.8207536983047,494,1023,529,-758.5,-17.5,776
19.822913292301,495,1021,526,-758,-15.5,773.5
19.8250728862974,496,1021,525,-758.5,-14.5,773
19.8272324802937,499,1022,523,-760.5,-12,772.5
19.82939207429,499,1022,523,-760.5,-12,772.5
19.8315516682864,498,1021,523,-759.5,-12.5,772
19.8337112622827,500,1021,521,-760.5,-10.5,771
19.835870856279,504,1022,518,-763,-7,770
19.8380304502753,504,1022,518,-763,-7,770
19.8401900442717,502,1021,519,-761.5,-8.5,770
19.842349638268,499,1022,523,-760.5,-12,772.5
19.8445092322643,500,1020,520,-760,-10,770
19.8466688262607,500,1023,523,-761.5,-11.5,773
19.848828420257,500,1022,522,-761,-11,772
19.8509880142533,501,1020,519,-760.5,-9,769.5
19.8531476082496,502,1021,519,-761.5,-8.5,770
19.855307202246,506,1021,515,-763.5,-4.5,768
19.8574667962423,507,1022,515,-764.5,-4,768.5
19.8596263902386,510,1020,510,-765,0,765
19.861785984235,509,1022,513,-765.5,-2,767.5
19.8639455782313,513,1023,510,-768,1.5,766.5
19.8661051722276,517,1021,504,-769,6.5,762.5
19.8682647662239,519,1021,502,-770,8.5,761.5
19.8704243602203,518,1021,503,-769.5,7.5,762
19.8725839542166,521,1023,502,-772,9.5,762.5
19.8747435482129,526,1020,494,-773,16,757
19.8769031422093,527,1022,495,-774.5,16,758.5
19.8790627362056,529,1021,492,-775,18.5,756.5
19.8812223302019,530,1021,491,-775.5,19.5,756
19.8833819241983,528,1022,494,-775,17,758
19.8855415181946,522,1022,500,-772,11,761
19.8877011121909,524,1021,497,-772.5,13.5,759
19.8898607061872,526,1022,496,-774,15,759
19.8920203001836,531,1022,491,-776.5,20,756.5
19.8941798941799,532,1023,491,-777.5,20.5,757
19.8963394881762,531,1022,491,-776.5,20,756.5
19.8984990821726,530,1021,491,-775.5,19.5,756
19.9006586761689,530,1021,491,-775.5,19.5,756
19.9028182701652,528,1021,493,-774.5,17.5,757
19.9049778641615,525,1021,496,-773,14.5,758.5
19.9071374581579,523,1023,500,-773,11.5,761.5
19.9092970521542,525,1022,497,-773.5,14,759.5
19.9114566461505,526,1022,496,-774,15,759
19.9136162401469,526,1021,495,-773.5,15.5,758
19.9157758341432,523,1021,498,-772,12.5,759.5
19.9179354281395,524,1022,498,-773,13,760
19.9200950221358,523,1021,498,-772,12.5,759.5
19.9222546161322,523,1021,498,-772,12.5,759.5
19.9244142101285,523,1023,500,-773,11.5,761.5
19.9265738041248,525,1023,498,-774,13.5,760.5
19.9287333981212,520,1021,501,-770.5,9.5,761
19.9308929921175,516,1023,507,-769.5,4.5,765
19.9330525861138,511,1022,511,-766.5,0,766.5
19.9352121801101,508,1021,513,-764.5,-2.5,767
19.9373717741065,503,1020,517,-761.5,-7,768.5
19.9395313681028,503,1021,518,-762,-7.5,769.5
19.9416909620991,512,1021,509,-766.5,1.5,765
19.9438505560955,523,1020,497,-771.5,13,758.5
19.9460101500918,533,1022,489,-777.5,22,755.5
19.9481697440881,537,1021,484,-779,26.5,752.5
19.9503293380844,535,1022,487,-778.5,24,754.5
19.9524889320808,529,1022,493,-775.5,18,757.5
19.9546485260771,521,1021,500,-771,10.5,760.5
19.9568081200734,513,1023,510,-768,1.5,766.5
19.9589677140698,506,1023,517,-764.5,-5.5,770
19.9611273080661,502,1021,519,-761.5,-8.5,770
19.9632869020624,496,1023,527,-759.5,-15.5,775
19.9654464960587,490,1022,532,-756,-21,777
19.9676060900551,483,1023,540,-753,-28.5,781.5
19.9697656840514,484,1020,536,-752,-26,778
19.9719252780477,484,1022,538,-753,-27,780
19.9740848720441,488,1020,532,-754,-22,776
19.9762444660404,493,1021,528,-757,-17.5,774.5
19.9784040600367,498,1022,524,-760,-13,773
19.980563654033,505,1020,515,-762.5,-5,767.5
19.9827232480294,507,1023,516,-765,-4.5,769.5
19.9848828420257,505,1022,517,-763.5,-6,769.5
19.987042436022,502,1020,518,-761,-8,769
19.9892020300184,498,1022,524,-760,-13,773
19.9913616240147,495,1021,526,-758,-15.5,773.5
19.993521218011,491,1021,530,-756,-19.5,775.5
19.9956808120073,488,1022,534,-755,-23,778
19.9978404060037,482,1023,541,-752.5,-29.5,782
