t,leadI,leadII,leadIII,aVR,aVL,aVF
0,524,466,-258.20941125331,52.6116296186387,167.351243630663,-219.962873249302
0.00214822771213749,525,472,-233.771483589575,35.5050802540249,157.576072565169,-193.081152819194
0.00429645542427497,528,481,-204.445970393094,6.17956705754374,150.244694266049,-156.424261323592
0.00644468313641246,533,488,-194.6707993276,-23.1459461389372,157.576072565169,-134.430126426232
0.00859291084854995,536,493,-184.895628262107,-42.6962882699244,160.019865331542,-117.323577061618
0.0107411385606874,535,499,-150.682529532879,-54.9152521017915,140.469523200555,-85.5542710987636
0.0128893662728249,538,500,-160.457700598373,-64.6904231672851,152.688487032422,-87.998063865137
0.0150375939849624,536,502,-140.907358467385,-64.6904231672851,138.025730434182,-73.3353072668965
0.0171858216970999,535,503,-131.132187401892,-64.6904231672851,130.694352135061,-66.0039289677763
0.0193340494092374,534,503,-126.244601869145,-62.2466304009117,125.806766602315,-63.5601362014029
0.0214822771213749,536,509,-106.694259738158,-81.796972531899,120.919181069568,-39.1222085376688
0.0236305048335124,533,511,-82.2563320744236,-79.3531797655256,101.368838938581,-22.0156591730549
0.0257787325456498,535,515,-72.48116100893,-94.015936363766,101.36883893858,-7.35290257481446
0.0279269602577873,535,516,-67.5935754761831,-96.4597291301394,98.9250461722071,-2.46531704206764
0.0300751879699248,534,517,-57.8184044106895,-96.4597291301394,91.5936678730869,4.86606125705258
0.0322234156820623,533,515,-62.7059899434364,-89.1283508310192,91.5936678730869,-2.46531704206765
0.0343716433941998,534,516,-62.7059899434363,-94.015936363766,94.0374606394603,-0.0215242756942331
0.0365198711063373,534,516,-62.7059899434363,-94.015936363766,94.0374606394603,-0.0215242756942331
0.0386680988184748,535,519,-52.9308188779427,-103.79110742926,91.5936678730869,12.1974395561728
0.0408163265306122,535,520,-48.0432333451959,-106.234900195633,89.1498751067134,17.0850250889196
0.0429645542427497,534,522,-33.3804767469554,-108.678692962006,79.3747040412198,29.3039889207867
0.0451127819548872,530,521,-18.717720148715,-96.4597291301394,62.268154676606,34.1915744535335
0.0472610096670247,531,522,-18.717720148715,-101.347314662886,64.7119474429794,36.6353672199069
0.0494092373791622,528,519,-18.717720148715,-86.6845580646458,57.3805691438591,29.3039889207867
0.0515574650912997,529,516,-38.2680622797022,-81.796972531899,69.5995329757262,12.1974395561728
0.0537056928034372,522,514,-13.8301346159681,-59.8028376345383,40.2740197792453,19.528817855293
0.0558539205155747,524,514,-23.6053056814618,-64.6904231672851,50.0491908447389,14.6412323225462
0.0580021482277121,520,515,0.832621982272293,-57.3590448681649,28.0550559473782,29.3039889207867
0.0601503759398496,517,516,20.3829641132596,-52.4714593354181,10.9485065827644,41.5229527526537
0.0622986036519871,520,517,10.6077930477659,-62.2466304009117,23.1674704146314,39.0791599862803
0.0644468313641246,521,517,5.72020751501911,-64.6904231672851,28.0550559473782,36.6353672199069
0.0665950590762621,522,517,0.8326219822723,-67.1342159336585,32.942641480125,34.1915744535335
0.0687432867883996,523,516,-8.94254908322134,-67.1342159336585,40.2740197792453,26.8601961544133
0.0708915145005371,522,513,-18.717720148715,-57.3590448681649,42.7178125456187,14.6412323225462
0.0730397422126745,523,514,-18.717720148715,-62.2466304009117,45.1616053119921,17.0850250889196
0.075187969924812,523,516,-8.94254908322134,-67.1342159336585,40.2740197792453,26.8601961544133
0.0773361976369495,517,515,15.4953785805127,-50.0276665690447,13.3922993491378,36.6353672199069
0.079484425349087,514,515,30.1581351787532,-42.6962882699244,-1.27045724910268,43.9667455190271
0.0816326530612245,508,511,39.9333062442468,-18.2583606061903,-20.82079938009,39.0791599862803
0.083780880773362,507,510,39.9333062442469,-13.3707750734435,-23.2645921464634,36.6353672199069
0.0859291084854995,508,507,20.3829641132596,-8.48318954069671,-11.0456283145963,19.528817855293
0.088077336197637,507,504,10.6077930477659,1.29198152479693,-8.60183554822291,7.30985402342599
0.0902255639097744,503,501,15.4953785805128,18.3985308894108,-20.82079938009,2.42226849067917
0.0923737916219119,501,502,30.1581351787532,20.8423236557842,-33.039763211957,12.1974395561728
0.0945220193340494,501,503,35.0457207115,18.3985308894108,-35.4835559783304,17.0850250889196
0.0966702470461869,501,502,30.1581351787532,20.8423236557842,-33.039763211957,12.1974395561728
0.0988184747583244,498,503,49.7084773097405,25.729909188531,-50.1463125765709,24.4164033880399
0.100966702470462,495,501,54.5960628424873,37.9488730203981,-59.9214836420645,21.9726106216664
0.103114930182599,498,498,25.2705496460064,37.9488730203981,-37.9273487447038,-0.0215242756942402
0.105263157894737,500,497,10.6077930477659,35.5050802540247,-25.7083849128368,-9.79669534118788
0.107411385606874,500,496,5.72020751501912,37.9488730203981,-23.2645921464634,-14.6842808739347
0.109559613319012,502,496,-4.05496355047452,33.0612874876512,-13.4894210809697,-19.5718664066815
0.111707841031149,498,496,15.4953785805128,42.8364585531449,-33.039763211957,-9.79669534118787
0.113856068743287,496,497,30.1581351787532,45.2802513195183,-45.2587270438241,-0.0215242756942402
0.116004296455424,494,496,35.0457207115,52.6116296186385,-52.5901053429443,-0.0215242756942331
0.118152524167562,489,494,49.7084773097405,69.7181789832524,-72.1404474739316,2.42226849067917
0.120300751879699,487,492,49.7084773097405,79.493350048746,-77.0280330066784,-2.46531704206765
0.122448979591837,485,487,35.0457207115,96.5998994133599,-74.584240240305,-22.0156591730549
0.124597207303974,482,485,39.9333062442469,108.818863245227,-84.3594113057986,-24.4594519394283
0.126745435016112,487,485,15.4953785805127,96.5998994133599,-59.9214836420645,-36.6784157712954
0.128893662728249,494,489,0.8326219822723,69.7181789832524,-35.4835559783304,-34.234623004922
0.131041890440387,501,497,5.72020751501912,33.0612874876512,-20.82079938009,-12.2404881075613
0.133190118152524,503,496,-8.94254908322134,30.6174947212778,-8.60183554822292,-22.0156591730549
0.135338345864662,507,496,-28.4928912142086,20.8423236557842,10.9485065827644,-31.7908302385486
0.137486573576799,506,498,-13.8301346159682,18.3985308894108,1.17333551727072,-19.5718664066815
0.139634801288937,506,495,-28.4928912142086,25.729909188531,8.50471381639095,-34.234623004922
0.141783029001074,503,493,-23.6053056814618,37.9488730203981,-1.27045724910268,-36.6784157712954
0.143931256713212,505,493,-33.3804767469554,33.0612874876512,8.50471381639095,-41.5660013040422
0.146079484425349,505,496,-18.717720148715,25.729909188531,1.17333551727072,-26.9032447058017
0.148227712137487,504,497,-8.94254908322134,25.729909188531,-6.1580427818495,-19.5718664066815
0.150375939849624,503,495,-13.8301346159682,33.0612874876512,-6.1580427818495,-26.9032447058017
0.152524167561762,500,496,5.72020751501912,37.9488730203981,-23.2645921464634,-14.6842808739347
0.154672395273899,500,497,10.6077930477659,35.5050802540247,-25.7083849128368,-9.79669534118788
0.156820622986037,502,495,-8.94254908322134,35.5050802540247,-11.0456283145963,-24.4594519394283
0.158968850698174,500,493,-8.94254908322134,45.2802513195183,-15.9332138473431,-29.3470374721752
0.161117078410312,503,493,-23.6053056814618,37.9488730203981,-1.27045724910268,-36.6784157712954
0.163265306122449,502,495,-8.94254908322134,35.5050802540247,-11.0456283145963,-24.4594519394283
0.165413533834586,503,498,0.832621982272297,25.729909188531,-13.4894210809697,-12.2404881075613
0.167561761546724,504,498,-4.05496355047452,23.2861164221576,-8.60183554822291,-14.6842808739347
0.169709989258861,505,499,-4.05496355047452,18.3985308894108,-6.1580427818495,-12.2404881075613
0.171858216970999,505,500,0.832621982272297,15.9547381230374,-8.60183554822291,-7.35290257481447
0.174006444683136,503,499,5.72020751501912,23.2861164221576,-15.9332138473431,-7.35290257481447
0.176154672395274,505,495,-23.6053056814618,28.1737019549044,3.61712828364413,-31.7908302385486
0.178302900107411,505,495,-23.6053056814618,28.1737019549044,3.61712828364413,-31.7908302385486
0.180451127819549,502,496,-4.05496355047452,33.0612874876512,-13.4894210809697,-19.5718664066815
0.182599355531686,502,497,0.832621982272297,30.6174947212778,-15.9332138473431,-14.6842808739347
0.184747583243824,501,498,10.6077930477659,30.6174947212778,-23.2645921464634,-7.35290257481447
0.186895810955961,502,497,0.832621982272297,30.6174947212778,-15.9332138473431,-14.6842808739347
0.189044038668099,498,497,20.3829641132596,40.3926657867715,-35.4835559783304,-4.90910980844106
0.191192266380236,495,495,25.2705496460064,52.6116296186385,-45.2587270438241,-7.35290257481447
0.193340494092374,494,493,20.3829641132596,59.9430079177588,-45.2587270438241,-14.6842808739347
0.195488721804511,495,488,-8.94254908322134,69.7181789832524,-28.1521776792102,-41.5660013040422
0.197636949516649,501,493,-13.8301346159682,42.8364585531449,-11.0456283145963,-31.7908302385486
0.199785177228786,509,496,-38.2680622797022,15.9547381230374,20.723677648258,-36.6784157712954
0.201933404940924,515,502,-38.2680622797022,-13.3707750734435,35.3864342464985,-22.0156591730549
0.204081632653061,518,504,-43.1556478124491,-25.5897389053106,45.1616053119921,-19.5718664066815
0.206229860365199,520,504,-52.9308188779427,-30.4773244380574,54.9367763774857,-24.4594519394283
0.208378088077336,518,507,-28.4928912142086,-32.9211172044308,37.8302270128719,-4.90910980844106
0.210526315789474,514,506,-13.8301346159682,-20.7021533725638,20.723677648258,-0.0215242756942402
0.212674543501611,516,501,-48.0432333451959,-13.3707750734435,42.7178125456187,-29.3470374721752
0.214822771213749,517,502,-48.0432333451959,-18.2583606061904,45.1616053119921,-26.9032447058017
0.216970998925886,518,503,-48.0432333451959,-23.1459461389372,47.6053980783655,-24.4594519394283
0.219119226638024,517,506,-28.4928912142086,-28.033531671684,35.3864342464985,-7.35290257481447
0.221267454350161,512,505,-8.94254908322134,-13.3707750734435,13.3922993491378,-0.0215242756942402
0.223415682062299,511,506,0.832621982272297,-13.3707750734435,6.06092105001754,7.30985402342599
0.225563909774436,508,506,15.4953785805128,-6.0393967743233,-8.60183554822291,14.6412323225462
0.227712137486574,507,505,15.4953785805128,-1.15181124157648,-11.0456283145963,12.1974395561728
0.229860365198711,511,503,-13.8301346159682,-6.0393967743233,13.3922993491378,-7.35290257481447
0.232008592910849,516,502,-43.1556478124491,-15.8145678398169,40.2740197792453,-24.4594519394283
0.234156820622986,517,504,-38.2680622797022,-23.1459461389372,40.2740197792453,-17.1280736403081
0.236305048335124,521,509,-33.3804767469554,-45.1400810362979,47.6053980783655,-2.46531704206765
0.238453276047261,520,509,-28.4928912142086,-42.6962882699244,42.7178125456187,-0.0215242756942402
0.240601503759398,512,510,15.4953785805128,-25.5897389053106,1.17333551727072,24.4164033880399
0.242749731471536,512,509,10.6077930477659,-23.1459461389372,3.61712828364413,19.528817855293
0.244897959183673,515,511,5.72020751501911,-35.3649099708042,13.3922993491378,21.9726106216664
0.247046186895811,520,509,-28.4928912142086,-42.6962882699244,42.7178125456187,-0.0215242756942402
0.249194414607948,522,507,-48.0432333451959,-42.6962882699244,57.3805691438591,-14.6842808739347
0.251342642320086,524,510,-43.1556478124491,-54.9152521017915,59.8243619102326,-4.90910980844106
0.253490870032223,520,514,-4.05496355047452,-54.9152521017915,30.4988487137516,24.4164033880399
0.255639097744361,520,512,-13.8301346159682,-50.0276665690447,35.3864342464985,14.6412323225462
0.257787325456498,514,512,15.4953785805128,-35.3649099708042,6.06092105001754,29.3039889207867
0.259935553168636,516,512,5.72020751501912,-40.252495503551,15.8360921155112,24.4164033880399
0.262083780880773,517,514,10.6077930477659,-47.5838738026713,15.8360921155112,31.7477816871601
0.264232008592911,516,510,-4.05496355047452,-35.3649099708042,20.723677648258,14.6412323225462
0.266380236305048,516,506,-23.6053056814618,-25.5897389053106,30.4988487137516,-4.90910980844106
0.268528464017186,511,503,-13.8301346159682,-6.0393967743233,13.3922993491378,-7.35290257481447
0.270676691729323,509,504,0.832621982272297,-3.59560400794989,1.17333551727072,2.42226849067917
0.272824919441461,506,506,25.2705496460064,-1.15181124157648,-18.3770066137166,19.528817855293
0.274973147153598,503,504,30.1581351787532,11.0671525902906,-28.1521776792102,17.0850250889196
0.277121374865736,501,502,30.1581351787532,20.8423236557842,-33.039763211957,12.1974395561728
0.279269602577873,500,502,35.0457207115,23.2861164221576,-37.9273487447038,14.6412323225462
0.281417830290011,494,497,39.9333062442469,50.1678368522651,-55.0338981093177,4.86606125705258
0.283566058002148,491,495,44.8208917769937,62.3868006841322,-64.8090691748113,2.42226849067917
0.285714285714286,498,494,5.72020751501912,47.7240440858917,-28.1521776792102,-19.5718664066815
0.287862513426423,500,497,10.6077930477659,35.5050802540247,-25.7083849128368,-9.79669534118788
0.290010741138561,503,497,-4.05496355047452,28.1737019549044,-11.0456283145963,-17.1280736403081
0.292158968850698,499,497,15.4953785805128,37.9488730203981,-30.5959704455836,-7.35290257481447
0.294307196562836,496,494,15.4953785805128,52.6116296186385,-37.9273487447038,-14.6842808739347
0.296455424274973,492,495,39.9333062442468,59.9430079177587,-59.9214836420645,-0.0215242756942473
0.298603651987111,488,494,54.5960628424873,72.1619717496258,-77.0280330066784,4.86606125705258
0.300751879699248,489,490,30.1581351787532,79.493350048746,-62.3652764084379,-17.1280736403081
0.302900107411386,491,486,0.8326219822723,84.3809355814928,-42.8149342774506,-41.5660013040422
0.305048335123523,492,486,-4.05496355047453,81.9371428151194,-37.9273487447038,-44.0097940704156
0.307196562835661,495,489,-4.05496355047453,67.274386216879,-30.5959704455836,-36.6784157712954
0.309344790547798,496,493,10.6077930477659,55.0554223850119,-35.4835559783304,-19.5718664066815
0.311493018259936,495,493,15.4953785805127,57.4992151513853,-40.3711415110772,-17.1280736403081
0.313641245972073,496,493,10.6077930477659,55.0554223850119,-35.4835559783304,-19.5718664066815
0.315789473684211,497,496,20.3829641132596,45.2802513195183,-37.9273487447038,-7.35290257481446
0.317937701396348,497,491,-4.05496355047453,57.4992151513853,-25.7083849128368,-31.7908302385486
0.320085929108485,494,489,0.8326219822723,69.7181789832524,-35.4835559783304,-34.234623004922
0.322234156820623,491,487,5.72020751501911,81.9371428151194,-45.2587270438241,-36.6784157712954
0.32438238453276,491,489,15.4953785805127,77.0495572823726,-50.1463125765709,-26.9032447058017
0.326530612244898,494,490,5.72020751501913,67.274386216879,-37.9273487447038,-29.3470374721751
0.328678839957035,493,490,10.6077930477659,69.7181789832524,-42.8149342774506,-26.9032447058017
0.330827067669173,493,490,10.6077930477659,69.7181789832524,-42.8149342774506,-26.9032447058017
0.33297529538131,489,491,35.0457207115,77.0495572823726,-64.8090691748113,-12.2404881075613
0.335123523093448,488,488,25.2705496460064,86.8247283478663,-62.3652764084379,-24.4594519394283
0.337271750805585,485,483,15.4953785805127,106.375070478854,-64.8090691748113,-41.5660013040422
0.339419978517723,485,481,5.72020751501911,111.2626560116,-59.9214836420645,-51.3411723695358
0.34156820622986,486,481,0.8326219822723,108.818863245227,-55.0338981093177,-53.7849651359092
0.343716433941998,486,482,5.72020751501913,106.375070478854,-57.4776908756911,-48.8973796031624
0.345864661654135,482,482,25.2705496460064,116.150241544347,-77.0280330066784,-39.1222085376688
0.348012889366273,484,483,20.3829641132596,108.818863245227,-69.6966547075581,-39.1222085376688
0.35016111707841,489,486,10.6077930477659,89.2685211142397,-52.5901053429443,-36.6784157712954
0.352309344790548,491,486,0.8326219822723,84.3809355814928,-42.8149342774506,-41.5660013040422
0.354457572502685,504,490,-43.1556478124491,42.8364585531449,10.9485065827644,-53.7849651359092
0.356605800214823,522,496,-101.806674205411,-15.8145678398169,84.2622895739666,-68.4477217341497
0.35875402792696,541,507,-140.907358467385,-89.1283508310192,150.244694266049,-61.1163434350295
0.360902255639098,559,517,-180.00804272936,-157.554548289475,213.783306191757,-56.2287579022827
0.363050483351235,581,530,-223.996312524082,-243.087295112544,289.540881949333,-46.4535868367892
0.365198711063373,600,542,-258.20941125331,-318.84487087012,353.079493875042,-34.2346230049222
0.36734693877551,618,556,-277.759753384297,-397.046239394069,406.842934735257,-9.79669534118813
0.369495166487648,630,566,-287.53492444979,-450.809680254284,441.056033464485,9.75364678979918
0.371643394199785,635,572,-282.647338917044,-477.691400684392,450.831204529979,26.860196154413
0.373791621911923,635,575,-267.984582318803,-485.022778983512,443.499826230858,41.5229527526535
0.37593984962406,621,572,-214.221141458588,-443.478301955164,382.405007071523,61.0732948836408
0.378088077336198,601,570,-126.244601869145,-389.714861094949,289.540881949333,100.173979145615
0.380236305048335,575,563,-33.3804767469554,-309.069699804626,179.57020746253,129.499492342096
0.382384532760473,552,557,49.7084773097405,-238.199709579797,81.8184968075932,156.381212772204
0.38453276047261,529,549,123.022260300943,-162.442133822222,-11.0456283145963,173.487762136818
0.386680988184748,507,536,167.010530095664,-76.9093869991522,-86.803204072172,163.712591071324
0.388829215896885,491,526,196.336043292145,-13.3707750734435,-140.566644932387,153.937420005831
0.390977443609023,482,517,196.336043292145,30.6174947212778,-162.560779829748,131.94328510847
0.39312567132116,479,513,191.448457759399,47.7240440858919,-167.448365362495,119.724321276603
0.395273899033298,485,508,137.685016899183,45.2802513195183,-125.903888334147,80.6236370146283
0.397422126745435,492,511,118.134674768196,20.8423236557842,-99.0221679040391,78.1798442482549
0.399570354457572,500,511,79.0339905062214,1.29198152479693,-59.9214836420645,58.6295021172676
0.40171858216971,505,514,69.2588194407278,-18.2583606061904,-42.8149342774506,61.073294883641
0.403866809881847,510,515,49.7084773097405,-32.9211172044308,-20.82079938009,53.7419165845208
0.406015037593985,512,514,35.0457207115,-35.3649099708042,-8.60183554822292,43.9667455190271
0.408163265306122,512,512,25.2705496460064,-30.4773244380574,-3.7142500154761,34.1915744535335
0.41031149301826,513,509,5.72020751501912,-25.5897389053106,8.50471381639095,17.0850250889196
0.412459720730397,508,507,20.3829641132596,-8.48318954069671,-11.0456283145963,19.528817855293
0.414607948442535,506,506,25.2705496460064,-1.15181124157648,-18.3770066137166,19.528817855293
0.416756176154672,497,505,64.3712339079809,23.2861164221576,-59.9214836420645,36.6353672199069
0.41890440386681,491,502,79.0339905062214,45.2802513195183,-81.9156185394252,36.6353672199069
0.421052631578947,488,498,74.1464049734746,62.3868006841322,-86.803204072172,24.4164033880398
0.423200859291085,482,496,93.6967471044619,81.9371428151194,-111.241131735906,29.3039889207867
0.425349087003222,482,491,69.2588194407278,94.1561066469865,-99.0221679040391,4.86606125705258
0.42749731471536,486,490,44.8208917769937,86.8247283478663,-77.0280330066784,-9.79669534118787
0.429645542427497,487,490,39.9333062442469,84.3809355814928,-72.1404474739316,-12.2404881075613
0.431793770139635,490,490,25.2705496460064,77.0495572823726,-57.4776908756911,-19.5718664066815
0.433941997851772,494,493,20.3829641132596,59.9430079177588,-45.2587270438241,-14.6842808739347
0.43609022556391,495,493,15.4953785805127,57.4992151513853,-40.3711415110772,-17.1280736403081
0.438238453276047,495,493,15.4953785805127,57.4992151513853,-40.3711415110772,-17.1280736403081
0.440386680988185,493,493,25.2705496460064,62.3868006841322,-50.1463125765709,-12.2404881075613
0.442534908700322,493,492,20.3829641132596,64.8305934505056,-47.7025198101975,-17.1280736403081
0.44468313641246,493,491,15.4953785805127,67.274386216879,-45.2587270438241,-22.0156591730549
0.446831364124597,496,491,0.832621982272293,59.9430079177587,-30.5959704455836,-29.3470374721752
0.448979591836735,497,490,-8.94254908322134,59.9430079177587,-23.2645921464634,-36.6784157712954
0.451127819548872,496,491,0.832621982272293,59.9430079177587,-30.5959704455836,-29.3470374721752
0.45327604726101,492,493,30.1581351787532,64.8305934505056,-55.0338981093177,-9.79669534118788
0.455424274973147,490,494,44.8208917769937,67.274386216879,-67.2528619411847,-0.0215242756942331
0.457572502685285,493,491,15.4953785805127,67.274386216879,-45.2587270438241,-22.0156591730549
0.459720730397422,493,491,15.4953785805127,67.274386216879,-45.2587270438241,-22.0156591730549
0.46186895810956,492,488,5.72020751501911,77.0495572823726,-42.8149342774506,-34.234623004922
0.464017185821697,491,487,5.72020751501911,81.9371428151194,-45.2587270438241,-36.6784157712954
0.466165413533835,494,485,-18.717720148715,79.493350048746,-25.7083849128368,-53.7849651359092
0.468313641245972,498,490,-13.8301346159682,57.4992151513853,-18.3770066137166,-39.1222085376688
0.47046186895811,505,494,-28.4928912142086,30.6174947212778,6.06092105001754,-36.6784157712954
0.472610096670247,506,496,-23.6053056814618,23.2861164221576,6.06092105001754,-29.3470374721751
0.474758324382385,509,498,-28.4928912142086,11.0671525902906,15.8360921155112,-26.9032447058017
0.476906552094522,506,497,-18.717720148715,20.8423236557842,3.61712828364413,-24.4594519394283
0.47905477980666,506,497,-18.717720148715,20.8423236557842,3.61712828364413,-24.4594519394283
0.481203007518797,507,497,-23.6053056814618,18.3985308894108,8.50471381639095,-26.9032447058017
0.483351235230934,506,493,-38.2680622797023,30.6174947212778,13.3922993491378,-44.0097940704156
0.485499462943072,507,495,-33.3804767469554,23.2861164221576,13.3922993491378,-36.6784157712954
0.487647690655209,506,496,-23.6053056814618,23.2861164221576,6.06092105001754,-29.3470374721751
0.489795918367347,503,497,-4.05496355047452,28.1737019549044,-11.0456283145963,-17.1280736403081
0.491944146079484,502,498,5.72020751501912,28.1737019549044,-18.3770066137166,-9.79669534118788
0.494092373791622,502,498,5.72020751501912,28.1737019549044,-18.3770066137166,-9.79669534118788
0.496240601503759,503,497,-4.05496355047452,28.1737019549044,-11.0456283145963,-17.1280736403081
0.498388829215897,505,497,-13.8301346159682,23.2861164221576,-1.27045724910269,-22.0156591730549
0.500537056928034,507,496,-28.4928912142086,20.8423236557842,10.9485065827644,-31.7908302385486
0.502685284640172,507,496,-28.4928912142086,20.8423236557842,10.9485065827644,-31.7908302385486
0.504833512352309,504,498,-4.05496355047452,23.2861164221576,-8.60183554822291,-14.6842808739347
0.506981740064447,501,498,10.6077930477659,30.6174947212778,-23.2645921464634,-7.35290257481447
0.509129967776584,507,500,-8.94254908322134,11.0671525902906,1.17333551727072,-12.2404881075613
0.511278195488722,511,501,-23.6053056814618,-1.15181124157648,18.2798848818846,-17.1280736403081
0.513426423200859,517,504,-38.2680622797022,-23.1459461389372,40.2740197792453,-17.1280736403081
0.515574650912997,516,505,-28.4928912142086,-23.1459461389372,32.942641480125,-9.79669534118788
0.517722878625134,517,504,-38.2680622797022,-23.1459461389372,40.2740197792453,-17.1280736403081
0.519871106337272,516,504,-33.3804767469554,-20.7021533725638,35.3864342464985,-14.6842808739347
0.522019334049409,516,506,-23.6053056814618,-25.5897389053106,30.4988487137516,-4.90910980844106
0.524167561761547,517,509,-13.8301346159682,-35.3649099708042,28.0550559473782,7.30985402342599
0.526315789473684,519,509,-23.6053056814618,-40.252495503551,37.8302270128719,2.42226849067917
0.528464017185822,519,510,-18.717720148715,-42.6962882699244,35.3864342464985,7.30985402342599
0.530612244897959,517,511,-4.05496355047453,-40.252495503551,23.1674704146314,17.0850250889196
0.532760472610097,517,507,-23.6053056814618,-30.4773244380574,32.942641480125,-2.46531704206765
0.534908700322234,515,508,-8.94254908322134,-28.033531671684,20.723677648258,7.30985402342599
0.537056928034372,519,505,-43.1556478124491,-30.4773244380574,47.6053980783655,-17.1280736403081
0.539205155746509,520,508,-33.3804767469554,-40.252495503551,45.1616053119921,-4.90910980844106
0.541353383458647,520,511,-18.717720148715,-47.5838738026713,37.8302270128719,9.75364678979939
0.543501611170784,523,516,-8.94254908322134,-67.1342159336585,40.2740197792453,26.8601961544133
0.545649838882922,525,514,-28.4928912142086,-67.1342159336585,54.9367763774857,12.1974395561728
0.547798066595059,525,516,-18.717720148715,-72.0218014664053,50.0491908447389,21.9726106216664
0.549946294307197,526,516,-23.6053056814618,-74.4655942327788,54.9367763774857,19.528817855293
0.552094522019334,530,517,-38.2680622797022,-86.6845580646458,72.0433257420996,14.6412323225462
0.554242749731472,531,515,-52.9308188779427,-84.2407652982724,81.8184968075932,2.42226849067917
0.556390977443609,527,515,-33.3804767469554,-74.4655942327788,62.268154676606,12.1974395561728
0.558539205155747,528,516,-33.3804767469554,-79.3531797655256,64.7119474429794,14.6412323225462
0.560687432867884,524,519,0.832621982272286,-76.9093869991522,37.8302270128719,39.0791599862803
0.562835660580021,524,520,5.72020751501911,-79.3531797655256,35.3864342464985,43.9667455190271
0.564983888292159,526,521,0.8326219822723,-86.6845580646458,42.7178125456187,43.9667455190271
0.567132116004296,534,523,-28.4928912142086,-111.12248572838,76.9309112748464,34.1915744535335
0.569280343716434,539,525,-43.1556478124491,-128.229035092994,96.4812534058337,31.7477816871601
0.571428571428571,542,525,-57.8184044106895,-135.560413392114,111.144010004074,24.4164033880399
0.573576799140709,545,528,-57.8184044106895,-150.223169990354,118.475388303194,31.7477816871601
0.575725026852846,542,530,-33.3804767469554,-147.779377223981,98.9250461722071,48.854331051774
0.577873254564984,542,531,-28.4928912142086,-150.223169990354,96.4812534058337,53.7419165845208
0.580021482277121,537,530,-8.94254908322134,-135.560413392114,74.487118508473,61.073294883641
0.582169709989259,535,529,-4.05496355047451,-128.229035092994,67.1557402093528,61.073294883641
0.584317937701396,537,531,-4.05496355047453,-138.004206158487,72.0433257420996,65.9608804163878
0.586466165413534,538,529,-18.717720148715,-135.560413392114,81.8184968075932,53.7419165845208
0.588614393125671,540,526,-43.1556478124491,-133.116620625741,98.9250461722071,34.1915744535335
0.590762620837809,539,526,-38.2680622797023,-130.672827859367,94.0374606394603,36.6353672199069
0.592910848549946,539,526,-38.2680622797023,-130.672827859367,94.0374606394603,36.6353672199069
0.595059076262084,537,530,-8.94254908322134,-135.560413392114,74.487118508473,61.073294883641
0.597207303974221,534,529,0.8326219822723,-125.78524232662,62.268154676606,63.5170876500144
0.599355531686359,529,529,25.2705496460064,-113.566278494753,37.8302270128719,75.7360514818814
0.601503759398496,531,528,10.6077930477659,-116.010071261127,50.0491908447389,65.9608804163878
0.603651987110634,532,528,5.72020751501911,-118.4538640275,54.9367763774857,63.5170876500144
0.605800214822771,530,526,5.72020751501913,-108.678692962006,50.0491908447389,58.6295021172676
0.607948442534909,531,522,-18.717720148715,-101.347314662886,64.7119474429794,36.6353672199069
0.610096670247046,527,521,-4.05496355047453,-89.1283508310192,47.6053980783655,41.5229527526537
0.612244897959184,524,523,20.3829641132596,-86.6845580646458,28.0550559473782,58.6295021172676
0.614393125671321,523,523,25.2705496460064,-84.2407652982724,23.1674704146314,61.073294883641
0.616541353383459,526,526,25.2705496460064,-98.9035218965129,30.4988487137516,68.4046731827612
0.618689581095596,528,525,10.6077930477659,-101.347314662886,42.7178125456187,58.6295021172676
0.620837808807734,525,525,25.2705496460064,-94.015936363766,28.0550559473782,65.9608804163878
0.622986036519871,523,522,20.3829641132596,-81.796972531899,25.6112631810048,56.1857093508942
0.625134264232009,519,517,15.4953785805127,-59.8028376345383,18.2798848818846,41.5229527526537
0.627282491944146,516,515,20.3829641132596,-47.5838738026713,8.50471381639095,39.0791599862803
0.629430719656284,513,517,44.8208917769937,-45.1400810362979,-11.0456283145963,56.1857093508942
0.631578947368421,509,515,54.5960628424873,-30.4773244380574,-25.7083849128368,56.1857093508942
0.633727175080559,504,511,59.4836483752341,-8.48318954069671,-40.3711415110772,48.8543310517739
0.635875402792696,508,512,44.8208917769937,-20.7021533725638,-23.2645921464634,43.9667455190271
0.638023630504833,514,515,30.1581351787532,-42.6962882699244,-1.27045724910268,43.9667455190271
0.640171858216971,515,515,25.2705496460064,-45.1400810362979,3.61712828364413,41.5229527526537
0.642320085929108,515,508,-8.94254908322134,-28.033531671684,20.723677648258,7.30985402342599
0.644468313641246,513,508,0.832621982272297,-23.1459461389372,10.9485065827644,12.1974395561728
0.646616541353383,510,508,15.4953785805128,-15.8145678398169,-3.71425001547609,19.528817855293
0.648764769065521,510,510,25.2705496460064,-20.7021533725638,-8.60183554822292,29.3039889207867
0.650912996777658,508,509,30.1581351787532,-13.3707750734435,-15.9332138473431,29.3039889207867
0.653061224489796,508,508,25.2705496460064,-10.9269823070701,-13.4894210809697,24.4164033880399
0.655209452201933,505,508,39.9333062442469,-3.59560400794989,-28.1521776792102,31.7477816871601
0.657357679914071,502,506,44.8208917769937,8.62335982391715,-37.9273487447038,29.3039889207867
0.659505907626208,499,501,35.0457207115,28.1737019549044,-40.3711415110772,12.1974395561728
0.661654135338346,496,498,35.0457207115,42.8364585531449,-47.7025198101975,4.86606125705258
0.663802363050483,494,496,35.0457207115,52.6116296186385,-52.5901053429443,-0.0215242756942331
0.665950590762621,488,498,74.1464049734746,62.3868006841322,-86.803204072172,24.4164033880398
0.668098818474758,490,497,59.4836483752341,59.9430079177588,-74.584240240305,14.6412323225462
0.670247046186896,494,498,44.8208917769937,47.7240440858917,-57.4776908756911,9.7536467897994
0.672395273899033,497,499,35.0457207115,37.9488730203981,-45.2587270438241,7.30985402342599
0.674543501611171,498,501,39.9333062442469,30.6174947212778,-45.2587270438241,14.6412323225462
0.676691729323308,498,496,15.4953785805128,42.8364585531449,-33.039763211957,-9.79669534118787
0.678839957035446,500,495,0.832621982272293,40.3926657867715,-20.82079938009,-19.5718664066815
0.680988184747583,497,493,5.72020751501911,52.6116296186385,-30.5959704455836,-22.0156591730549
0.683136412459721,493,494,30.1581351787532,59.9430079177587,-52.5901053429443,-7.35290257481446
0.685284640171858,488,492,44.8208917769937,77.0495572823726,-72.1404474739315,-4.90910980844106
0.687432867883996,491,493,35.0457207115,67.274386216879,-59.9214836420645,-7.35290257481447
0.689581095596133,490,493,39.9333062442469,69.7181789832524,-64.8090691748113,-4.90910980844106
0.691729323308271,493,494,30.1581351787532,59.9430079177587,-52.5901053429443,-7.35290257481446
0.693877551020408,494,492,15.4953785805128,62.3868006841322,-42.8149342774507,-19.5718664066815
0.696025778732546,498,490,-13.8301346159682,57.4992151513853,-18.3770066137166,-39.1222085376688
0.698174006444683,503,491,-33.3804767469554,42.8364585531449,3.61712828364413,-46.453586836789
0.700322234156821,506,496,-23.6053056814618,23.2861164221576,6.06092105001754,-29.3470374721751
0.702470461868958,506,495,-28.4928912142086,25.729909188531,8.50471381639095,-34.234623004922
0.704618689581096,504,497,-8.94254908322134,25.729909188531,-6.1580427818495,-19.5718664066815
0.706766917293233,503,497,-4.05496355047452,28.1737019549044,-11.0456283145963,-17.1280736403081
0.708915145005371,498,499,30.1581351787532,35.5050802540247,-40.3711415110772,4.86606125705258
0.711063372717508,497,493,5.72020751501911,52.6116296186385,-30.5959704455836,-22.0156591730549
0.713211600429645,493,491,15.4953785805127,67.274386216879,-45.2587270438241,-22.0156591730549
0.715359828141783,496,491,0.832621982272293,59.9430079177587,-30.5959704455836,-29.3470374721752
0.717508055853921,498,494,5.72020751501912,47.7240440858917,-28.1521776792102,-19.5718664066815
0.719656283566058,502,496,-4.05496355047452,33.0612874876512,-13.4894210809697,-19.5718664066815
0.721804511278195,501,494,-8.94254908322134,40.3926657867715,-13.4894210809697,-26.9032447058017
0.723952738990333,500,496,5.72020751501912,37.9488730203981,-23.2645921464634,-14.6842808739347
0.72610096670247,496,497,30.1581351787532,45.2802513195183,-45.2587270438241,-0.0215242756942402
0.728249194414608,495,495,25.2705496460064,52.6116296186385,-45.2587270438241,-7.35290257481447
0.730397422126745,495,491,5.72020751501911,62.3868006841322,-35.4835559783304,-26.9032447058017
0.732545649838883,497,489,-13.8301346159682,62.3868006841322,-20.82079938009,-41.5660013040422
0.73469387755102,501,491,-23.6053056814618,47.7240440858917,-6.1580427818495,-41.5660013040422
0.736842105263158,504,497,-8.94254908322134,25.729909188531,-6.1580427818495,-19.5718664066815
0.738990332975295,508,498,-23.6053056814618,13.510945356664,10.9485065827644,-24.4594519394283
0.741138560687433,509,499,-23.6053056814618,8.62335982391715,13.3922993491378,-22.0156591730549
0.74328678839957,508,499,-18.717720148715,11.0671525902906,8.50471381639095,-19.5718664066815
0.745435016111708,507,501,-4.05496355047452,8.62335982391715,-1.27045724910269,-7.35290257481447
0.747583243823845,507,499,-13.8301346159682,13.510945356664,3.61712828364413,-17.1280736403081
0.749731471535983,512,499,-38.2680622797022,1.29198152479693,28.0550559473782,-29.3470374721752
0.75187969924812,514,497,-57.8184044106895,1.29198152479693,42.7178125456187,-44.0097940704156
0.754027926960258,512,502,-23.6053056814618,-6.0393967743233,20.723677648258,-14.6842808739347
0.756176154672395,511,501,-23.6053056814618,-1.15181124157648,18.2798848818846,-17.1280736403081
0.758324382384533,510,502,-13.8301346159682,-1.15181124157648,10.9485065827644,-9.79669534118788
0.76047261009667,508,502,-4.05496355047452,3.73577429117034,1.17333551727072,-4.90910980844106
0.762620837808808,501,500,20.3829641132596,25.729909188531,-28.1521776792102,2.42226849067917
0.764769065520945,503,498,0.832621982272297,25.729909188531,-13.4894210809697,-12.2404881075613
0.766917293233083,504,497,-8.94254908322134,25.729909188531,-6.1580427818495,-19.5718664066815
0.76906552094522,509,498,-28.4928912142086,11.0671525902906,15.8360921155112,-26.9032447058017
0.771213748657358,516,503,-38.2680622797022,-18.2583606061904,37.8302270128719,-19.5718664066815
0.773361976369495,516,505,-28.4928912142086,-23.1459461389372,32.942641480125,-9.79669534118788
0.775510204081633,513,506,-8.94254908322134,-18.2583606061904,15.8360921155112,2.42226849067917
0.77765843179377,516,508,-13.8301346159682,-30.4773244380574,25.6112631810048,4.86606125705258
0.779806659505908,510,508,15.4953785805128,-15.8145678398169,-3.71425001547609,19.528817855293
0.781954887218045,510,505,0.832621982272297,-8.48318954069671,3.61712828364413,4.86606125705258
0.784103114930183,508,503,0.832621982272297,1.29198152479693,-1.27045724910269,-0.0215242756942402
0.78625134264232,512,502,-23.6053056814618,-6.0393967743233,20.723677648258,-14.6842808739347
0.788399570354458,515,505,-23.6053056814618,-20.7021533725638,28.0550559473782,-7.35290257481447
0.790547798066595,517,508,-18.717720148715,-32.9211172044308,30.4988487137516,2.42226849067917
0.792696025778733,517,509,-13.8301346159682,-35.3649099708042,28.0550559473782,7.30985402342599
0.79484425349087,518,509,-18.717720148715,-37.8087027371776,32.942641480125,4.86606125705258
0.796992481203007,518,512,-4.05496355047452,-45.1400810362979,25.6112631810048,19.528817855293
0.799140708915145,516,510,-4.05496355047452,-35.3649099708042,20.723677648258,14.6412323225462
0.801288936627283,515,507,-13.8301346159682,-25.5897389053106,23.1674704146314,2.42226849067917
0.80343716433942,514,505,-18.717720148715,-18.2583606061904,23.1674704146314,-4.90910980844106
0.805585392051557,515,506,-18.717720148715,-23.1459461389372,25.6112631810048,-2.46531704206765
0.807733619763695,517,509,-13.8301346159682,-35.3649099708042,28.0550559473782,7.30985402342599
0.809881847475832,518,512,-4.05496355047452,-45.1400810362979,25.6112631810048,19.528817855293
0.81203007518797,518,512,-4.05496355047452,-45.1400810362979,25.6112631810048,19.528817855293
0.814178302900107,515,512,10.6077930477659,-37.8087027371776,10.9485065827644,26.8601961544133
0.816326530612245,514,511,10.6077930477659,-32.9211172044308,8.50471381639095,24.4164033880398
0.818474758324382,511,507,5.72020751501912,-15.8145678398169,3.61712828364413,12.1974395561728
0.82062298603652,512,506,-4.05496355047452,-15.8145678398169,10.9485065827644,4.86606125705258
0.822771213748657,510,506,5.72020751501912,-10.9269823070701,1.17333551727072,9.7536467897994
0.824919441460795,508,505,10.6077930477659,-3.59560400794989,-6.1580427818495,9.7536467897994
0.827067669172932,506,505,20.3829641132596,1.29198152479693,-15.9332138473431,14.6412323225462
0.82921589688507,508,506,15.4953785805128,-6.0393967743233,-8.60183554822291,14.6412323225462
0.831364124597207,505,505,25.2705496460064,3.73577429117034,-20.82079938009,17.0850250889196
0.833512352309345,506,507,30.1581351787532,-3.59560400794989,-20.82079938009,24.4164033880399
0.835660580021482,505,505,25.2705496460064,3.73577429117034,-20.82079938009,17.0850250889196
0.83780880773362,505,503,15.4953785805128,8.62335982391715,-15.9332138473431,7.30985402342599
0.839957035445757,501,499,15.4953785805128,28.1737019549044,-25.7083849128368,-2.46531704206765
0.842105263157895,499,499,25.2705496460064,33.0612874876512,-35.4835559783304,2.42226849067917
0.844253490870032,496,497,30.1581351787532,45.2802513195183,-45.2587270438241,-0.0215242756942402
0.84640171858217,497,500,39.9333062442469,35.5050802540247,-47.7025198101975,12.1974395561728
0.848549946294307,498,499,30.1581351787532,35.5050802540247,-40.3711415110772,4.86606125705258
0.850698174006445,497,498,30.1581351787532,40.3926657867715,-42.8149342774506,2.42226849067917
0.852846401718582,496,497,30.1581351787532,45.2802513195183,-45.2587270438241,-0.0215242756942402
0.85499462943072,494,495,30.1581351787532,55.0554223850119,-50.1463125765709,-4.90910980844106
0.857142857142857,492,491,20.3829641132596,69.7181789832524,-50.1463125765709,-19.5718664066815
0.859291084854995,492,490,15.4953785805127,72.1619717496258,-47.7025198101975,-24.4594519394283
0.861439312567132,491,489,15.4953785805127,77.0495572823726,-50.1463125765709,-26.9032447058017
0.86358754027927,491,492,30.1581351787532,69.7181789832524,-57.4776908756911,-12.2404881075613
0.865735767991407,494,493,20.3829641132596,59.9430079177588,-45.2587270438241,-14.6842808739347
0.867883995703545,492,496,44.8208917769937,57.4992151513853,-62.3652764084379,4.86606125705258
0.870032223415682,494,495,30.1581351787532,55.0554223850119,-50.1463125765709,-4.90910980844106
0.87218045112782,492,491,20.3829641132596,69.7181789832524,-50.1463125765709,-19.5718664066815
0.874328678839957,492,489,10.6077930477659,74.6057645159992,-45.258727043824,-29.3470374721752
0.876476906552095,490,488,15.4953785805128,81.9371428151194,-52.5901053429443,-29.3470374721751
0.878625134264232,490,486,5.72020751501913,86.8247283478663,-47.7025198101975,-39.1222085376688
0.880773361976369,490,489,20.3829641132596,79.493350048746,-55.0338981093177,-24.4594519394283
0.882921589688507,490,488,15.4953785805128,81.9371428151194,-52.5901053429443,-29.3470374721751
0.885069817400644,490,491,30.1581351787532,74.6057645159992,-59.9214836420645,-14.6842808739347
0.887218045112782,488,490,35.0457207115,81.9371428151194,-67.2528619411847,-14.6842808739347
0.889366272824919,487,488,30.1581351787532,89.2685211142397,-67.2528619411847,-22.0156591730549
0.891514500537057,486,485,20.3829641132596,99.0436921797333,-64.8090691748113,-34.234623004922
0.893662728249194,484,482,15.4953785805127,111.2626560116,-67.2528619411847,-44.0097940704156
0.895810955961332,484,479,0.832621982271846,118.594034310721,-59.9214836420643,-58.6725506686565
0.897959183673469,485,482,10.6077930477659,108.818863245227,-62.3652764084379,-46.453586836789
0.900107411385607,483,484,30.1581351787532,108.818863245227,-77.0280330066784,-31.7908302385486
0.902255639097744,483,482,20.3829641132596,113.706448777974,-72.1404474739316,-41.5660013040422
0.904403866809882,479,482,39.9333062442473,123.481619843468,-91.6907896049193,-31.7908302385483
0.906552094522019,480,482,35.0457207115,121.037827077094,-86.803204072172,-34.234623004922
0.908700322234157,490,482,-13.8301346159681,96.5998994133599,-37.9273487447038,-58.6725506686561
0.910848549946294,506,488,-62.7059899434363,42.8364585531449,25.6112631810048,-68.4477217341497
0.912996777658432,525,495,-121.357016336398,-20.7021533725638,101.368838938581,-80.6666855660168
0.915145005370569,546,508,-160.457700598373,-103.79110742926,172.238829163409,-68.4477217341497
0.917293233082707,564,520,-189.783213794854,-177.104890420462,230.889855556371,-53.7849651359092
0.919441460794844,581,531,-219.108726991335,-245.531087878918,287.09708918296,-41.5660013040424
0.921589688506982,598,542,-248.434240187816,-313.957285337373,343.304322809548,-29.3470374721754
0.923737916219119,614,553,-272.87216785155,-379.939690029455,394.62397090339,-14.6842808739349
0.925886143931257,622,562,-267.984582318803,-421.484167057803,411.730520268004,9.75364678979918
0.928034371643394,625,567,-258.209411253309,-441.03450918879,414.174313034377,26.8601961544131
0.930182599355532,619,566,-233.771483589575,-423.927959824177,387.29259260427,36.6353672199066
0.932330827067669,602,566,-150.68252953288,-382.383482795829,304.203638547574,78.1798442482546
0.934479054779807,586,563,-87.1439176071709,-335.951420234734,233.333648322745,102.617771911989
0.936627282491944,565,558,-8.94254908322137,-272.412808309025,142.913315966928,129.499492342096
0.938775510204082,543,551,64.371233907981,-201.542818084196,52.4929836111123,149.049834473084
0.940923737916219,521,541,123.022260300943,-123.341449560247,-30.5959704455836,153.937420005831
0.943071965628357,501,530,167.010530095664,-47.5838738026713,-101.465960670412,149.049834473084
0.945220193340494,494,520,152.347773497424,-6.0393967743233,-111.241131735906,117.280528510229
0.947368421052632,489,514,147.460187964677,20.8423236557842,-121.0163028014,100.173979145616
0.949516648764769,488,509,127.90984583369,35.5050802540247,-113.68492450228,78.1798442482549
0.951664876476907,490,510,123.022260300943,28.1737019549044,-106.353546203159,78.1798442482549
0.953813104189044,496,512,103.471918169956,8.62335982391715,-81.9156185394252,73.292258715508
0.955961331901181,498,512,93.6967471044618,3.73577429117033,-72.1404474739316,68.4046731827612
0.958109559613319,499,511,83.9215760389682,3.73577429117034,-64.8090691748113,61.073294883641
0.960257787325457,507,511,44.8208917769937,-15.8145678398169,-25.7083849128368,41.5229527526537
0.962406015037594,509,509,25.2705496460064,-15.8145678398169,-11.0456283145963,26.8601961544133
0.964554242749731,506,509,39.9333062442469,-8.48318954069671,-25.7083849128368,34.1915744535335
0.966702470461869,501,504,39.9333062442469,15.9547381230374,-37.9273487447038,21.9726106216664
0.968850698174006,498,501,39.9333062442469,30.6174947212778,-45.2587270438241,14.6412323225462
0.970998925886144,494,500,54.5960628424873,42.8364585531449,-62.3652764084379,19.528817855293
0.973147153598281,490,500,74.1464049734746,52.6116296186385,-81.9156185394252,29.3039889207867
0.975295381310419,492,499,59.4836483752341,50.1678368522651,-69.6966547075581,19.528817855293
0.977443609022556,493,499,54.5960628424873,47.7240440858917,-64.8090691748113,17.0850250889196
0.979591836734694,494,497,39.9333062442469,50.1678368522651,-55.0338981093177,4.86606125705258
0.981740064446831,491,493,35.0457207115,67.274386216879,-59.9214836420645,-7.35290257481447
0.983888292158969,489,492,39.9333062442469,74.6057645159992,-67.2528619411847,-7.35290257481446
0.986036519871106,490,490,25.2705496460064,77.0495572823726,-57.4776908756911,-19.5718664066815
0.988184747583244,491,491,25.2705496460064,72.1619717496258,-55.0338981093177,-17.1280736403081
0.990332975295381,495,497,35.0457207115,47.7240440858917,-50.1463125765709,2.42226849067917
0.992481203007519,494,496,35.0457207115,52.6116296186385,-52.5901053429443,-0.0215242756942331
0.994629430719656,493,495,35.0457207115,57.4992151513853,-55.0338981093177,-2.46531704206765
0.996777658431794,492,493,30.1581351787532,64.8305934505056,-55.0338981093177,-9.79669534118788
0.998925886143931,493,491,15.4953785805127,67.274386216879,-45.2587270438241,-22.0156591730549
1.00107411385607,492,488,5.72020751501911,77.0495572823726,-42.8149342774506,-34.234623004922
1.00322234156821,490,488,15.4953785805128,81.9371428151194,-52.5901053429443,-29.3470374721751
1.00537056928034,488,489,30.1581351787532,84.3809355814928,-64.8090691748113,-19.5718664066815
1.00751879699248,484,486,35.0457207115,101.487484946107,-77.0280330066784,-24.4594519394283
1.00966702470462,487,488,30.1581351787532,89.2685211142397,-67.2528619411847,-22.0156591730549
1.01181525241676,493,491,15.4953785805127,67.274386216879,-45.2587270438241,-22.0156591730549
1.01396348012889,496,491,0.832621982272293,59.9430079177587,-30.5959704455836,-29.3470374721752
1.01611170784103,497,492,0.8326219822723,55.0554223850119,-28.1521776792102,-26.9032447058017
1.01825993555317,494,488,-4.05496355047451,72.1619717496258,-33.039763211957,-39.1222085376688
1.02040816326531,492,485,-8.94254908322135,84.3809355814928,-35.4835559783304,-48.8973796031624
1.02255639097744,491,486,0.8326219822723,84.3809355814928,-42.8149342774506,-41.5660013040422
1.02470461868958,490,489,20.3829641132596,79.493350048746,-55.0338981093177,-24.4594519394283
1.02685284640172,493,489,5.72020751501911,72.1619717496258,-40.3711415110772,-31.7908302385486
1.02900107411386,501,492,-18.717720148715,45.2802513195183,-8.60183554822292,-36.6784157712954
1.03114930182599,506,496,-23.6053056814618,23.2861164221576,6.06092105001754,-29.3470374721751
1.03329752953813,508,497,-28.4928912142086,15.9547381230374,13.3922993491378,-29.3470374721752
1.03544575725027,504,494,-23.6053056814618,33.0612874876512,1.17333551727072,-34.234623004922
1.03759398496241,502,491,-28.4928912142086,45.2802513195183,-1.27045724910268,-44.0097940704156
1.03974221267454,498,492,-4.05496355047452,52.6116296186385,-23.2645921464634,-29.3470374721751
1.04189044038668,499,494,0.8326219822723,45.2802513195183,-23.2645921464634,-22.0156591730549
1.04403866809882,500,496,5.72020751501912,37.9488730203981,-23.2645921464634,-14.6842808739347
1.04618689581096,503,496,-8.94254908322134,30.6174947212778,-8.60183554822292,-22.0156591730549
1.04833512352309,506,499,-8.94254908322134,15.9547381230374,-1.27045724910269,-14.6842808739347
1.05048335123523,503,499,5.72020751501912,23.2861164221576,-15.9332138473431,-7.35290257481447
1.05263157894737,504,495,-18.717720148715,30.6174947212778,-1.27045724910268,-29.3470374721752
1.05477980665951,506,495,-28.4928912142086,25.729909188531,8.50471381639095,-34.234623004922
1.05692803437164,509,496,-38.2680622797022,15.9547381230374,20.723677648258,-36.6784157712954
1.05907626208378,507,501,-4.05496355047452,8.62335982391715,-1.27045724910269,-7.35290257481447
1.06122448979592,509,501,-13.8301346159682,3.73577429117034,8.50471381639095,-12.2404881075613
1.06337271750806,506,501,0.832621982272297,11.0671525902906,-6.1580427818495,-4.90910980844106
1.06552094522019,509,504,0.832621982272297,-3.59560400794989,1.17333551727072,2.42226849067917
1.06766917293233,511,506,0.832621982272297,-13.3707750734435,6.06092105001754,7.30985402342599
1.06981740064447,513,503,-23.6053056814618,-10.9269823070701,23.1674704146314,-12.2404881075613
1.07196562835661,514,500,-43.1556478124491,-6.0393967743233,35.3864342464985,-29.3470374721752
1.07411385606874,510,500,-23.6053056814618,3.73577429117034,15.8360921155112,-19.5718664066815
1.07626208378088,508,501,-8.94254908322134,6.17956705754374,3.61712828364413,-9.79669534118788
1.07841031149302,510,502,-13.8301346159682,-1.15181124157648,10.9485065827644,-9.79669534118788
1.08055853920516,510,503,-8.94254908322134,-3.59560400794989,8.50471381639095,-4.90910980844106
1.08270676691729,517,505,-33.3804767469554,-25.5897389053106,37.8302270128719,-12.2404881075613
1.08485499462943,520,511,-18.717720148715,-47.5838738026713,37.8302270128719,9.75364678979939
1.08700322234157,519,510,-18.717720148715,-42.6962882699244,35.3864342464985,7.30985402342599
1.08915145005371,523,508,-48.0432333451959,-47.5838738026713,59.8243619102325,-12.2404881075613
1.09129967776584,523,509,-43.1556478124491,-50.0276665690447,57.3805691438591,-7.35290257481447
1.09344790547798,521,510,-28.4928912142086,-47.5838738026713,45.1616053119921,2.42226849067917
1.09559613319012,520,511,-18.717720148715,-47.5838738026713,37.8302270128719,9.75364678979939
1.09774436090226,518,511,-8.94254908322134,-42.6962882699244,28.0550559473782,14.6412323225462
1.09989258861439,521,512,-18.717720148715,-52.4714593354181,40.2740197792453,12.1974395561728
1.10204081632653,519,516,10.6077930477659,-57.3590448681649,20.723677648258,36.6353672199069
1.10418904403867,521,513,-13.8301346159682,-54.9152521017915,37.8302270128719,17.0850250889196
1.10633727175081,524,514,-23.6053056814618,-64.6904231672851,50.0491908447389,14.6412323225462
1.10848549946294,527,511,-52.9308188779427,-64.6904231672851,72.0433257420996,-7.35290257481447
1.11063372717508,528,513,-48.0432333451959,-72.0218014664053,72.0433257420996,-0.0215242756942473
1.11278195488722,528,516,-33.3804767469554,-79.3531797655256,64.7119474429794,14.6412323225462
1.11493018259936,524,516,-13.8301346159682,-69.5780087000319,45.1616053119921,24.4164033880399
1.11707841031149,526,518,-13.8301346159681,-79.3531797655256,50.0491908447389,29.3039889207867
1.11922663802363,523,519,5.72020751501911,-74.4655942327788,32.942641480125,41.5229527526537
1.12137486573577,524,520,5.72020751501911,-79.3531797655256,35.3864342464985,43.9667455190271
1.12352309344791,526,518,-13.8301346159681,-79.3531797655256,50.0491908447389,29.3039889207867
1.12567132116004,527,516,-28.4928912142086,-76.9093869991522,59.8243619102325,17.0850250889196
1.12781954887218,528,517,-28.4928912142086,-81.796972531899,62.268154676606,19.528817855293
1.12996777658432,525,516,-18.717720148715,-72.0218014664053,50.0491908447389,21.9726106216664
1.13211600429646,526,519,-8.94254908322134,-81.796972531899,47.6053980783655,34.1915744535335
1.13426423200859,529,521,-13.8301346159682,-94.015936363766,57.3805691438591,36.6353672199069
1.13641245972073,532,526,-4.05496355047453,-113.566278494753,59.8243619102326,53.7419165845208
1.13856068743287,538,524,-43.1556478124491,-123.341449560247,94.0374606394603,29.3039889207867
1.14070891514501,538,525,-38.2680622797022,-125.78524232662,91.5936678730869,34.1915744535335
1.14285714285714,536,522,-43.1556478124491,-113.566278494753,89.1498751067135,24.4164033880399
1.14500537056928,537,524,-38.2680622797022,-120.897656793874,89.1498751067135,31.7477816871601
1.14715359828142,536,523,-38.2680622797023,-116.010071261127,86.7060823403401,29.3039889207867
1.14930182599356,536,526,-23.6053056814618,-123.341449560247,79.3747040412198,43.9667455190271
1.15145005370569,539,527,-33.3804767469555,-133.116620625741,91.5936678730869,41.5229527526537
1.15359828141783,537,529,-13.8301346159682,-133.116620625741,76.9309112748464,56.1857093508942
1.15574650912997,533,528,0.8326219822723,-120.897656793874,59.8243619102325,61.073294883641
1.15789473684211,531,527,5.72020751501911,-113.566278494753,52.4929836111123,61.073294883641
1.16004296455424,527,525,15.4953785805127,-98.9035218965129,37.8302270128719,61.073294883641
1.16219119226638,530,522,-13.8301346159681,-98.9035218965129,59.8243619102325,39.0791599862803
1.16433941997852,531,521,-23.6053056814618,-98.9035218965129,67.1557402093528,31.7477816871601
1.16648764769066,532,524,-13.8301346159682,-108.678692962006,64.7119474429794,43.9667455190271
1.16863587540279,527,524,10.6077930477659,-96.4597291301395,40.2740197792453,56.1857093508942
1.17078410311493,529,524,0.8326219822723,-101.347314662886,50.0491908447389,51.2981238181474
1.17293233082707,524,526,35.0457207115,-94.015936363766,20.723677648258,73.292258715508
1.17508055853921,520,524,44.8208917769937,-79.3531797655256,6.06092105001754,73.292258715508
1.17722878625134,520,520,25.2705496460064,-69.5780087000319,15.8360921155112,53.7419165845208
1.17937701396348,515,514,20.3829641132596,-42.6962882699244,6.06092105001754,36.6353672199069
1.18152524167562,515,515,25.2705496460064,-45.1400810362979,3.61712828364413,41.5229527526537
1.18367346938776,511,513,35.0457207115,-30.4773244380574,-11.0456283145963,41.5229527526537
1.18582169709989,513,514,30.1581351787532,-37.8087027371776,-3.7142500154761,41.5229527526537
1.18796992481203,513,514,30.1581351787532,-37.8087027371776,-3.7142500154761,41.5229527526537
1.19011815252417,514,516,35.0457207115,-45.1400810362979,-3.7142500154761,48.854331051774
1.19226638023631,510,514,44.8208917769937,-30.4773244380574,-18.3770066137166,48.854331051774
1.19441460794844,508,511,39.9333062442468,-18.2583606061903,-20.82079938009,39.0791599862803
1.19656283566058,507,509,35.0457207115,-10.9269823070701,-20.82079938009,31.7477816871601
1.19871106337272,507,508,30.1581351787532,-8.48318954069671,-18.3770066137166,26.8601961544133
1.20085929108486,506,506,25.2705496460064,-1.15181124157648,-18.3770066137166,19.528817855293
1.20300751879699,503,507,44.8208917769937,3.73577429117034,-35.4835559783304,31.7477816871601
1.20515574650913,502,506,44.8208917769937,8.62335982391715,-37.9273487447038,29.3039889207867
1.20730397422127,501,506,49.7084773097405,11.0671525902906,-42.8149342774506,31.7477816871601
1.2094522019334,501,505,44.8208917769937,13.510945356664,-40.3711415110772,26.8601961544133
1.21160042964554,498,503,49.7084773097405,25.729909188531,-50.1463125765709,24.4164033880399
1.21374865735768,498,501,39.9333062442469,30.6174947212778,-45.2587270438241,14.6412323225462
1.21589688506982,498,500,35.0457207115,33.0612874876512,-42.8149342774506,9.7536467897994
1.21804511278195,496,496,25.2705496460064,47.7240440858917,-42.8149342774506,-4.90910980844106
1.22019334049409,492,498,54.5960628424873,52.6116296186385,-67.2528619411847,14.6412323225462
1.22234156820623,495,498,39.9333062442469,45.2802513195183,-52.5901053429443,7.30985402342599
1.22448979591837,495,500,49.7084773097405,40.3926657867715,-57.4776908756911,17.0850250889196
1.2266380236305,494,497,39.9333062442469,50.1678368522651,-55.0338981093177,4.86606125705258
1.22878625134264,493,497,44.8208917769937,52.6116296186385,-59.9214836420645,7.30985402342599
1.23093447905478,492,493,30.1581351787532,64.8305934505056,-55.0338981093177,-9.79669534118788
1.23308270676692,492,490,15.4953785805127,72.1619717496258,-47.7025198101975,-24.4594519394283
1.23523093447905,491,491,25.2705496460064,72.1619717496258,-55.0338981093177,-17.1280736403081
1.23737916219119,489,491,35.0457207115,77.0495572823726,-64.8090691748113,-12.2404881075613
1.23952738990333,488,491,39.9333062442468,79.493350048746,-69.6966547075581,-9.79669534118788
1.24167561761547,488,491,39.9333062442468,79.493350048746,-69.6966547075581,-9.79669534118788
1.2438238453276,491,493,35.0457207115,67.274386216879,-59.9214836420645,-7.35290257481447
1.24597207303974,496,493,10.6077930477659,55.0554223850119,-35.4835559783304,-19.5718664066815
1.24812030075188,499,494,0.8326219822723,45.2802513195183,-23.2645921464634,-22.0156591730549
1.25026852846402,497,492,0.8326219822723,55.0554223850119,-28.1521776792102,-26.9032447058017
1.25241675617615,498,490,-13.8301346159682,57.4992151513853,-18.3770066137166,-39.1222085376688
1.25456498388829,498,492,-4.05496355047452,52.6116296186385,-23.2645921464634,-29.3470374721751
1.25671321160043,499,493,-4.05496355047453,47.7240440858917,-20.82079938009,-26.9032447058017
1.25886143931257,502,497,0.832621982272297,30.6174947212778,-15.9332138473431,-14.6842808739347
1.2610096670247,502,497,0.832621982272297,30.6174947212778,-15.9332138473431,-14.6842808739347
1.26315789473684,503,499,5.72020751501912,23.2861164221576,-15.9332138473431,-7.35290257481447
1.26530612244898,505,499,-4.05496355047452,18.3985308894108,-6.1580427818495,-12.2404881075613
1.26745435016112,503,497,-4.05496355047452,28.1737019549044,-11.0456283145963,-17.1280736403081
1.26960257787325,498,494,5.72020751501912,47.7240440858917,-28.1521776792102,-19.5718664066815
1.27175080558539,496,492,5.72020751501912,57.4992151513853,-33.039763211957,-24.4594519394283
1.27389903329753,497,495,15.4953785805127,47.7240440858917,-35.4835559783304,-12.2404881075613
1.27604726100967,497,495,15.4953785805127,47.7240440858917,-35.4835559783304,-12.2404881075613
1.2781954887218,497,494,10.6077930477659,50.1678368522651,-33.039763211957,-17.1280736403081
1.28034371643394,494,495,30.1581351787532,55.0554223850119,-50.1463125765709,-4.90910980844106
1.28249194414608,496,494,15.4953785805128,52.6116296186385,-37.9273487447038,-14.6842808739347
1.28464017185822,498,494,5.72020751501912,47.7240440858917,-28.1521776792102,-19.5718664066815
1.28678839957035,498,492,-4.05496355047452,52.6116296186385,-23.2645921464634,-29.3470374721751
1.28893662728249,499,493,-4.05496355047453,47.7240440858917,-20.82079938009,-26.9032447058017
1.29108485499463,500,492,-13.8301346159682,47.7240440858917,-13.4894210809697,-34.234623004922
1.29323308270677,500,494,-4.05496355047452,42.8364585531449,-18.3770066137166,-24.4594519394283
1.2953813104189,500,496,5.72020751501912,37.9488730203981,-23.2645921464634,-14.6842808739347
1.29752953813104,499,496,10.6077930477659,40.3926657867715,-28.1521776792102,-12.2404881075613
1.29967776584318,498,498,25.2705496460064,37.9488730203981,-37.9273487447038,-0.0215242756942402
1.30182599355532,499,495,5.72020751501911,42.8364585531449,-25.7083849128368,-17.1280736403081
1.30397422126745,498,495,10.6077930477659,45.2802513195183,-30.5959704455836,-14.6842808739347
1.30612244897959,501,493,-13.8301346159682,42.8364585531449,-11.0456283145963,-31.7908302385486
1.30827067669173,500,494,-4.05496355047452,42.8364585531449,-18.3770066137166,-24.4594519394283
1.31041890440387,501,496,0.8326219822723,35.5050802540247,-18.3770066137166,-17.1280736403081
1.312567132116,502,500,15.4953785805128,23.2861164221576,-23.2645921464634,-0.0215242756942402
1.31471535982814,504,499,0.832621982272297,20.8423236557842,-11.0456283145963,-9.79669534118788
1.31686358754028,502,500,15.4953785805128,23.2861164221576,-23.2645921464634,-0.0215242756942402
1.31901181525242,504,498,-4.05496355047452,23.2861164221576,-8.60183554822291,-14.6842808739347
1.32116004296455,496,497,30.1581351787532,45.2802513195183,-45.2587270438241,-0.0215242756942402
1.32330827067669,496,491,0.832621982272293,59.9430079177587,-30.5959704455836,-29.3470374721752
1.32545649838883,496,494,15.4953785805128,52.6116296186385,-37.9273487447038,-14.6842808739347
1.32760472610097,503,496,-8.94254908322134,30.6174947212778,-8.60183554822292,-22.0156591730549
1.3297529538131,509,501,-13.8301346159682,3.73577429117034,8.50471381639095,-12.2404881075613
1.33190118152524,514,502,-33.3804767469554,-10.9269823070701,30.4988487137516,-19.5718664066815
1.33404940923738,514,504,-23.6053056814618,-15.8145678398169,25.6112631810048,-9.79669534118788
1.33619763694952,510,505,0.832621982272297,-8.48318954069671,3.61712828364413,4.86606125705258
1.33834586466165,509,501,-13.8301346159682,3.73577429117034,8.50471381639095,-12.2404881075613
1.34049409237379,506,499,-8.94254908322134,15.9547381230374,-1.27045724910269,-14.6842808739347
1.34264232008593,506,497,-18.717720148715,20.8423236557842,3.61712828364413,-24.4594519394283
1.34479054779807,504,497,-8.94254908322134,25.729909188531,-6.1580427818495,-19.5718664066815
1.3469387755102,504,501,10.6077930477659,15.9547381230374,-15.9332138473431,-0.0215242756942402
1.34908700322234,506,501,0.832621982272297,11.0671525902906,-6.1580427818495,-4.90910980844106
1.35123523093448,503,501,15.4953785805128,18.3985308894108,-20.82079938009,2.42226849067917
1.35338345864662,503,500,10.6077930477659,20.8423236557842,-18.3770066137166,-2.46531704206765
1.35553168635875,505,502,10.6077930477659,11.0671525902906,-13.4894210809697,2.42226849067917
1.35767991407089,509,499,-23.6053056814618,8.62335982391715,13.3922993491378,-22.0156591730549
1.35982814178303,515,501,-43.1556478124491,-10.9269823070701,37.8302270128719,-26.9032447058017
1.36197636949517,521,504,-57.8184044106895,-32.9211172044308,59.8243619102325,-26.9032447058017
1.3641245972073,524,506,-62.7059899434364,-45.1400810362979,69.5995329757262,-24.4594519394283
1.36627282491944,523,509,-43.1556478124491,-50.0276665690447,57.3805691438591,-7.35290257481447
1.36842105263158,523,510,-38.2680622797022,-52.4714593354181,54.9367763774857,-2.46531704206765
1.37056928034372,517,511,-4.05496355047453,-40.252495503551,23.1674704146314,17.0850250889196
1.37271750805585,514,509,0.832621982272297,-28.033531671684,13.3922993491378,14.6412323225462
1.37486573576799,512,507,0.832621982272297,-18.2583606061904,8.50471381639095,9.7536467897994
1.37701396348013,509,502,-8.94254908322134,1.29198152479693,6.06092105001754,-7.35290257481447
1.37916219119227,512,501,-28.4928912142086,-3.59560400794989,23.1674704146314,-19.5718664066815
1.3813104189044,513,505,-13.8301346159682,-15.8145678398169,18.2798848818846,-2.46531704206765
1.38345864661654,509,505,5.72020751501912,-6.0393967743233,-1.27045724910269,7.30985402342599
1.38560687432868,507,503,5.72020751501912,3.73577429117034,-6.1580427818495,2.42226849067917
1.38775510204082,508,504,5.72020751501912,-1.15181124157648,-3.71425001547609,4.86606125705258
1.38990332975295,506,504,15.4953785805128,3.73577429117034,-13.4894210809697,9.7536467897994
1.39205155746509,507,502,0.832621982272297,6.17956705754374,-3.71425001547609,-2.46531704206765
1.39419978517723,509,497,-33.3804767469554,13.510945356664,18.2798848818846,-31.7908302385486
1.39634801288937,507,498,-18.717720148715,15.9547381230374,6.06092105001754,-22.0156591730549
1.3984962406015,508,500,-13.8301346159682,8.62335982391715,6.06092105001754,-14.6842808739347
1.40064446831364,507,501,-4.05496355047452,8.62335982391715,-1.27045724910269,-7.35290257481447
1.40279269602578,504,499,0.832621982272297,20.8423236557842,-11.0456283145963,-9.79669534118788
1.40494092373792,506,499,-8.94254908322134,15.9547381230374,-1.27045724910269,-14.6842808739347
1.40708915145005,503,499,5.72020751501912,23.2861164221576,-15.9332138473431,-7.35290257481447
1.40923737916219,505,498,-8.94254908322134,20.8423236557842,-3.71425001547609,-17.1280736403081
1.41138560687433,503,496,-8.94254908322134,30.6174947212778,-8.60183554822292,-22.0156591730549
1.41353383458647,499,493,-4.05496355047453,47.7240440858917,-20.82079938009,-26.9032447058017
1.4156820622986,496,491,0.832621982272293,59.9430079177587,-30.5959704455836,-29.3470374721752
1.41783029001074,493,493,25.2705496460064,62.3868006841322,-50.1463125765709,-12.2404881075613
1.41997851772288,495,493,15.4953785805127,57.4992151513853,-40.3711415110772,-17.1280736403081
1.42212674543502,497,492,0.8326219822723,55.0554223850119,-28.1521776792102,-26.9032447058017
1.42427497314715,496,491,0.832621982272293,59.9430079177587,-30.5959704455836,-29.3470374721752
1.42642320085929,489,492,39.9333062442469,74.6057645159992,-67.2528619411847,-7.35290257481446
1.42857142857143,490,487,10.6077930477659,84.3809355814928,-50.1463125765709,-34.234623004922
1.43071965628357,494,486,-13.8301346159681,77.0495572823726,-28.1521776792102,-48.8973796031624
1.4328678839957,493,486,-8.94254908322134,79.493350048746,-33.039763211957,-46.453586836789
1.43501611170784,490,488,15.4953785805128,81.9371428151194,-52.5901053429443,-29.3470374721751
1.43716433941998,491,487,5.72020751501911,81.9371428151194,-45.2587270438241,-36.6784157712954
1.43931256713212,489,486,10.6077930477659,89.2685211142397,-52.5901053429443,-36.6784157712954
1.44146079484425,488,487,20.3829641132596,89.2685211142397,-59.9214836420645,-29.3470374721752
1.44360902255639,486,486,25.2705496460064,96.5998994133599,-67.2528619411847,-29.3470374721751
1.44575725026853,488,483,0.832621982272286,99.0436921797333,-50.1463125765709,-48.8973796031624
1.44790547798067,483,478,0.832621982271846,123.481619843468,-62.3652764084377,-61.1163434350299
1.4500537056928,483,477,-4.05496355047497,125.925412609841,-59.9214836420643,-66.0039289677767
1.45220193340494,483,480,10.6077930477659,118.594034310721,-67.2528619411847,-51.3411723695358
1.45435016111708,484,480,5.72020751501911,116.150241544347,-62.3652764084379,-53.7849651359092
1.45649838882922,489,482,-8.94254908322134,99.0436921797333,-42.8149342774506,-56.2287579022827
1.45864661654135,489,483,-4.05496355047453,96.5998994133599,-45.2587270438241,-51.3411723695358
1.46079484425349,483,480,10.6077930477659,118.594034310721,-67.2528619411847,-51.3411723695358
1.46294307196563,480,477,10.6077930477655,133.256790908961,-74.5842402403047,-58.6725506686565
1.46509129967777,481,476,0.83262198227186,133.256790908961,-67.2528619411845,-66.0039289677767
1.4672395273899,484,475,-18.7177201487154,128.369205376214,-50.1463125765706,-78.2228927996438
1.46938775510204,488,479,-18.7177201487154,108.818863245227,-40.371141511077,-68.4477217341502
1.47153598281418,490,481,-18.717720148715,99.0436921797333,-35.4835559783304,-63.5601362014029
1.47368421052632,492,482,-23.6053056814618,91.7123138806131,-28.1521776792102,-63.5601362014029
1.47583243823845,496,483,-38.2680622797023,79.493350048746,-11.0456283145963,-68.4477217341497
1.47798066595059,495,486,-18.717720148715,74.6057645159992,-23.2645921464634,-51.3411723695358
1.48012889366273,504,490,-43.1556478124491,42.8364585531449,10.9485065827644,-53.7849651359092
1.48227712137487,517,495,-82.2563320744236,-1.15181124157648,62.268154676606,-61.1163434350295
1.484425349087,532,499,-136.019772934639,-47.5838738026713,125.806766602315,-78.2228927996433
1.48657357679914,549,506,-184.895628262107,-106.234900195633,191.789171294397,-85.5542710987636
1.48872180451128,563,518,-194.6707993276,-169.773512121342,230.889855556371,-61.1163434350295
1.49087003222342,585,532,-233.771483589575,-257.750051710785,304.203638547574,-46.4535868367892
1.49301825993555,602,544,-258.20941125331,-328.620041935614,357.967079407789,-29.3470374721754
1.49516648764769,615,554,-272.87216785155,-384.827275562202,397.067763669764,-12.2404881075615
1.49731471535983,619,563,-248.434240187816,-416.596581525056,394.62397090339,21.9726106216662
1.49946294307197,614,563,-223.996312524082,-404.377617693189,370.186043239656,34.1915744535333
1.5016111707841,604,558,-199.558384860348,-367.720726197588,333.529151744055,34.1915744535332
1.50375939849624,587,553,-140.907358467386,-313.957285337373,262.659161519226,51.2981238181471
1.50590762620838,563,550,-38.2680622797023,-247.974880645291,152.688487032422,95.2863936128687
1.50805585392052,540,540,25.2705496460064,-167.329719354968,64.7119474429794,102.617771911989
1.51020408163265,521,535,93.6967471044618,-108.678692962006,-15.9332138473431,124.61190680935
1.51235230934479,507,525,113.247089235449,-50.0276665690447,-59.9214836420645,109.949150211109
1.51450053705693,496,520,142.57260243193,-10.9269823070701,-101.465960670412,112.392942977483
1.51664876476907,483,510,157.235359030171,45.2802513195183,-140.566644932387,95.2863936128687
1.5187969924812,478,499,127.90984583369,84.3809355814931,-138.122852166014,53.741916584521
1.52094522019334,480,499,118.134674768196,79.493350048746,-128.34768110052,48.8543310517739
1.52309344790548,486,500,93.6967471044619,62.3868006841322,-101.465960670412,39.0791599862803
1.52524167561762,492,500,64.3712339079809,47.7240440858917,-72.1404474739315,24.4164033880398
1.52738990332975,496,502,54.5960628424873,33.0612874876512,-57.4776908756911,24.4164033880399
1.52953813104189,504,503,20.3829641132596,11.0671525902906,-20.82079938009,9.7536467897994
1.53168635875403,504,505,30.1581351787532,6.17956705754374,-25.7083849128368,19.528817855293
1.53383458646617,503,501,15.4953785805128,18.3985308894108,-20.82079938009,2.42226849067917
1.5359828141783,501,499,15.4953785805128,28.1737019549044,-25.7083849128368,-2.46531704206765
1.53813104189044,495,492,10.6077930477659,59.9430079177587,-37.9273487447038,-22.0156591730549
1.54027926960258,491,492,30.1581351787532,69.7181789832524,-57.4776908756911,-12.2404881075613
1.54242749731472,491,492,30.1581351787532,69.7181789832524,-57.4776908756911,-12.2404881075613
1.54457572502685,492,492,25.2705496460064,67.274386216879,-52.5901053429443,-14.6842808739347
1.54672395273899,488,491,39.9333062442468,79.493350048746,-69.6966547075581,-9.79669534118788
1.54887218045113,490,494,44.8208917769937,67.274386216879,-67.2528619411847,-0.0215242756942331
1.55102040816327,489,492,39.9333062442469,74.6057645159992,-67.2528619411847,-7.35290257481446
1.5531686358754,489,488,20.3829641132596,84.3809355814928,-57.4776908756911,-26.9032447058017
1.55531686358754,489,485,5.72020751501911,91.7123138806131,-50.1463125765709,-41.5660013040422
1.55746509129968,488,485,10.6077930477659,94.1561066469865,-55.0338981093177,-39.1222085376688
1.55961331901182,489,486,10.6077930477659,89.2685211142397,-52.5901053429443,-36.6784157712954
1.56176154672395,491,488,10.6077930477659,79.493350048746,-47.7025198101975,-31.7908302385486
1.56390977443609,492,488,5.72020751501911,77.0495572823726,-42.8149342774506,-34.234623004922
1.56605800214823,492,491,20.3829641132596,69.7181789832524,-50.1463125765709,-19.5718664066815
1.56820622986037,490,490,25.2705496460064,77.0495572823726,-57.4776908756911,-19.5718664066815
1.5703544575725,490,487,10.6077930477659,84.3809355814928,-50.1463125765709,-34.234623004922
1.57250268528464,486,482,5.72020751501913,106.375070478854,-57.4776908756911,-48.8973796031624
1.57465091299678,480,481,30.1581351787532,123.481619843467,-84.3594113057986,-39.1222085376688
1.57679914070892,484,481,10.6077930477659,113.706448777974,-64.8090691748113,-48.8973796031624
1.57894736842105,486,483,10.6077930477659,103.93127771248,-59.9214836420645,-44.0097940704156
1.58109559613319,496,486,-23.6053056814618,72.1619717496258,-18.3770066137166,-53.7849651359092
1.58324382384533,499,490,-18.717720148715,55.0554223850119,-13.4894210809697,-41.5660013040422
1.58539205155747,498,491,-8.94254908322134,55.0554223850119,-20.82079938009,-34.234623004922
1.5875402792696,498,490,-13.8301346159682,57.4992151513853,-18.3770066137166,-39.1222085376688
1.58968850698174,499,488,-28.4928912142086,59.9430079177587,-8.60183554822292,-51.3411723695358
1.59183673469388,500,487,-38.2680622797023,59.9430079177587,-1.27045724910268,-58.6725506686561
1.59398496240601,499,488,-28.4928912142086,59.9430079177587,-8.60183554822292,-51.3411723695358
1.59613319011815,499,488,-28.4928912142086,59.9430079177587,-8.60183554822292,-51.3411723695358
1.59828141783029,498,491,-8.94254908322134,55.0554223850119,-20.82079938009,-34.234623004922
1.60042964554243,505,494,-28.4928912142086,30.6174947212778,6.06092105001754,-36.6784157712954
1.60257787325457,506,497,-18.717720148715,20.8423236557842,3.61712828364413,-24.4594519394283
1.6047261009667,505,496,-18.717720148715,25.729909188531,1.17333551727072,-26.9032447058017
1.60687432867884,505,495,-23.6053056814618,28.1737019549044,3.61712828364413,-31.7908302385486
1.60902255639098,506,492,-43.1556478124491,33.0612874876512,15.8360921155112,-48.8973796031624
1.61117078410311,507,493,-43.1556478124491,28.1737019549044,18.2798848818846,-46.453586836789
1.61331901181525,507,495,-33.3804767469554,23.2861164221576,13.3922993491378,-36.6784157712954
1.61546723952739,505,495,-23.6053056814618,28.1737019549044,3.61712828364413,-31.7908302385486
1.61761546723953,503,497,-4.05496355047452,28.1737019549044,-11.0456283145963,-17.1280736403081
1.61976369495166,504,497,-8.94254908322134,25.729909188531,-6.1580427818495,-19.5718664066815
1.6219119226638,505,497,-13.8301346159682,23.2861164221576,-1.27045724910269,-22.0156591730549
1.62406015037594,504,495,-18.717720148715,30.6174947212778,-1.27045724910268,-29.3470374721752
1.62620837808808,503,495,-13.8301346159682,33.0612874876512,-6.1580427818495,-26.9032447058017
1.62835660580021,502,494,-13.8301346159682,37.9488730203981,-8.60183554822292,-29.3470374721751
1.63050483351235,502,494,-13.8301346159682,37.9488730203981,-8.60183554822292,-29.3470374721751
1.63265306122449,503,495,-13.8301346159682,33.0612874876512,-6.1580427818495,-26.9032447058017
1.63480128893663,502,499,10.6077930477659,25.729909188531,-20.82079938009,-4.90910980844106
1.63694951664876,506,501,0.832621982272297,11.0671525902906,-6.1580427818495,-4.90910980844106
1.6390977443609,507,500,-8.94254908322134,11.0671525902906,1.17333551727072,-12.2404881075613
1.64124597207304,508,500,-13.8301346159682,8.62335982391715,6.06092105001754,-14.6842808739347
1.64339419978518,514,501,-38.2680622797022,-8.48318954069671,32.942641480125,-24.4594519394283
1.64554242749731,513,502,-28.4928912142086,-8.48318954069671,25.6112631810048,-17.1280736403081
1.64769065520945,514,501,-38.2680622797022,-8.48318954069671,32.942641480125,-24.4594519394283
1.64983888292159,516,504,-33.3804767469554,-20.7021533725638,35.3864342464985,-14.6842808739347
1.65198711063373,515,506,-18.717720148715,-23.1459461389372,25.6112631810048,-2.46531704206765
1.65413533834586,514,507,-8.94254908322134,-23.1459461389372,18.2798848818846,4.86606125705258
1.656283566058,517,506,-28.4928912142086,-28.033531671684,35.3864342464985,-7.35290257481447
1.65843179377014,516,508,-13.8301346159682,-30.4773244380574,25.6112631810048,4.86606125705258
1.66058002148228,516,506,-23.6053056814618,-25.5897389053106,30.4988487137516,-4.90910980844106
1.66272824919441,519,504,-48.0432333451959,-28.033531671684,50.0491908447389,-22.0156591730549
1.66487647690655,520,505,-48.0432333451959,-32.9211172044308,52.4929836111123,-19.5718664066815
1.66702470461869,520,508,-33.3804767469554,-40.252495503551,45.1616053119921,-4.90910980844106
1.66917293233083,521,509,-33.3804767469554,-45.1400810362979,47.6053980783655,-2.46531704206765
1.67132116004296,519,512,-8.94254908322134,-47.5838738026713,30.4988487137516,17.0850250889196
1.6734693877551,517,509,-13.8301346159682,-35.3649099708042,28.0550559473782,7.30985402342599
1.67561761546724,515,508,-8.94254908322134,-28.033531671684,20.723677648258,7.30985402342599
1.67776584317938,517,510,-8.94254908322134,-37.8087027371776,25.6112631810048,12.1974395561728
1.67991407089151,521,511,-23.6053056814618,-50.0276665690447,42.7178125456187,7.30985402342598
1.68206229860365,526,512,-43.1556478124491,-64.6904231672851,64.7119474429794,-0.0215242756942331
1.68421052631579,531,513,-62.7059899434364,-79.3531797655256,86.7060823403401,-7.35290257481447
1.68635875402793,534,517,-57.8184044106895,-96.4597291301394,91.5936678730869,4.86606125705258
1.68850698174006,533,519,-43.1556478124491,-98.9035218965129,81.8184968075932,17.0850250889196
1.6906552094522,532,521,-28.4928912142086,-101.347314662886,72.0433257420996,29.3039889207867
1.69280343716434,533,523,-23.6053056814618,-108.678692962006,72.0433257420996,36.6353672199069
1.69495166487648,536,524,-33.3804767469554,-118.4538640275,84.2622895739667,34.1915744535335
1.69709989258861,534,523,-28.4928912142086,-111.12248572838,76.9309112748464,34.1915744535335
1.69924812030075,531,521,-23.6053056814618,-98.9035218965129,67.1557402093528,31.7477816871601
1.70139634801289,532,518,-43.1556478124491,-94.015936363766,79.3747040412198,14.6412323225462
1.70354457572503,532,521,-28.4928912142086,-101.347314662886,72.0433257420996,29.3039889207867
1.70569280343716,528,523,0.832621982272286,-96.4597291301395,47.6053980783655,48.8543310517739
1.7078410311493,531,524,-8.94254908322134,-106.234900195633,59.8243619102325,46.4105382854005
1.70998925886144,533,526,-8.94254908322134,-116.010071261127,64.7119474429794,51.2981238181474
1.71213748657358,534,526,-13.8301346159681,-118.4538640275,69.5995329757262,48.854331051774
1.71428571428571,533,524,-18.717720148715,-111.12248572838,69.5995329757262,41.5229527526537
1.71643394199785,532,521,-28.4928912142086,-101.347314662886,72.0433257420996,29.3039889207867
1.71858216970999,530,519,-28.4928912142086,-91.5721435973926,67.1557402093528,24.4164033880399
1.72073039742213,529,522,-8.94254908322134,-96.4597291301395,54.9367763774857,41.5229527526537
1.72287862513426,530,522,-13.8301346159681,-98.9035218965129,59.8243619102325,39.0791599862803
1.7250268528464,531,526,0.8326219822723,-111.12248572838,54.9367763774857,56.1857093508942
1.72717508055854,531,526,0.8326219822723,-111.12248572838,54.9367763774857,56.1857093508942
1.72932330827068,534,527,-8.94254908322134,-120.897656793874,67.1557402093528,53.7419165845208
1.73147153598281,533,525,-13.8301346159682,-113.566278494753,67.1557402093528,46.4105382854005
1.73361976369495,533,523,-23.6053056814618,-108.678692962006,72.0433257420996,36.6353672199069
1.73576799140709,533,521,-33.3804767469554,-103.79110742926,76.9309112748464,26.8601961544133
1.73791621911923,531,522,-18.717720148715,-101.347314662886,64.7119474429794,36.6353672199069
1.74006444683136,524,522,15.4953785805127,-84.2407652982724,30.4988487137516,53.7419165845208
1.7422126745435,524,524,25.2705496460064,-89.1283508310192,25.6112631810048,63.5170876500144
1.74436090225564,522,522,25.2705496460064,-79.3531797655256,20.723677648258,58.6295021172676
1.74650912996778,521,522,30.1581351787532,-76.9093869991522,15.8360921155112,61.073294883641
1.74865735767991,521,523,35.0457207115,-79.3531797655256,13.3922993491378,65.9608804163878
1.75080558539205,522,520,15.4953785805128,-74.4655942327788,25.6112631810048,48.854331051774
1.75295381310419,521,516,0.8326219822723,-62.2466304009117,30.4988487137516,31.7477816871601
1.75510204081633,517,515,15.4953785805127,-50.0276665690447,13.3922993491378,36.6353672199069
1.75725026852846,513,514,30.1581351787532,-37.8087027371776,-3.7142500154761,41.5229527526537
1.7593984962406,512,515,39.9333062442468,-37.8087027371776,-11.0456283145963,48.8543310517739
1.76154672395274,513,514,30.1581351787532,-37.8087027371776,-3.7142500154761,41.5229527526537
1.76369495166488,509,514,49.7084773097405,-28.033531671684,-23.2645921464634,51.2981238181474
1.76584317937701,510,512,35.0457207115,-25.5897389053106,-13.4894210809697,39.0791599862803
1.76799140708915,506,507,30.1581351787532,-3.59560400794989,-20.82079938009,24.4164033880399
1.77013963480129,502,503,30.1581351787532,15.9547381230374,-30.5959704455836,14.6412323225462
1.77228786251343,497,499,35.0457207115,37.9488730203981,-45.2587270438241,7.30985402342599
1.77443609022556,493,499,54.5960628424873,47.7240440858917,-64.8090691748113,17.0850250889196
1.7765843179377,496,499,39.9333062442469,40.3926657867715,-50.1463125765709,9.7536467897994
1.77873254564984,497,500,39.9333062442469,35.5050802540247,-47.7025198101975,12.1974395561728
1.78088077336198,499,501,35.0457207115,28.1737019549044,-40.3711415110772,12.1974395561728
1.78302900107411,500,500,25.2705496460064,28.1737019549044,-33.039763211957,4.86606125705258
1.78517722878625,499,501,35.0457207115,28.1737019549044,-40.3711415110772,12.1974395561728
1.78732545649839,500,497,10.6077930477659,35.5050802540247,-25.7083849128368,-9.79669534118788
1.78947368421053,499,492,-8.94254908322134,50.1678368522651,-18.3770066137166,-31.7908302385486
1.79162191192266,497,493,5.72020751501911,52.6116296186385,-30.5959704455836,-22.0156591730549
1.7937701396348,496,494,15.4953785805128,52.6116296186385,-37.9273487447038,-14.6842808739347
1.79591836734694,492,494,35.0457207115,62.3868006841322,-57.4776908756911,-4.90910980844106
1.79806659505908,494,493,20.3829641132596,59.9430079177588,-45.2587270438241,-14.6842808739347
1.80021482277121,498,493,0.832621982272293,50.1678368522651,-25.7083849128368,-24.4594519394283
1.80236305048335,497,493,5.72020751501911,52.6116296186385,-30.5959704455836,-22.0156591730549
1.80451127819549,499,492,-8.94254908322134,50.1678368522651,-18.3770066137166,-31.7908302385486
1.80665950590763,500,490,-23.6053056814618,52.6116296186385,-8.60183554822292,-44.0097940704156
1.80880773361976,504,491,-38.2680622797023,40.3926657867715,8.50471381639095,-48.8973796031624
1.8109559613319,503,493,-23.6053056814618,37.9488730203981,-1.27045724910268,-36.6784157712954
1.81310418904404,505,493,-33.3804767469554,33.0612874876512,8.50471381639095,-41.5660013040422
1.81525241675618,502,491,-28.4928912142086,45.2802513195183,-1.27045724910268,-44.0097940704156
1.81740064446831,498,491,-8.94254908322134,55.0554223850119,-20.82079938009,-34.234623004922
1.81954887218045,497,489,-13.8301346159682,62.3868006841322,-20.82079938009,-41.5660013040422
1.82169709989259,490,487,10.6077930477659,84.3809355814928,-50.1463125765709,-34.234623004922
1.82384532760473,485,480,0.8326219822723,113.706448777974,-57.4776908756911,-56.2287579022827
1.82599355531686,484,478,-4.05496355047498,121.037827077094,-57.4776908756909,-63.5601362014033
1.828141783029,490,481,-18.717720148715,99.0436921797333,-35.4835559783304,-63.5601362014029
1.83029001074114,496,486,-23.6053056814618,72.1619717496258,-18.3770066137166,-53.7849651359092
1.83243823845328,500,489,-28.4928912142086,55.0554223850119,-6.1580427818495,-48.8973796031624
1.83458646616541,498,489,-18.717720148715,59.9430079177587,-15.9332138473431,-44.0097940704156
1.83673469387755,495,488,-8.94254908322134,69.7181789832524,-28.1521776792102,-41.5660013040422
1.83888292158969,493,489,5.72020751501911,72.1619717496258,-40.3711415110772,-31.7908302385486
1.84103114930183,494,485,-18.717720148715,79.493350048746,-25.7083849128368,-53.7849651359092
1.84317937701396,500,485,-48.0432333451959,64.8305934505056,3.61712828364413,-68.4477217341497
1.8453276047261,500,489,-28.4928912142086,55.0554223850119,-6.1580427818495,-48.8973796031624
1.84747583243824,504,492,-33.3804767469554,37.9488730203981,6.06092105001754,-44.0097940704156
1.84962406015038,501,491,-23.6053056814618,47.7240440858917,-6.1580427818495,-41.5660013040422
1.85177228786251,496,491,0.832621982272293,59.9430079177587,-30.5959704455836,-29.3470374721752
1.85392051557465,493,491,15.4953785805127,67.274386216879,-45.2587270438241,-22.0156591730549
1.85606874328679,492,489,10.6077930477659,74.6057645159992,-45.258727043824,-29.3470374721752
1.85821697099893,492,488,5.72020751501911,77.0495572823726,-42.8149342774506,-34.234623004922
1.86036519871106,493,484,-18.717720148715,84.3809355814928,-28.1521776792102,-56.2287579022827
1.8625134264232,496,486,-23.6053056814618,72.1619717496258,-18.3770066137166,-53.7849651359092
1.86466165413534,493,489,5.72020751501911,72.1619717496258,-40.3711415110772,-31.7908302385486
1.86680988184748,495,490,0.8326219822723,64.8305934505056,-33.039763211957,-31.7908302385486
1.86895810955961,499,491,-13.8301346159682,52.6116296186385,-15.9332138473431,-36.6784157712954
1.87110633727175,499,494,0.8326219822723,45.2802513195183,-23.2645921464634,-22.0156591730549
1.87325456498389,499,494,0.8326219822723,45.2802513195183,-23.2645921464634,-22.0156591730549
1.87540279269603,497,489,-13.8301346159682,62.3868006841322,-20.82079938009,-41.5660013040422
1.87755102040816,494,488,-4.05496355047451,72.1619717496258,-33.039763211957,-39.1222085376688
1.8796992481203,494,485,-18.717720148715,79.493350048746,-25.7083849128368,-53.7849651359092
1.88184747583244,496,488,-13.8301346159682,67.274386216879,-23.2645921464634,-44.0097940704156
1.88399570354458,497,490,-8.94254908322134,59.9430079177587,-23.2645921464634,-36.6784157712954
1.88614393125671,498,493,0.832621982272293,50.1678368522651,-25.7083849128368,-24.4594519394283
1.88829215896885,500,494,-4.05496355047452,42.8364585531449,-18.3770066137166,-24.4594519394283
1.89044038668099,502,497,0.832621982272297,30.6174947212778,-15.9332138473431,-14.6842808739347
1.89258861439313,501,494,-8.94254908322134,40.3926657867715,-13.4894210809697,-26.9032447058017
1.89473684210526,501,492,-18.717720148715,45.2802513195183,-8.60183554822292,-36.6784157712954
1.8968850698174,499,491,-13.8301346159682,52.6116296186385,-15.9332138473431,-36.6784157712954
1.89903329752954,501,490,-28.4928912142086,50.1678368522651,-3.7142500154761,-46.453586836789
1.90118152524168,499,491,-13.8301346159682,52.6116296186385,-15.9332138473431,-36.6784157712954
1.90332975295381,498,494,5.72020751501912,47.7240440858917,-28.1521776792102,-19.5718664066815
1.90547798066595,499,493,-4.05496355047453,47.7240440858917,-20.82079938009,-26.9032447058017
1.90762620837809,502,496,-4.05496355047452,33.0612874876512,-13.4894210809697,-19.5718664066815
1.90977443609023,509,499,-23.6053056814618,8.62335982391715,13.3922993491378,-22.0156591730549
1.91192266380236,510,498,-33.3804767469554,8.62335982391715,20.723677648258,-29.3470374721752
1.9140708915145,512,497,-48.0432333451959,6.17956705754374,32.942641480125,-39.1222085376688
1.91621911922664,512,498,-43.1556478124491,3.73577429117034,30.4988487137516,-34.234623004922
1.91836734693878,512,499,-38.2680622797022,1.29198152479693,28.0550559473782,-29.3470374721752
1.92051557465091,511,501,-23.6053056814618,-1.15181124157648,18.2798848818846,-17.1280736403081
1.92266380236305,509,502,-8.94254908322134,1.29198152479693,6.06092105001754,-7.35290257481447
1.92481203007519,508,501,-8.94254908322134,6.17956705754374,3.61712828364413,-9.79669534118788
1.92696025778733,506,502,5.72020751501912,8.62335982391715,-8.60183554822291,-0.0215242756942402
1.92910848549946,508,500,-13.8301346159682,8.62335982391715,6.06092105001754,-14.6842808739347
1.9312567132116,509,498,-28.4928912142086,11.0671525902906,15.8360921155112,-26.9032447058017
1.93340494092374,510,500,-23.6053056814618,3.73577429117034,15.8360921155112,-19.5718664066815
1.93555316863588,512,501,-28.4928912142086,-3.59560400794989,23.1674704146314,-19.5718664066815
1.93770139634801,515,502,-38.2680622797022,-13.3707750734435,35.3864342464985,-22.0156591730549
1.93984962406015,513,505,-13.8301346159682,-15.8145678398169,18.2798848818846,-2.46531704206765
1.94199785177229,515,507,-13.8301346159682,-25.5897389053106,23.1674704146314,2.42226849067917
1.94414607948443,517,509,-13.8301346159682,-35.3649099708042,28.0550559473782,7.30985402342599
1.94629430719656,517,506,-28.4928912142086,-28.033531671684,35.3864342464985,-7.35290257481447
1.9484425349087,515,505,-23.6053056814618,-20.7021533725638,28.0550559473782,-7.35290257481447
1.95059076262084,512,503,-18.717720148715,-8.48318954069671,18.2798848818846,-9.79669534118788
1.95273899033298,511,505,-4.05496355047452,-10.9269823070701,8.50471381639095,2.42226849067917
1.95488721804511,506,502,5.72020751501912,8.62335982391715,-8.60183554822291,-0.0215242756942402
1.95703544575725,504,503,20.3829641132596,11.0671525902906,-20.82079938009,9.7536467897994
1.95918367346939,502,503,30.1581351787532,15.9547381230374,-30.5959704455836,14.6412323225462
1.96133190118153,502,504,35.0457207115,13.510945356664,-33.039763211957,19.528817855293
1.96348012889366,506,504,15.4953785805128,3.73577429117034,-13.4894210809697,9.7536467897994
1.9656283566058,508,502,-4.05496355047452,3.73577429117034,1.17333551727072,-4.90910980844106
1.96777658431794,507,500,-8.94254908322134,11.0671525902906,1.17333551727072,-12.2404881075613
1.96992481203008,507,501,-4.05496355047452,8.62335982391715,-1.27045724910269,-7.35290257481447
1.97207303974221,505,502,10.6077930477659,11.0671525902906,-13.4894210809697,2.42226849067917
1.97422126745435,505,501,5.72020751501912,13.510945356664,-11.0456283145963,-2.46531704206765
1.97636949516649,509,501,-13.8301346159682,3.73577429117034,8.50471381639095,-12.2404881075613
1.97851772287863,505,504,20.3829641132596,6.17956705754374,-18.3770066137166,12.1974395561728
1.98066595059076,503,502,20.3829641132596,15.9547381230374,-23.2645921464634,7.30985402342599
1.9828141783029,501,498,10.6077930477659,30.6174947212778,-23.2645921464634,-7.35290257481447
1.98496240601504,498,494,5.72020751501912,47.7240440858917,-28.1521776792102,-19.5718664066815
1.98711063372718,495,493,15.4953785805127,57.4992151513853,-40.3711415110772,-17.1280736403081
1.98925886143931,494,493,20.3829641132596,59.9430079177588,-45.2587270438241,-14.6842808739347
1.99140708915145,491,492,30.1581351787532,69.7181789832524,-57.4776908756911,-12.2404881075613
1.99355531686359,492,492,25.2705496460064,67.274386216879,-52.5901053429443,-14.6842808739347
1.99570354457572,492,496,44.8208917769937,57.4992151513853,-62.3652764084379,4.86606125705258
1.99785177228786,493,493,25.2705496460064,62.3868006841322,-50.1463125765709,-12.2404881075613
2,493,492,20.3829641132596,64.8305934505056,-47.7025198101975,-17.1280736403081
2.00214822771214,493,490,10.6077930477659,69.7181789832524,-42.8149342774506,-26.9032447058017
2.00429645542427,489,489,25.2705496460064,81.9371428151194,-59.9214836420645,-22.0156591730549
2.00644468313641,488,486,15.4953785805127,91.7123138806131,-57.4776908756911,-34.234623004922
2.00859291084855,488,488,25.2705496460064,86.8247283478663,-62.3652764084379,-24.4594519394283
2.01074113856069,491,489,15.4953785805127,77.0495572823726,-50.1463125765709,-26.9032447058017
2.01288936627282,494,490,5.72020751501913,67.274386216879,-37.9273487447038,-29.3470374721751
2.01503759398496,495,492,10.6077930477659,59.9430079177587,-37.9273487447038,-22.0156591730549
2.0171858216971,494,491,10.6077930477659,64.8305934505056,-40.3711415110772,-24.4594519394283
2.01933404940924,491,485,-4.05496355047453,86.8247283478663,-40.3711415110772,-46.453586836789
2.02148227712137,485,484,20.3829641132596,103.93127771248,-67.2528619411847,-36.6784157712954
2.02363050483351,485,481,5.72020751501911,111.2626560116,-59.9214836420645,-51.3411723695358
2.02577873254565,485,482,10.6077930477659,108.818863245227,-62.3652764084379,-46.453586836789
2.02792696025779,487,486,20.3829641132596,94.1561066469865,-62.3652764084379,-31.7908302385486
2.03007518796993,488,485,10.6077930477659,94.1561066469865,-55.0338981093177,-39.1222085376688
2.03222341568206,489,489,25.2705496460064,81.9371428151194,-59.9214836420645,-22.0156591730549
2.0343716433942,488,488,25.2705496460064,86.8247283478663,-62.3652764084379,-24.4594519394283
2.03651987110634,486,485,20.3829641132596,99.0436921797333,-64.8090691748113,-34.234623004922
2.03866809881847,483,479,5.72020751501867,121.037827077094,-64.8090691748111,-56.2287579022831
2.04081632653061,477,477,25.2705496460064,140.588169208082,-89.2469968385457,-51.3411723695361
2.04296455424275,479,478,20.3829641132596,133.256790908961,-81.9156185394254,-51.3411723695361
2.04511278195489,481,479,15.4953785805123,125.925412609841,-74.5842402403048,-51.3411723695363
2.04726100966702,485,480,0.8326219822723,113.706448777974,-57.4776908756911,-56.2287579022827
2.04940923737916,486,481,0.8326219822723,108.818863245227,-55.0338981093177,-53.7849651359092
2.0515574650913,485,482,10.6077930477659,108.818863245227,-62.3652764084379,-46.453586836789
2.05370569280344,486,482,5.72020751501913,106.375070478854,-57.4776908756911,-48.8973796031624
2.05585392051557,491,481,-23.6053056814618,96.5998994133599,-30.5959704455836,-66.0039289677763
2.05800214822771,502,487,-48.0432333451959,55.0554223850119,8.50471381639095,-63.5601362014029
2.06015037593985,521,495,-101.806674205411,-10.9269823070701,81.8184968075932,-70.8915145005231
2.06229860365199,540,504,-150.682529532879,-79.3531797655256,152.688487032422,-73.3353072668965
2.06444683136412,561,518,-184.895628262107,-164.885926588595,221.114684490878,-56.2287579022826
2.06659505907626,581,529,-228.883898056829,-240.643502346171,291.984674715707,-51.3411723695361
2.0687432867884,598,542,-248.434240187816,-313.957285337373,343.304322809548,-29.3470374721754
2.07089151450054,611,553,-258.20941125331,-372.608311730335,379.96121430515,-7.35290257481469
2.07303974221267,619,558,-272.87216785155,-404.377617693189,406.842934735257,-2.46531704206791
2.07518796992481,616,562,-238.659069122322,-406.821410459563,382.405007071523,24.4164033880396
2.07733619763695,605,560,-194.670799327601,-375.052104496708,333.529151744055,41.5229527526535
2.07948442534909,586,559,-106.694259738158,-326.17624916924,243.108819388239,83.0674297810015
2.08163265306122,563,552,-28.4928912142086,-252.862466178038,147.800901499675,105.061564678362
2.08378088077336,539,545,54.5960628424873,-177.104890420462,47.6053980783655,129.499492342096
2.0859291084855,519,535,103.471918169955,-103.79110742926,-25.7083849128368,129.499492342096
2.08807733619764,501,527,152.347773497424,-40.252495503551,-94.1345823712922,134.387077874843
2.09022556390977,487,515,162.122944562917,23.2861164221576,-133.235266633267,109.949150211109
2.09237379162191,476,508,181.673286693905,67.2743862168792,-169.892158128868,102.617771911989
2.09452201933405,477,500,137.685016899184,84.3809355814931,-145.454230465134,61.0732948836412
2.09667024704619,478,500,132.797431366437,81.9371428151197,-140.566644932387,58.6295021172678
2.09881847475832,480,499,118.134674768196,79.493350048746,-128.34768110052,48.8543310517739
2.10096670247046,484,501,108.359503702702,64.8305934505056,-113.68492450228,48.8543310517739
2.1031149301826,492,500,64.3712339079809,47.7240440858917,-72.1404474739315,24.4164033880398
2.10526315789474,496,500,44.8208917769937,37.9488730203981,-52.5901053429443,14.6412323225462
2.10741138560687,496,499,39.9333062442469,40.3926657867715,-50.1463125765709,9.7536467897994
2.10955961331901,496,499,39.9333062442469,40.3926657867715,-50.1463125765709,9.7536467897994
2.11170784103115,493,493,25.2705496460064,62.3868006841322,-50.1463125765709,-12.2404881075613
2.11385606874329,494,494,25.2705496460064,57.4992151513853,-47.7025198101975,-9.79669534118787
2.11600429645542,493,495,35.0457207115,57.4992151513853,-55.0338981093177,-2.46531704206765
2.11815252416756,491,495,44.8208917769937,62.3868006841322,-64.8090691748113,2.42226849067917
2.1203007518797,492,495,39.9333062442468,59.9430079177587,-59.9214836420645,-0.0215242756942473
2.12244897959184,493,496,39.9333062442469,55.0554223850119,-57.4776908756911,2.42226849067917
2.12459720730397,494,495,30.1581351787532,55.0554223850119,-50.1463125765709,-4.90910980844106
2.12674543501611,492,493,30.1581351787532,64.8305934505056,-55.0338981093177,-9.79669534118788
2.12889366272825,494,490,5.72020751501913,67.274386216879,-37.9273487447038,-29.3470374721751
2.13104189044039,490,487,10.6077930477659,84.3809355814928,-50.1463125765709,-34.234623004922
2.13319011815252,486,489,39.9333062442469,89.2685211142397,-74.584240240305,-14.6842808739347
2.13533834586466,488,490,35.0457207115,81.9371428151194,-67.2528619411847,-14.6842808739347
2.1374865735768,492,490,15.4953785805127,72.1619717496258,-47.7025198101975,-24.4594519394283
2.13963480128894,491,490,20.3829641132596,74.6057645159992,-52.5901053429443,-22.0156591730549
2.14178302900107,492,490,15.4953785805127,72.1619717496258,-47.7025198101975,-24.4594519394283
2.14393125671321,491,491,25.2705496460064,72.1619717496258,-55.0338981093177,-17.1280736403081
2.14607948442535,490,485,0.8326219822723,89.2685211142397,-45.2587270438241,-44.0097940704156
2.14822771213749,488,483,0.832621982272286,99.0436921797333,-50.1463125765709,-48.8973796031624
2.15037593984962,488,485,10.6077930477659,94.1561066469865,-55.0338981093177,-39.1222085376688
2.15252416756176,488,486,15.4953785805127,91.7123138806131,-57.4776908756911,-34.234623004922
2.1546723952739,492,486,-4.05496355047453,81.9371428151194,-37.9273487447038,-44.0097940704156
2.15682062298604,495,492,10.6077930477659,59.9430079177587,-37.9273487447038,-22.0156591730549
2.15896885069817,498,491,-8.94254908322134,55.0554223850119,-20.82079938009,-34.234623004922
2.16111707841031,501,492,-18.717720148715,45.2802513195183,-8.60183554822292,-36.6784157712954
2.16326530612245,497,490,-8.94254908322134,59.9430079177587,-23.2645921464634,-36.6784157712954
2.16541353383459,489,486,10.6077930477659,89.2685211142397,-52.5901053429443,-36.6784157712954
2.16756176154672,491,486,0.8326219822723,84.3809355814928,-42.8149342774506,-41.5660013040422
2.16970998925886,494,489,0.8326219822723,69.7181789832524,-35.4835559783304,-34.234623004922
2.171858216971,498,490,-13.8301346159682,57.4992151513853,-18.3770066137166,-39.1222085376688
2.17400644468314,499,494,0.8326219822723,45.2802513195183,-23.2645921464634,-22.0156591730549
2.17615467239527,502,493,-18.717720148715,40.3926657867715,-6.1580427818495,-34.234623004922
2.17830290010741,505,498,-8.94254908322134,20.8423236557842,-3.71425001547609,-17.1280736403081
2.18045112781955,504,495,-18.717720148715,30.6174947212778,-1.27045724910268,-29.3470374721752
2.18259935553169,506,494,-33.3804767469554,28.1737019549044,10.9485065827644,-39.1222085376688
2.18474758324382,502,492,-23.6053056814618,42.8364585531449,-3.7142500154761,-39.1222085376688
2.18689581095596,500,495,0.832621982272293,40.3926657867715,-20.82079938009,-19.5718664066815
2.1890440386681,497,494,10.6077930477659,50.1678368522651,-33.039763211957,-17.1280736403081
2.19119226638024,497,494,10.6077930477659,50.1678368522651,-33.039763211957,-17.1280736403081
2.19334049409237,503,496,-8.94254908322134,30.6174947212778,-8.60183554822292,-22.0156591730549
2.19548872180451,506,498,-13.8301346159682,18.3985308894108,1.17333551727072,-19.5718664066815
2.19763694951665,511,499,-33.3804767469554,3.73577429117034,23.1674704146314,-26.9032447058017
2.19978517722879,512,497,-48.0432333451959,6.17956705754374,32.942641480125,-39.1222085376688
2.20193340494092,510,498,-33.3804767469554,8.62335982391715,20.723677648258,-29.3470374721752
2.20408163265306,514,501,-38.2680622797022,-8.48318954069671,32.942641480125,-24.4594519394283
2.2062298603652,511,501,-23.6053056814618,-1.15181124157648,18.2798848818846,-17.1280736403081
2.20837808807734,510,502,-13.8301346159682,-1.15181124157648,10.9485065827644,-9.79669534118788
2.21052631578947,509,503,-4.05496355047452,-1.15181124157648,3.61712828364413,-2.46531704206765
2.21267454350161,509,504,0.832621982272297,-3.59560400794989,1.17333551727072,2.42226849067917
2.21482277121375,509,503,-4.05496355047452,-1.15181124157648,3.61712828364413,-2.46531704206765
2.21697099892589,510,500,-23.6053056814618,3.73577429117034,15.8360921155112,-19.5718664066815
2.21911922663802,508,499,-18.717720148715,11.0671525902906,8.50471381639095,-19.5718664066815
2.22126745435016,507,499,-13.8301346159682,13.510945356664,3.61712828364413,-17.1280736403081
2.2234156820623,505,500,0.832621982272297,15.9547381230374,-8.60183554822291,-7.35290257481447
2.22556390977444,504,500,5.72020751501912,18.3985308894108,-13.4894210809697,-4.90910980844106
2.22771213748657,502,499,10.6077930477659,25.729909188531,-20.82079938009,-4.90910980844106
2.22986036519871,501,500,20.3829641132596,25.729909188531,-28.1521776792102,2.42226849067917
2.23200859291085,507,504,10.6077930477659,1.29198152479693,-8.60183554822291,7.30985402342599
2.23415682062299,514,504,-23.6053056814618,-15.8145678398169,25.6112631810048,-9.79669534118788
2.23630504833512,518,504,-43.1556478124491,-25.5897389053106,45.1616053119921,-19.5718664066815
2.23845327604726,521,505,-52.9308188779427,-35.3649099708042,57.3805691438591,-22.0156591730549
2.2406015037594,523,511,-33.3804767469554,-54.9152521017915,52.4929836111123,2.42226849067917
2.24274973147154,521,510,-28.4928912142086,-47.5838738026713,45.1616053119921,2.42226849067917
2.24489795918367,519,511,-13.8301346159682,-45.1400810362979,32.942641480125,12.1974395561728
2.24704618689581,524,514,-23.6053056814618,-64.6904231672851,50.0491908447389,14.6412323225462
2.24919441460795,525,516,-18.717720148715,-72.0218014664053,50.0491908447389,21.9726106216664
2.25134264232009,526,513,-38.2680622797022,-67.1342159336585,62.268154676606,4.86606125705258
2.25349087003222,527,512,-48.0432333451959,-67.1342159336585,69.5995329757262,-2.46531704206765
2.25563909774436,525,513,-33.3804767469554,-64.6904231672851,57.3805691438591,7.30985402342598
2.2577873254565,528,515,-38.2680622797023,-76.9093869991522,67.1557402093528,9.75364678979939
2.25993555316864,529,516,-38.2680622797022,-81.796972531899,69.5995329757262,12.1974395561728
2.26208378088077,526,518,-13.8301346159681,-79.3531797655256,50.0491908447389,29.3039889207867
2.26423200859291,526,519,-8.94254908322134,-81.796972531899,47.6053980783655,34.1915744535335
2.26638023630505,524,519,0.832621982272286,-76.9093869991522,37.8302270128719,39.0791599862803
2.26852846401719,523,515,-13.8301346159682,-64.6904231672851,42.7178125456187,21.9726106216664
2.27067669172932,523,515,-13.8301346159682,-64.6904231672851,42.7178125456187,21.9726106216664
2.27282491944146,524,516,-13.8301346159682,-69.5780087000319,45.1616053119921,24.4164033880399
2.2749731471536,528,518,-23.6053056814618,-84.2407652982724,59.8243619102326,24.4164033880399
2.27712137486574,531,520,-28.4928912142086,-96.4597291301395,69.5995329757262,26.8601961544133
2.27926960257787,536,522,-43.1556478124491,-113.566278494753,89.1498751067135,24.4164033880399
2.28141783029001,536,523,-38.2680622797023,-116.010071261127,86.7060823403401,29.3039889207867
2.28356605800215,534,527,-8.94254908322134,-120.897656793874,67.1557402093528,53.7419165845208
2.28571428571429,533,526,-8.94254908322134,-116.010071261127,64.7119474429794,51.2981238181474
2.28786251342642,536,525,-28.4928912142086,-120.897656793874,81.8184968075932,39.0791599862803
2.29001074113856,535,523,-33.3804767469554,-113.566278494753,81.8184968075932,31.7477816871601
2.2921589688507,533,524,-18.717720148715,-111.12248572838,69.5995329757262,41.5229527526537
2.29430719656284,532,524,-13.8301346159682,-108.678692962006,64.7119474429794,43.9667455190271
2.29645542427497,530,524,-4.05496355047451,-103.79110742926,54.9367763774857,48.854331051774
2.29860365198711,528,525,10.6077930477659,-101.347314662886,42.7178125456187,58.6295021172676
2.30075187969925,526,525,20.3829641132596,-96.4597291301394,32.942641480125,63.5170876500144
2.30290010741139,527,524,10.6077930477659,-96.4597291301395,40.2740197792453,56.1857093508942
2.30504833512352,529,524,0.8326219822723,-101.347314662886,50.0491908447389,51.2981238181474
2.30719656283566,532,523,-18.717720148715,-106.234900195633,67.1557402093528,39.0791599862803
2.3093447905478,530,523,-8.94254908322134,-101.347314662886,57.3805691438591,43.9667455190271
2.31149301825994,530,522,-13.8301346159681,-98.9035218965129,59.8243619102325,39.0791599862803
2.31364124597207,529,522,-8.94254908322134,-96.4597291301395,54.9367763774857,41.5229527526537
2.31578947368421,531,525,-4.05496355047453,-108.678692962006,57.3805691438591,51.2981238181474
2.31793770139635,526,525,20.3829641132596,-96.4597291301394,32.942641480125,63.5170876500144
2.32008592910849,525,523,15.4953785805127,-89.1283508310192,32.942641480125,56.1857093508942
2.32223415682062,520,520,25.2705496460064,-69.5780087000319,15.8360921155112,53.7419165845208
2.32438238453276,517,517,25.2705496460064,-54.9152521017915,8.50471381639095,46.4105382854005
2.3265306122449,516,515,20.3829641132596,-47.5838738026713,8.50471381639095,39.0791599862803
2.32867883995704,514,515,30.1581351787532,-42.6962882699244,-1.27045724910268,43.9667455190271
2.33082706766917,515,515,25.2705496460064,-45.1400810362979,3.61712828364413,41.5229527526537
2.33297529538131,516,515,20.3829641132596,-47.5838738026713,8.50471381639095,39.0791599862803
2.33512352309345,514,516,35.0457207115,-45.1400810362979,-3.7142500154761,48.854331051774
2.33727175080559,514,517,39.9333062442468,-47.5838738026713,-6.1580427818495,53.7419165845208
2.33941997851772,516,515,20.3829641132596,-47.5838738026713,8.50471381639095,39.0791599862803
2.34156820622986,516,513,10.6077930477659,-42.6962882699244,13.3922993491378,29.3039889207867
2.343716433942,514,510,5.72020751501912,-30.4773244380574,10.9485065827644,19.528817855293
2.34586466165414,511,509,15.4953785805128,-20.7021533725638,-1.27045724910269,21.9726106216664
2.34801288936627,507,508,30.1581351787532,-8.48318954069671,-18.3770066137166,26.8601961544133
2.35016111707841,503,508,49.7084773097405,1.29198152479693,-37.9273487447038,36.6353672199069
2.35230934479055,501,506,49.7084773097405,11.0671525902906,-42.8149342774506,31.7477816871601
2.35445757250269,499,506,59.4836483752341,15.9547381230374,-52.5901053429443,36.6353672199069
2.35660580021482,498,504,54.5960628424873,23.2861164221576,-52.5901053429443,29.3039889207867
2.35875402792696,500,502,35.0457207115,23.2861164221576,-37.9273487447038,14.6412323225462
2.3609022556391,502,500,15.4953785805128,23.2861164221576,-23.2645921464634,-0.0215242756942402
2.36305048335124,500,499,20.3829641132596,30.6174947212778,-30.5959704455836,-0.0215242756942402
2.36519871106337,496,497,30.1581351787532,45.2802513195183,-45.2587270438241,-0.0215242756942402
2.36734693877551,499,498,20.3829641132596,35.5050802540247,-33.039763211957,-2.46531704206765
2.36949516648765,498,499,30.1581351787532,35.5050802540247,-40.3711415110772,4.86606125705258
2.37164339419978,495,499,44.8208917769937,42.8364585531449,-55.0338981093177,12.1974395561728
2.37379162191192,495,496,30.1581351787532,50.1678368522651,-47.7025198101975,-2.46531704206765
2.37593984962406,494,495,30.1581351787532,55.0554223850119,-50.1463125765709,-4.90910980844106
2.3780880773362,494,494,25.2705496460064,57.4992151513853,-47.7025198101975,-9.79669534118787
2.38023630504834,496,494,15.4953785805128,52.6116296186385,-37.9273487447038,-14.6842808739347
2.38238453276047,497,492,0.8326219822723,55.0554223850119,-28.1521776792102,-26.9032447058017
2.38453276047261,495,493,15.4953785805127,57.4992151513853,-40.3711415110772,-17.1280736403081
2.38668098818475,493,493,25.2705496460064,62.3868006841322,-50.1463125765709,-12.2404881075613
2.38882921589689,490,492,35.0457207115,72.1619717496258,-62.3652764084379,-9.79669534118787
2.39097744360902,490,493,39.9333062442469,69.7181789832524,-64.8090691748113,-4.90910980844106
2.39312567132116,490,492,35.0457207115,72.1619717496258,-62.3652764084379,-9.79669534118787
2.3952738990333,489,489,25.2705496460064,81.9371428151194,-59.9214836420645,-22.0156591730549
2.39742212674544,491,487,5.72020751501911,81.9371428151194,-45.2587270438241,-36.6784157712954
2.39957035445757,490,488,15.4953785805128,81.9371428151194,-52.5901053429443,-29.3470374721751
2.40171858216971,491,490,20.3829641132596,74.6057645159992,-52.5901053429443,-22.0156591730549
2.40386680988185,494,490,5.72020751501913,67.274386216879,-37.9273487447038,-29.3470374721751
2.40601503759398,497,493,5.72020751501911,52.6116296186385,-30.5959704455836,-22.0156591730549
2.40816326530612,504,494,-23.6053056814618,33.0612874876512,1.17333551727072,-34.234623004922
2.41031149301826,505,498,-8.94254908322134,20.8423236557842,-3.71425001547609,-17.1280736403081
2.4124597207304,507,497,-23.6053056814618,18.3985308894108,8.50471381639095,-26.9032447058017
2.41460794844253,506,495,-28.4928912142086,25.729909188531,8.50471381639095,-34.234623004922
2.41675617615467,504,492,-33.3804767469554,37.9488730203981,6.06092105001754,-44.0097940704156
2.41890440386681,500,492,-13.8301346159682,47.7240440858917,-13.4894210809697,-34.234623004922
2.42105263157895,493,492,20.3829641132596,64.8305934505056,-47.7025198101975,-17.1280736403081
2.42320085929108,492,492,25.2705496460064,67.274386216879,-52.5901053429443,-14.6842808739347
2.42534908700322,491,491,25.2705496460064,72.1619717496258,-55.0338981093177,-17.1280736403081
2.42749731471536,492,494,35.0457207115,62.3868006841322,-57.4776908756911,-4.90910980844106
2.4296455424275,497,495,15.4953785805127,47.7240440858917,-35.4835559783304,-12.2404881075613
2.43179377013963,500,494,-4.05496355047452,42.8364585531449,-18.3770066137166,-24.4594519394283
2.43394199785177,501,493,-13.8301346159682,42.8364585531449,-11.0456283145963,-31.7908302385486
2.43609022556391,501,494,-8.94254908322134,40.3926657867715,-13.4894210809697,-26.9032447058017
2.43823845327605,496,494,15.4953785805128,52.6116296186385,-37.9273487447038,-14.6842808739347
2.44038668098818,491,492,30.1581351787532,69.7181789832524,-57.4776908756911,-12.2404881075613
2.44253490870032,491,493,35.0457207115,67.274386216879,-59.9214836420645,-7.35290257481447
2.44468313641246,492,492,25.2705496460064,67.274386216879,-52.5901053429443,-14.6842808739347
2.4468313641246,493,494,30.1581351787532,59.9430079177587,-52.5901053429443,-7.35290257481446
2.44897959183673,494,492,15.4953785805128,62.3868006841322,-42.8149342774507,-19.5718664066815
2.45112781954887,499,491,-13.8301346159682,52.6116296186385,-15.9332138473431,-36.6784157712954
2.45327604726101,495,491,5.72020751501911,62.3868006841322,-35.4835559783304,-26.9032447058017
2.45542427497315,499,492,-8.94254908322134,50.1678368522651,-18.3770066137166,-31.7908302385486
2.45757250268528,498,493,0.832621982272293,50.1678368522651,-25.7083849128368,-24.4594519394283
2.45972073039742,499,496,10.6077930477659,40.3926657867715,-28.1521776792102,-12.2404881075613
2.46186895810956,501,496,0.8326219822723,35.5050802540247,-18.3770066137166,-17.1280736403081
2.4640171858217,500,496,5.72020751501912,37.9488730203981,-23.2645921464634,-14.6842808739347
2.46616541353383,497,492,0.8326219822723,55.0554223850119,-28.1521776792102,-26.9032447058017
2.46831364124597,494,489,0.8326219822723,69.7181789832524,-35.4835559783304,-34.234623004922
2.47046186895811,497,488,-18.717720148715,64.8305934505056,-18.3770066137166,-46.453586836789
2.47261009667025,495,490,0.8326219822723,64.8305934505056,-33.039763211957,-31.7908302385486
2.47475832438238,496,493,10.6077930477659,55.0554223850119,-35.4835559783304,-19.5718664066815
2.47690655209452,497,494,10.6077930477659,50.1678368522651,-33.039763211957,-17.1280736403081
2.47905477980666,500,496,5.72020751501912,37.9488730203981,-23.2645921464634,-14.6842808739347
2.4812030075188,498,495,10.6077930477659,45.2802513195183,-30.5959704455836,-14.6842808739347
2.48335123523093,494,494,25.2705496460064,57.4992151513853,-47.7025198101975,-9.79669534118787
2.48549946294307,493,492,20.3829641132596,64.8305934505056,-47.7025198101975,-17.1280736403081
2.48764769065521,496,488,-13.8301346159682,67.274386216879,-23.2645921464634,-44.0097940704156
2.48979591836735,495,490,0.8326219822723,64.8305934505056,-33.039763211957,-31.7908302385486
2.49194414607948,501,492,-18.717720148715,45.2802513195183,-8.60183554822292,-36.6784157712954
2.49409237379162,506,499,-8.94254908322134,15.9547381230374,-1.27045724910269,-14.6842808739347
2.49624060150376,508,499,-18.717720148715,11.0671525902906,8.50471381639095,-19.5718664066815
2.4983888292159,507,500,-8.94254908322134,11.0671525902906,1.17333551727072,-12.2404881075613
2.50053705692803,508,501,-8.94254908322134,6.17956705754374,3.61712828364413,-9.79669534118788
2.50268528464017,505,500,0.832621982272297,15.9547381230374,-8.60183554822291,-7.35290257481447
2.50483351235231,506,497,-18.717720148715,20.8423236557842,3.61712828364413,-24.4594519394283
2.50698174006445,507,499,-13.8301346159682,13.510945356664,3.61712828364413,-17.1280736403081
2.50912996777658,509,501,-13.8301346159682,3.73577429117034,8.50471381639095,-12.2404881075613
2.51127819548872,515,507,-13.8301346159682,-25.5897389053106,23.1674704146314,2.42226849067917
2.51342642320086,515,505,-23.6053056814618,-20.7021533725638,28.0550559473782,-7.35290257481447
2.515574650913,512,505,-8.94254908322134,-13.3707750734435,13.3922993491378,-0.0215242756942402
2.51772287862513,512,507,0.832621982272297,-18.2583606061904,8.50471381639095,9.7536467897994
2.51987110633727,510,506,5.72020751501912,-10.9269823070701,1.17333551727072,9.7536467897994
2.52201933404941,513,503,-23.6053056814618,-10.9269823070701,23.1674704146314,-12.2404881075613
2.52416756176155,514,503,-28.4928912142086,-13.3707750734435,28.0550559473782,-14.6842808739347
2.52631578947368,516,504,-33.3804767469554,-20.7021533725638,35.3864342464985,-14.6842808739347
2.52846401718582,512,505,-8.94254908322134,-13.3707750734435,13.3922993491378,-0.0215242756942402
2.53061224489796,511,506,0.832621982272297,-13.3707750734435,6.06092105001754,7.30985402342599
2.5327604726101,512,507,0.832621982272297,-18.2583606061904,8.50471381639095,9.7536467897994
2.53490870032223,513,509,5.72020751501912,-25.5897389053106,8.50471381639095,17.0850250889196
2.53705692803437,509,507,15.4953785805128,-10.9269823070701,-6.1580427818495,17.0850250889196
2.53920515574651,507,503,5.72020751501912,3.73577429117034,-6.1580427818495,2.42226849067917
2.54135338345865,511,501,-23.6053056814618,-1.15181124157648,18.2798848818846,-17.1280736403081
2.54350161117078,513,504,-18.717720148715,-13.3707750734435,20.723677648258,-7.35290257481447
2.54564983888292,518,509,-18.717720148715,-37.8087027371776,32.942641480125,4.86606125705258
2.54779806659506,518,510,-13.8301346159682,-40.252495503551,30.4988487137516,9.7536467897994
2.5499462943072,517,510,-8.94254908322134,-37.8087027371776,25.6112631810048,12.1974395561728
2.55209452201933,511,511,25.2705496460064,-25.5897389053106,-6.1580427818495,31.7477816871601
2.55424274973147,505,508,39.9333062442469,-3.59560400794989,-28.1521776792102,31.7477816871601
2.55639097744361,500,504,44.8208917769937,18.3985308894108,-42.8149342774506,24.4164033880399
2.55853920515575,496,500,44.8208917769937,37.9488730203981,-52.5901053429443,14.6412323225462
2.56068743286788,491,497,54.5960628424873,57.4992151513853,-69.6966547075582,12.1974395561728
2.56283566058002,491,496,49.7084773097405,59.9430079177587,-67.2528619411847,7.30985402342599
2.56498388829216,490,497,59.4836483752341,59.9430079177588,-74.584240240305,14.6412323225462
2.5671321160043,493,497,44.8208917769937,52.6116296186385,-59.9214836420645,7.30985402342599
2.56928034371643,499,500,30.1581351787532,30.6174947212778,-37.9273487447038,7.30985402342599
2.57142857142857,499,500,30.1581351787532,30.6174947212778,-37.9273487447038,7.30985402342599
2.57357679914071,498,498,25.2705496460064,37.9488730203981,-37.9273487447038,-0.0215242756942402
2.57572502685285,493,494,30.1581351787532,59.9430079177587,-52.5901053429443,-7.35290257481446
2.57787325456498,486,490,44.8208917769937,86.8247283478663,-77.0280330066784,-9.79669534118787
2.58002148227712,483,488,49.7084773097405,99.0436921797333,-86.803204072172,-12.2404881075613
2.58216970998926,484,490,54.5960628424873,91.7123138806131,-86.803204072172,-4.90910980844106
2.5843179377014,488,491,39.9333062442468,79.493350048746,-69.6966547075581,-9.79669534118788
2.58646616541353,493,495,35.0457207115,57.4992151513853,-55.0338981093177,-2.46531704206765
2.58861439312567,496,496,25.2705496460064,47.7240440858917,-42.8149342774506,-4.90910980844106
2.59076262083781,498,496,15.4953785805128,42.8364585531449,-33.039763211957,-9.79669534118787
2.59291084854995,492,491,20.3829641132596,69.7181789832524,-50.1463125765709,-19.5718664066815
2.59505907626208,492,489,10.6077930477659,74.6057645159992,-45.258727043824,-29.3470374721752
2.59720730397422,487,489,35.0457207115,86.8247283478663,-69.6966547075581,-17.1280736403081
2.59935553168636,489,490,30.1581351787532,79.493350048746,-62.3652764084379,-17.1280736403081
2.6015037593985,486,490,44.8208917769937,86.8247283478663,-77.0280330066784,-9.79669534118787
2.60365198711063,484,488,44.8208917769937,96.5998994133599,-81.9156185394252,-14.6842808739347
2.60580021482277,482,489,59.4836483752341,99.0436921797333,-94.1345823712923,-4.90910980844106
2.60794844253491,484,490,54.5960628424873,91.7123138806131,-86.803204072172,-4.90910980844106
2.61009667024705,486,485,20.3829641132596,99.0436921797333,-64.8090691748113,-34.234623004922
2.61224489795918,487,483,5.72020751501911,101.487484946107,-55.0338981093177,-46.453586836789
2.61439312567132,482,482,25.2705496460064,116.150241544347,-77.0280330066784,-39.1222085376688
2.61654135338346,486,485,20.3829641132596,99.0436921797333,-64.8090691748113,-34.234623004922
2.6186895810956,487,487,25.2705496460064,91.7123138806131,-64.8090691748113,-26.9032447058017
2.62083780880773,487,486,20.3829641132596,94.1561066469865,-62.3652764084379,-31.7908302385486
2.62298603651987,486,487,30.1581351787532,94.1561066469865,-69.6966547075582,-24.4594519394283
2.62513426423201,482,489,59.4836483752341,99.0436921797333,-94.1345823712923,-4.90910980844106
2.62728249194415,485,484,20.3829641132596,103.93127771248,-67.2528619411847,-36.6784157712954
2.62943071965628,487,484,10.6077930477659,99.0436921797333,-57.4776908756911,-41.5660013040422
2.63157894736842,491,483,-13.8301346159682,91.7123138806131,-35.4835559783304,-56.2287579022827
2.63372717508056,492,486,-4.05496355047453,81.9371428151194,-37.9273487447038,-44.0097940704156
2.6358754027927,495,487,-13.8301346159682,72.1619717496258,-25.7083849128368,-46.453586836789
2.63802363050483,500,490,-23.6053056814618,52.6116296186385,-8.60183554822292,-44.0097940704156
2.64017185821697,509,495,-43.1556478124491,18.3985308894108,23.1674704146314,-41.5660013040422
2.64232008592911,521,502,-67.5935754761832,-28.033531671684,64.7119474429794,-36.6784157712954
2.64446831364125,536,507,-116.469430803651,-76.9093869991522,125.806766602315,-48.8973796031624
2.64661654135338,555,514,-175.120457196613,-140.447998924861,201.56434235989,-61.1163434350295
2.64876476906552,574,524,-219.108726991335,-211.31798914969,269.990539818346,-58.6725506686561
2.65091299677766,593,538,-243.546654655069,-291.963150440012,328.641566211308,-36.6784157712956
2.6530612244898,607,549,-258.20941125331,-353.057969599348,370.186043239656,-17.1280736403083
2.65520945220193,616,559,-253.321825720563,-399.490032160442,389.736385370643,9.75364678979918
2.65735767991407,611,563,-209.333555925841,-397.046239394069,355.523286641416,41.5229527526535
2.65950590762621,601,565,-150.68252953288,-377.495897263082,301.759845781201,75.7360514818812
2.66165413533835,584,561,-87.1439176071709,-326.17624916924,228.446062789998,97.7301863792419
2.66380236305048,561,550,-28.4928912142086,-243.087295112544,142.913315966928,100.173979145616
2.66595059076262,539,542,39.9333062442468,-169.773512121342,54.9367763774857,114.836735743856
2.66809881847476,519,534,98.5843326372087,-101.347314662886,-23.2645921464634,124.61190680935
2.6702470461869,503,528,147.460187964677,-47.5838738026713,-86.803204072172,134.387077874843
2.67239527389903,491,520,167.010530095664,1.29198152479692,-125.903888334147,124.61190680935
2.67454350161117,480,513,186.560872226651,45.2802513195183,-162.560779829748,117.280528510229
2.67669172932331,476,509,186.560872226652,64.8305934505058,-172.335950895242,107.505357444736
2.67883995703545,477,505,162.122944562918,72.161971749626,-157.673194297001,85.5112225473753
2.68098818474758,478,502,142.57260243193,77.0495572823728,-145.454230465134,68.4046731827614
2.68313641245972,484,499,98.5843326372087,69.7181789832524,-108.797338969533,39.0791599862803
2.68528464017186,490,500,74.1464049734746,52.6116296186385,-81.9156185394252,29.3039889207867
2.687432867884,496,502,54.5960628424873,33.0612874876512,-57.4776908756911,24.4164033880399
2.68958109559613,500,500,25.2705496460064,28.1737019549044,-33.039763211957,4.86606125705258
2.69172932330827,502,503,30.1581351787532,15.9547381230374,-30.5959704455836,14.6412323225462
2.69387755102041,499,502,39.9333062442469,25.729909188531,-42.8149342774506,17.0850250889196
2.69602577873255,496,500,44.8208917769937,37.9488730203981,-52.5901053429443,14.6412323225462
2.69817400644468,495,496,30.1581351787532,50.1678368522651,-47.7025198101975,-2.46531704206765
2.70032223415682,492,492,25.2705496460064,67.274386216879,-52.5901053429443,-14.6842808739347
2.70247046186896,487,488,30.1581351787532,89.2685211142397,-67.2528619411847,-22.0156591730549
2.7046186895811,482,485,39.9333062442469,108.818863245227,-84.3594113057986,-24.4594519394283
2.70676691729323,476,483,59.4836483752346,128.369205376214,-108.797338969533,-19.5718664066813
2.70891514500537,478,484,54.5960628424877,121.037827077094,-101.465960670413,-19.5718664066813
2.71106337271751,481,483,35.0457207115,116.150241544347,-84.3594113057986,-31.7908302385486
2.71321160042965,486,488,35.0457207115,91.7123138806131,-72.1404474739316,-19.5718664066815
2.71535982814178,492,487,0.832621982272286,79.493350048746,-40.3711415110772,-39.1222085376688
2.71750805585392,497,488,-18.717720148715,64.8305934505056,-18.3770066137166,-46.453586836789
2.71965628356606,498,487,-28.4928912142086,64.8305934505056,-11.0456283145963,-53.7849651359092
2.7218045112782,497,487,-23.6053056814618,67.274386216879,-15.9332138473431,-51.3411723695358
2.72395273899033,497,489,-13.8301346159682,62.3868006841322,-20.82079938009,-41.5660013040422
2.72610096670247,489,489,25.2705496460064,81.9371428151194,-59.9214836420645,-22.0156591730549
2.72824919441461,487,487,25.2705496460064,91.7123138806131,-64.8090691748113,-26.9032447058017
2.73039742212675,484,485,30.1581351787532,103.93127771248,-74.584240240305,-29.3470374721752
2.73254564983888,486,486,25.2705496460064,96.5998994133599,-67.2528619411847,-29.3470374721751
2.73469387755102,491,487,5.72020751501911,81.9371428151194,-45.2587270438241,-36.6784157712954
2.73684210526316,495,486,-18.717720148715,74.6057645159992,-23.2645921464634,-51.3411723695358
2.7389903329753,496,487,-18.717720148715,69.7181789832524,-20.82079938009,-48.8973796031624
2.74113856068743,501,488,-38.2680622797022,55.0554223850119,1.17333551727072,-56.2287579022827
2.74328678839957,502,493,-18.717720148715,40.3926657867715,-6.1580427818495,-34.234623004922
2.74543501611171,501,494,-8.94254908322134,40.3926657867715,-13.4894210809697,-26.9032447058017
2.74758324382385,498,497,20.3829641132596,40.3926657867715,-35.4835559783304,-4.90910980844106
2.74973147153598,497,494,10.6077930477659,50.1678368522651,-33.039763211957,-17.1280736403081
2.75187969924812,496,492,5.72020751501912,57.4992151513853,-33.039763211957,-24.4594519394283
2.75402792696026,493,490,10.6077930477659,69.7181789832524,-42.8149342774506,-26.9032447058017
2.7561761546724,495,489,-4.05496355047453,67.274386216879,-30.5959704455836,-36.6784157712954
2.75832438238453,494,489,0.8326219822723,69.7181789832524,-35.4835559783304,-34.234623004922
2.76047261009667,498,492,-4.05496355047452,52.6116296186385,-23.2645921464634,-29.3470374721751
2.76262083780881,501,494,-8.94254908322134,40.3926657867715,-13.4894210809697,-26.9032447058017
2.76476906552095,501,494,-8.94254908322134,40.3926657867715,-13.4894210809697,-26.9032447058017
2.76691729323308,501,495,-4.05496355047453,37.9488730203981,-15.9332138473431,-22.0156591730549
2.76906552094522,500,494,-4.05496355047452,42.8364585531449,-18.3770066137166,-24.4594519394283
2.77121374865736,502,494,-13.8301346159682,37.9488730203981,-8.60183554822292,-29.3470374721751
2.77336197636949,503,492,-28.4928912142086,40.3926657867715,1.17333551727072,-41.5660013040422
2.77551020408163,500,492,-13.8301346159682,47.7240440858917,-13.4894210809697,-34.234623004922
2.77765843179377,501,494,-8.94254908322134,40.3926657867715,-13.4894210809697,-26.9032447058017
2.77980665950591,499,494,0.8326219822723,45.2802513195183,-23.2645921464634,-22.0156591730549
2.78195488721805,501,495,-4.05496355047453,37.9488730203981,-15.9332138473431,-22.0156591730549
2.78410311493018,501,496,0.8326219822723,35.5050802540247,-18.3770066137166,-17.1280736403081
2.78625134264232,504,498,-4.05496355047452,23.2861164221576,-8.60183554822291,-14.6842808739347
2.78839957035446,507,498,-18.717720148715,15.9547381230374,6.06092105001754,-22.0156591730549
2.7905477980666,509,495,-43.1556478124491,18.3985308894108,23.1674704146314,-41.5660013040422
2.79269602577873,507,496,-28.4928912142086,20.8423236557842,10.9485065827644,-31.7908302385486
2.79484425349087,508,498,-23.6053056814618,13.510945356664,10.9485065827644,-24.4594519394283
2.79699248120301,506,497,-18.717720148715,20.8423236557842,3.61712828364413,-24.4594519394283
2.79914070891515,505,498,-8.94254908322134,20.8423236557842,-3.71425001547609,-17.1280736403081
2.80128893662728,509,501,-13.8301346159682,3.73577429117034,8.50471381639095,-12.2404881075613
2.80343716433942,511,503,-13.8301346159682,-6.0393967743233,13.3922993491378,-7.35290257481447
2.80558539205156,512,502,-23.6053056814618,-6.0393967743233,20.723677648258,-14.6842808739347
2.80773361976369,510,501,-18.717720148715,1.29198152479693,13.3922993491378,-14.6842808739347
2.80988184747583,511,501,-23.6053056814618,-1.15181124157648,18.2798848818846,-17.1280736403081
2.81203007518797,514,502,-33.3804767469554,-10.9269823070701,30.4988487137516,-19.5718664066815
2.81417830290011,516,505,-28.4928912142086,-23.1459461389372,32.942641480125,-9.79669534118788
2.81632653061224,519,508,-28.4928912142086,-37.8087027371776,40.2740197792453,-2.46531704206765
2.81847475832438,520,508,-33.3804767469554,-40.252495503551,45.1616053119921,-4.90910980844106
2.82062298603652,518,510,-13.8301346159682,-40.252495503551,30.4988487137516,9.7536467897994
2.82277121374866,519,508,-28.4928912142086,-37.8087027371776,40.2740197792453,-2.46531704206765
2.82491944146079,518,508,-23.6053056814618,-35.3649099708042,35.3864342464985,-0.0215242756942402
2.82706766917293,522,508,-43.1556478124491,-45.1400810362979,54.9367763774857,-9.79669534118787
2.82921589688507,525,510,-48.0432333451959,-57.3590448681649,64.7119474429794,-7.35290257481446
2.83136412459721,523,512,-28.4928912142086,-57.3590448681649,50.0491908447389,7.30985402342599
2.83351235230934,523,512,-28.4928912142086,-57.3590448681649,50.0491908447389,7.30985402342599
2.83566058002148,518,512,-4.05496355047452,-45.1400810362979,25.6112631810048,19.528817855293
2.83780880773362,520,512,-13.8301346159682,-50.0276665690447,35.3864342464985,14.6412323225462
2.83995703544576,522,514,-13.8301346159681,-59.8028376345383,40.2740197792453,19.528817855293
2.84210526315789,528,516,-33.3804767469554,-79.3531797655256,64.7119474429794,14.6412323225462
2.84425349087003,535,516,-67.5935754761831,-96.4597291301394,98.9250461722071,-2.46531704206764
2.84640171858217,536,516,-72.48116100893,-98.9035218965129,103.812631704954,-4.90910980844106
2.84854994629431,536,519,-57.8184044106895,-106.234900195633,96.4812534058337,9.75364678979939
2.85069817400644,532,522,-23.6053056814618,-103.79110742926,69.5995329757262,34.1915744535335
2.85284640171858,533,522,-28.4928912142086,-106.234900195633,74.487118508473,31.7477816871601
2.85499462943072,528,520,-13.8301346159682,-89.1283508310192,54.9367763774857,34.1915744535335
2.85714285714286,526,521,0.8326219822723,-86.6845580646458,42.7178125456187,43.9667455190271
2.85929108485499,525,520,0.8326219822723,-81.796972531899,40.2740197792453,41.5229527526537
2.86143931256713,526,517,-18.717720148715,-76.9093869991522,52.4929836111123,24.4164033880399
2.86358754027927,530,519,-28.4928912142086,-91.5721435973926,67.1557402093528,24.4164033880399
2.86573576799141,533,522,-28.4928912142086,-106.234900195633,74.487118508473,31.7477816871601
2.86788399570354,538,526,-33.3804767469554,-128.229035092994,89.1498751067135,39.0791599862803
2.87003222341568,536,526,-23.6053056814618,-123.341449560247,79.3747040412198,43.9667455190271
2.87218045112782,531,526,0.8326219822723,-111.12248572838,54.9367763774857,56.1857093508942
2.87432867883996,530,528,15.4953785805128,-113.566278494753,45.1616053119921,68.4046731827612
2.87647690655209,535,529,-4.05496355047451,-128.229035092994,67.1557402093528,61.073294883641
2.87862513426423,539,527,-33.3804767469555,-133.116620625741,91.5936678730869,41.5229527526537
2.88077336197637,535,526,-18.717720148715,-120.897656793874,74.487118508473,46.4105382854005
2.88292158968851,532,524,-13.8301346159682,-108.678692962006,64.7119474429794,43.9667455190271
2.88506981740064,528,522,-4.05496355047453,-94.015936363766,50.0491908447389,43.9667455190271
2.88721804511278,526,524,15.4953785805128,-94.015936363766,35.3864342464984,58.6295021172676
2.88936627282492,530,527,10.6077930477659,-111.12248572838,47.6053980783655,63.5170876500144
2.89151450053706,533,526,-8.94254908322134,-116.010071261127,64.7119474429794,51.2981238181474
2.89366272824919,532,527,0.832621982272286,-116.010071261127,57.3805691438591,58.6295021172676
2.89581095596133,531,525,-4.05496355047453,-108.678692962006,57.3805691438591,51.2981238181474
2.89795918367347,527,523,5.72020751501911,-94.015936363766,42.7178125456187,51.2981238181474
2.90010741138561,525,520,0.8326219822723,-81.796972531899,40.2740197792453,41.5229527526537
2.90225563909774,523,518,0.8326219822723,-72.0218014664053,35.3864342464985,36.6353672199069
2.90440386680988,522,518,5.72020751501913,-69.5780087000319,30.4988487137516,39.0791599862803
2.90655209452202,518,520,35.0457207115,-64.6904231672851,6.06092105001754,58.6295021172676
2.90870032223416,514,515,30.1581351787532,-42.6962882699244,-1.27045724910268,43.9667455190271
2.91084854994629,507,512,49.7084773097405,-18.2583606061904,-28.1521776792102,46.4105382854005
2.91299677765843,507,510,39.9333062442469,-13.3707750734435,-23.2645921464634,36.6353672199069
2.91514500537057,509,513,44.8208917769937,-25.5897389053106,-20.82079938009,46.4105382854005
2.91729323308271,514,510,5.72020751501912,-30.4773244380574,10.9485065827644,19.528817855293
2.91944146079484,518,510,-13.8301346159682,-40.252495503551,30.4988487137516,9.7536467897994
2.92158968850698,516,511,0.832621982272293,-37.8087027371776,18.2798848818846,19.528817855293
2.92373791621912,511,514,39.9333062442469,-32.9211172044308,-13.4894210809697,46.4105382854005
2.92588614393126,510,508,15.4953785805128,-15.8145678398169,-3.71425001547609,19.528817855293
2.92803437164339,506,508,35.0457207115,-6.0393967743233,-23.2645921464634,29.3039889207867
2.93018259935553,502,506,44.8208917769937,8.62335982391715,-37.9273487447038,29.3039889207867
2.93233082706767,496,505,69.2588194407278,25.729909188531,-64.8090691748113,39.0791599862803
2.93447905477981,496,497,30.1581351787532,45.2802513195183,-45.2587270438241,-0.0215242756942402
2.93662728249194,497,496,20.3829641132596,45.2802513195183,-37.9273487447038,-7.35290257481446
2.93877551020408,493,499,54.5960628424873,47.7240440858917,-64.8090691748113,17.0850250889196
2.94092373791622,498,501,39.9333062442469,30.6174947212778,-45.2587270438241,14.6412323225462
2.94307196562836,496,498,35.0457207115,42.8364585531449,-47.7025198101975,4.86606125705258
2.94522019334049,494,498,44.8208917769937,47.7240440858917,-57.4776908756911,9.7536467897994
2.94736842105263,492,498,54.5960628424873,52.6116296186385,-67.2528619411847,14.6412323225462
2.94951664876477,495,496,30.1581351787532,50.1678368522651,-47.7025198101975,-2.46531704206765
2.95166487647691,499,494,0.8326219822723,45.2802513195183,-23.2645921464634,-22.0156591730549
2.95381310418904,500,493,-8.94254908322134,45.2802513195183,-15.9332138473431,-29.3470374721752
2.95596133190118,502,495,-8.94254908322134,35.5050802540247,-11.0456283145963,-24.4594519394283
2.95810955961332,503,498,0.832621982272297,25.729909188531,-13.4894210809697,-12.2404881075613
2.96025778732546,503,497,-4.05496355047452,28.1737019549044,-11.0456283145963,-17.1280736403081
2.96240601503759,503,497,-4.05496355047452,28.1737019549044,-11.0456283145963,-17.1280736403081
2.96455424274973,499,499,25.2705496460064,33.0612874876512,-35.4835559783304,2.42226849067917
2.96670247046187,500,498,15.4953785805128,33.0612874876512,-28.1521776792102,-4.90910980844106
2.96885069817401,496,492,5.72020751501912,57.4992151513853,-33.039763211957,-24.4594519394283
2.97099892588614,491,491,25.2705496460064,72.1619717496258,-55.0338981093177,-17.1280736403081
2.97314715359828,487,488,30.1581351787532,89.2685211142397,-67.2528619411847,-22.0156591730549
2.97529538131042,486,489,39.9333062442469,89.2685211142397,-74.584240240305,-14.6842808739347
2.97744360902256,491,493,35.0457207115,67.274386216879,-59.9214836420645,-7.35290257481447
2.97959183673469,493,491,15.4953785805127,67.274386216879,-45.2587270438241,-22.0156591730549
2.98174006444683,495,493,15.4953785805127,57.4992151513853,-40.3711415110772,-17.1280736403081
2.98388829215897,498,495,10.6077930477659,45.2802513195183,-30.5959704455836,-14.6842808739347
2.98603651987111,497,492,0.8326219822723,55.0554223850119,-28.1521776792102,-26.9032447058017
2.98818474758324,495,489,-4.05496355047453,67.274386216879,-30.5959704455836,-36.6784157712954
2.99033297529538,492,489,10.6077930477659,74.6057645159992,-45.258727043824,-29.3470374721752
2.99248120300752,494,491,10.6077930477659,64.8305934505056,-40.3711415110772,-24.4594519394283
2.99462943071966,499,494,0.8326219822723,45.2802513195183,-23.2645921464634,-22.0156591730549
2.99677765843179,502,495,-8.94254908322134,35.5050802540247,-11.0456283145963,-24.4594519394283
2.99892588614393,502,496,-4.05496355047452,33.0612874876512,-13.4894210809697,-19.5718664066815
3.00107411385607,500,496,5.72020751501912,37.9488730203981,-23.2645921464634,-14.6842808739347
3.00322234156821,500,496,5.72020751501912,37.9488730203981,-23.2645921464634,-14.6842808739347
3.00537056928034,497,491,-4.05496355047453,57.4992151513853,-25.7083849128368,-31.7908302385486
3.00751879699248,500,489,-28.4928912142086,55.0554223850119,-6.1580427818495,-48.8973796031624
3.00966702470462,497,490,-8.94254908322134,59.9430079177587,-23.2645921464634,-36.6784157712954
3.01181525241676,497,493,5.72020751501911,52.6116296186385,-30.5959704455836,-22.0156591730549
3.01396348012889,497,494,10.6077930477659,50.1678368522651,-33.039763211957,-17.1280736403081
3.01611170784103,494,493,20.3829641132596,59.9430079177588,-45.2587270438241,-14.6842808739347
3.01825993555317,492,492,25.2705496460064,67.274386216879,-52.5901053429443,-14.6842808739347
3.02040816326531,490,490,25.2705496460064,77.0495572823726,-57.4776908756911,-19.5718664066815
3.02255639097744,492,489,10.6077930477659,74.6057645159992,-45.258727043824,-29.3470374721752
3.02470461868958,494,487,-8.94254908322134,74.6057645159992,-30.5959704455836,-44.0097940704156
3.02685284640172,493,489,5.72020751501911,72.1619717496258,-40.3711415110772,-31.7908302385486
3.02900107411386,498,491,-8.94254908322134,55.0554223850119,-20.82079938009,-34.234623004922
3.03114930182599,501,493,-13.8301346159682,42.8364585531449,-11.0456283145963,-31.7908302385486
3.03329752953813,502,495,-8.94254908322134,35.5050802540247,-11.0456283145963,-24.4594519394283
3.03544575725027,504,496,-13.8301346159682,28.1737019549044,-3.7142500154761,-24.4594519394283
3.03759398496241,502,499,10.6077930477659,25.729909188531,-20.82079938009,-4.90910980844106
3.03974221267454,496,495,20.3829641132596,50.1678368522651,-40.3711415110772,-9.79669534118788
3.04189044038668,497,491,-4.05496355047453,57.4992151513853,-25.7083849128368,-31.7908302385486
3.04403866809882,499,490,-18.717720148715,55.0554223850119,-13.4894210809697,-41.5660013040422
3.04618689581096,500,495,0.832621982272293,40.3926657867715,-20.82079938009,-19.5718664066815
3.04833512352309,500,493,-8.94254908322134,45.2802513195183,-15.9332138473431,-29.3470374721752
3.05048335123523,498,495,10.6077930477659,45.2802513195183,-30.5959704455836,-14.6842808739347
3.05263157894737,498,495,10.6077930477659,45.2802513195183,-30.5959704455836,-14.6842808739347
3.05477980665951,502,498,5.72020751501912,28.1737019549044,-18.3770066137166,-9.79669534118788
3.05692803437164,503,496,-8.94254908322134,30.6174947212778,-8.60183554822292,-22.0156591730549
3.05907626208378,504,495,-18.717720148715,30.6174947212778,-1.27045724910268,-29.3470374721752
3.06122448979592,504,495,-18.717720148715,30.6174947212778,-1.27045724910268,-29.3470374721752
3.06337271750806,505,498,-8.94254908322134,20.8423236557842,-3.71425001547609,-17.1280736403081
3.06552094522019,508,498,-23.6053056814618,13.510945356664,10.9485065827644,-24.4594519394283
3.06766917293233,507,500,-8.94254908322134,11.0671525902906,1.17333551727072,-12.2404881075613
3.06981740064447,506,499,-8.94254908322134,15.9547381230374,-1.27045724910269,-14.6842808739347
3.07196562835661,508,504,5.72020751501912,-1.15181124157648,-3.71425001547609,4.86606125705258
3.07411385606874,508,501,-8.94254908322134,6.17956705754374,3.61712828364413,-9.79669534118788
3.07626208378088,508,499,-18.717720148715,11.0671525902906,8.50471381639095,-19.5718664066815
3.07841031149302,505,497,-13.8301346159682,23.2861164221576,-1.27045724910269,-22.0156591730549
3.08055853920516,499,495,5.72020751501911,42.8364585531449,-25.7083849128368,-17.1280736403081
3.08270676691729,496,496,25.2705496460064,47.7240440858917,-42.8149342774506,-4.90910980844106
3.08485499462943,494,496,35.0457207115,52.6116296186385,-52.5901053429443,-0.0215242756942331
3.08700322234157,501,498,10.6077930477659,30.6174947212778,-23.2645921464634,-7.35290257481447
3.08915145005371,509,503,-4.05496355047452,-1.15181124157648,3.61712828364413,-2.46531704206765
3.09129967776584,515,507,-13.8301346159682,-25.5897389053106,23.1674704146314,2.42226849067917
3.09344790547798,523,506,-57.8184044106895,-42.6962882699244,64.7119474429794,-22.0156591730549
3.09559613319012,526,506,-72.48116100893,-50.0276665690447,79.3747040412198,-29.3470374721751
3.09774436090226,524,508,-52.9308188779427,-50.0276665690447,64.7119474429794,-14.6842808739347
3.09989258861439,525,511,-43.1556478124491,-59.8028376345383,62.268154676606,-2.46531704206765
3.10204081632653,521,512,-18.717720148715,-52.4714593354181,40.2740197792453,12.1974395561728
3.10418904403867,515,509,-4.05496355047452,-30.4773244380574,18.2798848818846,12.1974395561728
3.10633727175081,514,508,-4.05496355047452,-25.5897389053106,15.8360921155112,9.7536467897994
3.10848549946294,510,510,25.2705496460064,-20.7021533725638,-8.60183554822292,29.3039889207867
3.11063372717508,507,506,20.3829641132596,-3.59560400794989,-13.4894210809697,17.0850250889196
3.11278195488722,507,503,5.72020751501912,3.73577429117034,-6.1580427818495,2.42226849067917
3.11493018259936,510,504,-4.05496355047452,-6.0393967743233,6.06092105001754,-0.0215242756942402
3.11707841031149,514,506,-13.8301346159682,-20.7021533725638,20.723677648258,-0.0215242756942402
3.11922663802363,515,507,-13.8301346159682,-25.5897389053106,23.1674704146314,2.42226849067917
3.12137486573577,516,508,-13.8301346159682,-30.4773244380574,25.6112631810048,4.86606125705258
3.12352309344791,514,510,5.72020751501912,-30.4773244380574,10.9485065827644,19.528817855293
3.12567132116004,513,511,15.4953785805127,-30.4773244380574,3.61712828364413,26.8601961544133
3.12781954887218,511,508,10.6077930477659,-18.2583606061904,1.17333551727072,17.0850250889196
3.12996777658432,510,506,5.72020751501912,-10.9269823070701,1.17333551727072,9.7536467897994
3.13211600429646,510,502,-13.8301346159682,-1.15181124157648,10.9485065827644,-9.79669534118788
3.13426423200859,505,504,20.3829641132596,6.17956705754374,-18.3770066137166,12.1974395561728
3.13641245972073,505,503,15.4953785805128,8.62335982391715,-15.9332138473431,7.30985402342599
3.13856068743287,500,502,35.0457207115,23.2861164221576,-37.9273487447038,14.6412323225462
3.14070891514501,497,500,39.9333062442469,35.5050802540247,-47.7025198101975,12.1974395561728
3.14285714285714,493,500,59.4836483752341,45.2802513195183,-67.2528619411847,21.9726106216664
3.14500537056928,494,498,44.8208917769937,47.7240440858917,-57.4776908756911,9.7536467897994
3.14715359828142,491,495,44.8208917769937,62.3868006841322,-64.8090691748113,2.42226849067917
3.14930182599356,488,491,39.9333062442468,79.493350048746,-69.6966547075581,-9.79669534118788
3.15145005370569,484,489,49.7084773097405,94.1561066469865,-84.3594113057986,-9.79669534118788
3.15359828141783,485,490,49.7084773097405,89.2685211142397,-81.9156185394252,-7.35290257481446
3.15574650912997,486,491,49.7084773097405,84.3809355814928,-79.4718257730518,-4.90910980844106
3.15789473684211,490,490,25.2705496460064,77.0495572823726,-57.4776908756911,-19.5718664066815
3.16004296455424,494,493,20.3829641132596,59.9430079177588,-45.2587270438241,-14.6842808739347
3.16219119226638,495,493,15.4953785805127,57.4992151513853,-40.3711415110772,-17.1280736403081
3.16433941997852,494,490,5.72020751501913,67.274386216879,-37.9273487447038,-29.3470374721751
3.16648764769066,490,488,15.4953785805128,81.9371428151194,-52.5901053429443,-29.3470374721751
3.16863587540279,488,486,15.4953785805127,91.7123138806131,-57.4776908756911,-34.234623004922
3.17078410311493,487,486,20.3829641132596,94.1561066469865,-62.3652764084379,-31.7908302385486
3.17293233082707,491,487,5.72020751501911,81.9371428151194,-45.2587270438241,-36.6784157712954
3.17508055853921,491,486,0.8326219822723,84.3809355814928,-42.8149342774506,-41.5660013040422
3.17722878625134,490,488,15.4953785805128,81.9371428151194,-52.5901053429443,-29.3470374721751
3.17937701396348,489,488,20.3829641132596,84.3809355814928,-57.4776908756911,-26.9032447058017
3.18152524167562,493,489,5.72020751501911,72.1619717496258,-40.3711415110772,-31.7908302385486
3.18367346938776,498,489,-18.717720148715,59.9430079177587,-15.9332138473431,-44.0097940704156
3.18582169709989,496,488,-13.8301346159682,67.274386216879,-23.2645921464634,-44.0097940704156
3.18796992481203,493,486,-8.94254908322134,79.493350048746,-33.039763211957,-46.453586836789
3.19011815252417,488,486,15.4953785805127,91.7123138806131,-57.4776908756911,-34.234623004922
3.19226638023631,484,486,35.0457207115,101.487484946107,-77.0280330066784,-24.4594519394283
3.19441460794844,486,487,30.1581351787532,94.1561066469865,-69.6966547075582,-24.4594519394283
3.19656283566058,483,488,49.7084773097405,99.0436921797333,-86.803204072172,-12.2404881075613
3.19871106337272,488,487,20.3829641132596,89.2685211142397,-59.9214836420645,-29.3470374721752
3.20085929108485,488,485,10.6077930477659,94.1561066469865,-55.0338981093177,-39.1222085376688
3.20300751879699,487,483,5.72020751501911,101.487484946107,-55.0338981093177,-46.453586836789
3.20515574650913,488,483,0.832621982272286,99.0436921797333,-50.1463125765709,-48.8973796031624
3.20730397422127,491,484,-8.94254908322134,89.2685211142397,-37.9273487447038,-51.3411723695358
3.2094522019334,495,487,-13.8301346159682,72.1619717496258,-25.7083849128368,-46.453586836789
3.21160042964554,505,493,-33.3804767469554,33.0612874876512,8.50471381639095,-41.5660013040422
3.21374865735768,517,499,-62.7059899434364,-10.9269823070701,52.4929836111123,-41.5660013040422
3.21589688506982,529,505,-92.0315031399173,-54.9152521017915,96.4812534058337,-41.5660013040422
3.21804511278195,553,515,-160.457700598373,-138.004206158487,189.345378528023,-51.3411723695358
3.22019334049409,579,527,-228.883898056829,-230.868331280677,287.09708918296,-56.2287579022829
3.22234156820623,601,539,-277.759753384297,-313.957285337373,365.298457706909,-51.3411723695361
3.22448979591837,620,553,-302.197681048031,-394.602446627696,423.949484099871,-29.3470374721754
3.22663802363051,631,565,-297.310095515284,-450.809680254284,448.387411763605,2.4222684906789
3.22878625134264,628,571,-253.321825720563,-458.141058553404,419.061898567124,39.0791599862801
3.23093447905478,611,570,-175.120457196614,-414.152788758683,338.416737276802,75.7360514818812
3.23308270676692,596,568,-111.581845270905,-372.608311730335,269.990539818346,102.617771911989
3.23523093447905,580,561,-67.5935754761836,-316.401078103746,208.895720659011,107.505357444736
3.23737916219119,562,553,-18.717720148715,-252.862466178038,140.469523200555,112.392942977483
3.23952738990333,543,545,35.0457207115001,-186.880061485956,67.1557402093528,119.724321276603
3.24167561761547,524,538,93.6967471044618,-123.341449560247,-8.60183554822291,131.94328510847
3.2438238453276,512,532,123.022260300943,-79.3531797655256,-52.5901053429443,131.94328510847
3.24597207303974,500,528,162.122944562917,-40.252495503551,-101.465960670412,141.718456173964
3.24812030075188,493,521,162.122944562917,-6.0393967743233,-118.572510035026,124.61190680935
3.25026852846402,490,517,157.235359030171,11.0671525902906,-123.460095567773,112.392942977483
3.25241675617615,489,515,152.347773497424,18.3985308894108,-123.460095567773,105.061564678362
3.25456498388829,498,514,103.471918169956,-1.15181124157649,-77.0280330066784,78.1798442482549
3.25671321160043,503,509,54.5960628424873,-1.15181124157648,-40.3711415110772,41.5229527526537
3.25886143931257,504,510,54.5960628424873,-6.0393967743233,-37.9273487447038,43.9667455190271
3.2610096670247,505,508,39.9333062442469,-3.59560400794989,-28.1521776792102,31.7477816871601
3.26315789473684,503,509,54.5960628424873,-1.15181124157648,-40.3711415110772,41.5229527526537
3.26530612244898,504,508,44.8208917769937,-1.15181124157648,-33.039763211957,34.1915744535335
3.26745435016112,501,506,49.7084773097405,11.0671525902906,-42.8149342774506,31.7477816871601
3.26960257787325,500,507,59.4836483752341,11.0671525902906,-50.1463125765709,39.0791599862803
3.27175080558539,493,504,79.0339905062214,35.5050802540247,-77.0280330066784,41.5229527526537
3.27389903329753,489,495,54.5960628424873,67.274386216879,-74.584240240305,7.30985402342598
3.27604726100967,489,494,49.7084773097405,69.7181789832524,-72.1404474739316,2.42226849067917
3.2781954887218,482,491,69.2588194407278,94.1561066469865,-99.0221679040391,4.86606125705258
3.28034371643394,484,494,74.1464049734746,81.9371428151194,-96.5783751376656,14.6412323225462
3.28249194414608,485,492,59.4836483752341,84.3809355814928,-86.803204072172,2.42226849067917
3.28464017185822,487,493,54.5960628424873,77.0495572823726,-79.4718257730518,2.42226849067917
3.28678839957035,490,491,30.1581351787532,74.6057645159992,-59.9214836420645,-14.6842808739347
3.28893662728249,489,490,30.1581351787532,79.493350048746,-62.3652764084379,-17.1280736403081
3.29108485499463,488,490,35.0457207115,81.9371428151194,-67.2528619411847,-14.6842808739347
3.29323308270677,488,487,20.3829641132596,89.2685211142397,-59.9214836420645,-29.3470374721752
3.2953813104189,489,487,15.4953785805127,86.8247283478663,-55.0338981093177,-31.7908302385486
3.29752953813104,486,488,35.0457207115,91.7123138806131,-72.1404474739316,-19.5718664066815
3.29967776584318,489,491,35.0457207115,77.0495572823726,-64.8090691748113,-12.2404881075613
3.30182599355532,488,488,25.2705496460064,86.8247283478663,-62.3652764084379,-24.4594519394283
3.30397422126745,489,490,30.1581351787532,79.493350048746,-62.3652764084379,-17.1280736403081
3.30612244897959,487,488,30.1581351787532,89.2685211142397,-67.2528619411847,-22.0156591730549
3.30827067669173,488,487,20.3829641132596,89.2685211142397,-59.9214836420645,-29.3470374721752
3.31041890440387,491,486,0.8326219822723,84.3809355814928,-42.8149342774506,-41.5660013040422
3.312567132116,497,486,-28.4928912142086,69.7181789832524,-13.4894210809697,-56.2287579022827
3.31471535982814,497,491,-4.05496355047453,57.4992151513853,-25.7083849128368,-31.7908302385486
3.31686358754028,499,492,-8.94254908322134,50.1678368522651,-18.3770066137166,-31.7908302385486
3.31901181525242,495,492,10.6077930477659,59.9430079177587,-37.9273487447038,-22.0156591730549
3.32116004296455,496,493,10.6077930477659,55.0554223850119,-35.4835559783304,-19.5718664066815
3.32330827067669,497,492,0.8326219822723,55.0554223850119,-28.1521776792102,-26.9032447058017
3.32545649838883,498,491,-8.94254908322134,55.0554223850119,-20.82079938009,-34.234623004922
3.32760472610097,496,488,-13.8301346159682,67.274386216879,-23.2645921464634,-44.0097940704156
3.3297529538131,493,488,0.8326219822723,74.6057645159992,-37.9273487447038,-36.6784157712954
3.33190118152524,492,488,5.72020751501911,77.0495572823726,-42.8149342774506,-34.234623004922
3.33404940923738,491,490,20.3829641132596,74.6057645159992,-52.5901053429443,-22.0156591730549
3.33619763694952,499,491,-13.8301346159682,52.6116296186385,-15.9332138473431,-36.6784157712954
3.33834586466165,499,493,-4.05496355047453,47.7240440858917,-20.82079938009,-26.9032447058017
3.34049409237379,499,493,-4.05496355047453,47.7240440858917,-20.82079938009,-26.9032447058017
3.34264232008593,500,495,0.832621982272293,40.3926657867715,-20.82079938009,-19.5718664066815
3.34479054779807,500,492,-13.8301346159682,47.7240440858917,-13.4894210809697,-34.234623004922
3.3469387755102,500,491,-18.717720148715,50.1678368522651,-11.0456283145963,-39.1222085376688
3.34908700322234,500,492,-13.8301346159682,47.7240440858917,-13.4894210809697,-34.234623004922
3.35123523093448,500,494,-4.05496355047452,42.8364585531449,-18.3770066137166,-24.4594519394283
3.35338345864662,504,495,-18.717720148715,30.6174947212778,-1.27045724910268,-29.3470374721752
3.35553168635875,507,498,-18.717720148715,15.9547381230374,6.06092105001754,-22.0156591730549
3.35767991407089,511,500,-28.4928912142086,1.29198152479693,20.723677648258,-22.0156591730549
3.35982814178303,512,503,-18.717720148715,-8.48318954069671,18.2798848818846,-9.79669534118788
3.36197636949517,514,500,-43.1556478124491,-6.0393967743233,35.3864342464985,-29.3470374721752
3.3641245972073,507,497,-23.6053056814618,18.3985308894108,8.50471381639095,-26.9032447058017
3.36627282491944,505,497,-13.8301346159682,23.2861164221576,-1.27045724910269,-22.0156591730549
3.36842105263158,502,499,10.6077930477659,25.729909188531,-20.82079938009,-4.90910980844106
3.37056928034372,501,498,10.6077930477659,30.6174947212778,-23.2645921464634,-7.35290257481447
3.37271750805585,503,498,0.832621982272297,25.729909188531,-13.4894210809697,-12.2404881075613
3.37486573576799,510,500,-23.6053056814618,3.73577429117034,15.8360921155112,-19.5718664066815
3.37701396348013,513,505,-13.8301346159682,-15.8145678398169,18.2798848818846,-2.46531704206765
3.37916219119227,510,503,-8.94254908322134,-3.59560400794989,8.50471381639095,-4.90910980844106
3.3813104189044,510,500,-23.6053056814618,3.73577429117034,15.8360921155112,-19.5718664066815
3.38345864661654,510,501,-18.717720148715,1.29198152479693,13.3922993491378,-14.6842808739347
3.38560687432868,514,505,-18.717720148715,-18.2583606061904,23.1674704146314,-4.90910980844106
3.38775510204082,517,504,-38.2680622797022,-23.1459461389372,40.2740197792453,-17.1280736403081
3.38990332975295,515,505,-23.6053056814618,-20.7021533725638,28.0550559473782,-7.35290257481447
3.39205155746509,514,506,-13.8301346159682,-20.7021533725638,20.723677648258,-0.0215242756942402
3.39419978517723,513,506,-8.94254908322134,-18.2583606061904,15.8360921155112,2.42226849067917
3.39634801288937,516,506,-23.6053056814618,-25.5897389053106,30.4988487137516,-4.90910980844106
3.3984962406015,517,505,-33.3804767469554,-25.5897389053106,37.8302270128719,-12.2404881075613
3.40064446831364,517,506,-28.4928912142086,-28.033531671684,35.3864342464985,-7.35290257481447
3.40279269602578,522,508,-43.1556478124491,-45.1400810362979,54.9367763774857,-9.79669534118787
3.40494092373792,528,512,-52.9308188779427,-69.5780087000319,74.487118508473,-4.90910980844106
3.40708915145005,529,516,-38.2680622797022,-81.796972531899,69.5995329757262,12.1974395561728
3.40923737916219,534,519,-48.0432333451959,-101.347314662886,86.70608234034,14.6412323225462
3.41138560687433,535,521,-43.1556478124491,-108.678692962006,86.70608234034,21.9726106216664
3.41353383458647,535,522,-38.2680622797022,-111.12248572838,84.2622895739666,26.8601961544133
3.4156820622986,534,520,-43.1556478124491,-103.79110742926,84.2622895739666,19.528817855293
3.41783029001074,531,519,-33.3804767469554,-94.015936363766,72.0433257420996,21.9726106216664
3.41997851772288,530,519,-28.4928912142086,-91.5721435973926,67.1557402093528,24.4164033880399
3.42212674543502,526,521,0.8326219822723,-86.6845580646458,42.7178125456187,43.9667455190271
3.42427497314715,530,520,-23.6053056814618,-94.015936363766,64.7119474429794,29.3039889207867
3.42642320085929,529,521,-13.8301346159682,-94.015936363766,57.3805691438591,36.6353672199069
3.42857142857143,535,526,-18.717720148715,-120.897656793874,74.487118508473,46.4105382854005
3.43071965628357,533,526,-8.94254908322134,-116.010071261127,64.7119474429794,51.2981238181474
3.4328678839957,532,524,-13.8301346159682,-108.678692962006,64.7119474429794,43.9667455190271
3.43501611170784,535,524,-28.4928912142086,-116.010071261127,79.3747040412198,36.6353672199069
3.43716433941998,533,522,-28.4928912142086,-106.234900195633,74.487118508473,31.7477816871601
3.43931256713212,532,523,-18.717720148715,-106.234900195633,67.1557402093528,39.0791599862803
3.44146079484425,531,524,-8.94254908322134,-106.234900195633,59.8243619102325,46.4105382854005
3.44360902255639,528,525,10.6077930477659,-101.347314662886,42.7178125456187,58.6295021172676
3.44575725026853,527,526,20.3829641132596,-101.347314662886,35.3864342464985,65.9608804163878
3.44790547798067,528,525,10.6077930477659,-101.347314662886,42.7178125456187,58.6295021172676
3.4500537056928,530,523,-8.94254908322134,-101.347314662886,57.3805691438591,43.9667455190271
3.45220193340494,533,523,-23.6053056814618,-108.678692962006,72.0433257420996,36.6353672199069
3.45435016111708,533,522,-28.4928912142086,-106.234900195633,74.487118508473,31.7477816871601
3.45649838882922,531,525,-4.05496355047453,-108.678692962006,57.3805691438591,51.2981238181474
3.45864661654135,531,525,-4.05496355047453,-108.678692962006,57.3805691438591,51.2981238181474
3.46079484425349,528,525,10.6077930477659,-101.347314662886,42.7178125456187,58.6295021172676
3.46294307196563,528,526,15.4953785805127,-103.79110742926,40.2740197792453,63.5170876500144
3.46509129967777,525,528,39.9333062442469,-101.347314662886,20.723677648258,80.6236370146283
3.4672395273899,524,523,20.3829641132596,-86.6845580646458,28.0550559473782,58.6295021172676
3.46938775510204,522,522,25.2705496460064,-79.3531797655256,20.723677648258,58.6295021172676
3.47153598281418,525,519,-4.05496355047453,-79.3531797655256,42.7178125456187,36.6353672199069
3.47368421052632,523,519,5.72020751501911,-74.4655942327788,32.942641480125,41.5229527526537
3.47583243823845,522,519,10.6077930477659,-72.0218014664053,28.0550559473782,43.9667455190271
3.47798066595059,520,519,20.3829641132596,-67.1342159336585,18.2798848818846,48.8543310517739
3.48012889366273,517,520,39.9333062442469,-62.2466304009117,1.17333551727072,61.073294883641
3.48227712137487,518,519,30.1581351787532,-62.2466304009117,8.50471381639095,53.7419165845208
3.484425349087,517,518,30.1581351787532,-57.3590448681649,6.06092105001754,51.2981238181474
3.48657357679914,513,513,25.2705496460064,-35.3649099708042,-1.27045724910268,36.6353672199069
3.48872180451128,511,510,20.3829641132596,-23.1459461389372,-3.7142500154761,26.8601961544133
3.49087003222342,510,510,25.2705496460064,-20.7021533725638,-8.60183554822292,29.3039889207867
3.49301825993555,510,509,20.3829641132596,-18.2583606061904,-6.1580427818495,24.4164033880399
3.49516648764769,511,510,20.3829641132596,-23.1459461389372,-3.7142500154761,26.8601961544133
3.49731471535983,511,511,25.2705496460064,-25.5897389053106,-6.1580427818495,31.7477816871601
3.49946294307197,509,511,35.0457207115,-20.7021533725638,-15.9332138473431,36.6353672199069
3.5016111707841,505,508,39.9333062442469,-3.59560400794989,-28.1521776792102,31.7477816871601
3.50375939849624,501,505,44.8208917769937,13.510945356664,-40.3711415110772,26.8601961544133
3.50590762620838,498,502,44.8208917769937,28.1737019549044,-47.7025198101975,19.528817855293
3.50805585392052,494,498,44.8208917769937,47.7240440858917,-57.4776908756911,9.7536467897994
3.51020408163265,493,497,44.8208917769937,52.6116296186385,-59.9214836420645,7.30985402342599
3.51235230934479,495,499,44.8208917769937,42.8364585531449,-55.0338981093177,12.1974395561728
3.51450053705693,495,497,35.0457207115,47.7240440858917,-50.1463125765709,2.42226849067917
3.51664876476907,491,497,54.5960628424873,57.4992151513853,-69.6966547075582,12.1974395561728
3.5187969924812,490,497,59.4836483752341,59.9430079177588,-74.584240240305,14.6412323225462
3.52094522019334,490,496,54.5960628424873,62.3868006841322,-72.1404474739316,9.7536467897994
3.52309344790548,494,495,30.1581351787532,55.0554223850119,-50.1463125765709,-4.90910980844106
3.52524167561762,498,495,10.6077930477659,45.2802513195183,-30.5959704455836,-14.6842808739347
3.52738990332975,500,495,0.832621982272293,40.3926657867715,-20.82079938009,-19.5718664066815
3.52953813104189,499,496,10.6077930477659,40.3926657867715,-28.1521776792102,-12.2404881075613
3.53168635875403,499,495,5.72020751501911,42.8364585531449,-25.7083849128368,-17.1280736403081
3.53383458646617,500,498,15.4953785805128,33.0612874876512,-28.1521776792102,-4.90910980844106
3.5359828141783,501,500,20.3829641132596,25.729909188531,-28.1521776792102,2.42226849067917
3.53813104189044,499,496,10.6077930477659,40.3926657867715,-28.1521776792102,-12.2404881075613
3.54027926960258,496,495,20.3829641132596,50.1678368522651,-40.3711415110772,-9.79669534118788
3.54242749731472,494,490,5.72020751501913,67.274386216879,-37.9273487447038,-29.3470374721751
3.54457572502685,492,488,5.72020751501911,77.0495572823726,-42.8149342774506,-34.234623004922
3.54672395273899,490,488,15.4953785805128,81.9371428151194,-52.5901053429443,-29.3470374721751
3.54887218045113,490,490,25.2705496460064,77.0495572823726,-57.4776908756911,-19.5718664066815
3.55102040816327,490,490,25.2705496460064,77.0495572823726,-57.4776908756911,-19.5718664066815
3.5531686358754,491,492,30.1581351787532,69.7181789832524,-57.4776908756911,-12.2404881075613
3.55531686358754,495,494,20.3829641132596,55.0554223850119,-42.8149342774506,-12.2404881075613
3.55746509129968,495,491,5.72020751501911,62.3868006841322,-35.4835559783304,-26.9032447058017
3.55961331901182,499,492,-8.94254908322134,50.1678368522651,-18.3770066137166,-31.7908302385486
3.56176154672395,505,493,-33.3804767469554,33.0612874876512,8.50471381639095,-41.5660013040422
3.56390977443609,508,495,-38.2680622797023,20.8423236557842,18.2798848818846,-39.1222085376688
3.56605800214823,509,496,-38.2680622797022,15.9547381230374,20.723677648258,-36.6784157712954
3.56820622986037,509,498,-28.4928912142086,11.0671525902906,15.8360921155112,-26.9032447058017
3.5703544575725,504,502,15.4953785805128,13.510945356664,-18.3770066137166,4.86606125705258
3.57250268528464,504,499,0.832621982272297,20.8423236557842,-11.0456283145963,-9.79669534118788
3.57465091299678,501,499,15.4953785805128,28.1737019549044,-25.7083849128368,-2.46531704206765
3.57679914070892,503,496,-8.94254908322134,30.6174947212778,-8.60183554822292,-22.0156591730549
3.57894736842105,501,494,-8.94254908322134,40.3926657867715,-13.4894210809697,-26.9032447058017
3.58109559613319,500,493,-8.94254908322134,45.2802513195183,-15.9332138473431,-29.3470374721752
3.58324382384533,498,496,15.4953785805128,42.8364585531449,-33.039763211957,-9.79669534118787
3.58539205155747,500,497,10.6077930477659,35.5050802540247,-25.7083849128368,-9.79669534118788
3.5875402792696,497,496,20.3829641132596,45.2802513195183,-37.9273487447038,-7.35290257481446
3.58968850698174,497,495,15.4953785805127,47.7240440858917,-35.4835559783304,-12.2404881075613
3.59183673469388,498,496,15.4953785805128,42.8364585531449,-33.039763211957,-9.79669534118787
3.59398496240602,501,496,0.8326219822723,35.5050802540247,-18.3770066137166,-17.1280736403081
3.59613319011815,504,496,-13.8301346159682,28.1737019549044,-3.7142500154761,-24.4594519394283
3.59828141783029,501,492,-18.717720148715,45.2802513195183,-8.60183554822292,-36.6784157712954
3.60042964554243,502,495,-8.94254908322134,35.5050802540247,-11.0456283145963,-24.4594519394283
3.60257787325456,501,495,-4.05496355047453,37.9488730203981,-15.9332138473431,-22.0156591730549
3.6047261009667,498,496,15.4953785805128,42.8364585531449,-33.039763211957,-9.79669534118787
3.60687432867884,501,497,5.72020751501912,33.0612874876512,-20.82079938009,-12.2404881075613
3.60902255639098,501,497,5.72020751501912,33.0612874876512,-20.82079938009,-12.2404881075613
3.61117078410311,504,498,-4.05496355047452,23.2861164221576,-8.60183554822291,-14.6842808739347
3.61331901181525,508,499,-18.717720148715,11.0671525902906,8.50471381639095,-19.5718664066815
3.61546723952739,507,498,-18.717720148715,15.9547381230374,6.06092105001754,-22.0156591730549
3.61761546723953,509,498,-28.4928912142086,11.0671525902906,15.8360921155112,-26.9032447058017
3.61976369495166,509,500,-18.717720148715,6.17956705754374,10.9485065827644,-17.1280736403081
3.6219119226638,508,501,-8.94254908322134,6.17956705754374,3.61712828364413,-9.79669534118788
3.62406015037594,511,502,-18.717720148715,-3.59560400794989,15.8360921155112,-12.2404881075613
3.62620837808808,511,504,-8.94254908322134,-8.48318954069671,10.9485065827644,-2.46531704206765
3.62835660580022,513,505,-13.8301346159682,-15.8145678398169,18.2798848818846,-2.46531704206765
3.63050483351235,508,502,-4.05496355047452,3.73577429117034,1.17333551727072,-4.90910980844106
3.63265306122449,509,502,-8.94254908322134,1.29198152479693,6.06092105001754,-7.35290257481447
3.63480128893663,510,501,-18.717720148715,1.29198152479693,13.3922993491378,-14.6842808739347
3.63694951664876,508,503,0.832621982272297,1.29198152479693,-1.27045724910269,-0.0215242756942402
3.6390977443609,507,504,10.6077930477659,1.29198152479693,-8.60183554822291,7.30985402342599
3.64124597207304,504,502,15.4953785805128,13.510945356664,-18.3770066137166,4.86606125705258
3.64339419978518,504,501,10.6077930477659,15.9547381230374,-15.9332138473431,-0.0215242756942402
3.64554242749731,501,502,30.1581351787532,20.8423236557842,-33.039763211957,12.1974395561728
3.64769065520945,504,502,15.4953785805128,13.510945356664,-18.3770066137166,4.86606125705258
3.64983888292159,512,502,-23.6053056814618,-6.0393967743233,20.723677648258,-14.6842808739347
3.65198711063373,516,503,-38.2680622797022,-18.2583606061904,37.8302270128719,-19.5718664066815
3.65413533834586,522,506,-52.9308188779427,-40.252495503551,59.8243619102325,-19.5718664066815
3.656283566058,521,508,-38.2680622797022,-42.6962882699244,50.0491908447389,-7.35290257481447
3.65843179377014,523,511,-33.3804767469554,-54.9152521017915,52.4929836111123,2.42226849067917
3.66058002148228,518,509,-18.717720148715,-37.8087027371776,32.942641480125,4.86606125705258
3.66272824919441,516,509,-8.94254908322134,-32.9211172044308,23.1674704146314,9.7536467897994
3.66487647690655,514,510,5.72020751501912,-30.4773244380574,10.9485065827644,19.528817855293
3.66702470461869,515,507,-13.8301346159682,-25.5897389053106,23.1674704146314,2.42226849067917
3.66917293233083,521,509,-33.3804767469554,-45.1400810362979,47.6053980783655,-2.46531704206765
3.67132116004296,527,512,-48.0432333451959,-67.1342159336585,69.5995329757262,-2.46531704206765
3.6734693877551,527,513,-43.1556478124491,-69.5780087000319,67.1557402093528,2.42226849067917
3.67561761546724,523,516,-8.94254908322134,-67.1342159336585,40.2740197792453,26.8601961544133
3.67776584317938,519,514,0.8326219822723,-52.4714593354181,25.6112631810048,26.8601961544133
3.67991407089151,514,513,20.3829641132596,-37.8087027371776,3.61712828364413,34.1915744535335
3.68206229860365,515,514,20.3829641132596,-42.6962882699244,6.06092105001754,36.6353672199069
3.68421052631579,517,512,0.8326219822723,-42.6962882699244,20.723677648258,21.9726106216664
3.68635875402793,514,509,0.832621982272297,-28.033531671684,13.3922993491378,14.6412323225462
3.68850698174006,513,507,-4.05496355047452,-20.7021533725638,13.3922993491378,7.30985402342599
3.6906552094522,512,509,10.6077930477659,-23.1459461389372,3.61712828364413,19.528817855293
3.69280343716434,509,509,25.2705496460064,-15.8145678398169,-11.0456283145963,26.8601961544133
3.69495166487648,510,509,20.3829641132596,-18.2583606061904,-6.1580427818495,24.4164033880399
3.69709989258861,510,509,20.3829641132596,-18.2583606061904,-6.1580427818495,24.4164033880399
3.69924812030075,506,509,39.9333062442469,-8.48318954069671,-25.7083849128368,34.1915744535335
3.70139634801289,501,506,49.7084773097405,11.0671525902906,-42.8149342774506,31.7477816871601
3.70354457572503,502,499,10.6077930477659,25.729909188531,-20.82079938009,-4.90910980844106
3.70569280343716,500,499,20.3829641132596,30.6174947212778,-30.5959704455836,-0.0215242756942402
3.7078410311493,500,498,15.4953785805128,33.0612874876512,-28.1521776792102,-4.90910980844106
3.70998925886144,497,500,39.9333062442469,35.5050802540247,-47.7025198101975,12.1974395561728
3.71213748657358,498,498,25.2705496460064,37.9488730203981,-37.9273487447038,-0.0215242756942402
3.71428571428571,495,499,44.8208917769937,42.8364585531449,-55.0338981093177,12.1974395561728
3.71643394199785,493,498,49.7084773097405,50.1678368522651,-62.3652764084379,12.1974395561728
3.71858216970999,490,497,59.4836483752341,59.9430079177588,-74.584240240305,14.6412323225462
3.72073039742213,491,494,39.9333062442469,64.8305934505056,-62.3652764084379,-2.46531704206765
3.72287862513426,492,489,10.6077930477659,74.6057645159992,-45.258727043824,-29.3470374721752
3.7250268528464,490,491,30.1581351787532,74.6057645159992,-59.9214836420645,-14.6842808739347
3.72717508055854,492,491,20.3829641132596,69.7181789832524,-50.1463125765709,-19.5718664066815
3.72932330827068,490,492,35.0457207115,72.1619717496258,-62.3652764084379,-9.79669534118787
3.73147153598281,494,494,25.2705496460064,57.4992151513853,-47.7025198101975,-9.79669534118787
3.73361976369495,493,494,30.1581351787532,59.9430079177587,-52.5901053429443,-7.35290257481446
3.73576799140709,497,494,10.6077930477659,50.1678368522651,-33.039763211957,-17.1280736403081
3.73791621911923,496,492,5.72020751501912,57.4992151513853,-33.039763211957,-24.4594519394283
3.74006444683136,497,489,-13.8301346159682,62.3868006841322,-20.82079938009,-41.5660013040422
3.7422126745435,495,490,0.8326219822723,64.8305934505056,-33.039763211957,-31.7908302385486
3.74436090225564,495,490,0.8326219822723,64.8305934505056,-33.039763211957,-31.7908302385486
3.74650912996778,494,492,15.4953785805128,62.3868006841322,-42.8149342774507,-19.5718664066815
3.74865735767991,491,490,20.3829641132596,74.6057645159992,-52.5901053429443,-22.0156591730549
3.75080558539205,490,490,25.2705496460064,77.0495572823726,-57.4776908756911,-19.5718664066815
3.75295381310419,488,488,25.2705496460064,86.8247283478663,-62.3652764084379,-24.4594519394283
3.75510204081633,481,485,44.8208917769937,111.2626560116,-89.2469968385454,-22.0156591730549
3.75725026852846,476,480,44.8208917769941,135.700583675335,-101.465960670413,-34.2346230049217
3.7593984962406,474,478,44.8208917769936,145.475754740829,-106.353546203159,-39.122208537669
3.76154672395274,479,479,25.2705496460064,130.812998142588,-84.3594113057988,-46.4535868367892
3.76369495166488,482,483,30.1581351787532,113.706448777974,-79.4718257730518,-34.234623004922
3.76584317937701,485,483,15.4953785805127,106.375070478854,-64.8090691748113,-41.5660013040422
3.76799140708915,490,486,5.72020751501913,86.8247283478663,-47.7025198101975,-39.1222085376688
3.77013963480129,498,487,-28.4928912142086,64.8305934505056,-11.0456283145963,-53.7849651359092
3.77228786251343,506,493,-38.2680622797023,30.6174947212778,13.3922993491378,-44.0097940704156
3.77443609022556,516,493,-87.1439176071704,6.17956705754375,62.268154676606,-68.4477217341497
3.7765843179377,526,499,-106.694259738158,-32.9211172044308,96.4812534058337,-63.5601362014029
3.77873254564984,542,508,-140.907358467385,-94.015936363766,152.688487032422,-58.6725506686561
3.78088077336198,557,519,-160.457700598373,-157.554548289475,199.120549593517,-41.5660013040422
3.78302900107411,577,528,-214.221141458588,-228.424538514304,274.878125351093,-46.4535868367892
3.78517722878625,596,542,-238.659069122322,-309.069699804626,333.529151744055,-24.4594519394286
3.78732545649839,617,557,-267.984582318803,-397.046239394069,399.511556436137,-2.46531704206791
3.78947368421053,636,571,-292.422509982537,-477.691400684392,458.162582829099,19.5288178552928
3.79162191192266,647,576,-321.748023179018,-516.792084946366,499.707059857446,17.0850250889198
3.7937701396348,643,580,-282.647338917043,-516.792084946366,470.381546660966,46.4105382854008
3.79591836734694,629,579,-219.108726991334,-480.135193450765,404.399141968883,75.7360514818817
3.79806659505908,606,575,-126.244601869145,-414.152788758683,301.759845781201,112.392942977482
3.80021482277121,579,569,-23.6053056814623,-333.50762746836,184.457792995277,149.049834473084
3.80236305048335,551,558,59.4836483752341,-238.199709579797,74.487118508473,163.712591071324
3.80451127819549,527,548,127.90984583369,-155.110755523101,-18.3770066137165,173.487762136818
3.80665950590763,509,540,176.785701161158,-91.5721435973926,-86.803204072172,178.375347669565
3.80880773361976,495,528,186.560872226651,-28.033531671684,-125.903888334147,153.937420005831
3.8109559613319,486,520,191.448457759398,13.510945356664,-150.341815997881,136.830870641217
3.81310418904404,486,514,162.122944562917,28.1737019549044,-135.67905939964,107.505357444736
3.81525241675618,486,512,152.347773497424,33.0612874876512,-130.791473866893,97.7301863792421
3.81740064446831,491,511,123.022260300943,23.2861164221576,-103.909753436786,80.6236370146283
3.81954887218045,499,514,98.5843326372087,-3.59560400794989,-72.1404474739316,75.7360514818814
3.82169709989259,507,513,54.5960628424873,-20.7021533725638,-30.5959704455836,51.2981238181474
3.82384532760473,510,516,54.5960628424873,-35.3649099708042,-23.2645921464634,58.6295021172676
3.82599355531686,511,514,39.9333062442469,-32.9211172044308,-13.4894210809697,46.4105382854005
3.828141783029,510,511,30.1581351787532,-23.1459461389372,-11.0456283145963,34.1915744535335
3.83029001074114,504,506,35.0457207115,3.73577429117034,-28.1521776792102,24.4164033880399
3.83243823845328,500,504,44.8208917769937,18.3985308894108,-42.8149342774506,24.4164033880399
3.83458646616541,496,504,64.3712339079809,28.1737019549044,-62.3652764084379,34.1915744535335
3.83673469387755,491,502,79.0339905062214,45.2802513195183,-81.9156185394252,36.6353672199069
3.83888292158969,488,500,83.9215760389682,57.4992151513853,-91.6907896049188,34.1915744535335
3.84103114930183,487,498,79.0339905062214,64.8305934505056,-91.6907896049188,26.8601961544133
3.84317937701396,488,498,74.1464049734746,62.3868006841322,-86.803204072172,24.4164033880398
3.8453276047261,488,493,49.7084773097405,74.6057645159992,-74.584240240305,-0.0215242756942473
3.84747583243824,489,491,35.0457207115,77.0495572823726,-64.8090691748113,-12.2404881075613
3.84962406015038,490,490,25.2705496460064,77.0495572823726,-57.4776908756911,-19.5718664066815
3.85177228786251,491,494,39.9333062442469,64.8305934505056,-62.3652764084379,-2.46531704206765
3.85392051557465,494,493,20.3829641132596,59.9430079177588,-45.2587270438241,-14.6842808739347
3.85606874328679,496,495,20.3829641132596,50.1678368522651,-40.3711415110772,-9.79669534118788
3.85821697099893,496,494,15.4953785805128,52.6116296186385,-37.9273487447038,-14.6842808739347
3.86036519871106,495,495,25.2705496460064,52.6116296186385,-45.2587270438241,-7.35290257481447
3.8625134264232,491,489,15.4953785805127,77.0495572823726,-50.1463125765709,-26.9032447058017
3.86466165413534,491,487,5.72020751501911,81.9371428151194,-45.2587270438241,-36.6784157712954
3.86680988184748,492,487,0.832621982272286,79.493350048746,-40.3711415110772,-39.1222085376688
3.86895810955961,493,489,5.72020751501911,72.1619717496258,-40.3711415110772,-31.7908302385486
3.87110633727175,494,489,0.8326219822723,69.7181789832524,-35.4835559783304,-34.234623004922
3.87325456498389,491,490,20.3829641132596,74.6057645159992,-52.5901053429443,-22.0156591730549
3.87540279269603,492,491,20.3829641132596,69.7181789832524,-50.1463125765709,-19.5718664066815
3.87755102040816,494,491,10.6077930477659,64.8305934505056,-40.3711415110772,-24.4594519394283
3.8796992481203,492,490,15.4953785805127,72.1619717496258,-47.7025198101975,-24.4594519394283
3.88184747583244,497,489,-13.8301346159682,62.3868006841322,-20.82079938009,-41.5660013040422
3.88399570354458,503,491,-33.3804767469554,42.8364585531449,3.61712828364413,-46.453586836789
3.88614393125671,505,495,-23.6053056814618,28.1737019549044,3.61712828364413,-31.7908302385486
3.88829215896885,507,497,-23.6053056814618,18.3985308894108,8.50471381639095,-26.9032447058017
3.89044038668099,507,497,-23.6053056814618,18.3985308894108,8.50471381639095,-26.9032447058017
3.89258861439313,503,496,-8.94254908322134,30.6174947212778,-8.60183554822292,-22.0156591730549
3.89473684210526,502,500,15.4953785805128,23.2861164221576,-23.2645921464634,-0.0215242756942402
3.8968850698174,500,496,5.72020751501912,37.9488730203981,-23.2645921464634,-14.6842808739347
3.89903329752954,502,494,-13.8301346159682,37.9488730203981,-8.60183554822292,-29.3470374721751
3.90118152524168,501,495,-4.05496355047453,37.9488730203981,-15.9332138473431,-22.0156591730549
3.90332975295381,504,495,-18.717720148715,30.6174947212778,-1.27045724910268,-29.3470374721752
3.90547798066595,505,498,-8.94254908322134,20.8423236557842,-3.71425001547609,-17.1280736403081
3.90762620837809,507,499,-13.8301346159682,13.510945356664,3.61712828364413,-17.1280736403081
3.90977443609023,506,497,-18.717720148715,20.8423236557842,3.61712828364413,-24.4594519394283
3.91192266380236,502,500,15.4953785805128,23.2861164221576,-23.2645921464634,-0.0215242756942402
3.9140708915145,502,500,15.4953785805128,23.2861164221576,-23.2645921464634,-0.0215242756942402
3.91621911922664,502,499,10.6077930477659,25.729909188531,-20.82079938009,-4.90910980844106
3.91836734693878,504,496,-13.8301346159682,28.1737019549044,-3.7142500154761,-24.4594519394283
3.92051557465091,499,495,5.72020751501911,42.8364585531449,-25.7083849128368,-17.1280736403081
3.92266380236305,494,493,20.3829641132596,59.9430079177588,-45.2587270438241,-14.6842808739347
3.92481203007519,494,493,20.3829641132596,59.9430079177588,-45.2587270438241,-14.6842808739347
3.92696025778733,503,497,-4.05496355047452,28.1737019549044,-11.0456283145963,-17.1280736403081
3.92910848549946,509,500,-18.717720148715,6.17956705754374,10.9485065827644,-17.1280736403081
3.9312567132116,517,503,-43.1556478124491,-20.7021533725638,42.7178125456187,-22.0156591730549
3.93340494092374,520,503,-57.8184044106895,-28.033531671684,57.3805691438591,-29.3470374721752
3.93555316863588,522,505,-57.8184044106895,-37.8087027371776,62.268154676606,-24.4594519394283
3.93770139634801,522,506,-52.9308188779427,-40.252495503551,59.8243619102325,-19.5718664066815
3.93984962406015,521,506,-48.0432333451959,-37.8087027371776,54.9367763774857,-17.1280736403081
3.94199785177229,524,510,-43.1556478124491,-54.9152521017915,59.8243619102326,-4.90910980844106
3.94414607948443,522,511,-28.4928912142086,-52.4714593354181,47.6053980783655,4.86606125705258
3.94629430719656,519,511,-13.8301346159682,-45.1400810362979,32.942641480125,12.1974395561728
3.9484425349087,517,511,-4.05496355047453,-40.252495503551,23.1674704146314,17.0850250889196
3.95059076262084,513,510,10.6077930477659,-28.033531671684,6.06092105001754,21.9726106216664
3.95273899033298,506,505,20.3829641132596,1.29198152479693,-15.9332138473431,14.6412323225462
3.95488721804511,509,505,5.72020751501912,-6.0393967743233,-1.27045724910269,7.30985402342599
3.95703544575725,514,508,-4.05496355047452,-25.5897389053106,15.8360921155112,9.7536467897994
3.95918367346939,518,506,-33.3804767469554,-30.4773244380574,40.2740197792453,-9.79669534118788
3.96133190118153,522,513,-18.717720148715,-57.3590448681649,42.7178125456187,14.6412323225462
3.96348012889366,527,515,-33.3804767469554,-74.4655942327788,62.268154676606,12.1974395561728
3.9656283566058,527,516,-28.4928912142086,-76.9093869991522,59.8243619102325,17.0850250889196
3.96777658431794,523,516,-8.94254908322134,-67.1342159336585,40.2740197792453,26.8601961544133
3.96992481203007,523,515,-13.8301346159682,-64.6904231672851,42.7178125456187,21.9726106216664
3.97207303974221,526,514,-33.3804767469554,-69.5780087000319,59.8243619102325,9.7536467897994
3.97422126745435,531,516,-48.0432333451959,-86.6845580646458,79.3747040412198,7.30985402342599
3.97636949516649,534,519,-48.0432333451959,-101.347314662886,86.70608234034,14.6412323225462
3.97851772287863,534,520,-43.1556478124491,-103.79110742926,84.2622895739666,19.528817855293
3.98066595059076,530,522,-13.8301346159681,-98.9035218965129,59.8243619102325,39.0791599862803
3.9828141783029,534,524,-23.6053056814618,-113.566278494753,74.487118508473,39.0791599862803
3.98496240601504,534,524,-23.6053056814618,-113.566278494753,74.487118508473,39.0791599862803
3.98711063372718,533,523,-23.6053056814618,-108.678692962006,72.0433257420996,36.6353672199069
3.98925886143931,533,523,-23.6053056814618,-108.678692962006,72.0433257420996,36.6353672199069
3.99140708915145,536,524,-33.3804767469554,-118.4538640275,84.2622895739667,34.1915744535335
3.99355531686359,537,524,-38.2680622797022,-120.897656793874,89.1498751067135,31.7477816871601
3.99570354457573,538,527,-28.4928912142086,-130.672827859367,86.70608234034,43.9667455190271
3.99785177228786,536,528,-13.8301346159682,-128.229035092994,74.487118508473,53.7419165845208
4,536,529,-8.94254908322135,-130.672827859367,72.0433257420996,58.6295021172676
4.00214822771214,534,528,-4.05496355047451,-123.341449560247,64.7119474429794,58.6295021172676
4.00429645542428,533,527,-4.05496355047453,-118.4538640275,62.268154676606,56.1857093508942
4.00644468313641,534,527,-8.94254908322134,-120.897656793874,67.1557402093528,53.7419165845208
4.00859291084855,535,527,-13.8301346159681,-123.341449560247,72.0433257420996,51.2981238181474
4.01074113856069,538,526,-33.3804767469554,-128.229035092994,89.1498751067135,39.0791599862803
4.01288936627282,539,529,-23.6053056814618,-138.004206158487,86.7060823403401,51.2981238181473
4.01503759398496,534,530,5.72020751501913,-128.229035092994,59.8243619102325,68.4046731827612
4.0171858216971,533,530,10.6077930477659,-125.78524232662,54.9367763774857,70.8484659491346
4.01933404940924,534,530,5.72020751501913,-128.229035092994,59.8243619102325,68.4046731827612
4.02148227712137,535,530,0.832621982272315,-130.672827859367,64.7119474429794,65.9608804163878
4.02363050483351,537,529,-13.8301346159682,-133.116620625741,76.9309112748464,56.1857093508942
4.02577873254565,533,528,0.8326219822723,-120.897656793874,59.8243619102325,61.073294883641
4.02792696025779,534,525,-18.717720148715,-116.010071261127,72.0433257420996,43.9667455190271
4.03007518796993,531,524,-8.94254908322134,-106.234900195633,59.8243619102325,46.4105382854005
4.03222341568206,527,524,10.6077930477659,-96.4597291301395,40.2740197792453,56.1857093508942
4.0343716433942,523,525,35.0457207115,-89.1283508310192,18.2798848818846,70.8484659491346
4.03651987110634,520,523,39.9333062442468,-76.9093869991522,8.50471381639095,68.4046731827612
4.03866809881847,518,521,39.9333062442468,-67.1342159336585,3.61712828364413,63.5170876500144
4.04081632653061,518,519,30.1581351787532,-62.2466304009117,8.50471381639095,53.7419165845208
4.04296455424275,519,517,15.4953785805127,-59.8028376345383,18.2798848818846,41.5229527526537
4.04511278195489,518,516,15.4953785805128,-54.9152521017915,15.8360921155112,39.0791599862803
4.04726100966702,521,515,-4.05496355047453,-59.8028376345383,32.942641480125,26.8601961544133
4.04940923737916,522,519,10.6077930477659,-72.0218014664053,28.0550559473782,43.9667455190271
4.0515574650913,522,519,10.6077930477659,-72.0218014664053,28.0550559473782,43.9667455190271
4.05370569280344,521,520,20.3829641132596,-72.0218014664053,20.723677648258,51.2981238181474
4.05585392051557,516,517,30.1581351787532,-52.4714593354181,3.61712828364413,48.8543310517739
4.05800214822771,511,515,44.8208917769937,-35.3649099708042,-15.9332138473431,51.2981238181474
4.06015037593985,510,511,30.1581351787532,-23.1459461389372,-11.0456283145963,34.1915744535335
4.06229860365199,507,508,30.1581351787532,-8.48318954069671,-18.3770066137166,26.8601961544133
4.06444683136412,504,507,39.9333062442469,1.29198152479693,-30.5959704455836,29.3039889207867
4.06659505907626,502,507,49.7084773097405,6.17956705754374,-40.3711415110772,34.1915744535335
4.0687432867884,499,506,59.4836483752341,15.9547381230374,-52.5901053429443,36.6353672199069
4.07089151450054,500,504,44.8208917769937,18.3985308894108,-42.8149342774506,24.4164033880399
4.07303974221267,502,505,39.9333062442469,11.0671525902906,-35.4835559783304,24.4164033880399
4.07518796992481,502,505,39.9333062442469,11.0671525902906,-35.4835559783304,24.4164033880399
4.07733619763695,501,503,35.0457207115,18.3985308894108,-35.4835559783304,17.0850250889196
4.07948442534909,496,498,35.0457207115,42.8364585531449,-47.7025198101975,4.86606125705258
4.08163265306122,494,497,39.9333062442469,50.1678368522651,-55.0338981093177,4.86606125705258
4.08378088077336,491,496,49.7084773097405,59.9430079177587,-67.2528619411847,7.30985402342599
4.0859291084855,492,496,44.8208917769937,57.4992151513853,-62.3652764084379,4.86606125705258
4.08807733619764,489,496,59.4836483752341,64.8305934505056,-77.0280330066784,12.1974395561728
4.09022556390977,493,495,35.0457207115,57.4992151513853,-55.0338981093177,-2.46531704206765
4.09237379162191,497,497,25.2705496460064,42.8364585531449,-40.3711415110772,-2.46531704206765
4.09452201933405,500,497,10.6077930477659,35.5050802540247,-25.7083849128368,-9.79669534118788
4.09667024704619,499,496,10.6077930477659,40.3926657867715,-28.1521776792102,-12.2404881075613
4.09881847475832,499,492,-8.94254908322134,50.1678368522651,-18.3770066137166,-31.7908302385486
4.10096670247046,500,493,-8.94254908322134,45.2802513195183,-15.9332138473431,-29.3470374721752
4.1031149301826,499,496,10.6077930477659,40.3926657867715,-28.1521776792102,-12.2404881075613
4.10526315789474,501,497,5.72020751501912,33.0612874876512,-20.82079938009,-12.2404881075613
4.10741138560687,495,495,25.2705496460064,52.6116296186385,-45.2587270438241,-7.35290257481447
4.10955961331901,493,496,39.9333062442469,55.0554223850119,-57.4776908756911,2.42226849067917
4.11170784103115,491,494,39.9333062442469,64.8305934505056,-62.3652764084379,-2.46531704206765
4.11385606874329,494,494,25.2705496460064,57.4992151513853,-47.7025198101975,-9.79669534118787
4.11600429645542,497,492,0.8326219822723,55.0554223850119,-28.1521776792102,-26.9032447058017
4.11815252416756,501,494,-8.94254908322134,40.3926657867715,-13.4894210809697,-26.9032447058017
4.1203007518797,504,495,-18.717720148715,30.6174947212778,-1.27045724910268,-29.3470374721752
4.12244897959184,504,495,-18.717720148715,30.6174947212778,-1.27045724910268,-29.3470374721752
4.12459720730397,501,498,10.6077930477659,30.6174947212778,-23.2645921464634,-7.35290257481447
4.12674543501611,498,496,15.4953785805128,42.8364585531449,-33.039763211957,-9.79669534118787
4.12889366272825,495,496,30.1581351787532,50.1678368522651,-47.7025198101975,-2.46531704206765
4.13104189044039,493,494,30.1581351787532,59.9430079177587,-52.5901053429443,-7.35290257481446
4.13319011815252,496,491,0.832621982272293,59.9430079177587,-30.5959704455836,-29.3470374721752
4.13533834586466,497,491,-4.05496355047453,57.4992151513853,-25.7083849128368,-31.7908302385486
4.1374865735768,500,492,-13.8301346159682,47.7240440858917,-13.4894210809697,-34.234623004922
4.13963480128894,502,496,-4.05496355047452,33.0612874876512,-13.4894210809697,-19.5718664066815
4.14178302900107,505,496,-18.717720148715,25.729909188531,1.17333551727072,-26.9032447058017
4.14393125671321,507,497,-23.6053056814618,18.3985308894108,8.50471381639095,-26.9032447058017
4.14607948442535,507,498,-18.717720148715,15.9547381230374,6.06092105001754,-22.0156591730549
4.14822771213749,507,498,-18.717720148715,15.9547381230374,6.06092105001754,-22.0156591730549
4.15037593984962,504,499,0.832621982272297,20.8423236557842,-11.0456283145963,-9.79669534118788
4.15252416756176,502,494,-13.8301346159682,37.9488730203981,-8.60183554822292,-29.3470374721751
4.1546723952739,498,495,10.6077930477659,45.2802513195183,-30.5959704455836,-14.6842808739347
4.15682062298604,494,496,35.0457207115,52.6116296186385,-52.5901053429443,-0.0215242756942331
4.15896885069817,494,493,20.3829641132596,59.9430079177588,-45.2587270438241,-14.6842808739347
4.16111707841031,491,492,30.1581351787532,69.7181789832524,-57.4776908756911,-12.2404881075613
4.16326530612245,488,491,39.9333062442468,79.493350048746,-69.6966547075581,-9.79669534118788
4.16541353383459,488,493,49.7084773097405,74.6057645159992,-74.584240240305,-0.0215242756942473
4.16756176154672,494,491,10.6077930477659,64.8305934505056,-40.3711415110772,-24.4594519394283
4.16970998925886,497,489,-13.8301346159682,62.3868006841322,-20.82079938009,-41.5660013040422
4.171858216971,499,491,-13.8301346159682,52.6116296186385,-15.9332138473431,-36.6784157712954
4.17400644468314,507,497,-23.6053056814618,18.3985308894108,8.50471381639095,-26.9032447058017
4.17615467239527,511,498,-38.2680622797022,6.17956705754374,25.6112631810048,-31.7908302385486
4.17830290010741,512,501,-28.4928912142086,-3.59560400794989,23.1674704146314,-19.5718664066815
4.18045112781955,509,501,-13.8301346159682,3.73577429117034,8.50471381639095,-12.2404881075613
4.18259935553169,510,500,-23.6053056814618,3.73577429117034,15.8360921155112,-19.5718664066815
4.18474758324382,509,502,-8.94254908322134,1.29198152479693,6.06092105001754,-7.35290257481447
4.18689581095596,509,497,-33.3804767469554,13.510945356664,18.2798848818846,-31.7908302385486
4.1890440386681,509,498,-28.4928912142086,11.0671525902906,15.8360921155112,-26.9032447058017
4.19119226638024,507,498,-18.717720148715,15.9547381230374,6.06092105001754,-22.0156591730549
4.19334049409237,504,501,10.6077930477659,15.9547381230374,-15.9332138473431,-0.0215242756942402
4.19548872180451,503,500,10.6077930477659,20.8423236557842,-18.3770066137166,-2.46531704206765
4.19763694951665,506,501,0.832621982272297,11.0671525902906,-6.1580427818495,-4.90910980844106
4.19978517722879,508,502,-4.05496355047452,3.73577429117034,1.17333551727072,-4.90910980844106
4.20193340494092,511,505,-4.05496355047452,-10.9269823070701,8.50471381639095,2.42226849067917
4.20408163265306,512,502,-23.6053056814618,-6.0393967743233,20.723677648258,-14.6842808739347
4.2062298603652,512,500,-33.3804767469554,-1.15181124157648,25.6112631810048,-24.4594519394283
4.20837808807734,514,502,-33.3804767469554,-10.9269823070701,30.4988487137516,-19.5718664066815
4.21052631578947,507,505,15.4953785805128,-1.15181124157648,-11.0456283145963,12.1974395561728
4.21267454350161,506,502,5.72020751501912,8.62335982391715,-8.60183554822291,-0.0215242756942402
4.21482277121375,504,502,15.4953785805128,13.510945356664,-18.3770066137166,4.86606125705258
4.21697099892589,508,505,10.6077930477659,-3.59560400794989,-6.1580427818495,9.7536467897994
4.21911922663802,511,505,-4.05496355047452,-10.9269823070701,8.50471381639095,2.42226849067917
4.22126745435016,514,504,-23.6053056814618,-15.8145678398169,25.6112631810048,-9.79669534118788
4.2234156820623,516,504,-33.3804767469554,-20.7021533725638,35.3864342464985,-14.6842808739347
4.22556390977444,518,507,-28.4928912142086,-32.9211172044308,37.8302270128719,-4.90910980844106
4.22771213748657,521,510,-28.4928912142086,-47.5838738026713,45.1616053119921,2.42226849067917
4.22986036519871,522,511,-28.4928912142086,-52.4714593354181,47.6053980783655,4.86606125705258
4.23200859291085,521,511,-23.6053056814618,-50.0276665690447,42.7178125456187,7.30985402342598
4.23415682062299,518,511,-8.94254908322134,-42.6962882699244,28.0550559473782,14.6412323225462
4.23630504833512,520,514,-4.05496355047452,-54.9152521017915,30.4988487137516,24.4164033880399
4.23845327604726,519,509,-23.6053056814618,-40.252495503551,37.8302270128719,2.42226849067917
4.2406015037594,515,507,-13.8301346159682,-25.5897389053106,23.1674704146314,2.42226849067917
4.24274973147154,515,507,-13.8301346159682,-25.5897389053106,23.1674704146314,2.42226849067917
4.24489795918367,518,511,-8.94254908322134,-42.6962882699244,28.0550559473782,14.6412323225462
4.24704618689581,516,508,-13.8301346159682,-30.4773244380574,25.6112631810048,4.86606125705258
4.24919441460795,513,508,0.832621982272297,-23.1459461389372,10.9485065827644,12.1974395561728
4.25134264232009,515,511,5.72020751501911,-35.3649099708042,13.3922993491378,21.9726106216664
4.25349087003222,512,511,20.3829641132596,-28.033531671684,-1.27045724910268,29.3039889207867
4.25563909774436,510,508,15.4953785805128,-15.8145678398169,-3.71425001547609,19.528817855293
4.2577873254565,507,503,5.72020751501912,3.73577429117034,-6.1580427818495,2.42226849067917
4.25993555316864,504,503,20.3829641132596,11.0671525902906,-20.82079938009,9.7536467897994
4.26208378088077,504,503,20.3829641132596,11.0671525902906,-20.82079938009,9.7536467897994
4.26423200859291,505,504,20.3829641132596,6.17956705754374,-18.3770066137166,12.1974395561728
4.26638023630505,504,504,25.2705496460064,8.62335982391715,-23.2645921464634,14.6412323225462
4.26852846401719,503,503,25.2705496460064,13.510945356664,-25.7083849128368,12.1974395561728
4.27067669172932,501,503,35.0457207115,18.3985308894108,-35.4835559783304,17.0850250889196
4.27282491944146,496,502,54.5960628424873,33.0612874876512,-57.4776908756911,24.4164033880399
4.2749731471536,492,497,49.7084773097405,55.0554223850119,-64.8090691748113,9.75364678979939
4.27712137486574,492,493,30.1581351787532,64.8305934505056,-55.0338981093177,-9.79669534118788
4.27926960257787,492,493,30.1581351787532,64.8305934505056,-55.0338981093177,-9.79669534118788
4.28141783029001,494,497,39.9333062442469,50.1678368522651,-55.0338981093177,4.86606125705258
4.28356605800215,495,495,25.2705496460064,52.6116296186385,-45.2587270438241,-7.35290257481447
4.28571428571429,493,494,30.1581351787532,59.9430079177587,-52.5901053429443,-7.35290257481446
4.28786251342642,491,494,39.9333062442469,64.8305934505056,-62.3652764084379,-2.46531704206765
4.29001074113856,488,493,49.7084773097405,74.6057645159992,-74.584240240305,-0.0215242756942473
4.2921589688507,491,492,30.1581351787532,69.7181789832524,-57.4776908756911,-12.2404881075613
4.29430719656284,491,487,5.72020751501911,81.9371428151194,-45.2587270438241,-36.6784157712954
4.29645542427497,491,486,0.8326219822723,84.3809355814928,-42.8149342774506,-41.5660013040422
4.29860365198711,490,486,5.72020751501913,86.8247283478663,-47.7025198101975,-39.1222085376688
4.30075187969925,491,490,20.3829641132596,74.6057645159992,-52.5901053429443,-22.0156591730549
4.30290010741139,497,492,0.8326219822723,55.0554223850119,-28.1521776792102,-26.9032447058017
4.30504833512352,496,495,20.3829641132596,50.1678368522651,-40.3711415110772,-9.79669534118788
4.30719656283566,496,493,10.6077930477659,55.0554223850119,-35.4835559783304,-19.5718664066815
4.3093447905478,500,493,-8.94254908322134,45.2802513195183,-15.9332138473431,-29.3470374721752
4.31149301825994,503,493,-23.6053056814618,37.9488730203981,-1.27045724910268,-36.6784157712954
4.31364124597207,503,494,-18.717720148715,35.5050802540247,-3.7142500154761,-31.7908302385486
4.31578947368421,500,492,-13.8301346159682,47.7240440858917,-13.4894210809697,-34.234623004922
4.31793770139635,499,494,0.8326219822723,45.2802513195183,-23.2645921464634,-22.0156591730549
4.32008592910849,497,494,10.6077930477659,50.1678368522651,-33.039763211957,-17.1280736403081
4.32223415682062,494,493,20.3829641132596,59.9430079177588,-45.2587270438241,-14.6842808739347
4.32438238453276,491,492,30.1581351787532,69.7181789832524,-57.4776908756911,-12.2404881075613
4.3265306122449,492,492,25.2705496460064,67.274386216879,-52.5901053429443,-14.6842808739347
4.32867883995704,488,489,30.1581351787532,84.3809355814928,-64.8090691748113,-19.5718664066815
4.33082706766917,489,489,25.2705496460064,81.9371428151194,-59.9214836420645,-22.0156591730549
4.33297529538131,489,486,10.6077930477659,89.2685211142397,-52.5901053429443,-36.6784157712954
4.33512352309345,490,487,10.6077930477659,84.3809355814928,-50.1463125765709,-34.234623004922
4.33727175080559,486,489,39.9333062442469,89.2685211142397,-74.584240240305,-14.6842808739347
4.33941997851772,488,488,25.2705496460064,86.8247283478663,-62.3652764084379,-24.4594519394283
4.34156820622986,490,488,15.4953785805128,81.9371428151194,-52.5901053429443,-29.3470374721751
4.343716433942,494,491,10.6077930477659,64.8305934505056,-40.3711415110772,-24.4594519394283
4.34586466165414,503,492,-28.4928912142086,40.3926657867715,1.17333551727072,-41.5660013040422
4.34801288936627,516,497,-67.5935754761832,-3.59560400794989,52.4929836111123,-48.8973796031624
4.35016111707841,532,501,-126.244601869145,-52.4714593354181,120.919181069568,-68.4477217341497
4.35230934479055,551,514,-155.570115065626,-130.672827859367,182.014000228903,-51.3411723695358
4.35445757250269,575,528,-204.445970393094,-223.536952981557,265.102954285599,-41.5660013040422
4.35660580021482,596,540,-248.434240187816,-304.182114271879,338.416737276802,-34.2346230049222
4.35875402792696,616,553,-282.647338917044,-384.827275562202,404.399141968884,-19.5718664066817
4.3609022556391,630,564,-297.310095515284,-445.922094721537,445.943618997232,-0.0215242756944463
4.36305048335123,633,572,-272.87216785155,-472.803815151645,441.056033464485,31.7477816871598
4.36519871106337,624,571,-233.771483589575,-448.365887487911,399.511556436137,48.8543310517737
4.36734693877551,606,568,-160.457700598373,-397.046239394069,318.866395145814,78.1798442482547
4.36949516648765,579,561,-62.7059899434368,-313.957285337373,204.008135126264,109.949150211109
4.37164339419979,552,551,20.3829641132596,-223.536952981557,96.4812534058337,127.055699575723
4.37379162191192,531,544,88.809161571715,-155.110755523101,10.9485065827644,144.162248940337
4.37593984962406,514,536,132.797431366436,-94.015936363766,-52.5901053429443,146.60604170671
4.3780880773362,497,528,176.785701161158,-32.9211172044308,-116.128717268653,149.049834473084
4.38023630504834,484,518,191.448457759398,23.2861164221576,-155.229401530627,131.94328510847
4.38238453276047,476,510,191.448457759399,62.3868006841324,-174.779743661615,112.392942977483
4.38453276047261,475,505,171.898115628411,77.0495572823728,-167.448365362495,90.3988080801221
4.38668098818475,483,504,127.90984583369,59.9430079177587,-125.903888334147,65.9608804163878
4.38882921589688,487,506,118.134674768196,45.2802513195183,-111.241131735906,65.9608804163878
4.39097744360902,495,506,79.0339905062214,25.729909188531,-72.1404474739316,46.4105382854005
4.39312567132116,498,508,74.1464049734746,13.510945356664,-62.3652764084379,48.8543310517739
4.3952738990333,501,506,49.7084773097405,11.0671525902906,-42.8149342774506,31.7477816871601
4.39742212674544,500,507,59.4836483752341,11.0671525902906,-50.1463125765709,39.0791599862803
4.39957035445757,504,504,25.2705496460064,8.62335982391715,-23.2645921464634,14.6412323225462
4.40171858216971,501,504,39.9333062442469,15.9547381230374,-37.9273487447038,21.9726106216664
4.40386680988185,499,499,25.2705496460064,33.0612874876512,-35.4835559783304,2.42226849067917
4.40601503759398,493,496,39.9333062442469,55.0554223850119,-57.4776908756911,2.42226849067917
4.40816326530612,489,496,59.4836483752341,64.8305934505056,-77.0280330066784,12.1974395561728
4.41031149301826,487,496,69.2588194407278,69.7181789832524,-86.803204072172,17.0850250889196
4.4124597207304,487,494,59.4836483752341,74.6057645159992,-81.9156185394252,7.30985402342599
4.41460794844254,492,495,39.9333062442468,59.9430079177587,-59.9214836420645,-0.0215242756942473
4.41675617615467,494,495,30.1581351787532,55.0554223850119,-50.1463125765709,-4.90910980844106
4.41890440386681,491,494,39.9333062442469,64.8305934505056,-62.3652764084379,-2.46531704206765
4.42105263157895,487,488,30.1581351787532,89.2685211142397,-67.2528619411847,-22.0156591730549
4.42320085929108,487,488,30.1581351787532,89.2685211142397,-67.2528619411847,-22.0156591730549
4.42534908700322,488,488,25.2705496460064,86.8247283478663,-62.3652764084379,-24.4594519394283
4.42749731471536,493,493,25.2705496460064,62.3868006841322,-50.1463125765709,-12.2404881075613
4.4296455424275,497,493,5.72020751501911,52.6116296186385,-30.5959704455836,-22.0156591730549
4.43179377013963,498,495,10.6077930477659,45.2802513195183,-30.5959704455836,-14.6842808739347
4.43394199785177,497,493,5.72020751501911,52.6116296186385,-30.5959704455836,-22.0156591730549
4.43609022556391,495,492,10.6077930477659,59.9430079177587,-37.9273487447038,-22.0156591730549
4.43823845327605,495,488,-8.94254908322134,69.7181789832524,-28.1521776792102,-41.5660013040422
4.44038668098819,493,487,-4.05496355047453,77.0495572823726,-35.4835559783304,-41.5660013040422
4.44253490870032,490,489,20.3829641132596,79.493350048746,-55.0338981093177,-24.4594519394283
4.44468313641246,493,491,15.4953785805127,67.274386216879,-45.2587270438241,-22.0156591730549
4.4468313641246,494,490,5.72020751501913,67.274386216879,-37.9273487447038,-29.3470374721751
4.44897959183673,496,493,10.6077930477659,55.0554223850119,-35.4835559783304,-19.5718664066815
4.45112781954887,497,494,10.6077930477659,50.1678368522651,-33.039763211957,-17.1280736403081
4.45327604726101,499,493,-4.05496355047453,47.7240440858917,-20.82079938009,-26.9032447058017
4.45542427497315,499,490,-18.717720148715,55.0554223850119,-13.4894210809697,-41.5660013040422
4.45757250268528,499,489,-23.6053056814618,57.4992151513853,-11.0456283145963,-46.453586836789
4.45972073039742,496,487,-18.717720148715,69.7181789832524,-20.82079938009,-48.8973796031624
4.46186895810956,492,489,10.6077930477659,74.6057645159992,-45.258727043824,-29.3470374721752
4.4640171858217,496,491,0.832621982272293,59.9430079177587,-30.5959704455836,-29.3470374721752
4.46616541353383,497,492,0.8326219822723,55.0554223850119,-28.1521776792102,-26.9032447058017
4.46831364124597,500,495,0.832621982272293,40.3926657867715,-20.82079938009,-19.5718664066815
4.47046186895811,500,493,-8.94254908322134,45.2802513195183,-15.9332138473431,-29.3470374721752
4.47261009667025,501,492,-18.717720148715,45.2802513195183,-8.60183554822292,-36.6784157712954
4.47475832438238,502,492,-23.6053056814618,42.8364585531449,-3.7142500154761,-39.1222085376688
4.47690655209452,502,492,-23.6053056814618,42.8364585531449,-3.7142500154761,-39.1222085376688
4.47905477980666,506,495,-28.4928912142086,25.729909188531,8.50471381639095,-34.234623004922
4.4812030075188,504,497,-8.94254908322134,25.729909188531,-6.1580427818495,-19.5718664066815
4.48335123523093,503,497,-4.05496355047452,28.1737019549044,-11.0456283145963,-17.1280736403081
4.48549946294307,503,499,5.72020751501912,23.2861164221576,-15.9332138473431,-7.35290257481447
4.48764769065521,500,497,10.6077930477659,35.5050802540247,-25.7083849128368,-9.79669534118788
4.48979591836735,500,494,-4.05496355047452,42.8364585531449,-18.3770066137166,-24.4594519394283
4.49194414607948,501,494,-8.94254908322134,40.3926657867715,-13.4894210809697,-26.9032447058017
4.49409237379162,501,493,-13.8301346159682,42.8364585531449,-11.0456283145963,-31.7908302385486
4.49624060150376,500,496,5.72020751501912,37.9488730203981,-23.2645921464634,-14.6842808739347
4.4983888292159,505,498,-8.94254908322134,20.8423236557842,-3.71425001547609,-17.1280736403081
4.50053705692803,509,498,-28.4928912142086,11.0671525902906,15.8360921155112,-26.9032447058017
4.50268528464017,509,503,-4.05496355047452,-1.15181124157648,3.61712828364413,-2.46531704206765
4.50483351235231,510,504,-4.05496355047452,-6.0393967743233,6.06092105001754,-0.0215242756942402
4.50698174006445,511,500,-28.4928912142086,1.29198152479693,20.723677648258,-22.0156591730549
4.50912996777658,514,499,-48.0432333451959,-3.59560400794989,37.8302270128719,-34.234623004922
4.51127819548872,512,499,-38.2680622797022,1.29198152479693,28.0550559473782,-29.3470374721752
4.51342642320086,510,501,-18.717720148715,1.29198152479693,13.3922993491378,-14.6842808739347
4.515574650913,507,501,-4.05496355047452,8.62335982391715,-1.27045724910269,-7.35290257481447
4.51772287862513,506,502,5.72020751501912,8.62335982391715,-8.60183554822291,-0.0215242756942402
4.51987110633727,509,501,-13.8301346159682,3.73577429117034,8.50471381639095,-12.2404881075613
4.52201933404941,507,502,0.832621982272297,6.17956705754374,-3.71425001547609,-2.46531704206765
4.52416756176155,510,505,0.832621982272297,-8.48318954069671,3.61712828364413,4.86606125705258
4.52631578947368,514,503,-28.4928912142086,-13.3707750734435,28.0550559473782,-14.6842808739347
4.52846401718582,515,503,-33.3804767469554,-15.8145678398169,32.942641480125,-17.1280736403081
4.53061224489796,520,506,-43.1556478124491,-35.3649099708042,50.0491908447389,-14.6842808739347
4.5327604726101,523,512,-28.4928912142086,-57.3590448681649,50.0491908447389,7.30985402342599
4.53490870032223,525,511,-43.1556478124491,-59.8028376345383,62.268154676606,-2.46531704206765
4.53705692803437,527,513,-43.1556478124491,-69.5780087000319,67.1557402093528,2.42226849067917
4.53920515574651,529,514,-48.0432333451959,-76.9093869991522,74.487118508473,2.42226849067917
4.54135338345865,525,517,-13.8301346159682,-74.4655942327788,47.6053980783655,26.8601961544133
4.54350161117078,526,516,-23.6053056814618,-74.4655942327788,54.9367763774857,19.528817855293
4.54564983888292,525,513,-33.3804767469554,-64.6904231672851,57.3805691438591,7.30985402342598
4.54779806659506,526,515,-28.4928912142086,-72.0218014664053,57.3805691438591,14.6412323225462
4.5499462943072,527,519,-13.8301346159682,-84.2407652982724,52.4929836111123,31.7477816871601
4.55209452201933,525,519,-4.05496355047453,-79.3531797655256,42.7178125456187,36.6353672199069
4.55424274973147,528,520,-13.8301346159682,-89.1283508310192,54.9367763774857,34.1915744535335
4.55639097744361,528,521,-8.94254908322135,-91.5721435973926,52.4929836111123,39.0791599862803
4.55853920515575,527,521,-4.05496355047453,-89.1283508310192,47.6053980783655,41.5229527526537
4.56068743286788,525,518,-8.94254908322134,-76.9093869991522,45.1616053119921,31.7477816871601
4.56283566058002,524,515,-18.717720148715,-67.1342159336585,47.6053980783655,19.528817855293
4.56498388829216,528,516,-33.3804767469554,-79.3531797655256,64.7119474429794,14.6412323225462
4.5671321160043,528,521,-8.94254908322135,-91.5721435973926,52.4929836111123,39.0791599862803
4.56928034371643,528,520,-13.8301346159682,-89.1283508310192,54.9367763774857,34.1915744535335
4.57142857142857,528,521,-8.94254908322135,-91.5721435973926,52.4929836111123,39.0791599862803
4.57357679914071,529,522,-8.94254908322134,-96.4597291301395,54.9367763774857,41.5229527526537
4.57572502685285,536,525,-28.4928912142086,-120.897656793874,81.8184968075932,39.0791599862803
4.57787325456498,536,526,-23.6053056814618,-123.341449560247,79.3747040412198,43.9667455190271
4.58002148227712,538,524,-43.1556478124491,-123.341449560247,94.0374606394603,29.3039889207867
4.58216970998926,535,523,-33.3804767469554,-113.566278494753,81.8184968075932,31.7477816871601
4.5843179377014,532,524,-13.8301346159682,-108.678692962006,64.7119474429794,43.9667455190271
4.58646616541353,531,525,-4.05496355047453,-108.678692962006,57.3805691438591,51.2981238181474
4.58861439312567,532,525,-8.94254908322135,-111.12248572838,62.268154676606,48.8543310517739
4.59076262083781,528,526,15.4953785805127,-103.79110742926,40.2740197792453,63.5170876500144
4.59291084854995,528,526,15.4953785805127,-103.79110742926,40.2740197792453,63.5170876500144
4.59505907626208,532,528,5.72020751501911,-118.4538640275,54.9367763774857,63.5170876500144
4.59720730397422,534,525,-18.717720148715,-116.010071261127,72.0433257420996,43.9667455190271
4.59935553168636,535,524,-28.4928912142086,-116.010071261127,79.3747040412198,36.6353672199069
4.6015037593985,531,525,-4.05496355047453,-108.678692962006,57.3805691438591,51.2981238181474
4.60365198711063,527,524,10.6077930477659,-96.4597291301395,40.2740197792453,56.1857093508942
4.60580021482277,523,523,25.2705496460064,-84.2407652982724,23.1674704146314,61.073294883641
4.60794844253491,519,521,35.0457207115,-69.5780087000319,8.50471381639095,61.073294883641
4.61009667024705,521,521,25.2705496460064,-74.4655942327788,18.2798848818846,56.1857093508942
4.61224489795918,520,522,35.0457207115,-74.4655942327788,10.9485065827644,63.5170876500144
4.61439312567132,522,520,15.4953785805128,-74.4655942327788,25.6112631810048,48.854331051774
4.61654135338346,520,517,10.6077930477659,-62.2466304009117,23.1674704146314,39.0791599862803
4.6186895810956,517,514,10.6077930477659,-47.5838738026713,15.8360921155112,31.7477816871601
4.62083780880773,514,516,35.0457207115,-45.1400810362979,-3.7142500154761,48.854331051774
4.62298603651987,514,515,30.1581351787532,-42.6962882699244,-1.27045724910268,43.9667455190271
4.62513426423201,510,514,44.8208917769937,-30.4773244380574,-18.3770066137166,48.854331051774
4.62728249194415,509,512,39.9333062442469,-23.1459461389372,-18.3770066137166,41.5229527526537
4.62943071965628,507,512,49.7084773097405,-18.2583606061904,-28.1521776792102,46.4105382854005
4.63157894736842,506,509,39.9333062442469,-8.48318954069671,-25.7083849128368,34.1915744535335
4.63372717508056,507,508,30.1581351787532,-8.48318954069671,-18.3770066137166,26.8601961544133
4.6358754027927,504,505,30.1581351787532,6.17956705754374,-25.7083849128368,19.528817855293
4.63802363050483,500,504,44.8208917769937,18.3985308894108,-42.8149342774506,24.4164033880399
4.64017185821697,498,503,49.7084773097405,25.729909188531,-50.1463125765709,24.4164033880399
4.64232008592911,496,502,54.5960628424873,33.0612874876512,-57.4776908756911,24.4164033880399
4.64446831364125,498,502,44.8208917769937,28.1737019549044,-47.7025198101975,19.528817855293
4.64661654135338,497,503,54.5960628424873,28.1737019549044,-55.0338981093177,26.8601961544133
4.64876476906552,497,500,39.9333062442469,35.5050802540247,-47.7025198101975,12.1974395561728
4.65091299677766,491,496,49.7084773097405,59.9430079177587,-67.2528619411847,7.30985402342599
4.6530612244898,491,494,39.9333062442469,64.8305934505056,-62.3652764084379,-2.46531704206765
4.65520945220193,490,492,35.0457207115,72.1619717496258,-62.3652764084379,-9.79669534118787
4.65735767991407,493,495,35.0457207115,57.4992151513853,-55.0338981093177,-2.46531704206765
4.65950590762621,493,494,30.1581351787532,59.9430079177587,-52.5901053429443,-7.35290257481446
4.66165413533835,496,496,25.2705496460064,47.7240440858917,-42.8149342774506,-4.90910980844106
4.66380236305048,499,500,30.1581351787532,30.6174947212778,-37.9273487447038,7.30985402342599
4.66595059076262,501,498,10.6077930477659,30.6174947212778,-23.2645921464634,-7.35290257481447
4.66809881847476,501,496,0.8326219822723,35.5050802540247,-18.3770066137166,-17.1280736403081
4.6702470461869,503,495,-13.8301346159682,33.0612874876512,-6.1580427818495,-26.9032447058017
4.67239527389903,501,494,-8.94254908322134,40.3926657867715,-13.4894210809697,-26.9032447058017
4.67454350161117,498,493,0.832621982272293,50.1678368522651,-25.7083849128368,-24.4594519394283
4.67669172932331,497,496,20.3829641132596,45.2802513195183,-37.9273487447038,-7.35290257481446
4.67883995703545,493,494,30.1581351787532,59.9430079177587,-52.5901053429443,-7.35290257481446
4.68098818474758,492,494,35.0457207115,62.3868006841322,-57.4776908756911,-4.90910980844106
4.68313641245972,493,494,30.1581351787532,59.9430079177587,-52.5901053429443,-7.35290257481446
4.68528464017186,491,491,25.2705496460064,72.1619717496258,-55.0338981093177,-17.1280736403081
4.687432867884,491,488,10.6077930477659,79.493350048746,-47.7025198101975,-31.7908302385486
4.68958109559613,492,488,5.72020751501911,77.0495572823726,-42.8149342774506,-34.234623004922
4.69172932330827,494,490,5.72020751501913,67.274386216879,-37.9273487447038,-29.3470374721751
4.69387755102041,495,489,-4.05496355047453,67.274386216879,-30.5959704455836,-36.6784157712954
4.69602577873255,497,493,5.72020751501911,52.6116296186385,-30.5959704455836,-22.0156591730549
4.69817400644468,497,494,10.6077930477659,50.1678368522651,-33.039763211957,-17.1280736403081
4.70032223415682,497,495,15.4953785805127,47.7240440858917,-35.4835559783304,-12.2404881075613
4.70247046186896,497,493,5.72020751501911,52.6116296186385,-30.5959704455836,-22.0156591730549
4.7046186895811,497,492,0.8326219822723,55.0554223850119,-28.1521776792102,-26.9032447058017
4.70676691729323,499,492,-8.94254908322134,50.1678368522651,-18.3770066137166,-31.7908302385486
4.70891514500537,502,493,-18.717720148715,40.3926657867715,-6.1580427818495,-34.234623004922
4.71106337271751,500,494,-4.05496355047452,42.8364585531449,-18.3770066137166,-24.4594519394283
4.71321160042965,499,493,-4.05496355047453,47.7240440858917,-20.82079938009,-26.9032447058017
4.71535982814178,498,493,0.832621982272293,50.1678368522651,-25.7083849128368,-24.4594519394283
4.71750805585392,496,497,30.1581351787532,45.2802513195183,-45.2587270438241,-0.0215242756942402
4.71965628356606,497,493,5.72020751501911,52.6116296186385,-30.5959704455836,-22.0156591730549
4.7218045112782,496,491,0.832621982272293,59.9430079177587,-30.5959704455836,-29.3470374721752
4.72395273899033,496,492,5.72020751501912,57.4992151513853,-33.039763211957,-24.4594519394283
4.72610096670247,499,493,-4.05496355047453,47.7240440858917,-20.82079938009,-26.9032447058017
4.72824919441461,499,493,-4.05496355047453,47.7240440858917,-20.82079938009,-26.9032447058017
4.73039742212675,498,493,0.832621982272293,50.1678368522651,-25.7083849128368,-24.4594519394283
4.73254564983888,496,492,5.72020751501912,57.4992151513853,-33.039763211957,-24.4594519394283
4.73469387755102,496,496,25.2705496460064,47.7240440858917,-42.8149342774506,-4.90910980844106
4.73684210526316,494,492,15.4953785805128,62.3868006841322,-42.8149342774507,-19.5718664066815
4.7389903329753,494,491,10.6077930477659,64.8305934505056,-40.3711415110772,-24.4594519394283
4.74113856068743,497,491,-4.05496355047453,57.4992151513853,-25.7083849128368,-31.7908302385486
4.74328678839957,496,492,5.72020751501912,57.4992151513853,-33.039763211957,-24.4594519394283
4.74543501611171,495,490,0.8326219822723,64.8305934505056,-33.039763211957,-31.7908302385486
4.74758324382385,495,491,5.72020751501911,62.3868006841322,-35.4835559783304,-26.9032447058017
4.74973147153598,494,489,0.8326219822723,69.7181789832524,-35.4835559783304,-34.234623004922
4.75187969924812,495,491,5.72020751501911,62.3868006841322,-35.4835559783304,-26.9032447058017
4.75402792696026,498,492,-4.05496355047452,52.6116296186385,-23.2645921464634,-29.3470374721751
4.75617615467239,498,493,0.832621982272293,50.1678368522651,-25.7083849128368,-24.4594519394283
4.75832438238453,498,492,-4.05496355047452,52.6116296186385,-23.2645921464634,-29.3470374721751
4.76047261009667,496,490,-4.05496355047452,62.3868006841322,-28.1521776792102,-34.234623004922
4.76262083780881,493,487,-4.05496355047453,77.0495572823726,-35.4835559783304,-41.5660013040422
4.76476906552095,492,489,10.6077930477659,74.6057645159992,-45.258727043824,-29.3470374721752
4.76691729323308,492,490,15.4953785805127,72.1619717496258,-47.7025198101975,-24.4594519394283
4.76906552094522,499,491,-13.8301346159682,52.6116296186385,-15.9332138473431,-36.6784157712954
4.77121374865736,502,494,-13.8301346159682,37.9488730203981,-8.60183554822292,-29.3470374721751
4.77336197636949,503,497,-4.05496355047452,28.1737019549044,-11.0456283145963,-17.1280736403081
4.77551020408163,507,497,-23.6053056814618,18.3985308894108,8.50471381639095,-26.9032447058017
4.77765843179377,510,497,-38.2680622797022,11.0671525902906,23.1674704146314,-34.234623004922
4.77980665950591,506,495,-28.4928912142086,25.729909188531,8.50471381639095,-34.234623004922
4.78195488721805,505,496,-18.717720148715,25.729909188531,1.17333551727072,-26.9032447058017
4.78410311493018,504,497,-8.94254908322134,25.729909188531,-6.1580427818495,-19.5718664066815
4.78625134264232,501,496,0.8326219822723,35.5050802540247,-18.3770066137166,-17.1280736403081
4.78839957035446,501,496,0.8326219822723,35.5050802540247,-18.3770066137166,-17.1280736403081
4.7905477980666,501,497,5.72020751501912,33.0612874876512,-20.82079938009,-12.2404881075613
4.79269602577873,506,499,-8.94254908322134,15.9547381230374,-1.27045724910269,-14.6842808739347
4.79484425349087,509,499,-23.6053056814618,8.62335982391715,13.3922993491378,-22.0156591730549
4.79699248120301,509,498,-28.4928912142086,11.0671525902906,15.8360921155112,-26.9032447058017
4.79914070891514,511,499,-33.3804767469554,3.73577429117034,23.1674704146314,-26.9032447058017
4.80128893662728,511,501,-23.6053056814618,-1.15181124157648,18.2798848818846,-17.1280736403081
4.80343716433942,512,503,-18.717720148715,-8.48318954069671,18.2798848818846,-9.79669534118788
4.80558539205156,511,504,-8.94254908322134,-8.48318954069671,10.9485065827644,-2.46531704206765
4.8077336197637,511,505,-4.05496355047452,-10.9269823070701,8.50471381639095,2.42226849067917
4.80988184747583,512,504,-13.8301346159682,-10.9269823070701,15.8360921155112,-4.90910980844106
4.81203007518797,510,503,-8.94254908322134,-3.59560400794989,8.50471381639095,-4.90910980844106
4.81417830290011,511,502,-18.717720148715,-3.59560400794989,15.8360921155112,-12.2404881075613
4.81632653061224,514,502,-33.3804767469554,-10.9269823070701,30.4988487137516,-19.5718664066815
4.81847475832438,515,503,-33.3804767469554,-15.8145678398169,32.942641480125,-17.1280736403081
4.82062298603652,515,507,-13.8301346159682,-25.5897389053106,23.1674704146314,2.42226849067917
4.82277121374866,515,509,-4.05496355047452,-30.4773244380574,18.2798848818846,12.1974395561728
4.82491944146079,517,509,-13.8301346159682,-35.3649099708042,28.0550559473782,7.30985402342599
4.82706766917293,517,511,-4.05496355047453,-40.252495503551,23.1674704146314,17.0850250889196
4.82921589688507,515,507,-13.8301346159682,-25.5897389053106,23.1674704146314,2.42226849067917
4.83136412459721,516,505,-28.4928912142086,-23.1459461389372,32.942641480125,-9.79669534118788
4.83351235230935,518,505,-38.2680622797022,-28.033531671684,42.7178125456187,-14.6842808739347
4.83566058002148,516,507,-18.717720148715,-28.033531671684,28.0550559473782,-0.0215242756942402
4.83780880773362,514,507,-8.94254908322134,-23.1459461389372,18.2798848818846,4.86606125705258
4.83995703544576,509,509,25.2705496460064,-15.8145678398169,-11.0456283145963,26.8601961544133
4.84210526315789,507,505,15.4953785805128,-1.15181124157648,-11.0456283145963,12.1974395561728
4.84425349087003,509,505,5.72020751501912,-6.0393967743233,-1.27045724910269,7.30985402342599
4.84640171858217,507,503,5.72020751501912,3.73577429117034,-6.1580427818495,2.42226849067917
4.84854994629431,507,505,15.4953785805128,-1.15181124157648,-11.0456283145963,12.1974395561728
4.85069817400644,506,499,-8.94254908322134,15.9547381230374,-1.27045724910269,-14.6842808739347
4.85284640171858,502,499,10.6077930477659,25.729909188531,-20.82079938009,-4.90910980844106
4.85499462943072,499,500,30.1581351787532,30.6174947212778,-37.9273487447038,7.30985402342599
4.85714285714286,495,499,44.8208917769937,42.8364585531449,-55.0338981093177,12.1974395561728
4.85929108485499,492,496,44.8208917769937,57.4992151513853,-62.3652764084379,4.86606125705258
4.86143931256713,495,498,39.9333062442469,45.2802513195183,-52.5901053429443,7.30985402342599
4.86358754027927,496,497,30.1581351787532,45.2802513195183,-45.2587270438241,-0.0215242756942402
4.86573576799141,500,496,5.72020751501912,37.9488730203981,-23.2645921464634,-14.6842808739347
4.86788399570354,501,495,-4.05496355047453,37.9488730203981,-15.9332138473431,-22.0156591730549
4.87003222341568,503,495,-13.8301346159682,33.0612874876512,-6.1580427818495,-26.9032447058017
4.87218045112782,499,497,15.4953785805128,37.9488730203981,-30.5959704455836,-7.35290257481447
4.87432867883996,495,495,25.2705496460064,52.6116296186385,-45.2587270438241,-7.35290257481447
4.87647690655209,488,493,49.7084773097405,74.6057645159992,-74.584240240305,-0.0215242756942473
4.87862513426423,486,491,49.7084773097405,84.3809355814928,-79.4718257730518,-4.90910980844106
4.88077336197637,482,489,59.4836483752341,99.0436921797333,-94.1345823712923,-4.90910980844106
4.88292158968851,484,486,35.0457207115,101.487484946107,-77.0280330066784,-24.4594519394283
4.88506981740064,483,484,30.1581351787532,108.818863245227,-77.0280330066784,-31.7908302385486
4.88721804511278,485,484,20.3829641132596,103.93127771248,-67.2528619411847,-36.6784157712954
4.88936627282492,490,483,-8.94254908322134,94.1561066469865,-40.3711415110772,-53.7849651359092
4.89151450053706,494,489,0.8326219822723,69.7181789832524,-35.4835559783304,-34.234623004922
4.89366272824919,498,490,-13.8301346159682,57.4992151513853,-18.3770066137166,-39.1222085376688
4.89581095596133,500,492,-13.8301346159682,47.7240440858917,-13.4894210809697,-34.234623004922
4.89795918367347,500,493,-8.94254908322134,45.2802513195183,-15.9332138473431,-29.3470374721752
4.90010741138561,500,492,-13.8301346159682,47.7240440858917,-13.4894210809697,-34.234623004922
4.90225563909774,501,491,-23.6053056814618,47.7240440858917,-6.1580427818495,-41.5660013040422
4.90440386680988,499,490,-18.717720148715,55.0554223850119,-13.4894210809697,-41.5660013040422
4.90655209452202,493,488,0.8326219822723,74.6057645159992,-37.9273487447038,-36.6784157712954
4.90870032223416,490,488,15.4953785805128,81.9371428151194,-52.5901053429443,-29.3470374721751
4.91084854994629,490,489,20.3829641132596,79.493350048746,-55.0338981093177,-24.4594519394283
4.91299677765843,489,488,20.3829641132596,84.3809355814928,-57.4776908756911,-26.9032447058017
4.91514500537057,487,489,35.0457207115,86.8247283478663,-69.6966547075581,-17.1280736403081
4.91729323308271,482,486,44.8208917769937,106.375070478854,-86.803204072172,-19.5718664066815
4.91944146079484,479,484,49.7084773097409,118.594034310721,-96.5783751376661,-22.0156591730547
4.92158968850698,481,481,25.2705496460064,121.037827077094,-79.4718257730518,-41.5660013040422
4.92373791621912,483,481,15.4953785805127,116.150241544347,-69.6966547075581,-46.453586836789
4.92588614393126,485,483,15.4953785805127,106.375070478854,-64.8090691748113,-41.5660013040422
4.92803437164339,484,484,25.2705496460064,106.375070478854,-72.1404474739315,-34.234623004922
4.93018259935553,489,485,5.72020751501911,91.7123138806131,-50.1463125765709,-41.5660013040422
4.93233082706767,493,487,-4.05496355047453,77.0495572823726,-35.4835559783304,-41.5660013040422
4.93447905477981,501,491,-23.6053056814618,47.7240440858917,-6.1580427818495,-41.5660013040422
4.93662728249194,512,495,-57.8184044106895,11.0671525902906,37.8302270128719,-48.8973796031624
4.93877551020408,528,499,-116.469430803651,-37.8087027371776,106.256424471327,-68.4477217341497
4.94092373791622,544,507,-155.570115065626,-96.4597291301395,164.907450864289,-68.4477217341497
4.94307196562836,564,519,-194.6707993276,-174.661097654089,233.333648322745,-58.6725506686561
4.94522019334049,582,533,-214.221141458588,-252.862466178038,287.09708918296,-34.2346230049222
4.94736842105263,598,542,-248.434240187816,-313.957285337373,343.304322809548,-29.3470374721754
4.94951664876477,612,552,-267.984582318803,-372.608311730335,387.29259260427,-14.6842808739349
4.95166487647691,617,562,-243.546654655069,-409.265203225936,387.29259260427,21.9726106216662
4.95381310418904,620,566,-238.659069122322,-426.37175259055,392.180178137017,34.1915744535332
4.95596133190118,607,565,-180.00804272936,-392.158653861322,331.085358977681,61.0732948836408
4.95810955961332,591,560,-126.244601869145,-340.839005767481,265.102954285599,75.7360514818812
4.96025778732546,565,553,-33.3804767469554,-260.193844477158,155.132279798796,105.061564678362
4.96240601503759,534,543,69.2588194407278,-159.998341055848,28.0550559473782,131.94328510847
4.96455424274973,511,531,123.022260300943,-74.4655942327788,-55.0338981093177,129.499492342096
4.96670247046187,499,525,152.347773497424,-30.4773244380574,-99.0221679040391,129.499492342096
4.96885069817401,497,522,147.460187964677,-18.2583606061904,-101.465960670412,119.724321276603
4.97099892588614,493,520,157.235359030171,-3.59560400794989,-116.128717268653,119.724321276603
4.97314715359828,488,510,132.797431366436,33.0612874876512,-116.128717268653,83.0674297810017
4.97529538131042,484,503,118.134674768196,59.9430079177587,-118.572510035026,58.6295021172676
4.97744360902256,482,502,123.022260300943,67.274386216879,-125.903888334147,58.6295021172676
4.97959183673469,488,503,98.5843326372087,50.1678368522651,-99.0221679040391,48.8543310517739
4.98174006444683,494,505,79.0339905062214,30.6174947212778,-74.584240240305,43.9667455190271
4.98388829215897,500,504,44.8208917769937,18.3985308894108,-42.8149342774506,24.4164033880399
4.98603651987111,505,507,35.0457207115,-1.15181124157648,-25.7083849128368,26.8601961544133
4.98818474758324,507,508,30.1581351787532,-8.48318954069671,-18.3770066137166,26.8601961544133
4.99033297529538,509,504,0.832621982272297,-3.59560400794989,1.17333551727072,2.42226849067917
4.99248120300752,507,502,0.832621982272297,6.17956705754374,-3.71425001547609,-2.46531704206765
4.99462943071966,509,503,-4.05496355047452,-1.15181124157648,3.61712828364413,-2.46531704206765
4.99677765843179,508,503,0.832621982272297,1.29198152479693,-1.27045724910269,-0.0215242756942402
4.99892588614393,506,504,15.4953785805128,3.73577429117034,-13.4894210809697,9.7536467897994
5.00107411385607,502,503,30.1581351787532,15.9547381230374,-30.5959704455836,14.6412323225462
5.00322234156821,499,501,35.0457207115,28.1737019549044,-40.3711415110772,12.1974395561728
5.00537056928034,493,499,54.5960628424873,47.7240440858917,-64.8090691748113,17.0850250889196
5.00751879699248,488,498,74.1464049734746,62.3868006841322,-86.803204072172,24.4164033880398
5.00966702470462,487,492,49.7084773097405,79.493350048746,-77.0280330066784,-2.46531704206765
5.01181525241676,489,490,30.1581351787532,79.493350048746,-62.3652764084379,-17.1280736403081
5.01396348012889,489,490,30.1581351787532,79.493350048746,-62.3652764084379,-17.1280736403081
5.01611170784103,492,494,35.0457207115,62.3868006841322,-57.4776908756911,-4.90910980844106
5.01825993555317,495,494,20.3829641132596,55.0554223850119,-42.8149342774506,-12.2404881075613
5.02040816326531,494,493,20.3829641132596,59.9430079177588,-45.2587270438241,-14.6842808739347
5.02255639097744,495,494,20.3829641132596,55.0554223850119,-42.8149342774506,-12.2404881075613
5.02470461868958,495,493,15.4953785805127,57.4992151513853,-40.3711415110772,-17.1280736403081
5.02685284640172,495,493,15.4953785805127,57.4992151513853,-40.3711415110772,-17.1280736403081
5.02900107411386,492,489,10.6077930477659,74.6057645159992,-45.258727043824,-29.3470374721752
5.03114930182599,493,489,5.72020751501911,72.1619717496258,-40.3711415110772,-31.7908302385486
5.03329752953813,493,492,20.3829641132596,64.8305934505056,-47.7025198101975,-17.1280736403081
5.03544575725027,490,490,25.2705496460064,77.0495572823726,-57.4776908756911,-19.5718664066815
5.03759398496241,491,489,15.4953785805127,77.0495572823726,-50.1463125765709,-26.9032447058017
5.03974221267454,487,490,39.9333062442469,84.3809355814928,-72.1404474739316,-12.2404881075613
5.04189044038668,486,489,39.9333062442469,89.2685211142397,-74.584240240305,-14.6842808739347
5.04403866809882,492,487,0.832621982272286,79.493350048746,-40.3711415110772,-39.1222085376688
5.04618689581096,494,489,0.8326219822723,69.7181789832524,-35.4835559783304,-34.234623004922
5.04833512352309,495,488,-8.94254908322134,69.7181789832524,-28.1521776792102,-41.5660013040422
5.05048335123523,497,491,-4.05496355047453,57.4992151513853,-25.7083849128368,-31.7908302385486
5.05263157894737,497,487,-23.6053056814618,67.274386216879,-15.9332138473431,-51.3411723695358
5.05477980665951,498,491,-8.94254908322134,55.0554223850119,-20.82079938009,-34.234623004922
5.05692803437164,502,494,-13.8301346159682,37.9488730203981,-8.60183554822292,-29.3470374721751
5.05907626208378,501,498,10.6077930477659,30.6174947212778,-23.2645921464634,-7.35290257481447
5.06122448979592,506,496,-23.6053056814618,23.2861164221576,6.06092105001754,-29.3470374721751
5.06337271750806,505,493,-33.3804767469554,33.0612874876512,8.50471381639095,-41.5660013040422
5.06552094522019,508,494,-43.1556478124491,23.2861164221576,20.723677648258,-44.0097940704156
5.06766917293233,506,498,-13.8301346159682,18.3985308894108,1.17333551727072,-19.5718664066815
5.06981740064447,502,496,-4.05496355047452,33.0612874876512,-13.4894210809697,-19.5718664066815
5.07196562835661,495,494,20.3829641132596,55.0554223850119,-42.8149342774506,-12.2404881075613
5.07411385606874,489,494,49.7084773097405,69.7181789832524,-72.1404474739316,2.42226849067917
5.07626208378088,494,494,25.2705496460064,57.4992151513853,-47.7025198101975,-9.79669534118787
5.07841031149302,500,496,5.72020751501912,37.9488730203981,-23.2645921464634,-14.6842808739347
5.08055853920516,509,497,-33.3804767469554,13.510945356664,18.2798848818846,-31.7908302385486
5.08270676691729,509,498,-28.4928912142086,11.0671525902906,15.8360921155112,-26.9032447058017
5.08485499462943,515,498,-57.8184044106895,-3.59560400794989,45.1616053119921,-41.5660013040422
5.08700322234157,512,502,-23.6053056814618,-6.0393967743233,20.723677648258,-14.6842808739347
5.08915145005371,513,502,-28.4928912142086,-8.48318954069671,25.6112631810048,-17.1280736403081
5.09129967776584,511,503,-13.8301346159682,-6.0393967743233,13.3922993491378,-7.35290257481447
5.09344790547798,515,506,-18.717720148715,-23.1459461389372,25.6112631810048,-2.46531704206765
5.09559613319012,515,507,-13.8301346159682,-25.5897389053106,23.1674704146314,2.42226849067917
5.09774436090226,514,505,-18.717720148715,-18.2583606061904,23.1674704146314,-4.90910980844106
5.09989258861439,516,504,-33.3804767469554,-20.7021533725638,35.3864342464985,-14.6842808739347
5.10204081632653,514,504,-23.6053056814618,-15.8145678398169,25.6112631810048,-9.79669534118788
5.10418904403867,513,504,-18.717720148715,-13.3707750734435,20.723677648258,-7.35290257481447
5.10633727175081,514,506,-13.8301346159682,-20.7021533725638,20.723677648258,-0.0215242756942402
5.10848549946294,513,508,0.832621982272297,-23.1459461389372,10.9485065827644,12.1974395561728
5.11063372717508,513,508,0.832621982272297,-23.1459461389372,10.9485065827644,12.1974395561728
5.11278195488722,514,509,0.832621982272297,-28.033531671684,13.3922993491378,14.6412323225462
5.11493018259936,514,507,-8.94254908322134,-23.1459461389372,18.2798848818846,4.86606125705258
5.11707841031149,517,508,-18.717720148715,-32.9211172044308,30.4988487137516,2.42226849067917
5.11922663802363,516,507,-18.717720148715,-28.033531671684,28.0550559473782,-0.0215242756942402
5.12137486573577,514,506,-13.8301346159682,-20.7021533725638,20.723677648258,-0.0215242756942402
5.12352309344791,512,506,-4.05496355047452,-15.8145678398169,10.9485065827644,4.86606125705258
5.12567132116004,514,509,0.832621982272297,-28.033531671684,13.3922993491378,14.6412323225462
5.12781954887218,517,509,-13.8301346159682,-35.3649099708042,28.0550559473782,7.30985402342599
5.12996777658432,520,511,-18.717720148715,-47.5838738026713,37.8302270128719,9.75364678979939
5.13211600429646,526,515,-28.4928912142086,-72.0218014664053,57.3805691438591,14.6412323225462
5.13426423200859,527,515,-33.3804767469554,-74.4655942327788,62.268154676606,12.1974395561728
5.13641245972073,532,515,-57.8184044106895,-86.6845580646458,86.7060823403401,-0.0215242756942473
5.13856068743287,529,518,-28.4928912142086,-86.6845580646458,64.7119474429794,21.9726106216664
5.14070891514501,532,519,-38.2680622797023,-96.4597291301395,76.9309112748464,19.528817855293
5.14285714285714,530,519,-28.4928912142086,-91.5721435973926,67.1557402093528,24.4164033880399
5.14500537056928,526,518,-13.8301346159681,-79.3531797655256,50.0491908447389,29.3039889207867
5.14715359828142,524,520,5.72020751501911,-79.3531797655256,35.3864342464985,43.9667455190271
5.14930182599356,522,520,15.4953785805128,-74.4655942327788,25.6112631810048,48.854331051774
5.15145005370569,524,518,-4.05496355047453,-74.4655942327788,40.2740197792453,34.1915744535335
5.15359828141783,523,515,-13.8301346159682,-64.6904231672851,42.7178125456187,21.9726106216664
5.15574650912997,528,517,-28.4928912142086,-81.796972531899,62.268154676606,19.528817855293
5.15789473684211,528,518,-23.6053056814618,-84.2407652982724,59.8243619102326,24.4164033880399
5.16004296455424,530,520,-23.6053056814618,-94.015936363766,64.7119474429794,29.3039889207867
5.16219119226638,538,525,-38.2680622797022,-125.78524232662,91.5936678730869,34.1915744535335
5.16433941997852,539,527,-33.3804767469555,-133.116620625741,91.5936678730869,41.5229527526537
5.16648764769065,538,528,-23.6053056814618,-133.116620625741,84.2622895739666,48.854331051774
5.16863587540279,534,526,-13.8301346159681,-118.4538640275,69.5995329757262,48.854331051774
5.17078410311493,537,525,-33.3804767469554,-123.341449560247,86.7060823403401,36.6353672199069
5.17293233082707,536,524,-33.3804767469554,-118.4538640275,84.2622895739667,34.1915744535335
5.17508055853921,537,524,-38.2680622797022,-120.897656793874,89.1498751067135,31.7477816871601
5.17722878625134,533,527,-4.05496355047453,-118.4538640275,62.268154676606,56.1857093508942
5.17937701396348,536,528,-13.8301346159682,-128.229035092994,74.487118508473,53.7419165845208
5.18152524167562,536,529,-8.94254908322135,-130.672827859367,72.0433257420996,58.6295021172676
5.18367346938776,535,530,0.832621982272315,-130.672827859367,64.7119474429794,65.9608804163878
5.18582169709989,532,529,10.6077930477659,-120.897656793874,52.4929836111123,68.4046731827612
5.18796992481203,533,527,-4.05496355047453,-118.4538640275,62.268154676606,56.1857093508942
5.19011815252417,527,526,20.3829641132596,-101.347314662886,35.3864342464985,65.9608804163878
5.1922663802363,527,523,5.72020751501911,-94.015936363766,42.7178125456187,51.2981238181474
5.19441460794844,525,523,15.4953785805127,-89.1283508310192,32.942641480125,56.1857093508942
5.19656283566058,527,524,10.6077930477659,-96.4597291301395,40.2740197792453,56.1857093508942
5.19871106337272,528,525,10.6077930477659,-101.347314662886,42.7178125456187,58.6295021172676
5.20085929108486,525,525,25.2705496460064,-94.015936363766,28.0550559473782,65.9608804163878
5.20300751879699,527,525,15.4953785805127,-98.9035218965129,37.8302270128719,61.073294883641
5.20515574650913,523,522,20.3829641132596,-81.796972531899,25.6112631810048,56.1857093508942
5.20730397422127,522,518,5.72020751501913,-69.5780087000319,30.4988487137516,39.0791599862803
5.2094522019334,513,515,35.0457207115,-40.252495503551,-6.1580427818495,46.4105382854005
5.21160042964554,509,512,39.9333062442469,-23.1459461389372,-18.3770066137166,41.5229527526537
5.21374865735768,505,510,49.7084773097405,-8.48318954069671,-33.039763211957,41.5229527526537
5.21589688506982,507,513,54.5960628424873,-20.7021533725638,-30.5959704455836,51.2981238181474
5.21804511278195,511,513,35.0457207115,-30.4773244380574,-11.0456283145963,41.5229527526537
5.22019334049409,511,512,30.1581351787532,-28.033531671684,-8.60183554822292,36.6353672199069
5.22234156820623,509,511,35.0457207115,-20.7021533725638,-15.9332138473431,36.6353672199069
5.22448979591837,510,507,10.6077930477659,-13.3707750734435,-1.27045724910269,14.6412323225462
5.22663802363051,508,507,20.3829641132596,-8.48318954069671,-11.0456283145963,19.528817855293
5.22878625134264,505,505,25.2705496460064,3.73577429117034,-20.82079938009,17.0850250889196
5.23093447905478,508,506,15.4953785805128,-6.0393967743233,-8.60183554822291,14.6412323225462
5.23308270676692,506,507,30.1581351787532,-3.59560400794989,-20.82079938009,24.4164033880399
5.23523093447905,504,505,30.1581351787532,6.17956705754374,-25.7083849128368,19.528817855293
5.23737916219119,500,506,54.5960628424873,13.510945356664,-47.7025198101975,34.1915744535335
5.23952738990333,499,502,39.9333062442469,25.729909188531,-42.8149342774506,17.0850250889196
5.24167561761547,497,500,39.9333062442469,35.5050802540247,-47.7025198101975,12.1974395561728
5.24382384532761,493,498,49.7084773097405,50.1678368522651,-62.3652764084379,12.1974395561728
5.24597207303974,492,496,44.8208917769937,57.4992151513853,-62.3652764084379,4.86606125705258
5.24812030075188,496,497,30.1581351787532,45.2802513195183,-45.2587270438241,-0.0215242756942402
5.25026852846402,493,497,44.8208917769937,52.6116296186385,-59.9214836420645,7.30985402342599
5.25241675617615,496,497,30.1581351787532,45.2802513195183,-45.2587270438241,-0.0215242756942402
5.25456498388829,495,497,35.0457207115,47.7240440858917,-50.1463125765709,2.42226849067917
5.25671321160043,493,496,39.9333062442469,55.0554223850119,-57.4776908756911,2.42226849067917
5.25886143931257,491,493,35.0457207115,67.274386216879,-59.9214836420645,-7.35290257481447
5.2610096670247,489,491,35.0457207115,77.0495572823726,-64.8090691748113,-12.2404881075613
5.26315789473684,490,488,15.4953785805128,81.9371428151194,-52.5901053429443,-29.3470374721751
5.26530612244898,491,489,15.4953785805127,77.0495572823726,-50.1463125765709,-26.9032447058017
5.26745435016112,495,491,5.72020751501911,62.3868006841322,-35.4835559783304,-26.9032447058017
5.26960257787325,496,496,25.2705496460064,47.7240440858917,-42.8149342774506,-4.90910980844106
5.27175080558539,494,492,15.4953785805128,62.3868006841322,-42.8149342774507,-19.5718664066815
5.27389903329753,497,494,10.6077930477659,50.1678368522651,-33.039763211957,-17.1280736403081
5.27604726100967,498,495,10.6077930477659,45.2802513195183,-30.5959704455836,-14.6842808739347
5.2781954887218,496,492,5.72020751501912,57.4992151513853,-33.039763211957,-24.4594519394283
5.28034371643394,497,490,-8.94254908322134,59.9430079177587,-23.2645921464634,-36.6784157712954
5.28249194414608,497,491,-4.05496355047453,57.4992151513853,-25.7083849128368,-31.7908302385486
5.28464017185822,498,493,0.832621982272293,50.1678368522651,-25.7083849128368,-24.4594519394283
5.28678839957035,500,497,10.6077930477659,35.5050802540247,-25.7083849128368,-9.79669534118788
5.28893662728249,501,497,5.72020751501912,33.0612874876512,-20.82079938009,-12.2404881075613
5.29108485499463,502,496,-4.05496355047452,33.0612874876512,-13.4894210809697,-19.5718664066815
5.29323308270677,500,496,5.72020751501912,37.9488730203981,-23.2645921464634,-14.6842808739347
5.2953813104189,504,496,-13.8301346159682,28.1737019549044,-3.7142500154761,-24.4594519394283
5.29752953813104,501,493,-13.8301346159682,42.8364585531449,-11.0456283145963,-31.7908302385486
5.29967776584318,500,493,-8.94254908322134,45.2802513195183,-15.9332138473431,-29.3470374721752
5.30182599355532,498,495,10.6077930477659,45.2802513195183,-30.5959704455836,-14.6842808739347
5.30397422126745,500,497,10.6077930477659,35.5050802540247,-25.7083849128368,-9.79669534118788
5.30612244897959,499,496,10.6077930477659,40.3926657867715,-28.1521776792102,-12.2404881075613
5.30827067669173,499,498,20.3829641132596,35.5050802540247,-33.039763211957,-2.46531704206765
5.31041890440387,494,495,30.1581351787532,55.0554223850119,-50.1463125765709,-4.90910980844106
5.312567132116,495,493,15.4953785805127,57.4992151513853,-40.3711415110772,-17.1280736403081
5.31471535982814,495,490,0.8326219822723,64.8305934505056,-33.039763211957,-31.7908302385486
5.31686358754028,493,489,5.72020751501911,72.1619717496258,-40.3711415110772,-31.7908302385486
5.31901181525242,496,490,-4.05496355047452,62.3868006841322,-28.1521776792102,-34.234623004922
5.32116004296455,498,494,5.72020751501912,47.7240440858917,-28.1521776792102,-19.5718664066815
5.32330827067669,500,493,-8.94254908322134,45.2802513195183,-15.9332138473431,-29.3470374721752
5.32545649838883,498,494,5.72020751501912,47.7240440858917,-28.1521776792102,-19.5718664066815
5.32760472610097,496,493,10.6077930477659,55.0554223850119,-35.4835559783304,-19.5718664066815
5.3297529538131,501,493,-13.8301346159682,42.8364585531449,-11.0456283145963,-31.7908302385486
5.33190118152524,500,491,-18.717720148715,50.1678368522651,-11.0456283145963,-39.1222085376688
5.33404940923738,496,491,0.832621982272293,59.9430079177587,-30.5959704455836,-29.3470374721752
5.33619763694952,493,490,10.6077930477659,69.7181789832524,-42.8149342774506,-26.9032447058017
5.33834586466165,489,488,20.3829641132596,84.3809355814928,-57.4776908756911,-26.9032447058017
5.34049409237379,489,489,25.2705496460064,81.9371428151194,-59.9214836420645,-22.0156591730549
5.34264232008593,491,490,20.3829641132596,74.6057645159992,-52.5901053429443,-22.0156591730549
5.34479054779807,493,491,15.4953785805127,67.274386216879,-45.2587270438241,-22.0156591730549
5.3469387755102,493,490,10.6077930477659,69.7181789832524,-42.8149342774506,-26.9032447058017
5.34908700322234,492,489,10.6077930477659,74.6057645159992,-45.258727043824,-29.3470374721752
5.35123523093448,497,487,-23.6053056814618,67.274386216879,-15.9332138473431,-51.3411723695358
5.35338345864662,498,490,-13.8301346159682,57.4992151513853,-18.3770066137166,-39.1222085376688
5.35553168635875,498,491,-8.94254908322134,55.0554223850119,-20.82079938009,-34.234623004922
5.35767991407089,500,494,-4.05496355047452,42.8364585531449,-18.3770066137166,-24.4594519394283
5.35982814178303,496,492,5.72020751501912,57.4992151513853,-33.039763211957,-24.4594519394283
5.36197636949517,498,492,-4.05496355047452,52.6116296186385,-23.2645921464634,-29.3470374721751
5.3641245972073,500,494,-4.05496355047452,42.8364585531449,-18.3770066137166,-24.4594519394283
5.36627282491944,499,493,-4.05496355047453,47.7240440858917,-20.82079938009,-26.9032447058017
5.36842105263158,506,494,-33.3804767469554,28.1737019549044,10.9485065827644,-39.1222085376688
5.37056928034372,505,494,-28.4928912142086,30.6174947212778,6.06092105001754,-36.6784157712954
5.37271750805585,504,495,-18.717720148715,30.6174947212778,-1.27045724910268,-29.3470374721752
5.37486573576799,503,497,-4.05496355047452,28.1737019549044,-11.0456283145963,-17.1280736403081
5.37701396348013,502,498,5.72020751501912,28.1737019549044,-18.3770066137166,-9.79669534118788
5.37916219119227,503,500,10.6077930477659,20.8423236557842,-18.3770066137166,-2.46531704206765
5.3813104189044,509,501,-13.8301346159682,3.73577429117034,8.50471381639095,-12.2404881075613
5.38345864661654,507,499,-13.8301346159682,13.510945356664,3.61712828364413,-17.1280736403081
5.38560687432868,509,500,-18.717720148715,6.17956705754374,10.9485065827644,-17.1280736403081
5.38775510204082,510,498,-33.3804767469554,8.62335982391715,20.723677648258,-29.3470374721752
5.38990332975295,507,500,-8.94254908322134,11.0671525902906,1.17333551727072,-12.2404881075613
5.39205155746509,508,500,-13.8301346159682,8.62335982391715,6.06092105001754,-14.6842808739347
5.39419978517723,506,499,-8.94254908322134,15.9547381230374,-1.27045724910269,-14.6842808739347
5.39634801288937,505,500,0.832621982272297,15.9547381230374,-8.60183554822291,-7.35290257481447
5.3984962406015,505,503,15.4953785805128,8.62335982391715,-15.9332138473431,7.30985402342599
5.40064446831364,509,503,-4.05496355047452,-1.15181124157648,3.61712828364413,-2.46531704206765
5.40279269602578,506,500,-4.05496355047452,13.510945356664,-3.71425001547609,-9.79669534118788
5.40494092373792,507,497,-23.6053056814618,18.3985308894108,8.50471381639095,-26.9032447058017
5.40708915145005,508,500,-13.8301346159682,8.62335982391715,6.06092105001754,-14.6842808739347
5.40923737916219,510,501,-18.717720148715,1.29198152479693,13.3922993491378,-14.6842808739347
5.41138560687433,514,504,-23.6053056814618,-15.8145678398169,25.6112631810048,-9.79669534118788
5.41353383458647,514,503,-28.4928912142086,-13.3707750734435,28.0550559473782,-14.6842808739347
5.4156820622986,513,506,-8.94254908322134,-18.2583606061904,15.8360921155112,2.42226849067917
5.41783029001074,512,507,0.832621982272297,-18.2583606061904,8.50471381639095,9.7536467897994
5.41997851772288,515,504,-28.4928912142086,-18.2583606061904,30.4988487137516,-12.2404881075613
5.42212674543502,514,504,-23.6053056814618,-15.8145678398169,25.6112631810048,-9.79669534118788
5.42427497314715,517,505,-33.3804767469554,-25.5897389053106,37.8302270128719,-12.2404881075613
5.42642320085929,522,509,-38.2680622797022,-47.5838738026713,52.4929836111123,-4.90910980844106
5.42857142857143,524,511,-38.2680622797023,-57.3590448681649,57.3805691438591,-0.0215242756942473
5.43071965628357,521,511,-23.6053056814618,-50.0276665690447,42.7178125456187,7.30985402342598
5.4328678839957,518,512,-4.05496355047452,-45.1400810362979,25.6112631810048,19.528817855293
5.43501611170784,508,507,20.3829641132596,-8.48318954069671,-11.0456283145963,19.528817855293
5.43716433941998,501,503,35.0457207115,18.3985308894108,-35.4835559783304,17.0850250889196
5.43931256713212,500,501,30.1581351787532,25.729909188531,-35.4835559783304,9.7536467897994
5.44146079484425,501,499,15.4953785805128,28.1737019549044,-25.7083849128368,-2.46531704206765
5.44360902255639,500,499,20.3829641132596,30.6174947212778,-30.5959704455836,-0.0215242756942402
5.44575725026853,505,503,15.4953785805128,8.62335982391715,-15.9332138473431,7.30985402342599
5.44790547798067,507,504,10.6077930477659,1.29198152479693,-8.60183554822291,7.30985402342599
5.4500537056928,508,505,10.6077930477659,-3.59560400794989,-6.1580427818495,9.7536467897994
5.45220193340494,507,505,15.4953785805128,-1.15181124157648,-11.0456283145963,12.1974395561728
5.45435016111708,504,502,15.4953785805128,13.510945356664,-18.3770066137166,4.86606125705258
5.45649838882922,501,502,30.1581351787532,20.8423236557842,-33.039763211957,12.1974395561728
5.45864661654135,498,498,25.2705496460064,37.9488730203981,-37.9273487447038,-0.0215242756942402
5.46079484425349,497,495,15.4953785805127,47.7240440858917,-35.4835559783304,-12.2404881075613
5.46294307196563,494,495,30.1581351787532,55.0554223850119,-50.1463125765709,-4.90910980844106
5.46509129967777,493,496,39.9333062442469,55.0554223850119,-57.4776908756911,2.42226849067917
5.4672395273899,492,495,39.9333062442468,59.9430079177587,-59.9214836420645,-0.0215242756942473
5.46938775510204,494,497,39.9333062442469,50.1678368522651,-55.0338981093177,4.86606125705258
5.47153598281418,496,496,25.2705496460064,47.7240440858917,-42.8149342774506,-4.90910980844106
5.47368421052632,497,494,10.6077930477659,50.1678368522651,-33.039763211957,-17.1280736403081
5.47583243823845,499,492,-8.94254908322134,50.1678368522651,-18.3770066137166,-31.7908302385486
5.47798066595059,500,494,-4.05496355047452,42.8364585531449,-18.3770066137166,-24.4594519394283
5.48012889366273,499,493,-4.05496355047453,47.7240440858917,-20.82079938009,-26.9032447058017
5.48227712137487,498,493,0.832621982272293,50.1678368522651,-25.7083849128368,-24.4594519394283
5.484425349087,496,494,15.4953785805128,52.6116296186385,-37.9273487447038,-14.6842808739347
5.48657357679914,494,495,30.1581351787532,55.0554223850119,-50.1463125765709,-4.90910980844106
5.48872180451128,487,490,39.9333062442469,84.3809355814928,-72.1404474739316,-12.2404881075613
5.49087003222342,487,487,25.2705496460064,91.7123138806131,-64.8090691748113,-26.9032447058017
5.49301825993555,486,486,25.2705496460064,96.5998994133599,-67.2528619411847,-29.3470374721751
5.49516648764769,488,488,25.2705496460064,86.8247283478663,-62.3652764084379,-24.4594519394283
5.49731471535983,490,486,5.72020751501913,86.8247283478663,-47.7025198101975,-39.1222085376688
5.49946294307197,490,487,10.6077930477659,84.3809355814928,-50.1463125765709,-34.234623004922
5.5016111707841,491,489,15.4953785805127,77.0495572823726,-50.1463125765709,-26.9032447058017
5.50375939849624,490,490,25.2705496460064,77.0495572823726,-57.4776908756911,-19.5718664066815
5.50590762620838,490,489,20.3829641132596,79.493350048746,-55.0338981093177,-24.4594519394283
5.50805585392052,489,488,20.3829641132596,84.3809355814928,-57.4776908756911,-26.9032447058017
5.51020408163265,490,486,5.72020751501913,86.8247283478663,-47.7025198101975,-39.1222085376688
5.51235230934479,489,486,10.6077930477659,89.2685211142397,-52.5901053429443,-36.6784157712954
5.51450053705693,487,482,0.8326219822723,103.93127771248,-52.5901053429443,-51.3411723695358
5.51664876476907,483,484,30.1581351787532,108.818863245227,-77.0280330066784,-31.7908302385486
5.5187969924812,483,484,30.1581351787532,108.818863245227,-77.0280330066784,-31.7908302385486
5.52094522019334,483,485,35.0457207115,106.375070478854,-79.4718257730518,-26.9032447058017
5.52309344790548,485,485,25.2705496460064,101.487484946107,-69.6966547075581,-31.7908302385486
5.52524167561762,488,487,20.3829641132596,89.2685211142397,-59.9214836420645,-29.3470374721752
5.52738990332975,496,488,-13.8301346159682,67.274386216879,-23.2645921464634,-44.0097940704156
5.52953813104189,505,490,-48.0432333451959,40.3926657867715,15.8360921155112,-56.2287579022827
5.53168635875403,520,494,-101.806674205411,-6.0393967743233,79.3747040412198,-73.3353072668965
5.53383458646617,534,504,-121.357016336398,-64.6904231672851,123.362973835941,-58.6725506686561
5.5359828141783,550,514,-150.682529532879,-128.229035092994,177.126414696156,-48.8973796031624
5.53813104189044,568,523,-194.6707993276,-194.211439785076,243.108819388238,-48.8973796031624
5.54027926960258,583,535,-209.333555925841,-260.193844477158,287.09708918296,-26.903244705802
5.54242749731472,600,544,-248.434240187816,-323.732456402867,348.191908342295,-24.4594519394286
5.54457572502685,611,555,-248.434240187816,-377.495897263082,375.073628772403,2.42226849067893
5.54672395273899,617,561,-248.434240187816,-406.821410459563,389.736385370643,17.0850250889194
5.54887218045113,614,563,-223.996312524082,-404.377617693189,370.186043239656,34.1915744535333
5.55102040816327,598,560,-160.457700598373,-357.945555132094,299.316053014827,58.6295021172674
5.5531686358754,577,558,-67.5935754761836,-301.738321505506,201.564342359891,100.173979145615
5.55531686358754,555,550,0.832621982272286,-228.424538514304,113.587802770448,114.836735743856
5.55746509129968,530,543,88.809161571715,-150.223169990354,8.50471381639095,141.718456173963
5.55961331901181,510,532,132.797431366436,-74.4655942327788,-62.3652764084379,136.830870641217
5.56176154672395,494,523,167.010530095664,-13.3707750734435,-118.572510035026,131.94328510847
5.56390977443609,481,512,176.785701161158,45.2802513195183,-155.229401530627,109.949150211109
5.56605800214823,474,506,181.673286693905,77.0495572823728,-174.779743661615,97.7301863792424
5.56820622986037,473,500,157.235359030171,94.1561066469867,-165.004572596122,70.8484659491349
5.5703544575725,476,502,152.347773497424,81.9371428151197,-155.229401530628,73.2922587155083
5.57250268528464,483,502,118.134674768196,64.8305934505056,-121.0163028014,56.1857093508942
5.57465091299678,492,504,83.9215760389682,37.9488730203981,-81.9156185394252,43.9667455190271
5.57679914070892,496,505,69.2588194407278,25.729909188531,-64.8090691748113,39.0791599862803
5.57894736842105,499,505,54.5960628424873,18.3985308894108,-50.1463125765709,31.7477816871601
5.58109559613319,499,502,39.9333062442469,25.729909188531,-42.8149342774506,17.0850250889196
5.58324382384533,497,499,35.0457207115,37.9488730203981,-45.2587270438241,7.30985402342599
5.58539205155746,494,494,25.2705496460064,57.4992151513853,-47.7025198101975,-9.79669534118787
5.5875402792696,492,495,39.9333062442468,59.9430079177587,-59.9214836420645,-0.0215242756942473
5.58968850698174,491,496,49.7084773097405,59.9430079177587,-67.2528619411847,7.30985402342599
5.59183673469388,490,497,59.4836483752341,59.9430079177588,-74.584240240305,14.6412323225462
5.59398496240602,486,493,59.4836483752341,79.493350048746,-84.3594113057986,4.86606125705258
5.59613319011815,482,491,69.2588194407278,94.1561066469865,-99.0221679040391,4.86606125705258
5.59828141783029,480,488,64.3712339079809,106.375070478854,-101.465960670412,-4.90910980844106
5.60042964554243,483,488,49.7084773097405,99.0436921797333,-86.803204072172,-12.2404881075613
5.60257787325456,491,487,5.72020751501911,81.9371428151194,-45.2587270438241,-36.6784157712954
5.6047261009667,496,489,-8.94254908322134,64.8305934505056,-25.7083849128368,-39.1222085376688
5.60687432867884,502,494,-13.8301346159682,37.9488730203981,-8.60183554822292,-29.3470374721751
5.60902255639098,505,499,-4.05496355047452,18.3985308894108,-6.1580427818495,-12.2404881075613
5.61117078410312,503,497,-4.05496355047452,28.1737019549044,-11.0456283145963,-17.1280736403081
5.61331901181525,500,496,5.72020751501912,37.9488730203981,-23.2645921464634,-14.6842808739347
5.61546723952739,499,495,5.72020751501911,42.8364585531449,-25.7083849128368,-17.1280736403081
5.61761546723953,495,492,10.6077930477659,59.9430079177587,-37.9273487447038,-22.0156591730549
5.61976369495166,492,488,5.72020751501911,77.0495572823726,-42.8149342774506,-34.234623004922
5.6219119226638,493,488,0.8326219822723,74.6057645159992,-37.9273487447038,-36.6784157712954
5.62406015037594,495,492,10.6077930477659,59.9430079177587,-37.9273487447038,-22.0156591730549
5.62620837808808,496,494,15.4953785805128,52.6116296186385,-37.9273487447038,-14.6842808739347
5.62835660580021,494,490,5.72020751501913,67.274386216879,-37.9273487447038,-29.3470374721751
5.63050483351235,494,492,15.4953785805128,62.3868006841322,-42.8149342774507,-19.5718664066815
5.63265306122449,495,494,20.3829641132596,55.0554223850119,-42.8149342774506,-12.2404881075613
5.63480128893663,499,496,10.6077930477659,40.3926657867715,-28.1521776792102,-12.2404881075613
5.63694951664877,500,492,-13.8301346159682,47.7240440858917,-13.4894210809697,-34.234623004922
5.6390977443609,501,490,-28.4928912142086,50.1678368522651,-3.7142500154761,-46.453586836789
5.64124597207304,500,492,-13.8301346159682,47.7240440858917,-13.4894210809697,-34.234623004922
5.64339419978518,499,493,-4.05496355047453,47.7240440858917,-20.82079938009,-26.9032447058017
5.64554242749731,500,497,10.6077930477659,35.5050802540247,-25.7083849128368,-9.79669534118788
5.64769065520945,497,496,20.3829641132596,45.2802513195183,-37.9273487447038,-7.35290257481446
5.64983888292159,498,496,15.4953785805128,42.8364585531449,-33.039763211957,-9.79669534118787
5.65198711063373,498,494,5.72020751501912,47.7240440858917,-28.1521776792102,-19.5718664066815
5.65413533834586,502,495,-8.94254908322134,35.5050802540247,-11.0456283145963,-24.4594519394283
5.656283566058,499,491,-13.8301346159682,52.6116296186385,-15.9332138473431,-36.6784157712954
5.65843179377014,500,493,-8.94254908322134,45.2802513195183,-15.9332138473431,-29.3470374721752
5.66058002148228,495,493,15.4953785805127,57.4992151513853,-40.3711415110772,-17.1280736403081
5.66272824919441,494,493,20.3829641132596,59.9430079177588,-45.2587270438241,-14.6842808739347
5.66487647690655,494,493,20.3829641132596,59.9430079177588,-45.2587270438241,-14.6842808739347
5.66702470461869,497,495,15.4953785805127,47.7240440858917,-35.4835559783304,-12.2404881075613
5.66917293233083,498,496,15.4953785805128,42.8364585531449,-33.039763211957,-9.79669534118787
5.67132116004296,500,493,-8.94254908322134,45.2802513195183,-15.9332138473431,-29.3470374721752
5.6734693877551,502,492,-23.6053056814618,42.8364585531449,-3.7142500154761,-39.1222085376688
5.67561761546724,506,496,-23.6053056814618,23.2861164221576,6.06092105001754,-29.3470374721751
5.67776584317938,509,498,-28.4928912142086,11.0671525902906,15.8360921155112,-26.9032447058017
5.67991407089151,509,500,-18.717720148715,6.17956705754374,10.9485065827644,-17.1280736403081
5.68206229860365,509,499,-23.6053056814618,8.62335982391715,13.3922993491378,-22.0156591730549
5.68421052631579,507,500,-8.94254908322134,11.0671525902906,1.17333551727072,-12.2404881075613
5.68635875402793,509,502,-8.94254908322134,1.29198152479693,6.06092105001754,-7.35290257481447
5.68850698174006,510,500,-23.6053056814618,3.73577429117034,15.8360921155112,-19.5718664066815
5.6906552094522,513,499,-43.1556478124491,-1.15181124157648,32.942641480125,-31.7908302385486
5.69280343716434,513,499,-43.1556478124491,-1.15181124157648,32.942641480125,-31.7908302385486
5.69495166487648,513,501,-33.3804767469554,-6.0393967743233,28.0550559473782,-22.0156591730549
5.69709989258861,515,506,-18.717720148715,-23.1459461389372,25.6112631810048,-2.46531704206765
5.69924812030075,511,504,-8.94254908322134,-8.48318954069671,10.9485065827644,-2.46531704206765
5.70139634801289,508,504,5.72020751501912,-1.15181124157648,-3.71425001547609,4.86606125705258
5.70354457572503,508,503,0.832621982272297,1.29198152479693,-1.27045724910269,-0.0215242756942402
5.70569280343716,510,506,5.72020751501912,-10.9269823070701,1.17333551727072,9.7536467897994
5.7078410311493,515,505,-23.6053056814618,-20.7021533725638,28.0550559473782,-7.35290257481447
5.70998925886144,520,504,-52.9308188779427,-30.4773244380574,54.9367763774857,-24.4594519394283
5.71213748657358,518,507,-28.4928912142086,-32.9211172044308,37.8302270128719,-4.90910980844106
5.71428571428571,520,510,-23.6053056814618,-45.1400810362979,40.2740197792453,4.86606125705258
5.71643394199785,523,510,-38.2680622797022,-52.4714593354181,54.9367763774857,-2.46531704206765
5.71858216970999,521,513,-13.8301346159682,-54.9152521017915,37.8302270128719,17.0850250889196
5.72073039742213,521,515,-4.05496355047453,-59.8028376345383,32.942641480125,26.8601961544133
5.72287862513426,523,515,-13.8301346159682,-64.6904231672851,42.7178125456187,21.9726106216664
5.7250268528464,522,512,-23.6053056814618,-54.9152521017915,45.1616053119921,9.7536467897994
5.72717508055854,520,511,-18.717720148715,-47.5838738026713,37.8302270128719,9.75364678979939
5.72932330827068,521,510,-28.4928912142086,-47.5838738026713,45.1616053119921,2.42226849067917
5.73147153598281,520,513,-8.94254908322134,-52.4714593354181,32.942641480125,19.528817855293
5.73361976369495,522,515,-8.94254908322134,-62.2466304009117,37.8302270128719,24.4164033880399
5.73576799140709,524,516,-13.8301346159682,-69.5780087000319,45.1616053119921,24.4164033880399
5.73791621911923,522,515,-8.94254908322134,-62.2466304009117,37.8302270128719,24.4164033880399
5.74006444683136,520,519,20.3829641132596,-67.1342159336585,18.2798848818846,48.8543310517739
5.7422126745435,524,515,-18.717720148715,-67.1342159336585,47.6053980783655,19.528817855293
5.74436090225564,527,515,-33.3804767469554,-74.4655942327788,62.268154676606,12.1974395561728
5.74650912996778,533,517,-52.9308188779427,-94.015936363766,86.7060823403401,7.30985402342598
5.74865735767991,533,520,-38.2680622797022,-101.347314662886,79.3747040412198,21.9726106216664
5.75080558539205,535,522,-38.2680622797022,-111.12248572838,84.2622895739666,26.8601961544133
5.75295381310419,535,524,-28.4928912142086,-116.010071261127,79.3747040412198,36.6353672199069
5.75510204081633,534,523,-28.4928912142086,-111.12248572838,76.9309112748464,34.1915744535335
5.75725026852846,535,523,-33.3804767469554,-113.566278494753,81.8184968075932,31.7477816871601
5.7593984962406,531,524,-8.94254908322134,-106.234900195633,59.8243619102325,46.4105382854005
5.76154672395274,527,519,-13.8301346159682,-84.2407652982724,52.4929836111123,31.7477816871601
5.76369495166488,522,518,5.72020751501913,-69.5780087000319,30.4988487137516,39.0791599862803
5.76584317937701,524,517,-8.94254908322135,-72.0218014664053,42.7178125456187,29.3039889207867
5.76799140708915,525,521,5.72020751501911,-84.2407652982724,37.8302270128719,46.4105382854005
5.77013963480129,531,524,-8.94254908322134,-106.234900195633,59.8243619102325,46.4105382854005
5.77228786251343,536,526,-23.6053056814618,-123.341449560247,79.3747040412198,43.9667455190271
5.77443609022556,535,529,-4.05496355047451,-128.229035092994,67.1557402093528,61.073294883641
5.7765843179377,534,529,0.8326219822723,-125.78524232662,62.268154676606,63.5170876500144
5.77873254564984,532,523,-18.717720148715,-106.234900195633,67.1557402093528,39.0791599862803
5.78088077336198,530,521,-18.717720148715,-96.4597291301394,62.268154676606,34.1915744535335
5.78302900107411,534,524,-23.6053056814618,-113.566278494753,74.487118508473,39.0791599862803
5.78517722878625,527,525,15.4953785805127,-98.9035218965129,37.8302270128719,61.073294883641
5.78732545649839,524,524,25.2705496460064,-89.1283508310192,25.6112631810048,63.5170876500144
5.78947368421053,524,523,20.3829641132596,-86.6845580646458,28.0550559473782,58.6295021172676
5.79162191192266,524,521,10.6077930477659,-81.796972531899,32.9426414801251,48.8543310517739
5.7937701396348,523,522,20.3829641132596,-81.796972531899,25.6112631810048,56.1857093508942
5.79591836734694,518,519,30.1581351787532,-62.2466304009117,8.50471381639095,53.7419165845208
5.79806659505908,515,515,25.2705496460064,-45.1400810362979,3.61712828364413,41.5229527526537
5.80021482277121,515,514,20.3829641132596,-42.6962882699244,6.06092105001754,36.6353672199069
5.80236305048335,515,516,30.1581351787532,-47.5838738026713,1.17333551727072,46.4105382854005
5.80451127819549,515,515,25.2705496460064,-45.1400810362979,3.61712828364413,41.5229527526537
5.80665950590763,522,519,10.6077930477659,-72.0218014664053,28.0550559473782,43.9667455190271
5.80880773361976,521,518,10.6077930477659,-67.1342159336585,25.6112631810048,41.5229527526537
5.8109559613319,516,516,25.2705496460064,-50.0276665690447,6.06092105001754,43.9667455190271
5.81310418904404,508,511,39.9333062442468,-18.2583606061903,-20.82079938009,39.0791599862803
5.81525241675618,500,505,49.7084773097405,15.9547381230374,-45.2587270438241,29.3039889207867
5.81740064446831,499,503,44.8208917769937,23.2861164221576,-45.2587270438241,21.9726106216664
5.81954887218045,499,504,49.7084773097405,20.8423236557842,-47.7025198101975,26.8601961544133
5.82169709989259,500,503,39.9333062442469,20.8423236557842,-40.3711415110772,19.528817855293
5.82384532760473,505,506,30.1581351787532,1.29198152479693,-23.2645921464634,21.9726106216664
5.82599355531686,505,505,25.2705496460064,3.73577429117034,-20.82079938009,17.0850250889196
5.828141783029,504,506,35.0457207115,3.73577429117034,-28.1521776792102,24.4164033880399
5.83029001074114,502,503,30.1581351787532,15.9547381230374,-30.5959704455836,14.6412323225462
5.83243823845328,502,502,25.2705496460064,18.3985308894108,-28.1521776792102,9.7536467897994
5.83458646616541,497,498,30.1581351787532,40.3926657867715,-42.8149342774506,2.42226849067917
5.83673469387755,498,498,25.2705496460064,37.9488730203981,-37.9273487447038,-0.0215242756942402
5.83888292158969,497,498,30.1581351787532,40.3926657867715,-42.8149342774506,2.42226849067917
5.84103114930183,494,496,35.0457207115,52.6116296186385,-52.5901053429443,-0.0215242756942331
5.84317937701396,492,494,35.0457207115,62.3868006841322,-57.4776908756911,-4.90910980844106
5.8453276047261,490,496,54.5960628424873,62.3868006841322,-72.1404474739316,9.7536467897994
5.84747583243824,489,494,49.7084773097405,69.7181789832524,-72.1404474739316,2.42226849067917
5.84962406015038,490,492,35.0457207115,72.1619717496258,-62.3652764084379,-9.79669534118787
5.85177228786251,492,490,15.4953785805127,72.1619717496258,-47.7025198101975,-24.4594519394283
5.85392051557465,491,489,15.4953785805127,77.0495572823726,-50.1463125765709,-26.9032447058017
5.85606874328679,489,488,20.3829641132596,84.3809355814928,-57.4776908756911,-26.9032447058017
5.85821697099893,488,489,30.1581351787532,84.3809355814928,-64.8090691748113,-19.5718664066815
5.86036519871106,487,488,30.1581351787532,89.2685211142397,-67.2528619411847,-22.0156591730549
5.8625134264232,491,489,15.4953785805127,77.0495572823726,-50.1463125765709,-26.9032447058017
5.86466165413534,492,492,25.2705496460064,67.274386216879,-52.5901053429443,-14.6842808739347
5.86680988184748,491,490,20.3829641132596,74.6057645159992,-52.5901053429443,-22.0156591730549
5.86895810955961,491,488,10.6077930477659,79.493350048746,-47.7025198101975,-31.7908302385486
5.87110633727175,494,487,-8.94254908322134,74.6057645159992,-30.5959704455836,-44.0097940704156
5.87325456498389,495,488,-8.94254908322134,69.7181789832524,-28.1521776792102,-41.5660013040422
5.87540279269603,497,490,-8.94254908322134,59.9430079177587,-23.2645921464634,-36.6784157712954
5.87755102040816,498,493,0.832621982272293,50.1678368522651,-25.7083849128368,-24.4594519394283
5.8796992481203,497,493,5.72020751501911,52.6116296186385,-30.5959704455836,-22.0156591730549
5.88184747583244,492,494,35.0457207115,62.3868006841322,-57.4776908756911,-4.90910980844106
5.88399570354458,492,492,25.2705496460064,67.274386216879,-52.5901053429443,-14.6842808739347
5.88614393125671,493,490,10.6077930477659,69.7181789832524,-42.8149342774506,-26.9032447058017
5.88829215896885,495,488,-8.94254908322134,69.7181789832524,-28.1521776792102,-41.5660013040422
5.89044038668099,499,492,-8.94254908322134,50.1678368522651,-18.3770066137166,-31.7908302385486
5.89258861439313,501,492,-18.717720148715,45.2802513195183,-8.60183554822292,-36.6784157712954
5.89473684210526,503,494,-18.717720148715,35.5050802540247,-3.7142500154761,-31.7908302385486
5.8968850698174,499,494,0.8326219822723,45.2802513195183,-23.2645921464634,-22.0156591730549
5.89903329752954,501,495,-4.05496355047453,37.9488730203981,-15.9332138473431,-22.0156591730549
5.90118152524168,499,494,0.8326219822723,45.2802513195183,-23.2645921464634,-22.0156591730549
5.90332975295381,495,490,0.8326219822723,64.8305934505056,-33.039763211957,-31.7908302385486
5.90547798066595,489,488,20.3829641132596,84.3809355814928,-57.4776908756911,-26.9032447058017
5.90762620837809,490,487,10.6077930477659,84.3809355814928,-50.1463125765709,-34.234623004922
5.90977443609023,495,489,-4.05496355047453,67.274386216879,-30.5959704455836,-36.6784157712954
5.91192266380236,497,491,-4.05496355047453,57.4992151513853,-25.7083849128368,-31.7908302385486
5.9140708915145,498,494,5.72020751501912,47.7240440858917,-28.1521776792102,-19.5718664066815
5.91621911922664,494,493,20.3829641132596,59.9430079177588,-45.2587270438241,-14.6842808739347
5.91836734693878,492,492,25.2705496460064,67.274386216879,-52.5901053429443,-14.6842808739347
5.92051557465091,492,489,10.6077930477659,74.6057645159992,-45.258727043824,-29.3470374721752
5.92266380236305,490,487,10.6077930477659,84.3809355814928,-50.1463125765709,-34.234623004922
5.92481203007519,491,488,10.6077930477659,79.493350048746,-47.7025198101975,-31.7908302385486
5.92696025778733,492,486,-4.05496355047453,81.9371428151194,-37.9273487447038,-44.0097940704156
5.92910848549946,493,489,5.72020751501911,72.1619717496258,-40.3711415110772,-31.7908302385486
5.9312567132116,492,490,15.4953785805127,72.1619717496258,-47.7025198101975,-24.4594519394283
5.93340494092374,493,491,15.4953785805127,67.274386216879,-45.2587270438241,-22.0156591730549
5.93555316863588,491,491,25.2705496460064,72.1619717496258,-55.0338981093177,-17.1280736403081
5.93770139634801,492,491,20.3829641132596,69.7181789832524,-50.1463125765709,-19.5718664066815
5.93984962406015,496,489,-8.94254908322134,64.8305934505056,-25.7083849128368,-39.1222085376688
5.94199785177229,499,491,-13.8301346159682,52.6116296186385,-15.9332138473431,-36.6784157712954
5.94414607948443,500,490,-23.6053056814618,52.6116296186385,-8.60183554822292,-44.0097940704156
5.94629430719656,502,493,-18.717720148715,40.3926657867715,-6.1580427818495,-34.234623004922
5.9484425349087,501,494,-8.94254908322134,40.3926657867715,-13.4894210809697,-26.9032447058017
5.95059076262084,502,494,-13.8301346159682,37.9488730203981,-8.60183554822292,-29.3470374721751
5.95273899033298,500,495,0.832621982272293,40.3926657867715,-20.82079938009,-19.5718664066815
5.95488721804511,501,496,0.8326219822723,35.5050802540247,-18.3770066137166,-17.1280736403081
5.95703544575725,500,493,-8.94254908322134,45.2802513195183,-15.9332138473431,-29.3470374721752
5.95918367346939,504,493,-28.4928912142086,35.5050802540247,3.61712828364413,-39.1222085376688
5.96133190118153,500,491,-18.717720148715,50.1678368522651,-11.0456283145963,-39.1222085376688
5.96348012889366,496,491,0.832621982272293,59.9430079177587,-30.5959704455836,-29.3470374721752
5.9656283566058,497,492,0.8326219822723,55.0554223850119,-28.1521776792102,-26.9032447058017
5.96777658431794,500,495,0.832621982272293,40.3926657867715,-20.82079938009,-19.5718664066815
5.96992481203007,498,495,10.6077930477659,45.2802513195183,-30.5959704455836,-14.6842808739347
5.97207303974221,500,495,0.832621982272293,40.3926657867715,-20.82079938009,-19.5718664066815
5.97422126745435,502,495,-8.94254908322134,35.5050802540247,-11.0456283145963,-24.4594519394283
5.97636949516649,504,494,-23.6053056814618,33.0612874876512,1.17333551727072,-34.234623004922
5.97851772287863,506,495,-28.4928912142086,25.729909188531,8.50471381639095,-34.234623004922
5.98066595059076,506,495,-28.4928912142086,25.729909188531,8.50471381639095,-34.234623004922
5.9828141783029,507,497,-23.6053056814618,18.3985308894108,8.50471381639095,-26.9032447058017
5.98496240601504,504,498,-4.05496355047452,23.2861164221576,-8.60183554822291,-14.6842808739347
5.98711063372718,506,501,0.832621982272297,11.0671525902906,-6.1580427818495,-4.90910980844106
5.98925886143931,508,502,-4.05496355047452,3.73577429117034,1.17333551727072,-4.90910980844106
5.99140708915145,507,501,-4.05496355047452,8.62335982391715,-1.27045724910269,-7.35290257481447
5.99355531686359,510,501,-18.717720148715,1.29198152479693,13.3922993491378,-14.6842808739347
5.99570354457572,515,503,-33.3804767469554,-15.8145678398169,32.942641480125,-17.1280736403081
5.99785177228786,515,502,-38.2680622797022,-13.3707750734435,35.3864342464985,-22.0156591730549
6,519,507,-33.3804767469554,-35.3649099708042,42.7178125456187,-7.35290257481447
6.00214822771214,520,508,-33.3804767469554,-40.252495503551,45.1616053119921,-4.90910980844106
6.00429645542428,519,510,-18.717720148715,-42.6962882699244,35.3864342464985,7.30985402342599
6.00644468313641,518,510,-13.8301346159682,-40.252495503551,30.4988487137516,9.7536467897994
6.00859291084855,517,511,-4.05496355047453,-40.252495503551,23.1674704146314,17.0850250889196
6.01074113856069,514,507,-8.94254908322134,-23.1459461389372,18.2798848818846,4.86606125705258
6.01288936627282,514,505,-18.717720148715,-18.2583606061904,23.1674704146314,-4.90910980844106
6.01503759398496,506,501,0.832621982272297,11.0671525902906,-6.1580427818495,-4.90910980844106
6.0171858216971,503,500,10.6077930477659,20.8423236557842,-18.3770066137166,-2.46531704206765
6.01933404940924,497,500,39.9333062442469,35.5050802540247,-47.7025198101975,12.1974395561728
6.02148227712137,496,501,49.7084773097405,35.5050802540247,-55.0338981093177,19.528817855293
6.02363050483351,502,501,20.3829641132596,20.8423236557842,-25.7083849128368,4.86606125705258
6.02577873254565,507,504,10.6077930477659,1.29198152479693,-8.60183554822291,7.30985402342599
6.02792696025779,511,504,-8.94254908322134,-8.48318954069671,10.9485065827644,-2.46531704206765
6.03007518796993,516,506,-23.6053056814618,-25.5897389053106,30.4988487137516,-4.90910980844106
6.03222341568206,515,504,-28.4928912142086,-18.2583606061904,30.4988487137516,-12.2404881075613
6.0343716433942,511,503,-13.8301346159682,-6.0393967743233,13.3922993491378,-7.35290257481447
6.03651987110634,508,504,5.72020751501912,-1.15181124157648,-3.71425001547609,4.86606125705258
6.03866809881847,501,506,49.7084773097405,11.0671525902906,-42.8149342774506,31.7477816871601
6.04081632653061,497,500,39.9333062442469,35.5050802540247,-47.7025198101975,12.1974395561728
6.04296455424275,495,499,44.8208917769937,42.8364585531449,-55.0338981093177,12.1974395561728
6.04511278195489,495,498,39.9333062442469,45.2802513195183,-52.5901053429443,7.30985402342599
6.04726100966702,495,494,20.3829641132596,55.0554223850119,-42.8149342774506,-12.2404881075613
6.04940923737916,494,492,15.4953785805128,62.3868006841322,-42.8149342774507,-19.5718664066815
6.0515574650913,496,491,0.832621982272293,59.9430079177587,-30.5959704455836,-29.3470374721752
6.05370569280344,494,491,10.6077930477659,64.8305934505056,-40.3711415110772,-24.4594519394283
6.05585392051557,495,496,30.1581351787532,50.1678368522651,-47.7025198101975,-2.46531704206765
6.05800214822771,495,491,5.72020751501911,62.3868006841322,-35.4835559783304,-26.9032447058017
6.06015037593985,492,493,30.1581351787532,64.8305934505056,-55.0338981093177,-9.79669534118788
6.06229860365199,493,493,25.2705496460064,62.3868006841322,-50.1463125765709,-12.2404881075613
6.06444683136412,490,492,35.0457207115,72.1619717496258,-62.3652764084379,-9.79669534118787
6.06659505907626,489,487,15.4953785805127,86.8247283478663,-55.0338981093177,-31.7908302385486
6.0687432867884,486,484,15.4953785805128,101.487484946107,-62.3652764084379,-39.1222085376688
6.07089151450054,487,486,20.3829641132596,94.1561066469865,-62.3652764084379,-31.7908302385486
6.07303974221267,487,486,20.3829641132596,94.1561066469865,-62.3652764084379,-31.7908302385486
6.07518796992481,485,486,30.1581351787532,99.0436921797333,-72.1404474739316,-26.9032447058017
6.07733619763695,487,488,30.1581351787532,89.2685211142397,-67.2528619411847,-22.0156591730549
6.07948442534909,487,487,25.2705496460064,91.7123138806131,-64.8090691748113,-26.9032447058017
6.08163265306122,487,485,15.4953785805127,96.5998994133599,-59.9214836420645,-36.6784157712954
6.08378088077336,485,483,15.4953785805127,106.375070478854,-64.8090691748113,-41.5660013040422
6.0859291084855,483,482,20.3829641132596,113.706448777974,-72.1404474739316,-41.5660013040422
6.08807733619764,486,482,5.72020751501913,106.375070478854,-57.4776908756911,-48.8973796031624
6.09022556390977,486,483,10.6077930477659,103.93127771248,-59.9214836420645,-44.0097940704156
6.09237379162191,489,485,5.72020751501911,91.7123138806131,-50.1463125765709,-41.5660013040422
6.09452201933405,485,484,20.3829641132596,103.93127771248,-67.2528619411847,-36.6784157712954
6.09667024704619,485,485,25.2705496460064,101.487484946107,-69.6966547075581,-31.7908302385486
6.09881847475832,482,483,30.1581351787532,113.706448777974,-79.4718257730518,-34.234623004922
6.10096670247046,482,480,15.4953785805128,121.037827077094,-72.1404474739316,-48.8973796031624
6.1031149301826,483,478,0.832621982271846,123.481619843468,-62.3652764084377,-61.1163434350299
6.10526315789474,485,480,0.8326219822723,113.706448777974,-57.4776908756911,-56.2287579022827
6.10741138560687,486,481,0.8326219822723,108.818863245227,-55.0338981093177,-53.7849651359092
6.10955961331901,488,485,10.6077930477659,94.1561066469865,-55.0338981093177,-39.1222085376688
6.11170784103115,490,484,-4.05496355047451,91.7123138806131,-42.8149342774507,-48.8973796031624
6.11385606874329,496,489,-8.94254908322134,64.8305934505056,-25.7083849128368,-39.1222085376688
6.11600429645542,504,491,-38.2680622797023,40.3926657867715,8.50471381639095,-48.8973796031624
6.11815252416756,514,496,-62.7059899434363,3.73577429117033,45.1616053119921,-48.8973796031624
6.1203007518797,531,498,-136.019772934639,-42.6962882699244,123.362973835941,-80.6666855660168
6.12244897959184,548,508,-170.232871663866,-108.678692962006,182.014000228903,-73.3353072668965
6.12459720730397,569,521,-209.333555925841,-191.767647018702,252.883990453732,-61.1163434350295
6.12674543501611,587,533,-238.659069122322,-265.081430009905,311.535016846694,-46.4535868367892
6.12889366272825,602,545,-253.321825720563,-331.063834701987,355.523286641415,-24.4594519394285
6.13104189044039,611,553,-258.20941125331,-372.608311730335,379.96121430515,-7.35290257481469
6.13319011815252,619,562,-253.321825720563,-414.152788758683,397.067763669764,17.0850250889194
6.13533834586466,613,565,-209.333555925841,-406.821410459563,360.410872174162,46.4105382854003
6.1374865735768,603,563,-170.232871663867,-377.495897263082,316.422602379441,61.0732948836408
6.13963480128894,588,558,-121.357016336399,-328.620041935614,255.327783220106,73.2922587155078
6.14178302900107,566,552,-43.1556478124491,-260.193844477158,162.463658097916,97.7301863792421
6.14393125671321,542,546,44.8208917769937,-186.880061485956,59.8243619102325,127.055699575723
6.14607948442535,522,537,98.5843326372087,-116.010071261127,-15.9332138473432,131.94328510847
6.14822771213749,501,527,152.347773497424,-40.252495503551,-94.1345823712922,134.387077874843
6.15037593984962,487,519,181.673286693905,13.510945356664,-143.01043769876,129.499492342096
6.15252416756176,479,515,201.223628824892,42.8364585531451,-172.335950895242,129.499492342097
6.1546723952739,482,507,147.460187964677,55.0554223850119,-138.122852166014,83.0674297810017
6.15682062298604,484,504,123.022260300943,57.4992151513853,-121.0163028014,63.5170876500144
6.15896885069817,487,504,108.359503702702,50.1678368522651,-106.353546203159,56.1857093508942
6.16111707841031,494,505,79.0339905062214,30.6174947212778,-74.584240240305,43.9667455190271
6.16326530612245,498,505,59.4836483752341,20.8423236557842,-55.0338981093177,34.1915744535335
6.16541353383459,497,505,64.3712339079809,23.2861164221576,-59.9214836420645,36.6353672199069
6.16756176154672,496,505,69.2588194407278,25.729909188531,-64.8090691748113,39.0791599862803
6.16970998925886,499,502,39.9333062442469,25.729909188531,-42.8149342774506,17.0850250889196
6.171858216971,498,500,35.0457207115,33.0612874876512,-42.8149342774506,9.7536467897994
6.17400644468314,499,499,25.2705496460064,33.0612874876512,-35.4835559783304,2.42226849067917
6.17615467239527,502,498,5.72020751501912,28.1737019549044,-18.3770066137166,-9.79669534118788
6.17830290010741,502,501,20.3829641132596,20.8423236557842,-25.7083849128368,4.86606125705258
6.18045112781955,503,498,0.832621982272297,25.729909188531,-13.4894210809697,-12.2404881075613
6.18259935553169,501,500,20.3829641132596,25.729909188531,-28.1521776792102,2.42226849067917
6.18474758324382,500,501,30.1581351787532,25.729909188531,-35.4835559783304,9.7536467897994
6.18689581095596,494,499,49.7084773097405,45.2802513195183,-59.9214836420645,14.6412323225462
6.1890440386681,494,498,44.8208917769937,47.7240440858917,-57.4776908756911,9.7536467897994
6.19119226638024,492,494,35.0457207115,62.3868006841322,-57.4776908756911,-4.90910980844106
6.19334049409237,492,491,20.3829641132596,69.7181789832524,-50.1463125765709,-19.5718664066815
6.19548872180451,490,489,20.3829641132596,79.493350048746,-55.0338981093177,-24.4594519394283
6.19763694951665,490,491,30.1581351787532,74.6057645159992,-59.9214836420645,-14.6842808739347
6.19978517722879,493,493,25.2705496460064,62.3868006841322,-50.1463125765709,-12.2404881075613
6.20193340494092,491,491,25.2705496460064,72.1619717496258,-55.0338981093177,-17.1280736403081
6.20408163265306,486,492,54.5960628424873,81.9371428151194,-81.9156185394252,-0.0215242756942331
6.2062298603652,488,491,39.9333062442468,79.493350048746,-69.6966547075581,-9.79669534118788
6.20837808807734,487,486,20.3829641132596,94.1561066469865,-62.3652764084379,-31.7908302385486
6.21052631578947,488,485,10.6077930477659,94.1561066469865,-55.0338981093177,-39.1222085376688
6.21267454350161,485,483,15.4953785805127,106.375070478854,-64.8090691748113,-41.5660013040422
6.21482277121375,486,487,30.1581351787532,94.1561066469865,-69.6966547075582,-24.4594519394283
6.21697099892589,488,487,20.3829641132596,89.2685211142397,-59.9214836420645,-29.3470374721752
6.21911922663802,493,487,-4.05496355047453,77.0495572823726,-35.4835559783304,-41.5660013040422
6.22126745435016,494,490,5.72020751501913,67.274386216879,-37.9273487447038,-29.3470374721751
6.2234156820623,496,492,5.72020751501912,57.4992151513853,-33.039763211957,-24.4594519394283
6.22556390977444,497,489,-13.8301346159682,62.3868006841322,-20.82079938009,-41.5660013040422
6.22771213748657,498,489,-18.717720148715,59.9430079177587,-15.9332138473431,-44.0097940704156
6.22986036519871,504,490,-43.1556478124491,42.8364585531449,10.9485065827644,-53.7849651359092
6.23200859291085,506,495,-28.4928912142086,25.729909188531,8.50471381639095,-34.234623004922
6.23415682062299,509,498,-28.4928912142086,11.0671525902906,15.8360921155112,-26.9032447058017
6.23630504833512,509,497,-33.3804767469554,13.510945356664,18.2798848818846,-31.7908302385486
6.23845327604726,506,499,-8.94254908322134,15.9547381230374,-1.27045724910269,-14.6842808739347
6.2406015037594,505,498,-8.94254908322134,20.8423236557842,-3.71425001547609,-17.1280736403081
6.24274973147154,503,496,-8.94254908322134,30.6174947212778,-8.60183554822292,-22.0156591730549
6.24489795918367,500,493,-8.94254908322134,45.2802513195183,-15.9332138473431,-29.3470374721752
6.24704618689581,504,495,-18.717720148715,30.6174947212778,-1.27045724910268,-29.3470374721752
6.24919441460795,502,495,-8.94254908322134,35.5050802540247,-11.0456283145963,-24.4594519394283
6.25134264232009,500,494,-4.05496355047452,42.8364585531449,-18.3770066137166,-24.4594519394283
6.25349087003222,498,495,10.6077930477659,45.2802513195183,-30.5959704455836,-14.6842808739347
6.25563909774436,497,495,15.4953785805127,47.7240440858917,-35.4835559783304,-12.2404881075613
6.2577873254565,495,497,35.0457207115,47.7240440858917,-50.1463125765709,2.42226849067917
6.25993555316864,499,496,10.6077930477659,40.3926657867715,-28.1521776792102,-12.2404881075613
6.26208378088077,506,499,-8.94254908322134,15.9547381230374,-1.27045724910269,-14.6842808739347
6.26423200859291,515,498,-57.8184044106895,-3.59560400794989,45.1616053119921,-41.5660013040422
6.26638023630505,517,501,-52.9308188779427,-15.8145678398169,47.6053980783655,-31.7908302385486
6.26852846401719,518,504,-43.1556478124491,-25.5897389053106,45.1616053119921,-19.5718664066815
6.27067669172932,516,504,-33.3804767469554,-20.7021533725638,35.3864342464985,-14.6842808739347
6.27282491944146,513,505,-13.8301346159682,-15.8145678398169,18.2798848818846,-2.46531704206765
6.2749731471536,515,508,-8.94254908322134,-28.033531671684,20.723677648258,7.30985402342599
6.27712137486574,512,507,0.832621982272297,-18.2583606061904,8.50471381639095,9.7536467897994
6.27926960257787,515,504,-28.4928912142086,-18.2583606061904,30.4988487137516,-12.2404881075613
6.28141783029001,513,502,-28.4928912142086,-8.48318954069671,25.6112631810048,-17.1280736403081
6.28356605800215,513,502,-28.4928912142086,-8.48318954069671,25.6112631810048,-17.1280736403081
6.28571428571429,510,503,-8.94254908322134,-3.59560400794989,8.50471381639095,-4.90910980844106
6.28786251342642,504,502,15.4953785805128,13.510945356664,-18.3770066137166,4.86606125705258
6.29001074113856,507,502,0.832621982272297,6.17956705754374,-3.71425001547609,-2.46531704206765
6.2921589688507,513,505,-13.8301346159682,-15.8145678398169,18.2798848818846,-2.46531704206765
6.29430719656284,516,507,-18.717720148715,-28.033531671684,28.0550559473782,-0.0215242756942402
6.29645542427497,522,509,-38.2680622797022,-47.5838738026713,52.4929836111123,-4.90910980844106
6.29860365198711,525,508,-57.8184044106895,-52.4714593354181,69.5995329757262,-17.1280736403081
6.30075187969925,524,510,-43.1556478124491,-54.9152521017915,59.8243619102326,-4.90910980844106
6.30290010741139,523,510,-38.2680622797022,-52.4714593354181,54.9367763774857,-2.46531704206765
6.30504833512352,518,510,-13.8301346159682,-40.252495503551,30.4988487137516,9.7536467897994
6.30719656283566,519,511,-13.8301346159682,-45.1400810362979,32.942641480125,12.1974395561728
6.3093447905478,518,513,0.832621982272293,-47.5838738026713,23.1674704146314,24.4164033880398
6.31149301825994,523,517,-4.05496355047453,-69.5780087000319,37.8302270128719,31.7477816871601
6.31364124597207,530,518,-33.3804767469554,-89.1283508310192,69.5995329757262,19.528817855293
6.31578947368421,533,519,-43.1556478124491,-98.9035218965129,81.8184968075932,17.0850250889196
6.31793770139635,535,519,-52.9308188779427,-103.79110742926,91.5936678730869,12.1974395561728
6.32008592910849,533,519,-43.1556478124491,-98.9035218965129,81.8184968075932,17.0850250889196
6.32223415682062,532,519,-38.2680622797023,-96.4597291301395,76.9309112748464,19.528817855293
6.32438238453276,531,520,-28.4928912142086,-96.4597291301395,69.5995329757262,26.8601961544133
6.3265306122449,533,523,-23.6053056814618,-108.678692962006,72.0433257420996,36.6353672199069
6.32867883995704,535,526,-18.717720148715,-120.897656793874,74.487118508473,46.4105382854005
6.33082706766917,534,524,-23.6053056814618,-113.566278494753,74.487118508473,39.0791599862803
6.33297529538131,535,524,-28.4928912142086,-116.010071261127,79.3747040412198,36.6353672199069
6.33512352309345,533,522,-28.4928912142086,-106.234900195633,74.487118508473,31.7477816871601
6.33727175080559,532,522,-23.6053056814618,-103.79110742926,69.5995329757262,34.1915744535335
6.33941997851772,531,522,-18.717720148715,-101.347314662886,64.7119474429794,36.6353672199069
6.34156820622986,530,523,-8.94254908322134,-101.347314662886,57.3805691438591,43.9667455190271
6.343716433942,529,524,0.8326219822723,-101.347314662886,50.0491908447389,51.2981238181474
6.34586466165414,530,525,0.8326219822723,-106.234900195633,52.4929836111123,53.7419165845208
6.34801288936627,533,526,-8.94254908322134,-116.010071261127,64.7119474429794,51.2981238181474
6.35016111707841,532,526,-4.05496355047453,-113.566278494753,59.8243619102326,53.7419165845208
6.35230934479055,532,525,-8.94254908322135,-111.12248572838,62.268154676606,48.8543310517739
6.35445757250269,529,525,5.72020751501911,-103.79110742926,47.6053980783655,56.1857093508942
6.35660580021482,528,522,-4.05496355047453,-94.015936363766,50.0491908447389,43.9667455190271
6.35875402792696,529,523,-4.05496355047453,-98.9035218965129,52.4929836111123,46.4105382854005
6.3609022556391,528,525,10.6077930477659,-101.347314662886,42.7178125456187,58.6295021172676
6.36305048335123,528,526,15.4953785805127,-103.79110742926,40.2740197792453,63.5170876500144
6.36519871106337,532,529,10.6077930477659,-120.897656793874,52.4929836111123,68.4046731827612
6.36734693877551,534,527,-8.94254908322134,-120.897656793874,67.1557402093528,53.7419165845208
6.36949516648765,532,524,-13.8301346159682,-108.678692962006,64.7119474429794,43.9667455190271
6.37164339419979,527,523,5.72020751501911,-94.015936363766,42.7178125456187,51.2981238181474
6.37379162191192,526,519,-8.94254908322134,-81.796972531899,47.6053980783655,34.1915744535335
6.37593984962406,529,524,0.8326219822723,-101.347314662886,50.0491908447389,51.2981238181474
6.3780880773362,532,525,-8.94254908322135,-111.12248572838,62.268154676606,48.8543310517739
6.38023630504834,532,526,-4.05496355047453,-113.566278494753,59.8243619102326,53.7419165845208
6.38238453276047,529,525,5.72020751501911,-103.79110742926,47.6053980783655,56.1857093508942
6.38453276047261,527,525,15.4953785805127,-98.9035218965129,37.8302270128719,61.073294883641
6.38668098818475,525,523,15.4953785805127,-89.1283508310192,32.942641480125,56.1857093508942
6.38882921589688,525,521,5.72020751501911,-84.2407652982724,37.8302270128719,46.4105382854005
6.39097744360902,523,517,-4.05496355047453,-69.5780087000319,37.8302270128719,31.7477816871601
6.39312567132116,521,518,10.6077930477659,-67.1342159336585,25.6112631810048,41.5229527526537
6.3952738990333,516,516,25.2705496460064,-50.0276665690447,6.06092105001754,43.9667455190271
6.39742212674544,514,518,44.8208917769937,-50.0276665690447,-8.60183554822292,58.6295021172676
6.39957035445757,512,517,49.7084773097405,-42.6962882699244,-15.9332138473431,58.6295021172676
6.40171858216971,508,513,49.7084773097405,-23.1459461389372,-25.7083849128368,48.8543310517739
6.40386680988185,505,510,49.7084773097405,-8.48318954069671,-33.039763211957,41.5229527526537
6.40601503759398,505,509,44.8208917769937,-6.0393967743233,-30.5959704455836,36.6353672199069
6.40816326530612,504,506,35.0457207115,3.73577429117034,-28.1521776792102,24.4164033880399
6.41031149301826,508,504,5.72020751501912,-1.15181124157648,-3.71425001547609,4.86606125705258
6.4124597207304,505,505,25.2705496460064,3.73577429117034,-20.82079938009,17.0850250889196
6.41460794844254,506,505,20.3829641132596,1.29198152479693,-15.9332138473431,14.6412323225462
6.41675617615467,501,507,54.5960628424873,8.62335982391715,-45.2587270438241,36.6353672199069
6.41890440386681,502,506,44.8208917769937,8.62335982391715,-37.9273487447038,29.3039889207867
6.42105263157895,503,505,35.0457207115,8.62335982391715,-30.5959704455836,21.9726106216664
6.42320085929108,504,501,10.6077930477659,15.9547381230374,-15.9332138473431,-0.0215242756942402
6.42534908700322,503,500,10.6077930477659,20.8423236557842,-18.3770066137166,-2.46531704206765
6.42749731471536,501,499,15.4953785805128,28.1737019549044,-25.7083849128368,-2.46531704206765
6.4296455424275,498,499,30.1581351787532,35.5050802540247,-40.3711415110772,4.86606125705258
6.43179377013963,498,500,35.0457207115,33.0612874876512,-42.8149342774506,9.7536467897994
6.43394199785177,498,498,25.2705496460064,37.9488730203981,-37.9273487447038,-0.0215242756942402
6.43609022556391,496,498,35.0457207115,42.8364585531449,-47.7025198101975,4.86606125705258
6.43823845327605,500,499,20.3829641132596,30.6174947212778,-30.5959704455836,-0.0215242756942402
6.44038668098819,497,497,25.2705496460064,42.8364585531449,-40.3711415110772,-2.46531704206765
6.44253490870032,497,495,15.4953785805127,47.7240440858917,-35.4835559783304,-12.2404881075613
6.44468313641246,496,493,10.6077930477659,55.0554223850119,-35.4835559783304,-19.5718664066815
6.4468313641246,495,493,15.4953785805127,57.4992151513853,-40.3711415110772,-17.1280736403081
6.44897959183673,496,494,15.4953785805128,52.6116296186385,-37.9273487447038,-14.6842808739347
6.45112781954887,491,492,30.1581351787532,69.7181789832524,-57.4776908756911,-12.2404881075613
6.45327604726101,492,492,25.2705496460064,67.274386216879,-52.5901053429443,-14.6842808739347
6.45542427497315,498,496,15.4953785805128,42.8364585531449,-33.039763211957,-9.79669534118787
6.45757250268528,498,495,10.6077930477659,45.2802513195183,-30.5959704455836,-14.6842808739347
6.45972073039742,498,493,0.832621982272293,50.1678368522651,-25.7083849128368,-24.4594519394283
6.46186895810956,498,492,-4.05496355047452,52.6116296186385,-23.2645921464634,-29.3470374721751
6.4640171858217,497,491,-4.05496355047453,57.4992151513853,-25.7083849128368,-31.7908302385486
6.46616541353383,496,495,20.3829641132596,50.1678368522651,-40.3711415110772,-9.79669534118788
6.46831364124597,496,493,10.6077930477659,55.0554223850119,-35.4835559783304,-19.5718664066815
6.47046186895811,496,494,15.4953785805128,52.6116296186385,-37.9273487447038,-14.6842808739347
6.47261009667025,495,495,25.2705496460064,52.6116296186385,-45.2587270438241,-7.35290257481447
6.47475832438238,500,495,0.832621982272293,40.3926657867715,-20.82079938009,-19.5718664066815
6.47690655209452,499,493,-4.05496355047453,47.7240440858917,-20.82079938009,-26.9032447058017
6.47905477980666,497,490,-8.94254908322134,59.9430079177587,-23.2645921464634,-36.6784157712954
6.4812030075188,494,491,10.6077930477659,64.8305934505056,-40.3711415110772,-24.4594519394283
6.48335123523093,493,492,20.3829641132596,64.8305934505056,-47.7025198101975,-17.1280736403081
6.48549946294307,492,491,20.3829641132596,69.7181789832524,-50.1463125765709,-19.5718664066815
6.48764769065521,496,492,5.72020751501912,57.4992151513853,-33.039763211957,-24.4594519394283
6.48979591836735,498,494,5.72020751501912,47.7240440858917,-28.1521776792102,-19.5718664066815
6.49194414607948,498,497,20.3829641132596,40.3926657867715,-35.4835559783304,-4.90910980844106
6.49409237379162,496,491,0.832621982272293,59.9430079177587,-30.5959704455836,-29.3470374721752
6.49624060150376,497,489,-13.8301346159682,62.3868006841322,-20.82079938009,-41.5660013040422
6.4983888292159,500,489,-28.4928912142086,55.0554223850119,-6.1580427818495,-48.8973796031624
6.50053705692803,501,491,-23.6053056814618,47.7240440858917,-6.1580427818495,-41.5660013040422
6.50268528464017,501,495,-4.05496355047453,37.9488730203981,-15.9332138473431,-22.0156591730549
6.50483351235231,502,494,-13.8301346159682,37.9488730203981,-8.60183554822292,-29.3470374721751
6.50698174006445,501,494,-8.94254908322134,40.3926657867715,-13.4894210809697,-26.9032447058017
6.50912996777658,500,497,10.6077930477659,35.5050802540247,-25.7083849128368,-9.79669534118788
6.51127819548872,501,494,-8.94254908322134,40.3926657867715,-13.4894210809697,-26.9032447058017
6.51342642320086,504,492,-33.3804767469554,37.9488730203981,6.06092105001754,-44.0097940704156
6.515574650913,503,492,-28.4928912142086,40.3926657867715,1.17333551727072,-41.5660013040422
6.51772287862513,499,493,-4.05496355047453,47.7240440858917,-20.82079938009,-26.9032447058017
6.51987110633727,503,496,-8.94254908322134,30.6174947212778,-8.60183554822292,-22.0156591730549
6.52201933404941,500,495,0.832621982272293,40.3926657867715,-20.82079938009,-19.5718664066815
6.52416756176155,502,496,-4.05496355047452,33.0612874876512,-13.4894210809697,-19.5718664066815
6.52631578947368,502,497,0.832621982272297,30.6174947212778,-15.9332138473431,-14.6842808739347
6.52846401718582,499,499,25.2705496460064,33.0612874876512,-35.4835559783304,2.42226849067917
6.53061224489796,502,495,-8.94254908322134,35.5050802540247,-11.0456283145963,-24.4594519394283
6.5327604726101,505,493,-33.3804767469554,33.0612874876512,8.50471381639095,-41.5660013040422
6.53490870032223,504,495,-18.717720148715,30.6174947212778,-1.27045724910268,-29.3470374721752
6.53705692803437,503,496,-8.94254908322134,30.6174947212778,-8.60183554822292,-22.0156591730549
6.53920515574651,504,497,-8.94254908322134,25.729909188531,-6.1580427818495,-19.5718664066815
6.54135338345865,505,498,-8.94254908322134,20.8423236557842,-3.71425001547609,-17.1280736403081
6.54350161117078,508,501,-8.94254908322134,6.17956705754374,3.61712828364413,-9.79669534118788
6.54564983888292,507,501,-4.05496355047452,8.62335982391715,-1.27045724910269,-7.35290257481447
6.54779806659506,508,499,-18.717720148715,11.0671525902906,8.50471381639095,-19.5718664066815
6.5499462943072,508,498,-23.6053056814618,13.510945356664,10.9485065827644,-24.4594519394283
6.55209452201933,507,498,-18.717720148715,15.9547381230374,6.06092105001754,-22.0156591730549
6.55424274973147,507,499,-13.8301346159682,13.510945356664,3.61712828364413,-17.1280736403081
6.55639097744361,506,501,0.832621982272297,11.0671525902906,-6.1580427818495,-4.90910980844106
6.55853920515575,508,501,-8.94254908322134,6.17956705754374,3.61712828364413,-9.79669534118788
6.56068743286788,509,503,-4.05496355047452,-1.15181124157648,3.61712828364413,-2.46531704206765
6.56283566058002,508,505,10.6077930477659,-3.59560400794989,-6.1580427818495,9.7536467897994
6.56498388829216,511,503,-13.8301346159682,-6.0393967743233,13.3922993491378,-7.35290257481447
6.5671321160043,512,502,-23.6053056814618,-6.0393967743233,20.723677648258,-14.6842808739347
6.56928034371643,513,503,-23.6053056814618,-10.9269823070701,23.1674704146314,-12.2404881075613
6.57142857142857,516,503,-38.2680622797022,-18.2583606061904,37.8302270128719,-19.5718664066815
6.57357679914071,520,505,-48.0432333451959,-32.9211172044308,52.4929836111123,-19.5718664066815
6.57572502685285,521,510,-28.4928912142086,-47.5838738026713,45.1616053119921,2.42226849067917
6.57787325456498,522,512,-23.6053056814618,-54.9152521017915,45.1616053119921,9.7536467897994
6.58002148227712,518,513,0.832621982272293,-47.5838738026713,23.1674704146314,24.4164033880398
6.58216970998926,521,511,-23.6053056814618,-50.0276665690447,42.7178125456187,7.30985402342598
6.5843179377014,520,510,-23.6053056814618,-45.1400810362979,40.2740197792453,4.86606125705258
6.58646616541353,520,508,-33.3804767469554,-40.252495503551,45.1616053119921,-4.90910980844106
6.58861439312567,518,511,-8.94254908322134,-42.6962882699244,28.0550559473782,14.6412323225462
6.59076262083781,516,510,-4.05496355047452,-35.3649099708042,20.723677648258,14.6412323225462
6.59291084854995,513,509,5.72020751501912,-25.5897389053106,8.50471381639095,17.0850250889196
6.59505907626208,512,508,5.72020751501912,-20.7021533725638,6.06092105001754,14.6412323225462
6.59720730397422,512,512,25.2705496460064,-30.4773244380574,-3.7142500154761,34.1915744535335
6.59935553168636,503,506,39.9333062442469,6.17956705754374,-33.039763211957,26.8601961544133
6.6015037593985,499,501,35.0457207115,28.1737019549044,-40.3711415110772,12.1974395561728
6.60365198711063,496,496,25.2705496460064,47.7240440858917,-42.8149342774506,-4.90910980844106
6.60580021482277,497,497,25.2705496460064,42.8364585531449,-40.3711415110772,-2.46531704206765
6.60794844253491,504,498,-4.05496355047452,23.2861164221576,-8.60183554822291,-14.6842808739347
6.61009667024705,511,502,-18.717720148715,-3.59560400794989,15.8360921155112,-12.2404881075613
6.61224489795918,512,505,-8.94254908322134,-13.3707750734435,13.3922993491378,-0.0215242756942402
6.61439312567132,513,506,-8.94254908322134,-18.2583606061904,15.8360921155112,2.42226849067917
6.61654135338346,511,506,0.832621982272297,-13.3707750734435,6.06092105001754,7.30985402342599
6.6186895810956,508,502,-4.05496355047452,3.73577429117034,1.17333551727072,-4.90910980844106
6.62083780880773,501,499,15.4953785805128,28.1737019549044,-25.7083849128368,-2.46531704206765
6.62298603651987,497,496,20.3829641132596,45.2802513195183,-37.9273487447038,-7.35290257481446
6.62513426423201,493,492,20.3829641132596,64.8305934505056,-47.7025198101975,-17.1280736403081
6.62728249194415,492,494,35.0457207115,62.3868006841322,-57.4776908756911,-4.90910980844106
6.62943071965628,494,495,30.1581351787532,55.0554223850119,-50.1463125765709,-4.90910980844106
6.63157894736842,497,496,20.3829641132596,45.2802513195183,-37.9273487447038,-7.35290257481446
6.63372717508056,499,497,15.4953785805128,37.9488730203981,-30.5959704455836,-7.35290257481447
6.6358754027927,496,496,25.2705496460064,47.7240440858917,-42.8149342774506,-4.90910980844106
6.63802363050483,494,494,25.2705496460064,57.4992151513853,-47.7025198101975,-9.79669534118787
6.64017185821697,496,491,0.832621982272293,59.9430079177587,-30.5959704455836,-29.3470374721752
6.64232008592911,497,491,-4.05496355047453,57.4992151513853,-25.7083849128368,-31.7908302385486
6.64446831364125,497,492,0.8326219822723,55.0554223850119,-28.1521776792102,-26.9032447058017
6.64661654135338,496,493,10.6077930477659,55.0554223850119,-35.4835559783304,-19.5718664066815
6.64876476906552,493,492,20.3829641132596,64.8305934505056,-47.7025198101975,-17.1280736403081
6.65091299677766,489,491,35.0457207115,77.0495572823726,-64.8090691748113,-12.2404881075613
6.6530612244898,491,490,20.3829641132596,74.6057645159992,-52.5901053429443,-22.0156591730549
6.65520945220193,493,489,5.72020751501911,72.1619717496258,-40.3711415110772,-31.7908302385486
6.65735767991407,497,488,-18.717720148715,64.8305934505056,-18.3770066137166,-46.453586836789
6.65950590762621,498,488,-23.6053056814618,62.3868006841322,-13.4894210809697,-48.8973796031624
6.66165413533835,497,489,-13.8301346159682,62.3868006841322,-20.82079938009,-41.5660013040422
6.66380236305048,495,490,0.8326219822723,64.8305934505056,-33.039763211957,-31.7908302385486
6.66595059076262,493,490,10.6077930477659,69.7181789832524,-42.8149342774506,-26.9032447058017
6.66809881847476,488,489,30.1581351787532,84.3809355814928,-64.8090691748113,-19.5718664066815
6.6702470461869,491,489,15.4953785805127,77.0495572823726,-50.1463125765709,-26.9032447058017
6.67239527389903,490,487,10.6077930477659,84.3809355814928,-50.1463125765709,-34.234623004922
6.67454350161117,490,485,0.8326219822723,89.2685211142397,-45.2587270438241,-44.0097940704156
6.67669172932331,490,485,0.8326219822723,89.2685211142397,-45.2587270438241,-44.0097940704156
6.67883995703545,491,483,-13.8301346159682,91.7123138806131,-35.4835559783304,-56.2287579022827
6.68098818474758,489,484,0.8326219822723,94.1561066469865,-47.7025198101975,-46.453586836789
6.68313641245972,490,486,5.72020751501913,86.8247283478663,-47.7025198101975,-39.1222085376688
6.68528464017186,491,487,5.72020751501911,81.9371428151194,-45.2587270438241,-36.6784157712954
6.687432867884,496,491,0.832621982272293,59.9430079177587,-30.5959704455836,-29.3470374721752
6.68958109559613,504,491,-38.2680622797023,40.3926657867715,8.50471381639095,-48.8973796031624
6.69172932330827,512,495,-57.8184044106895,11.0671525902906,37.8302270128719,-48.8973796031624
6.69387755102041,530,501,-116.469430803651,-47.5838738026713,111.144010004074,-63.5601362014029
6.69602577873255,548,509,-165.34528613112,-111.12248572838,179.57020746253,-68.4477217341497
6.69817400644468,568,523,-194.6707993276,-194.211439785076,243.108819388238,-48.8973796031624
6.70032223415682,589,534,-243.546654655069,-272.412808309025,318.866395145814,-46.4535868367892
6.70247046186896,606,549,-253.321825720563,-350.614176832974,365.298457706909,-14.6842808739349
6.7046186895811,625,560,-292.422509982537,-423.927959824177,431.280862398991,-7.35290257481466
6.70676691729323,634,569,-292.422509982537,-467.916229618898,453.274997296352,14.641232322546
6.70891514500537,630,571,-263.096996786056,-463.028644086151,428.837069632618,34.1915744535333
6.71106337271751,619,571,-209.333555925841,-436.146923656044,375.073628772403,61.0732948836408
6.71321160042965,608,568,-170.232871663867,-401.933824926816,328.641566211308,73.2922587155078
6.71535982814178,584,562,-82.2563320744241,-328.620041935614,226.002270023625,102.617771911989
6.71750805585392,558,555,10.6077930477659,-247.974880645291,116.031595536821,131.94328510847
6.71965628356606,535,546,79.0339905062214,-169.773512121342,25.6112631810048,144.162248940337
6.7218045112782,515,537,132.797431366436,-98.9035218965129,-50.1463125765709,149.049834473084
6.72395273899033,501,529,162.122944562917,-45.1400810362979,-99.0221679040391,144.162248940337
6.72610096670247,493,520,157.235359030171,-3.59560400794989,-116.128717268653,119.724321276603
6.72824919441461,489,514,147.460187964677,20.8423236557842,-121.0163028014,100.173979145616
6.73039742212675,494,512,113.247089235449,13.510945356664,-91.6907896049188,78.1798442482549
6.73254564983888,500,511,79.0339905062214,1.29198152479693,-59.9214836420645,58.6295021172676
6.73469387755102,506,513,59.4836483752341,-18.2583606061903,-35.4835559783304,53.7419165845208
6.73684210526316,505,514,69.2588194407278,-18.2583606061904,-42.8149342774506,61.073294883641
6.7389903329753,507,515,64.3712339079809,-25.5897389053106,-35.4835559783304,61.073294883641
6.74113856068743,507,512,49.7084773097405,-18.2583606061904,-28.1521776792102,46.4105382854005
6.74328678839957,506,510,44.8208917769937,-10.9269823070701,-28.1521776792102,39.0791599862803
6.74543501611171,504,508,44.8208917769937,-1.15181124157648,-33.039763211957,34.1915744535335
6.74758324382385,507,507,25.2705496460064,-6.0393967743233,-15.9332138473431,21.9726106216664
6.74973147153598,503,503,25.2705496460064,13.510945356664,-25.7083849128368,12.1974395561728
6.75187969924812,500,502,35.0457207115,23.2861164221576,-37.9273487447038,14.6412323225462
6.75402792696026,499,501,35.0457207115,28.1737019549044,-40.3711415110772,12.1974395561728
6.75617615467239,493,500,59.4836483752341,45.2802513195183,-67.2528619411847,21.9726106216664
6.75832438238453,491,498,59.4836483752341,55.0554223850119,-72.1404474739316,17.0850250889196
6.76047261009667,491,498,59.4836483752341,55.0554223850119,-72.1404474739316,17.0850250889196
6.76262083780881,488,493,49.7084773097405,74.6057645159992,-74.584240240305,-0.0215242756942473
6.76476906552095,488,491,39.9333062442468,79.493350048746,-69.6966547075581,-9.79669534118788
6.76691729323308,489,490,30.1581351787532,79.493350048746,-62.3652764084379,-17.1280736403081
6.76906552094522,487,491,44.8208917769937,81.9371428151194,-74.584240240305,-7.35290257481447
6.77121374865736,490,491,30.1581351787532,74.6057645159992,-59.9214836420645,-14.6842808739347
6.77336197636949,490,492,35.0457207115,72.1619717496258,-62.3652764084379,-9.79669534118787
6.77551020408163,494,491,10.6077930477659,64.8305934505056,-40.3711415110772,-24.4594519394283
6.77765843179377,493,493,25.2705496460064,62.3868006841322,-50.1463125765709,-12.2404881075613
6.77980665950591,494,492,15.4953785805128,62.3868006841322,-42.8149342774507,-19.5718664066815
6.78195488721805,495,490,0.8326219822723,64.8305934505056,-33.039763211957,-31.7908302385486
6.78410311493018,497,489,-13.8301346159682,62.3868006841322,-20.82079938009,-41.5660013040422
6.78625134264232,499,492,-8.94254908322134,50.1678368522651,-18.3770066137166,-31.7908302385486
6.78839957035446,502,494,-13.8301346159682,37.9488730203981,-8.60183554822292,-29.3470374721751
6.7905477980666,499,494,0.8326219822723,45.2802513195183,-23.2645921464634,-22.0156591730549
6.79269602577873,498,492,-4.05496355047452,52.6116296186385,-23.2645921464634,-29.3470374721751
6.79484425349087,497,495,15.4953785805127,47.7240440858917,-35.4835559783304,-12.2404881075613
6.79699248120301,497,495,15.4953785805127,47.7240440858917,-35.4835559783304,-12.2404881075613
6.79914070891514,496,492,5.72020751501912,57.4992151513853,-33.039763211957,-24.4594519394283
6.80128893662728,496,490,-4.05496355047452,62.3868006841322,-28.1521776792102,-34.234623004922
6.80343716433942,495,489,-4.05496355047453,67.274386216879,-30.5959704455836,-36.6784157712954
6.80558539205156,495,490,0.8326219822723,64.8305934505056,-33.039763211957,-31.7908302385486
6.8077336197637,497,494,10.6077930477659,50.1678368522651,-33.039763211957,-17.1280736403081
6.80988184747583,495,493,15.4953785805127,57.4992151513853,-40.3711415110772,-17.1280736403081
6.81203007518797,501,495,-4.05496355047453,37.9488730203981,-15.9332138473431,-22.0156591730549
6.81417830290011,503,496,-8.94254908322134,30.6174947212778,-8.60183554822292,-22.0156591730549
6.81632653061224,502,493,-18.717720148715,40.3926657867715,-6.1580427818495,-34.234623004922
6.81847475832438,504,493,-28.4928912142086,35.5050802540247,3.61712828364413,-39.1222085376688
6.82062298603652,505,492,-38.2680622797022,35.5050802540247,10.9485065827644,-46.453586836789
6.82277121374866,505,495,-23.6053056814618,28.1737019549044,3.61712828364413,-31.7908302385486
6.82491944146079,504,494,-23.6053056814618,33.0612874876512,1.17333551727072,-34.234623004922
6.82706766917293,504,497,-8.94254908322134,25.729909188531,-6.1580427818495,-19.5718664066815
6.82921589688507,503,498,0.832621982272297,25.729909188531,-13.4894210809697,-12.2404881075613
6.83136412459721,507,500,-8.94254908322134,11.0671525902906,1.17333551727072,-12.2404881075613
6.83351235230935,507,499,-13.8301346159682,13.510945356664,3.61712828364413,-17.1280736403081
6.83566058002148,508,496,-33.3804767469554,18.3985308894108,15.8360921155112,-34.234623004922
6.83780880773362,504,497,-8.94254908322134,25.729909188531,-6.1580427818495,-19.5718664066815
6.83995703544576,505,495,-23.6053056814618,28.1737019549044,3.61712828364413,-31.7908302385486
6.84210526315789,502,497,0.832621982272297,30.6174947212778,-15.9332138473431,-14.6842808739347
6.84425349087003,507,503,5.72020751501912,3.73577429117034,-6.1580427818495,2.42226849067917
6.84640171858217,512,501,-28.4928912142086,-3.59560400794989,23.1674704146314,-19.5718664066815
6.84854994629431,514,505,-18.717720148715,-18.2583606061904,23.1674704146314,-4.90910980844106
6.85069817400644,515,505,-23.6053056814618,-20.7021533725638,28.0550559473782,-7.35290257481447
6.85284640171858,515,505,-23.6053056814618,-20.7021533725638,28.0550559473782,-7.35290257481447
6.85499462943072,513,502,-28.4928912142086,-8.48318954069671,25.6112631810048,-17.1280736403081
6.85714285714286,509,501,-13.8301346159682,3.73577429117034,8.50471381639095,-12.2404881075613
6.85929108485499,509,503,-4.05496355047452,-1.15181124157648,3.61712828364413,-2.46531704206765
6.86143931256713,513,505,-13.8301346159682,-15.8145678398169,18.2798848818846,-2.46531704206765
6.86358754027927,514,506,-13.8301346159682,-20.7021533725638,20.723677648258,-0.0215242756942402
6.86573576799141,519,509,-23.6053056814618,-40.252495503551,37.8302270128719,2.42226849067917
6.86788399570354,522,511,-28.4928912142086,-52.4714593354181,47.6053980783655,4.86606125705258
6.87003222341568,521,512,-18.717720148715,-52.4714593354181,40.2740197792453,12.1974395561728
6.87218045112782,517,508,-18.717720148715,-32.9211172044308,30.4988487137516,2.42226849067917
6.87432867883996,513,506,-8.94254908322134,-18.2583606061904,15.8360921155112,2.42226849067917
6.87647690655209,519,510,-18.717720148715,-42.6962882699244,35.3864342464985,7.30985402342599
6.87862513426423,520,513,-8.94254908322134,-52.4714593354181,32.942641480125,19.528817855293
6.88077336197637,523,514,-18.717720148715,-62.2466304009117,45.1616053119921,17.0850250889196
6.88292158968851,524,515,-18.717720148715,-67.1342159336585,47.6053980783655,19.528817855293
6.88506981740064,524,516,-13.8301346159682,-69.5780087000319,45.1616053119921,24.4164033880399
6.88721804511278,525,518,-8.94254908322134,-76.9093869991522,45.1616053119921,31.7477816871601
6.88936627282492,527,516,-28.4928912142086,-76.9093869991522,59.8243619102325,17.0850250889196
6.89151450053706,528,517,-28.4928912142086,-81.796972531899,62.268154676606,19.528817855293
6.89366272824919,532,519,-38.2680622797023,-96.4597291301395,76.9309112748464,19.528817855293
6.89581095596133,537,523,-43.1556478124491,-118.4538640275,91.5936678730869,26.8601961544133
6.89795918367347,535,525,-23.6053056814618,-118.4538640275,76.9309112748464,41.5229527526537
6.90010741138561,535,525,-23.6053056814618,-118.4538640275,76.9309112748464,41.5229527526537
6.90225563909774,535,526,-18.717720148715,-120.897656793874,74.487118508473,46.4105382854005
6.90440386680988,533,530,10.6077930477659,-125.78524232662,54.9367763774857,70.8484659491346
6.90655209452202,535,524,-28.4928912142086,-116.010071261127,79.3747040412198,36.6353672199069
6.90870032223416,536,524,-33.3804767469554,-118.4538640275,84.2622895739667,34.1915744535335
6.91084854994629,539,526,-38.2680622797023,-130.672827859367,94.0374606394603,36.6353672199069
6.91299677765843,536,529,-8.94254908322135,-130.672827859367,72.0433257420996,58.6295021172676
6.91514500537057,540,529,-28.4928912142086,-140.447998924861,91.5936678730869,48.8543310517739
6.91729323308271,541,530,-28.4928912142086,-145.335584457608,94.0374606394603,51.2981238181474
6.91944146079484,541,532,-18.717720148715,-150.223169990354,89.1498751067135,61.073294883641
6.92158968850698,536,533,10.6077930477659,-140.447998924861,62.268154676606,78.1798442482549
6.92373791621912,537,528,-18.717720148715,-130.672827859367,79.3747040412198,51.2981238181474
6.92588614393126,534,528,-4.05496355047451,-123.341449560247,64.7119474429794,58.6295021172676
6.92803437164339,536,528,-13.8301346159682,-128.229035092994,74.487118508473,53.7419165845208
6.93018259935553,534,528,-4.05496355047451,-123.341449560247,64.7119474429794,58.6295021172676
6.93233082706767,533,526,-8.94254908322134,-116.010071261127,64.7119474429794,51.2981238181474
6.93447905477981,530,527,10.6077930477659,-111.12248572838,47.6053980783655,63.5170876500144
6.93662728249194,528,527,20.3829641132596,-106.234900195633,37.8302270128719,68.4046731827612
6.93877551020408,529,527,15.4953785805127,-108.678692962006,42.7178125456187,65.9608804163878
6.94092373791622,530,527,10.6077930477659,-111.12248572838,47.6053980783655,63.5170876500144
6.94307196562836,530,525,0.8326219822723,-106.234900195633,52.4929836111123,53.7419165845208
6.94522019334049,532,525,-8.94254908322135,-111.12248572838,62.268154676606,48.8543310517739
6.94736842105263,532,525,-8.94254908322135,-111.12248572838,62.268154676606,48.8543310517739
6.94951664876477,534,528,-4.05496355047451,-123.341449560247,64.7119474429794,58.6295021172676
6.95166487647691,531,528,10.6077930477659,-116.010071261127,50.0491908447389,65.9608804163878
6.95381310418904,528,526,15.4953785805127,-103.79110742926,40.2740197792453,63.5170876500144
6.95596133190118,523,525,35.0457207115,-89.1283508310192,18.2798848818846,70.8484659491346
6.95810955961332,524,526,35.0457207115,-94.015936363766,20.723677648258,73.292258715508
6.96025778732546,521,520,20.3829641132596,-72.0218014664053,20.723677648258,51.2981238181474
6.96240601503759,522,519,10.6077930477659,-72.0218014664053,28.0550559473782,43.9667455190271
6.96455424274973,522,519,10.6077930477659,-72.0218014664053,28.0550559473782,43.9667455190271
6.96670247046187,521,520,20.3829641132596,-72.0218014664053,20.723677648258,51.2981238181474
6.96885069817401,516,516,25.2705496460064,-50.0276665690447,6.06092105001754,43.9667455190271
6.97099892588614,513,515,35.0457207115,-40.252495503551,-6.1580427818495,46.4105382854005
6.97314715359828,507,513,54.5960628424873,-20.7021533725638,-30.5959704455836,51.2981238181474
6.97529538131042,502,512,74.1464049734746,-6.0393967743233,-52.5901053429443,58.6295021172676
6.97744360902256,501,508,59.4836483752341,6.17956705754374,-47.7025198101975,41.5229527526537
6.97959183673469,504,506,35.0457207115,3.73577429117034,-28.1521776792102,24.4164033880399
6.98174006444683,508,503,0.832621982272297,1.29198152479693,-1.27045724910269,-0.0215242756942402
6.98388829215897,510,505,0.832621982272297,-8.48318954069671,3.61712828364413,4.86606125705258
6.98603651987111,508,507,20.3829641132596,-8.48318954069671,-11.0456283145963,19.528817855293
6.98818474758324,507,508,30.1581351787532,-8.48318954069671,-18.3770066137166,26.8601961544133
6.99033297529538,501,505,44.8208917769937,13.510945356664,-40.3711415110772,26.8601961544133
6.99248120300752,501,504,39.9333062442469,15.9547381230374,-37.9273487447038,21.9726106216664
6.99462943071966,499,503,44.8208917769937,23.2861164221576,-45.2587270438241,21.9726106216664
6.99677765843179,502,500,15.4953785805128,23.2861164221576,-23.2645921464634,-0.0215242756942402
6.99892588614393,503,498,0.832621982272297,25.729909188531,-13.4894210809697,-12.2404881075613
7.00107411385607,501,499,15.4953785805128,28.1737019549044,-25.7083849128368,-2.46531704206765
7.00322234156821,500,497,10.6077930477659,35.5050802540247,-25.7083849128368,-9.79669534118788
7.00537056928034,498,499,30.1581351787532,35.5050802540247,-40.3711415110772,4.86606125705258
7.00751879699248,497,496,20.3829641132596,45.2802513195183,-37.9273487447038,-7.35290257481446
7.00966702470462,496,498,35.0457207115,42.8364585531449,-47.7025198101975,4.86606125705258
7.01181525241676,494,493,20.3829641132596,59.9430079177588,-45.2587270438241,-14.6842808739347
7.01396348012889,494,492,15.4953785805128,62.3868006841322,-42.8149342774507,-19.5718664066815
7.01611170784103,495,491,5.72020751501911,62.3868006841322,-35.4835559783304,-26.9032447058017
7.01825993555317,496,491,0.832621982272293,59.9430079177587,-30.5959704455836,-29.3470374721752
7.02040816326531,494,493,20.3829641132596,59.9430079177588,-45.2587270438241,-14.6842808739347
7.02255639097744,496,493,10.6077930477659,55.0554223850119,-35.4835559783304,-19.5718664066815
7.02470461868958,496,493,10.6077930477659,55.0554223850119,-35.4835559783304,-19.5718664066815
7.02685284640172,495,494,20.3829641132596,55.0554223850119,-42.8149342774506,-12.2404881075613
7.02900107411386,495,493,15.4953785805127,57.4992151513853,-40.3711415110772,-17.1280736403081
7.03114930182599,493,490,10.6077930477659,69.7181789832524,-42.8149342774506,-26.9032447058017
7.03329752953813,487,487,25.2705496460064,91.7123138806131,-64.8090691748113,-26.9032447058017
7.03544575725027,491,486,0.8326219822723,84.3809355814928,-42.8149342774506,-41.5660013040422
7.03759398496241,492,486,-4.05496355047453,81.9371428151194,-37.9273487447038,-44.0097940704156
7.03974221267454,495,489,-4.05496355047453,67.274386216879,-30.5959704455836,-36.6784157712954
7.04189044038668,500,492,-13.8301346159682,47.7240440858917,-13.4894210809697,-34.234623004922
7.04403866809882,500,493,-8.94254908322134,45.2802513195183,-15.9332138473431,-29.3470374721752
7.04618689581096,499,493,-4.05496355047453,47.7240440858917,-20.82079938009,-26.9032447058017
7.04833512352309,496,489,-8.94254908322134,64.8305934505056,-25.7083849128368,-39.1222085376688
7.05048335123523,499,489,-23.6053056814618,57.4992151513853,-11.0456283145963,-46.453586836789
7.05263157894737,500,489,-28.4928912142086,55.0554223850119,-6.1580427818495,-48.8973796031624
7.05477980665951,499,491,-13.8301346159682,52.6116296186385,-15.9332138473431,-36.6784157712954
7.05692803437164,500,493,-8.94254908322134,45.2802513195183,-15.9332138473431,-29.3470374721752
7.05907626208378,501,495,-4.05496355047453,37.9488730203981,-15.9332138473431,-22.0156591730549
7.06122448979592,502,496,-4.05496355047452,33.0612874876512,-13.4894210809697,-19.5718664066815
7.06337271750806,503,495,-13.8301346159682,33.0612874876512,-6.1580427818495,-26.9032447058017
7.06552094522019,500,496,5.72020751501912,37.9488730203981,-23.2645921464634,-14.6842808739347
7.06766917293233,499,494,0.8326219822723,45.2802513195183,-23.2645921464634,-22.0156591730549
7.06981740064447,500,490,-23.6053056814618,52.6116296186385,-8.60183554822292,-44.0097940704156
7.07196562835661,498,493,0.832621982272293,50.1678368522651,-25.7083849128368,-24.4594519394283
7.07411385606874,500,494,-4.05496355047452,42.8364585531449,-18.3770066137166,-24.4594519394283
7.07626208378088,498,492,-4.05496355047452,52.6116296186385,-23.2645921464634,-29.3470374721751
7.07841031149302,498,494,5.72020751501912,47.7240440858917,-28.1521776792102,-19.5718664066815
7.08055853920516,495,495,25.2705496460064,52.6116296186385,-45.2587270438241,-7.35290257481447
7.08270676691729,492,493,30.1581351787532,64.8305934505056,-55.0338981093177,-9.79669534118788
7.08485499462943,493,490,10.6077930477659,69.7181789832524,-42.8149342774506,-26.9032447058017
7.08700322234157,495,488,-8.94254908322134,69.7181789832524,-28.1521776792102,-41.5660013040422
7.08915145005371,501,491,-23.6053056814618,47.7240440858917,-6.1580427818495,-41.5660013040422
7.09129967776584,505,493,-33.3804767469554,33.0612874876512,8.50471381639095,-41.5660013040422
7.09344790547798,506,496,-23.6053056814618,23.2861164221576,6.06092105001754,-29.3470374721751
7.09559613319012,512,497,-48.0432333451959,6.17956705754374,32.942641480125,-39.1222085376688
7.09774436090226,515,502,-38.2680622797022,-13.3707750734435,35.3864342464985,-22.0156591730549
7.09989258861439,515,501,-43.1556478124491,-10.9269823070701,37.8302270128719,-26.9032447058017
7.10204081632653,511,499,-33.3804767469554,3.73577429117034,23.1674704146314,-26.9032447058017
7.10418904403867,508,498,-23.6053056814618,13.510945356664,10.9485065827644,-24.4594519394283
7.10633727175081,505,498,-8.94254908322134,20.8423236557842,-3.71425001547609,-17.1280736403081
7.10848549946294,507,497,-23.6053056814618,18.3985308894108,8.50471381639095,-26.9032447058017
7.11063372717508,507,499,-13.8301346159682,13.510945356664,3.61712828364413,-17.1280736403081
7.11278195488722,508,501,-8.94254908322134,6.17956705754374,3.61712828364413,-9.79669534118788
7.11493018259936,511,502,-18.717720148715,-3.59560400794989,15.8360921155112,-12.2404881075613
7.11707841031149,509,503,-4.05496355047452,-1.15181124157648,3.61712828364413,-2.46531704206765
7.11922663802363,512,505,-8.94254908322134,-13.3707750734435,13.3922993491378,-0.0215242756942402
7.12137486573577,510,502,-13.8301346159682,-1.15181124157648,10.9485065827644,-9.79669534118788
7.12352309344791,511,501,-23.6053056814618,-1.15181124157648,18.2798848818846,-17.1280736403081
7.12567132116004,510,500,-23.6053056814618,3.73577429117034,15.8360921155112,-19.5718664066815
7.12781954887218,510,503,-8.94254908322134,-3.59560400794989,8.50471381639095,-4.90910980844106
7.12996777658432,513,503,-23.6053056814618,-10.9269823070701,23.1674704146314,-12.2404881075613
7.13211600429646,516,507,-18.717720148715,-28.033531671684,28.0550559473782,-0.0215242756942402
7.13426423200859,517,507,-23.6053056814618,-30.4773244380574,32.942641480125,-2.46531704206765
7.13641245972073,516,508,-13.8301346159682,-30.4773244380574,25.6112631810048,4.86606125705258
7.13856068743287,514,505,-18.717720148715,-18.2583606061904,23.1674704146314,-4.90910980844106
7.14070891514501,510,502,-13.8301346159682,-1.15181124157648,10.9485065827644,-9.79669534118788
7.14285714285714,511,501,-23.6053056814618,-1.15181124157648,18.2798848818846,-17.1280736403081
7.14500537056928,514,504,-23.6053056814618,-15.8145678398169,25.6112631810048,-9.79669534118788
7.14715359828142,516,508,-13.8301346159682,-30.4773244380574,25.6112631810048,4.86606125705258
7.14930182599356,518,509,-18.717720148715,-37.8087027371776,32.942641480125,4.86606125705258
7.15145005370569,520,511,-18.717720148715,-47.5838738026713,37.8302270128719,9.75364678979939
7.15359828141783,520,512,-13.8301346159682,-50.0276665690447,35.3864342464985,14.6412323225462
7.15574650912997,520,511,-18.717720148715,-47.5838738026713,37.8302270128719,9.75364678979939
7.15789473684211,514,507,-8.94254908322134,-23.1459461389372,18.2798848818846,4.86606125705258
7.16004296455424,510,504,-4.05496355047452,-6.0393967743233,6.06092105001754,-0.0215242756942402
7.16219119226638,507,503,5.72020751501912,3.73577429117034,-6.1580427818495,2.42226849067917
7.16433941997852,508,504,5.72020751501912,-1.15181124157648,-3.71425001547609,4.86606125705258
7.16648764769065,510,508,15.4953785805128,-15.8145678398169,-3.71425001547609,19.528817855293
7.16863587540279,510,508,15.4953785805128,-15.8145678398169,-3.71425001547609,19.528817855293
7.17078410311493,512,508,5.72020751501912,-20.7021533725638,6.06092105001754,14.6412323225462
7.17293233082707,511,508,10.6077930477659,-18.2583606061904,1.17333551727072,17.0850250889196
7.17508055853921,510,505,0.832621982272297,-8.48318954069671,3.61712828364413,4.86606125705258
7.17722878625134,508,502,-4.05496355047452,3.73577429117034,1.17333551727072,-4.90910980844106
7.17937701396348,505,501,5.72020751501912,13.510945356664,-11.0456283145963,-2.46531704206765
7.18152524167562,501,501,25.2705496460064,23.2861164221576,-30.5959704455836,7.30985402342599
7.18367346938776,495,501,54.5960628424873,37.9488730203981,-59.9214836420645,21.9726106216664
7.18582169709989,496,498,35.0457207115,42.8364585531449,-47.7025198101975,4.86606125705258
7.18796992481203,491,496,49.7084773097405,59.9430079177587,-67.2528619411847,7.30985402342599
7.19011815252417,484,493,69.2588194407277,84.3809355814928,-94.1345823712922,9.75364678979939
7.1922663802363,488,491,39.9333062442468,79.493350048746,-69.6966547075581,-9.79669534118788
7.19441460794844,493,493,25.2705496460064,62.3868006841322,-50.1463125765709,-12.2404881075613
7.19656283566058,494,489,0.8326219822723,69.7181789832524,-35.4835559783304,-34.234623004922
7.19871106337272,495,492,10.6077930477659,59.9430079177587,-37.9273487447038,-22.0156591730549
7.20085929108486,499,493,-4.05496355047453,47.7240440858917,-20.82079938009,-26.9032447058017
7.20300751879699,499,498,20.3829641132596,35.5050802540247,-33.039763211957,-2.46531704206765
7.20515574650913,497,495,15.4953785805127,47.7240440858917,-35.4835559783304,-12.2404881075613
7.20730397422127,496,495,20.3829641132596,50.1678368522651,-40.3711415110772,-9.79669534118788
7.2094522019334,498,495,10.6077930477659,45.2802513195183,-30.5959704455836,-14.6842808739347
7.21160042964554,496,492,5.72020751501912,57.4992151513853,-33.039763211957,-24.4594519394283
7.21374865735768,492,489,10.6077930477659,74.6057645159992,-45.258727043824,-29.3470374721752
7.21589688506982,492,489,10.6077930477659,74.6057645159992,-45.258727043824,-29.3470374721752
7.21804511278195,489,489,25.2705496460064,81.9371428151194,-59.9214836420645,-22.0156591730549
7.22019334049409,489,490,30.1581351787532,79.493350048746,-62.3652764084379,-17.1280736403081
7.22234156820623,488,489,30.1581351787532,84.3809355814928,-64.8090691748113,-19.5718664066815
7.22448979591837,489,489,25.2705496460064,81.9371428151194,-59.9214836420645,-22.0156591730549
7.22663802363051,492,490,15.4953785805127,72.1619717496258,-47.7025198101975,-24.4594519394283
7.22878625134264,495,491,5.72020751501911,62.3868006841322,-35.4835559783304,-26.9032447058017
7.23093447905478,496,488,-13.8301346159682,67.274386216879,-23.2645921464634,-44.0097940704156
7.23308270676692,498,488,-23.6053056814618,62.3868006841322,-13.4894210809697,-48.8973796031624
7.23523093447905,493,489,5.72020751501911,72.1619717496258,-40.3711415110772,-31.7908302385486
7.23737916219119,487,487,25.2705496460064,91.7123138806131,-64.8090691748113,-26.9032447058017
7.23952738990333,484,486,35.0457207115,101.487484946107,-77.0280330066784,-24.4594519394283
7.24167561761547,481,485,44.8208917769937,111.2626560116,-89.2469968385454,-22.0156591730549
7.24382384532761,482,484,35.0457207115,111.2626560116,-81.9156185394252,-29.3470374721751
7.24597207303974,482,483,30.1581351787532,113.706448777974,-79.4718257730518,-34.234623004922
7.24812030075188,486,482,5.72020751501913,106.375070478854,-57.4776908756911,-48.8973796031624
7.25026852846402,489,483,-4.05496355047453,96.5998994133599,-45.2587270438241,-51.3411723695358
7.25241675617615,494,484,-23.6053056814618,81.9371428151194,-23.2645921464634,-58.6725506686561
7.25456498388829,496,488,-13.8301346159682,67.274386216879,-23.2645921464634,-44.0097940704156
7.25671321160043,508,493,-48.0432333451959,25.729909188531,23.1674704146314,-48.8973796031624
7.25886143931257,527,503,-92.0315031399173,-45.1400810362979,91.5936678730869,-46.453586836789
7.2610096670247,548,512,-150.682529532879,-118.4538640275,172.238829163409,-53.7849651359092
7.26315789473684,568,524,-189.783213794854,-196.655232551449,240.665026621865,-44.0097940704156
7.26530612244898,592,533,-263.096996786056,-277.300393841772,335.972944510428,-58.6725506686563
7.26745435016112,611,547,-287.53492444979,-357.945555132094,394.62397090339,-36.6784157712956
7.26960257787325,624,557,-302.197681048031,-414.152788758683,433.724655165365,-19.5718664066817
7.27175080558539,634,569,-292.422509982537,-467.916229618898,453.274997296352,14.641232322546
7.27389903329753,631,576,-243.546654655069,-477.691400684392,421.505691333497,56.1857093508944
7.27604726100967,619,575,-189.783213794854,-445.922094721537,365.298457706909,80.6236370146281
7.2781954887218,600,571,-116.469430803652,-389.714861094949,282.209503650213,107.505357444736
7.28034371643394,578,565,-38.2680622797027,-321.288663636493,189.345378528024,131.94328510847
7.28249194414608,551,553,35.0457207115001,-225.98074574793,86.70608234034,139.27466340759
7.28464017185822,530,541,79.0339905062214,-145.335584457608,13.3922993491378,131.94328510847
7.28678839957035,512,532,123.022260300943,-79.3531797655256,-52.5901053429443,131.94328510847
7.28893662728249,499,526,157.235359030171,-32.9211172044308,-101.465960670412,134.387077874843
7.29108485499463,491,523,181.673286693905,-6.0393967743233,-133.235266633267,139.27466340759
7.29323308270677,487,517,171.898115628411,18.3985308894108,-138.122852166014,119.724321276603
7.2953813104189,486,513,157.235359030171,30.6174947212778,-133.235266633267,102.617771911989
7.29752953813104,485,509,142.57260243193,42.8364585531449,-128.34768110052,85.5112225473751
7.29967776584318,489,506,108.359503702702,40.3926657867715,-101.465960670412,61.073294883641
7.30182599355532,489,502,88.809161571715,50.1678368522651,-91.6907896049188,41.5229527526537
7.30397422126745,496,502,54.5960628424873,33.0612874876512,-57.4776908756911,24.4164033880399
7.30612244897959,501,505,44.8208917769937,13.510945356664,-40.3711415110772,26.8601961544133
7.30827067669173,504,507,39.9333062442469,1.29198152479693,-30.5959704455836,29.3039889207867
7.31041890440387,508,508,25.2705496460064,-10.9269823070701,-13.4894210809697,24.4164033880399
7.312567132116,509,509,25.2705496460064,-15.8145678398169,-11.0456283145963,26.8601961544133
7.31471535982814,510,508,15.4953785805128,-15.8145678398169,-3.71425001547609,19.528817855293
7.31686358754028,507,508,30.1581351787532,-8.48318954069671,-18.3770066137166,26.8601961544133
7.31901181525242,503,501,15.4953785805128,18.3985308894108,-20.82079938009,2.42226849067917
7.32116004296455,499,499,25.2705496460064,33.0612874876512,-35.4835559783304,2.42226849067917
7.32330827067669,494,496,35.0457207115,52.6116296186385,-52.5901053429443,-0.0215242756942331
7.32545649838883,488,497,69.2588194407277,64.8305934505056,-84.3594113057986,19.528817855293
7.32760472610097,488,496,64.3712339079809,67.274386216879,-81.9156185394252,14.6412323225462
7.3297529538131,489,496,59.4836483752341,64.8305934505056,-77.0280330066784,12.1974395561728
7.33190118152524,490,495,49.7084773097405,64.8305934505056,-69.6966547075582,4.86606125705258
7.33404940923738,490,496,54.5960628424873,62.3868006841322,-72.1404474739316,9.7536467897994
7.33619763694952,488,491,39.9333062442468,79.493350048746,-69.6966547075581,-9.79669534118788
7.33834586466165,487,489,35.0457207115,86.8247283478663,-69.6966547075581,-17.1280736403081
7.34049409237379,490,488,15.4953785805128,81.9371428151194,-52.5901053429443,-29.3470374721751
7.34264232008593,491,492,30.1581351787532,69.7181789832524,-57.4776908756911,-12.2404881075613
7.34479054779807,489,489,25.2705496460064,81.9371428151194,-59.9214836420645,-22.0156591730549
7.3469387755102,491,489,15.4953785805127,77.0495572823726,-50.1463125765709,-26.9032447058017
7.34908700322234,490,492,35.0457207115,72.1619717496258,-62.3652764084379,-9.79669534118787
7.35123523093448,494,493,20.3829641132596,59.9430079177588,-45.2587270438241,-14.6842808739347
7.35338345864662,494,491,10.6077930477659,64.8305934505056,-40.3711415110772,-24.4594519394283
7.35553168635875,489,487,15.4953785805127,86.8247283478663,-55.0338981093177,-31.7908302385486
7.35767991407089,491,486,0.8326219822723,84.3809355814928,-42.8149342774506,-41.5660013040422
7.35982814178303,490,486,5.72020751501913,86.8247283478663,-47.7025198101975,-39.1222085376688
7.36197636949517,493,491,15.4953785805127,67.274386216879,-45.2587270438241,-22.0156591730549
7.3641245972073,496,492,5.72020751501912,57.4992151513853,-33.039763211957,-24.4594519394283
7.36627282491944,497,493,5.72020751501911,52.6116296186385,-30.5959704455836,-22.0156591730549
7.36842105263158,499,494,0.8326219822723,45.2802513195183,-23.2645921464634,-22.0156591730549
7.37056928034372,494,493,20.3829641132596,59.9430079177588,-45.2587270438241,-14.6842808739347
7.37271750805585,497,489,-13.8301346159682,62.3868006841322,-20.82079938009,-41.5660013040422
7.37486573576799,496,490,-4.05496355047452,62.3868006841322,-28.1521776792102,-34.234623004922
7.37701396348013,498,492,-4.05496355047452,52.6116296186385,-23.2645921464634,-29.3470374721751
7.37916219119227,498,495,10.6077930477659,45.2802513195183,-30.5959704455836,-14.6842808739347
7.3813104189044,496,492,5.72020751501912,57.4992151513853,-33.039763211957,-24.4594519394283
7.38345864661654,497,495,15.4953785805127,47.7240440858917,-35.4835559783304,-12.2404881075613
7.38560687432868,498,495,10.6077930477659,45.2802513195183,-30.5959704455836,-14.6842808739347
7.38775510204082,503,497,-4.05496355047452,28.1737019549044,-11.0456283145963,-17.1280736403081
7.38990332975295,503,494,-18.717720148715,35.5050802540247,-3.7142500154761,-31.7908302385486
7.39205155746509,501,491,-23.6053056814618,47.7240440858917,-6.1580427818495,-41.5660013040422
7.39419978517723,498,491,-8.94254908322134,55.0554223850119,-20.82079938009,-34.234623004922
7.39634801288937,499,495,5.72020751501911,42.8364585531449,-25.7083849128368,-17.1280736403081
7.3984962406015,503,497,-4.05496355047452,28.1737019549044,-11.0456283145963,-17.1280736403081
7.40064446831364,504,498,-4.05496355047452,23.2861164221576,-8.60183554822291,-14.6842808739347
7.40279269602578,505,498,-8.94254908322134,20.8423236557842,-3.71425001547609,-17.1280736403081
7.40494092373792,504,499,0.832621982272297,20.8423236557842,-11.0456283145963,-9.79669534118788
7.40708915145005,505,496,-18.717720148715,25.729909188531,1.17333551727072,-26.9032447058017
7.40923737916219,506,496,-23.6053056814618,23.2861164221576,6.06092105001754,-29.3470374721751
7.41138560687433,506,497,-18.717720148715,20.8423236557842,3.61712828364413,-24.4594519394283
7.41353383458647,509,497,-33.3804767469554,13.510945356664,18.2798848818846,-31.7908302385486
7.4156820622986,512,501,-28.4928912142086,-3.59560400794989,23.1674704146314,-19.5718664066815
7.41783029001074,516,505,-28.4928912142086,-23.1459461389372,32.942641480125,-9.79669534118788
7.41997851772288,519,508,-28.4928912142086,-37.8087027371776,40.2740197792453,-2.46531704206765
7.42212674543502,520,511,-18.717720148715,-47.5838738026713,37.8302270128719,9.75364678979939
7.42427497314715,519,510,-18.717720148715,-42.6962882699244,35.3864342464985,7.30985402342599
7.42642320085929,518,509,-18.717720148715,-37.8087027371776,32.942641480125,4.86606125705258
7.42857142857143,518,507,-28.4928912142086,-32.9211172044308,37.8302270128719,-4.90910980844106
7.43071965628357,516,509,-8.94254908322134,-32.9211172044308,23.1674704146314,9.7536467897994
7.4328678839957,512,508,5.72020751501912,-20.7021533725638,6.06092105001754,14.6412323225462
7.43501611170784,513,510,10.6077930477659,-28.033531671684,6.06092105001754,21.9726106216664
7.43716433941998,512,511,20.3829641132596,-28.033531671684,-1.27045724910268,29.3039889207867
7.43931256713212,512,509,10.6077930477659,-23.1459461389372,3.61712828364413,19.528817855293
7.44146079484425,510,509,20.3829641132596,-18.2583606061904,-6.1580427818495,24.4164033880399
7.44360902255639,511,507,5.72020751501912,-15.8145678398169,3.61712828364413,12.1974395561728
7.44575725026853,517,507,-23.6053056814618,-30.4773244380574,32.942641480125,-2.46531704206765
7.44790547798067,522,513,-18.717720148715,-57.3590448681649,42.7178125456187,14.6412323225462
7.4500537056928,528,515,-38.2680622797023,-76.9093869991522,67.1557402093528,9.75364678979939
7.45220193340494,531,519,-33.3804767469554,-94.015936363766,72.0433257420996,21.9726106216664
7.45435016111708,531,519,-33.3804767469554,-94.015936363766,72.0433257420996,21.9726106216664
7.45649838882922,530,523,-8.94254908322134,-101.347314662886,57.3805691438591,43.9667455190271
7.45864661654135,530,522,-13.8301346159681,-98.9035218965129,59.8243619102325,39.0791599862803
7.46079484425349,532,521,-28.4928912142086,-101.347314662886,72.0433257420996,29.3039889207867
7.46294307196563,532,520,-33.3804767469554,-98.9035218965129,74.487118508473,24.4164033880399
7.46509129967777,532,520,-33.3804767469554,-98.9035218965129,74.487118508473,24.4164033880399
7.4672395273899,533,523,-23.6053056814618,-108.678692962006,72.0433257420996,36.6353672199069
7.46938775510204,533,524,-18.717720148715,-111.12248572838,69.5995329757262,41.5229527526537
7.47153598281418,533,526,-8.94254908322134,-116.010071261127,64.7119474429794,51.2981238181474
7.47368421052632,533,527,-4.05496355047453,-118.4538640275,62.268154676606,56.1857093508942
7.47583243823845,531,527,5.72020751501911,-113.566278494753,52.4929836111123,61.073294883641
7.47798066595059,530,528,15.4953785805128,-113.566278494753,45.1616053119921,68.4046731827612
7.48012889366273,528,525,10.6077930477659,-101.347314662886,42.7178125456187,58.6295021172676
7.48227712137487,529,524,0.8326219822723,-101.347314662886,50.0491908447389,51.2981238181474
7.484425349087,526,524,15.4953785805128,-94.015936363766,35.3864342464984,58.6295021172676
7.48657357679914,528,525,10.6077930477659,-101.347314662886,42.7178125456187,58.6295021172676
7.48872180451128,530,528,15.4953785805128,-113.566278494753,45.1616053119921,68.4046731827612
7.49087003222342,533,531,15.4953785805127,-128.229035092994,52.4929836111123,75.7360514818814
7.49301825993555,534,532,15.4953785805127,-133.116620625741,54.9367763774857,78.1798442482549
7.49516648764769,534,531,10.6077930477659,-130.672827859367,57.3805691438591,73.292258715508
7.49731471535983,535,530,0.832621982272315,-130.672827859367,64.7119474429794,65.9608804163878
7.49946294307197,533,528,0.8326219822723,-120.897656793874,59.8243619102325,61.073294883641
7.5016111707841,533,529,5.72020751501911,-123.341449560247,57.3805691438591,65.9608804163878
7.50375939849624,532,530,15.4953785805127,-123.341449560247,50.0491908447389,73.292258715508
7.50590762620838,532,531,20.3829641132596,-125.78524232662,47.6053980783655,78.1798442482549
7.50805585392052,529,530,30.1581351787532,-116.010071261127,35.3864342464985,80.6236370146283
7.51020408163265,528,531,39.9333062442468,-116.010071261127,28.0550559473782,87.9550153137485
7.51235230934479,527,529,35.0457207115,-108.678692962006,28.0550559473782,80.6236370146283
7.51450053705693,526,526,25.2705496460064,-98.9035218965129,30.4988487137516,68.4046731827612
7.51664876476907,522,521,20.3829641132596,-76.9093869991522,23.1674704146314,53.7419165845208
7.5187969924812,519,522,39.9333062442469,-72.0218014664053,6.06092105001754,65.9608804163878
7.52094522019334,521,523,35.0457207115,-79.3531797655256,13.3922993491378,65.9608804163878
7.52309344790548,521,524,39.9333062442469,-81.796972531899,10.9485065827644,70.8484659491346
7.52524167561762,520,524,44.8208917769937,-79.3531797655256,6.06092105001754,73.292258715508
7.52738990332975,518,525,59.4836483752341,-76.9093869991522,-6.1580427818495,83.0674297810017
7.52953813104189,517,523,54.5960628424873,-69.5780087000319,-6.1580427818495,75.7360514818814
7.53168635875403,518,522,44.8208917769937,-69.5780087000319,1.17333551727072,68.4046731827612
7.53383458646617,515,518,39.9333062442469,-52.4714593354181,-3.7142500154761,56.1857093508942
7.5359828141783,510,515,49.7084773097405,-32.9211172044308,-20.82079938009,53.7419165845208
7.53813104189044,505,514,69.2588194407278,-18.2583606061904,-42.8149342774506,61.073294883641
7.54027926960258,504,511,59.4836483752341,-8.48318954069671,-40.3711415110772,48.8543310517739
7.54242749731472,501,514,88.809161571715,-8.48318954069671,-62.3652764084379,70.8484659491346
7.54457572502685,503,512,69.2588194407278,-8.48318954069671,-47.7025198101975,56.1857093508942
7.54672395273899,505,512,59.4836483752341,-13.3707750734435,-37.9273487447038,51.2981238181474
7.54887218045113,508,512,44.8208917769937,-20.7021533725638,-23.2645921464634,43.9667455190271
7.55102040816327,510,512,35.0457207115,-25.5897389053106,-13.4894210809697,39.0791599862803
7.5531686358754,509,506,10.6077930477659,-8.48318954069671,-3.71425001547609,12.1974395561728
7.55531686358754,504,507,39.9333062442469,1.29198152479693,-30.5959704455836,29.3039889207867
7.55746509129968,501,506,49.7084773097405,11.0671525902906,-42.8149342774506,31.7477816871601
7.55961331901181,496,506,74.1464049734746,23.2861164221576,-67.2528619411847,43.9667455190271
7.56176154672395,495,501,54.5960628424873,37.9488730203981,-59.9214836420645,21.9726106216664
7.56390977443609,495,503,64.3712339079809,33.0612874876512,-64.8090691748113,31.7477816871601
7.56605800214823,494,501,59.4836483752341,40.3926657867715,-64.8090691748113,24.4164033880399
7.56820622986037,498,501,39.9333062442469,30.6174947212778,-45.2587270438241,14.6412323225462
7.5703544575725,497,496,20.3829641132596,45.2802513195183,-37.9273487447038,-7.35290257481446
7.57250268528464,497,495,15.4953785805127,47.7240440858917,-35.4835559783304,-12.2404881075613
7.57465091299678,496,495,20.3829641132596,50.1678368522651,-40.3711415110772,-9.79669534118788
7.57679914070892,495,496,30.1581351787532,50.1678368522651,-47.7025198101975,-2.46531704206765
7.57894736842105,495,497,35.0457207115,47.7240440858917,-50.1463125765709,2.42226849067917
7.58109559613319,492,496,44.8208917769937,57.4992151513853,-62.3652764084379,4.86606125705258
7.58324382384533,493,495,35.0457207115,57.4992151513853,-55.0338981093177,-2.46531704206765
7.58539205155746,493,494,30.1581351787532,59.9430079177587,-52.5901053429443,-7.35290257481446
7.5875402792696,494,492,15.4953785805128,62.3868006841322,-42.8149342774507,-19.5718664066815
7.58968850698174,495,490,0.8326219822723,64.8305934505056,-33.039763211957,-31.7908302385486
7.59183673469388,494,489,0.8326219822723,69.7181789832524,-35.4835559783304,-34.234623004922
7.59398496240602,492,490,15.4953785805127,72.1619717496258,-47.7025198101975,-24.4594519394283
7.59613319011815,488,490,35.0457207115,81.9371428151194,-67.2528619411847,-14.6842808739347
7.59828141783029,491,489,15.4953785805127,77.0495572823726,-50.1463125765709,-26.9032447058017
7.60042964554243,492,491,20.3829641132596,69.7181789832524,-50.1463125765709,-19.5718664066815
7.60257787325456,496,491,0.832621982272293,59.9430079177587,-30.5959704455836,-29.3470374721752
7.6047261009667,496,490,-4.05496355047452,62.3868006841322,-28.1521776792102,-34.234623004922
7.60687432867884,496,487,-18.717720148715,69.7181789832524,-20.82079938009,-48.8973796031624
7.60902255639098,495,486,-18.717720148715,74.6057645159992,-23.2645921464634,-51.3411723695358
7.61117078410312,494,487,-8.94254908322134,74.6057645159992,-30.5959704455836,-44.0097940704156
7.61331901181525,495,487,-13.8301346159682,72.1619717496258,-25.7083849128368,-46.453586836789
7.61546723952739,495,487,-13.8301346159682,72.1619717496258,-25.7083849128368,-46.453586836789
7.61761546723953,492,489,10.6077930477659,74.6057645159992,-45.258727043824,-29.3470374721752
7.61976369495166,493,489,5.72020751501911,72.1619717496258,-40.3711415110772,-31.7908302385486
7.6219119226638,497,489,-13.8301346159682,62.3868006841322,-20.82079938009,-41.5660013040422
7.62406015037594,503,488,-48.0432333451959,50.1678368522651,10.9485065827644,-61.1163434350295
7.62620837808808,506,487,-67.5935754761832,45.2802513195183,28.0550559473782,-73.3353072668965
7.62835660580021,507,490,-57.8184044106895,35.5050802540247,25.6112631810048,-61.1163434350295
7.63050483351235,507,494,-38.2680622797022,25.729909188531,15.8360921155112,-41.5660013040422
7.63265306122449,507,495,-33.3804767469554,23.2861164221576,13.3922993491378,-36.6784157712954
7.63480128893663,500,495,0.832621982272293,40.3926657867715,-20.82079938009,-19.5718664066815
7.63694951664877,502,493,-18.717720148715,40.3926657867715,-6.1580427818495,-34.234623004922
7.6390977443609,502,493,-18.717720148715,40.3926657867715,-6.1580427818495,-34.234623004922
7.64124597207304,502,491,-28.4928912142086,45.2802513195183,-1.27045724910268,-44.0097940704156
7.64339419978518,502,489,-38.2680622797023,50.1678368522651,3.61712828364413,-53.7849651359092
7.64554242749731,499,489,-23.6053056814618,57.4992151513853,-11.0456283145963,-46.453586836789
7.64769065520945,497,490,-8.94254908322134,59.9430079177587,-23.2645921464634,-36.6784157712954
7.64983888292159,496,489,-8.94254908322134,64.8305934505056,-25.7083849128368,-39.1222085376688
7.65198711063373,497,491,-4.05496355047453,57.4992151513853,-25.7083849128368,-31.7908302385486
7.65413533834586,499,492,-8.94254908322134,50.1678368522651,-18.3770066137166,-31.7908302385486
7.656283566058,498,491,-8.94254908322134,55.0554223850119,-20.82079938009,-34.234623004922
7.65843179377014,502,491,-28.4928912142086,45.2802513195183,-1.27045724910268,-44.0097940704156
7.66058002148228,501,488,-38.2680622797022,55.0554223850119,1.17333551727072,-56.2287579022827
7.66272824919441,503,491,-33.3804767469554,42.8364585531449,3.61712828364413,-46.453586836789
7.66487647690655,503,493,-23.6053056814618,37.9488730203981,-1.27045724910268,-36.6784157712954
7.66702470461869,502,495,-8.94254908322134,35.5050802540247,-11.0456283145963,-24.4594519394283
7.66917293233083,503,493,-23.6053056814618,37.9488730203981,-1.27045724910268,-36.6784157712954
7.67132116004296,500,493,-8.94254908322134,45.2802513195183,-15.9332138473431,-29.3470374721752
7.6734693877551,498,493,0.832621982272293,50.1678368522651,-25.7083849128368,-24.4594519394283
7.67561761546724,498,492,-4.05496355047452,52.6116296186385,-23.2645921464634,-29.3470374721751
7.67776584317938,503,491,-33.3804767469554,42.8364585531449,3.61712828364413,-46.453586836789
7.67991407089151,502,491,-28.4928912142086,45.2802513195183,-1.27045724910268,-44.0097940704156
7.68206229860365,506,494,-33.3804767469554,28.1737019549044,10.9485065827644,-39.1222085376688
7.68421052631579,506,497,-18.717720148715,20.8423236557842,3.61712828364413,-24.4594519394283
7.68635875402793,507,496,-28.4928912142086,20.8423236557842,10.9485065827644,-31.7908302385486
7.68850698174006,507,499,-13.8301346159682,13.510945356664,3.61712828364413,-17.1280736403081
7.6906552094522,505,499,-4.05496355047452,18.3985308894108,-6.1580427818495,-12.2404881075613
7.69280343716434,503,497,-4.05496355047452,28.1737019549044,-11.0456283145963,-17.1280736403081
7.69495166487648,500,494,-4.05496355047452,42.8364585531449,-18.3770066137166,-24.4594519394283
7.69709989258861,500,494,-4.05496355047452,42.8364585531449,-18.3770066137166,-24.4594519394283
7.69924812030075,503,496,-8.94254908322134,30.6174947212778,-8.60183554822292,-22.0156591730549
7.70139634801289,503,498,0.832621982272297,25.729909188531,-13.4894210809697,-12.2404881075613
7.70354457572503,508,501,-8.94254908322134,6.17956705754374,3.61712828364413,-9.79669534118788
7.70569280343716,514,503,-28.4928912142086,-13.3707750734435,28.0550559473782,-14.6842808739347
7.7078410311493,516,507,-18.717720148715,-28.033531671684,28.0550559473782,-0.0215242756942402
7.70998925886144,518,508,-23.6053056814618,-35.3649099708042,35.3864342464985,-0.0215242756942402
7.71213748657358,519,503,-52.9308188779427,-25.5897389053106,52.4929836111123,-26.9032447058017
7.71428571428571,517,504,-38.2680622797022,-23.1459461389372,40.2740197792453,-17.1280736403081
7.71643394199785,514,503,-28.4928912142086,-13.3707750734435,28.0550559473782,-14.6842808739347
7.71858216970999,510,505,0.832621982272297,-8.48318954069671,3.61712828364413,4.86606125705258
7.72073039742213,510,505,0.832621982272297,-8.48318954069671,3.61712828364413,4.86606125705258
7.72287862513426,515,507,-13.8301346159682,-25.5897389053106,23.1674704146314,2.42226849067917
7.7250268528464,519,510,-18.717720148715,-42.6962882699244,35.3864342464985,7.30985402342599
7.72717508055854,520,513,-8.94254908322134,-52.4714593354181,32.942641480125,19.528817855293
7.72932330827068,519,509,-23.6053056814618,-40.252495503551,37.8302270128719,2.42226849067917
7.73147153598281,518,506,-33.3804767469554,-30.4773244380574,40.2740197792453,-9.79669534118788
7.73361976369495,512,505,-8.94254908322134,-13.3707750734435,13.3922993491378,-0.0215242756942402
7.73576799140709,510,507,10.6077930477659,-13.3707750734435,-1.27045724910269,14.6412323225462
7.73791621911923,509,504,0.832621982272297,-3.59560400794989,1.17333551727072,2.42226849067917
7.74006444683136,510,506,5.72020751501912,-10.9269823070701,1.17333551727072,9.7536467897994
7.7422126745435,511,507,5.72020751501912,-15.8145678398169,3.61712828364413,12.1974395561728
7.74436090225564,512,509,10.6077930477659,-23.1459461389372,3.61712828364413,19.528817855293
7.74650912996778,511,507,5.72020751501912,-15.8145678398169,3.61712828364413,12.1974395561728
7.74865735767991,512,505,-8.94254908322134,-13.3707750734435,13.3922993491378,-0.0215242756942402
7.75080558539205,513,505,-13.8301346159682,-15.8145678398169,18.2798848818846,-2.46531704206765
7.75295381310419,511,506,0.832621982272297,-13.3707750734435,6.06092105001754,7.30985402342599
7.75510204081633,509,505,5.72020751501912,-6.0393967743233,-1.27045724910269,7.30985402342599
7.75725026852846,502,504,35.0457207115,13.510945356664,-33.039763211957,19.528817855293
7.7593984962406,498,503,49.7084773097405,25.729909188531,-50.1463125765709,24.4164033880399
7.76154672395274,497,504,59.4836483752341,25.729909188531,-57.4776908756911,31.7477816871601
7.76369495166488,494,500,54.5960628424873,42.8364585531449,-62.3652764084379,19.528817855293
7.76584317937701,492,497,49.7084773097405,55.0554223850119,-64.8090691748113,9.75364678979939
7.76799140708915,491,492,30.1581351787532,69.7181789832524,-57.4776908756911,-12.2404881075613
7.77013963480129,489,492,39.9333062442469,74.6057645159992,-67.2528619411847,-7.35290257481446
7.77228786251343,490,492,35.0457207115,72.1619717496258,-62.3652764084379,-9.79669534118787
7.77443609022556,487,493,54.5960628424873,77.0495572823726,-79.4718257730518,2.42226849067917
7.7765843179377,490,492,35.0457207115,72.1619717496258,-62.3652764084379,-9.79669534118787
7.77873254564984,494,495,30.1581351787532,55.0554223850119,-50.1463125765709,-4.90910980844106
7.78088077336198,497,494,10.6077930477659,50.1678368522651,-33.039763211957,-17.1280736403081
7.78302900107411,498,493,0.832621982272293,50.1678368522651,-25.7083849128368,-24.4594519394283
7.78517722878625,496,490,-4.05496355047452,62.3868006841322,-28.1521776792102,-34.234623004922
7.78732545649839,495,489,-4.05496355047453,67.274386216879,-30.5959704455836,-36.6784157712954
7.78947368421053,493,489,5.72020751501911,72.1619717496258,-40.3711415110772,-31.7908302385486
7.79162191192266,493,491,15.4953785805127,67.274386216879,-45.2587270438241,-22.0156591730549
7.7937701396348,488,492,44.8208917769937,77.0495572823726,-72.1404474739315,-4.90910980844106
7.79591836734694,485,491,54.5960628424873,86.8247283478663,-84.3594113057986,-2.46531704206765
7.79806659505908,486,489,39.9333062442469,89.2685211142397,-74.584240240305,-14.6842808739347
7.80021482277121,490,488,15.4953785805128,81.9371428151194,-52.5901053429443,-29.3470374721751
7.80236305048335,488,487,20.3829641132596,89.2685211142397,-59.9214836420645,-29.3470374721752
7.80451127819549,489,486,10.6077930477659,89.2685211142397,-52.5901053429443,-36.6784157712954
7.80665950590763,489,487,15.4953785805127,86.8247283478663,-55.0338981093177,-31.7908302385486
7.80880773361976,485,485,25.2705496460064,101.487484946107,-69.6966547075581,-31.7908302385486
7.8109559613319,487,485,15.4953785805127,96.5998994133599,-59.9214836420645,-36.6784157712954
7.81310418904404,484,486,35.0457207115,101.487484946107,-77.0280330066784,-24.4594519394283
7.81525241675618,482,487,49.7084773097405,103.93127771248,-89.2469968385454,-14.6842808739347
7.81740064446831,485,484,20.3829641132596,103.93127771248,-67.2528619411847,-36.6784157712954
7.81954887218045,487,484,10.6077930477659,99.0436921797333,-57.4776908756911,-41.5660013040422
7.82169709989259,489,481,-13.8301346159682,101.487484946107,-40.3711415110772,-61.1163434350295
7.82384532760473,490,484,-4.05496355047451,91.7123138806131,-42.8149342774507,-48.8973796031624
7.82599355531686,491,485,-4.05496355047453,86.8247283478663,-40.3711415110772,-46.453586836789
7.828141783029,495,487,-13.8301346159682,72.1619717496258,-25.7083849128368,-46.453586836789
7.83029001074114,499,490,-18.717720148715,55.0554223850119,-13.4894210809697,-41.5660013040422
7.83243823845328,509,496,-38.2680622797022,15.9547381230374,20.723677648258,-36.6784157712954
7.83458646616541,526,503,-87.1439176071704,-42.6962882699244,86.70608234034,-44.0097940704156
7.83673469387755,544,509,-145.794944000132,-101.347314662886,160.019865331542,-58.6725506686561
7.83888292158969,565,520,-194.6707993276,-179.548683186835,235.777441089118,-56.2287579022827
7.84103114930183,585,529,-248.434240187816,-250.418673411664,311.535016846694,-61.1163434350297
7.84317937701396,602,542,-267.984582318803,-323.732456402867,362.854664940536,-39.122208537669
7.8453276047261,617,554,-282.647338917044,-389.714861094949,406.842934735257,-17.1280736403083
7.84747583243824,621,563,-258.20941125331,-421.484167057803,404.399141968884,17.0850250889194
7.84962406015038,619,568,-223.996312524082,-428.815545356923,382.405007071523,46.4105382854003
7.85177228786251,608,567,-175.120457196614,-399.490032160442,331.085358977681,68.404673182761
7.85392051557465,592,562,-121.357016336399,-348.170384066601,265.102954285599,83.0674297810015
7.85606874328679,567,555,-33.3804767469554,-269.969015542652,160.019865331542,109.949150211109
7.85821697099893,541,545,44.8208917769937,-181.992475953209,57.3805691438591,124.61190680935
7.86036519871106,521,535,93.6967471044618,-108.678692962006,-15.9332138473431,124.61190680935
7.8625134264232,502,527,147.460187964677,-42.6962882699244,-89.2469968385454,131.94328510847
7.86466165413534,488,519,176.785701161158,11.0671525902906,-138.122852166014,127.055699575723
7.86680988184748,478,513,196.336043292145,50.1678368522653,-172.335950895242,122.168114042976
7.86895810955961,473,509,201.223628824892,72.161971749626,-186.998707493482,114.836735743856
7.87110633727175,478,506,162.122944562918,67.2743862168792,-155.229401530628,87.9550153137487
7.87325456498389,482,504,132.797431366436,62.3868006841322,-130.791473866893,68.4046731827612
7.87540279269603,488,503,98.5843326372087,50.1678368522651,-99.0221679040391,48.8543310517739
7.87755102040816,494,501,59.4836483752341,40.3926657867715,-64.8090691748113,24.4164033880399
7.8796992481203,498,503,49.7084773097405,25.729909188531,-50.1463125765709,24.4164033880399
7.88184747583244,499,502,39.9333062442469,25.729909188531,-42.8149342774506,17.0850250889196
7.88399570354458,497,506,69.2588194407278,20.8423236557842,-62.3652764084379,41.5229527526537
7.88614393125671,496,502,54.5960628424873,33.0612874876512,-57.4776908756911,24.4164033880399
7.88829215896885,498,501,39.9333062442469,30.6174947212778,-45.2587270438241,14.6412323225462
7.89044038668099,499,499,25.2705496460064,33.0612874876512,-35.4835559783304,2.42226849067917
7.89258861439313,497,496,20.3829641132596,45.2802513195183,-37.9273487447038,-7.35290257481446
7.89473684210526,496,492,5.72020751501912,57.4992151513853,-33.039763211957,-24.4594519394283
7.8968850698174,495,494,20.3829641132596,55.0554223850119,-42.8149342774506,-12.2404881075613
7.89903329752954,493,493,25.2705496460064,62.3868006841322,-50.1463125765709,-12.2404881075613
7.90118152524168,490,494,44.8208917769937,67.274386216879,-67.2528619411847,-0.0215242756942331
7.90332975295381,485,491,54.5960628424873,86.8247283478663,-84.3594113057986,-2.46531704206765
7.90547798066595,486,488,35.0457207115,91.7123138806131,-72.1404474739316,-19.5718664066815
7.90762620837809,488,490,35.0457207115,81.9371428151194,-67.2528619411847,-14.6842808739347
7.90977443609023,492,489,10.6077930477659,74.6057645159992,-45.258727043824,-29.3470374721752
7.91192266380236,491,488,10.6077930477659,79.493350048746,-47.7025198101975,-31.7908302385486
7.9140708915145,494,488,-4.05496355047451,72.1619717496258,-33.039763211957,-39.1222085376688
7.91621911922664,493,489,5.72020751501911,72.1619717496258,-40.3711415110772,-31.7908302385486
7.91836734693878,494,489,0.8326219822723,69.7181789832524,-35.4835559783304,-34.234623004922
7.92051557465091,491,491,25.2705496460064,72.1619717496258,-55.0338981093177,-17.1280736403081
7.92266380236305,494,490,5.72020751501913,67.274386216879,-37.9273487447038,-29.3470374721751
7.92481203007519,495,491,5.72020751501911,62.3868006841322,-35.4835559783304,-26.9032447058017
7.92696025778733,497,487,-23.6053056814618,67.274386216879,-15.9332138473431,-51.3411723695358
7.92910848549946,493,488,0.8326219822723,74.6057645159992,-37.9273487447038,-36.6784157712954
7.9312567132116,495,487,-13.8301346159682,72.1619717496258,-25.7083849128368,-46.453586836789
7.93340494092374,494,488,-4.05496355047451,72.1619717496258,-33.039763211957,-39.1222085376688
7.93555316863588,494,490,5.72020751501913,67.274386216879,-37.9273487447038,-29.3470374721751
7.93770139634801,494,490,5.72020751501913,67.274386216879,-37.9273487447038,-29.3470374721751
7.93984962406015,495,491,5.72020751501911,62.3868006841322,-35.4835559783304,-26.9032447058017
7.94199785177229,493,491,15.4953785805127,67.274386216879,-45.2587270438241,-22.0156591730549
7.94414607948443,493,487,-4.05496355047453,77.0495572823726,-35.4835559783304,-41.5660013040422
7.94629430719656,494,488,-4.05496355047451,72.1619717496258,-33.039763211957,-39.1222085376688
7.9484425349087,500,487,-38.2680622797023,59.9430079177587,-1.27045724910268,-58.6725506686561
7.95059076262084,500,490,-23.6053056814618,52.6116296186385,-8.60183554822292,-44.0097940704156
7.95273899033298,503,494,-18.717720148715,35.5050802540247,-3.7142500154761,-31.7908302385486
7.95488721804511,500,494,-4.05496355047452,42.8364585531449,-18.3770066137166,-24.4594519394283
7.95703544575725,498,494,5.72020751501912,47.7240440858917,-28.1521776792102,-19.5718664066815
7.95918367346939,499,494,0.8326219822723,45.2802513195183,-23.2645921464634,-22.0156591730549
7.96133190118153,498,493,0.832621982272293,50.1678368522651,-25.7083849128368,-24.4594519394283
7.96348012889366,498,492,-4.05496355047452,52.6116296186385,-23.2645921464634,-29.3470374721751
7.9656283566058,501,492,-18.717720148715,45.2802513195183,-8.60183554822292,-36.6784157712954
7.96777658431794,507,493,-43.1556478124491,28.1737019549044,18.2798848818846,-46.453586836789
7.96992481203007,507,495,-33.3804767469554,23.2861164221576,13.3922993491378,-36.6784157712954
7.97207303974221,507,497,-23.6053056814618,18.3985308894108,8.50471381639095,-26.9032447058017
7.97422126745435,510,499,-28.4928912142086,6.17956705754374,18.2798848818846,-24.4594519394283
7.97636949516649,507,499,-13.8301346159682,13.510945356664,3.61712828364413,-17.1280736403081
7.97851772287863,508,500,-13.8301346159682,8.62335982391715,6.06092105001754,-14.6842808739347
7.98066595059076,505,496,-18.717720148715,25.729909188531,1.17333551727072,-26.9032447058017
7.9828141783029,503,495,-13.8301346159682,33.0612874876512,-6.1580427818495,-26.9032447058017
7.98496240601504,499,493,-4.05496355047453,47.7240440858917,-20.82079938009,-26.9032447058017
7.98711063372718,502,497,0.832621982272297,30.6174947212778,-15.9332138473431,-14.6842808739347
7.98925886143931,508,500,-13.8301346159682,8.62335982391715,6.06092105001754,-14.6842808739347
7.99140708915145,509,502,-8.94254908322134,1.29198152479693,6.06092105001754,-7.35290257481447
7.99355531686359,512,502,-23.6053056814618,-6.0393967743233,20.723677648258,-14.6842808739347
7.99570354457572,512,503,-18.717720148715,-8.48318954069671,18.2798848818846,-9.79669534118788
7.99785177228786,511,503,-13.8301346159682,-6.0393967743233,13.3922993491378,-7.35290257481447
8,513,500,-38.2680622797022,-3.59560400794989,30.4988487137516,-26.9032447058017
8.00214822771214,512,498,-43.1556478124491,3.73577429117034,30.4988487137516,-34.234623004922
8.00429645542427,511,501,-23.6053056814618,-1.15181124157648,18.2798848818846,-17.1280736403081
8.00644468313641,510,503,-8.94254908322134,-3.59560400794989,8.50471381639095,-4.90910980844106
8.00859291084855,515,505,-23.6053056814618,-20.7021533725638,28.0550559473782,-7.35290257481447
8.01074113856069,516,507,-18.717720148715,-28.033531671684,28.0550559473782,-0.0215242756942402
8.01288936627282,515,507,-13.8301346159682,-25.5897389053106,23.1674704146314,2.42226849067917
8.01503759398496,515,508,-8.94254908322134,-28.033531671684,20.723677648258,7.30985402342599
8.0171858216971,515,504,-28.4928912142086,-18.2583606061904,30.4988487137516,-12.2404881075613
8.01933404940924,517,503,-43.1556478124491,-20.7021533725638,42.7178125456187,-22.0156591730549
8.02148227712138,518,505,-38.2680622797022,-28.033531671684,42.7178125456187,-14.6842808739347
8.02363050483351,521,509,-33.3804767469554,-45.1400810362979,47.6053980783655,-2.46531704206765
8.02577873254565,522,510,-33.3804767469554,-50.0276665690447,50.0491908447389,-0.0215242756942331
8.02792696025779,526,513,-38.2680622797022,-67.1342159336585,62.268154676606,4.86606125705258
8.03007518796992,525,515,-23.6053056814618,-69.5780087000319,52.4929836111123,17.0850250889196
8.03222341568206,527,517,-23.6053056814618,-79.3531797655256,57.3805691438591,21.9726106216664
8.0343716433942,528,515,-38.2680622797023,-76.9093869991522,67.1557402093528,9.75364678979939
8.03651987110634,527,514,-38.2680622797022,-72.0218014664053,64.7119474429794,7.30985402342599
8.03866809881847,526,515,-28.4928912142086,-72.0218014664053,57.3805691438591,14.6412323225462
8.04081632653061,529,519,-23.6053056814618,-89.1283508310192,62.268154676606,26.8601961544133
8.04296455424275,532,520,-33.3804767469554,-98.9035218965129,74.487118508473,24.4164033880399
8.04511278195489,532,521,-28.4928912142086,-101.347314662886,72.0433257420996,29.3039889207867
8.04726100966703,533,522,-28.4928912142086,-106.234900195633,74.487118508473,31.7477816871601
8.04940923737916,535,525,-23.6053056814618,-118.4538640275,76.9309112748464,41.5229527526537
8.0515574650913,534,524,-23.6053056814618,-113.566278494753,74.487118508473,39.0791599862803
8.05370569280344,534,519,-48.0432333451959,-101.347314662886,86.70608234034,14.6412323225462
8.05585392051557,533,518,-48.0432333451959,-96.4597291301395,84.2622895739666,12.1974395561728
8.05800214822771,530,520,-23.6053056814618,-94.015936363766,64.7119474429794,29.3039889207867
8.06015037593985,528,524,5.72020751501911,-98.9035218965129,45.1616053119921,53.7419165845208
8.06229860365199,528,522,-4.05496355047453,-94.015936363766,50.0491908447389,43.9667455190271
8.06444683136412,529,524,0.8326219822723,-101.347314662886,50.0491908447389,51.2981238181474
8.06659505907626,531,524,-8.94254908322134,-106.234900195633,59.8243619102325,46.4105382854005
8.0687432867884,534,525,-18.717720148715,-116.010071261127,72.0433257420996,43.9667455190271
8.07089151450054,534,524,-23.6053056814618,-113.566278494753,74.487118508473,39.0791599862803
8.07303974221267,537,523,-43.1556478124491,-118.4538640275,91.5936678730869,26.8601961544133
8.07518796992481,533,526,-8.94254908322134,-116.010071261127,64.7119474429794,51.2981238181474
8.07733619763695,534,526,-13.8301346159681,-118.4538640275,69.5995329757262,48.854331051774
8.07948442534909,532,527,0.832621982272286,-116.010071261127,57.3805691438591,58.6295021172676
8.08163265306122,530,526,5.72020751501913,-108.678692962006,50.0491908447389,58.6295021172676
8.08378088077336,524,526,35.0457207115,-94.015936363766,20.723677648258,73.292258715508
8.0859291084855,524,526,35.0457207115,-94.015936363766,20.723677648258,73.292258715508
8.08807733619764,522,522,25.2705496460064,-79.3531797655256,20.723677648258,58.6295021172676
8.09022556390977,523,519,5.72020751501911,-74.4655942327788,32.942641480125,41.5229527526537
8.09237379162191,524,518,-4.05496355047453,-74.4655942327788,40.2740197792453,34.1915744535335
8.09452201933405,524,521,10.6077930477659,-81.796972531899,32.9426414801251,48.8543310517739
8.09667024704619,519,518,20.3829641132596,-62.2466304009117,15.8360921155112,46.4105382854005
8.09881847475832,515,518,39.9333062442469,-52.4714593354181,-3.7142500154761,56.1857093508942
8.10096670247046,516,517,30.1581351787532,-52.4714593354181,3.61712828364413,48.8543310517739
8.1031149301826,517,518,30.1581351787532,-57.3590448681649,6.06092105001754,51.2981238181474
8.10526315789474,518,516,15.4953785805128,-54.9152521017915,15.8360921155112,39.0791599862803
8.10741138560687,519,515,5.72020751501911,-54.9152521017915,23.1674704146314,31.7477816871601
8.10955961331901,518,514,5.72020751501912,-50.0276665690447,20.723677648258,29.3039889207867
8.11170784103115,517,513,5.72020751501911,-45.1400810362979,18.2798848818846,26.8601961544133
8.11385606874329,514,513,20.3829641132596,-37.8087027371776,3.61712828364413,34.1915744535335
8.11600429645542,510,512,35.0457207115,-25.5897389053106,-13.4894210809697,39.0791599862803
8.11815252416756,506,510,44.8208917769937,-10.9269823070701,-28.1521776792102,39.0791599862803
8.1203007518797,501,507,54.5960628424873,8.62335982391715,-45.2587270438241,36.6353672199069
8.12244897959184,501,504,39.9333062442469,15.9547381230374,-37.9273487447038,21.9726106216664
8.12459720730397,501,504,39.9333062442469,15.9547381230374,-37.9273487447038,21.9726106216664
8.12674543501611,504,502,15.4953785805128,13.510945356664,-18.3770066137166,4.86606125705258
8.12889366272825,505,503,15.4953785805128,8.62335982391715,-15.9332138473431,7.30985402342599
8.13104189044039,505,506,30.1581351787532,1.29198152479693,-23.2645921464634,21.9726106216664
8.13319011815253,501,503,35.0457207115,18.3985308894108,-35.4835559783304,17.0850250889196
8.13533834586466,499,503,44.8208917769937,23.2861164221576,-45.2587270438241,21.9726106216664
8.1374865735768,496,502,54.5960628424873,33.0612874876512,-57.4776908756911,24.4164033880399
8.13963480128894,495,500,49.7084773097405,40.3926657867715,-57.4776908756911,17.0850250889196
8.14178302900107,493,496,39.9333062442469,55.0554223850119,-57.4776908756911,2.42226849067917
8.14393125671321,495,493,15.4953785805127,57.4992151513853,-40.3711415110772,-17.1280736403081
8.14607948442535,496,495,20.3829641132596,50.1678368522651,-40.3711415110772,-9.79669534118788
8.14822771213749,494,495,30.1581351787532,55.0554223850119,-50.1463125765709,-4.90910980844106
8.15037593984962,496,495,20.3829641132596,50.1678368522651,-40.3711415110772,-9.79669534118788
8.15252416756176,495,495,25.2705496460064,52.6116296186385,-45.2587270438241,-7.35290257481447
8.1546723952739,496,495,20.3829641132596,50.1678368522651,-40.3711415110772,-9.79669534118788
8.15682062298604,493,498,49.7084773097405,50.1678368522651,-62.3652764084379,12.1974395561728
8.15896885069817,492,493,30.1581351787532,64.8305934505056,-55.0338981093177,-9.79669534118788
8.16111707841031,493,491,15.4953785805127,67.274386216879,-45.2587270438241,-22.0156591730549
8.16326530612245,493,488,0.8326219822723,74.6057645159992,-37.9273487447038,-36.6784157712954
8.16541353383459,491,490,20.3829641132596,74.6057645159992,-52.5901053429443,-22.0156591730549
8.16756176154672,489,491,35.0457207115,77.0495572823726,-64.8090691748113,-12.2404881075613
8.16970998925886,491,488,10.6077930477659,79.493350048746,-47.7025198101975,-31.7908302385486
8.171858216971,492,490,15.4953785805127,72.1619717496258,-47.7025198101975,-24.4594519394283
8.17400644468314,492,493,30.1581351787532,64.8305934505056,-55.0338981093177,-9.79669534118788
8.17615467239527,493,490,10.6077930477659,69.7181789832524,-42.8149342774506,-26.9032447058017
8.17830290010741,494,490,5.72020751501913,67.274386216879,-37.9273487447038,-29.3470374721751
8.18045112781955,495,489,-4.05496355047453,67.274386216879,-30.5959704455836,-36.6784157712954
8.18259935553169,492,486,-4.05496355047453,81.9371428151194,-37.9273487447038,-44.0097940704156
8.18474758324382,489,487,15.4953785805127,86.8247283478663,-55.0338981093177,-31.7908302385486
8.18689581095596,489,487,15.4953785805127,86.8247283478663,-55.0338981093177,-31.7908302385486
8.1890440386681,496,492,5.72020751501912,57.4992151513853,-33.039763211957,-24.4594519394283
8.19119226638024,502,495,-8.94254908322134,35.5050802540247,-11.0456283145963,-24.4594519394283
8.19334049409237,506,495,-28.4928912142086,25.729909188531,8.50471381639095,-34.234623004922
8.19548872180451,502,493,-18.717720148715,40.3926657867715,-6.1580427818495,-34.234623004922
8.19763694951665,497,490,-8.94254908322134,59.9430079177587,-23.2645921464634,-36.6784157712954
8.19978517722879,492,490,15.4953785805127,72.1619717496258,-47.7025198101975,-24.4594519394283
8.20193340494092,495,488,-8.94254908322134,69.7181789832524,-28.1521776792102,-41.5660013040422
8.20408163265306,500,493,-8.94254908322134,45.2802513195183,-15.9332138473431,-29.3470374721752
8.2062298603652,502,496,-4.05496355047452,33.0612874876512,-13.4894210809697,-19.5718664066815
8.20837808807734,501,498,10.6077930477659,30.6174947212778,-23.2645921464634,-7.35290257481447
8.21052631578947,501,496,0.8326219822723,35.5050802540247,-18.3770066137166,-17.1280736403081
8.21267454350161,500,493,-8.94254908322134,45.2802513195183,-15.9332138473431,-29.3470374721752
8.21482277121375,500,491,-18.717720148715,50.1678368522651,-11.0456283145963,-39.1222085376688
8.21697099892589,499,490,-18.717720148715,55.0554223850119,-13.4894210809697,-41.5660013040422
8.21911922663802,497,492,0.8326219822723,55.0554223850119,-28.1521776792102,-26.9032447058017
8.22126745435016,496,491,0.832621982272293,59.9430079177587,-30.5959704455836,-29.3470374721752
8.2234156820623,498,493,0.832621982272293,50.1678368522651,-25.7083849128368,-24.4594519394283
8.22556390977444,498,495,10.6077930477659,45.2802513195183,-30.5959704455836,-14.6842808739347
8.22771213748657,498,494,5.72020751501912,47.7240440858917,-28.1521776792102,-19.5718664066815
8.22986036519871,501,493,-13.8301346159682,42.8364585531449,-11.0456283145963,-31.7908302385486
8.23200859291085,502,494,-13.8301346159682,37.9488730203981,-8.60183554822292,-29.3470374721751
8.23415682062299,505,493,-33.3804767469554,33.0612874876512,8.50471381639095,-41.5660013040422
8.23630504833512,506,495,-28.4928912142086,25.729909188531,8.50471381639095,-34.234623004922
8.23845327604726,506,498,-13.8301346159682,18.3985308894108,1.17333551727072,-19.5718664066815
8.2406015037594,504,498,-4.05496355047452,23.2861164221576,-8.60183554822291,-14.6842808739347
8.24274973147154,504,499,0.832621982272297,20.8423236557842,-11.0456283145963,-9.79669534118788
8.24489795918367,502,501,20.3829641132596,20.8423236557842,-25.7083849128368,4.86606125705258
8.24704618689581,502,496,-4.05496355047452,33.0612874876512,-13.4894210809697,-19.5718664066815
8.24919441460795,499,494,0.8326219822723,45.2802513195183,-23.2645921464634,-22.0156591730549
8.25134264232009,501,493,-13.8301346159682,42.8364585531449,-11.0456283145963,-31.7908302385486
8.25349087003222,503,495,-13.8301346159682,33.0612874876512,-6.1580427818495,-26.9032447058017
8.25563909774436,502,494,-13.8301346159682,37.9488730203981,-8.60183554822292,-29.3470374721751
8.2577873254565,501,497,5.72020751501912,33.0612874876512,-20.82079938009,-12.2404881075613
8.25993555316864,501,496,0.8326219822723,35.5050802540247,-18.3770066137166,-17.1280736403081
8.26208378088077,503,499,5.72020751501912,23.2861164221576,-15.9332138473431,-7.35290257481447
8.26423200859291,506,499,-8.94254908322134,15.9547381230374,-1.27045724910269,-14.6842808739347
8.26638023630505,509,500,-18.717720148715,6.17956705754374,10.9485065827644,-17.1280736403081
8.26852846401719,509,496,-38.2680622797022,15.9547381230374,20.723677648258,-36.6784157712954
8.27067669172932,509,498,-28.4928912142086,11.0671525902906,15.8360921155112,-26.9032447058017
8.27282491944146,510,499,-28.4928912142086,6.17956705754374,18.2798848818846,-24.4594519394283
8.2749731471536,512,502,-23.6053056814618,-6.0393967743233,20.723677648258,-14.6842808739347
8.27712137486574,513,503,-23.6053056814618,-10.9269823070701,23.1674704146314,-12.2404881075613
8.27926960257787,513,507,-4.05496355047452,-20.7021533725638,13.3922993491378,7.30985402342599
8.28141783029001,516,506,-23.6053056814618,-25.5897389053106,30.4988487137516,-4.90910980844106
8.28356605800215,515,505,-23.6053056814618,-20.7021533725638,28.0550559473782,-7.35290257481447
8.28571428571429,518,505,-38.2680622797022,-28.033531671684,42.7178125456187,-14.6842808739347
8.28786251342642,523,508,-48.0432333451959,-47.5838738026713,59.8243619102325,-12.2404881075613
8.29001074113856,524,510,-43.1556478124491,-54.9152521017915,59.8243619102326,-4.90910980844106
8.2921589688507,521,511,-23.6053056814618,-50.0276665690447,42.7178125456187,7.30985402342598
8.29430719656284,515,510,0.8326219822723,-32.9211172044308,15.8360921155112,17.0850250889196
8.29645542427497,511,508,10.6077930477659,-18.2583606061904,1.17333551727072,17.0850250889196
8.29860365198711,508,505,10.6077930477659,-3.59560400794989,-6.1580427818495,9.7536467897994
8.30075187969925,510,507,10.6077930477659,-13.3707750734435,-1.27045724910269,14.6412323225462
8.30290010741139,510,504,-4.05496355047452,-6.0393967743233,6.06092105001754,-0.0215242756942402
8.30504833512352,508,506,15.4953785805128,-6.0393967743233,-8.60183554822291,14.6412323225462
8.30719656283566,512,503,-18.717720148715,-8.48318954069671,18.2798848818846,-9.79669534118788
8.3093447905478,511,506,0.832621982272297,-13.3707750734435,6.06092105001754,7.30985402342599
8.31149301825994,512,507,0.832621982272297,-18.2583606061904,8.50471381639095,9.7536467897994
8.31364124597207,509,507,15.4953785805128,-10.9269823070701,-6.1580427818495,17.0850250889196
8.31578947368421,511,507,5.72020751501912,-15.8145678398169,3.61712828364413,12.1974395561728
8.31793770139635,509,506,10.6077930477659,-8.48318954069671,-3.71425001547609,12.1974395561728
8.32008592910848,507,504,10.6077930477659,1.29198152479693,-8.60183554822291,7.30985402342599
8.32223415682062,505,502,10.6077930477659,11.0671525902906,-13.4894210809697,2.42226849067917
8.32438238453276,499,497,15.4953785805128,37.9488730203981,-30.5959704455836,-7.35290257481447
8.3265306122449,495,494,20.3829641132596,55.0554223850119,-42.8149342774506,-12.2404881075613
8.32867883995704,490,494,44.8208917769937,67.274386216879,-67.2528619411847,-0.0215242756942331
8.33082706766917,489,494,49.7084773097405,69.7181789832524,-72.1404474739316,2.42226849067917
8.33297529538131,488,495,59.4836483752341,69.7181789832524,-79.4718257730518,9.75364678979939
8.33512352309345,489,494,49.7084773097405,69.7181789832524,-72.1404474739316,2.42226849067917
8.33727175080559,488,491,39.9333062442468,79.493350048746,-69.6966547075581,-9.79669534118788
8.33941997851772,490,489,20.3829641132596,79.493350048746,-55.0338981093177,-24.4594519394283
8.34156820622986,491,489,15.4953785805127,77.0495572823726,-50.1463125765709,-26.9032447058017
8.343716433942,491,488,10.6077930477659,79.493350048746,-47.7025198101975,-31.7908302385486
8.34586466165413,487,487,25.2705496460064,91.7123138806131,-64.8090691748113,-26.9032447058017
8.34801288936627,485,488,39.9333062442469,94.1561066469865,-77.0280330066784,-17.1280736403081
8.35016111707841,490,489,20.3829641132596,79.493350048746,-55.0338981093177,-24.4594519394283
8.35230934479055,491,491,25.2705496460064,72.1619717496258,-55.0338981093177,-17.1280736403081
8.35445757250269,493,492,20.3829641132596,64.8305934505056,-47.7025198101975,-17.1280736403081
8.35660580021482,493,489,5.72020751501911,72.1619717496258,-40.3711415110772,-31.7908302385486
8.35875402792696,492,487,0.832621982272286,79.493350048746,-40.3711415110772,-39.1222085376688
8.3609022556391,484,485,30.1581351787532,103.93127771248,-74.584240240305,-29.3470374721752
8.36305048335124,481,484,39.9333062442469,113.706448777974,-86.803204072172,-26.9032447058017
8.36519871106337,480,484,44.8208917769937,116.150241544347,-91.6907896049188,-24.4594519394283
8.36734693877551,484,486,35.0457207115,101.487484946107,-77.0280330066784,-24.4594519394283
8.36949516648765,489,487,15.4953785805127,86.8247283478663,-55.0338981093177,-31.7908302385486
8.37164339419978,494,490,5.72020751501913,67.274386216879,-37.9273487447038,-29.3470374721751
8.37379162191192,497,488,-18.717720148715,64.8305934505056,-18.3770066137166,-46.453586836789
8.37593984962406,498,490,-13.8301346159682,57.4992151513853,-18.3770066137166,-39.1222085376688
8.3780880773362,496,485,-28.4928912142086,74.6057645159992,-15.9332138473431,-58.6725506686561
8.38023630504834,489,484,0.8326219822723,94.1561066469865,-47.7025198101975,-46.453586836789
8.38238453276047,483,482,20.3829641132596,113.706448777974,-72.1404474739316,-41.5660013040422
8.38453276047261,478,485,59.4836483752346,118.594034310721,-103.909753436786,-14.6842808739345
8.38668098818475,480,483,39.9333062442468,118.594034310721,-89.2469968385454,-29.3470374721752
8.38882921589689,488,486,15.4953785805127,91.7123138806131,-57.4776908756911,-34.234623004922
8.39097744360902,490,486,5.72020751501913,86.8247283478663,-47.7025198101975,-39.1222085376688
8.39312567132116,491,485,-4.05496355047453,86.8247283478663,-40.3711415110772,-46.453586836789
8.3952738990333,491,484,-8.94254908322134,89.2685211142397,-37.9273487447038,-51.3411723695358
8.39742212674543,495,486,-18.717720148715,74.6057645159992,-23.2645921464634,-51.3411723695358
8.39957035445757,502,492,-23.6053056814618,42.8364585531449,-3.7142500154761,-39.1222085376688
8.40171858216971,514,497,-57.8184044106895,1.29198152479693,42.7178125456187,-44.0097940704156
8.40386680988185,524,503,-77.3687465416768,-37.8087027371776,76.9309112748464,-39.1222085376688
8.40601503759398,541,512,-116.469430803651,-101.347314662886,138.025730434182,-36.6784157712954
8.40816326530612,560,523,-155.570115065626,-174.661097654089,204.008135126264,-29.3470374721752
8.41031149301826,578,531,-204.445970393095,-238.199709579797,272.43433258472,-34.2346230049222
8.4124597207304,596,539,-253.321825720563,-301.738321505506,340.860530043175,-39.122208537669
8.41460794844254,612,549,-282.647338917044,-365.276933431215,394.62397090339,-29.3470374721754
8.41675617615467,617,559,-258.20941125331,-401.933824926816,394.62397090339,7.30985402342577
8.41890440386681,614,566,-209.333555925841,-411.708995992309,362.854664940536,48.8543310517737
8.42105263157895,603,565,-160.457700598373,-382.383482795829,311.535016846694,70.8484659491344
8.42320085929108,587,562,-96.9190886726645,-335.951420234734,240.665026621865,95.2863936128685
8.42534908700322,564,555,-18.717720148715,-262.637637243531,145.357108733302,117.280528510229
8.42749731471536,538,543,49.7084773097405,-169.773512121342,47.6053980783655,122.168114042976
8.4296455424275,514,531,108.359503702702,-81.796972531899,-40.3711415110772,122.168114042976
8.43179377013963,495,519,142.57260243193,-6.0393967743233,-103.909753436786,109.949150211109
8.43394199785177,482,513,176.785701161158,40.3926657867715,-152.785608764254,112.392942977483
8.43609022556391,478,509,176.785701161158,59.943007917759,-162.560779829748,102.617771911989
8.43823845327605,476,507,176.785701161158,69.7181789832526,-167.448365362495,97.7301863792424
8.44038668098819,476,503,157.235359030171,79.4933500487463,-157.673194297001,78.1798442482551
8.44253490870032,481,501,123.022260300943,72.1619717496258,-128.34768110052,56.1857093508942
8.44468313641246,485,499,93.6967471044618,67.274386216879,-103.909753436786,36.6353672199069
8.4468313641246,490,499,69.2588194407278,55.0554223850119,-79.4718257730518,24.4164033880399
8.44897959183673,496,498,35.0457207115,42.8364585531449,-47.7025198101975,4.86606125705258
8.45112781954887,498,500,35.0457207115,33.0612874876512,-42.8149342774506,9.7536467897994
8.45327604726101,501,500,20.3829641132596,25.729909188531,-28.1521776792102,2.42226849067917
8.45542427497315,500,503,39.9333062442469,20.8423236557842,-40.3711415110772,19.528817855293
8.45757250268528,498,501,39.9333062442469,30.6174947212778,-45.2587270438241,14.6412323225462
8.45972073039742,495,499,44.8208917769937,42.8364585531449,-55.0338981093177,12.1974395561728
8.46186895810956,493,496,39.9333062442469,55.0554223850119,-57.4776908756911,2.42226849067917
8.4640171858217,487,494,59.4836483752341,74.6057645159992,-81.9156185394252,7.30985402342599
8.46616541353383,484,488,44.8208917769937,96.5998994133599,-81.9156185394252,-14.6842808739347
8.46831364124597,481,486,49.7084773097405,108.818863245227,-91.6907896049188,-17.1280736403081
8.47046186895811,485,488,39.9333062442469,94.1561066469865,-77.0280330066784,-17.1280736403081
8.47261009667025,487,489,35.0457207115,86.8247283478663,-69.6966547075581,-17.1280736403081
8.47475832438239,490,488,15.4953785805128,81.9371428151194,-52.5901053429443,-29.3470374721751
8.47690655209452,489,488,20.3829641132596,84.3809355814928,-57.4776908756911,-26.9032447058017
8.47905477980666,493,492,20.3829641132596,64.8305934505056,-47.7025198101975,-17.1280736403081
8.4812030075188,497,491,-4.05496355047453,57.4992151513853,-25.7083849128368,-31.7908302385486
8.48335123523093,497,487,-23.6053056814618,67.274386216879,-15.9332138473431,-51.3411723695358
8.48549946294307,491,487,5.72020751501911,81.9371428151194,-45.2587270438241,-36.6784157712954
8.48764769065521,488,487,20.3829641132596,89.2685211142397,-59.9214836420645,-29.3470374721752
8.48979591836735,484,486,35.0457207115,101.487484946107,-77.0280330066784,-24.4594519394283
8.49194414607948,483,485,35.0457207115,106.375070478854,-79.4718257730518,-26.9032447058017
8.49409237379162,485,487,35.0457207115,96.5998994133599,-74.584240240305,-22.0156591730549
8.49624060150376,483,485,35.0457207115,106.375070478854,-79.4718257730518,-26.9032447058017
8.4983888292159,486,487,30.1581351787532,94.1561066469865,-69.6966547075582,-24.4594519394283
8.50053705692804,492,484,-13.8301346159682,86.8247283478663,-33.039763211957,-53.7849651359092
8.50268528464017,496,486,-23.6053056814618,72.1619717496258,-18.3770066137166,-53.7849651359092
8.50483351235231,499,490,-18.717720148715,55.0554223850119,-13.4894210809697,-41.5660013040422
8.50698174006445,502,493,-18.717720148715,40.3926657867715,-6.1580427818495,-34.234623004922
8.50912996777658,503,494,-18.717720148715,35.5050802540247,-3.7142500154761,-31.7908302385486
8.51127819548872,505,496,-18.717720148715,25.729909188531,1.17333551727072,-26.9032447058017
8.51342642320086,506,497,-18.717720148715,20.8423236557842,3.61712828364413,-24.4594519394283
8.515574650913,503,497,-4.05496355047452,28.1737019549044,-11.0456283145963,-17.1280736403081
8.51772287862513,500,493,-8.94254908322134,45.2802513195183,-15.9332138473431,-29.3470374721752
8.51987110633727,500,491,-18.717720148715,50.1678368522651,-11.0456283145963,-39.1222085376688
8.52201933404941,499,491,-13.8301346159682,52.6116296186385,-15.9332138473431,-36.6784157712954
8.52416756176155,499,493,-4.05496355047453,47.7240440858917,-20.82079938009,-26.9032447058017
8.52631578947368,498,493,0.832621982272293,50.1678368522651,-25.7083849128368,-24.4594519394283
8.52846401718582,498,494,5.72020751501912,47.7240440858917,-28.1521776792102,-19.5718664066815
8.53061224489796,497,495,15.4953785805127,47.7240440858917,-35.4835559783304,-12.2404881075613
8.5327604726101,498,496,15.4953785805128,42.8364585531449,-33.039763211957,-9.79669534118787
8.53490870032223,502,494,-13.8301346159682,37.9488730203981,-8.60183554822292,-29.3470374721751
8.53705692803437,505,493,-33.3804767469554,33.0612874876512,8.50471381639095,-41.5660013040422
8.53920515574651,507,493,-43.1556478124491,28.1737019549044,18.2798848818846,-46.453586836789
8.54135338345865,507,496,-28.4928912142086,20.8423236557842,10.9485065827644,-31.7908302385486
8.54350161117078,505,498,-8.94254908322134,20.8423236557842,-3.71425001547609,-17.1280736403081
8.54564983888292,506,498,-13.8301346159682,18.3985308894108,1.17333551727072,-19.5718664066815
8.54779806659506,501,499,15.4953785805128,28.1737019549044,-25.7083849128368,-2.46531704206765
8.5499462943072,501,497,5.72020751501912,33.0612874876512,-20.82079938009,-12.2404881075613
8.55209452201933,505,498,-8.94254908322134,20.8423236557842,-3.71425001547609,-17.1280736403081
8.55424274973147,506,498,-13.8301346159682,18.3985308894108,1.17333551727072,-19.5718664066815
8.55639097744361,506,497,-18.717720148715,20.8423236557842,3.61712828364413,-24.4594519394283
8.55853920515575,512,498,-43.1556478124491,3.73577429117034,30.4988487137516,-34.234623004922
8.56068743286788,512,502,-23.6053056814618,-6.0393967743233,20.723677648258,-14.6842808739347
8.56283566058002,514,504,-23.6053056814618,-15.8145678398169,25.6112631810048,-9.79669534118788
8.56498388829216,514,505,-18.717720148715,-18.2583606061904,23.1674704146314,-4.90910980844106
8.5671321160043,512,506,-4.05496355047452,-15.8145678398169,10.9485065827644,4.86606125705258
8.56928034371643,511,507,5.72020751501912,-15.8145678398169,3.61712828364413,12.1974395561728
8.57142857142857,510,502,-13.8301346159682,-1.15181124157648,10.9485065827644,-9.79669534118788
8.57357679914071,506,499,-8.94254908322134,15.9547381230374,-1.27045724910269,-14.6842808739347
8.57572502685285,507,498,-18.717720148715,15.9547381230374,6.06092105001754,-22.0156591730549
8.57787325456498,508,503,0.832621982272297,1.29198152479693,-1.27045724910269,-0.0215242756942402
8.58002148227712,512,503,-18.717720148715,-8.48318954069671,18.2798848818846,-9.79669534118788
8.58216970998926,514,504,-23.6053056814618,-15.8145678398169,25.6112631810048,-9.79669534118788
8.5843179377014,516,507,-18.717720148715,-28.033531671684,28.0550559473782,-0.0215242756942402
8.58646616541353,522,511,-28.4928912142086,-52.4714593354181,47.6053980783655,4.86606125705258
8.58861439312567,523,508,-48.0432333451959,-47.5838738026713,59.8243619102325,-12.2404881075613
8.59076262083781,525,508,-57.8184044106895,-52.4714593354181,69.5995329757262,-17.1280736403081
8.59291084854995,526,509,-57.8184044106895,-57.3590448681649,72.0433257420996,-14.6842808739347
8.59505907626208,523,511,-33.3804767469554,-54.9152521017915,52.4929836111123,2.42226849067917
8.59720730397422,519,510,-18.717720148715,-42.6962882699244,35.3864342464985,7.30985402342599
8.59935553168636,516,510,-4.05496355047452,-35.3649099708042,20.723677648258,14.6412323225462
8.6015037593985,519,513,-4.05496355047453,-50.0276665690447,28.0550559473782,21.9726106216664
8.60365198711063,525,517,-13.8301346159682,-74.4655942327788,47.6053980783655,26.8601961544133
8.60580021482277,531,515,-52.9308188779427,-84.2407652982724,81.8184968075932,2.42226849067917
8.60794844253491,531,518,-38.2680622797022,-91.5721435973926,74.487118508473,17.0850250889196
8.61009667024705,533,518,-48.0432333451959,-96.4597291301395,84.2622895739666,12.1974395561728
8.61224489795918,530,518,-33.3804767469554,-89.1283508310192,69.5995329757262,19.528817855293
8.61439312567132,525,517,-13.8301346159682,-74.4655942327788,47.6053980783655,26.8601961544133
8.61654135338346,528,521,-8.94254908322135,-91.5721435973926,52.4929836111123,39.0791599862803
8.6186895810956,529,520,-18.717720148715,-91.5721435973926,59.8243619102325,31.7477816871601
8.62083780880773,530,521,-18.717720148715,-96.4597291301394,62.268154676606,34.1915744535335
8.62298603651987,529,522,-8.94254908322134,-96.4597291301395,54.9367763774857,41.5229527526537
8.62513426423201,530,520,-23.6053056814618,-94.015936363766,64.7119474429794,29.3039889207867
8.62728249194415,529,519,-23.6053056814618,-89.1283508310192,62.268154676606,26.8601961544133
8.62943071965628,529,520,-18.717720148715,-91.5721435973926,59.8243619102325,31.7477816871601
8.63157894736842,532,522,-23.6053056814618,-103.79110742926,69.5995329757262,34.1915744535335
8.63372717508056,531,522,-18.717720148715,-101.347314662886,64.7119474429794,36.6353672199069
8.6358754027927,536,524,-33.3804767469554,-118.4538640275,84.2622895739667,34.1915744535335
8.63802363050483,537,527,-23.6053056814618,-128.229035092994,81.8184968075932,46.4105382854005
8.64017185821697,537,529,-13.8301346159682,-133.116620625741,76.9309112748464,56.1857093508942
8.64232008592911,538,526,-33.3804767469554,-128.229035092994,89.1498751067135,39.0791599862803
8.64446831364125,537,524,-38.2680622797022,-120.897656793874,89.1498751067135,31.7477816871601
8.64661654135338,531,524,-8.94254908322134,-106.234900195633,59.8243619102325,46.4105382854005
8.64876476906552,528,521,-8.94254908322135,-91.5721435973926,52.4929836111123,39.0791599862803
8.65091299677766,526,523,10.6077930477659,-91.5721435973926,37.8302270128719,53.7419165845208
8.6530612244898,524,523,20.3829641132596,-86.6845580646458,28.0550559473782,58.6295021172676
8.65520945220193,524,524,25.2705496460064,-89.1283508310192,25.6112631810048,63.5170876500144
8.65735767991407,527,523,5.72020751501911,-94.015936363766,42.7178125456187,51.2981238181474
8.65950590762621,526,523,10.6077930477659,-91.5721435973926,37.8302270128719,53.7419165845208
8.66165413533835,524,521,10.6077930477659,-81.796972531899,32.9426414801251,48.8543310517739
8.66380236305048,529,520,-18.717720148715,-91.5721435973926,59.8243619102325,31.7477816871601
8.66595059076262,525,521,5.72020751501911,-84.2407652982724,37.8302270128719,46.4105382854005
8.66809881847476,526,520,-4.05496355047451,-84.2407652982724,45.1616053119921,39.0791599862803
8.6702470461869,523,521,15.4953785805127,-79.3531797655256,28.0550559473782,51.2981238181474
8.67239527389903,520,520,25.2705496460064,-69.5780087000319,15.8360921155112,53.7419165845208
8.67454350161117,515,519,44.8208917769937,-54.9152521017915,-6.1580427818495,61.073294883641
8.67669172932331,518,518,25.2705496460064,-59.8028376345383,10.9485065827644,48.854331051774
8.67883995703545,515,515,25.2705496460064,-45.1400810362979,3.61712828364413,41.5229527526537
8.68098818474758,510,511,30.1581351787532,-23.1459461389372,-11.0456283145963,34.1915744535335
8.68313641245972,510,509,20.3829641132596,-18.2583606061904,-6.1580427818495,24.4164033880399
8.68528464017186,509,511,35.0457207115,-20.7021533725638,-15.9332138473431,36.6353672199069
8.687432867884,511,512,30.1581351787532,-28.033531671684,-8.60183554822292,36.6353672199069
8.68958109559613,506,511,49.7084773097405,-13.3707750734435,-30.5959704455836,43.9667455190271
8.69172932330827,501,507,54.5960628424873,8.62335982391715,-45.2587270438241,36.6353672199069
8.69387755102041,497,505,64.3712339079809,23.2861164221576,-59.9214836420645,36.6353672199069
8.69602577873255,496,501,49.7084773097405,35.5050802540247,-55.0338981093177,19.528817855293
8.69817400644468,496,501,49.7084773097405,35.5050802540247,-55.0338981093177,19.528817855293
8.70032223415682,498,498,25.2705496460064,37.9488730203981,-37.9273487447038,-0.0215242756942402
8.70247046186896,499,499,25.2705496460064,33.0612874876512,-35.4835559783304,2.42226849067917
8.7046186895811,503,501,15.4953785805128,18.3985308894108,-20.82079938009,2.42226849067917
8.70676691729323,504,504,25.2705496460064,8.62335982391715,-23.2645921464634,14.6412323225462
8.70891514500537,503,503,25.2705496460064,13.510945356664,-25.7083849128368,12.1974395561728
8.71106337271751,500,501,30.1581351787532,25.729909188531,-35.4835559783304,9.7536467897994
8.71321160042964,498,499,30.1581351787532,35.5050802540247,-40.3711415110772,4.86606125705258
8.71535982814178,498,496,15.4953785805128,42.8364585531449,-33.039763211957,-9.79669534118787
8.71750805585392,494,492,15.4953785805128,62.3868006841322,-42.8149342774507,-19.5718664066815
8.71965628356606,492,493,30.1581351787532,64.8305934505056,-55.0338981093177,-9.79669534118788
8.7218045112782,492,494,35.0457207115,62.3868006841322,-57.4776908756911,-4.90910980844106
8.72395273899033,491,497,54.5960628424873,57.4992151513853,-69.6966547075582,12.1974395561728
8.72610096670247,487,493,54.5960628424873,77.0495572823726,-79.4718257730518,2.42226849067917
8.72824919441461,485,492,59.4836483752341,84.3809355814928,-86.803204072172,2.42226849067917
8.73039742212675,490,492,35.0457207115,72.1619717496258,-62.3652764084379,-9.79669534118787
8.73254564983888,492,492,25.2705496460064,67.274386216879,-52.5901053429443,-14.6842808739347
8.73469387755102,494,489,0.8326219822723,69.7181789832524,-35.4835559783304,-34.234623004922
8.73684210526316,496,489,-8.94254908322134,64.8305934505056,-25.7083849128368,-39.1222085376688
8.73899033297529,496,490,-4.05496355047452,62.3868006841322,-28.1521776792102,-34.234623004922
8.74113856068743,497,495,15.4953785805127,47.7240440858917,-35.4835559783304,-12.2404881075613
8.74328678839957,500,494,-4.05496355047452,42.8364585531449,-18.3770066137166,-24.4594519394283
8.74543501611171,501,496,0.8326219822723,35.5050802540247,-18.3770066137166,-17.1280736403081
8.74758324382385,504,497,-8.94254908322134,25.729909188531,-6.1580427818495,-19.5718664066815
8.74973147153598,503,496,-8.94254908322134,30.6174947212778,-8.60183554822292,-22.0156591730549
8.75187969924812,504,492,-33.3804767469554,37.9488730203981,6.06092105001754,-44.0097940704156
8.75402792696026,501,492,-18.717720148715,45.2802513195183,-8.60183554822292,-36.6784157712954
8.7561761546724,498,493,0.832621982272293,50.1678368522651,-25.7083849128368,-24.4594519394283
8.75832438238453,495,491,5.72020751501911,62.3868006841322,-35.4835559783304,-26.9032447058017
8.76047261009667,489,492,39.9333062442469,74.6057645159992,-67.2528619411847,-7.35290257481446
8.76262083780881,492,493,30.1581351787532,64.8305934505056,-55.0338981093177,-9.79669534118788
8.76476906552094,494,494,25.2705496460064,57.4992151513853,-47.7025198101975,-9.79669534118787
8.76691729323308,496,492,5.72020751501912,57.4992151513853,-33.039763211957,-24.4594519394283
8.76906552094522,493,491,15.4953785805127,67.274386216879,-45.2587270438241,-22.0156591730549
8.77121374865736,494,488,-4.05496355047451,72.1619717496258,-33.039763211957,-39.1222085376688
8.77336197636949,495,489,-4.05496355047453,67.274386216879,-30.5959704455836,-36.6784157712954
8.77551020408163,494,489,0.8326219822723,69.7181789832524,-35.4835559783304,-34.234623004922
8.77765843179377,494,493,20.3829641132596,59.9430079177588,-45.2587270438241,-14.6842808739347
8.77980665950591,493,490,10.6077930477659,69.7181789832524,-42.8149342774506,-26.9032447058017
8.78195488721805,498,492,-4.05496355047452,52.6116296186385,-23.2645921464634,-29.3470374721751
8.78410311493018,499,494,0.8326219822723,45.2802513195183,-23.2645921464634,-22.0156591730549
8.78625134264232,501,493,-13.8301346159682,42.8364585531449,-11.0456283145963,-31.7908302385486
8.78839957035446,502,491,-28.4928912142086,45.2802513195183,-1.27045724910268,-44.0097940704156
8.79054779806659,500,492,-13.8301346159682,47.7240440858917,-13.4894210809697,-34.234623004922
8.79269602577873,498,494,5.72020751501912,47.7240440858917,-28.1521776792102,-19.5718664066815
8.79484425349087,494,494,25.2705496460064,57.4992151513853,-47.7025198101975,-9.79669534118787
8.79699248120301,496,493,10.6077930477659,55.0554223850119,-35.4835559783304,-19.5718664066815
8.79914070891514,497,495,15.4953785805127,47.7240440858917,-35.4835559783304,-12.2404881075613
8.80128893662728,497,495,15.4953785805127,47.7240440858917,-35.4835559783304,-12.2404881075613
8.80343716433942,496,494,15.4953785805128,52.6116296186385,-37.9273487447038,-14.6842808739347
8.80558539205156,497,490,-8.94254908322134,59.9430079177587,-23.2645921464634,-36.6784157712954
8.8077336197637,498,490,-13.8301346159682,57.4992151513853,-18.3770066137166,-39.1222085376688
8.80988184747583,498,489,-18.717720148715,59.9430079177587,-15.9332138473431,-44.0097940704156
8.81203007518797,497,494,10.6077930477659,50.1678368522651,-33.039763211957,-17.1280736403081
8.81417830290011,500,494,-4.05496355047452,42.8364585531449,-18.3770066137166,-24.4594519394283
8.81632653061224,504,496,-13.8301346159682,28.1737019549044,-3.7142500154761,-24.4594519394283
8.81847475832438,505,498,-8.94254908322134,20.8423236557842,-3.71425001547609,-17.1280736403081
8.82062298603652,506,498,-13.8301346159682,18.3985308894108,1.17333551727072,-19.5718664066815
8.82277121374866,509,496,-38.2680622797022,15.9547381230374,20.723677648258,-36.6784157712954
8.82491944146079,510,497,-38.2680622797022,11.0671525902906,23.1674704146314,-34.234623004922
8.82706766917293,507,497,-23.6053056814618,18.3985308894108,8.50471381639095,-26.9032447058017
8.82921589688507,509,502,-8.94254908322134,1.29198152479693,6.06092105001754,-7.35290257481447
8.83136412459721,506,501,0.832621982272297,11.0671525902906,-6.1580427818495,-4.90910980844106
8.83351235230935,501,499,15.4953785805128,28.1737019549044,-25.7083849128368,-2.46531704206765
8.83566058002148,498,498,25.2705496460064,37.9488730203981,-37.9273487447038,-0.0215242756942402
8.83780880773362,500,499,20.3829641132596,30.6174947212778,-30.5959704455836,-0.0215242756942402
8.83995703544576,499,496,10.6077930477659,40.3926657867715,-28.1521776792102,-12.2404881075613
8.8421052631579,499,494,0.8326219822723,45.2802513195183,-23.2645921464634,-22.0156591730549
8.84425349087003,500,492,-13.8301346159682,47.7240440858917,-13.4894210809697,-34.234623004922
8.84640171858217,506,500,-4.05496355047452,13.510945356664,-3.71425001547609,-9.79669534118788
8.84854994629431,514,500,-43.1556478124491,-6.0393967743233,35.3864342464985,-29.3470374721752
8.85069817400644,516,504,-33.3804767469554,-20.7021533725638,35.3864342464985,-14.6842808739347
8.85284640171858,522,506,-52.9308188779427,-40.252495503551,59.8243619102325,-19.5718664066815
8.85499462943072,521,510,-28.4928912142086,-47.5838738026713,45.1616053119921,2.42226849067917
8.85714285714286,525,508,-57.8184044106895,-52.4714593354181,69.5995329757262,-17.1280736403081
8.85929108485499,519,505,-43.1556478124491,-30.4773244380574,47.6053980783655,-17.1280736403081
8.86143931256713,512,502,-23.6053056814618,-6.0393967743233,20.723677648258,-14.6842808739347
8.86358754027927,510,502,-13.8301346159682,-1.15181124157648,10.9485065827644,-9.79669534118788
8.86573576799141,509,505,5.72020751501912,-6.0393967743233,-1.27045724910269,7.30985402342599
8.86788399570355,510,505,0.832621982272297,-8.48318954069671,3.61712828364413,4.86606125705258
8.87003222341568,511,506,0.832621982272297,-13.3707750734435,6.06092105001754,7.30985402342599
8.87218045112782,510,507,10.6077930477659,-13.3707750734435,-1.27045724910269,14.6412323225462
8.87432867883996,513,505,-13.8301346159682,-15.8145678398169,18.2798848818846,-2.46531704206765
8.87647690655209,512,504,-13.8301346159682,-10.9269823070701,15.8360921155112,-4.90910980844106
8.87862513426423,510,503,-8.94254908322134,-3.59560400794989,8.50471381639095,-4.90910980844106
8.88077336197637,511,505,-4.05496355047452,-10.9269823070701,8.50471381639095,2.42226849067917
8.88292158968851,512,508,5.72020751501912,-20.7021533725638,6.06092105001754,14.6412323225462
8.88506981740064,510,508,15.4953785805128,-15.8145678398169,-3.71425001547609,19.528817855293
8.88721804511278,505,506,30.1581351787532,1.29198152479693,-23.2645921464634,21.9726106216664
8.88936627282492,501,503,35.0457207115,18.3985308894108,-35.4835559783304,17.0850250889196
8.89151450053706,496,503,59.4836483752341,30.6174947212778,-59.9214836420645,29.3039889207867
8.8936627282492,495,497,35.0457207115,47.7240440858917,-50.1463125765709,2.42226849067917
8.89581095596133,495,495,25.2705496460064,52.6116296186385,-45.2587270438241,-7.35290257481447
8.89795918367347,493,493,25.2705496460064,62.3868006841322,-50.1463125765709,-12.2404881075613
8.90010741138561,491,495,44.8208917769937,62.3868006841322,-64.8090691748113,2.42226849067917
8.90225563909774,493,494,30.1581351787532,59.9430079177587,-52.5901053429443,-7.35290257481446
8.90440386680988,491,493,35.0457207115,67.274386216879,-59.9214836420645,-7.35290257481447
8.90655209452202,489,492,39.9333062442469,74.6057645159992,-67.2528619411847,-7.35290257481446
8.90870032223416,486,493,59.4836483752341,79.493350048746,-84.3594113057986,4.86606125705258
8.91084854994629,485,489,44.8208917769937,91.7123138806131,-79.4718257730518,-12.2404881075613
8.91299677765843,487,485,15.4953785805127,96.5998994133599,-59.9214836420645,-36.6784157712954
8.91514500537057,490,483,-8.94254908322134,94.1561066469865,-40.3711415110772,-53.7849651359092
8.91729323308271,487,485,15.4953785805127,96.5998994133599,-59.9214836420645,-36.6784157712954
8.91944146079484,486,486,25.2705496460064,96.5998994133599,-67.2528619411847,-29.3470374721751
8.92158968850698,485,486,30.1581351787532,99.0436921797333,-72.1404474739316,-26.9032447058017
8.92373791621912,485,486,30.1581351787532,99.0436921797333,-72.1404474739316,-26.9032447058017
8.92588614393126,484,488,44.8208917769937,96.5998994133599,-81.9156185394252,-14.6842808739347
8.92803437164339,489,484,0.8326219822723,94.1561066469865,-47.7025198101975,-46.453586836789
8.93018259935553,489,483,-4.05496355047453,96.5998994133599,-45.2587270438241,-51.3411723695358
8.93233082706767,488,483,0.832621982272286,99.0436921797333,-50.1463125765709,-48.8973796031624
8.93447905477981,487,482,0.8326219822723,103.93127771248,-52.5901053429443,-51.3411723695358
8.93662728249194,493,484,-18.717720148715,84.3809355814928,-28.1521776792102,-56.2287579022827
8.93877551020408,495,487,-13.8301346159682,72.1619717496258,-25.7083849128368,-46.453586836789
8.94092373791622,496,488,-13.8301346159682,67.274386216879,-23.2645921464634,-44.0097940704156
8.94307196562836,491,490,20.3829641132596,74.6057645159992,-52.5901053429443,-22.0156591730549
8.94522019334049,489,488,20.3829641132596,84.3809355814928,-57.4776908756911,-26.9032447058017
8.94736842105263,487,483,5.72020751501911,101.487484946107,-55.0338981093177,-46.453586836789
8.94951664876477,486,481,0.8326219822723,108.818863245227,-55.0338981093177,-53.7849651359092
8.95166487647691,483,481,15.4953785805127,116.150241544347,-69.6966547075581,-46.453586836789
8.95381310418904,477,479,35.0457207115,135.700583675335,-94.1345823712925,-41.5660013040424
8.95596133190118,479,479,25.2705496460064,130.812998142588,-84.3594113057988,-46.4535868367892
8.95810955961332,479,479,25.2705496460064,130.812998142588,-84.3594113057988,-46.4535868367892
8.96025778732546,483,482,20.3829641132596,113.706448777974,-72.1404474739316,-41.5660013040422
8.96240601503759,480,480,25.2705496460064,125.925412609841,-81.9156185394252,-44.0097940704156
8.96455424274973,481,479,15.4953785805123,125.925412609841,-74.5842402403048,-51.3411723695363
8.96670247046187,486,479,-8.94254908322178,113.706448777974,-50.1463125765707,-63.5601362014033
8.96885069817401,494,481,-38.2680622797022,89.2685211142397,-15.9332138473431,-73.3353072668965
8.97099892588614,508,489,-67.5935754761832,35.5050802540247,32.942641480125,-68.4477217341497
8.97314715359828,525,498,-106.694259738158,-28.033531671684,94.0374606394603,-66.0039289677763
8.97529538131042,545,509,-150.682529532879,-103.79110742926,164.907450864289,-61.1163434350295
8.97744360902256,564,520,-189.783213794854,-177.104890420462,230.889855556371,-53.7849651359092
8.97959183673469,581,531,-219.108726991335,-245.531087878918,287.09708918296,-41.5660013040424
8.98174006444683,595,540,-243.546654655069,-301.738321505506,333.529151744055,-31.7908302385488
8.98388829215897,609,549,-267.984582318803,-357.945555132094,379.96121430515,-22.0156591730551
8.98603651987111,620,557,-282.647338917044,-404.377617693189,414.174313034377,-9.79669534118813
8.98818474758324,617,562,-243.546654655069,-409.265203225936,387.29259260427,21.9726106216662
8.99033297529538,607,563,-189.783213794854,-387.271068328575,335.972944510428,51.2981238181471
8.99248120300752,586,560,-101.806674205411,-328.620041935614,240.665026621865,87.9550153137483
8.99462943071966,563,552,-28.4928912142086,-252.862466178038,147.800901499675,105.061564678362
8.99677765843179,536,546,74.1464049734746,-172.217304887715,30.4988487137516,141.718456173963
8.99892588614393,515,533,113.247089235449,-89.1283508310192,-40.3711415110772,129.499492342096
9.00107411385607,495,520,147.460187964677,-8.48318954069671,-106.353546203159,114.836735743856
9.00322234156821,484,513,167.010530095664,35.5050802540247,-143.01043769876,107.505357444736
9.00537056928034,479,507,162.122944562918,62.3868006841324,-152.785608764255,90.3988080801221
9.00751879699248,477,503,152.347773497424,77.0495572823728,-152.785608764255,75.7360514818817
9.00966702470462,479,503,142.57260243193,72.161971749626,-143.010437698761,70.8484659491348
9.01181525241676,486,502,103.471918169956,57.4992151513853,-106.353546203159,48.854331051774
9.01396348012889,496,505,69.2588194407278,25.729909188531,-64.8090691748113,39.0791599862803
9.01611170784103,498,504,54.5960628424873,23.2861164221576,-52.5901053429443,29.3039889207867
9.01825993555317,502,504,35.0457207115,13.510945356664,-33.039763211957,19.528817855293
9.02040816326531,501,500,20.3829641132596,25.729909188531,-28.1521776792102,2.42226849067917
9.02255639097744,502,499,10.6077930477659,25.729909188531,-20.82079938009,-4.90910980844106
9.02470461868958,501,498,10.6077930477659,30.6174947212778,-23.2645921464634,-7.35290257481447
9.02685284640172,496,500,44.8208917769937,37.9488730203981,-52.5901053429443,14.6412323225462
9.02900107411386,492,498,54.5960628424873,52.6116296186385,-67.2528619411847,14.6412323225462
9.03114930182599,491,496,49.7084773097405,59.9430079177587,-67.2528619411847,7.30985402342599
9.03329752953813,495,496,30.1581351787532,50.1678368522651,-47.7025198101975,-2.46531704206765
9.03544575725027,494,497,39.9333062442469,50.1678368522651,-55.0338981093177,4.86606125705258
9.03759398496241,493,494,30.1581351787532,59.9430079177587,-52.5901053429443,-7.35290257481446
9.03974221267454,490,491,30.1581351787532,74.6057645159992,-59.9214836420645,-14.6842808739347
9.04189044038668,485,488,39.9333062442469,94.1561066469865,-77.0280330066784,-17.1280736403081
9.04403866809882,486,490,44.8208917769937,86.8247283478663,-77.0280330066784,-9.79669534118787
9.04618689581096,488,489,30.1581351787532,84.3809355814928,-64.8090691748113,-19.5718664066815
9.04833512352309,489,491,35.0457207115,77.0495572823726,-64.8090691748113,-12.2404881075613
9.05048335123523,490,490,25.2705496460064,77.0495572823726,-57.4776908756911,-19.5718664066815
9.05263157894737,490,489,20.3829641132596,79.493350048746,-55.0338981093177,-24.4594519394283
9.05477980665951,487,487,25.2705496460064,91.7123138806131,-64.8090691748113,-26.9032447058017
9.05692803437164,490,487,10.6077930477659,84.3809355814928,-50.1463125765709,-34.234623004922
9.05907626208378,485,483,15.4953785805127,106.375070478854,-64.8090691748113,-41.5660013040422
9.06122448979592,484,483,20.3829641132596,108.818863245227,-69.6966547075581,-39.1222085376688
9.06337271750806,485,485,25.2705496460064,101.487484946107,-69.6966547075581,-31.7908302385486
9.06552094522019,492,487,0.832621982272286,79.493350048746,-40.3711415110772,-39.1222085376688
9.06766917293233,493,487,-4.05496355047453,77.0495572823726,-35.4835559783304,-41.5660013040422
9.06981740064447,493,489,5.72020751501911,72.1619717496258,-40.3711415110772,-31.7908302385486
9.07196562835661,491,486,0.8326219822723,84.3809355814928,-42.8149342774506,-41.5660013040422
9.07411385606874,491,486,0.8326219822723,84.3809355814928,-42.8149342774506,-41.5660013040422
9.07626208378088,495,487,-13.8301346159682,72.1619717496258,-25.7083849128368,-46.453586836789
9.07841031149302,497,486,-28.4928912142086,69.7181789832524,-13.4894210809697,-56.2287579022827
9.08055853920516,499,490,-18.717720148715,55.0554223850119,-13.4894210809697,-41.5660013040422
9.08270676691729,499,489,-23.6053056814618,57.4992151513853,-11.0456283145963,-46.453586836789
9.08485499462943,498,491,-8.94254908322134,55.0554223850119,-20.82079938009,-34.234623004922
9.08700322234157,495,491,5.72020751501911,62.3868006841322,-35.4835559783304,-26.9032447058017
9.08915145005371,495,490,0.8326219822723,64.8305934505056,-33.039763211957,-31.7908302385486
9.09129967776584,501,490,-28.4928912142086,50.1678368522651,-3.7142500154761,-46.453586836789
9.09344790547798,505,492,-38.2680622797022,35.5050802540247,10.9485065827644,-46.453586836789
9.09559613319012,504,492,-33.3804767469554,37.9488730203981,6.06092105001754,-44.0097940704156
9.09774436090226,506,494,-33.3804767469554,28.1737019549044,10.9485065827644,-39.1222085376688
9.09989258861439,503,495,-13.8301346159682,33.0612874876512,-6.1580427818495,-26.9032447058017
9.10204081632653,501,497,5.72020751501912,33.0612874876512,-20.82079938009,-12.2404881075613
9.10418904403867,501,497,5.72020751501912,33.0612874876512,-20.82079938009,-12.2404881075613
9.1063372717508,502,497,0.832621982272297,30.6174947212778,-15.9332138473431,-14.6842808739347
9.10848549946294,501,495,-4.05496355047453,37.9488730203981,-15.9332138473431,-22.0156591730549
9.11063372717508,503,494,-18.717720148715,35.5050802540247,-3.7142500154761,-31.7908302385486
9.11278195488722,503,495,-13.8301346159682,33.0612874876512,-6.1580427818495,-26.9032447058017
9.11493018259936,505,496,-18.717720148715,25.729909188531,1.17333551727072,-26.9032447058017
9.11707841031149,502,495,-8.94254908322134,35.5050802540247,-11.0456283145963,-24.4594519394283
9.11922663802363,501,498,10.6077930477659,30.6174947212778,-23.2645921464634,-7.35290257481447
9.12137486573577,501,496,0.8326219822723,35.5050802540247,-18.3770066137166,-17.1280736403081
9.12352309344791,501,499,15.4953785805128,28.1737019549044,-25.7083849128368,-2.46531704206765
9.12567132116004,508,499,-18.717720148715,11.0671525902906,8.50471381639095,-19.5718664066815
9.12781954887218,512,501,-28.4928912142086,-3.59560400794989,23.1674704146314,-19.5718664066815
9.12996777658432,516,500,-52.9308188779427,-10.9269823070701,45.1616053119921,-34.234623004922
9.13211600429645,516,502,-43.1556478124491,-15.8145678398169,40.2740197792453,-24.4594519394283
9.13426423200859,513,503,-23.6053056814618,-10.9269823070701,23.1674704146314,-12.2404881075613
9.13641245972073,511,506,0.832621982272297,-13.3707750734435,6.06092105001754,7.30985402342599
9.13856068743287,509,504,0.832621982272297,-3.59560400794989,1.17333551727072,2.42226849067917
9.14070891514501,509,504,0.832621982272297,-3.59560400794989,1.17333551727072,2.42226849067917
9.14285714285714,508,503,0.832621982272297,1.29198152479693,-1.27045724910269,-0.0215242756942402
9.14500537056928,511,502,-18.717720148715,-3.59560400794989,15.8360921155112,-12.2404881075613
9.14715359828142,513,503,-23.6053056814618,-10.9269823070701,23.1674704146314,-12.2404881075613
9.14930182599356,517,504,-38.2680622797022,-23.1459461389372,40.2740197792453,-17.1280736403081
9.15145005370569,521,509,-33.3804767469554,-45.1400810362979,47.6053980783655,-2.46531704206765
9.15359828141783,519,511,-13.8301346159682,-45.1400810362979,32.942641480125,12.1974395561728
9.15574650912997,519,510,-18.717720148715,-42.6962882699244,35.3864342464985,7.30985402342599
9.1578947368421,518,512,-4.05496355047452,-45.1400810362979,25.6112631810048,19.528817855293
9.16004296455424,520,513,-8.94254908322134,-52.4714593354181,32.942641480125,19.528817855293
9.16219119226638,520,512,-13.8301346159682,-50.0276665690447,35.3864342464985,14.6412323225462
9.16433941997852,523,510,-38.2680622797022,-52.4714593354181,54.9367763774857,-2.46531704206765
9.16648764769065,525,511,-43.1556478124491,-59.8028376345383,62.268154676606,-2.46531704206765
9.16863587540279,526,513,-38.2680622797022,-67.1342159336585,62.268154676606,4.86606125705258
9.17078410311493,528,518,-23.6053056814618,-84.2407652982724,59.8243619102326,24.4164033880399
9.17293233082707,528,517,-28.4928912142086,-81.796972531899,62.268154676606,19.528817855293
9.17508055853921,526,517,-18.717720148715,-76.9093869991522,52.4929836111123,24.4164033880399
9.17722878625134,523,518,0.8326219822723,-72.0218014664053,35.3864342464985,36.6353672199069
9.17937701396348,523,515,-13.8301346159682,-64.6904231672851,42.7178125456187,21.9726106216664
9.18152524167562,523,513,-23.6053056814618,-59.8028376345383,47.6053980783655,12.1974395561728
9.18367346938776,525,514,-28.4928912142086,-67.1342159336585,54.9367763774857,12.1974395561728
9.18582169709989,529,517,-33.3804767469554,-84.2407652982724,67.1557402093528,17.0850250889196
9.18796992481203,530,518,-33.3804767469554,-89.1283508310192,69.5995329757262,19.528817855293
9.19011815252417,532,522,-23.6053056814618,-103.79110742926,69.5995329757262,34.1915744535335
9.1922663802363,532,523,-18.717720148715,-106.234900195633,67.1557402093528,39.0791599862803
9.19441460794844,526,521,0.8326219822723,-86.6845580646458,42.7178125456187,43.9667455190271
9.19656283566058,523,520,10.6077930477659,-76.9093869991522,30.4988487137516,46.4105382854005
9.19871106337272,520,518,15.4953785805128,-64.6904231672851,20.723677648258,43.9667455190271
9.20085929108486,522,515,-8.94254908322134,-62.2466304009117,37.8302270128719,24.4164033880399
9.20300751879699,531,520,-28.4928912142086,-96.4597291301395,69.5995329757262,26.8601961544133
9.20515574650913,539,525,-43.1556478124491,-128.229035092994,96.4812534058337,31.7477816871601
9.20730397422127,543,530,-38.2680622797022,-150.223169990354,103.812631704954,46.4105382854005
9.20945220193341,543,529,-43.1556478124491,-147.779377223981,106.256424471327,41.5229527526537
9.21160042964554,541,530,-28.4928912142086,-145.335584457608,94.0374606394603,51.2981238181474
9.21374865735768,534,527,-8.94254908322134,-120.897656793874,67.1557402093528,53.7419165845208
9.21589688506982,527,524,10.6077930477659,-96.4597291301395,40.2740197792453,56.1857093508942
9.21804511278195,521,519,15.4953785805127,-69.5780087000319,23.1674704146314,46.4105382854005
9.22019334049409,516,517,30.1581351787532,-52.4714593354181,3.61712828364413,48.8543310517739
9.22234156820623,518,518,25.2705496460064,-59.8028376345383,10.9485065827644,48.854331051774
9.22448979591837,523,521,15.4953785805127,-79.3531797655256,28.0550559473782,51.2981238181474
9.22663802363051,526,522,5.72020751501913,-89.1283508310192,40.2740197792453,48.854331051774
9.22878625134264,526,523,10.6077930477659,-91.5721435973926,37.8302270128719,53.7419165845208
9.23093447905478,522,521,20.3829641132596,-76.9093869991522,23.1674704146314,53.7419165845208
9.23308270676692,522,519,10.6077930477659,-72.0218014664053,28.0550559473782,43.9667455190271
9.23523093447906,520,516,5.72020751501912,-59.8028376345383,25.6112631810048,34.1915744535335
9.23737916219119,522,517,0.8326219822723,-67.1342159336585,32.942641480125,34.1915744535335
9.23952738990333,518,517,20.3829641132596,-57.3590448681649,13.3922993491378,43.9667455190271
9.24167561761547,519,518,20.3829641132596,-62.2466304009117,15.8360921155112,46.4105382854005
9.2438238453276,518,517,20.3829641132596,-57.3590448681649,13.3922993491378,43.9667455190271
9.24597207303974,519,518,20.3829641132596,-62.2466304009117,15.8360921155112,46.4105382854005
9.24812030075188,518,518,25.2705496460064,-59.8028376345383,10.9485065827644,48.854331051774
9.25026852846402,518,516,15.4953785805128,-54.9152521017915,15.8360921155112,39.0791599862803
9.25241675617615,514,513,20.3829641132596,-37.8087027371776,3.61712828364413,34.1915744535335
9.25456498388829,513,510,10.6077930477659,-28.033531671684,6.06092105001754,21.9726106216664
9.25671321160043,509,509,25.2705496460064,-15.8145678398169,-11.0456283145963,26.8601961544133
9.25886143931257,506,510,44.8208917769937,-10.9269823070701,-28.1521776792102,39.0791599862803
9.26100966702471,503,508,49.7084773097405,1.29198152479693,-37.9273487447038,36.6353672199069
9.26315789473684,503,505,35.0457207115,8.62335982391715,-30.5959704455836,21.9726106216664
9.26530612244898,501,507,54.5960628424873,8.62335982391715,-45.2587270438241,36.6353672199069
9.26745435016112,498,507,69.2588194407278,15.9547381230374,-59.9214836420645,43.9667455190271
9.26960257787325,498,502,44.8208917769937,28.1737019549044,-47.7025198101975,19.528817855293
9.27175080558539,499,499,25.2705496460064,33.0612874876512,-35.4835559783304,2.42226849067917
9.27389903329753,499,497,15.4953785805128,37.9488730203981,-30.5959704455836,-7.35290257481447
9.27604726100967,497,501,44.8208917769937,33.0612874876512,-50.1463125765709,17.0850250889196
9.2781954887218,496,499,39.9333062442469,40.3926657867715,-50.1463125765709,9.7536467897994
9.28034371643394,495,497,35.0457207115,47.7240440858917,-50.1463125765709,2.42226849067917
9.28249194414608,489,494,49.7084773097405,69.7181789832524,-72.1404474739316,2.42226849067917
9.28464017185822,488,495,59.4836483752341,69.7181789832524,-79.4718257730518,9.75364678979939
9.28678839957036,486,491,49.7084773097405,84.3809355814928,-79.4718257730518,-4.90910980844106
9.28893662728249,491,490,20.3829641132596,74.6057645159992,-52.5901053429443,-22.0156591730549
9.29108485499463,497,490,-8.94254908322134,59.9430079177587,-23.2645921464634,-36.6784157712954
9.29323308270677,502,494,-13.8301346159682,37.9488730203981,-8.60183554822292,-29.3470374721751
9.2953813104189,503,498,0.832621982272297,25.729909188531,-13.4894210809697,-12.2404881075613
9.29752953813104,502,497,0.832621982272297,30.6174947212778,-15.9332138473431,-14.6842808739347
9.29967776584318,501,495,-4.05496355047453,37.9488730203981,-15.9332138473431,-22.0156591730549
9.30182599355532,496,496,25.2705496460064,47.7240440858917,-42.8149342774506,-4.90910980844106
9.30397422126745,493,495,35.0457207115,57.4992151513853,-55.0338981093177,-2.46531704206765
9.30612244897959,492,490,15.4953785805127,72.1619717496258,-47.7025198101975,-24.4594519394283
9.30827067669173,495,491,5.72020751501911,62.3868006841322,-35.4835559783304,-26.9032447058017
9.31041890440387,499,493,-4.05496355047453,47.7240440858917,-20.82079938009,-26.9032447058017
9.312567132116,499,495,5.72020751501911,42.8364585531449,-25.7083849128368,-17.1280736403081
9.31471535982814,499,495,5.72020751501911,42.8364585531449,-25.7083849128368,-17.1280736403081
9.31686358754028,498,495,10.6077930477659,45.2802513195183,-30.5959704455836,-14.6842808739347
9.31901181525242,491,494,39.9333062442469,64.8305934505056,-62.3652764084379,-2.46531704206765
9.32116004296455,493,493,25.2705496460064,62.3868006841322,-50.1463125765709,-12.2404881075613
9.32330827067669,492,490,15.4953785805127,72.1619717496258,-47.7025198101975,-24.4594519394283
9.32545649838883,493,489,5.72020751501911,72.1619717496258,-40.3711415110772,-31.7908302385486
9.32760472610097,497,491,-4.05496355047453,57.4992151513853,-25.7083849128368,-31.7908302385486
9.3297529538131,500,495,0.832621982272293,40.3926657867715,-20.82079938009,-19.5718664066815
9.33190118152524,504,495,-18.717720148715,30.6174947212778,-1.27045724910268,-29.3470374721752
9.33404940923738,503,495,-13.8301346159682,33.0612874876512,-6.1580427818495,-26.9032447058017
9.33619763694952,501,496,0.8326219822723,35.5050802540247,-18.3770066137166,-17.1280736403081
9.33834586466165,501,496,0.8326219822723,35.5050802540247,-18.3770066137166,-17.1280736403081
9.34049409237379,495,490,0.8326219822723,64.8305934505056,-33.039763211957,-31.7908302385486
9.34264232008593,493,489,5.72020751501911,72.1619717496258,-40.3711415110772,-31.7908302385486
9.34479054779807,493,489,5.72020751501911,72.1619717496258,-40.3711415110772,-31.7908302385486
9.3469387755102,495,492,10.6077930477659,59.9430079177587,-37.9273487447038,-22.0156591730549
9.34908700322234,500,493,-8.94254908322134,45.2802513195183,-15.9332138473431,-29.3470374721752
9.35123523093448,500,495,0.832621982272293,40.3926657867715,-20.82079938009,-19.5718664066815
9.35338345864662,497,495,15.4953785805127,47.7240440858917,-35.4835559783304,-12.2404881075613
9.35553168635875,495,497,35.0457207115,47.7240440858917,-50.1463125765709,2.42226849067917
9.35767991407089,496,492,5.72020751501912,57.4992151513853,-33.039763211957,-24.4594519394283
9.35982814178303,497,493,5.72020751501911,52.6116296186385,-30.5959704455836,-22.0156591730549
9.36197636949517,500,492,-13.8301346159682,47.7240440858917,-13.4894210809697,-34.234623004922
9.3641245972073,505,495,-23.6053056814618,28.1737019549044,3.61712828364413,-31.7908302385486
9.36627282491944,506,497,-18.717720148715,20.8423236557842,3.61712828364413,-24.4594519394283
9.36842105263158,501,498,10.6077930477659,30.6174947212778,-23.2645921464634,-7.35290257481447
9.37056928034372,503,498,0.832621982272297,25.729909188531,-13.4894210809697,-12.2404881075613
9.37271750805585,501,498,10.6077930477659,30.6174947212778,-23.2645921464634,-7.35290257481447
9.37486573576799,502,498,5.72020751501912,28.1737019549044,-18.3770066137166,-9.79669534118788
9.37701396348013,503,497,-4.05496355047452,28.1737019549044,-11.0456283145963,-17.1280736403081
9.37916219119227,507,496,-28.4928912142086,20.8423236557842,10.9485065827644,-31.7908302385486
9.3813104189044,512,499,-38.2680622797022,1.29198152479693,28.0550559473782,-29.3470374721752
9.38345864661654,514,502,-33.3804767469554,-10.9269823070701,30.4988487137516,-19.5718664066815
9.38560687432868,513,502,-28.4928912142086,-8.48318954069671,25.6112631810048,-17.1280736403081
9.38775510204082,509,502,-8.94254908322134,1.29198152479693,6.06092105001754,-7.35290257481447
9.38990332975295,507,503,5.72020751501912,3.73577429117034,-6.1580427818495,2.42226849067917
9.39205155746509,506,502,5.72020751501912,8.62335982391715,-8.60183554822291,-0.0215242756942402
9.39419978517723,503,498,0.832621982272297,25.729909188531,-13.4894210809697,-12.2404881075613
9.39634801288937,503,498,0.832621982272297,25.729909188531,-13.4894210809697,-12.2404881075613
9.3984962406015,506,498,-13.8301346159682,18.3985308894108,1.17333551727072,-19.5718664066815
9.40064446831364,510,501,-18.717720148715,1.29198152479693,13.3922993491378,-14.6842808739347
9.40279269602578,515,505,-23.6053056814618,-20.7021533725638,28.0550559473782,-7.35290257481447
9.40494092373792,519,506,-38.2680622797022,-32.9211172044308,45.1616053119921,-12.2404881075613
9.40708915145005,520,508,-33.3804767469554,-40.252495503551,45.1616053119921,-4.90910980844106
9.40923737916219,516,509,-8.94254908322134,-32.9211172044308,23.1674704146314,9.7536467897994
9.41138560687433,519,508,-28.4928912142086,-37.8087027371776,40.2740197792453,-2.46531704206765
9.41353383458647,517,507,-23.6053056814618,-30.4773244380574,32.942641480125,-2.46531704206765
9.4156820622986,517,506,-28.4928912142086,-28.033531671684,35.3864342464985,-7.35290257481447
9.41783029001074,513,507,-4.05496355047452,-20.7021533725638,13.3922993491378,7.30985402342599
9.41997851772288,510,506,5.72020751501912,-10.9269823070701,1.17333551727072,9.7536467897994
9.42212674543502,509,508,20.3829641132596,-13.3707750734435,-8.60183554822291,21.9726106216664
9.42427497314715,509,506,10.6077930477659,-8.48318954069671,-3.71425001547609,12.1974395561728
9.42642320085929,510,509,20.3829641132596,-18.2583606061904,-6.1580427818495,24.4164033880399
9.42857142857143,512,508,5.72020751501912,-20.7021533725638,6.06092105001754,14.6412323225462
9.43071965628357,513,507,-4.05496355047452,-20.7021533725638,13.3922993491378,7.30985402342599
9.4328678839957,515,505,-23.6053056814618,-20.7021533725638,28.0550559473782,-7.35290257481447
9.43501611170784,515,505,-23.6053056814618,-20.7021533725638,28.0550559473782,-7.35290257481447
9.43716433941998,511,507,5.72020751501912,-15.8145678398169,3.61712828364413,12.1974395561728
9.43931256713212,509,506,10.6077930477659,-8.48318954069671,-3.71425001547609,12.1974395561728
9.44146079484425,507,505,15.4953785805128,-1.15181124157648,-11.0456283145963,12.1974395561728
9.44360902255639,505,506,30.1581351787532,1.29198152479693,-23.2645921464634,21.9726106216664
9.44575725026853,504,505,30.1581351787532,6.17956705754374,-25.7083849128368,19.528817855293
9.44790547798067,507,504,10.6077930477659,1.29198152479693,-8.60183554822291,7.30985402342599
9.4500537056928,507,500,-8.94254908322134,11.0671525902906,1.17333551727072,-12.2404881075613
9.45220193340494,507,500,-8.94254908322134,11.0671525902906,1.17333551727072,-12.2404881075613
9.45435016111708,503,498,0.832621982272297,25.729909188531,-13.4894210809697,-12.2404881075613
9.45649838882922,498,500,35.0457207115,33.0612874876512,-42.8149342774506,9.7536467897994
9.45864661654135,497,498,30.1581351787532,40.3926657867715,-42.8149342774506,2.42226849067917
9.46079484425349,493,498,49.7084773097405,50.1678368522651,-62.3652764084379,12.1974395561728
9.46294307196563,494,498,44.8208917769937,47.7240440858917,-57.4776908756911,9.7536467897994
9.46509129967777,491,496,49.7084773097405,59.9430079177587,-67.2528619411847,7.30985402342599
9.4672395273899,490,492,35.0457207115,72.1619717496258,-62.3652764084379,-9.79669534118787
9.46938775510204,490,490,25.2705496460064,77.0495572823726,-57.4776908756911,-19.5718664066815
9.47153598281418,491,490,20.3829641132596,74.6057645159992,-52.5901053429443,-22.0156591730549
9.47368421052632,494,492,15.4953785805128,62.3868006841322,-42.8149342774507,-19.5718664066815
9.47583243823845,491,493,35.0457207115,67.274386216879,-59.9214836420645,-7.35290257481447
9.47798066595059,495,496,30.1581351787532,50.1678368522651,-47.7025198101975,-2.46531704206765
9.48012889366273,496,494,15.4953785805128,52.6116296186385,-37.9273487447038,-14.6842808739347
9.48227712137487,490,492,35.0457207115,72.1619717496258,-62.3652764084379,-9.79669534118787
9.484425349087,490,489,20.3829641132596,79.493350048746,-55.0338981093177,-24.4594519394283
9.48657357679914,486,486,25.2705496460064,96.5998994133599,-67.2528619411847,-29.3470374721751
9.48872180451128,485,483,15.4953785805127,106.375070478854,-64.8090691748113,-41.5660013040422
9.49087003222342,484,483,20.3829641132596,108.818863245227,-69.6966547075581,-39.1222085376688
9.49301825993555,484,486,35.0457207115,101.487484946107,-77.0280330066784,-24.4594519394283
9.49516648764769,483,486,39.9333062442469,103.93127771248,-81.9156185394252,-22.0156591730549
9.49731471535983,486,486,25.2705496460064,96.5998994133599,-67.2528619411847,-29.3470374721751
9.49946294307196,492,488,5.72020751501911,77.0495572823726,-42.8149342774506,-34.234623004922
9.5016111707841,494,486,-13.8301346159681,77.0495572823726,-28.1521776792102,-48.8973796031624
9.50375939849624,494,485,-18.717720148715,79.493350048746,-25.7083849128368,-53.7849651359092
9.50590762620838,492,486,-4.05496355047453,81.9371428151194,-37.9273487447038,-44.0097940704156
9.50805585392052,495,485,-23.6053056814618,77.0495572823726,-20.82079938009,-56.2287579022827
9.51020408163265,495,487,-13.8301346159682,72.1619717496258,-25.7083849128368,-46.453586836789
9.51235230934479,491,488,10.6077930477659,79.493350048746,-47.7025198101975,-31.7908302385486
9.51450053705693,488,486,15.4953785805127,91.7123138806131,-57.4776908756911,-34.234623004922
9.51664876476907,483,486,39.9333062442469,103.93127771248,-81.9156185394252,-22.0156591730549
9.5187969924812,485,484,20.3829641132596,103.93127771248,-67.2528619411847,-36.6784157712954
9.52094522019334,486,483,10.6077930477659,103.93127771248,-59.9214836420645,-44.0097940704156
9.52309344790548,489,483,-4.05496355047453,96.5998994133599,-45.2587270438241,-51.3411723695358
9.52524167561761,495,485,-23.6053056814618,77.0495572823726,-20.82079938009,-56.2287579022827
9.52738990332975,503,490,-38.2680622797022,45.2802513195183,6.06092105001754,-51.3411723695358
9.52953813104189,513,496,-57.8184044106895,6.17956705754374,40.2740197792453,-46.453586836789
9.53168635875403,531,506,-96.9190886726641,-62.2466304009117,103.812631704954,-41.5660013040422
9.53383458646617,551,517,-140.907358467385,-138.004206158487,174.682621929783,-36.6784157712954
9.5359828141783,576,530,-199.558384860348,-230.868331280677,265.102954285599,-34.2346230049222
9.53813104189044,597,539,-258.20941125331,-304.182114271879,345.748115575922,-41.5660013040424
9.54027926960258,617,551,-297.310095515284,-382.383482795829,414.174313034377,-31.7908302385488
9.54242749731472,628,560,-307.085266580778,-431.259338123297,445.943618997232,-14.6842808739349
9.54457572502685,629,569,-267.984582318803,-455.697265787031,428.837069632618,26.8601961544131
9.54672395273899,622,572,-219.108726991335,-445.922094721537,387.29259260427,58.6295021172674
9.54887218045113,606,572,-140.907358467386,-406.821410459563,309.091224080321,97.7301863792419
9.55102040816327,588,565,-87.1439176071709,-345.726591300227,238.221233855492,107.505357444736
9.5531686358754,565,559,-4.0549635504745,-274.856601075398,140.469523200555,134.387077874843
9.55531686358754,544,547,39.9333062442468,-194.211439785076,67.1557402093528,127.055699575723
9.55746509129968,525,539,93.6967471044618,-128.229035092994,-6.1580427818495,134.387077874843
9.55961331901181,511,528,108.359503702702,-67.1342159336585,-47.7025198101975,114.836735743856
9.56176154672395,501,522,127.90984583369,-28.033531671684,-81.9156185394252,109.949150211109
9.56390977443609,491,519,162.122944562917,3.73577429117034,-123.460095567773,119.724321276603
9.56605800214823,490,518,162.122944562917,8.62335982391716,-125.903888334147,117.280528510229
9.56820622986037,494,515,127.90984583369,6.17956705754375,-99.0221679040391,92.8426008464953
9.5703544575725,497,513,103.471918169955,3.73577429117034,-79.4718257730518,75.7360514818814
9.57250268528464,498,511,88.809161571715,6.17956705754375,-69.6966547075581,63.5170876500144
9.57465091299678,502,512,74.1464049734746,-6.0393967743233,-52.5901053429443,58.6295021172676
9.57679914070892,508,508,25.2705496460064,-10.9269823070701,-13.4894210809697,24.4164033880399
9.57894736842105,508,507,20.3829641132596,-8.48318954069671,-11.0456283145963,19.528817855293
9.58109559613319,508,509,30.1581351787532,-13.3707750734435,-15.9332138473431,29.3039889207867
9.58324382384533,507,510,39.9333062442469,-13.3707750734435,-23.2645921464634,36.6353672199069
9.58539205155746,505,509,44.8208917769937,-6.0393967743233,-30.5959704455836,36.6353672199069
9.5875402792696,500,504,44.8208917769937,18.3985308894108,-42.8149342774506,24.4164033880399
9.58968850698174,497,504,59.4836483752341,25.729909188531,-57.4776908756911,31.7477816871601
9.59183673469388,493,498,49.7084773097405,50.1678368522651,-62.3652764084379,12.1974395561728
9.59398496240602,490,493,39.9333062442469,69.7181789832524,-64.8090691748113,-4.90910980844106
9.59613319011815,490,494,44.8208917769937,67.274386216879,-67.2528619411847,-0.0215242756942331
9.59828141783029,484,493,69.2588194407277,84.3809355814928,-94.1345823712922,9.75364678979939
9.60042964554243,484,492,64.3712339079809,86.8247283478663,-91.6907896049188,4.86606125705258
9.60257787325457,482,489,59.4836483752341,99.0436921797333,-94.1345823712923,-4.90910980844106
9.6047261009667,485,489,44.8208917769937,91.7123138806131,-79.4718257730518,-12.2404881075613
9.60687432867884,489,493,44.8208917769937,72.1619717496258,-69.6966547075581,-2.46531704206765
9.60902255639098,493,490,10.6077930477659,69.7181789832524,-42.8149342774506,-26.9032447058017
9.61117078410311,493,489,5.72020751501911,72.1619717496258,-40.3711415110772,-31.7908302385486
9.61331901181525,492,487,0.832621982272286,79.493350048746,-40.3711415110772,-39.1222085376688
9.61546723952739,496,489,-8.94254908322134,64.8305934505056,-25.7083849128368,-39.1222085376688
9.61761546723953,499,492,-8.94254908322134,50.1678368522651,-18.3770066137166,-31.7908302385486
9.61976369495166,501,493,-13.8301346159682,42.8364585531449,-11.0456283145963,-31.7908302385486
9.6219119226638,500,494,-4.05496355047452,42.8364585531449,-18.3770066137166,-24.4594519394283
9.62406015037594,496,493,10.6077930477659,55.0554223850119,-35.4835559783304,-19.5718664066815
9.62620837808808,499,493,-4.05496355047453,47.7240440858917,-20.82079938009,-26.9032447058017
9.62835660580022,500,491,-18.717720148715,50.1678368522651,-11.0456283145963,-39.1222085376688
9.63050483351235,498,492,-4.05496355047452,52.6116296186385,-23.2645921464634,-29.3470374721751
9.63265306122449,498,491,-8.94254908322134,55.0554223850119,-20.82079938009,-34.234623004922
9.63480128893663,500,495,0.832621982272293,40.3926657867715,-20.82079938009,-19.5718664066815
9.63694951664876,502,496,-4.05496355047452,33.0612874876512,-13.4894210809697,-19.5718664066815
9.6390977443609,501,495,-4.05496355047453,37.9488730203981,-15.9332138473431,-22.0156591730549
9.64124597207304,498,495,10.6077930477659,45.2802513195183,-30.5959704455836,-14.6842808739347
9.64339419978518,497,495,15.4953785805127,47.7240440858917,-35.4835559783304,-12.2404881075613
9.64554242749731,495,493,15.4953785805127,57.4992151513853,-40.3711415110772,-17.1280736403081
9.64769065520945,498,491,-8.94254908322134,55.0554223850119,-20.82079938009,-34.234623004922
9.64983888292159,496,490,-4.05496355047452,62.3868006841322,-28.1521776792102,-34.234623004922
9.65198711063373,497,493,5.72020751501911,52.6116296186385,-30.5959704455836,-22.0156591730549
9.65413533834587,503,498,0.832621982272297,25.729909188531,-13.4894210809697,-12.2404881075613
9.656283566058,505,497,-13.8301346159682,23.2861164221576,-1.27045724910269,-22.0156591730549
9.65843179377014,507,498,-18.717720148715,15.9547381230374,6.06092105001754,-22.0156591730549
9.66058002148228,509,500,-18.717720148715,6.17956705754374,10.9485065827644,-17.1280736403081
9.66272824919441,507,498,-18.717720148715,15.9547381230374,6.06092105001754,-22.0156591730549
9.66487647690655,507,496,-28.4928912142086,20.8423236557842,10.9485065827644,-31.7908302385486
9.66702470461869,506,495,-28.4928912142086,25.729909188531,8.50471381639095,-34.234623004922
9.66917293233083,504,494,-23.6053056814618,33.0612874876512,1.17333551727072,-34.234623004922
9.67132116004296,505,501,5.72020751501912,13.510945356664,-11.0456283145963,-2.46531704206765
9.6734693877551,504,499,0.832621982272297,20.8423236557842,-11.0456283145963,-9.79669534118788
9.67561761546724,506,500,-4.05496355047452,13.510945356664,-3.71425001547609,-9.79669534118788
9.67776584317938,508,502,-4.05496355047452,3.73577429117034,1.17333551727072,-4.90910980844106
9.67991407089152,507,502,0.832621982272297,6.17956705754374,-3.71425001547609,-2.46531704206765
9.68206229860365,505,498,-8.94254908322134,20.8423236557842,-3.71425001547609,-17.1280736403081
9.68421052631579,503,496,-8.94254908322134,30.6174947212778,-8.60183554822292,-22.0156591730549
9.68635875402793,503,498,0.832621982272297,25.729909188531,-13.4894210809697,-12.2404881075613
9.68850698174006,505,500,0.832621982272297,15.9547381230374,-8.60183554822291,-7.35290257481447
9.6906552094522,508,502,-4.05496355047452,3.73577429117034,1.17333551727072,-4.90910980844106
9.69280343716434,510,503,-8.94254908322134,-3.59560400794989,8.50471381639095,-4.90910980844106
9.69495166487648,513,505,-13.8301346159682,-15.8145678398169,18.2798848818846,-2.46531704206765
9.69709989258861,514,506,-13.8301346159682,-20.7021533725638,20.723677648258,-0.0215242756942402
9.69924812030075,514,505,-18.717720148715,-18.2583606061904,23.1674704146314,-4.90910980844106
9.70139634801289,517,504,-38.2680622797022,-23.1459461389372,40.2740197792453,-17.1280736403081
9.70354457572503,519,505,-43.1556478124491,-30.4773244380574,47.6053980783655,-17.1280736403081
9.70569280343716,518,507,-28.4928912142086,-32.9211172044308,37.8302270128719,-4.90910980844106
9.7078410311493,517,508,-18.717720148715,-32.9211172044308,30.4988487137516,2.42226849067917
9.70998925886144,517,508,-18.717720148715,-32.9211172044308,30.4988487137516,2.42226849067917
9.71213748657358,520,510,-23.6053056814618,-45.1400810362979,40.2740197792453,4.86606125705258
9.71428571428571,517,510,-8.94254908322134,-37.8087027371776,25.6112631810048,12.1974395561728
9.71643394199785,518,509,-18.717720148715,-37.8087027371776,32.942641480125,4.86606125705258
9.71858216970999,518,509,-18.717720148715,-37.8087027371776,32.942641480125,4.86606125705258
9.72073039742213,525,509,-52.9308188779427,-54.9152521017915,67.1557402093528,-12.2404881075613
9.72287862513426,527,514,-38.2680622797022,-72.0218014664053,64.7119474429794,7.30985402342599
9.7250268528464,530,515,-48.0432333451959,-81.796972531899,76.9309112748464,4.86606125705258
9.72717508055854,533,518,-48.0432333451959,-96.4597291301395,84.2622895739666,12.1974395561728
9.72932330827068,534,521,-38.2680622797022,-106.234900195633,81.8184968075932,24.4164033880399
9.73147153598281,534,523,-28.4928912142086,-111.12248572838,76.9309112748464,34.1915744535335
9.73361976369495,533,520,-38.2680622797022,-101.347314662886,79.3747040412198,21.9726106216664
9.73576799140709,531,519,-33.3804767469554,-94.015936363766,72.0433257420996,21.9726106216664
9.73791621911923,528,517,-28.4928912142086,-81.796972531899,62.268154676606,19.528817855293
9.74006444683136,526,519,-8.94254908322134,-81.796972531899,47.6053980783655,34.1915744535335
9.7422126745435,525,519,-4.05496355047453,-79.3531797655256,42.7178125456187,36.6353672199069
9.74436090225564,528,521,-8.94254908322135,-91.5721435973926,52.4929836111123,39.0791599862803
9.74650912996778,529,524,0.8326219822723,-101.347314662886,50.0491908447389,51.2981238181474
9.74865735767991,536,528,-13.8301346159682,-128.229035092994,74.487118508473,53.7419165845208
9.75080558539205,537,527,-23.6053056814618,-128.229035092994,81.8184968075932,46.4105382854005
9.75295381310419,538,526,-33.3804767469554,-128.229035092994,89.1498751067135,39.0791599862803
9.75510204081633,541,526,-48.0432333451959,-135.560413392114,103.812631704954,31.7477816871601
9.75725026852846,539,527,-33.3804767469555,-133.116620625741,91.5936678730869,41.5229527526537
9.7593984962406,536,527,-18.717720148715,-125.78524232662,76.9309112748464,48.8543310517739
9.76154672395274,536,527,-18.717720148715,-125.78524232662,76.9309112748464,48.8543310517739
9.76369495166488,533,528,0.8326219822723,-120.897656793874,59.8243619102325,61.073294883641
9.76584317937701,531,530,20.3829641132596,-120.897656793874,45.1616053119921,75.7360514818814
9.76799140708915,533,528,0.8326219822723,-120.897656793874,59.8243619102325,61.073294883641
9.77013963480129,533,527,-4.05496355047453,-118.4538640275,62.268154676606,56.1857093508942
9.77228786251343,536,525,-28.4928912142086,-120.897656793874,81.8184968075932,39.0791599862803
9.77443609022556,534,526,-13.8301346159681,-118.4538640275,69.5995329757262,48.854331051774
9.7765843179377,532,525,-8.94254908322135,-111.12248572838,62.268154676606,48.8543310517739
9.77873254564984,531,526,0.8326219822723,-111.12248572838,54.9367763774857,56.1857093508942
9.78088077336198,531,528,10.6077930477659,-116.010071261127,50.0491908447389,65.9608804163878
9.78302900107411,530,529,20.3829641132596,-116.010071261127,42.7178125456187,73.292258715508
9.78517722878625,528,527,20.3829641132596,-106.234900195633,37.8302270128719,68.4046731827612
9.78732545649839,526,524,15.4953785805128,-94.015936363766,35.3864342464984,58.6295021172676
9.78947368421053,523,522,20.3829641132596,-81.796972531899,25.6112631810048,56.1857093508942
9.79162191192266,522,520,15.4953785805128,-74.4655942327788,25.6112631810048,48.854331051774
9.7937701396348,520,517,10.6077930477659,-62.2466304009117,23.1674704146314,39.0791599862803
9.79591836734694,515,518,39.9333062442469,-52.4714593354181,-3.7142500154761,56.1857093508942
9.79806659505908,511,517,54.5960628424873,-40.252495503551,-20.82079938009,61.073294883641
9.80021482277121,506,514,64.371233907981,-20.7021533725638,-37.9273487447038,58.6295021172676
9.80236305048335,506,515,69.2588194407278,-23.1459461389372,-40.3711415110772,63.5170876500144
9.80451127819549,511,516,49.7084773097405,-37.8087027371776,-18.3770066137166,56.1857093508942
9.80665950590763,520,513,-8.94254908322134,-52.4714593354181,32.942641480125,19.528817855293
9.80880773361976,522,514,-13.8301346159681,-59.8028376345383,40.2740197792453,19.528817855293
9.8109559613319,524,514,-23.6053056814618,-64.6904231672851,50.0491908447389,14.6412323225462
9.81310418904404,522,516,-4.05496355047451,-64.6904231672851,35.3864342464984,29.3039889207867
9.81525241675618,520,516,5.72020751501912,-59.8028376345383,25.6112631810048,34.1915744535335
9.81740064446831,515,513,15.4953785805127,-40.252495503551,8.50471381639095,31.7477816871601
9.81954887218045,511,515,44.8208917769937,-35.3649099708042,-15.9332138473431,51.2981238181474
9.82169709989259,510,512,35.0457207115,-25.5897389053106,-13.4894210809697,39.0791599862803
9.82384532760473,504,506,35.0457207115,3.73577429117034,-28.1521776792102,24.4164033880399
9.82599355531686,503,505,35.0457207115,8.62335982391715,-30.5959704455836,21.9726106216664
9.828141783029,500,504,44.8208917769937,18.3985308894108,-42.8149342774506,24.4164033880399
9.83029001074114,501,501,25.2705496460064,23.2861164221576,-30.5959704455836,7.30985402342599
9.83243823845328,497,503,54.5960628424873,28.1737019549044,-55.0338981093177,26.8601961544133
9.83458646616541,499,503,44.8208917769937,23.2861164221576,-45.2587270438241,21.9726106216664
9.83673469387755,498,503,49.7084773097405,25.729909188531,-50.1463125765709,24.4164033880399
9.83888292158969,494,501,59.4836483752341,40.3926657867715,-64.8090691748113,24.4164033880399
9.84103114930183,495,498,39.9333062442469,45.2802513195183,-52.5901053429443,7.30985402342599
9.84317937701396,494,497,39.9333062442469,50.1678368522651,-55.0338981093177,4.86606125705258
9.8453276047261,501,497,5.72020751501912,33.0612874876512,-20.82079938009,-12.2404881075613
9.84747583243824,502,497,0.832621982272297,30.6174947212778,-15.9332138473431,-14.6842808739347
9.84962406015038,505,501,5.72020751501912,13.510945356664,-11.0456283145963,-2.46531704206765
9.85177228786251,509,502,-8.94254908322134,1.29198152479693,6.06092105001754,-7.35290257481447
9.85392051557465,504,501,10.6077930477659,15.9547381230374,-15.9332138473431,-0.0215242756942402
9.85606874328679,497,496,20.3829641132596,45.2802513195183,-37.9273487447038,-7.35290257481446
9.85821697099893,492,498,54.5960628424873,52.6116296186385,-67.2528619411847,14.6412323225462
9.86036519871106,493,494,30.1581351787532,59.9430079177587,-52.5901053429443,-7.35290257481446
9.8625134264232,497,494,10.6077930477659,50.1678368522651,-33.039763211957,-17.1280736403081
9.86466165413534,503,496,-8.94254908322134,30.6174947212778,-8.60183554822292,-22.0156591730549
9.86680988184747,503,498,0.832621982272297,25.729909188531,-13.4894210809697,-12.2404881075613
9.86895810955961,502,497,0.832621982272297,30.6174947212778,-15.9332138473431,-14.6842808739347
9.87110633727175,502,497,0.832621982272297,30.6174947212778,-15.9332138473431,-14.6842808739347
9.87325456498389,507,499,-13.8301346159682,13.510945356664,3.61712828364413,-17.1280736403081
9.87540279269603,507,501,-4.05496355047452,8.62335982391715,-1.27045724910269,-7.35290257481447
9.87755102040816,506,498,-13.8301346159682,18.3985308894108,1.17333551727072,-19.5718664066815
9.8796992481203,504,499,0.832621982272297,20.8423236557842,-11.0456283145963,-9.79669534118788
9.88184747583244,501,494,-8.94254908322134,40.3926657867715,-13.4894210809697,-26.9032447058017
9.88399570354458,501,495,-4.05496355047453,37.9488730203981,-15.9332138473431,-22.0156591730549
9.88614393125671,501,496,0.8326219822723,35.5050802540247,-18.3770066137166,-17.1280736403081
9.88829215896885,502,500,15.4953785805128,23.2861164221576,-23.2645921464634,-0.0215242756942402
9.89044038668099,501,497,5.72020751501912,33.0612874876512,-20.82079938009,-12.2404881075613
9.89258861439313,499,496,10.6077930477659,40.3926657867715,-28.1521776792102,-12.2404881075613
9.89473684210526,494,495,30.1581351787532,55.0554223850119,-50.1463125765709,-4.90910980844106
9.8968850698174,489,491,35.0457207115,77.0495572823726,-64.8090691748113,-12.2404881075613
9.89903329752954,492,489,10.6077930477659,74.6057645159992,-45.258727043824,-29.3470374721752
9.90118152524168,496,491,0.832621982272293,59.9430079177587,-30.5959704455836,-29.3470374721752
9.90332975295381,502,494,-13.8301346159682,37.9488730203981,-8.60183554822292,-29.3470374721751
9.90547798066595,506,498,-13.8301346159682,18.3985308894108,1.17333551727072,-19.5718664066815
9.90762620837809,506,499,-8.94254908322134,15.9547381230374,-1.27045724910269,-14.6842808739347
9.90977443609023,507,500,-8.94254908322134,11.0671525902906,1.17333551727072,-12.2404881075613
9.91192266380236,509,502,-8.94254908322134,1.29198152479693,6.06092105001754,-7.35290257481447
9.9140708915145,512,501,-28.4928912142086,-3.59560400794989,23.1674704146314,-19.5718664066815
9.91621911922664,511,497,-43.1556478124491,8.62335982391715,28.0550559473782,-36.6784157712954
9.91836734693878,507,498,-18.717720148715,15.9547381230374,6.06092105001754,-22.0156591730549
9.92051557465091,504,499,0.832621982272297,20.8423236557842,-11.0456283145963,-9.79669534118788
9.92266380236305,503,499,5.72020751501912,23.2861164221576,-15.9332138473431,-7.35290257481447
9.92481203007519,504,500,5.72020751501912,18.3985308894108,-13.4894210809697,-4.90910980844106
9.92696025778733,505,497,-13.8301346159682,23.2861164221576,-1.27045724910269,-22.0156591730549
9.92910848549946,508,499,-18.717720148715,11.0671525902906,8.50471381639095,-19.5718664066815
9.9312567132116,510,500,-23.6053056814618,3.73577429117034,15.8360921155112,-19.5718664066815
9.93340494092374,512,502,-23.6053056814618,-6.0393967743233,20.723677648258,-14.6842808739347
9.93555316863588,511,500,-28.4928912142086,1.29198152479693,20.723677648258,-22.0156591730549
9.93770139634801,514,502,-33.3804767469554,-10.9269823070701,30.4988487137516,-19.5718664066815
9.93984962406015,515,505,-23.6053056814618,-20.7021533725638,28.0550559473782,-7.35290257481447
9.94199785177229,513,505,-13.8301346159682,-15.8145678398169,18.2798848818846,-2.46531704206765
9.94414607948443,508,504,5.72020751501912,-1.15181124157648,-3.71425001547609,4.86606125705258
9.94629430719656,506,502,5.72020751501912,8.62335982391715,-8.60183554822291,-0.0215242756942402
9.9484425349087,507,504,10.6077930477659,1.29198152479693,-8.60183554822291,7.30985402342599
9.95059076262084,513,503,-23.6053056814618,-10.9269823070701,23.1674704146314,-12.2404881075613
9.95273899033297,514,504,-23.6053056814618,-15.8145678398169,25.6112631810048,-9.79669534118788
9.95488721804511,518,505,-38.2680622797022,-28.033531671684,42.7178125456187,-14.6842808739347
9.95703544575725,523,508,-48.0432333451959,-47.5838738026713,59.8243619102325,-12.2404881075613
9.95918367346939,525,515,-23.6053056814618,-69.5780087000319,52.4929836111123,17.0850250889196
9.96133190118153,526,514,-33.3804767469554,-69.5780087000319,59.8243619102325,9.7536467897994
9.96348012889366,524,516,-13.8301346159682,-69.5780087000319,45.1616053119921,24.4164033880399
9.9656283566058,521,515,-4.05496355047453,-59.8028376345383,32.942641480125,26.8601961544133
9.96777658431794,520,513,-8.94254908322134,-52.4714593354181,32.942641480125,19.528817855293
9.96992481203008,519,510,-18.717720148715,-42.6962882699244,35.3864342464985,7.30985402342599
9.97207303974221,518,509,-18.717720148715,-37.8087027371776,32.942641480125,4.86606125705258
9.97422126745435,517,510,-8.94254908322134,-37.8087027371776,25.6112631810048,12.1974395561728
9.97636949516649,517,512,0.8326219822723,-42.6962882699244,20.723677648258,21.9726106216664
9.97851772287862,517,512,0.8326219822723,-42.6962882699244,20.723677648258,21.9726106216664
9.98066595059076,520,513,-8.94254908322134,-52.4714593354181,32.942641480125,19.528817855293
9.9828141783029,520,514,-4.05496355047452,-54.9152521017915,30.4988487137516,24.4164033880399
9.98496240601504,518,512,-4.05496355047452,-45.1400810362979,25.6112631810048,19.528817855293
9.98711063372718,517,510,-8.94254908322134,-37.8087027371776,25.6112631810048,12.1974395561728
9.98925886143931,511,508,10.6077930477659,-18.2583606061904,1.17333551727072,17.0850250889196
9.99140708915145,511,507,5.72020751501912,-15.8145678398169,3.61712828364413,12.1974395561728
9.99355531686359,508,508,25.2705496460064,-10.9269823070701,-13.4894210809697,24.4164033880399
9.99570354457573,507,507,25.2705496460064,-6.0393967743233,-15.9332138473431,21.9726106216664
9.99785177228786,504,505,30.1581351787532,6.17956705754374,-25.7083849128368,19.528817855293
10,500,504,44.8208917769937,18.3985308894108,-42.8149342774506,24.4164033880399
10.0021482277121,502,503,30.1581351787532,15.9547381230374,-30.5959704455836,14.6412323225462
10.0042964554243,499,498,20.3829641132596,35.5050802540247,-33.039763211957,-2.46531704206765
10.0064446831364,498,497,20.3829641132596,40.3926657867715,-35.4835559783304,-4.90910980844106
10.0085929108486,500,498,15.4953785805128,33.0612874876512,-28.1521776792102,-4.90910980844106
10.0107411385607,500,500,25.2705496460064,28.1737019549044,-33.039763211957,4.86606125705258
10.0128893662728,501,500,20.3829641132596,25.729909188531,-28.1521776792102,2.42226849067917
10.015037593985,501,500,20.3829641132596,25.729909188531,-28.1521776792102,2.42226849067917
10.0171858216971,502,501,20.3829641132596,20.8423236557842,-25.7083849128368,4.86606125705258
10.0193340494092,502,501,20.3829641132596,20.8423236557842,-25.7083849128368,4.86606125705258
10.0214822771214,499,496,10.6077930477659,40.3926657867715,-28.1521776792102,-12.2404881075613
10.0236305048335,498,493,0.832621982272293,50.1678368522651,-25.7083849128368,-24.4594519394283
10.0257787325456,497,494,10.6077930477659,50.1678368522651,-33.039763211957,-17.1280736403081
10.0279269602578,499,496,10.6077930477659,40.3926657867715,-28.1521776792102,-12.2404881075613
10.0300751879699,499,496,10.6077930477659,40.3926657867715,-28.1521776792102,-12.2404881075613
10.0322234156821,495,495,25.2705496460064,52.6116296186385,-45.2587270438241,-7.35290257481447
10.0343716433942,489,493,44.8208917769937,72.1619717496258,-69.6966547075581,-2.46531704206765
10.0365198711063,487,492,49.7084773097405,79.493350048746,-77.0280330066784,-2.46531704206765
10.0386680988185,488,491,39.9333062442468,79.493350048746,-69.6966547075581,-9.79669534118788
10.0408163265306,483,487,44.8208917769937,101.487484946107,-84.3594113057986,-17.1280736403081
10.0429645542427,483,484,30.1581351787532,108.818863245227,-77.0280330066784,-31.7908302385486
10.0451127819549,486,486,25.2705496460064,96.5998994133599,-67.2528619411847,-29.3470374721751
10.047261009667,492,487,0.832621982272286,79.493350048746,-40.3711415110772,-39.1222085376688
10.0494092373792,495,491,5.72020751501911,62.3868006841322,-35.4835559783304,-26.9032447058017
10.0515574650913,502,492,-23.6053056814618,42.8364585531449,-3.7142500154761,-39.1222085376688
10.0537056928034,505,496,-18.717720148715,25.729909188531,1.17333551727072,-26.9032447058017
10.0558539205156,503,498,0.832621982272297,25.729909188531,-13.4894210809697,-12.2404881075613
10.0580021482277,500,493,-8.94254908322134,45.2802513195183,-15.9332138473431,-29.3470374721752
10.0601503759399,493,489,5.72020751501911,72.1619717496258,-40.3711415110772,-31.7908302385486
10.062298603652,487,489,35.0457207115,86.8247283478663,-69.6966547075581,-17.1280736403081
10.0644468313641,484,487,39.9333062442468,99.0436921797333,-79.4718257730518,-19.5718664066815
10.0665950590763,485,486,30.1581351787532,99.0436921797333,-72.1404474739316,-26.9032447058017
10.0687432867884,486,488,35.0457207115,91.7123138806131,-72.1404474739316,-19.5718664066815
10.0708915145005,490,490,25.2705496460064,77.0495572823726,-57.4776908756911,-19.5718664066815
10.0730397422127,490,492,35.0457207115,72.1619717496258,-62.3652764084379,-9.79669534118787
10.0751879699248,492,487,0.832621982272286,79.493350048746,-40.3711415110772,-39.1222085376688
10.0773361976369,495,486,-18.717720148715,74.6057645159992,-23.2645921464634,-51.3411723695358
10.0794844253491,502,490,-33.3804767469554,47.7240440858917,1.17333551727072,-48.8973796031624
10.0816326530612,513,499,-43.1556478124491,-1.15181124157648,32.942641480125,-31.7908302385486
10.0837808807734,532,504,-111.581845270905,-59.8028376345383,113.587802770448,-53.7849651359092
10.0859291084855,556,517,-165.34528613112,-150.223169990354,199.120549593517,-48.8973796031624
10.0880773361976,579,530,-214.221141458588,-238.199709579797,279.76571088384,-41.5660013040424
10.0902255639098,603,546,-253.321825720563,-335.951420234734,357.967079407789,-22.0156591730552
10.0923737916219,627,558,-311.972852113525,-423.927959824176,445.943618997232,-22.0156591730552
10.094522019334,640,566,-336.410779777259,-475.247607918018,489.931888791953,-14.6842808739349
10.0966702470462,642,574,-307.085266580778,-499.685535581752,480.156717726459,19.5288178552928
10.0988184747583,630,574,-248.434240187816,-470.360022385271,421.505691333498,48.8543310517737
10.1009667024705,607,572,-145.794944000133,-409.265203225936,313.978809613068,95.2863936128685
10.1031149301826,583,565,-62.7059899434368,-333.50762746836,213.783306191758,119.724321276603
10.1052631578947,560,559,20.3829641132596,-262.637637243531,116.031595536821,146.60604170671
10.1074113856069,540,553,88.809161571715,-199.099025317823,32.942641480125,166.156383837698
10.109559613319,522,539,108.359503702702,-120.897656793874,-20.82079938009,141.718456173963
10.1117078410311,509,530,127.90984583369,-67.1342159336585,-62.3652764084379,129.499492342096
10.1138560687433,501,524,137.685016899183,-32.9211172044308,-86.803204072172,119.724321276603
10.1160042964554,495,522,157.235359030171,-13.3707750734435,-111.241131735906,124.61190680935
10.1181525241676,493,518,147.460187964677,1.29198152479692,-111.241131735906,109.949150211109
10.1203007518797,492,516,142.57260243193,8.62335982391715,-111.241131735906,102.617771911989
10.1224489795918,494,515,127.90984583369,6.17956705754375,-99.0221679040391,92.8426008464953
10.124597207304,499,516,108.359503702702,-8.48318954069671,-77.0280330066784,85.5112225473751
10.1267454350161,502,514,83.9215760389682,-10.9269823070701,-57.4776908756911,68.4046731827612
10.1288936627282,508,512,44.8208917769937,-20.7021533725638,-23.2645921464634,43.9667455190271
10.1310418904404,509,508,20.3829641132596,-13.3707750734435,-8.60183554822291,21.9726106216664
10.1331901181525,509,510,30.1581351787532,-18.2583606061904,-13.4894210809697,31.7477816871601
10.1353383458647,508,509,30.1581351787532,-13.3707750734435,-15.9332138473431,29.3039889207867
10.1374865735768,506,509,39.9333062442469,-8.48318954069671,-25.7083849128368,34.1915744535335
10.1396348012889,499,505,54.5960628424873,18.3985308894108,-50.1463125765709,31.7477816871601
10.1417830290011,495,504,69.2588194407278,30.6174947212778,-67.2528619411847,36.6353672199069
10.1439312567132,491,500,69.2588194407278,50.1678368522651,-77.0280330066784,26.8601961544133
10.1460794844253,485,493,64.3712339079809,81.9371428151194,-89.2469968385454,7.30985402342598
10.1482277121375,483,492,69.2588194407278,89.2685211142397,-96.5783751376657,7.30985402342599
10.1503759398496,480,489,69.2588194407277,103.93127771248,-103.909753436786,-0.0215242756942473
10.1525241675618,480,487,59.4836483752341,108.818863245227,-99.0221679040391,-9.79669534118788
10.1546723952739,484,489,49.7084773097405,94.1561066469865,-84.3594113057986,-9.79669534118788
10.156820622986,489,491,35.0457207115,77.0495572823726,-64.8090691748113,-12.2404881075613
10.1589688506982,495,494,20.3829641132596,55.0554223850119,-42.8149342774506,-12.2404881075613
10.1611170784103,498,497,20.3829641132596,40.3926657867715,-35.4835559783304,-4.90910980844106
10.1632653061224,498,494,5.72020751501912,47.7240440858917,-28.1521776792102,-19.5718664066815
10.1654135338346,494,490,5.72020751501913,67.274386216879,-37.9273487447038,-29.3470374721751
10.1675617615467,492,489,10.6077930477659,74.6057645159992,-45.258727043824,-29.3470374721752
10.1697099892589,490,489,20.3829641132596,79.493350048746,-55.0338981093177,-24.4594519394283
10.171858216971,490,490,25.2705496460064,77.0495572823726,-57.4776908756911,-19.5718664066815
10.1740064446831,494,490,5.72020751501913,67.274386216879,-37.9273487447038,-29.3470374721751
10.1761546723953,500,494,-4.05496355047452,42.8364585531449,-18.3770066137166,-24.4594519394283
10.1783029001074,503,497,-4.05496355047452,28.1737019549044,-11.0456283145963,-17.1280736403081
10.1804511278195,501,495,-4.05496355047453,37.9488730203981,-15.9332138473431,-22.0156591730549
10.1825993555317,495,493,15.4953785805127,57.4992151513853,-40.3711415110772,-17.1280736403081
10.1847475832438,495,487,-13.8301346159682,72.1619717496258,-25.7083849128368,-46.453586836789
10.186895810956,491,489,15.4953785805127,77.0495572823726,-50.1463125765709,-26.9032447058017
10.1890440386681,494,490,5.72020751501913,67.274386216879,-37.9273487447038,-29.3470374721751
10.1911922663802,495,490,0.8326219822723,64.8305934505056,-33.039763211957,-31.7908302385486
10.1933404940924,494,491,10.6077930477659,64.8305934505056,-40.3711415110772,-24.4594519394283
10.1954887218045,500,492,-13.8301346159682,47.7240440858917,-13.4894210809697,-34.234623004922
10.1976369495166,501,495,-4.05496355047453,37.9488730203981,-15.9332138473431,-22.0156591730549
10.1997851772288,505,495,-23.6053056814618,28.1737019549044,3.61712828364413,-31.7908302385486
10.2019334049409,504,493,-28.4928912142086,35.5050802540247,3.61712828364413,-39.1222085376688
10.2040816326531,501,493,-13.8301346159682,42.8364585531449,-11.0456283145963,-31.7908302385486
10.2062298603652,503,493,-23.6053056814618,37.9488730203981,-1.27045724910268,-36.6784157712954
10.2083780880773,502,494,-13.8301346159682,37.9488730203981,-8.60183554822292,-29.3470374721751
10.2105263157895,501,495,-4.05496355047453,37.9488730203981,-15.9332138473431,-22.0156591730549
10.2126745435016,502,496,-4.05496355047452,33.0612874876512,-13.4894210809697,-19.5718664066815
10.2148227712137,504,498,-4.05496355047452,23.2861164221576,-8.60183554822291,-14.6842808739347
10.2169709989259,507,497,-23.6053056814618,18.3985308894108,8.50471381639095,-26.9032447058017
10.219119226638,509,497,-33.3804767469554,13.510945356664,18.2798848818846,-31.7908302385486
10.2212674543502,508,496,-33.3804767469554,18.3985308894108,15.8360921155112,-34.234623004922
10.2234156820623,507,498,-18.717720148715,15.9547381230374,6.06092105001754,-22.0156591730549
10.2255639097744,510,501,-18.717720148715,1.29198152479693,13.3922993491378,-14.6842808739347
10.2277121374866,512,504,-13.8301346159682,-10.9269823070701,15.8360921155112,-4.90910980844106
10.2298603651987,511,504,-8.94254908322134,-8.48318954069671,10.9485065827644,-2.46531704206765
10.2320085929108,511,504,-8.94254908322134,-8.48318954069671,10.9485065827644,-2.46531704206765
10.234156820623,509,502,-8.94254908322134,1.29198152479693,6.06092105001754,-7.35290257481447
10.2363050483351,505,500,0.832621982272297,15.9547381230374,-8.60183554822291,-7.35290257481447
10.2384532760473,508,502,-4.05496355047452,3.73577429117034,1.17333551727072,-4.90910980844106
10.2406015037594,508,499,-18.717720148715,11.0671525902906,8.50471381639095,-19.5718664066815
10.2427497314715,508,502,-4.05496355047452,3.73577429117034,1.17333551727072,-4.90910980844106
10.2448979591837,509,502,-8.94254908322134,1.29198152479693,6.06092105001754,-7.35290257481447
10.2470461868958,512,504,-13.8301346159682,-10.9269823070701,15.8360921155112,-4.90910980844106
10.2491944146079,512,505,-8.94254908322134,-13.3707750734435,13.3922993491378,-0.0215242756942402
10.2513426423201,512,507,0.832621982272297,-18.2583606061904,8.50471381639095,9.7536467897994
10.2534908700322,511,503,-13.8301346159682,-6.0393967743233,13.3922993491378,-7.35290257481447
10.2556390977444,511,501,-23.6053056814618,-1.15181124157648,18.2798848818846,-17.1280736403081
10.2577873254565,512,502,-23.6053056814618,-6.0393967743233,20.723677648258,-14.6842808739347
10.2599355531686,516,506,-23.6053056814618,-25.5897389053106,30.4988487137516,-4.90910980844106
10.2620837808808,520,509,-28.4928912142086,-42.6962882699244,42.7178125456187,-0.0215242756942402
10.2642320085929,523,513,-23.6053056814618,-59.8028376345383,47.6053980783655,12.1974395561728
10.266380236305,527,514,-38.2680622797022,-72.0218014664053,64.7119474429794,7.30985402342599
10.2685284640172,525,514,-28.4928912142086,-67.1342159336585,54.9367763774857,12.1974395561728
10.2706766917293,529,515,-43.1556478124491,-79.3531797655256,72.0433257420996,7.30985402342598
10.2728249194415,530,514,-52.9308188779427,-79.3531797655256,79.3747040412198,-0.0215242756942331
10.2749731471536,530,515,-48.0432333451959,-81.796972531899,76.9309112748464,4.86606125705258
10.2771213748657,532,516,-52.9308188779427,-89.1283508310192,84.2622895739667,4.86606125705258
10.2792696025779,529,517,-33.3804767469554,-84.2407652982724,67.1557402093528,17.0850250889196
10.28141783029,526,520,-4.05496355047451,-84.2407652982724,45.1616053119921,39.0791599862803
10.2835660580021,527,518,-18.717720148715,-81.796972531899,54.9367763774857,26.8601961544133
10.2857142857143,528,521,-8.94254908322135,-91.5721435973926,52.4929836111123,39.0791599862803
10.2878625134264,533,522,-28.4928912142086,-106.234900195633,74.487118508473,31.7477816871601
10.2900107411386,536,521,-48.0432333451959,-111.12248572838,91.5936678730869,19.528817855293
10.2921589688507,536,520,-52.9308188779427,-108.678692962006,94.0374606394603,14.6412323225462
10.2943071965628,529,518,-28.4928912142086,-86.6845580646458,64.7119474429794,21.9726106216664
10.296455424275,526,520,-4.05496355047451,-84.2407652982724,45.1616053119921,39.0791599862803
10.2986036519871,528,521,-8.94254908322135,-91.5721435973926,52.4929836111123,39.0791599862803
10.3007518796992,529,525,5.72020751501911,-103.79110742926,47.6053980783655,56.1857093508942
10.3029001074114,534,523,-28.4928912142086,-111.12248572838,76.9309112748464,34.1915744535335
10.3050483351235,535,526,-18.717720148715,-120.897656793874,74.487118508473,46.4105382854005
10.3071965628357,534,523,-28.4928912142086,-111.12248572838,76.9309112748464,34.1915744535335
10.3093447905478,534,526,-13.8301346159681,-118.4538640275,69.5995329757262,48.854331051774
10.3114930182599,531,521,-23.6053056814618,-98.9035218965129,67.1557402093528,31.7477816871601
10.3136412459721,529,523,-4.05496355047453,-98.9035218965129,52.4929836111123,46.4105382854005
10.3157894736842,530,524,-4.05496355047451,-103.79110742926,54.9367763774857,48.854331051774
10.3179377013963,530,526,5.72020751501913,-108.678692962006,50.0491908447389,58.6295021172676
10.3200859291085,533,527,-4.05496355047453,-118.4538640275,62.268154676606,56.1857093508942
10.3222341568206,530,525,0.8326219822723,-106.234900195633,52.4929836111123,53.7419165845208
10.3243823845328,528,525,10.6077930477659,-101.347314662886,42.7178125456187,58.6295021172676
10.3265306122449,532,525,-8.94254908322135,-111.12248572838,62.268154676606,48.8543310517739
10.328678839957,529,522,-8.94254908322134,-96.4597291301395,54.9367763774857,41.5229527526537
10.3308270676692,527,523,5.72020751501911,-94.015936363766,42.7178125456187,51.2981238181474
10.3329752953813,528,523,0.832621982272286,-96.4597291301395,47.6053980783655,48.8543310517739
10.3351235230934,526,525,20.3829641132596,-96.4597291301394,32.942641480125,63.5170876500144
10.3372717508056,524,524,25.2705496460064,-89.1283508310192,25.6112631810048,63.5170876500144
10.3394199785177,524,524,25.2705496460064,-89.1283508310192,25.6112631810048,63.5170876500144
10.3415682062299,521,521,25.2705496460064,-74.4655942327788,18.2798848818846,56.1857093508942
10.343716433942,523,522,20.3829641132596,-81.796972531899,25.6112631810048,56.1857093508942
10.3458646616541,521,517,5.72020751501911,-64.6904231672851,28.0550559473782,36.6353672199069
10.3480128893663,522,518,5.72020751501913,-69.5780087000319,30.4988487137516,39.0791599862803
10.3501611170784,517,516,20.3829641132596,-52.4714593354181,10.9485065827644,41.5229527526537
10.3523093447905,517,518,30.1581351787532,-57.3590448681649,6.06092105001754,51.2981238181474
10.3544575725027,515,518,39.9333062442469,-52.4714593354181,-3.7142500154761,56.1857093508942
10.3566058002148,512,516,44.8208917769937,-40.252495503551,-13.4894210809697,53.7419165845208
10.358754027927,509,513,44.8208917769937,-25.5897389053106,-20.82079938009,46.4105382854005
10.3609022556391,508,512,44.8208917769937,-20.7021533725638,-23.2645921464634,43.9667455190271
10.3630504833512,505,508,39.9333062442469,-3.59560400794989,-28.1521776792102,31.7477816871601
10.3651987110634,503,505,35.0457207115,8.62335982391715,-30.5959704455836,21.9726106216664
10.3673469387755,503,505,35.0457207115,8.62335982391715,-30.5959704455836,21.9726106216664
10.3694951664876,504,506,35.0457207115,3.73577429117034,-28.1521776792102,24.4164033880399
10.3716433941998,503,506,39.9333062442469,6.17956705754374,-33.039763211957,26.8601961544133
10.3737916219119,503,506,39.9333062442469,6.17956705754374,-33.039763211957,26.8601961544133
10.3759398496241,500,505,49.7084773097405,15.9547381230374,-45.2587270438241,29.3039889207867
10.3780880773362,504,503,20.3829641132596,11.0671525902906,-20.82079938009,9.7536467897994
10.3802363050483,503,503,25.2705496460064,13.510945356664,-25.7083849128368,12.1974395561728
10.3823845327605,506,500,-4.05496355047452,13.510945356664,-3.71425001547609,-9.79669534118788
10.3845327604726,503,500,10.6077930477659,20.8423236557842,-18.3770066137166,-2.46531704206765
10.3866809881847,501,501,25.2705496460064,23.2861164221576,-30.5959704455836,7.30985402342599
10.3888292158969,501,504,39.9333062442469,15.9547381230374,-37.9273487447038,21.9726106216664
10.390977443609,500,502,35.0457207115,23.2861164221576,-37.9273487447038,14.6412323225462
10.3931256713212,501,502,30.1581351787532,20.8423236557842,-33.039763211957,12.1974395561728
10.3952738990333,499,501,35.0457207115,28.1737019549044,-40.3711415110772,12.1974395561728
10.3974221267454,499,499,25.2705496460064,33.0612874876512,-35.4835559783304,2.42226849067917
10.3995703544576,497,495,15.4953785805127,47.7240440858917,-35.4835559783304,-12.2404881075613
10.4017185821697,495,494,20.3829641132596,55.0554223850119,-42.8149342774506,-12.2404881075613
10.4038668098818,493,494,30.1581351787532,59.9430079177587,-52.5901053429443,-7.35290257481446
10.406015037594,493,495,35.0457207115,57.4992151513853,-55.0338981093177,-2.46531704206765
10.4081632653061,496,494,15.4953785805128,52.6116296186385,-37.9273487447038,-14.6842808739347
10.4103114930183,495,496,30.1581351787532,50.1678368522651,-47.7025198101975,-2.46531704206765
10.4124597207304,493,494,30.1581351787532,59.9430079177587,-52.5901053429443,-7.35290257481446
10.4146079484425,491,493,35.0457207115,67.274386216879,-59.9214836420645,-7.35290257481447
10.4167561761547,491,487,5.72020751501911,81.9371428151194,-45.2587270438241,-36.6784157712954
10.4189044038668,493,488,0.8326219822723,74.6057645159992,-37.9273487447038,-36.6784157712954
10.4210526315789,493,489,5.72020751501911,72.1619717496258,-40.3711415110772,-31.7908302385486
10.4232008592911,498,490,-13.8301346159682,57.4992151513853,-18.3770066137166,-39.1222085376688
10.4253490870032,500,493,-8.94254908322134,45.2802513195183,-15.9332138473431,-29.3470374721752
10.4274973147154,499,494,0.8326219822723,45.2802513195183,-23.2645921464634,-22.0156591730549
10.4296455424275,498,494,5.72020751501912,47.7240440858917,-28.1521776792102,-19.5718664066815
10.4317937701396,501,494,-8.94254908322134,40.3926657867715,-13.4894210809697,-26.9032447058017
10.4339419978518,499,493,-4.05496355047453,47.7240440858917,-20.82079938009,-26.9032447058017
10.4360902255639,503,493,-23.6053056814618,37.9488730203981,-1.27045724910268,-36.6784157712954
10.438238453276,499,492,-8.94254908322134,50.1678368522651,-18.3770066137166,-31.7908302385486
10.4403866809882,498,496,15.4953785805128,42.8364585531449,-33.039763211957,-9.79669534118787
10.4425349087003,498,494,5.72020751501912,47.7240440858917,-28.1521776792102,-19.5718664066815
10.4446831364125,498,495,10.6077930477659,45.2802513195183,-30.5959704455836,-14.6842808739347
10.4468313641246,498,497,20.3829641132596,40.3926657867715,-35.4835559783304,-4.90910980844106
10.4489795918367,496,494,15.4953785805128,52.6116296186385,-37.9273487447038,-14.6842808739347
10.4511278195489,494,490,5.72020751501913,67.274386216879,-37.9273487447038,-29.3470374721751
10.453276047261,495,490,0.8326219822723,64.8305934505056,-33.039763211957,-31.7908302385486
10.4554242749731,501,493,-13.8301346159682,42.8364585531449,-11.0456283145963,-31.7908302385486
10.4575725026853,502,496,-4.05496355047452,33.0612874876512,-13.4894210809697,-19.5718664066815
10.4597207303974,504,496,-13.8301346159682,28.1737019549044,-3.7142500154761,-24.4594519394283
10.4618689581096,502,495,-8.94254908322134,35.5050802540247,-11.0456283145963,-24.4594519394283
10.4640171858217,503,498,0.832621982272297,25.729909188531,-13.4894210809697,-12.2404881075613
10.4661654135338,503,498,0.832621982272297,25.729909188531,-13.4894210809697,-12.2404881075613
10.468313641246,505,497,-13.8301346159682,23.2861164221576,-1.27045724910269,-22.0156591730549
10.4704618689581,505,494,-28.4928912142086,30.6174947212778,6.06092105001754,-36.6784157712954
10.4726100966702,507,496,-28.4928912142086,20.8423236557842,10.9485065827644,-31.7908302385486
10.4747583243824,506,496,-23.6053056814618,23.2861164221576,6.06092105001754,-29.3470374721751
10.4769065520945,507,499,-13.8301346159682,13.510945356664,3.61712828364413,-17.1280736403081
10.4790547798067,505,498,-8.94254908322134,20.8423236557842,-3.71425001547609,-17.1280736403081
10.4812030075188,504,499,0.832621982272297,20.8423236557842,-11.0456283145963,-9.79669534118788
10.4833512352309,507,502,0.832621982272297,6.17956705754374,-3.71425001547609,-2.46531704206765
10.4854994629431,510,502,-13.8301346159682,-1.15181124157648,10.9485065827644,-9.79669534118788
10.4876476906552,511,500,-28.4928912142086,1.29198152479693,20.723677648258,-22.0156591730549
10.4897959183673,512,500,-33.3804767469554,-1.15181124157648,25.6112631810048,-24.4594519394283
10.4919441460795,512,501,-28.4928912142086,-3.59560400794989,23.1674704146314,-19.5718664066815
10.4940923737916,511,503,-13.8301346159682,-6.0393967743233,13.3922993491378,-7.35290257481447
10.4962406015038,508,502,-4.05496355047452,3.73577429117034,1.17333551727072,-4.90910980844106
10.4983888292159,504,500,5.72020751501912,18.3985308894108,-13.4894210809697,-4.90910980844106
10.500537056928,503,501,15.4953785805128,18.3985308894108,-20.82079938009,2.42226849067917
10.5026852846402,505,501,5.72020751501912,13.510945356664,-11.0456283145963,-2.46531704206765
10.5048335123523,509,501,-13.8301346159682,3.73577429117034,8.50471381639095,-12.2404881075613
10.5069817400644,512,500,-33.3804767469554,-1.15181124157648,25.6112631810048,-24.4594519394283
10.5091299677766,516,503,-38.2680622797022,-18.2583606061904,37.8302270128719,-19.5718664066815
10.5112781954887,518,507,-28.4928912142086,-32.9211172044308,37.8302270128719,-4.90910980844106
10.5134264232009,515,505,-23.6053056814618,-20.7021533725638,28.0550559473782,-7.35290257481447
10.515574650913,515,507,-13.8301346159682,-25.5897389053106,23.1674704146314,2.42226849067917
10.5177228786251,514,507,-8.94254908322134,-23.1459461389372,18.2798848818846,4.86606125705258
10.5198711063373,515,510,0.8326219822723,-32.9211172044308,15.8360921155112,17.0850250889196
10.5220193340494,515,508,-8.94254908322134,-28.033531671684,20.723677648258,7.30985402342599
10.5241675617615,515,506,-18.717720148715,-23.1459461389372,25.6112631810048,-2.46531704206765
10.5263157894737,517,505,-33.3804767469554,-25.5897389053106,37.8302270128719,-12.2404881075613
10.5284640171858,515,507,-13.8301346159682,-25.5897389053106,23.1674704146314,2.42226849067917
10.530612244898,517,507,-23.6053056814618,-30.4773244380574,32.942641480125,-2.46531704206765
10.5327604726101,518,509,-18.717720148715,-37.8087027371776,32.942641480125,4.86606125705258
10.5349087003222,514,509,0.832621982272297,-28.033531671684,13.3922993491378,14.6412323225462
10.5370569280344,514,512,15.4953785805128,-35.3649099708042,6.06092105001754,29.3039889207867
10.5392051557465,513,509,5.72020751501912,-25.5897389053106,8.50471381639095,17.0850250889196
10.5413533834586,512,506,-4.05496355047452,-15.8145678398169,10.9485065827644,4.86606125705258
10.5435016111708,506,505,20.3829641132596,1.29198152479693,-15.9332138473431,14.6412323225462
10.5456498388829,505,506,30.1581351787532,1.29198152479693,-23.2645921464634,21.9726106216664
10.5477980665951,505,504,20.3829641132596,6.17956705754374,-18.3770066137166,12.1974395561728
10.5499462943072,506,505,20.3829641132596,1.29198152479693,-15.9332138473431,14.6412323225462
10.5520945220193,508,506,15.4953785805128,-6.0393967743233,-8.60183554822291,14.6412323225462
10.5542427497315,508,509,30.1581351787532,-13.3707750734435,-15.9332138473431,29.3039889207867
10.5563909774436,507,504,10.6077930477659,1.29198152479693,-8.60183554822291,7.30985402342599
10.5585392051557,503,501,15.4953785805128,18.3985308894108,-20.82079938009,2.42226849067917
10.5606874328679,498,497,20.3829641132596,40.3926657867715,-35.4835559783304,-4.90910980844106
10.56283566058,497,496,20.3829641132596,45.2802513195183,-37.9273487447038,-7.35290257481446
10.5649838882922,496,496,25.2705496460064,47.7240440858917,-42.8149342774506,-4.90910980844106
10.5671321160043,495,497,35.0457207115,47.7240440858917,-50.1463125765709,2.42226849067917
10.5692803437164,494,496,35.0457207115,52.6116296186385,-52.5901053429443,-0.0215242756942331
10.5714285714286,496,496,25.2705496460064,47.7240440858917,-42.8149342774506,-4.90910980844106
10.5735767991407,497,496,20.3829641132596,45.2802513195183,-37.9273487447038,-7.35290257481446
10.5757250268528,496,493,10.6077930477659,55.0554223850119,-35.4835559783304,-19.5718664066815
10.577873254565,490,491,30.1581351787532,74.6057645159992,-59.9214836420645,-14.6842808739347
10.5800214822771,491,489,15.4953785805127,77.0495572823726,-50.1463125765709,-26.9032447058017
10.5821697099893,488,489,30.1581351787532,84.3809355814928,-64.8090691748113,-19.5718664066815
10.5843179377014,488,490,35.0457207115,81.9371428151194,-67.2528619411847,-14.6842808739347
10.5864661654135,488,489,30.1581351787532,84.3809355814928,-64.8090691748113,-19.5718664066815
10.5886143931257,488,489,30.1581351787532,84.3809355814928,-64.8090691748113,-19.5718664066815
10.5907626208378,487,493,54.5960628424873,77.0495572823726,-79.4718257730518,2.42226849067917
10.5929108485499,486,488,35.0457207115,91.7123138806131,-72.1404474739316,-19.5718664066815
10.5950590762621,488,484,5.72020751501911,96.5998994133599,-52.5901053429443,-44.0097940704156
10.5972073039742,489,484,0.8326219822723,94.1561066469865,-47.7025198101975,-46.453586836789
10.5993555316864,489,486,10.6077930477659,89.2685211142397,-52.5901053429443,-36.6784157712954
10.6015037593985,488,486,15.4953785805127,91.7123138806131,-57.4776908756911,-34.234623004922
10.6036519871106,486,486,25.2705496460064,96.5998994133599,-67.2528619411847,-29.3470374721751
10.6058002148228,488,487,20.3829641132596,89.2685211142397,-59.9214836420645,-29.3470374721752
10.6079484425349,487,488,30.1581351787532,89.2685211142397,-67.2528619411847,-22.0156591730549
10.610096670247,488,486,15.4953785805127,91.7123138806131,-57.4776908756911,-34.234623004922
10.6122448979592,487,483,5.72020751501911,101.487484946107,-55.0338981093177,-46.453586836789
10.6143931256713,485,481,5.72020751501911,111.2626560116,-59.9214836420645,-51.3411723695358
10.6165413533835,481,481,25.2705496460064,121.037827077094,-79.4718257730518,-41.5660013040422
10.6186895810956,479,480,30.1581351787537,128.369205376214,-86.8032040721725,-41.566001304042
10.6208378088077,479,480,30.1581351787537,128.369205376214,-86.8032040721725,-41.566001304042
10.6229860365199,482,480,15.4953785805128,121.037827077094,-72.1404474739316,-48.8973796031624
10.625134264232,482,482,25.2705496460064,116.150241544347,-77.0280330066784,-39.1222085376688
10.6272824919441,483,482,20.3829641132596,113.706448777974,-72.1404474739316,-41.5660013040422
10.6294307196563,485,479,-4.05496355047497,116.150241544347,-55.0338981093175,-61.1163434350299
10.6315789473684,491,482,-18.717720148715,94.1561066469865,-33.039763211957,-61.1163434350295
10.6337271750806,503,487,-52.9308188779427,52.6116296186385,13.3922993491378,-66.0039289677763
10.6358754027927,517,494,-87.1439176071704,1.29198152479692,64.7119474429794,-66.0039289677763
10.6380236305048,538,505,-136.019772934639,-76.9093869991522,140.469523200555,-63.5601362014029
10.640171858217,567,520,-204.445970393094,-184.436268719582,245.552612154612,-61.1163434350295
10.6423200859291,592,535,-253.321825720563,-282.187979374519,331.085358977681,-48.8973796031626
10.6444683136412,612,548,-287.53492444979,-362.833140664841,397.067763669764,-34.2346230049222
10.6466165413534,625,558,-302.197681048031,-419.04037429143,436.168447931738,-17.1280736403083
10.6487647690655,631,565,-297.310095515284,-450.809680254284,448.387411763605,2.4222684906789
10.6509129967777,623,568,-243.546654655069,-438.590716422417,401.95534920251,36.6353672199067
10.6530612244898,610,565,-194.670799327601,-399.490032160442,345.748115575922,53.7419165845205
10.6552094522019,591,564,-106.694259738158,-350.614176832974,255.327783220106,95.2863936128685
10.6573576799141,567,556,-28.4928912142086,-272.412808309025,157.576072565169,114.836735743856
10.6595059076262,538,548,74.1464049734746,-181.992475953209,35.3864342464985,146.60604170671
10.6616541353383,516,537,127.90984583369,-101.347314662886,-45.2587270438241,146.60604170671
10.6638023630505,500,528,162.122944562917,-40.252495503551,-101.465960670412,141.718456173964
10.6659505907626,491,519,162.122944562917,3.73577429117034,-123.460095567773,119.724321276603
10.6680988184748,487,516,167.010530095664,20.8423236557842,-135.67905939964,114.836735743856
10.6702470461869,485,509,142.57260243193,42.8364585531449,-128.34768110052,85.5112225473751
10.672395273899,486,508,132.797431366436,42.8364585531449,-121.0163028014,78.1798442482549
10.6745435016112,493,508,98.5843326372087,25.729909188531,-86.803204072172,61.073294883641
10.6766917293233,501,511,74.1464049734746,-1.15181124157648,-55.0338981093177,56.1857093508942
10.6788399570354,506,511,49.7084773097405,-13.3707750734435,-30.5959704455836,43.9667455190271
10.6809881847476,510,513,39.9333062442468,-28.033531671684,-15.9332138473431,43.9667455190271
10.6831364124597,507,509,35.0457207115,-10.9269823070701,-20.82079938009,31.7477816871601
10.6852846401719,508,506,15.4953785805128,-6.0393967743233,-8.60183554822291,14.6412323225462
10.687432867884,502,504,35.0457207115,13.510945356664,-33.039763211957,19.528817855293
10.6895810955961,500,502,35.0457207115,23.2861164221576,-37.9273487447038,14.6412323225462
10.6917293233083,498,502,44.8208917769937,28.1737019549044,-47.7025198101975,19.528817855293
10.6938775510204,496,500,44.8208917769937,37.9488730203981,-52.5901053429443,14.6412323225462
10.6960257787325,495,502,59.4836483752341,35.5050802540247,-62.3652764084379,26.8601961544133
10.6981740064447,493,499,54.5960628424873,47.7240440858917,-64.8090691748113,17.0850250889196
10.7003222341568,494,498,44.8208917769937,47.7240440858917,-57.4776908756911,9.7536467897994
10.702470461869,493,496,39.9333062442469,55.0554223850119,-57.4776908756911,2.42226849067917
10.7046186895811,490,492,35.0457207115,72.1619717496258,-62.3652764084379,-9.79669534118787
10.7067669172932,490,490,25.2705496460064,77.0495572823726,-57.4776908756911,-19.5718664066815
10.7089151450054,491,494,39.9333062442469,64.8305934505056,-62.3652764084379,-2.46531704206765
10.7110633727175,488,491,39.9333062442468,79.493350048746,-69.6966547075581,-9.79669534118788
10.7132116004296,488,492,44.8208917769937,77.0495572823726,-72.1404474739315,-4.90910980844106
10.7153598281418,486,491,49.7084773097405,84.3809355814928,-79.4718257730518,-4.90910980844106
10.7175080558539,487,491,44.8208917769937,81.9371428151194,-74.584240240305,-7.35290257481447
10.7196562835661,488,488,25.2705496460064,86.8247283478663,-62.3652764084379,-24.4594519394283
10.7218045112782,487,485,15.4953785805127,96.5998994133599,-59.9214836420645,-36.6784157712954
10.7239527389903,488,484,5.72020751501911,96.5998994133599,-52.5901053429443,-44.0097940704156
10.7261009667025,488,486,15.4953785805127,91.7123138806131,-57.4776908756911,-34.234623004922
10.7282491944146,490,487,10.6077930477659,84.3809355814928,-50.1463125765709,-34.234623004922
10.7303974221267,494,490,5.72020751501913,67.274386216879,-37.9273487447038,-29.3470374721751
10.7325456498389,495,490,0.8326219822723,64.8305934505056,-33.039763211957,-31.7908302385486
10.734693877551,496,491,0.832621982272293,59.9430079177587,-30.5959704455836,-29.3470374721752
10.7368421052632,497,490,-8.94254908322134,59.9430079177587,-23.2645921464634,-36.6784157712954
10.7389903329753,492,487,0.832621982272286,79.493350048746,-40.3711415110772,-39.1222085376688
10.7411385606874,496,486,-23.6053056814618,72.1619717496258,-18.3770066137166,-53.7849651359092
10.7432867883996,498,489,-18.717720148715,59.9430079177587,-15.9332138473431,-44.0097940704156
10.7454350161117,498,492,-4.05496355047452,52.6116296186385,-23.2645921464634,-29.3470374721751
10.7475832438238,499,493,-4.05496355047453,47.7240440858917,-20.82079938009,-26.9032447058017
10.749731471536,497,493,5.72020751501911,52.6116296186385,-30.5959704455836,-22.0156591730549
10.7518796992481,499,495,5.72020751501911,42.8364585531449,-25.7083849128368,-17.1280736403081
10.7540279269603,498,492,-4.05496355047452,52.6116296186385,-23.2645921464634,-29.3470374721751
10.7561761546724,496,492,5.72020751501912,57.4992151513853,-33.039763211957,-24.4594519394283
10.7583243823845,496,488,-13.8301346159682,67.274386216879,-23.2645921464634,-44.0097940704156
10.7604726100967,496,489,-8.94254908322134,64.8305934505056,-25.7083849128368,-39.1222085376688
10.7626208378088,498,491,-8.94254908322134,55.0554223850119,-20.82079938009,-34.234623004922
10.7647690655209,500,493,-8.94254908322134,45.2802513195183,-15.9332138473431,-29.3470374721752
10.7669172932331,503,495,-13.8301346159682,33.0612874876512,-6.1580427818495,-26.9032447058017
10.7690655209452,504,497,-8.94254908322134,25.729909188531,-6.1580427818495,-19.5718664066815
10.7712137486574,505,496,-18.717720148715,25.729909188531,1.17333551727072,-26.9032447058017
10.7733619763695,505,498,-8.94254908322134,20.8423236557842,-3.71425001547609,-17.1280736403081
10.7755102040816,506,498,-13.8301346159682,18.3985308894108,1.17333551727072,-19.5718664066815
10.7776584317938,510,497,-38.2680622797022,11.0671525902906,23.1674704146314,-34.234623004922
10.7798066595059,507,498,-18.717720148715,15.9547381230374,6.06092105001754,-22.0156591730549
10.781954887218,508,500,-13.8301346159682,8.62335982391715,6.06092105001754,-14.6842808739347
10.7841031149302,505,498,-8.94254908322134,20.8423236557842,-3.71425001547609,-17.1280736403081
10.7862513426423,502,499,10.6077930477659,25.729909188531,-20.82079938009,-4.90910980844106
10.7883995703545,505,500,0.832621982272297,15.9547381230374,-8.60183554822291,-7.35290257481447
10.7905477980666,506,499,-8.94254908322134,15.9547381230374,-1.27045724910269,-14.6842808739347
10.7926960257787,513,498,-48.0432333451959,1.29198152479693,35.3864342464985,-36.6784157712954
10.7948442534909,511,500,-28.4928912142086,1.29198152479693,20.723677648258,-22.0156591730549
10.796992481203,513,501,-33.3804767469554,-6.0393967743233,28.0550559473782,-22.0156591730549
10.7991407089151,512,504,-13.8301346159682,-10.9269823070701,15.8360921155112,-4.90910980844106
10.8012889366273,509,503,-4.05496355047452,-1.15181124157648,3.61712828364413,-2.46531704206765
10.8034371643394,504,503,20.3829641132596,11.0671525902906,-20.82079938009,9.7536467897994
10.8055853920516,503,503,25.2705496460064,13.510945356664,-25.7083849128368,12.1974395561728
10.8077336197637,506,503,10.6077930477659,6.17956705754374,-11.0456283145963,4.86606125705258
10.8098818474758,509,501,-13.8301346159682,3.73577429117034,8.50471381639095,-12.2404881075613
10.812030075188,514,502,-33.3804767469554,-10.9269823070701,30.4988487137516,-19.5718664066815
10.8141783029001,515,504,-28.4928912142086,-18.2583606061904,30.4988487137516,-12.2404881075613
10.8163265306122,519,508,-28.4928912142086,-37.8087027371776,40.2740197792453,-2.46531704206765
10.8184747583244,518,508,-23.6053056814618,-35.3649099708042,35.3864342464985,-0.0215242756942402
10.8206229860365,517,510,-8.94254908322134,-37.8087027371776,25.6112631810048,12.1974395561728
10.8227712137487,519,511,-13.8301346159682,-45.1400810362979,32.942641480125,12.1974395561728
10.8249194414608,520,512,-13.8301346159682,-50.0276665690447,35.3864342464985,14.6412323225462
10.8270676691729,519,509,-23.6053056814618,-40.252495503551,37.8302270128719,2.42226849067917
10.8292158968851,523,509,-43.1556478124491,-50.0276665690447,57.3805691438591,-7.35290257481447
10.8313641245972,524,511,-38.2680622797023,-57.3590448681649,57.3805691438591,-0.0215242756942473
10.8335123523093,527,514,-38.2680622797022,-72.0218014664053,64.7119474429794,7.30985402342599
10.8356605800215,527,515,-33.3804767469554,-74.4655942327788,62.268154676606,12.1974395561728
10.8378088077336,526,516,-23.6053056814618,-74.4655942327788,54.9367763774857,19.528817855293
10.8399570354458,527,516,-28.4928912142086,-76.9093869991522,59.8243619102325,17.0850250889196
10.8421052631579,528,520,-13.8301346159682,-89.1283508310192,54.9367763774857,34.1915744535335
10.84425349087,526,517,-18.717720148715,-76.9093869991522,52.4929836111123,24.4164033880399
10.8464017185822,525,515,-23.6053056814618,-69.5780087000319,52.4929836111123,17.0850250889196
10.8485499462943,525,514,-28.4928912142086,-67.1342159336585,54.9367763774857,12.1974395561728
10.8506981740064,524,516,-13.8301346159682,-69.5780087000319,45.1616053119921,24.4164033880399
10.8528464017186,525,518,-8.94254908322134,-76.9093869991522,45.1616053119921,31.7477816871601
10.8549946294307,529,521,-13.8301346159682,-94.015936363766,57.3805691438591,36.6353672199069
10.8571428571429,533,523,-23.6053056814618,-108.678692962006,72.0433257420996,36.6353672199069
10.859291084855,536,527,-18.717720148715,-125.78524232662,76.9309112748464,48.8543310517739
10.8614393125671,534,524,-23.6053056814618,-113.566278494753,74.487118508473,39.0791599862803
10.8635875402793,534,521,-38.2680622797022,-106.234900195633,81.8184968075932,24.4164033880399
10.8657357679914,535,523,-33.3804767469554,-113.566278494753,81.8184968075932,31.7477816871601
10.8678839957035,534,525,-18.717720148715,-116.010071261127,72.0433257420996,43.9667455190271
10.8700322234157,528,523,0.832621982272286,-96.4597291301395,47.6053980783655,48.8543310517739
10.8721804511278,529,524,0.8326219822723,-101.347314662886,50.0491908447389,51.2981238181474
10.87432867884,528,525,10.6077930477659,-101.347314662886,42.7178125456187,58.6295021172676
10.8764769065521,525,525,25.2705496460064,-94.015936363766,28.0550559473782,65.9608804163878
10.8786251342642,528,523,0.832621982272286,-96.4597291301395,47.6053980783655,48.8543310517739
10.8807733619764,527,521,-4.05496355047453,-89.1283508310192,47.6053980783655,41.5229527526537
10.8829215896885,524,519,0.832621982272286,-76.9093869991522,37.8302270128719,39.0791599862803
10.8850698174006,526,519,-8.94254908322134,-81.796972531899,47.6053980783655,34.1915744535335
10.8872180451128,526,523,10.6077930477659,-91.5721435973926,37.8302270128719,53.7419165845208
10.8893662728249,529,521,-13.8301346159682,-94.015936363766,57.3805691438591,36.6353672199069
10.8915145005371,526,522,5.72020751501913,-89.1283508310192,40.2740197792453,48.854331051774
10.8936627282492,524,523,20.3829641132596,-86.6845580646458,28.0550559473782,58.6295021172676
10.8958109559613,523,523,25.2705496460064,-84.2407652982724,23.1674704146314,61.073294883641
10.8979591836735,520,518,15.4953785805128,-64.6904231672851,20.723677648258,43.9667455190271
10.9001074113856,522,517,0.8326219822723,-67.1342159336585,32.942641480125,34.1915744535335
10.9022556390977,522,515,-8.94254908322134,-62.2466304009117,37.8302270128719,24.4164033880399
10.9044038668099,517,516,20.3829641132596,-52.4714593354181,10.9485065827644,41.5229527526537
10.906552094522,513,513,25.2705496460064,-35.3649099708042,-1.27045724910268,36.6353672199069
10.9087003222342,507,513,54.5960628424873,-20.7021533725638,-30.5959704455836,51.2981238181474
10.9108485499463,504,510,54.5960628424873,-6.0393967743233,-37.9273487447038,43.9667455190271
10.9129967776584,503,510,59.4836483752341,-3.59560400794989,-42.8149342774506,46.4105382854005
10.9151450053706,500,508,64.3712339079809,8.62335982391715,-52.5901053429443,43.9667455190271
10.9172932330827,504,505,30.1581351787532,6.17956705754374,-25.7083849128368,19.528817855293
10.9194414607948,508,504,5.72020751501912,-1.15181124157648,-3.71425001547609,4.86606125705258
10.921589688507,508,506,15.4953785805128,-6.0393967743233,-8.60183554822291,14.6412323225462
10.9237379162191,507,506,20.3829641132596,-3.59560400794989,-13.4894210809697,17.0850250889196
10.9258861439313,507,506,20.3829641132596,-3.59560400794989,-13.4894210809697,17.0850250889196
10.9280343716434,503,506,39.9333062442469,6.17956705754374,-33.039763211957,26.8601961544133
10.9301825993555,499,507,64.3712339079809,13.510945356664,-55.0338981093177,41.5229527526537
10.9323308270677,497,502,49.7084773097405,30.6174947212778,-52.5901053429443,21.9726106216664
10.9344790547798,495,498,39.9333062442469,45.2802513195183,-52.5901053429443,7.30985402342599
10.9366272824919,496,496,25.2705496460064,47.7240440858917,-42.8149342774506,-4.90910980844106
10.9387755102041,496,498,35.0457207115,42.8364585531449,-47.7025198101975,4.86606125705258
10.9409237379162,496,496,25.2705496460064,47.7240440858917,-42.8149342774506,-4.90910980844106
10.9430719656284,495,496,30.1581351787532,50.1678368522651,-47.7025198101975,-2.46531704206765
10.9452201933405,493,495,35.0457207115,57.4992151513853,-55.0338981093177,-2.46531704206765
10.9473684210526,491,496,49.7084773097405,59.9430079177587,-67.2528619411847,7.30985402342599
10.9495166487648,494,495,30.1581351787532,55.0554223850119,-50.1463125765709,-4.90910980844106
10.9516648764769,495,494,20.3829641132596,55.0554223850119,-42.8149342774506,-12.2404881075613
10.953813104189,492,491,20.3829641132596,69.7181789832524,-50.1463125765709,-19.5718664066815
10.9559613319012,492,492,25.2705496460064,67.274386216879,-52.5901053429443,-14.6842808739347
10.9581095596133,491,490,20.3829641132596,74.6057645159992,-52.5901053429443,-22.0156591730549
10.9602577873255,492,492,25.2705496460064,67.274386216879,-52.5901053429443,-14.6842808739347
10.9624060150376,495,492,10.6077930477659,59.9430079177587,-37.9273487447038,-22.0156591730549
10.9645542427497,498,494,5.72020751501912,47.7240440858917,-28.1521776792102,-19.5718664066815
10.9667024704619,498,494,5.72020751501912,47.7240440858917,-28.1521776792102,-19.5718664066815
10.968850698174,497,491,-4.05496355047453,57.4992151513853,-25.7083849128368,-31.7908302385486
10.9709989258861,493,490,10.6077930477659,69.7181789832524,-42.8149342774506,-26.9032447058017
10.9731471535983,492,489,10.6077930477659,74.6057645159992,-45.258727043824,-29.3470374721752
10.9752953813104,493,488,0.8326219822723,74.6057645159992,-37.9273487447038,-36.6784157712954
10.9774436090226,496,492,5.72020751501912,57.4992151513853,-33.039763211957,-24.4594519394283
10.9795918367347,501,494,-8.94254908322134,40.3926657867715,-13.4894210809697,-26.9032447058017
10.9817400644468,500,496,5.72020751501912,37.9488730203981,-23.2645921464634,-14.6842808739347
10.983888292159,499,495,5.72020751501911,42.8364585531449,-25.7083849128368,-17.1280736403081
10.9860365198711,500,494,-4.05496355047452,42.8364585531449,-18.3770066137166,-24.4594519394283
10.9881847475832,497,492,0.8326219822723,55.0554223850119,-28.1521776792102,-26.9032447058017
10.9903329752954,492,489,10.6077930477659,74.6057645159992,-45.258727043824,-29.3470374721752
10.9924812030075,495,489,-4.05496355047453,67.274386216879,-30.5959704455836,-36.6784157712954
10.9946294307197,496,491,0.832621982272293,59.9430079177587,-30.5959704455836,-29.3470374721752
10.9967776584318,498,492,-4.05496355047452,52.6116296186385,-23.2645921464634,-29.3470374721751
10.9989258861439,501,496,0.8326219822723,35.5050802540247,-18.3770066137166,-17.1280736403081
11.0010741138561,504,497,-8.94254908322134,25.729909188531,-6.1580427818495,-19.5718664066815
11.0032223415682,504,497,-8.94254908322134,25.729909188531,-6.1580427818495,-19.5718664066815
11.0053705692803,500,496,5.72020751501912,37.9488730203981,-23.2645921464634,-14.6842808739347
11.0075187969925,502,492,-23.6053056814618,42.8364585531449,-3.7142500154761,-39.1222085376688
11.0096670247046,499,490,-18.717720148715,55.0554223850119,-13.4894210809697,-41.5660013040422
11.0118152524168,495,490,0.8326219822723,64.8305934505056,-33.039763211957,-31.7908302385486
11.0139634801289,493,491,15.4953785805127,67.274386216879,-45.2587270438241,-22.0156591730549
11.016111707841,494,492,15.4953785805128,62.3868006841322,-42.8149342774507,-19.5718664066815
11.0182599355532,494,495,30.1581351787532,55.0554223850119,-50.1463125765709,-4.90910980844106
11.0204081632653,495,495,25.2705496460064,52.6116296186385,-45.2587270438241,-7.35290257481447
11.0225563909774,497,493,5.72020751501911,52.6116296186385,-30.5959704455836,-22.0156591730549
11.0247046186896,496,491,0.832621982272293,59.9430079177587,-30.5959704455836,-29.3470374721752
11.0268528464017,497,492,0.8326219822723,55.0554223850119,-28.1521776792102,-26.9032447058017
11.0290010741139,496,491,0.832621982272293,59.9430079177587,-30.5959704455836,-29.3470374721752
11.031149301826,498,493,0.832621982272293,50.1678368522651,-25.7083849128368,-24.4594519394283
11.0332975295381,499,493,-4.05496355047453,47.7240440858917,-20.82079938009,-26.9032447058017
11.0354457572503,501,494,-8.94254908322134,40.3926657867715,-13.4894210809697,-26.9032447058017
11.0375939849624,503,496,-8.94254908322134,30.6174947212778,-8.60183554822292,-22.0156591730549
11.0397422126745,501,497,5.72020751501912,33.0612874876512,-20.82079938009,-12.2404881075613
11.0418904403867,500,494,-4.05496355047452,42.8364585531449,-18.3770066137166,-24.4594519394283
11.0440386680988,501,493,-13.8301346159682,42.8364585531449,-11.0456283145963,-31.7908302385486
11.046186895811,498,490,-13.8301346159682,57.4992151513853,-18.3770066137166,-39.1222085376688
11.0483351235231,500,493,-8.94254908322134,45.2802513195183,-15.9332138473431,-29.3470374721752
11.0504833512352,501,495,-4.05496355047453,37.9488730203981,-15.9332138473431,-22.0156591730549
11.0526315789474,502,499,10.6077930477659,25.729909188531,-20.82079938009,-4.90910980844106
11.0547798066595,506,499,-8.94254908322134,15.9547381230374,-1.27045724910269,-14.6842808739347
11.0569280343716,508,499,-18.717720148715,11.0671525902906,8.50471381639095,-19.5718664066815
11.0590762620838,505,499,-4.05496355047452,18.3985308894108,-6.1580427818495,-12.2404881075613
11.0612244897959,507,496,-28.4928912142086,20.8423236557842,10.9485065827644,-31.7908302385486
11.0633727175081,504,494,-23.6053056814618,33.0612874876512,1.17333551727072,-34.234623004922
11.0655209452202,504,496,-13.8301346159682,28.1737019549044,-3.7142500154761,-24.4594519394283
11.0676691729323,503,498,0.832621982272297,25.729909188531,-13.4894210809697,-12.2404881075613
11.0698174006445,503,501,15.4953785805128,18.3985308894108,-20.82079938009,2.42226849067917
11.0719656283566,506,500,-4.05496355047452,13.510945356664,-3.71425001547609,-9.79669534118788
11.0741138560687,511,503,-13.8301346159682,-6.0393967743233,13.3922993491378,-7.35290257481447
11.0762620837809,511,503,-13.8301346159682,-6.0393967743233,13.3922993491378,-7.35290257481447
11.078410311493,513,503,-23.6053056814618,-10.9269823070701,23.1674704146314,-12.2404881075613
11.0805585392052,511,501,-23.6053056814618,-1.15181124157648,18.2798848818846,-17.1280736403081
11.0827067669173,515,504,-28.4928912142086,-18.2583606061904,30.4988487137516,-12.2404881075613
11.0848549946294,517,505,-33.3804767469554,-25.5897389053106,37.8302270128719,-12.2404881075613
11.0870032223416,516,508,-13.8301346159682,-30.4773244380574,25.6112631810048,4.86606125705258
11.0891514500537,516,508,-13.8301346159682,-30.4773244380574,25.6112631810048,4.86606125705258
11.0912996777658,519,508,-28.4928912142086,-37.8087027371776,40.2740197792453,-2.46531704206765
11.093447905478,518,510,-13.8301346159682,-40.252495503551,30.4988487137516,9.7536467897994
11.0955961331901,517,508,-18.717720148715,-32.9211172044308,30.4988487137516,2.42226849067917
11.0977443609023,517,504,-38.2680622797022,-23.1459461389372,40.2740197792453,-17.1280736403081
11.0998925886144,514,507,-8.94254908322134,-23.1459461389372,18.2798848818846,4.86606125705258
11.1020408163265,514,508,-4.05496355047452,-25.5897389053106,15.8360921155112,9.7536467897994
11.1041890440387,512,507,0.832621982272297,-18.2583606061904,8.50471381639095,9.7536467897994
11.1063372717508,513,506,-8.94254908322134,-18.2583606061904,15.8360921155112,2.42226849067917
11.1084854994629,510,508,15.4953785805128,-15.8145678398169,-3.71425001547609,19.528817855293
11.1106337271751,510,507,10.6077930477659,-13.3707750734435,-1.27045724910269,14.6412323225462
11.1127819548872,506,503,10.6077930477659,6.17956705754374,-11.0456283145963,4.86606125705258
11.1149301825994,506,500,-4.05496355047452,13.510945356664,-3.71425001547609,-9.79669534118788
11.1170784103115,504,500,5.72020751501912,18.3985308894108,-13.4894210809697,-4.90910980844106
11.1192266380236,508,503,0.832621982272297,1.29198152479693,-1.27045724910269,-0.0215242756942402
11.1213748657358,507,502,0.832621982272297,6.17956705754374,-3.71425001547609,-2.46531704206765
11.1235230934479,506,505,20.3829641132596,1.29198152479693,-15.9332138473431,14.6412323225462
11.12567132116,506,504,15.4953785805128,3.73577429117034,-13.4894210809697,9.7536467897994
11.1278195488722,503,502,20.3829641132596,15.9547381230374,-23.2645921464634,7.30985402342599
11.1299677765843,499,500,30.1581351787532,30.6174947212778,-37.9273487447038,7.30985402342599
11.1321160042965,495,498,39.9333062442469,45.2802513195183,-52.5901053429443,7.30985402342599
11.1342642320086,488,491,39.9333062442468,79.493350048746,-69.6966547075581,-9.79669534118788
11.1364124597207,487,490,39.9333062442469,84.3809355814928,-72.1404474739316,-12.2404881075613
11.1385606874329,487,491,44.8208917769937,81.9371428151194,-74.584240240305,-7.35290257481447
11.140708915145,492,494,35.0457207115,62.3868006841322,-57.4776908756911,-4.90910980844106
11.1428571428571,495,494,20.3829641132596,55.0554223850119,-42.8149342774506,-12.2404881075613
11.1450053705693,499,496,10.6077930477659,40.3926657867715,-28.1521776792102,-12.2404881075613
11.1471535982814,501,497,5.72020751501912,33.0612874876512,-20.82079938009,-12.2404881075613
11.1493018259936,498,496,15.4953785805128,42.8364585531449,-33.039763211957,-9.79669534118787
11.1514500537057,494,490,5.72020751501913,67.274386216879,-37.9273487447038,-29.3470374721751
11.1535982814178,495,491,5.72020751501911,62.3868006841322,-35.4835559783304,-26.9032447058017
11.15574650913,496,492,5.72020751501912,57.4992151513853,-33.039763211957,-24.4594519394283
11.1578947368421,493,492,20.3829641132596,64.8305934505056,-47.7025198101975,-17.1280736403081
11.1600429645542,490,489,20.3829641132596,79.493350048746,-55.0338981093177,-24.4594519394283
11.1621911922664,487,490,39.9333062442469,84.3809355814928,-72.1404474739316,-12.2404881075613
11.1643394199785,485,488,39.9333062442469,94.1561066469865,-77.0280330066784,-17.1280736403081
11.1664876476907,482,486,44.8208917769937,106.375070478854,-86.803204072172,-19.5718664066815
11.1686358754028,485,482,10.6077930477659,108.818863245227,-62.3652764084379,-46.453586836789
11.1707841031149,490,483,-8.94254908322134,94.1561066469865,-40.3711415110772,-53.7849651359092
11.1729323308271,492,486,-4.05496355047453,81.9371428151194,-37.9273487447038,-44.0097940704156
11.1750805585392,494,488,-4.05496355047451,72.1619717496258,-33.039763211957,-39.1222085376688
11.1772287862513,492,488,5.72020751501911,77.0495572823726,-42.8149342774506,-34.234623004922
11.1793770139635,491,489,15.4953785805127,77.0495572823726,-50.1463125765709,-26.9032447058017
11.1815252416756,486,486,25.2705496460064,96.5998994133599,-67.2528619411847,-29.3470374721751
11.1836734693878,483,486,39.9333062442469,103.93127771248,-81.9156185394252,-22.0156591730549
11.1858216970999,484,480,5.72020751501911,116.150241544347,-62.3652764084379,-53.7849651359092
11.187969924812,480,478,15.4953785805123,130.812998142588,-77.0280330066781,-53.7849651359097
11.1901181525242,483,481,15.4953785805127,116.150241544347,-69.6966547075581,-46.453586836789
11.1922663802363,484,484,25.2705496460064,106.375070478854,-72.1404474739315,-34.234623004922
11.1944146079484,488,485,10.6077930477659,94.1561066469865,-55.0338981093177,-39.1222085376688
11.1965628356606,488,485,10.6077930477659,94.1561066469865,-55.0338981093177,-39.1222085376688
11.1987110633727,489,487,15.4953785805127,86.8247283478663,-55.0338981093177,-31.7908302385486
11.2008592910849,497,491,-4.05496355047453,57.4992151513853,-25.7083849128368,-31.7908302385486
11.203007518797,510,492,-62.7059899434363,23.2861164221576,35.3864342464985,-58.6725506686561
11.2051557465091,524,497,-106.694259738158,-23.1459461389372,91.5936678730869,-68.4477217341497
11.2073039742213,539,504,-145.794944000132,-76.9093869991522,147.800901499675,-70.8915145005231
11.2094522019334,555,516,-165.34528613112,-145.335584457608,196.676756827143,-51.3411723695358
11.2116004296455,570,527,-184.895628262107,-208.874196383316,243.108819388238,-34.234623004922
11.2137486573577,583,535,-209.333555925841,-260.193844477158,287.09708918296,-26.903244705802
11.2158968850698,601,547,-238.659069122322,-333.50762746836,345.748115575922,-12.2404881075615
11.218045112782,614,557,-253.321825720563,-389.714861094949,384.848799837896,4.86606125705237
11.2201933404941,619,564,-243.546654655069,-419.04037429143,392.180178137017,26.860196154413
11.2223415682062,611,563,-209.333555925841,-397.046239394069,355.523286641416,41.5229527526535
11.2244897959184,601,562,-165.34528613112,-370.164518963962,309.091224080321,61.0732948836408
11.2266380236305,581,559,-82.2563320744241,-313.957285337373,218.670891724505,95.2863936128685
11.2287862513426,559,553,-4.0549635504745,-245.531087878917,125.806766602315,119.724321276603
11.2309344790548,537,545,64.371233907981,-172.217304887715,37.8302270128719,134.387077874843
11.2330827067669,516,535,118.134674768196,-96.4597291301395,-40.3711415110772,136.830870641217
11.2352309344791,499,527,162.122944562917,-35.3649099708042,-103.909753436786,139.27466340759
11.2373791621912,489,519,171.898115628411,8.62335982391716,-133.235266633267,124.61190680935
11.2395273899033,481,509,162.122944562917,52.6116296186385,-147.898023231507,95.2863936128687
11.2416756176155,477,503,152.347773497424,77.0495572823728,-152.785608764255,75.7360514818817
11.2438238453276,481,503,132.797431366436,67.274386216879,-133.235266633267,65.9608804163878
11.2459720730397,486,502,103.471918169956,57.4992151513853,-106.353546203159,48.854331051774
11.2481203007519,491,504,88.809161571715,40.3926657867715,-86.803204072172,46.4105382854005
11.250268528464,499,505,54.5960628424873,18.3985308894108,-50.1463125765709,31.7477816871601
11.2524167561762,500,507,59.4836483752341,11.0671525902906,-50.1463125765709,39.0791599862803
11.2545649838883,502,506,44.8208917769937,8.62335982391715,-37.9273487447038,29.3039889207867
11.2567132116004,499,501,35.0457207115,28.1737019549044,-40.3711415110772,12.1974395561728
11.2588614393126,494,496,35.0457207115,52.6116296186385,-52.5901053429443,-0.0215242756942331
11.2610096670247,493,495,35.0457207115,57.4992151513853,-55.0338981093177,-2.46531704206765
11.2631578947368,492,496,44.8208917769937,57.4992151513853,-62.3652764084379,4.86606125705258
11.265306122449,490,495,49.7084773097405,64.8305934505056,-69.6966547075582,4.86606125705258
11.2674543501611,491,493,35.0457207115,67.274386216879,-59.9214836420645,-7.35290257481447
11.2696025778733,490,495,49.7084773097405,64.8305934505056,-69.6966547075582,4.86606125705258
11.2717508055854,492,496,44.8208917769937,57.4992151513853,-62.3652764084379,4.86606125705258
11.2738990332975,491,491,25.2705496460064,72.1619717496258,-55.0338981093177,-17.1280736403081
11.2760472610097,490,490,25.2705496460064,77.0495572823726,-57.4776908756911,-19.5718664066815
11.2781954887218,490,489,20.3829641132596,79.493350048746,-55.0338981093177,-24.4594519394283
11.2803437164339,486,489,39.9333062442469,89.2685211142397,-74.584240240305,-14.6842808739347
11.2824919441461,488,491,39.9333062442468,79.493350048746,-69.6966547075581,-9.79669534118788
11.2846401718582,488,490,35.0457207115,81.9371428151194,-67.2528619411847,-14.6842808739347
11.2867883995704,488,489,30.1581351787532,84.3809355814928,-64.8090691748113,-19.5718664066815
11.2889366272825,489,491,35.0457207115,77.0495572823726,-64.8090691748113,-12.2404881075613
11.2910848549946,491,490,20.3829641132596,74.6057645159992,-52.5901053429443,-22.0156591730549
11.2932330827068,495,489,-4.05496355047453,67.274386216879,-30.5959704455836,-36.6784157712954
11.2953813104189,501,489,-33.3804767469554,52.6116296186385,-1.27045724910268,-51.3411723695358
11.297529538131,497,492,0.8326219822723,55.0554223850119,-28.1521776792102,-26.9032447058017
11.2996777658432,500,491,-18.717720148715,50.1678368522651,-11.0456283145963,-39.1222085376688
11.3018259935553,496,494,15.4953785805128,52.6116296186385,-37.9273487447038,-14.6842808739347
11.3039742212675,497,494,10.6077930477659,50.1678368522651,-33.039763211957,-17.1280736403081
11.3061224489796,495,495,25.2705496460064,52.6116296186385,-45.2587270438241,-7.35290257481447
11.3082706766917,491,491,25.2705496460064,72.1619717496258,-55.0338981093177,-17.1280736403081
11.3104189044039,490,488,15.4953785805128,81.9371428151194,-52.5901053429443,-29.3470374721751
11.312567132116,489,485,5.72020751501911,91.7123138806131,-50.1463125765709,-41.5660013040422
11.3147153598281,493,488,0.8326219822723,74.6057645159992,-37.9273487447038,-36.6784157712954
11.3168635875403,496,489,-8.94254908322134,64.8305934505056,-25.7083849128368,-39.1222085376688
11.3190118152524,499,492,-8.94254908322134,50.1678368522651,-18.3770066137166,-31.7908302385486
11.3211600429646,502,493,-18.717720148715,40.3926657867715,-6.1580427818495,-34.234623004922
11.3233082706767,502,496,-4.05496355047452,33.0612874876512,-13.4894210809697,-19.5718664066815
11.3254564983888,505,497,-13.8301346159682,23.2861164221576,-1.27045724910269,-22.0156591730549
11.327604726101,508,497,-28.4928912142086,15.9547381230374,13.3922993491378,-29.3470374721752
11.3297529538131,508,497,-28.4928912142086,15.9547381230374,13.3922993491378,-29.3470374721752
11.3319011815252,509,495,-43.1556478124491,18.3985308894108,23.1674704146314,-41.5660013040422
11.3340494092374,507,496,-28.4928912142086,20.8423236557842,10.9485065827644,-31.7908302385486
11.3361976369495,504,496,-13.8301346159682,28.1737019549044,-3.7142500154761,-24.4594519394283
11.3383458646617,501,497,5.72020751501912,33.0612874876512,-20.82079938009,-12.2404881075613
11.3404940923738,499,498,20.3829641132596,35.5050802540247,-33.039763211957,-2.46531704206765
11.3426423200859,497,497,25.2705496460064,42.8364585531449,-40.3711415110772,-2.46531704206765
11.3447905477981,496,494,15.4953785805128,52.6116296186385,-37.9273487447038,-14.6842808739347
11.3469387755102,502,494,-13.8301346159682,37.9488730203981,-8.60183554822292,-29.3470374721751
11.3490870032223,504,495,-18.717720148715,30.6174947212778,-1.27045724910268,-29.3470374721752
11.3512352309345,509,501,-13.8301346159682,3.73577429117034,8.50471381639095,-12.2404881075613
11.3533834586466,511,501,-23.6053056814618,-1.15181124157648,18.2798848818846,-17.1280736403081
11.3555316863588,510,502,-13.8301346159682,-1.15181124157648,10.9485065827644,-9.79669534118788
11.3576799140709,512,501,-28.4928912142086,-3.59560400794989,23.1674704146314,-19.5718664066815
11.359828141783,507,504,10.6077930477659,1.29198152479693,-8.60183554822291,7.30985402342599
11.3619763694952,505,502,10.6077930477659,11.0671525902906,-13.4894210809697,2.42226849067917
11.3641245972073,505,497,-13.8301346159682,23.2861164221576,-1.27045724910269,-22.0156591730549
11.3662728249194,504,496,-13.8301346159682,28.1737019549044,-3.7142500154761,-24.4594519394283
11.3684210526316,504,498,-4.05496355047452,23.2861164221576,-8.60183554822291,-14.6842808739347
11.3705692803437,502,498,5.72020751501912,28.1737019549044,-18.3770066137166,-9.79669534118788
11.3727175080559,505,498,-8.94254908322134,20.8423236557842,-3.71425001547609,-17.1280736403081
11.374865735768,511,503,-13.8301346159682,-6.0393967743233,13.3922993491378,-7.35290257481447
11.3770139634801,515,505,-23.6053056814618,-20.7021533725638,28.0550559473782,-7.35290257481447
11.3791621911923,519,507,-33.3804767469554,-35.3649099708042,42.7178125456187,-7.35290257481447
11.3813104189044,520,507,-38.2680622797022,-37.8087027371776,47.6053980783655,-9.79669534118788
11.3834586466165,522,506,-52.9308188779427,-40.252495503551,59.8243619102325,-19.5718664066815
11.3856068743287,521,507,-43.1556478124491,-40.252495503551,52.4929836111123,-12.2404881075613
11.3877551020408,524,508,-52.9308188779427,-50.0276665690447,64.7119474429794,-14.6842808739347
11.389903329753,522,512,-23.6053056814618,-54.9152521017915,45.1616053119921,9.7536467897994
11.3920515574651,524,513,-28.4928912142086,-62.2466304009117,52.4929836111123,9.75364678979939
11.3941997851772,521,515,-4.05496355047453,-59.8028376345383,32.942641480125,26.8601961544133
11.3963480128894,522,513,-18.717720148715,-57.3590448681649,42.7178125456187,14.6412323225462
11.3984962406015,524,514,-23.6053056814618,-64.6904231672851,50.0491908447389,14.6412323225462
11.4006444683136,526,513,-38.2680622797022,-67.1342159336585,62.268154676606,4.86606125705258
11.4027926960258,527,515,-33.3804767469554,-74.4655942327788,62.268154676606,12.1974395561728
11.4049409237379,530,516,-43.1556478124491,-84.2407652982724,74.487118508473,9.7536467897994
11.4070891514501,527,519,-13.8301346159682,-84.2407652982724,52.4929836111123,31.7477816871601
11.4092373791622,527,516,-28.4928912142086,-76.9093869991522,59.8243619102325,17.0850250889196
11.4113856068743,520,517,10.6077930477659,-62.2466304009117,23.1674704146314,39.0791599862803
11.4135338345865,514,514,25.2705496460064,-40.252495503551,1.17333551727072,39.0791599862803
11.4156820622986,515,514,20.3829641132596,-42.6962882699244,6.06092105001754,36.6353672199069
11.4178302900107,522,514,-13.8301346159681,-59.8028376345383,40.2740197792453,19.528817855293
11.4199785177229,528,516,-33.3804767469554,-79.3531797655256,64.7119474429794,14.6412323225462
11.422126745435,535,518,-57.8184044106895,-101.347314662886,94.0374606394603,7.309854023426
11.4242749731472,535,521,-43.1556478124491,-108.678692962006,86.70608234034,21.9726106216664
11.4264232008593,536,523,-38.2680622797023,-116.010071261127,86.7060823403401,29.3039889207867
11.4285714285714,536,524,-33.3804767469554,-118.4538640275,84.2622895739667,34.1915744535335
11.4307196562836,534,526,-13.8301346159681,-118.4538640275,69.5995329757262,48.854331051774
11.4328678839957,537,525,-33.3804767469554,-123.341449560247,86.7060823403401,36.6353672199069
11.4350161117078,535,524,-28.4928912142086,-116.010071261127,79.3747040412198,36.6353672199069
11.43716433942,532,522,-23.6053056814618,-103.79110742926,69.5995329757262,34.1915744535335
11.4393125671321,531,520,-28.4928912142086,-96.4597291301395,69.5995329757262,26.8601961544133
11.4414607948443,534,522,-33.3804767469554,-108.678692962006,79.3747040412198,29.3039889207867
11.4436090225564,534,525,-18.717720148715,-116.010071261127,72.0433257420996,43.9667455190271
11.4457572502685,531,525,-4.05496355047453,-108.678692962006,57.3805691438591,51.2981238181474
11.4479054779807,532,528,5.72020751501911,-118.4538640275,54.9367763774857,63.5170876500144
11.4500537056928,531,527,5.72020751501911,-113.566278494753,52.4929836111123,61.073294883641
11.4522019334049,531,526,0.8326219822723,-111.12248572838,54.9367763774857,56.1857093508942
11.4543501611171,529,522,-8.94254908322134,-96.4597291301395,54.9367763774857,41.5229527526537
11.4564983888292,524,521,10.6077930477659,-81.796972531899,32.9426414801251,48.8543310517739
11.4586466165414,523,520,10.6077930477659,-76.9093869991522,30.4988487137516,46.4105382854005
11.4607948442535,517,519,35.0457207115,-59.8028376345383,3.61712828364413,56.1857093508942
11.4629430719656,513,517,44.8208917769937,-45.1400810362979,-11.0456283145963,56.1857093508942
11.4650912996778,513,514,30.1581351787532,-37.8087027371776,-3.7142500154761,41.5229527526537
11.4672395273899,515,516,30.1581351787532,-47.5838738026713,1.17333551727072,46.4105382854005
11.469387755102,517,517,25.2705496460064,-54.9152521017915,8.50471381639095,46.4105382854005
11.4715359828142,516,515,20.3829641132596,-47.5838738026713,8.50471381639095,39.0791599862803
11.4736842105263,513,512,20.3829641132596,-32.9211172044308,1.17333551727072,31.7477816871601
11.4758324382385,512,509,10.6077930477659,-23.1459461389372,3.61712828364413,19.528817855293
11.4779806659506,512,513,30.1581351787532,-32.9211172044308,-6.1580427818495,39.0791599862803
11.4801288936627,516,511,0.832621982272293,-37.8087027371776,18.2798848818846,19.528817855293
11.4822771213749,514,512,15.4953785805128,-35.3649099708042,6.06092105001754,29.3039889207867
11.484425349087,511,512,30.1581351787532,-28.033531671684,-8.60183554822292,36.6353672199069
11.4865735767991,514,512,15.4953785805128,-35.3649099708042,6.06092105001754,29.3039889207867
11.4887218045113,513,509,5.72020751501912,-25.5897389053106,8.50471381639095,17.0850250889196
11.4908700322234,510,506,5.72020751501912,-10.9269823070701,1.17333551727072,9.7536467897994
11.4930182599356,508,505,10.6077930477659,-3.59560400794989,-6.1580427818495,9.7536467897994
11.4951664876477,506,506,25.2705496460064,-1.15181124157648,-18.3770066137166,19.528817855293
11.4973147153598,502,505,39.9333062442469,11.0671525902906,-35.4835559783304,24.4164033880399
11.499462943072,504,505,30.1581351787532,6.17956705754374,-25.7083849128368,19.528817855293
11.5016111707841,499,504,49.7084773097405,20.8423236557842,-47.7025198101975,26.8601961544133
11.5037593984962,498,504,54.5960628424873,23.2861164221576,-52.5901053429443,29.3039889207867
11.5059076262084,493,499,54.5960628424873,47.7240440858917,-64.8090691748113,17.0850250889196
11.5080558539205,495,496,30.1581351787532,50.1678368522651,-47.7025198101975,-2.46531704206765
11.5102040816327,493,493,25.2705496460064,62.3868006841322,-50.1463125765709,-12.2404881075613
11.5123523093448,493,493,25.2705496460064,62.3868006841322,-50.1463125765709,-12.2404881075613
11.5145005370569,497,497,25.2705496460064,42.8364585531449,-40.3711415110772,-2.46531704206765
11.5166487647691,500,500,25.2705496460064,28.1737019549044,-33.039763211957,4.86606125705258
11.5187969924812,507,500,-8.94254908322134,11.0671525902906,1.17333551727072,-12.2404881075613
11.5209452201933,507,501,-4.05496355047452,8.62335982391715,-1.27045724910269,-7.35290257481447
11.5230934479055,506,500,-4.05496355047452,13.510945356664,-3.71425001547609,-9.79669534118788
11.5252416756176,504,499,0.832621982272297,20.8423236557842,-11.0456283145963,-9.79669534118788
11.5273899033298,501,496,0.8326219822723,35.5050802540247,-18.3770066137166,-17.1280736403081
11.5295381310419,500,495,0.832621982272293,40.3926657867715,-20.82079938009,-19.5718664066815
11.531686358754,493,494,30.1581351787532,59.9430079177587,-52.5901053429443,-7.35290257481446
11.5338345864662,491,494,39.9333062442469,64.8305934505056,-62.3652764084379,-2.46531704206765
11.5359828141783,490,492,35.0457207115,72.1619717496258,-62.3652764084379,-9.79669534118787
11.5381310418904,493,494,30.1581351787532,59.9430079177587,-52.5901053429443,-7.35290257481446
11.5402792696026,495,494,20.3829641132596,55.0554223850119,-42.8149342774506,-12.2404881075613
11.5424274973147,497,491,-4.05496355047453,57.4992151513853,-25.7083849128368,-31.7908302385486
11.5445757250269,498,491,-8.94254908322134,55.0554223850119,-20.82079938009,-34.234623004922
11.546723952739,499,491,-13.8301346159682,52.6116296186385,-15.9332138473431,-36.6784157712954
11.5488721804511,500,493,-8.94254908322134,45.2802513195183,-15.9332138473431,-29.3470374721752
11.5510204081633,501,495,-4.05496355047453,37.9488730203981,-15.9332138473431,-22.0156591730549
11.5531686358754,499,497,15.4953785805128,37.9488730203981,-30.5959704455836,-7.35290257481447
11.5553168635875,500,496,5.72020751501912,37.9488730203981,-23.2645921464634,-14.6842808739347
11.5574650912997,499,496,10.6077930477659,40.3926657867715,-28.1521776792102,-12.2404881075613
11.5596133190118,500,496,5.72020751501912,37.9488730203981,-23.2645921464634,-14.6842808739347
11.561761546724,501,496,0.8326219822723,35.5050802540247,-18.3770066137166,-17.1280736403081
11.5639097744361,495,490,0.8326219822723,64.8305934505056,-33.039763211957,-31.7908302385486
11.5660580021482,492,491,20.3829641132596,69.7181789832524,-50.1463125765709,-19.5718664066815
11.5682062298604,489,491,35.0457207115,77.0495572823726,-64.8090691748113,-12.2404881075613
11.5703544575725,489,489,25.2705496460064,81.9371428151194,-59.9214836420645,-22.0156591730549
11.5725026852846,490,490,25.2705496460064,77.0495572823726,-57.4776908756911,-19.5718664066815
11.5746509129968,496,493,10.6077930477659,55.0554223850119,-35.4835559783304,-19.5718664066815
11.5767991407089,500,495,0.832621982272293,40.3926657867715,-20.82079938009,-19.5718664066815
11.5789473684211,502,495,-8.94254908322134,35.5050802540247,-11.0456283145963,-24.4594519394283
11.5810955961332,502,491,-28.4928912142086,45.2802513195183,-1.27045724910268,-44.0097940704156
11.5832438238453,499,493,-4.05496355047453,47.7240440858917,-20.82079938009,-26.9032447058017
11.5853920515575,496,492,5.72020751501912,57.4992151513853,-33.039763211957,-24.4594519394283
11.5875402792696,492,494,35.0457207115,62.3868006841322,-57.4776908756911,-4.90910980844106
11.5896885069817,496,492,5.72020751501912,57.4992151513853,-33.039763211957,-24.4594519394283
11.5918367346939,502,495,-8.94254908322134,35.5050802540247,-11.0456283145963,-24.4594519394283
11.593984962406,506,498,-13.8301346159682,18.3985308894108,1.17333551727072,-19.5718664066815
11.5961331901182,509,500,-18.717720148715,6.17956705754374,10.9485065827644,-17.1280736403081
11.5982814178303,505,496,-18.717720148715,25.729909188531,1.17333551727072,-26.9032447058017
11.6004296455424,506,494,-33.3804767469554,28.1737019549044,10.9485065827644,-39.1222085376688
11.6025778732546,502,495,-8.94254908322134,35.5050802540247,-11.0456283145963,-24.4594519394283
11.6047261009667,497,494,10.6077930477659,50.1678368522651,-33.039763211957,-17.1280736403081
11.6068743286788,495,494,20.3829641132596,55.0554223850119,-42.8149342774506,-12.2404881075613
11.609022556391,494,494,25.2705496460064,57.4992151513853,-47.7025198101975,-9.79669534118787
11.6111707841031,492,493,30.1581351787532,64.8305934505056,-55.0338981093177,-9.79669534118788
11.6133190118153,497,496,20.3829641132596,45.2802513195183,-37.9273487447038,-7.35290257481446
11.6154672395274,504,493,-28.4928912142086,35.5050802540247,3.61712828364413,-39.1222085376688
11.6176154672395,504,492,-33.3804767469554,37.9488730203981,6.06092105001754,-44.0097940704156
11.6197636949517,501,492,-18.717720148715,45.2802513195183,-8.60183554822292,-36.6784157712954
11.6219119226638,499,495,5.72020751501911,42.8364585531449,-25.7083849128368,-17.1280736403081
11.6240601503759,497,495,15.4953785805127,47.7240440858917,-35.4835559783304,-12.2404881075613
11.6262083780881,497,496,20.3829641132596,45.2802513195183,-37.9273487447038,-7.35290257481446
11.6283566058002,499,496,10.6077930477659,40.3926657867715,-28.1521776792102,-12.2404881075613
11.6305048335124,502,499,10.6077930477659,25.729909188531,-20.82079938009,-4.90910980844106
11.6326530612245,497,494,10.6077930477659,50.1678368522651,-33.039763211957,-17.1280736403081
11.6348012889366,499,490,-18.717720148715,55.0554223850119,-13.4894210809697,-41.5660013040422
11.6369495166488,503,494,-18.717720148715,35.5050802540247,-3.7142500154761,-31.7908302385486
11.6390977443609,507,498,-18.717720148715,15.9547381230374,6.06092105001754,-22.0156591730549
11.641245972073,513,501,-33.3804767469554,-6.0393967743233,28.0550559473782,-22.0156591730549
11.6433941997852,513,500,-38.2680622797022,-3.59560400794989,30.4988487137516,-26.9032447058017
11.6455424274973,513,503,-23.6053056814618,-10.9269823070701,23.1674704146314,-12.2404881075613
11.6476906552095,512,504,-13.8301346159682,-10.9269823070701,15.8360921155112,-4.90910980844106
11.6498388829216,507,501,-4.05496355047452,8.62335982391715,-1.27045724910269,-7.35290257481447
11.6519871106337,505,497,-13.8301346159682,23.2861164221576,-1.27045724910269,-22.0156591730549
11.6541353383459,504,496,-13.8301346159682,28.1737019549044,-3.7142500154761,-24.4594519394283
11.656283566058,503,498,0.832621982272297,25.729909188531,-13.4894210809697,-12.2404881075613
11.6584317937701,503,501,15.4953785805128,18.3985308894108,-20.82079938009,2.42226849067917
11.6605800214823,507,501,-4.05496355047452,8.62335982391715,-1.27045724910269,-7.35290257481447
11.6627282491944,510,502,-13.8301346159682,-1.15181124157648,10.9485065827644,-9.79669534118788
11.6648764769066,514,506,-13.8301346159682,-20.7021533725638,20.723677648258,-0.0215242756942402
11.6670247046187,514,507,-8.94254908322134,-23.1459461389372,18.2798848818846,4.86606125705258
11.6691729323308,515,505,-23.6053056814618,-20.7021533725638,28.0550559473782,-7.35290257481447
11.671321160043,519,505,-43.1556478124491,-30.4773244380574,47.6053980783655,-17.1280736403081
11.6734693877551,522,507,-48.0432333451959,-42.6962882699244,57.3805691438591,-14.6842808739347
11.6756176154672,519,511,-13.8301346159682,-45.1400810362979,32.942641480125,12.1974395561728
11.6777658431794,519,510,-18.717720148715,-42.6962882699244,35.3864342464985,7.30985402342599
11.6799140708915,517,510,-8.94254908322134,-37.8087027371776,25.6112631810048,12.1974395561728
11.6820622986037,515,511,5.72020751501911,-35.3649099708042,13.3922993491378,21.9726106216664
11.6842105263158,514,509,0.832621982272297,-28.033531671684,13.3922993491378,14.6412323225462
11.6863587540279,513,508,0.832621982272297,-23.1459461389372,10.9485065827644,12.1974395561728
11.6885069817401,513,505,-13.8301346159682,-15.8145678398169,18.2798848818846,-2.46531704206765
11.6906552094522,515,507,-13.8301346159682,-25.5897389053106,23.1674704146314,2.42226849067917
11.6928034371643,515,509,-4.05496355047452,-30.4773244380574,18.2798848818846,12.1974395561728
11.6949516648765,512,508,5.72020751501912,-20.7021533725638,6.06092105001754,14.6412323225462
11.6970998925886,514,509,0.832621982272297,-28.033531671684,13.3922993491378,14.6412323225462
11.6992481203008,512,508,5.72020751501912,-20.7021533725638,6.06092105001754,14.6412323225462
11.7013963480129,511,510,20.3829641132596,-23.1459461389372,-3.7142500154761,26.8601961544133
11.703544575725,506,504,15.4953785805128,3.73577429117034,-13.4894210809697,9.7536467897994
11.7056928034372,506,502,5.72020751501912,8.62335982391715,-8.60183554822291,-0.0215242756942402
11.7078410311493,506,501,0.832621982272297,11.0671525902906,-6.1580427818495,-4.90910980844106
11.7099892588614,507,504,10.6077930477659,1.29198152479693,-8.60183554822291,7.30985402342599
11.7121374865736,503,501,15.4953785805128,18.3985308894108,-20.82079938009,2.42226849067917
11.7142857142857,505,503,15.4953785805128,8.62335982391715,-15.9332138473431,7.30985402342599
11.7164339419979,502,504,35.0457207115,13.510945356664,-33.039763211957,19.528817855293
11.71858216971,500,503,39.9333062442469,20.8423236557842,-40.3711415110772,19.528817855293
11.7207303974221,499,498,20.3829641132596,35.5050802540247,-33.039763211957,-2.46531704206765
11.7228786251343,493,494,30.1581351787532,59.9430079177587,-52.5901053429443,-7.35290257481446
11.7250268528464,487,491,44.8208917769937,81.9371428151194,-74.584240240305,-7.35290257481447
11.7271750805585,484,493,69.2588194407277,84.3809355814928,-94.1345823712922,9.75364678979939
11.7293233082707,483,490,59.4836483752341,94.1561066469865,-91.6907896049188,-2.46531704206765
11.7314715359828,487,490,39.9333062442469,84.3809355814928,-72.1404474739316,-12.2404881075613
11.733619763695,489,491,35.0457207115,77.0495572823726,-64.8090691748113,-12.2404881075613
11.7357679914071,492,494,35.0457207115,62.3868006841322,-57.4776908756911,-4.90910980844106
11.7379162191192,494,490,5.72020751501913,67.274386216879,-37.9273487447038,-29.3470374721751
11.7400644468314,492,490,15.4953785805127,72.1619717496258,-47.7025198101975,-24.4594519394283
11.7422126745435,488,487,20.3829641132596,89.2685211142397,-59.9214836420645,-29.3470374721752
11.7443609022556,485,484,20.3829641132596,103.93127771248,-67.2528619411847,-36.6784157712954
11.7465091299678,485,486,30.1581351787532,99.0436921797333,-72.1404474739316,-26.9032447058017
11.7486573576799,482,484,35.0457207115,111.2626560116,-81.9156185394252,-29.3470374721751
11.7508055853921,480,484,44.8208917769937,116.150241544347,-91.6907896049188,-24.4594519394283
11.7529538131042,486,485,20.3829641132596,99.0436921797333,-64.8090691748113,-34.234623004922
11.7551020408163,490,489,20.3829641132596,79.493350048746,-55.0338981093177,-24.4594519394283
11.7572502685285,494,486,-13.8301346159681,77.0495572823726,-28.1521776792102,-48.8973796031624
11.7593984962406,491,486,0.8326219822723,84.3809355814928,-42.8149342774506,-41.5660013040422
11.7615467239527,490,483,-8.94254908322134,94.1561066469865,-40.3711415110772,-53.7849651359092
11.7636949516649,490,486,5.72020751501913,86.8247283478663,-47.7025198101975,-39.1222085376688
11.765843179377,494,488,-4.05496355047451,72.1619717496258,-33.039763211957,-39.1222085376688
11.7679914070892,495,489,-4.05496355047453,67.274386216879,-30.5959704455836,-36.6784157712954
11.7701396348013,492,489,10.6077930477659,74.6057645159992,-45.258727043824,-29.3470374721752
11.7722878625134,488,487,20.3829641132596,89.2685211142397,-59.9214836420645,-29.3470374721752
11.7744360902256,485,486,30.1581351787532,99.0436921797333,-72.1404474739316,-26.9032447058017
11.7765843179377,484,483,20.3829641132596,108.818863245227,-69.6966547075581,-39.1222085376688
11.7787325456498,484,483,20.3829641132596,108.818863245227,-69.6966547075581,-39.1222085376688
11.780880773362,488,482,-4.05496355047453,101.487484946107,-47.7025198101975,-53.7849651359092
11.7830290010741,490,484,-4.05496355047451,91.7123138806131,-42.8149342774507,-48.8973796031624
11.7851772287863,495,487,-13.8301346159682,72.1619717496258,-25.7083849128368,-46.453586836789
11.7873254564984,496,490,-4.05496355047452,62.3868006841322,-28.1521776792102,-34.234623004922
11.7894736842105,506,496,-23.6053056814618,23.2861164221576,6.06092105001754,-29.3470374721751
11.7916219119227,515,499,-52.9308188779427,-6.0393967743233,42.7178125456187,-36.6784157712954
11.7937701396348,534,503,-126.244601869145,-62.2466304009117,125.806766602315,-63.5601362014029
11.7959183673469,551,513,-160.457700598373,-128.229035092994,184.457792995276,-56.2287579022827
11.7980665950591,572,526,-199.558384860347,-211.31798914969,255.327783220105,-44.0097940704156
11.8002148227712,590,536,-238.659069122322,-279.744186608145,318.866395145814,-39.122208537669
11.8023630504834,603,547,-248.434240187816,-338.395213001107,355.523286641416,-17.1280736403083
11.8045112781955,615,557,-258.20941125331,-392.158653861322,389.736385370643,2.4222684906789
11.8066595059076,617,566,-223.996312524082,-419.04037429143,377.517421538776,41.5229527526535
11.8088077336198,611,566,-194.670799327601,-404.377617693189,348.191908342295,56.1857093508939
11.8109559613319,595,561,-140.907358467386,-353.057969599348,282.209503650213,70.8484659491344
11.813104189044,572,554,-62.7059899434364,-279.744186608145,186.90158576165,92.8426008464953
11.8152524167562,549,545,5.72020751501913,-201.542818084196,96.4812534058337,105.061564678362
11.8174006444683,525,535,74.1464049734746,-118.4538640275,3.61712828364413,114.836735743856
11.8195488721805,508,529,127.90984583369,-62.2466304009117,-64.8090691748113,127.055699575723
11.8216970998926,493,521,162.122944562917,-6.0393967743233,-118.572510035026,124.61190680935
11.8238453276047,482,514,181.673286693905,37.9488730203981,-155.229401530627,117.280528510229
11.8259935553169,478,510,181.673286693905,57.4992151513856,-165.004572596122,107.505357444736
11.828141783029,475,504,167.010530095665,79.4933500487463,-165.004572596122,85.5112225473753
11.8302900107411,476,499,137.685016899184,89.2685211142399,-147.898023231508,58.6295021172678
11.8324382384533,484,498,93.6967471044618,72.1619717496258,-106.353546203159,34.1915744535335
11.8345864661654,488,498,74.1464049734746,62.3868006841322,-86.803204072172,24.4164033880398
11.8367346938776,494,502,64.371233907981,37.9488730203981,-67.2528619411847,29.3039889207867
11.8388829215897,494,500,54.5960628424873,42.8364585531449,-62.3652764084379,19.528817855293
11.8410311493018,492,499,59.4836483752341,50.1678368522651,-69.6966547075581,19.528817855293
11.843179377014,491,496,49.7084773097405,59.9430079177587,-67.2528619411847,7.30985402342599
11.8453276047261,491,497,54.5960628424873,57.4992151513853,-69.6966547075582,12.1974395561728
11.8474758324382,494,494,25.2705496460064,57.4992151513853,-47.7025198101975,-9.79669534118787
11.8496240601504,497,494,10.6077930477659,50.1678368522651,-33.039763211957,-17.1280736403081
11.8517722878625,498,492,-4.05496355047452,52.6116296186385,-23.2645921464634,-29.3470374721751
11.8539205155747,497,497,25.2705496460064,42.8364585531449,-40.3711415110772,-2.46531704206765
11.8560687432868,496,493,10.6077930477659,55.0554223850119,-35.4835559783304,-19.5718664066815
11.8582169709989,490,494,44.8208917769937,67.274386216879,-67.2528619411847,-0.0215242756942331
11.8603651987111,488,492,44.8208917769937,77.0495572823726,-72.1404474739315,-4.90910980844106
11.8625134264232,487,491,44.8208917769937,81.9371428151194,-74.584240240305,-7.35290257481447
11.8646616541353,486,487,30.1581351787532,94.1561066469865,-69.6966547075582,-24.4594519394283
11.8668098818475,486,487,30.1581351787532,94.1561066469865,-69.6966547075582,-24.4594519394283
11.8689581095596,488,485,10.6077930477659,94.1561066469865,-55.0338981093177,-39.1222085376688
11.8711063372718,484,487,39.9333062442468,99.0436921797333,-79.4718257730518,-19.5718664066815
11.8732545649839,487,488,30.1581351787532,89.2685211142397,-67.2528619411847,-22.0156591730549
11.875402792696,486,489,39.9333062442469,89.2685211142397,-74.584240240305,-14.6842808739347
11.8775510204082,488,488,25.2705496460064,86.8247283478663,-62.3652764084379,-24.4594519394283
11.8796992481203,491,489,15.4953785805127,77.0495572823726,-50.1463125765709,-26.9032447058017
11.8818474758324,494,490,5.72020751501913,67.274386216879,-37.9273487447038,-29.3470374721751
11.8839957035446,498,492,-4.05496355047452,52.6116296186385,-23.2645921464634,-29.3470374721751
11.8861439312567,501,490,-28.4928912142086,50.1678368522651,-3.7142500154761,-46.453586836789
11.8882921589689,500,491,-18.717720148715,50.1678368522651,-11.0456283145963,-39.1222085376688
11.890440386681,500,493,-8.94254908322134,45.2802513195183,-15.9332138473431,-29.3470374721752
11.8925886143931,498,495,10.6077930477659,45.2802513195183,-30.5959704455836,-14.6842808739347
11.8947368421053,496,492,5.72020751501912,57.4992151513853,-33.039763211957,-24.4594519394283
11.8968850698174,495,492,10.6077930477659,59.9430079177587,-37.9273487447038,-22.0156591730549
11.8990332975295,498,491,-8.94254908322134,55.0554223850119,-20.82079938009,-34.234623004922
11.9011815252417,496,491,0.832621982272293,59.9430079177587,-30.5959704455836,-29.3470374721752
11.9033297529538,497,488,-18.717720148715,64.8305934505056,-18.3770066137166,-46.453586836789
11.905477980666,493,487,-4.05496355047453,77.0495572823726,-35.4835559783304,-41.5660013040422
11.9076262083781,497,490,-8.94254908322134,59.9430079177587,-23.2645921464634,-36.6784157712954
11.9097744360902,497,495,15.4953785805127,47.7240440858917,-35.4835559783304,-12.2404881075613
11.9119226638024,501,494,-8.94254908322134,40.3926657867715,-13.4894210809697,-26.9032447058017
11.9140708915145,504,498,-4.05496355047452,23.2861164221576,-8.60183554822291,-14.6842808739347
11.9162191192266,506,499,-8.94254908322134,15.9547381230374,-1.27045724910269,-14.6842808739347
11.9183673469388,507,497,-23.6053056814618,18.3985308894108,8.50471381639095,-26.9032447058017
11.9205155746509,504,495,-18.717720148715,30.6174947212778,-1.27045724910268,-29.3470374721752
11.9226638023631,503,493,-23.6053056814618,37.9488730203981,-1.27045724910268,-36.6784157712954
11.9248120300752,501,496,0.8326219822723,35.5050802540247,-18.3770066137166,-17.1280736403081
11.9269602577873,499,494,0.8326219822723,45.2802513195183,-23.2645921464634,-22.0156591730549
11.9291084854995,500,496,5.72020751501912,37.9488730203981,-23.2645921464634,-14.6842808739347
11.9312567132116,503,497,-4.05496355047452,28.1737019549044,-11.0456283145963,-17.1280736403081
11.9334049409237,503,497,-4.05496355047452,28.1737019549044,-11.0456283145963,-17.1280736403081
11.9355531686359,504,497,-8.94254908322134,25.729909188531,-6.1580427818495,-19.5718664066815
11.937701396348,499,494,0.8326219822723,45.2802513195183,-23.2645921464634,-22.0156591730549
11.9398496240601,498,493,0.832621982272293,50.1678368522651,-25.7083849128368,-24.4594519394283
11.9419978517723,503,494,-18.717720148715,35.5050802540247,-3.7142500154761,-31.7908302385486
11.9441460794844,510,500,-23.6053056814618,3.73577429117034,15.8360921155112,-19.5718664066815
11.9462943071966,512,502,-23.6053056814618,-6.0393967743233,20.723677648258,-14.6842808739347
11.9484425349087,512,503,-18.717720148715,-8.48318954069671,18.2798848818846,-9.79669534118788
11.9505907626208,511,502,-18.717720148715,-3.59560400794989,15.8360921155112,-12.2404881075613
11.952738990333,509,503,-4.05496355047452,-1.15181124157648,3.61712828364413,-2.46531704206765
11.9548872180451,510,502,-13.8301346159682,-1.15181124157648,10.9485065827644,-9.79669534118788
11.9570354457573,507,498,-18.717720148715,15.9547381230374,6.06092105001754,-22.0156591730549
11.9591836734694,505,497,-13.8301346159682,23.2861164221576,-1.27045724910269,-22.0156591730549
11.9613319011815,505,501,5.72020751501912,13.510945356664,-11.0456283145963,-2.46531704206765
11.9634801288937,510,503,-8.94254908322134,-3.59560400794989,8.50471381639095,-4.90910980844106
11.9656283566058,509,502,-8.94254908322134,1.29198152479693,6.06092105001754,-7.35290257481447
11.9677765843179,512,504,-13.8301346159682,-10.9269823070701,15.8360921155112,-4.90910980844106
11.9699248120301,517,505,-33.3804767469554,-25.5897389053106,37.8302270128719,-12.2404881075613
11.9720730397422,521,506,-48.0432333451959,-37.8087027371776,54.9367763774857,-17.1280736403081
11.9742212674544,524,506,-62.7059899434364,-45.1400810362979,69.5995329757262,-24.4594519394283
11.9763694951665,522,508,-43.1556478124491,-45.1400810362979,54.9367763774857,-9.79669534118787
11.9785177228786,522,510,-33.3804767469554,-50.0276665690447,50.0491908447389,-0.0215242756942331
11.9806659505908,520,512,-13.8301346159682,-50.0276665690447,35.3864342464985,14.6412323225462
11.9828141783029,517,510,-8.94254908322134,-37.8087027371776,25.6112631810048,12.1974395561728
11.984962406015,516,511,0.832621982272293,-37.8087027371776,18.2798848818846,19.528817855293
11.9871106337272,521,514,-8.94254908322134,-57.3590448681649,35.3864342464985,21.9726106216664
11.9892588614393,525,515,-23.6053056814618,-69.5780087000319,52.4929836111123,17.0850250889196
11.9914070891514,531,514,-57.8184044106895,-81.796972531899,84.2622895739666,-2.46531704206765
11.9935553168636,532,515,-57.8184044106895,-86.6845580646458,86.7060823403401,-0.0215242756942473
11.9957035445757,531,517,-43.1556478124491,-89.1283508310192,76.9309112748464,12.1974395561728
11.9978517722879,528,519,-18.717720148715,-86.6845580646458,57.3805691438591,29.3039889207867
12,527,518,-18.717720148715,-81.796972531899,54.9367763774857,26.8601961544133
12.0021482277121,527,520,-8.94254908322134,-86.6845580646458,50.0491908447389,36.6353672199069
12.0042964554243,528,521,-8.94254908322135,-91.5721435973926,52.4929836111123,39.0791599862803
12.0064446831364,526,523,10.6077930477659,-91.5721435973926,37.8302270128719,53.7419165845208
12.0085929108486,525,519,-4.05496355047453,-79.3531797655256,42.7178125456187,36.6353672199069
12.0107411385607,530,515,-48.0432333451959,-81.796972531899,76.9309112748464,4.86606125705258
12.0128893662728,535,518,-57.8184044106895,-101.347314662886,94.0374606394603,7.309854023426
12.015037593985,535,524,-28.4928912142086,-116.010071261127,79.3747040412198,36.6353672199069
12.0171858216971,534,523,-28.4928912142086,-111.12248572838,76.9309112748464,34.1915744535335
12.0193340494092,535,525,-23.6053056814618,-118.4538640275,76.9309112748464,41.5229527526537
12.0214822771214,531,525,-4.05496355047453,-108.678692962006,57.3805691438591,51.2981238181474
12.0236305048335,530,524,-4.05496355047451,-103.79110742926,54.9367763774857,48.854331051774
12.0257787325456,533,524,-18.717720148715,-111.12248572838,69.5995329757262,41.5229527526537
12.0279269602578,532,521,-28.4928912142086,-101.347314662886,72.0433257420996,29.3039889207867
12.0300751879699,532,523,-18.717720148715,-106.234900195633,67.1557402093528,39.0791599862803
12.0322234156821,533,525,-13.8301346159682,-113.566278494753,67.1557402093528,46.4105382854005
12.0343716433942,531,525,-4.05496355047453,-108.678692962006,57.3805691438591,51.2981238181474
12.0365198711063,530,525,0.8326219822723,-106.234900195633,52.4929836111123,53.7419165845208
12.0386680988185,529,526,10.6077930477659,-106.234900195633,45.1616053119921,61.073294883641
12.0408163265306,527,527,25.2705496460064,-103.79110742926,32.942641480125,70.8484659491346
12.0429645542427,528,524,5.72020751501911,-98.9035218965129,45.1616053119921,53.7419165845208
12.0451127819549,527,523,5.72020751501911,-94.015936363766,42.7178125456187,51.2981238181474
12.047261009667,527,521,-4.05496355047453,-89.1283508310192,47.6053980783655,41.5229527526537
12.0494092373792,527,522,0.8326219822723,-91.5721435973926,45.1616053119921,46.4105382854005
12.0515574650913,527,523,5.72020751501911,-94.015936363766,42.7178125456187,51.2981238181474
12.0537056928034,524,522,15.4953785805127,-84.2407652982724,30.4988487137516,53.7419165845208
12.0558539205156,517,519,35.0457207115,-59.8028376345383,3.61712828364413,56.1857093508942
12.0580021482277,517,521,44.8208917769937,-64.6904231672851,-1.27045724910268,65.9608804163878
12.0601503759399,515,517,35.0457207115,-50.0276665690447,-1.27045724910268,51.2981238181474
12.062298603652,515,514,20.3829641132596,-42.6962882699244,6.06092105001754,36.6353672199069
12.0644468313641,512,513,30.1581351787532,-32.9211172044308,-6.1580427818495,39.0791599862803
12.0665950590763,512,510,15.4953785805128,-25.5897389053106,1.17333551727072,24.4164033880399
12.0687432867884,508,511,39.9333062442468,-18.2583606061903,-20.82079938009,39.0791599862803
12.0708915145005,508,511,39.9333062442468,-18.2583606061903,-20.82079938009,39.0791599862803
12.0730397422127,512,511,20.3829641132596,-28.033531671684,-1.27045724910268,29.3039889207867
12.0751879699248,508,511,39.9333062442468,-18.2583606061903,-20.82079938009,39.0791599862803
12.0773361976369,511,511,25.2705496460064,-25.5897389053106,-6.1580427818495,31.7477816871601
12.0794844253491,511,507,5.72020751501912,-15.8145678398169,3.61712828364413,12.1974395561728
12.0816326530612,510,507,10.6077930477659,-13.3707750734435,-1.27045724910269,14.6412323225462
12.0837808807734,507,503,5.72020751501912,3.73577429117034,-6.1580427818495,2.42226849067917
12.0859291084855,504,505,30.1581351787532,6.17956705754374,-25.7083849128368,19.528817855293
12.0880773361976,501,504,39.9333062442469,15.9547381230374,-37.9273487447038,21.9726106216664
12.0902255639098,496,503,59.4836483752341,30.6174947212778,-59.9214836420645,29.3039889207867
12.0923737916219,495,501,54.5960628424873,37.9488730203981,-59.9214836420645,21.9726106216664
12.094522019334,497,502,49.7084773097405,30.6174947212778,-52.5901053429443,21.9726106216664
12.0966702470462,495,499,44.8208917769937,42.8364585531449,-55.0338981093177,12.1974395561728
12.0988184747583,495,496,30.1581351787532,50.1678368522651,-47.7025198101975,-2.46531704206765
12.1009667024705,494,493,20.3829641132596,59.9430079177588,-45.2587270438241,-14.6842808739347
12.1031149301826,495,494,20.3829641132596,55.0554223850119,-42.8149342774506,-12.2404881075613
12.1052631578947,494,498,44.8208917769937,47.7240440858917,-57.4776908756911,9.7536467897994
12.1074113856069,492,494,35.0457207115,62.3868006841322,-57.4776908756911,-4.90910980844106
12.109559613319,490,494,44.8208917769937,67.274386216879,-67.2528619411847,-0.0215242756942331
12.1117078410311,492,495,39.9333062442468,59.9430079177587,-59.9214836420645,-0.0215242756942473
12.1138560687433,493,493,25.2705496460064,62.3868006841322,-50.1463125765709,-12.2404881075613
12.1160042964554,497,494,10.6077930477659,50.1678368522651,-33.039763211957,-17.1280736403081
12.1181525241676,500,491,-18.717720148715,50.1678368522651,-11.0456283145963,-39.1222085376688
12.1203007518797,498,493,0.832621982272293,50.1678368522651,-25.7083849128368,-24.4594519394283
12.1224489795918,500,493,-8.94254908322134,45.2802513195183,-15.9332138473431,-29.3470374721752
12.124597207304,496,494,15.4953785805128,52.6116296186385,-37.9273487447038,-14.6842808739347
12.1267454350161,496,493,10.6077930477659,55.0554223850119,-35.4835559783304,-19.5718664066815
12.1288936627282,495,495,25.2705496460064,52.6116296186385,-45.2587270438241,-7.35290257481447
12.1310418904404,495,494,20.3829641132596,55.0554223850119,-42.8149342774506,-12.2404881075613
12.1331901181525,496,493,10.6077930477659,55.0554223850119,-35.4835559783304,-19.5718664066815
12.1353383458647,495,490,0.8326219822723,64.8305934505056,-33.039763211957,-31.7908302385486
12.1374865735768,493,491,15.4953785805127,67.274386216879,-45.2587270438241,-22.0156591730549
12.1396348012889,493,489,5.72020751501911,72.1619717496258,-40.3711415110772,-31.7908302385486
12.1417830290011,494,492,15.4953785805128,62.3868006841322,-42.8149342774507,-19.5718664066815
12.1439312567132,495,491,5.72020751501911,62.3868006841322,-35.4835559783304,-26.9032447058017
12.1460794844253,497,495,15.4953785805127,47.7240440858917,-35.4835559783304,-12.2404881075613
12.1482277121375,500,495,0.832621982272293,40.3926657867715,-20.82079938009,-19.5718664066815
12.1503759398496,501,494,-8.94254908322134,40.3926657867715,-13.4894210809697,-26.9032447058017
12.1525241675618,503,492,-28.4928912142086,40.3926657867715,1.17333551727072,-41.5660013040422
12.1546723952739,503,495,-13.8301346159682,33.0612874876512,-6.1580427818495,-26.9032447058017
12.156820622986,503,494,-18.717720148715,35.5050802540247,-3.7142500154761,-31.7908302385486
12.1589688506982,501,495,-4.05496355047453,37.9488730203981,-15.9332138473431,-22.0156591730549
12.1611170784103,501,496,0.8326219822723,35.5050802540247,-18.3770066137166,-17.1280736403081
12.1632653061224,495,496,30.1581351787532,50.1678368522651,-47.7025198101975,-2.46531704206765
12.1654135338346,494,495,30.1581351787532,55.0554223850119,-50.1463125765709,-4.90910980844106
12.1675617615467,495,495,25.2705496460064,52.6116296186385,-45.2587270438241,-7.35290257481447
12.1697099892589,495,492,10.6077930477659,59.9430079177587,-37.9273487447038,-22.0156591730549
12.171858216971,497,491,-4.05496355047453,57.4992151513853,-25.7083849128368,-31.7908302385486
12.1740064446831,497,490,-8.94254908322134,59.9430079177587,-23.2645921464634,-36.6784157712954
12.1761546723953,501,494,-8.94254908322134,40.3926657867715,-13.4894210809697,-26.9032447058017
12.1783029001074,504,496,-13.8301346159682,28.1737019549044,-3.7142500154761,-24.4594519394283
12.1804511278195,503,497,-4.05496355047452,28.1737019549044,-11.0456283145963,-17.1280736403081
12.1825993555317,501,495,-4.05496355047453,37.9488730203981,-15.9332138473431,-22.0156591730549
12.1847475832438,506,498,-13.8301346159682,18.3985308894108,1.17333551727072,-19.5718664066815
12.186895810956,506,496,-23.6053056814618,23.2861164221576,6.06092105001754,-29.3470374721751
12.1890440386681,504,494,-23.6053056814618,33.0612874876512,1.17333551727072,-34.234623004922
12.1911922663802,501,495,-4.05496355047453,37.9488730203981,-15.9332138473431,-22.0156591730549
12.1933404940924,499,495,5.72020751501911,42.8364585531449,-25.7083849128368,-17.1280736403081
12.1954887218045,498,494,5.72020751501912,47.7240440858917,-28.1521776792102,-19.5718664066815
12.1976369495166,497,495,15.4953785805127,47.7240440858917,-35.4835559783304,-12.2404881075613
12.1997851772288,499,496,10.6077930477659,40.3926657867715,-28.1521776792102,-12.2404881075613
12.2019334049409,497,495,15.4953785805127,47.7240440858917,-35.4835559783304,-12.2404881075613
12.2040816326531,501,496,0.8326219822723,35.5050802540247,-18.3770066137166,-17.1280736403081
12.2062298603652,507,496,-28.4928912142086,20.8423236557842,10.9485065827644,-31.7908302385486
12.2083780880773,508,497,-28.4928912142086,15.9547381230374,13.3922993491378,-29.3470374721752
12.2105263157895,509,496,-38.2680622797022,15.9547381230374,20.723677648258,-36.6784157712954
12.2126745435016,506,499,-8.94254908322134,15.9547381230374,-1.27045724910269,-14.6842808739347
12.2148227712137,507,502,0.832621982272297,6.17956705754374,-3.71425001547609,-2.46531704206765
12.2169709989259,505,502,10.6077930477659,11.0671525902906,-13.4894210809697,2.42226849067917
12.219119226638,504,501,10.6077930477659,15.9547381230374,-15.9332138473431,-0.0215242756942402
12.2212674543502,503,500,10.6077930477659,20.8423236557842,-18.3770066137166,-2.46531704206765
12.2234156820623,504,497,-8.94254908322134,25.729909188531,-6.1580427818495,-19.5718664066815
12.2255639097744,508,496,-33.3804767469554,18.3985308894108,15.8360921155112,-34.234623004922
12.2277121374866,508,498,-23.6053056814618,13.510945356664,10.9485065827644,-24.4594519394283
12.2298603651987,507,500,-8.94254908322134,11.0671525902906,1.17333551727072,-12.2404881075613
12.2320085929108,506,500,-4.05496355047452,13.510945356664,-3.71425001547609,-9.79669534118788
12.234156820623,506,504,15.4953785805128,3.73577429117034,-13.4894210809697,9.7536467897994
12.2363050483351,505,498,-8.94254908322134,20.8423236557842,-3.71425001547609,-17.1280736403081
12.2384532760473,504,503,20.3829641132596,11.0671525902906,-20.82079938009,9.7536467897994
12.2406015037594,506,499,-8.94254908322134,15.9547381230374,-1.27045724910269,-14.6842808739347
12.2427497314715,505,500,0.832621982272297,15.9547381230374,-8.60183554822291,-7.35290257481447
12.2448979591837,513,500,-38.2680622797022,-3.59560400794989,30.4988487137516,-26.9032447058017
12.2470461868958,514,502,-33.3804767469554,-10.9269823070701,30.4988487137516,-19.5718664066815
12.2491944146079,516,506,-23.6053056814618,-25.5897389053106,30.4988487137516,-4.90910980844106
12.2513426423201,516,507,-18.717720148715,-28.033531671684,28.0550559473782,-0.0215242756942402
12.2534908700322,517,507,-23.6053056814618,-30.4773244380574,32.942641480125,-2.46531704206765
12.2556390977444,517,507,-23.6053056814618,-30.4773244380574,32.942641480125,-2.46531704206765
12.2577873254565,515,508,-8.94254908322134,-28.033531671684,20.723677648258,7.30985402342599
12.2599355531686,514,506,-13.8301346159682,-20.7021533725638,20.723677648258,-0.0215242756942402
12.2620837808808,517,506,-28.4928912142086,-28.033531671684,35.3864342464985,-7.35290257481447
12.2642320085929,519,507,-33.3804767469554,-35.3649099708042,42.7178125456187,-7.35290257481447
12.266380236305,523,513,-23.6053056814618,-59.8028376345383,47.6053980783655,12.1974395561728
12.2685284640172,524,515,-18.717720148715,-67.1342159336585,47.6053980783655,19.528817855293
12.2706766917293,519,513,-4.05496355047453,-50.0276665690447,28.0550559473782,21.9726106216664
12.2728249194415,513,512,20.3829641132596,-32.9211172044308,1.17333551727072,31.7477816871601
12.2749731471536,509,509,25.2705496460064,-15.8145678398169,-11.0456283145963,26.8601961544133
12.2771213748657,505,506,30.1581351787532,1.29198152479693,-23.2645921464634,21.9726106216664
12.2792696025779,508,503,0.832621982272297,1.29198152479693,-1.27045724910269,-0.0215242756942402
12.28141783029,509,504,0.832621982272297,-3.59560400794989,1.17333551727072,2.42226849067917
12.2835660580021,513,506,-8.94254908322134,-18.2583606061904,15.8360921155112,2.42226849067917
12.2857142857143,516,509,-8.94254908322134,-32.9211172044308,23.1674704146314,9.7536467897994
12.2878625134264,514,508,-4.05496355047452,-25.5897389053106,15.8360921155112,9.7536467897994
12.2900107411386,512,507,0.832621982272297,-18.2583606061904,8.50471381639095,9.7536467897994
12.2921589688507,510,508,15.4953785805128,-15.8145678398169,-3.71425001547609,19.528817855293
12.2943071965628,505,505,25.2705496460064,3.73577429117034,-20.82079938009,17.0850250889196
12.296455424275,500,500,25.2705496460064,28.1737019549044,-33.039763211957,4.86606125705258
12.2986036519871,494,497,39.9333062442469,50.1678368522651,-55.0338981093177,4.86606125705258
12.3007518796992,494,495,30.1581351787532,55.0554223850119,-50.1463125765709,-4.90910980844106
12.3029001074114,494,497,39.9333062442469,50.1678368522651,-55.0338981093177,4.86606125705258
12.3050483351235,497,497,25.2705496460064,42.8364585531449,-40.3711415110772,-2.46531704206765
12.3071965628357,499,499,25.2705496460064,33.0612874876512,-35.4835559783304,2.42226849067917
12.3093447905478,494,499,49.7084773097405,45.2802513195183,-59.9214836420645,14.6412323225462
12.3114930182599,492,496,44.8208917769937,57.4992151513853,-62.3652764084379,4.86606125705258
12.3136412459721,495,492,10.6077930477659,59.9430079177587,-37.9273487447038,-22.0156591730549
12.3157894736842,494,493,20.3829641132596,59.9430079177588,-45.2587270438241,-14.6842808739347
12.3179377013963,493,493,25.2705496460064,62.3868006841322,-50.1463125765709,-12.2404881075613
12.3200859291085,497,495,15.4953785805127,47.7240440858917,-35.4835559783304,-12.2404881075613
12.3222341568206,496,495,20.3829641132596,50.1678368522651,-40.3711415110772,-9.79669534118788
12.3243823845328,492,492,25.2705496460064,67.274386216879,-52.5901053429443,-14.6842808739347
12.3265306122449,494,492,15.4953785805128,62.3868006841322,-42.8149342774507,-19.5718664066815
12.328678839957,495,492,10.6077930477659,59.9430079177587,-37.9273487447038,-22.0156591730549
12.3308270676692,494,492,15.4953785805128,62.3868006841322,-42.8149342774507,-19.5718664066815
12.3329752953813,490,487,10.6077930477659,84.3809355814928,-50.1463125765709,-34.234623004922
12.3351235230934,493,489,5.72020751501911,72.1619717496258,-40.3711415110772,-31.7908302385486
12.3372717508056,492,490,15.4953785805127,72.1619717496258,-47.7025198101975,-24.4594519394283
12.3394199785177,491,490,20.3829641132596,74.6057645159992,-52.5901053429443,-22.0156591730549
12.3415682062299,494,490,5.72020751501913,67.274386216879,-37.9273487447038,-29.3470374721751
12.343716433942,494,492,15.4953785805128,62.3868006841322,-42.8149342774507,-19.5718664066815
12.3458646616541,495,490,0.8326219822723,64.8305934505056,-33.039763211957,-31.7908302385486
12.3480128893663,492,491,20.3829641132596,69.7181789832524,-50.1463125765709,-19.5718664066815
12.3501611170784,491,488,10.6077930477659,79.493350048746,-47.7025198101975,-31.7908302385486
12.3523093447905,487,484,10.6077930477659,99.0436921797333,-57.4776908756911,-41.5660013040422
12.3544575725027,482,484,35.0457207115,111.2626560116,-81.9156185394252,-29.3470374721751
12.3566058002148,478,484,54.5960628424877,121.037827077094,-101.465960670413,-19.5718664066813
12.358754027927,483,484,30.1581351787532,108.818863245227,-77.0280330066784,-31.7908302385486
12.3609022556391,488,486,15.4953785805127,91.7123138806131,-57.4776908756911,-34.234623004922
12.3630504833512,493,488,0.8326219822723,74.6057645159992,-37.9273487447038,-36.6784157712954
12.3651987110634,493,488,0.8326219822723,74.6057645159992,-37.9273487447038,-36.6784157712954
12.3673469387755,497,488,-18.717720148715,64.8305934505056,-18.3770066137166,-46.453586836789
12.3694951664876,501,487,-43.1556478124491,57.4992151513853,3.61712828364413,-61.1163434350295
12.3716433941998,509,492,-57.8184044106895,25.729909188531,30.4988487137516,-56.2287579022827
12.3737916219119,521,500,-77.3687465416768,-23.1459461389372,69.5995329757262,-46.453586836789
12.3759398496241,544,511,-136.019772934639,-106.234900195633,155.132279798796,-48.8973796031624
12.3780880773362,568,526,-180.00804272936,-201.542818084196,235.777441089118,-34.234623004922
12.3802363050483,594,538,-248.434240187816,-294.406943206386,333.529151744055,-39.122208537669
12.3823845327605,612,550,-277.759753384297,-367.720726197588,392.180178137017,-24.4594519394286
12.3845327604726,625,559,-297.310095515284,-421.484167057803,433.724655165365,-12.2404881075615
12.3866809881847,629,565,-287.53492444979,-445.922094721537,438.612240698111,7.30985402342577
12.3888292158969,627,567,-267.984582318803,-445.922094721537,423.949484099871,21.9726106216663
12.390977443609,616,572,-189.783213794854,-431.259338123297,357.967079407789,73.2922587155078
12.3931256713212,598,567,-126.244601869145,-375.052104496708,282.209503650213,92.8426008464951
12.3952738990333,575,563,-33.3804767469554,-309.069699804626,179.57020746253,129.499492342096
12.3974221267454,552,554,35.0457207115,-230.868331280677,89.1498751067135,141.718456173963
12.3995703544576,532,547,98.5843326372087,-164.885926588595,8.50471381639096,156.381212772204
12.4017185821697,515,537,132.797431366436,-98.9035218965129,-50.1463125765709,149.049834473084
12.4038668098818,501,526,147.460187964677,-37.8087027371776,-91.6907896049188,129.499492342096
12.406015037594,488,517,167.010530095664,15.9547381230374,-133.235266633267,117.280528510229
12.4081632653061,482,512,171.898115628411,42.8364585531449,-150.341815997881,107.505357444736
12.4103114930183,477,508,176.785701161158,64.8305934505058,-165.004572596122,100.173979145616
12.4124597207304,485,507,132.797431366436,47.7240440858917,-123.460095567773,75.7360514818814
12.4146079484425,491,507,103.471918169955,33.0612874876512,-94.1345823712922,61.073294883641
12.4167561761547,498,509,79.0339905062214,11.0671525902906,-64.8090691748113,53.7419165845208
12.4189044038668,503,511,64.3712339079809,-6.0393967743233,-45.2587270438241,51.2981238181474
12.4210526315789,509,509,25.2705496460064,-15.8145678398169,-11.0456283145963,26.8601961544133
12.4232008592911,509,504,0.832621982272297,-3.59560400794989,1.17333551727072,2.42226849067917
12.4253490870032,508,506,15.4953785805128,-6.0393967743233,-8.60183554822291,14.6412323225462
12.4274973147154,502,507,49.7084773097405,6.17956705754374,-40.3711415110772,34.1915744535335
12.4296455424275,500,505,49.7084773097405,15.9547381230374,-45.2587270438241,29.3039889207867
12.4317937701396,495,503,64.3712339079809,33.0612874876512,-64.8090691748113,31.7477816871601
12.4339419978518,492,501,69.2588194407277,45.2802513195183,-74.584240240305,29.3039889207867
12.4360902255639,491,499,64.3712339079809,52.6116296186385,-74.584240240305,21.9726106216664
12.438238453276,489,495,54.5960628424873,67.274386216879,-74.584240240305,7.30985402342598
12.4403866809882,486,491,49.7084773097405,84.3809355814928,-79.4718257730518,-4.90910980844106
12.4425349087003,488,490,35.0457207115,81.9371428151194,-67.2528619411847,-14.6842808739347
12.4446831364125,488,495,59.4836483752341,69.7181789832524,-79.4718257730518,9.75364678979939
12.4468313641246,491,492,30.1581351787532,69.7181789832524,-57.4776908756911,-12.2404881075613
12.4489795918367,494,492,15.4953785805128,62.3868006841322,-42.8149342774507,-19.5718664066815
12.4511278195489,494,493,20.3829641132596,59.9430079177588,-45.2587270438241,-14.6842808739347
12.453276047261,494,494,25.2705496460064,57.4992151513853,-47.7025198101975,-9.79669534118787
12.4554242749731,493,493,25.2705496460064,62.3868006841322,-50.1463125765709,-12.2404881075613
12.4575725026853,494,488,-4.05496355047451,72.1619717496258,-33.039763211957,-39.1222085376688
12.4597207303974,493,489,5.72020751501911,72.1619717496258,-40.3711415110772,-31.7908302385486
12.4618689581096,494,490,5.72020751501913,67.274386216879,-37.9273487447038,-29.3470374721751
12.4640171858217,493,492,20.3829641132596,64.8305934505056,-47.7025198101975,-17.1280736403081
12.4661654135338,497,493,5.72020751501911,52.6116296186385,-30.5959704455836,-22.0156591730549
12.468313641246,501,496,0.8326219822723,35.5050802540247,-18.3770066137166,-17.1280736403081
12.4704618689581,500,497,10.6077930477659,35.5050802540247,-25.7083849128368,-9.79669534118788
12.4726100966702,501,495,-4.05496355047453,37.9488730203981,-15.9332138473431,-22.0156591730549
12.4747583243824,498,491,-8.94254908322134,55.0554223850119,-20.82079938009,-34.234623004922
12.4769065520945,495,489,-4.05496355047453,67.274386216879,-30.5959704455836,-36.6784157712954
12.4790547798067,496,491,0.832621982272293,59.9430079177587,-30.5959704455836,-29.3470374721752
12.4812030075188,496,492,5.72020751501912,57.4992151513853,-33.039763211957,-24.4594519394283
12.4833512352309,500,494,-4.05496355047452,42.8364585531449,-18.3770066137166,-24.4594519394283
12.4854994629431,501,496,0.8326219822723,35.5050802540247,-18.3770066137166,-17.1280736403081
12.4876476906552,504,499,0.832621982272297,20.8423236557842,-11.0456283145963,-9.79669534118788
12.4897959183673,507,499,-13.8301346159682,13.510945356664,3.61712828364413,-17.1280736403081
12.4919441460795,512,498,-43.1556478124491,3.73577429117034,30.4988487137516,-34.234623004922
12.4940923737916,509,496,-38.2680622797022,15.9547381230374,20.723677648258,-36.6784157712954
12.4962406015038,506,495,-28.4928912142086,25.729909188531,8.50471381639095,-34.234623004922
12.4983888292159,503,496,-8.94254908322134,30.6174947212778,-8.60183554822292,-22.0156591730549
12.500537056928,500,495,0.832621982272293,40.3926657867715,-20.82079938009,-19.5718664066815
12.5026852846402,503,497,-4.05496355047452,28.1737019549044,-11.0456283145963,-17.1280736403081
12.5048335123523,505,499,-4.05496355047452,18.3985308894108,-6.1580427818495,-12.2404881075613
12.5069817400644,508,500,-13.8301346159682,8.62335982391715,6.06092105001754,-14.6842808739347
12.5091299677766,507,500,-8.94254908322134,11.0671525902906,1.17333551727072,-12.2404881075613
12.5112781954887,507,497,-23.6053056814618,18.3985308894108,8.50471381639095,-26.9032447058017
12.5134264232009,508,498,-23.6053056814618,13.510945356664,10.9485065827644,-24.4594519394283
12.515574650913,511,502,-18.717720148715,-3.59560400794989,15.8360921155112,-12.2404881075613
12.5177228786251,512,502,-23.6053056814618,-6.0393967743233,20.723677648258,-14.6842808739347
12.5198711063373,509,503,-4.05496355047452,-1.15181124157648,3.61712828364413,-2.46531704206765
12.5220193340494,508,503,0.832621982272297,1.29198152479693,-1.27045724910269,-0.0215242756942402
12.5241675617615,510,506,5.72020751501912,-10.9269823070701,1.17333551727072,9.7536467897994
12.5263157894737,512,504,-13.8301346159682,-10.9269823070701,15.8360921155112,-4.90910980844106
12.5284640171858,510,502,-13.8301346159682,-1.15181124157648,10.9485065827644,-9.79669534118788
12.530612244898,512,501,-28.4928912142086,-3.59560400794989,23.1674704146314,-19.5718664066815
12.5327604726101,512,506,-4.05496355047452,-15.8145678398169,10.9485065827644,4.86606125705258
12.5349087003222,511,504,-8.94254908322134,-8.48318954069671,10.9485065827644,-2.46531704206765
12.5370569280344,506,502,5.72020751501912,8.62335982391715,-8.60183554822291,-0.0215242756942402
12.5392051557465,503,501,15.4953785805128,18.3985308894108,-20.82079938009,2.42226849067917
12.5413533834586,506,505,20.3829641132596,1.29198152479693,-15.9332138473431,14.6412323225462
12.5435016111708,514,504,-23.6053056814618,-15.8145678398169,25.6112631810048,-9.79669534118788
12.5456498388829,517,506,-28.4928912142086,-28.033531671684,35.3864342464985,-7.35290257481447
12.5477980665951,518,505,-38.2680622797022,-28.033531671684,42.7178125456187,-14.6842808739347
12.5499462943072,519,506,-38.2680622797022,-32.9211172044308,45.1616053119921,-12.2404881075613
12.5520945220193,518,507,-28.4928912142086,-32.9211172044308,37.8302270128719,-4.90910980844106
12.5542427497315,523,510,-38.2680622797022,-52.4714593354181,54.9367763774857,-2.46531704206765
12.5563909774436,526,514,-33.3804767469554,-69.5780087000319,59.8243619102325,9.7536467897994
12.5585392051557,528,517,-28.4928912142086,-81.796972531899,62.268154676606,19.528817855293
12.5606874328679,526,517,-18.717720148715,-76.9093869991522,52.4929836111123,24.4164033880399
12.56283566058,525,515,-23.6053056814618,-69.5780087000319,52.4929836111123,17.0850250889196
12.5649838882922,528,514,-43.1556478124491,-74.4655942327788,69.5995329757262,4.86606125705258
12.5671321160043,530,516,-43.1556478124491,-84.2407652982724,74.487118508473,9.7536467897994
12.5692803437164,529,516,-38.2680622797022,-81.796972531899,69.5995329757262,12.1974395561728
12.5714285714286,531,519,-33.3804767469554,-94.015936363766,72.0433257420996,21.9726106216664
12.5735767991407,533,522,-28.4928912142086,-106.234900195633,74.487118508473,31.7477816871601
12.5757250268528,531,523,-13.8301346159682,-103.79110742926,62.268154676606,41.5229527526537
12.577873254565,533,524,-18.717720148715,-111.12248572838,69.5995329757262,41.5229527526537
12.5800214822771,532,524,-13.8301346159682,-108.678692962006,64.7119474429794,43.9667455190271
12.5821697099893,534,521,-38.2680622797022,-106.234900195633,81.8184968075932,24.4164033880399
12.5843179377014,534,521,-38.2680622797022,-106.234900195633,81.8184968075932,24.4164033880399
12.5864661654135,532,524,-13.8301346159682,-108.678692962006,64.7119474429794,43.9667455190271
12.5886143931257,533,524,-18.717720148715,-111.12248572838,69.5995329757262,41.5229527526537
12.5907626208378,533,525,-13.8301346159682,-113.566278494753,67.1557402093528,46.4105382854005
12.5929108485499,538,529,-18.717720148715,-135.560413392114,81.8184968075932,53.7419165845208
12.5950590762621,538,527,-28.4928912142086,-130.672827859367,86.70608234034,43.9667455190271
12.5972073039742,541,529,-33.3804767469554,-142.891791691234,96.4812534058337,46.4105382854005
12.5993555316864,540,527,-38.2680622797023,-135.560413392114,96.4812534058337,39.0791599862803
12.6015037593985,537,525,-33.3804767469554,-123.341449560247,86.7060823403401,36.6353672199069
12.6036519871106,533,526,-8.94254908322134,-116.010071261127,64.7119474429794,51.2981238181474
12.6058002148228,530,523,-8.94254908322134,-101.347314662886,57.3805691438591,43.9667455190271
12.6079484425349,530,524,-4.05496355047451,-103.79110742926,54.9367763774857,48.854331051774
12.610096670247,535,526,-18.717720148715,-120.897656793874,74.487118508473,46.4105382854005
12.6122448979592,538,530,-13.8301346159681,-138.004206158487,79.3747040412198,58.6295021172676
12.6143931256713,536,530,-4.05496355047453,-133.116620625741,69.5995329757262,63.5170876500144
12.6165413533835,538,529,-18.717720148715,-135.560413392114,81.8184968075932,53.7419165845208
12.6186895810956,537,526,-28.4928912142086,-125.78524232662,84.2622895739666,41.5229527526537
12.6208378088077,536,527,-18.717720148715,-125.78524232662,76.9309112748464,48.8543310517739
12.6229860365199,533,526,-8.94254908322134,-116.010071261127,64.7119474429794,51.2981238181474
12.625134264232,532,527,0.832621982272286,-116.010071261127,57.3805691438591,58.6295021172676
12.6272824919441,524,525,30.1581351787532,-91.5721435973926,23.1674704146314,68.4046731827612
12.6294307196563,523,526,39.9333062442469,-91.5721435973926,15.8360921155112,75.7360514818814
12.6315789473684,523,524,30.1581351787532,-86.6845580646458,20.723677648258,65.9608804163878
12.6337271750806,524,523,20.3829641132596,-86.6845580646458,28.0550559473782,58.6295021172676
12.6358754027927,524,519,0.832621982272286,-76.9093869991522,37.8302270128719,39.0791599862803
12.6380236305048,525,519,-4.05496355047453,-79.3531797655256,42.7178125456187,36.6353672199069
12.640171858217,524,519,0.832621982272286,-76.9093869991522,37.8302270128719,39.0791599862803
12.6423200859291,525,521,5.72020751501911,-84.2407652982724,37.8302270128719,46.4105382854005
12.6444683136412,523,520,10.6077930477659,-76.9093869991522,30.4988487137516,46.4105382854005
12.6466165413534,520,519,20.3829641132596,-67.1342159336585,18.2798848818846,48.8543310517739
12.6487647690655,521,518,10.6077930477659,-67.1342159336585,25.6112631810048,41.5229527526537
12.6509129967777,516,517,30.1581351787532,-52.4714593354181,3.61712828364413,48.8543310517739
12.6530612244898,515,514,20.3829641132596,-42.6962882699244,6.06092105001754,36.6353672199069
12.6552094522019,513,510,10.6077930477659,-28.033531671684,6.06092105001754,21.9726106216664
12.6573576799141,513,510,10.6077930477659,-28.033531671684,6.06092105001754,21.9726106216664
12.6595059076262,509,509,25.2705496460064,-15.8145678398169,-11.0456283145963,26.8601961544133
12.6616541353383,508,509,30.1581351787532,-13.3707750734435,-15.9332138473431,29.3039889207867
12.6638023630505,504,508,44.8208917769937,-1.15181124157648,-33.039763211957,34.1915744535335
12.6659505907626,501,505,44.8208917769937,13.510945356664,-40.3711415110772,26.8601961544133
12.6680988184748,501,504,39.9333062442469,15.9547381230374,-37.9273487447038,21.9726106216664
12.6702470461869,502,503,30.1581351787532,15.9547381230374,-30.5959704455836,14.6412323225462
12.672395273899,505,502,10.6077930477659,11.0671525902906,-13.4894210809697,2.42226849067917
12.6745435016112,508,501,-8.94254908322134,6.17956705754374,3.61712828364413,-9.79669534118788
12.6766917293233,509,503,-4.05496355047452,-1.15181124157648,3.61712828364413,-2.46531704206765
12.6788399570354,503,502,20.3829641132596,15.9547381230374,-23.2645921464634,7.30985402342599
12.6809881847476,504,504,25.2705496460064,8.62335982391715,-23.2645921464634,14.6412323225462
12.6831364124597,502,501,20.3829641132596,20.8423236557842,-25.7083849128368,4.86606125705258
12.6852846401719,501,502,30.1581351787532,20.8423236557842,-33.039763211957,12.1974395561728
12.687432867884,499,501,35.0457207115,28.1737019549044,-40.3711415110772,12.1974395561728
12.6895810955961,497,497,25.2705496460064,42.8364585531449,-40.3711415110772,-2.46531704206765
12.6917293233083,496,496,25.2705496460064,47.7240440858917,-42.8149342774506,-4.90910980844106
12.6938775510204,499,495,5.72020751501911,42.8364585531449,-25.7083849128368,-17.1280736403081
12.6960257787325,499,497,15.4953785805128,37.9488730203981,-30.5959704455836,-7.35290257481447
12.6981740064447,499,498,20.3829641132596,35.5050802540247,-33.039763211957,-2.46531704206765
12.7003222341568,500,498,15.4953785805128,33.0612874876512,-28.1521776792102,-4.90910980844106
12.702470461869,499,498,20.3829641132596,35.5050802540247,-33.039763211957,-2.46531704206765
12.7046186895811,499,496,10.6077930477659,40.3926657867715,-28.1521776792102,-12.2404881075613
12.7067669172932,498,493,0.832621982272293,50.1678368522651,-25.7083849128368,-24.4594519394283
12.7089151450054,500,492,-13.8301346159682,47.7240440858917,-13.4894210809697,-34.234623004922
12.7110633727175,501,494,-8.94254908322134,40.3926657867715,-13.4894210809697,-26.9032447058017
12.7132116004296,504,498,-4.05496355047452,23.2861164221576,-8.60183554822291,-14.6842808739347
12.7153598281418,505,497,-13.8301346159682,23.2861164221576,-1.27045724910269,-22.0156591730549
12.7175080558539,506,499,-8.94254908322134,15.9547381230374,-1.27045724910269,-14.6842808739347
12.7196562835661,501,497,5.72020751501912,33.0612874876512,-20.82079938009,-12.2404881075613
12.7218045112782,497,496,20.3829641132596,45.2802513195183,-37.9273487447038,-7.35290257481446
12.7239527389903,498,494,5.72020751501912,47.7240440858917,-28.1521776792102,-19.5718664066815
12.7261009667025,500,494,-4.05496355047452,42.8364585531449,-18.3770066137166,-24.4594519394283
12.7282491944146,499,493,-4.05496355047453,47.7240440858917,-20.82079938009,-26.9032447058017
12.7303974221267,500,494,-4.05496355047452,42.8364585531449,-18.3770066137166,-24.4594519394283
12.7325456498389,500,495,0.832621982272293,40.3926657867715,-20.82079938009,-19.5718664066815
12.734693877551,503,499,5.72020751501912,23.2861164221576,-15.9332138473431,-7.35290257481447
12.7368421052632,506,500,-4.05496355047452,13.510945356664,-3.71425001547609,-9.79669534118788
12.7389903329753,507,502,0.832621982272297,6.17956705754374,-3.71425001547609,-2.46531704206765
12.7411385606874,506,499,-8.94254908322134,15.9547381230374,-1.27045724910269,-14.6842808739347
12.7432867883996,502,498,5.72020751501912,28.1737019549044,-18.3770066137166,-9.79669534118788
12.7454350161117,506,497,-18.717720148715,20.8423236557842,3.61712828364413,-24.4594519394283
12.7475832438238,505,497,-13.8301346159682,23.2861164221576,-1.27045724910269,-22.0156591730549
12.749731471536,507,501,-4.05496355047452,8.62335982391715,-1.27045724910269,-7.35290257481447
12.7518796992481,506,503,10.6077930477659,6.17956705754374,-11.0456283145963,4.86606125705258
12.7540279269603,510,503,-8.94254908322134,-3.59560400794989,8.50471381639095,-4.90910980844106
12.7561761546724,512,505,-8.94254908322134,-13.3707750734435,13.3922993491378,-0.0215242756942402
12.7583243823845,512,504,-13.8301346159682,-10.9269823070701,15.8360921155112,-4.90910980844106
12.7604726100967,511,502,-18.717720148715,-3.59560400794989,15.8360921155112,-12.2404881075613
12.7626208378088,508,499,-18.717720148715,11.0671525902906,8.50471381639095,-19.5718664066815
12.7647690655209,504,498,-4.05496355047452,23.2861164221576,-8.60183554822291,-14.6842808739347
12.7669172932331,503,500,10.6077930477659,20.8423236557842,-18.3770066137166,-2.46531704206765
12.7690655209452,503,502,20.3829641132596,15.9547381230374,-23.2645921464634,7.30985402342599
12.7712137486574,500,500,25.2705496460064,28.1737019549044,-33.039763211957,4.86606125705258
12.7733619763695,498,498,25.2705496460064,37.9488730203981,-37.9273487447038,-0.0215242756942402
12.7755102040816,498,497,20.3829641132596,40.3926657867715,-35.4835559783304,-4.90910980844106
12.7776584317938,501,496,0.8326219822723,35.5050802540247,-18.3770066137166,-17.1280736403081
12.7798066595059,504,497,-8.94254908322134,25.729909188531,-6.1580427818495,-19.5718664066815
12.781954887218,510,498,-33.3804767469554,8.62335982391715,20.723677648258,-29.3470374721752
12.7841031149302,512,500,-33.3804767469554,-1.15181124157648,25.6112631810048,-24.4594519394283
12.7862513426423,515,506,-18.717720148715,-23.1459461389372,25.6112631810048,-2.46531704206765
12.7883995703545,513,505,-13.8301346159682,-15.8145678398169,18.2798848818846,-2.46531704206765
12.7905477980666,516,506,-23.6053056814618,-25.5897389053106,30.4988487137516,-4.90910980844106
12.7926960257787,517,507,-23.6053056814618,-30.4773244380574,32.942641480125,-2.46531704206765
12.7948442534909,516,509,-8.94254908322134,-32.9211172044308,23.1674704146314,9.7536467897994
12.796992481203,515,506,-18.717720148715,-23.1459461389372,25.6112631810048,-2.46531704206765
12.7991407089151,514,504,-23.6053056814618,-15.8145678398169,25.6112631810048,-9.79669534118788
12.8012889366273,510,504,-4.05496355047452,-6.0393967743233,6.06092105001754,-0.0215242756942402
12.8034371643394,508,506,15.4953785805128,-6.0393967743233,-8.60183554822291,14.6412323225462
12.8055853920516,509,504,0.832621982272297,-3.59560400794989,1.17333551727072,2.42226849067917
12.8077336197637,507,504,10.6077930477659,1.29198152479693,-8.60183554822291,7.30985402342599
12.8098818474758,505,506,30.1581351787532,1.29198152479693,-23.2645921464634,21.9726106216664
12.812030075188,508,507,20.3829641132596,-8.48318954069671,-11.0456283145963,19.528817855293
12.8141783029001,512,504,-13.8301346159682,-10.9269823070701,15.8360921155112,-4.90910980844106
12.8163265306122,520,504,-52.9308188779427,-30.4773244380574,54.9367763774857,-24.4594519394283
12.8184747583244,527,509,-62.7059899434364,-59.8028376345383,76.9309112748464,-17.1280736403081
12.8206229860365,527,513,-43.1556478124491,-69.5780087000319,67.1557402093528,2.42226849067917
12.8227712137487,527,516,-28.4928912142086,-76.9093869991522,59.8243619102325,17.0850250889196
12.8249194414608,523,514,-18.717720148715,-62.2466304009117,45.1616053119921,17.0850250889196
12.8270676691729,518,515,10.6077930477659,-52.4714593354181,18.2798848818846,34.1915744535335
12.8292158968851,518,513,0.832621982272293,-47.5838738026713,23.1674704146314,24.4164033880398
12.8313641245972,518,511,-8.94254908322134,-42.6962882699244,28.0550559473782,14.6412323225462
12.8335123523093,522,511,-28.4928912142086,-52.4714593354181,47.6053980783655,4.86606125705258
12.8356605800215,524,512,-33.3804767469554,-59.8028376345383,54.9367763774857,4.86606125705258
12.8378088077336,525,514,-28.4928912142086,-67.1342159336585,54.9367763774857,12.1974395561728
12.8399570354458,521,515,-4.05496355047453,-59.8028376345383,32.942641480125,26.8601961544133
12.8421052631579,520,515,0.832621982272293,-57.3590448681649,28.0550559473782,29.3039889207867
12.84425349087,517,515,15.4953785805127,-50.0276665690447,13.3922993491378,36.6353672199069
12.8464017185822,515,515,25.2705496460064,-45.1400810362979,3.61712828364413,41.5229527526537
12.8485499462943,520,513,-8.94254908322134,-52.4714593354181,32.942641480125,19.528817855293
12.8506981740064,518,511,-8.94254908322134,-42.6962882699244,28.0550559473782,14.6412323225462
12.8528464017186,514,509,0.832621982272297,-28.033531671684,13.3922993491378,14.6412323225462
12.8549946294307,509,508,20.3829641132596,-13.3707750734435,-8.60183554822291,21.9726106216664
12.8571428571429,509,508,20.3829641132596,-13.3707750734435,-8.60183554822291,21.9726106216664
12.859291084855,509,509,25.2705496460064,-15.8145678398169,-11.0456283145963,26.8601961544133
12.8614393125671,510,509,20.3829641132596,-18.2583606061904,-6.1580427818495,24.4164033880399
12.8635875402793,511,508,10.6077930477659,-18.2583606061904,1.17333551727072,17.0850250889196
12.8657357679914,506,509,39.9333062442469,-8.48318954069671,-25.7083849128368,34.1915744535335
12.8678839957035,500,501,30.1581351787532,25.729909188531,-35.4835559783304,9.7536467897994
12.8700322234157,498,498,25.2705496460064,37.9488730203981,-37.9273487447038,-0.0215242756942402
12.8721804511278,497,497,25.2705496460064,42.8364585531449,-40.3711415110772,-2.46531704206765
12.87432867884,498,500,35.0457207115,33.0612874876512,-42.8149342774506,9.7536467897994
12.8764769065521,500,501,30.1581351787532,25.729909188531,-35.4835559783304,9.7536467897994
12.8786251342642,503,501,15.4953785805128,18.3985308894108,-20.82079938009,2.42226849067917
12.8807733619764,500,502,35.0457207115,23.2861164221576,-37.9273487447038,14.6412323225462
12.8829215896885,501,502,30.1581351787532,20.8423236557842,-33.039763211957,12.1974395561728
12.8850698174006,499,498,20.3829641132596,35.5050802540247,-33.039763211957,-2.46531704206765
12.8872180451128,498,495,10.6077930477659,45.2802513195183,-30.5959704455836,-14.6842808739347
12.8893662728249,497,494,10.6077930477659,50.1678368522651,-33.039763211957,-17.1280736403081
12.8915145005371,496,494,15.4953785805128,52.6116296186385,-37.9273487447038,-14.6842808739347
12.8936627282492,499,497,15.4953785805128,37.9488730203981,-30.5959704455836,-7.35290257481447
12.8958109559613,499,497,15.4953785805128,37.9488730203981,-30.5959704455836,-7.35290257481447
12.8979591836735,494,496,35.0457207115,52.6116296186385,-52.5901053429443,-0.0215242756942331
12.9001074113856,497,498,30.1581351787532,40.3926657867715,-42.8149342774506,2.42226849067917
12.9022556390977,494,493,20.3829641132596,59.9430079177588,-45.2587270438241,-14.6842808739347
12.9044038668099,489,491,35.0457207115,77.0495572823726,-64.8090691748113,-12.2404881075613
12.906552094522,492,488,5.72020751501911,77.0495572823726,-42.8149342774506,-34.234623004922
12.9087003222342,495,494,20.3829641132596,55.0554223850119,-42.8149342774506,-12.2404881075613
12.9108485499463,500,496,5.72020751501912,37.9488730203981,-23.2645921464634,-14.6842808739347
12.9129967776584,502,496,-4.05496355047452,33.0612874876512,-13.4894210809697,-19.5718664066815
12.9151450053706,500,496,5.72020751501912,37.9488730203981,-23.2645921464634,-14.6842808739347
12.9172932330827,494,494,25.2705496460064,57.4992151513853,-47.7025198101975,-9.79669534118787
12.9194414607948,487,490,39.9333062442469,84.3809355814928,-72.1404474739316,-12.2404881075613
12.921589688507,481,485,44.8208917769937,111.2626560116,-89.2469968385454,-22.0156591730549
12.9237379162191,485,484,20.3829641132596,103.93127771248,-67.2528619411847,-36.6784157712954
12.9258861439313,491,485,-4.05496355047453,86.8247283478663,-40.3711415110772,-46.453586836789
12.9280343716434,492,488,5.72020751501911,77.0495572823726,-42.8149342774506,-34.234623004922
12.9301825993555,495,491,5.72020751501911,62.3868006841322,-35.4835559783304,-26.9032447058017
12.9323308270677,498,493,0.832621982272293,50.1678368522651,-25.7083849128368,-24.4594519394283
12.9344790547798,505,495,-23.6053056814618,28.1737019549044,3.61712828364413,-31.7908302385486
12.9366272824919,515,498,-57.8184044106895,-3.59560400794989,45.1616053119921,-41.5660013040422
12.9387755102041,526,504,-82.2563320744236,-45.1400810362979,84.2622895739666,-39.1222085376688
12.9409237379162,538,509,-116.469430803651,-86.6845580646458,130.694352135061,-44.0097940704156
12.9430719656284,549,516,-136.019772934639,-130.672827859367,167.351243630663,-36.6784157712954
12.9452201933405,571,528,-184.895628262107,-213.761781916063,245.552612154612,-31.7908302385486
12.9473684210526,595,542,-233.771483589575,-306.625907038253,328.641566211308,-22.0156591730552
12.9495166487648,615,555,-267.984582318803,-387.271068328575,394.62397090339,-7.35290257481472
12.9516648764769,628,566,-277.759753384297,-445.922094721537,431.280862398991,14.641232322546
12.953813104189,637,576,-272.87216785155,-492.354157282632,450.831204529978,41.522952752654
12.9559613319012,640,580,-267.984582318803,-509.460706647246,455.718790062725,53.741916584521
12.9581095596133,631,581,-219.108726991335,-489.910364516259,409.28672750163,80.6236370146285
12.9602577873255,612,576,-150.682529532879,-431.259338123297,328.641566211308,102.617771911989
12.9624060150376,586,569,-57.8184044106899,-350.614176832974,218.670891724505,131.94328510847
12.9645542427497,558,562,44.8208917769937,-265.081430009905,98.9250461722071,166.156383837698
12.9667024704619,538,552,93.6967471044618,-191.767647018702,25.6112631810048,166.156383837698
12.968850698174,516,544,162.122944562917,-118.4538640275,-62.3652764084379,180.819140435938
12.9709989258861,501,534,186.560872226651,-57.3590448681649,-111.241131735906,168.600176604071
12.9731471535983,493,527,191.448457759398,-20.7021533725638,-133.235266633267,153.937420005831
12.9752953813104,492,521,167.010530095664,-3.59560400794989,-123.460095567773,127.055699575723
12.9774436090226,495,518,137.685016899183,-3.59560400794989,-101.465960670412,105.061564678362
12.9795918367347,498,512,93.6967471044618,3.73577429117033,-72.1404474739316,68.4046731827612
12.9817400644468,498,514,103.471918169956,-1.15181124157649,-77.0280330066784,78.1798442482549
12.983888292159,501,514,88.809161571715,-8.48318954069671,-62.3652764084379,70.8484659491346
12.9860365198711,506,516,74.1464049734746,-25.5897389053106,-42.8149342774506,68.4046731827612
12.9881847475832,513,516,39.9333062442469,-42.6962882699244,-8.60183554822292,51.2981238181474
12.9903329752954,514,516,35.0457207115,-45.1400810362979,-3.7142500154761,48.854331051774
12.9924812030075,511,513,35.0457207115,-30.4773244380574,-11.0456283145963,41.5229527526537
12.9946294307197,509,510,30.1581351787532,-18.2583606061904,-13.4894210809697,31.7477816871601
12.9967776584318,506,507,30.1581351787532,-3.59560400794989,-20.82079938009,24.4164033880399
12.9989258861439,499,505,54.5960628424873,18.3985308894108,-50.1463125765709,31.7477816871601
13.0010741138561,495,504,69.2588194407278,30.6174947212778,-67.2528619411847,36.6353672199069
13.0032223415682,491,503,83.9215760389682,42.8364585531449,-84.3594113057986,41.5229527526537
13.0053705692803,489,500,79.0339905062214,55.0554223850119,-86.803204072172,31.7477816871601
13.0075187969925,491,498,59.4836483752341,55.0554223850119,-72.1404474739316,17.0850250889196
13.0096670247046,491,498,59.4836483752341,55.0554223850119,-72.1404474739316,17.0850250889196
13.0118152524168,491,495,44.8208917769937,62.3868006841322,-64.8090691748113,2.42226849067917
13.0139634801289,490,491,30.1581351787532,74.6057645159992,-59.9214836420645,-14.6842808739347
13.016111707841,493,493,25.2705496460064,62.3868006841322,-50.1463125765709,-12.2404881075613
13.0182599355532,494,494,25.2705496460064,57.4992151513853,-47.7025198101975,-9.79669534118787
13.0204081632653,498,497,20.3829641132596,40.3926657867715,-35.4835559783304,-4.90910980844106
13.0225563909774,496,495,20.3829641132596,50.1678368522651,-40.3711415110772,-9.79669534118788
13.0247046186896,496,496,25.2705496460064,47.7240440858917,-42.8149342774506,-4.90910980844106
13.0268528464017,498,494,5.72020751501912,47.7240440858917,-28.1521776792102,-19.5718664066815
13.0290010741139,499,494,0.8326219822723,45.2802513195183,-23.2645921464634,-22.0156591730549
13.031149301826,500,493,-8.94254908322134,45.2802513195183,-15.9332138473431,-29.3470374721752
13.0332975295381,499,491,-13.8301346159682,52.6116296186385,-15.9332138473431,-36.6784157712954
13.0354457572503,493,492,20.3829641132596,64.8305934505056,-47.7025198101975,-17.1280736403081
13.0375939849624,492,490,15.4953785805127,72.1619717496258,-47.7025198101975,-24.4594519394283
13.0397422126745,495,493,15.4953785805127,57.4992151513853,-40.3711415110772,-17.1280736403081
13.0418904403867,498,494,5.72020751501912,47.7240440858917,-28.1521776792102,-19.5718664066815
13.0440386680988,505,496,-18.717720148715,25.729909188531,1.17333551727072,-26.9032447058017
13.046186895811,507,498,-18.717720148715,15.9547381230374,6.06092105001754,-22.0156591730549
13.0483351235231,509,497,-33.3804767469554,13.510945356664,18.2798848818846,-31.7908302385486
13.0504833512352,505,496,-18.717720148715,25.729909188531,1.17333551727072,-26.9032447058017
13.0526315789474,506,497,-18.717720148715,20.8423236557842,3.61712828364413,-24.4594519394283
13.0547798066595,505,498,-8.94254908322134,20.8423236557842,-3.71425001547609,-17.1280736403081
13.0569280343716,502,499,10.6077930477659,25.729909188531,-20.82079938009,-4.90910980844106
13.0590762620838,503,499,5.72020751501912,23.2861164221576,-15.9332138473431,-7.35290257481447
13.0612244897959,504,499,0.832621982272297,20.8423236557842,-11.0456283145963,-9.79669534118788
13.0633727175081,502,499,10.6077930477659,25.729909188531,-20.82079938009,-4.90910980844106
13.0655209452202,499,493,-4.05496355047453,47.7240440858917,-20.82079938009,-26.9032447058017
13.0676691729323,498,492,-4.05496355047452,52.6116296186385,-23.2645921464634,-29.3470374721751
13.0698174006445,498,494,5.72020751501912,47.7240440858917,-28.1521776792102,-19.5718664066815
13.0719656283566,502,498,5.72020751501912,28.1737019549044,-18.3770066137166,-9.79669534118788
13.0741138560687,505,500,0.832621982272297,15.9547381230374,-8.60183554822291,-7.35290257481447
13.0762620837809,504,498,-4.05496355047452,23.2861164221576,-8.60183554822291,-14.6842808739347
13.078410311493,507,501,-4.05496355047452,8.62335982391715,-1.27045724910269,-7.35290257481447
13.0805585392052,506,501,0.832621982272297,11.0671525902906,-6.1580427818495,-4.90910980844106
13.0827067669173,502,497,0.832621982272297,30.6174947212778,-15.9332138473431,-14.6842808739347
13.0848549946294,503,495,-13.8301346159682,33.0612874876512,-6.1580427818495,-26.9032447058017
13.0870032223416,509,498,-28.4928912142086,11.0671525902906,15.8360921155112,-26.9032447058017
13.0891514500537,512,502,-23.6053056814618,-6.0393967743233,20.723677648258,-14.6842808739347
13.0912996777658,517,505,-33.3804767469554,-25.5897389053106,37.8302270128719,-12.2404881075613
13.093447905478,519,505,-43.1556478124491,-30.4773244380574,47.6053980783655,-17.1280736403081
13.0955961331901,515,506,-18.717720148715,-23.1459461389372,25.6112631810048,-2.46531704206765
13.0977443609023,511,506,0.832621982272297,-13.3707750734435,6.06092105001754,7.30985402342599
13.0998925886144,506,504,15.4953785805128,3.73577429117034,-13.4894210809697,9.7536467897994
13.1020408163265,506,500,-4.05496355047452,13.510945356664,-3.71425001547609,-9.79669534118788
13.1041890440387,510,501,-18.717720148715,1.29198152479693,13.3922993491378,-14.6842808739347
13.1063372717508,510,502,-13.8301346159682,-1.15181124157648,10.9485065827644,-9.79669534118788
13.1084854994629,515,507,-13.8301346159682,-25.5897389053106,23.1674704146314,2.42226849067917
13.1106337271751,518,508,-23.6053056814618,-35.3649099708042,35.3864342464985,-0.0215242756942402
13.1127819548872,517,509,-13.8301346159682,-35.3649099708042,28.0550559473782,7.30985402342599
13.1149301825994,517,511,-4.05496355047453,-40.252495503551,23.1674704146314,17.0850250889196
13.1170784103115,519,509,-23.6053056814618,-40.252495503551,37.8302270128719,2.42226849067917
13.1192266380236,523,510,-38.2680622797022,-52.4714593354181,54.9367763774857,-2.46531704206765
13.1213748657358,526,511,-48.0432333451959,-62.2466304009117,67.1557402093528,-4.90910980844106
13.1235230934479,527,514,-38.2680622797022,-72.0218014664053,64.7119474429794,7.30985402342599
13.12567132116,526,516,-23.6053056814618,-74.4655942327788,54.9367763774857,19.528817855293
13.1278195488722,527,516,-28.4928912142086,-76.9093869991522,59.8243619102325,17.0850250889196
13.1299677765843,530,519,-28.4928912142086,-91.5721435973926,67.1557402093528,24.4164033880399
13.1321160042965,529,521,-13.8301346159682,-94.015936363766,57.3805691438591,36.6353672199069
13.1342642320086,529,520,-18.717720148715,-91.5721435973926,59.8243619102325,31.7477816871601
13.1364124597207,527,517,-23.6053056814618,-79.3531797655256,57.3805691438591,21.9726106216664
13.1385606874329,528,516,-33.3804767469554,-79.3531797655256,64.7119474429794,14.6412323225462
13.140708915145,532,518,-43.1556478124491,-94.015936363766,79.3747040412198,14.6412323225462
13.1428571428571,533,521,-33.3804767469554,-103.79110742926,76.9309112748464,26.8601961544133
13.1450053705693,538,524,-43.1556478124491,-123.341449560247,94.0374606394603,29.3039889207867
13.1471535982814,541,527,-43.1556478124491,-138.004206158487,101.368838938581,36.6353672199069
13.1493018259936,541,529,-33.3804767469554,-142.891791691234,96.4812534058337,46.4105382854005
13.1514500537057,539,528,-28.4928912142086,-135.560413392114,89.1498751067135,46.4105382854005
13.1535982814178,537,529,-13.8301346159682,-133.116620625741,76.9309112748464,56.1857093508942
13.15574650913,536,527,-18.717720148715,-125.78524232662,76.9309112748464,48.8543310517739
13.1578947368421,539,525,-43.1556478124491,-128.229035092994,96.4812534058337,31.7477816871601
13.1600429645542,537,526,-28.4928912142086,-125.78524232662,84.2622895739666,41.5229527526537
13.1621911922664,535,529,-4.05496355047451,-128.229035092994,67.1557402093528,61.073294883641
13.1643394199785,538,529,-18.717720148715,-135.560413392114,81.8184968075932,53.7419165845208
13.1664876476907,541,530,-28.4928912142086,-145.335584457608,94.0374606394603,51.2981238181474
13.1686358754028,541,533,-13.8301346159681,-152.666962756728,86.70608234034,65.9608804163878
13.1707841031149,540,531,-18.717720148715,-145.335584457608,86.7060823403401,58.6295021172676
13.1729323308271,539,529,-23.6053056814618,-138.004206158487,86.7060823403401,51.2981238181473
13.1750805585392,538,529,-18.717720148715,-135.560413392114,81.8184968075932,53.7419165845208
13.1772287862513,539,530,-18.717720148715,-140.447998924861,84.2622895739667,56.1857093508942
13.1793770139635,536,535,20.3829641132596,-145.335584457608,57.3805691438591,87.9550153137485
13.1815252416756,536,531,0.832621982272286,-135.560413392114,67.1557402093528,68.4046731827612
13.1836734693878,534,531,10.6077930477659,-130.672827859367,57.3805691438591,73.292258715508
13.1858216970999,532,532,25.2705496460064,-128.229035092994,45.1616053119921,83.0674297810017
13.187969924812,532,530,15.4953785805127,-123.341449560247,50.0491908447389,73.292258715508
13.1901181525242,529,526,10.6077930477659,-106.234900195633,45.1616053119921,61.073294883641
13.1922663802363,526,522,5.72020751501913,-89.1283508310192,40.2740197792453,48.854331051774
13.1944146079484,527,523,5.72020751501911,-94.015936363766,42.7178125456187,51.2981238181474
13.1965628356606,527,527,25.2705496460064,-103.79110742926,32.942641480125,70.8484659491346
13.1987110633727,525,524,20.3829641132596,-91.5721435973926,30.4988487137516,61.073294883641
13.2008592910849,524,523,20.3829641132596,-86.6845580646458,28.0550559473782,58.6295021172676
13.203007518797,520,523,39.9333062442468,-76.9093869991522,8.50471381639095,68.4046731827612
13.2051557465091,518,522,44.8208917769937,-69.5780087000319,1.17333551727072,68.4046731827612
13.2073039742213,520,519,20.3829641132596,-67.1342159336585,18.2798848818846,48.8543310517739
13.2094522019334,518,517,20.3829641132596,-57.3590448681649,13.3922993491378,43.9667455190271
13.2116004296455,522,517,0.8326219822723,-67.1342159336585,32.942641480125,34.1915744535335
13.2137486573577,520,518,15.4953785805128,-64.6904231672851,20.723677648258,43.9667455190271
13.2158968850698,514,516,35.0457207115,-45.1400810362979,-3.7142500154761,48.854331051774
13.218045112782,507,514,59.4836483752341,-23.1459461389372,-33.039763211957,56.1857093508942
13.2201933404941,504,511,59.4836483752341,-8.48318954069671,-40.3711415110772,48.8543310517739
13.2223415682062,503,512,69.2588194407278,-8.48318954069671,-47.7025198101975,56.1857093508942
13.2244897959184,501,508,59.4836483752341,6.17956705754374,-47.7025198101975,41.5229527526537
13.2266380236305,502,506,44.8208917769937,8.62335982391715,-37.9273487447038,29.3039889207867
13.2287862513426,505,505,25.2705496460064,3.73577429117034,-20.82079938009,17.0850250889196
13.2309344790548,510,508,15.4953785805128,-15.8145678398169,-3.71425001547609,19.528817855293
13.2330827067669,511,510,20.3829641132596,-23.1459461389372,-3.7142500154761,26.8601961544133
13.2352309344791,514,509,0.832621982272297,-28.033531671684,13.3922993491378,14.6412323225462
13.2373791621912,512,510,15.4953785805128,-25.5897389053106,1.17333551727072,24.4164033880399
13.2395273899033,510,509,20.3829641132596,-18.2583606061904,-6.1580427818495,24.4164033880399
13.2416756176155,503,505,35.0457207115,8.62335982391715,-30.5959704455836,21.9726106216664
13.2438238453276,497,501,44.8208917769937,33.0612874876512,-50.1463125765709,17.0850250889196
13.2459720730397,493,497,44.8208917769937,52.6116296186385,-59.9214836420645,7.30985402342599
13.2481203007519,493,495,35.0457207115,57.4992151513853,-55.0338981093177,-2.46531704206765
13.250268528464,493,497,44.8208917769937,52.6116296186385,-59.9214836420645,7.30985402342599
13.2524167561762,493,497,44.8208917769937,52.6116296186385,-59.9214836420645,7.30985402342599
13.2545649838883,495,496,30.1581351787532,50.1678368522651,-47.7025198101975,-2.46531704206765
13.2567132116004,499,497,15.4953785805128,37.9488730203981,-30.5959704455836,-7.35290257481447
13.2588614393126,501,499,15.4953785805128,28.1737019549044,-25.7083849128368,-2.46531704206765
13.2610096670247,499,497,15.4953785805128,37.9488730203981,-30.5959704455836,-7.35290257481447
13.2631578947368,500,496,5.72020751501912,37.9488730203981,-23.2645921464634,-14.6842808739347
13.265306122449,502,493,-18.717720148715,40.3926657867715,-6.1580427818495,-34.234623004922
13.2674543501611,501,496,0.8326219822723,35.5050802540247,-18.3770066137166,-17.1280736403081
13.2696025778733,499,497,15.4953785805128,37.9488730203981,-30.5959704455836,-7.35290257481447
13.2717508055854,499,496,10.6077930477659,40.3926657867715,-28.1521776792102,-12.2404881075613
13.2738990332975,497,497,25.2705496460064,42.8364585531449,-40.3711415110772,-2.46531704206765
13.2760472610097,494,496,35.0457207115,52.6116296186385,-52.5901053429443,-0.0215242756942331
13.2781954887218,496,494,15.4953785805128,52.6116296186385,-37.9273487447038,-14.6842808739347
13.2803437164339,495,492,10.6077930477659,59.9430079177587,-37.9273487447038,-22.0156591730549
13.2824919441461,493,491,15.4953785805127,67.274386216879,-45.2587270438241,-22.0156591730549
13.2846401718582,495,493,15.4953785805127,57.4992151513853,-40.3711415110772,-17.1280736403081
13.2867883995704,495,493,15.4953785805127,57.4992151513853,-40.3711415110772,-17.1280736403081
13.2889366272825,495,491,5.72020751501911,62.3868006841322,-35.4835559783304,-26.9032447058017
13.2910848549946,498,494,5.72020751501912,47.7240440858917,-28.1521776792102,-19.5718664066815
13.2932330827068,499,496,10.6077930477659,40.3926657867715,-28.1521776792102,-12.2404881075613
13.2953813104189,504,496,-13.8301346159682,28.1737019549044,-3.7142500154761,-24.4594519394283
13.297529538131,504,494,-23.6053056814618,33.0612874876512,1.17333551727072,-34.234623004922
13.2996777658432,501,495,-4.05496355047453,37.9488730203981,-15.9332138473431,-22.0156591730549
13.3018259935553,502,494,-13.8301346159682,37.9488730203981,-8.60183554822292,-29.3470374721751
13.3039742212675,503,495,-13.8301346159682,33.0612874876512,-6.1580427818495,-26.9032447058017
13.3061224489796,500,496,5.72020751501912,37.9488730203981,-23.2645921464634,-14.6842808739347
13.3082706766917,498,496,15.4953785805128,42.8364585531449,-33.039763211957,-9.79669534118787
13.3104189044039,500,498,15.4953785805128,33.0612874876512,-28.1521776792102,-4.90910980844106
13.312567132116,499,496,10.6077930477659,40.3926657867715,-28.1521776792102,-12.2404881075613
13.3147153598281,498,493,0.832621982272293,50.1678368522651,-25.7083849128368,-24.4594519394283
13.3168635875403,498,492,-4.05496355047452,52.6116296186385,-23.2645921464634,-29.3470374721751
13.3190118152524,501,494,-8.94254908322134,40.3926657867715,-13.4894210809697,-26.9032447058017
13.3211600429646,502,493,-18.717720148715,40.3926657867715,-6.1580427818495,-34.234623004922
13.3233082706767,500,495,0.832621982272293,40.3926657867715,-20.82079938009,-19.5718664066815
13.3254564983888,498,494,5.72020751501912,47.7240440858917,-28.1521776792102,-19.5718664066815
13.327604726101,497,496,20.3829641132596,45.2802513195183,-37.9273487447038,-7.35290257481446
13.3297529538131,498,497,20.3829641132596,40.3926657867715,-35.4835559783304,-4.90910980844106
13.3319011815252,501,496,0.8326219822723,35.5050802540247,-18.3770066137166,-17.1280736403081
13.3340494092374,503,494,-18.717720148715,35.5050802540247,-3.7142500154761,-31.7908302385486
13.3361976369495,503,496,-8.94254908322134,30.6174947212778,-8.60183554822292,-22.0156591730549
13.3383458646617,505,496,-18.717720148715,25.729909188531,1.17333551727072,-26.9032447058017
13.3404940923738,505,499,-4.05496355047452,18.3985308894108,-6.1580427818495,-12.2404881075613
13.3426423200859,506,500,-4.05496355047452,13.510945356664,-3.71425001547609,-9.79669534118788
13.3447905477981,503,499,5.72020751501912,23.2861164221576,-15.9332138473431,-7.35290257481447
13.3469387755102,506,500,-4.05496355047452,13.510945356664,-3.71425001547609,-9.79669534118788
13.3490870032223,509,500,-18.717720148715,6.17956705754374,10.9485065827644,-17.1280736403081
13.3512352309345,511,501,-23.6053056814618,-1.15181124157648,18.2798848818846,-17.1280736403081
13.3533834586466,515,501,-43.1556478124491,-10.9269823070701,37.8302270128719,-26.9032447058017
13.3555316863588,519,503,-52.9308188779427,-25.5897389053106,52.4929836111123,-26.9032447058017
13.3576799140709,520,505,-48.0432333451959,-32.9211172044308,52.4929836111123,-19.5718664066815
13.359828141783,517,506,-28.4928912142086,-28.033531671684,35.3864342464985,-7.35290257481447
13.3619763694952,515,507,-13.8301346159682,-25.5897389053106,23.1674704146314,2.42226849067917
13.3641245972073,512,507,0.832621982272297,-18.2583606061904,8.50471381639095,9.7536467897994
13.3662728249194,514,507,-8.94254908322134,-23.1459461389372,18.2798848818846,4.86606125705258
13.3684210526316,514,506,-13.8301346159682,-20.7021533725638,20.723677648258,-0.0215242756942402
13.3705692803437,514,505,-18.717720148715,-18.2583606061904,23.1674704146314,-4.90910980844106
13.3727175080559,513,506,-8.94254908322134,-18.2583606061904,15.8360921155112,2.42226849067917
13.374865735768,511,503,-13.8301346159682,-6.0393967743233,13.3922993491378,-7.35290257481447
13.3770139634801,508,505,10.6077930477659,-3.59560400794989,-6.1580427818495,9.7536467897994
13.3791621911923,511,507,5.72020751501912,-15.8145678398169,3.61712828364413,12.1974395561728
13.3813104189044,517,510,-8.94254908322134,-37.8087027371776,25.6112631810048,12.1974395561728
13.3834586466165,516,509,-8.94254908322134,-32.9211172044308,23.1674704146314,9.7536467897994
13.3856068743287,517,508,-18.717720148715,-32.9211172044308,30.4988487137516,2.42226849067917
13.3877551020408,515,506,-18.717720148715,-23.1459461389372,25.6112631810048,-2.46531704206765
13.389903329753,514,507,-8.94254908322134,-23.1459461389372,18.2798848818846,4.86606125705258
13.3920515574651,511,506,0.832621982272297,-13.3707750734435,6.06092105001754,7.30985402342599
13.3941997851772,512,507,0.832621982272297,-18.2583606061904,8.50471381639095,9.7536467897994
13.3963480128894,513,509,5.72020751501912,-25.5897389053106,8.50471381639095,17.0850250889196
13.3984962406015,515,511,5.72020751501911,-35.3649099708042,13.3922993491378,21.9726106216664
13.4006444683136,514,510,5.72020751501912,-30.4773244380574,10.9485065827644,19.528817855293
13.4027926960258,512,509,10.6077930477659,-23.1459461389372,3.61712828364413,19.528817855293
13.4049409237379,510,505,0.832621982272297,-8.48318954069671,3.61712828364413,4.86606125705258
13.4070891514501,509,505,5.72020751501912,-6.0393967743233,-1.27045724910269,7.30985402342599
13.4092373791622,511,505,-4.05496355047452,-10.9269823070701,8.50471381639095,2.42226849067917
13.4113856068743,511,505,-4.05496355047452,-10.9269823070701,8.50471381639095,2.42226849067917
13.4135338345865,506,504,15.4953785805128,3.73577429117034,-13.4894210809697,9.7536467897994
13.4156820622986,505,506,30.1581351787532,1.29198152479693,-23.2645921464634,21.9726106216664
13.4178302900107,507,505,15.4953785805128,-1.15181124157648,-11.0456283145963,12.1974395561728
13.4199785177229,506,504,15.4953785805128,3.73577429117034,-13.4894210809697,9.7536467897994
13.422126745435,505,502,10.6077930477659,11.0671525902906,-13.4894210809697,2.42226849067917
13.4242749731472,500,501,30.1581351787532,25.729909188531,-35.4835559783304,9.7536467897994
13.4264232008593,499,496,10.6077930477659,40.3926657867715,-28.1521776792102,-12.2404881075613
13.4285714285714,496,497,30.1581351787532,45.2802513195183,-45.2587270438241,-0.0215242756942402
13.4307196562836,491,496,49.7084773097405,59.9430079177587,-67.2528619411847,7.30985402342599
13.4328678839957,490,496,54.5960628424873,62.3868006841322,-72.1404474739316,9.7536467897994
13.4350161117078,489,494,49.7084773097405,69.7181789832524,-72.1404474739316,2.42226849067917
13.43716433942,489,492,39.9333062442469,74.6057645159992,-67.2528619411847,-7.35290257481446
13.4393125671321,488,492,44.8208917769937,77.0495572823726,-72.1404474739315,-4.90910980844106
13.4414607948443,491,489,15.4953785805127,77.0495572823726,-50.1463125765709,-26.9032447058017
13.4436090225564,491,488,10.6077930477659,79.493350048746,-47.7025198101975,-31.7908302385486
13.4457572502685,494,490,5.72020751501913,67.274386216879,-37.9273487447038,-29.3470374721751
13.4479054779807,497,492,0.8326219822723,55.0554223850119,-28.1521776792102,-26.9032447058017
13.4500537056928,498,494,5.72020751501912,47.7240440858917,-28.1521776792102,-19.5718664066815
13.4522019334049,498,493,0.832621982272293,50.1678368522651,-25.7083849128368,-24.4594519394283
13.4543501611171,495,495,25.2705496460064,52.6116296186385,-45.2587270438241,-7.35290257481447
13.4564983888292,494,493,20.3829641132596,59.9430079177588,-45.2587270438241,-14.6842808739347
13.4586466165414,493,489,5.72020751501911,72.1619717496258,-40.3711415110772,-31.7908302385486
13.4607948442535,493,488,0.8326219822723,74.6057645159992,-37.9273487447038,-36.6784157712954
13.4629430719656,496,488,-13.8301346159682,67.274386216879,-23.2645921464634,-44.0097940704156
13.4650912996778,496,491,0.832621982272293,59.9430079177587,-30.5959704455836,-29.3470374721752
13.4672395273899,496,491,0.832621982272293,59.9430079177587,-30.5959704455836,-29.3470374721752
13.469387755102,495,491,5.72020751501911,62.3868006841322,-35.4835559783304,-26.9032447058017
13.4715359828142,495,494,20.3829641132596,55.0554223850119,-42.8149342774506,-12.2404881075613
13.4736842105263,494,492,15.4953785805128,62.3868006841322,-42.8149342774507,-19.5718664066815
13.4758324382385,492,487,0.832621982272286,79.493350048746,-40.3711415110772,-39.1222085376688
13.4779806659506,487,486,20.3829641132596,94.1561066469865,-62.3652764084379,-31.7908302385486
13.4801288936627,482,483,30.1581351787532,113.706448777974,-79.4718257730518,-34.234623004922
13.4822771213749,481,484,39.9333062442469,113.706448777974,-86.803204072172,-26.9032447058017
13.484425349087,480,483,39.9333062442468,118.594034310721,-89.2469968385454,-29.3470374721752
13.4865735767991,482,485,39.9333062442469,108.818863245227,-84.3594113057986,-24.4594519394283
13.4887218045113,485,485,25.2705496460064,101.487484946107,-69.6966547075581,-31.7908302385486
13.4908700322234,486,486,25.2705496460064,96.5998994133599,-67.2528619411847,-29.3470374721751
13.4930182599356,486,485,20.3829641132596,99.0436921797333,-64.8090691748113,-34.234623004922
13.4951664876477,490,485,0.8326219822723,89.2685211142397,-45.2587270438241,-44.0097940704156
13.4973147153598,493,484,-18.717720148715,84.3809355814928,-28.1521776792102,-56.2287579022827
13.499462943072,504,491,-38.2680622797023,40.3926657867715,8.50471381639095,-48.8973796031624
13.5016111707841,518,498,-72.48116100893,-10.9269823070701,59.8243619102325,-48.8973796031624
13.5037593984962,535,508,-106.694259738158,-76.9093869991522,118.475388303194,-41.5660013040422
13.5059076262084,555,517,-160.457700598373,-147.779377223981,194.23296406077,-46.453586836789
13.5080558539205,576,530,-199.558384860348,-230.868331280677,265.102954285599,-34.2346230049222
13.5102040816327,592,539,-233.771483589575,-291.963150440012,321.310187912188,-29.3470374721754
13.5123523093448,613,552,-272.87216785155,-375.052104496708,392.180178137017,-17.1280736403083
13.5145005370569,622,557,-292.422509982537,-409.265203225936,423.949484099871,-14.6842808739349
13.5166487647691,631,566,-292.422509982537,-453.253473020657,445.943618997232,7.30985402342571
13.5187969924812,621,571,-219.108726991335,-441.03450918879,384.848799837896,56.1857093508939
13.5209452201933,609,571,-160.457700598373,-411.708995992309,326.197773444935,85.5112225473749
13.5230934479055,585,564,-77.3687465416772,-335.951420234734,226.002270023625,109.949150211109
13.5252416756176,560,557,10.6077930477659,-257.750051710784,120.919181069568,136.830870641217
13.5273899033298,536,548,83.9215760389682,-177.104890420462,25.6112631810048,151.493627239457
13.5295381310419,519,539,123.022260300943,-113.566278494753,-35.4835559783304,149.049834473084
13.531686358754,502,527,147.460187964677,-42.6962882699244,-89.2469968385454,131.94328510847
13.5338345864662,489,517,162.122944562917,13.510945356664,-128.34768110052,114.836735743856
13.5359828141783,476,510,191.448457759399,62.3868006841324,-174.779743661615,112.392942977483
13.5381310418904,475,508,186.560872226652,69.7181789832526,-174.779743661615,105.061564678363
13.5402792696026,477,505,162.122944562918,72.161971749626,-157.673194297001,85.5112225473753
13.5424274973147,484,505,127.90984583369,55.0554223850119,-123.460095567773,68.4046731827612
13.5445757250269,490,506,103.471918169956,37.9488730203981,-96.5783751376657,58.6295021172676
13.546723952739,495,504,69.2588194407278,30.6174947212778,-67.2528619411847,36.6353672199069
13.5488721804511,500,502,35.0457207115,23.2861164221576,-37.9273487447038,14.6412323225462
13.5510204081633,502,502,25.2705496460064,18.3985308894108,-28.1521776792102,9.7536467897994
13.5531686358754,499,500,30.1581351787532,30.6174947212778,-37.9273487447038,7.30985402342599
13.5553168635875,500,504,44.8208917769937,18.3985308894108,-42.8149342774506,24.4164033880399
13.5574650912997,500,501,30.1581351787532,25.729909188531,-35.4835559783304,9.7536467897994
13.5596133190118,500,501,30.1581351787532,25.729909188531,-35.4835559783304,9.7536467897994
13.561761546724,498,501,39.9333062442469,30.6174947212778,-45.2587270438241,14.6412323225462
13.5639097744361,492,497,49.7084773097405,55.0554223850119,-64.8090691748113,9.75364678979939
13.5660580021482,487,492,49.7084773097405,79.493350048746,-77.0280330066784,-2.46531704206765
13.5682062298604,482,489,59.4836483752341,99.0436921797333,-94.1345823712923,-4.90910980844106
13.5703544575725,486,490,44.8208917769937,86.8247283478663,-77.0280330066784,-9.79669534118787
13.5725026852846,489,492,39.9333062442469,74.6057645159992,-67.2528619411847,-7.35290257481446
13.5746509129968,493,491,15.4953785805127,67.274386216879,-45.2587270438241,-22.0156591730549
13.5767991407089,494,493,20.3829641132596,59.9430079177588,-45.2587270438241,-14.6842808739347
13.5789473684211,494,493,20.3829641132596,59.9430079177588,-45.2587270438241,-14.6842808739347
13.5810955961332,491,492,30.1581351787532,69.7181789832524,-57.4776908756911,-12.2404881075613
13.5832438238453,488,490,35.0457207115,81.9371428151194,-67.2528619411847,-14.6842808739347
13.5853920515575,486,485,20.3829641132596,99.0436921797333,-64.8090691748113,-34.234623004922
13.5875402792696,485,485,25.2705496460064,101.487484946107,-69.6966547075581,-31.7908302385486
13.5896885069817,489,487,15.4953785805127,86.8247283478663,-55.0338981093177,-31.7908302385486
13.5918367346939,491,490,20.3829641132596,74.6057645159992,-52.5901053429443,-22.0156591730549
13.593984962406,490,488,15.4953785805128,81.9371428151194,-52.5901053429443,-29.3470374721751
13.5961331901182,490,488,15.4953785805128,81.9371428151194,-52.5901053429443,-29.3470374721751
13.5982814178303,491,490,20.3829641132596,74.6057645159992,-52.5901053429443,-22.0156591730549
13.6004296455424,495,491,5.72020751501911,62.3868006841322,-35.4835559783304,-26.9032447058017
13.6025778732546,496,488,-13.8301346159682,67.274386216879,-23.2645921464634,-44.0097940704156
13.6047261009667,495,485,-23.6053056814618,77.0495572823726,-20.82079938009,-56.2287579022827
13.6068743286788,492,488,5.72020751501911,77.0495572823726,-42.8149342774506,-34.234623004922
13.609022556391,496,490,-4.05496355047452,62.3868006841322,-28.1521776792102,-34.234623004922
13.6111707841031,497,490,-8.94254908322134,59.9430079177587,-23.2645921464634,-36.6784157712954
13.6133190118153,499,492,-8.94254908322134,50.1678368522651,-18.3770066137166,-31.7908302385486
13.6154672395274,498,494,5.72020751501912,47.7240440858917,-28.1521776792102,-19.5718664066815
13.6176154672395,498,494,5.72020751501912,47.7240440858917,-28.1521776792102,-19.5718664066815
13.6197636949517,495,488,-8.94254908322134,69.7181789832524,-28.1521776792102,-41.5660013040422
13.6219119226638,495,487,-13.8301346159682,72.1619717496258,-25.7083849128368,-46.453586836789
13.6240601503759,495,489,-4.05496355047453,67.274386216879,-30.5959704455836,-36.6784157712954
13.6262083780881,493,492,20.3829641132596,64.8305934505056,-47.7025198101975,-17.1280736403081
13.6283566058002,497,492,0.8326219822723,55.0554223850119,-28.1521776792102,-26.9032447058017
13.6305048335124,496,492,5.72020751501912,57.4992151513853,-33.039763211957,-24.4594519394283
13.6326530612245,494,492,15.4953785805128,62.3868006841322,-42.8149342774507,-19.5718664066815
13.6348012889366,497,495,15.4953785805127,47.7240440858917,-35.4835559783304,-12.2404881075613
13.6369495166488,498,491,-8.94254908322134,55.0554223850119,-20.82079938009,-34.234623004922
13.6390977443609,497,491,-4.05496355047453,57.4992151513853,-25.7083849128368,-31.7908302385486
13.641245972073,503,493,-23.6053056814618,37.9488730203981,-1.27045724910268,-36.6784157712954
13.6433941997852,507,494,-38.2680622797022,25.729909188531,15.8360921155112,-41.5660013040422
13.6455424274973,506,496,-23.6053056814618,23.2861164221576,6.06092105001754,-29.3470374721751
13.6476906552095,506,497,-18.717720148715,20.8423236557842,3.61712828364413,-24.4594519394283
13.6498388829216,504,499,0.832621982272297,20.8423236557842,-11.0456283145963,-9.79669534118788
13.6519871106337,504,502,15.4953785805128,13.510945356664,-18.3770066137166,4.86606125705258
13.6541353383459,504,498,-4.05496355047452,23.2861164221576,-8.60183554822291,-14.6842808739347
13.656283566058,509,498,-28.4928912142086,11.0671525902906,15.8360921155112,-26.9032447058017
13.6584317937701,505,497,-13.8301346159682,23.2861164221576,-1.27045724910269,-22.0156591730549
13.6605800214823,504,500,5.72020751501912,18.3985308894108,-13.4894210809697,-4.90910980844106
13.6627282491944,503,498,0.832621982272297,25.729909188531,-13.4894210809697,-12.2404881075613
13.6648764769066,507,500,-8.94254908322134,11.0671525902906,1.17333551727072,-12.2404881075613
13.6670247046187,510,502,-13.8301346159682,-1.15181124157648,10.9485065827644,-9.79669534118788
13.6691729323308,513,503,-23.6053056814618,-10.9269823070701,23.1674704146314,-12.2404881075613
13.671321160043,514,503,-28.4928912142086,-13.3707750734435,28.0550559473782,-14.6842808739347
13.6734693877551,511,502,-18.717720148715,-3.59560400794989,15.8360921155112,-12.2404881075613
13.6756176154672,505,499,-4.05496355047452,18.3985308894108,-6.1580427818495,-12.2404881075613
13.6777658431794,506,498,-13.8301346159682,18.3985308894108,1.17333551727072,-19.5718664066815
13.6799140708915,509,502,-8.94254908322134,1.29198152479693,6.06092105001754,-7.35290257481447
13.6820622986037,512,503,-18.717720148715,-8.48318954069671,18.2798848818846,-9.79669534118788
13.6842105263158,516,506,-23.6053056814618,-25.5897389053106,30.4988487137516,-4.90910980844106
13.6863587540279,521,509,-33.3804767469554,-45.1400810362979,47.6053980783655,-2.46531704206765
13.6885069817401,522,509,-38.2680622797022,-47.5838738026713,52.4929836111123,-4.90910980844106
13.6906552094522,522,510,-33.3804767469554,-50.0276665690447,50.0491908447389,-0.0215242756942331
13.6928034371643,521,508,-38.2680622797022,-42.6962882699244,50.0491908447389,-7.35290257481447
13.6949516648765,525,510,-48.0432333451959,-57.3590448681649,64.7119474429794,-7.35290257481446
13.6970998925886,526,511,-48.0432333451959,-62.2466304009117,67.1557402093528,-4.90910980844106
13.6992481203008,533,518,-48.0432333451959,-96.4597291301395,84.2622895739666,12.1974395561728
13.7013963480129,535,520,-48.0432333451959,-106.234900195633,89.1498751067134,17.0850250889196
13.703544575725,533,522,-28.4928912142086,-106.234900195633,74.487118508473,31.7477816871601
13.7056928034372,529,519,-23.6053056814618,-89.1283508310192,62.268154676606,26.8601961544133
13.7078410311493,528,520,-13.8301346159682,-89.1283508310192,54.9367763774857,34.1915744535335
13.7099892588614,524,515,-18.717720148715,-67.1342159336585,47.6053980783655,19.528817855293
13.7121374865736,518,512,-4.05496355047452,-45.1400810362979,25.6112631810048,19.528817855293
13.7142857142857,517,515,15.4953785805127,-50.0276665690447,13.3922993491378,36.6353672199069
13.7164339419979,522,517,0.8326219822723,-67.1342159336585,32.942641480125,34.1915744535335
13.71858216971,528,519,-18.717720148715,-86.6845580646458,57.3805691438591,29.3039889207867
13.7207303974221,531,522,-18.717720148715,-101.347314662886,64.7119474429794,36.6353672199069
13.7228786251343,533,525,-13.8301346159682,-113.566278494753,67.1557402093528,46.4105382854005
13.7250268528464,531,523,-13.8301346159682,-103.79110742926,62.268154676606,41.5229527526537
13.7271750805585,527,520,-8.94254908322134,-86.6845580646458,50.0491908447389,36.6353672199069
13.7293233082707,530,519,-28.4928912142086,-91.5721435973926,67.1557402093528,24.4164033880399
13.7314715359828,528,519,-18.717720148715,-86.6845580646458,57.3805691438591,29.3039889207867
13.733619763695,524,519,0.832621982272286,-76.9093869991522,37.8302270128719,39.0791599862803
13.7357679914071,525,520,0.8326219822723,-81.796972531899,40.2740197792453,41.5229527526537
13.7379162191192,524,521,10.6077930477659,-81.796972531899,32.9426414801251,48.8543310517739
13.7400644468314,529,523,-4.05496355047453,-98.9035218965129,52.4929836111123,46.4105382854005
13.7422126745435,531,523,-13.8301346159682,-103.79110742926,62.268154676606,41.5229527526537
13.7443609022556,535,524,-28.4928912142086,-116.010071261127,79.3747040412198,36.6353672199069
13.7465091299678,536,524,-33.3804767469554,-118.4538640275,84.2622895739667,34.1915744535335
13.7486573576799,536,523,-38.2680622797023,-116.010071261127,86.7060823403401,29.3039889207867
13.7508055853921,532,524,-13.8301346159682,-108.678692962006,64.7119474429794,43.9667455190271
13.7529538131042,529,522,-8.94254908322134,-96.4597291301395,54.9367763774857,41.5229527526537
13.7551020408163,526,522,5.72020751501913,-89.1283508310192,40.2740197792453,48.854331051774
13.7572502685285,528,527,20.3829641132596,-106.234900195633,37.8302270128719,68.4046731827612
13.7593984962406,524,524,25.2705496460064,-89.1283508310192,25.6112631810048,63.5170876500144
13.7615467239527,521,522,30.1581351787532,-76.9093869991522,15.8360921155112,61.073294883641
13.7636949516649,520,518,15.4953785805128,-64.6904231672851,20.723677648258,43.9667455190271
13.765843179377,519,518,20.3829641132596,-62.2466304009117,15.8360921155112,46.4105382854005
13.7679914070892,520,515,0.832621982272293,-57.3590448681649,28.0550559473782,29.3039889207867
13.7701396348013,518,517,20.3829641132596,-57.3590448681649,13.3922993491378,43.9667455190271
13.7722878625134,514,515,30.1581351787532,-42.6962882699244,-1.27045724910268,43.9667455190271
13.7744360902256,512,515,39.9333062442468,-37.8087027371776,-11.0456283145963,48.8543310517739
13.7765843179377,509,513,44.8208917769937,-25.5897389053106,-20.82079938009,46.4105382854005
13.7787325456498,506,512,54.5960628424873,-15.8145678398169,-33.039763211957,48.854331051774
13.780880773362,504,509,49.7084773097405,-3.59560400794989,-35.4835559783304,39.0791599862803
13.7830290010741,505,506,30.1581351787532,1.29198152479693,-23.2645921464634,21.9726106216664
13.7851772287863,503,503,25.2705496460064,13.510945356664,-25.7083849128368,12.1974395561728
13.7873254564984,504,504,25.2705496460064,8.62335982391715,-23.2645921464634,14.6412323225462
13.7894736842105,502,505,39.9333062442469,11.0671525902906,-35.4835559783304,24.4164033880399
13.7916219119227,502,505,39.9333062442469,11.0671525902906,-35.4835559783304,24.4164033880399
13.7937701396348,499,503,44.8208917769937,23.2861164221576,-45.2587270438241,21.9726106216664
13.7959183673469,496,502,54.5960628424873,33.0612874876512,-57.4776908756911,24.4164033880399
13.7980665950591,495,498,39.9333062442469,45.2802513195183,-52.5901053429443,7.30985402342599
13.8002148227712,495,494,20.3829641132596,55.0554223850119,-42.8149342774506,-12.2404881075613
13.8023630504834,495,495,25.2705496460064,52.6116296186385,-45.2587270438241,-7.35290257481447
13.8045112781955,497,495,15.4953785805127,47.7240440858917,-35.4835559783304,-12.2404881075613
13.8066595059076,498,498,25.2705496460064,37.9488730203981,-37.9273487447038,-0.0215242756942402
13.8088077336198,499,498,20.3829641132596,35.5050802540247,-33.039763211957,-2.46531704206765
13.8109559613319,500,501,30.1581351787532,25.729909188531,-35.4835559783304,9.7536467897994
13.813104189044,498,498,25.2705496460064,37.9488730203981,-37.9273487447038,-0.0215242756942402
13.8152524167562,497,497,25.2705496460064,42.8364585531449,-40.3711415110772,-2.46531704206765
13.8174006444683,492,494,35.0457207115,62.3868006841322,-57.4776908756911,-4.90910980844106
13.8195488721805,491,491,25.2705496460064,72.1619717496258,-55.0338981093177,-17.1280736403081
13.8216970998926,489,490,30.1581351787532,79.493350048746,-62.3652764084379,-17.1280736403081
13.8238453276047,491,492,30.1581351787532,69.7181789832524,-57.4776908756911,-12.2404881075613
13.8259935553169,494,492,15.4953785805128,62.3868006841322,-42.8149342774507,-19.5718664066815
13.828141783029,492,494,35.0457207115,62.3868006841322,-57.4776908756911,-4.90910980844106
13.8302900107411,491,493,35.0457207115,67.274386216879,-59.9214836420645,-7.35290257481447
13.8324382384533,490,492,35.0457207115,72.1619717496258,-62.3652764084379,-9.79669534118787
13.8345864661654,489,486,10.6077930477659,89.2685211142397,-52.5901053429443,-36.6784157712954
13.8367346938776,489,486,10.6077930477659,89.2685211142397,-52.5901053429443,-36.6784157712954
13.8388829215897,494,488,-4.05496355047451,72.1619717496258,-33.039763211957,-39.1222085376688
13.8410311493018,499,490,-18.717720148715,55.0554223850119,-13.4894210809697,-41.5660013040422
13.843179377014,500,492,-13.8301346159682,47.7240440858917,-13.4894210809697,-34.234623004922
13.8453276047261,500,495,0.832621982272293,40.3926657867715,-20.82079938009,-19.5718664066815
13.8474758324382,495,492,10.6077930477659,59.9430079177587,-37.9273487447038,-22.0156591730549
13.8496240601504,493,492,20.3829641132596,64.8305934505056,-47.7025198101975,-17.1280736403081
13.8517722878625,492,489,10.6077930477659,74.6057645159992,-45.258727043824,-29.3470374721752
13.8539205155747,488,486,15.4953785805127,91.7123138806131,-57.4776908756911,-34.234623004922
13.8560687432868,489,485,5.72020751501911,91.7123138806131,-50.1463125765709,-41.5660013040422
13.8582169709989,485,486,30.1581351787532,99.0436921797333,-72.1404474739316,-26.9032447058017
13.8603651987111,488,486,15.4953785805127,91.7123138806131,-57.4776908756911,-34.234623004922
13.8625134264232,494,492,15.4953785805128,62.3868006841322,-42.8149342774507,-19.5718664066815
13.8646616541353,498,492,-4.05496355047452,52.6116296186385,-23.2645921464634,-29.3470374721751
13.8668098818475,500,492,-13.8301346159682,47.7240440858917,-13.4894210809697,-34.234623004922
13.8689581095596,500,492,-13.8301346159682,47.7240440858917,-13.4894210809697,-34.234623004922
13.8711063372718,500,491,-18.717720148715,50.1678368522651,-11.0456283145963,-39.1222085376688
13.8732545649839,499,490,-18.717720148715,55.0554223850119,-13.4894210809697,-41.5660013040422
13.875402792696,496,491,0.832621982272293,59.9430079177587,-30.5959704455836,-29.3470374721752
13.8775510204082,496,490,-4.05496355047452,62.3868006841322,-28.1521776792102,-34.234623004922
13.8796992481203,492,491,20.3829641132596,69.7181789832524,-50.1463125765709,-19.5718664066815
13.8818474758324,493,491,15.4953785805127,67.274386216879,-45.2587270438241,-22.0156591730549
13.8839957035446,496,490,-4.05496355047452,62.3868006841322,-28.1521776792102,-34.234623004922
13.8861439312567,495,491,5.72020751501911,62.3868006841322,-35.4835559783304,-26.9032447058017
13.8882921589689,496,490,-4.05496355047452,62.3868006841322,-28.1521776792102,-34.234623004922
13.890440386681,493,489,5.72020751501911,72.1619717496258,-40.3711415110772,-31.7908302385486
13.8925886143931,490,488,15.4953785805128,81.9371428151194,-52.5901053429443,-29.3470374721751
13.8947368421053,493,489,5.72020751501911,72.1619717496258,-40.3711415110772,-31.7908302385486
13.8968850698174,492,488,5.72020751501911,77.0495572823726,-42.8149342774506,-34.234623004922
13.8990332975295,493,488,0.8326219822723,74.6057645159992,-37.9273487447038,-36.6784157712954
13.9011815252417,495,490,0.8326219822723,64.8305934505056,-33.039763211957,-31.7908302385486
13.9033297529538,497,492,0.8326219822723,55.0554223850119,-28.1521776792102,-26.9032447058017
13.905477980666,502,492,-23.6053056814618,42.8364585531449,-3.7142500154761,-39.1222085376688
13.9076262083781,501,493,-13.8301346159682,42.8364585531449,-11.0456283145963,-31.7908302385486
13.9097744360902,500,490,-23.6053056814618,52.6116296186385,-8.60183554822292,-44.0097940704156
13.9119226638024,497,492,0.8326219822723,55.0554223850119,-28.1521776792102,-26.9032447058017
13.9140708915145,493,490,10.6077930477659,69.7181789832524,-42.8149342774506,-26.9032447058017
13.9162191192266,490,490,25.2705496460064,77.0495572823726,-57.4776908756911,-19.5718664066815
13.9183673469388,493,493,25.2705496460064,62.3868006841322,-50.1463125765709,-12.2404881075613
13.9205155746509,498,494,5.72020751501912,47.7240440858917,-28.1521776792102,-19.5718664066815
13.9226638023631,498,493,0.832621982272293,50.1678368522651,-25.7083849128368,-24.4594519394283
13.9248120300752,504,494,-23.6053056814618,33.0612874876512,1.17333551727072,-34.234623004922
13.9269602577873,504,493,-28.4928912142086,35.5050802540247,3.61712828364413,-39.1222085376688
13.9291084854995,505,494,-28.4928912142086,30.6174947212778,6.06092105001754,-36.6784157712954
13.9312567132116,506,495,-28.4928912142086,25.729909188531,8.50471381639095,-34.234623004922
13.9334049409237,509,499,-23.6053056814618,8.62335982391715,13.3922993491378,-22.0156591730549
13.9355531686359,507,500,-8.94254908322134,11.0671525902906,1.17333551727072,-12.2404881075613
13.937701396348,508,499,-18.717720148715,11.0671525902906,8.50471381639095,-19.5718664066815
13.9398496240601,505,499,-4.05496355047452,18.3985308894108,-6.1580427818495,-12.2404881075613
13.9419978517723,505,499,-4.05496355047452,18.3985308894108,-6.1580427818495,-12.2404881075613
13.9441460794844,502,493,-18.717720148715,40.3926657867715,-6.1580427818495,-34.234623004922
13.9462943071966,499,493,-4.05496355047453,47.7240440858917,-20.82079938009,-26.9032447058017
13.9484425349087,496,495,20.3829641132596,50.1678368522651,-40.3711415110772,-9.79669534118788
13.9505907626208,499,498,20.3829641132596,35.5050802540247,-33.039763211957,-2.46531704206765
13.952738990333,501,497,5.72020751501912,33.0612874876512,-20.82079938009,-12.2404881075613
13.9548872180451,508,499,-18.717720148715,11.0671525902906,8.50471381639095,-19.5718664066815
13.9570354457573,509,502,-8.94254908322134,1.29198152479693,6.06092105001754,-7.35290257481447
13.9591836734694,509,499,-23.6053056814618,8.62335982391715,13.3922993491378,-22.0156591730549
13.9613319011815,508,497,-28.4928912142086,15.9547381230374,13.3922993491378,-29.3470374721752
13.9634801288937,507,498,-18.717720148715,15.9547381230374,6.06092105001754,-22.0156591730549
13.9656283566058,514,502,-33.3804767469554,-10.9269823070701,30.4988487137516,-19.5718664066815
13.9677765843179,515,505,-23.6053056814618,-20.7021533725638,28.0550559473782,-7.35290257481447
13.9699248120301,519,507,-33.3804767469554,-35.3649099708042,42.7178125456187,-7.35290257481447
13.9720730397422,522,509,-38.2680622797022,-47.5838738026713,52.4929836111123,-4.90910980844106
13.9742212674544,524,510,-43.1556478124491,-54.9152521017915,59.8243619102326,-4.90910980844106
13.9763694951665,521,509,-33.3804767469554,-45.1400810362979,47.6053980783655,-2.46531704206765
13.9785177228786,518,508,-23.6053056814618,-35.3649099708042,35.3864342464985,-0.0215242756942402
13.9806659505908,518,507,-28.4928912142086,-32.9211172044308,37.8302270128719,-4.90910980844106
13.9828141783029,514,506,-13.8301346159682,-20.7021533725638,20.723677648258,-0.0215242756942402
13.984962406015,512,510,15.4953785805128,-25.5897389053106,1.17333551727072,24.4164033880399
13.9871106337272,507,505,15.4953785805128,-1.15181124157648,-11.0456283145963,12.1974395561728
13.9892588614393,505,505,25.2705496460064,3.73577429117034,-20.82079938009,17.0850250889196
13.9914070891514,505,505,25.2705496460064,3.73577429117034,-20.82079938009,17.0850250889196
13.9935553168636,503,505,35.0457207115,8.62335982391715,-30.5959704455836,21.9726106216664
13.9957035445757,504,501,10.6077930477659,15.9547381230374,-15.9332138473431,-0.0215242756942402
13.9978517722879,502,498,5.72020751501912,28.1737019549044,-18.3770066137166,-9.79669534118788
14,507,500,-8.94254908322134,11.0671525902906,1.17333551727072,-12.2404881075613
14.0021482277121,509,502,-8.94254908322134,1.29198152479693,6.06092105001754,-7.35290257481447
14.0042964554243,508,503,0.832621982272297,1.29198152479693,-1.27045724910269,-0.0215242756942402
14.0064446831364,506,504,15.4953785805128,3.73577429117034,-13.4894210809697,9.7536467897994
14.0085929108486,503,503,25.2705496460064,13.510945356664,-25.7083849128368,12.1974395561728
14.0107411385607,502,500,15.4953785805128,23.2861164221576,-23.2645921464634,-0.0215242756942402
14.0128893662728,499,500,30.1581351787532,30.6174947212778,-37.9273487447038,7.30985402342599
14.015037593985,498,495,10.6077930477659,45.2802513195183,-30.5959704455836,-14.6842808739347
14.0171858216971,495,493,15.4953785805127,57.4992151513853,-40.3711415110772,-17.1280736403081
14.0193340494092,492,495,39.9333062442468,59.9430079177587,-59.9214836420645,-0.0215242756942473
14.0214822771214,490,492,35.0457207115,72.1619717496258,-62.3652764084379,-9.79669534118787
14.0236305048335,492,491,20.3829641132596,69.7181789832524,-50.1463125765709,-19.5718664066815
14.0257787325456,490,494,44.8208917769937,67.274386216879,-67.2528619411847,-0.0215242756942331
14.0279269602578,487,492,49.7084773097405,79.493350048746,-77.0280330066784,-2.46531704206765
14.0300751879699,486,487,30.1581351787532,94.1561066469865,-69.6966547075582,-24.4594519394283
14.0322234156821,482,484,35.0457207115,111.2626560116,-81.9156185394252,-29.3470374721751
14.0343716433942,482,483,30.1581351787532,113.706448777974,-79.4718257730518,-34.234623004922
14.0365198711063,484,485,30.1581351787532,103.93127771248,-74.584240240305,-29.3470374721752
14.0386680988185,485,484,20.3829641132596,103.93127771248,-67.2528619411847,-36.6784157712954
14.0408163265306,488,487,20.3829641132596,89.2685211142397,-59.9214836420645,-29.3470374721752
14.0429645542427,490,487,10.6077930477659,84.3809355814928,-50.1463125765709,-34.234623004922
14.0451127819549,495,491,5.72020751501911,62.3868006841322,-35.4835559783304,-26.9032447058017
14.047261009667,496,490,-4.05496355047452,62.3868006841322,-28.1521776792102,-34.234623004922
14.0494092373792,492,487,0.832621982272286,79.493350048746,-40.3711415110772,-39.1222085376688
14.0515574650913,492,485,-8.94254908322135,84.3809355814928,-35.4835559783304,-48.8973796031624
14.0537056928034,489,484,0.8326219822723,94.1561066469865,-47.7025198101975,-46.453586836789
14.0558539205156,486,484,15.4953785805128,101.487484946107,-62.3652764084379,-39.1222085376688
14.0580021482277,486,484,15.4953785805128,101.487484946107,-62.3652764084379,-39.1222085376688
14.0601503759399,491,487,5.72020751501911,81.9371428151194,-45.2587270438241,-36.6784157712954
14.062298603652,491,488,10.6077930477659,79.493350048746,-47.7025198101975,-31.7908302385486
14.0644468313641,491,485,-4.05496355047453,86.8247283478663,-40.3711415110772,-46.453586836789
14.0665950590763,486,484,15.4953785805128,101.487484946107,-62.3652764084379,-39.1222085376688
14.0687432867884,484,481,10.6077930477659,113.706448777974,-64.8090691748113,-48.8973796031624
14.0708915145005,483,482,20.3829641132596,113.706448777974,-72.1404474739316,-41.5660013040422
14.0730397422127,483,482,20.3829641132596,113.706448777974,-72.1404474739316,-41.5660013040422
14.0751879699248,483,482,20.3829641132596,113.706448777974,-72.1404474739316,-41.5660013040422
14.0773361976369,486,483,10.6077930477659,103.93127771248,-59.9214836420645,-44.0097940704156
14.0794844253491,486,484,15.4953785805128,101.487484946107,-62.3652764084379,-39.1222085376688
14.0816326530612,488,485,10.6077930477659,94.1561066469865,-55.0338981093177,-39.1222085376688
14.0837808807734,493,485,-13.8301346159682,81.9371428151194,-30.5959704455836,-51.3411723695358
14.0859291084855,500,487,-38.2680622797023,59.9430079177587,-1.27045724910268,-58.6725506686561
14.0880773361976,514,491,-87.1439176071704,15.9547381230374,57.3805691438591,-73.3353072668965
14.0902255639098,531,501,-121.357016336398,-50.0276665690447,116.031595536821,-66.0039289677763
14.0923737916219,548,513,-145.794944000132,-120.897656793874,169.795036397036,-48.8973796031624
14.094522019334,567,523,-189.783213794854,-191.767647018702,238.221233855491,-46.453586836789
14.0966702470462,587,533,-238.659069122322,-265.081430009905,311.535016846694,-46.4535868367892
14.0988184747583,604,546,-258.20941125331,-338.395213001107,362.854664940536,-24.4594519394286
14.1009667024705,614,555,-263.096996786056,-384.827275562202,389.736385370643,-4.90910980844126
14.1031149301826,620,559,-272.87216785155,-409.265203225936,409.286727501631,-0.0215242756944463
14.1052631578947,614,561,-233.771483589575,-399.490032160442,375.073628772403,24.4164033880397
14.1074113856069,599,560,-165.34528613112,-360.389347898468,304.203638547574,56.185709350894
14.109559613319,576,555,-77.3687465416772,-291.963150440012,204.008135126264,87.9550153137483
14.1117078410311,553,547,-4.05496355047453,-216.205574682437,111.144010004074,105.061564678362
14.1138560687433,530,540,74.1464049734746,-142.891791691234,15.8360921155112,127.055699575723
14.1160042964554,510,533,137.685016899183,-76.9093869991522,-64.8090691748113,141.718456173964
14.1181525241676,493,519,152.347773497424,-1.15181124157648,-113.68492450228,114.836735743856
14.1203007518797,477,512,196.336043292146,55.0554223850122,-174.779743661615,119.724321276603
14.1224489795918,475,504,167.010530095665,79.4933500487463,-165.004572596122,85.5112225473753
14.124597207304,477,502,147.460187964677,79.4933500487463,-150.341815997881,70.8484659491349
14.1267454350161,478,501,137.685016899184,79.4933500487462,-143.010437698761,63.5170876500146
14.1288936627282,480,499,118.134674768196,79.493350048746,-128.34768110052,48.8543310517739
14.1310418904404,487,501,93.6967471044618,57.4992151513853,-99.0221679040391,41.5229527526537
14.1331901181525,492,502,74.1464049734746,42.8364585531449,-77.0280330066784,34.1915744535335
14.1353383458647,497,503,54.5960628424873,28.1737019549044,-55.0338981093177,26.8601961544133
14.1374865735768,498,501,39.9333062442469,30.6174947212778,-45.2587270438241,14.6412323225462
14.1396348012889,499,498,20.3829641132596,35.5050802540247,-33.039763211957,-2.46531704206765
14.1417830290011,495,498,39.9333062442469,45.2802513195183,-52.5901053429443,7.30985402342599
14.1439312567132,491,493,35.0457207115,67.274386216879,-59.9214836420645,-7.35290257481447
14.1460794844253,486,493,59.4836483752341,79.493350048746,-84.3594113057986,4.86606125705258
14.1482277121375,481,491,74.1464049734746,96.5998994133599,-103.909753436786,7.30985402342598
14.1503759398496,479,489,74.146404973475,106.375070478854,-108.797338969533,2.42226849067939
14.1525241675618,481,489,64.3712339079809,101.487484946107,-99.0221679040391,-2.46531704206765
14.1546723952739,486,488,35.0457207115,91.7123138806131,-72.1404474739316,-19.5718664066815
14.156820622986,490,488,15.4953785805128,81.9371428151194,-52.5901053429443,-29.3470374721751
14.1589688506982,494,490,5.72020751501913,67.274386216879,-37.9273487447038,-29.3470374721751
14.1611170784103,497,488,-18.717720148715,64.8305934505056,-18.3770066137166,-46.453586836789
14.1632653061224,497,491,-4.05496355047453,57.4992151513853,-25.7083849128368,-31.7908302385486
14.1654135338346,497,493,5.72020751501911,52.6116296186385,-30.5959704455836,-22.0156591730549
14.1675617615467,498,494,5.72020751501912,47.7240440858917,-28.1521776792102,-19.5718664066815
14.1697099892589,494,491,10.6077930477659,64.8305934505056,-40.3711415110772,-24.4594519394283
14.171858216971,495,492,10.6077930477659,59.9430079177587,-37.9273487447038,-22.0156591730549
14.1740064446831,496,489,-8.94254908322134,64.8305934505056,-25.7083849128368,-39.1222085376688
14.1761546723953,496,491,0.832621982272293,59.9430079177587,-30.5959704455836,-29.3470374721752
14.1783029001074,496,488,-13.8301346159682,67.274386216879,-23.2645921464634,-44.0097940704156
14.1804511278195,496,490,-4.05496355047452,62.3868006841322,-28.1521776792102,-34.234623004922
14.1825993555317,494,493,20.3829641132596,59.9430079177588,-45.2587270438241,-14.6842808739347
14.1847475832438,496,494,15.4953785805128,52.6116296186385,-37.9273487447038,-14.6842808739347
14.186895810956,493,490,10.6077930477659,69.7181789832524,-42.8149342774506,-26.9032447058017
14.1890440386681,493,491,15.4953785805127,67.274386216879,-45.2587270438241,-22.0156591730549
14.1911922663802,491,490,20.3829641132596,74.6057645159992,-52.5901053429443,-22.0156591730549
14.1933404940924,491,488,10.6077930477659,79.493350048746,-47.7025198101975,-31.7908302385486
14.1954887218045,495,487,-13.8301346159682,72.1619717496258,-25.7083849128368,-46.453586836789
14.1976369495166,496,489,-8.94254908322134,64.8305934505056,-25.7083849128368,-39.1222085376688
14.1997851772288,496,490,-4.05496355047452,62.3868006841322,-28.1521776792102,-34.234623004922
14.2019334049409,496,491,0.832621982272293,59.9430079177587,-30.5959704455836,-29.3470374721752
14.2040816326531,496,493,10.6077930477659,55.0554223850119,-35.4835559783304,-19.5718664066815
14.2062298603652,499,495,5.72020751501911,42.8364585531449,-25.7083849128368,-17.1280736403081
14.2083780880773,498,494,5.72020751501912,47.7240440858917,-28.1521776792102,-19.5718664066815
14.2105263157895,501,492,-18.717720148715,45.2802513195183,-8.60183554822292,-36.6784157712954
14.2126745435016,500,492,-13.8301346159682,47.7240440858917,-13.4894210809697,-34.234623004922
14.2148227712137,498,490,-13.8301346159682,57.4992151513853,-18.3770066137166,-39.1222085376688
14.2169709989259,495,488,-8.94254908322134,69.7181789832524,-28.1521776792102,-41.5660013040422
14.219119226638,491,490,20.3829641132596,74.6057645159992,-52.5901053429443,-22.0156591730549
14.2212674543502,495,491,5.72020751501911,62.3868006841322,-35.4835559783304,-26.9032447058017
14.2234156820623,497,493,5.72020751501911,52.6116296186385,-30.5959704455836,-22.0156591730549
14.2255639097744,498,494,5.72020751501912,47.7240440858917,-28.1521776792102,-19.5718664066815
14.2277121374866,498,493,0.832621982272293,50.1678368522651,-25.7083849128368,-24.4594519394283
14.2298603651987,504,494,-23.6053056814618,33.0612874876512,1.17333551727072,-34.234623004922
14.2320085929108,506,494,-33.3804767469554,28.1737019549044,10.9485065827644,-39.1222085376688
14.234156820623,506,495,-28.4928912142086,25.729909188531,8.50471381639095,-34.234623004922
14.2363050483351,503,496,-8.94254908322134,30.6174947212778,-8.60183554822292,-22.0156591730549
14.2384532760473,500,495,0.832621982272293,40.3926657867715,-20.82079938009,-19.5718664066815
14.2406015037594,502,498,5.72020751501912,28.1737019549044,-18.3770066137166,-9.79669534118788
14.2427497314715,502,499,10.6077930477659,25.729909188531,-20.82079938009,-4.90910980844106
14.2448979591837,500,497,10.6077930477659,35.5050802540247,-25.7083849128368,-9.79669534118788
14.2470461868958,500,496,5.72020751501912,37.9488730203981,-23.2645921464634,-14.6842808739347
14.2491944146079,498,492,-4.05496355047452,52.6116296186385,-23.2645921464634,-29.3470374721751
14.2513426423201,501,494,-8.94254908322134,40.3926657867715,-13.4894210809697,-26.9032447058017
14.2534908700322,510,499,-28.4928912142086,6.17956705754374,18.2798848818846,-24.4594519394283
14.2556390977444,513,501,-33.3804767469554,-6.0393967743233,28.0550559473782,-22.0156591730549
14.2577873254565,512,503,-18.717720148715,-8.48318954069671,18.2798848818846,-9.79669534118788
14.2599355531686,516,504,-33.3804767469554,-20.7021533725638,35.3864342464985,-14.6842808739347
14.2620837808808,513,502,-28.4928912142086,-8.48318954069671,25.6112631810048,-17.1280736403081
14.2642320085929,511,502,-18.717720148715,-3.59560400794989,15.8360921155112,-12.2404881075613
14.266380236305,510,500,-23.6053056814618,3.73577429117034,15.8360921155112,-19.5718664066815
14.2685284640172,511,501,-23.6053056814618,-1.15181124157648,18.2798848818846,-17.1280736403081
14.2706766917293,514,504,-23.6053056814618,-15.8145678398169,25.6112631810048,-9.79669534118788
14.2728249194415,520,508,-33.3804767469554,-40.252495503551,45.1616053119921,-4.90910980844106
14.2749731471536,523,509,-43.1556478124491,-50.0276665690447,57.3805691438591,-7.35290257481447
14.2771213748657,524,512,-33.3804767469554,-59.8028376345383,54.9367763774857,4.86606125705258
14.2792696025779,522,511,-28.4928912142086,-52.4714593354181,47.6053980783655,4.86606125705258
14.28141783029,524,509,-48.0432333451959,-52.4714593354181,62.268154676606,-9.79669534118788
14.2835660580021,524,509,-48.0432333451959,-52.4714593354181,62.268154676606,-9.79669534118788
14.2857142857143,525,511,-43.1556478124491,-59.8028376345383,62.268154676606,-2.46531704206765
14.2878625134264,526,514,-33.3804767469554,-69.5780087000319,59.8243619102325,9.7536467897994
14.2900107411386,524,516,-13.8301346159682,-69.5780087000319,45.1616053119921,24.4164033880399
14.2921589688507,526,515,-28.4928912142086,-72.0218014664053,57.3805691438591,14.6412323225462
14.2943071965628,526,517,-18.717720148715,-76.9093869991522,52.4929836111123,24.4164033880399
14.296455424275,532,521,-28.4928912142086,-101.347314662886,72.0433257420996,29.3039889207867
14.2986036519871,533,524,-18.717720148715,-111.12248572838,69.5995329757262,41.5229527526537
14.3007518796992,536,519,-57.8184044106895,-106.234900195633,96.4812534058337,9.75364678979939
14.3029001074114,535,520,-48.0432333451959,-106.234900195633,89.1498751067134,17.0850250889196
14.3050483351235,535,521,-43.1556478124491,-108.678692962006,86.70608234034,21.9726106216664
14.3071965628357,536,525,-28.4928912142086,-120.897656793874,81.8184968075932,39.0791599862803
14.3093447905478,535,526,-18.717720148715,-120.897656793874,74.487118508473,46.4105382854005
14.3114930182599,534,524,-23.6053056814618,-113.566278494753,74.487118508473,39.0791599862803
14.3136412459721,531,525,-4.05496355047453,-108.678692962006,57.3805691438591,51.2981238181474
14.3157894736842,528,522,-4.05496355047453,-94.015936363766,50.0491908447389,43.9667455190271
14.3179377013963,522,516,-4.05496355047451,-64.6904231672851,35.3864342464984,29.3039889207867
14.3200859291085,516,514,15.4953785805128,-45.1400810362979,10.9485065827644,34.1915744535335
14.3222341568206,517,514,10.6077930477659,-47.5838738026713,15.8360921155112,31.7477816871601
14.3243823845328,525,519,-4.05496355047453,-79.3531797655256,42.7178125456187,36.6353672199069
14.3265306122449,531,522,-18.717720148715,-101.347314662886,64.7119474429794,36.6353672199069
14.328678839957,534,525,-18.717720148715,-116.010071261127,72.0433257420996,43.9667455190271
14.3308270676692,540,528,-33.3804767469554,-138.004206158487,94.0374606394603,43.9667455190271
14.3329752953813,541,528,-38.2680622797022,-140.447998924861,98.9250461722071,41.5229527526537
14.3351235230934,539,529,-23.6053056814618,-138.004206158487,86.7060823403401,51.2981238181473
14.3372717508056,537,526,-28.4928912142086,-125.78524232662,84.2622895739666,41.5229527526537
14.3394199785177,533,524,-18.717720148715,-111.12248572838,69.5995329757262,41.5229527526537
14.3415682062299,528,523,0.832621982272286,-96.4597291301395,47.6053980783655,48.8543310517739
14.343716433942,523,524,30.1581351787532,-86.6845580646458,20.723677648258,65.9608804163878
14.3458646616541,522,522,25.2705496460064,-79.3531797655256,20.723677648258,58.6295021172676
14.3480128893663,523,524,30.1581351787532,-86.6845580646458,20.723677648258,65.9608804163878
14.3501611170784,521,523,35.0457207115,-79.3531797655256,13.3922993491378,65.9608804163878
14.3523093447905,521,521,25.2705496460064,-74.4655942327788,18.2798848818846,56.1857093508942
14.3544575725027,518,517,20.3829641132596,-57.3590448681649,13.3922993491378,43.9667455190271
14.3566058002148,515,514,20.3829641132596,-42.6962882699244,6.06092105001754,36.6353672199069
14.358754027927,514,514,25.2705496460064,-40.252495503551,1.17333551727072,39.0791599862803
14.3609022556391,514,516,35.0457207115,-45.1400810362979,-3.7142500154761,48.854331051774
14.3630504833512,512,513,30.1581351787532,-32.9211172044308,-6.1580427818495,39.0791599862803
14.3651987110634,510,512,35.0457207115,-25.5897389053106,-13.4894210809697,39.0791599862803
14.3673469387755,507,512,49.7084773097405,-18.2583606061904,-28.1521776792102,46.4105382854005
14.3694951664876,509,511,35.0457207115,-20.7021533725638,-15.9332138473431,36.6353672199069
14.3716433941998,507,506,20.3829641132596,-3.59560400794989,-13.4894210809697,17.0850250889196
14.3737916219119,508,506,15.4953785805128,-6.0393967743233,-8.60183554822291,14.6412323225462
14.3759398496241,507,505,15.4953785805128,-1.15181124157648,-11.0456283145963,12.1974395561728
14.3780880773362,503,505,35.0457207115,8.62335982391715,-30.5959704455836,21.9726106216664
14.3802363050483,502,503,30.1581351787532,15.9547381230374,-30.5959704455836,14.6412323225462
14.3823845327605,501,503,35.0457207115,18.3985308894108,-35.4835559783304,17.0850250889196
14.3845327604726,498,503,49.7084773097405,25.729909188531,-50.1463125765709,24.4164033880399
14.3866809881847,496,503,59.4836483752341,30.6174947212778,-59.9214836420645,29.3039889207867
14.3888292158969,497,497,25.2705496460064,42.8364585531449,-40.3711415110772,-2.46531704206765
14.390977443609,495,497,35.0457207115,47.7240440858917,-50.1463125765709,2.42226849067917
14.3931256713212,496,494,15.4953785805128,52.6116296186385,-37.9273487447038,-14.6842808739347
14.3952738990333,492,497,49.7084773097405,55.0554223850119,-64.8090691748113,9.75364678979939
14.3974221267454,494,495,30.1581351787532,55.0554223850119,-50.1463125765709,-4.90910980844106
14.3995703544576,492,494,35.0457207115,62.3868006841322,-57.4776908756911,-4.90910980844106
14.4017185821697,491,495,44.8208917769937,62.3868006841322,-64.8090691748113,2.42226849067917
14.4038668098818,491,495,44.8208917769937,62.3868006841322,-64.8090691748113,2.42226849067917
14.406015037594,490,492,35.0457207115,72.1619717496258,-62.3652764084379,-9.79669534118787
14.4081632653061,492,488,5.72020751501911,77.0495572823726,-42.8149342774506,-34.234623004922
14.4103114930183,490,489,20.3829641132596,79.493350048746,-55.0338981093177,-24.4594519394283
14.4124597207304,492,490,15.4953785805127,72.1619717496258,-47.7025198101975,-24.4594519394283
14.4146079484425,489,489,25.2705496460064,81.9371428151194,-59.9214836420645,-22.0156591730549
14.4167561761547,484,488,44.8208917769937,96.5998994133599,-81.9156185394252,-14.6842808739347
14.4189044038668,483,487,44.8208917769937,101.487484946107,-84.3594113057986,-17.1280736403081
14.4210526315789,489,488,20.3829641132596,84.3809355814928,-57.4776908756911,-26.9032447058017
14.4232008592911,493,492,20.3829641132596,64.8305934505056,-47.7025198101975,-17.1280736403081
14.4253490870032,497,488,-18.717720148715,64.8305934505056,-18.3770066137166,-46.453586836789
14.4274973147154,502,488,-43.1556478124491,52.6116296186385,6.06092105001754,-58.6725506686561
14.4296455424275,504,489,-48.0432333451959,45.2802513195183,13.3922993491378,-58.6725506686561
14.4317937701396,500,492,-13.8301346159682,47.7240440858917,-13.4894210809697,-34.234623004922
14.4339419978518,498,494,5.72020751501912,47.7240440858917,-28.1521776792102,-19.5718664066815
14.4360902255639,499,494,0.8326219822723,45.2802513195183,-23.2645921464634,-22.0156591730549
14.438238453276,498,495,10.6077930477659,45.2802513195183,-30.5959704455836,-14.6842808739347
14.4403866809882,497,496,20.3829641132596,45.2802513195183,-37.9273487447038,-7.35290257481446
14.4425349087003,497,490,-8.94254908322134,59.9430079177587,-23.2645921464634,-36.6784157712954
14.4446831364125,494,489,0.8326219822723,69.7181789832524,-35.4835559783304,-34.234623004922
14.4468313641246,495,489,-4.05496355047453,67.274386216879,-30.5959704455836,-36.6784157712954
14.4489795918367,491,488,10.6077930477659,79.493350048746,-47.7025198101975,-31.7908302385486
14.4511278195489,491,491,25.2705496460064,72.1619717496258,-55.0338981093177,-17.1280736403081
14.453276047261,495,491,5.72020751501911,62.3868006841322,-35.4835559783304,-26.9032447058017
14.4554242749731,490,493,39.9333062442469,69.7181789832524,-64.8090691748113,-4.90910980844106
14.4575725026853,492,492,25.2705496460064,67.274386216879,-52.5901053429443,-14.6842808739347
14.4597207303974,493,490,10.6077930477659,69.7181789832524,-42.8149342774506,-26.9032447058017
14.4618689581096,494,488,-4.05496355047451,72.1619717496258,-33.039763211957,-39.1222085376688
14.4640171858217,496,488,-13.8301346159682,67.274386216879,-23.2645921464634,-44.0097940704156
14.4661654135338,493,489,5.72020751501911,72.1619717496258,-40.3711415110772,-31.7908302385486
14.468313641246,492,488,5.72020751501911,77.0495572823726,-42.8149342774506,-34.234623004922
14.4704618689581,491,490,20.3829641132596,74.6057645159992,-52.5901053429443,-22.0156591730549
14.4726100966702,493,489,5.72020751501911,72.1619717496258,-40.3711415110772,-31.7908302385486
14.4747583243824,490,492,35.0457207115,72.1619717496258,-62.3652764084379,-9.79669534118787
14.4769065520945,487,488,30.1581351787532,89.2685211142397,-67.2528619411847,-22.0156591730549
14.4790547798067,485,483,15.4953785805127,106.375070478854,-64.8090691748113,-41.5660013040422
14.4812030075188,490,483,-8.94254908322134,94.1561066469865,-40.3711415110772,-53.7849651359092
14.4833512352309,495,488,-8.94254908322134,69.7181789832524,-28.1521776792102,-41.5660013040422
14.4854994629431,502,491,-28.4928912142086,45.2802513195183,-1.27045724910268,-44.0097940704156
14.4876476906552,501,491,-23.6053056814618,47.7240440858917,-6.1580427818495,-41.5660013040422
14.4897959183673,504,494,-23.6053056814618,33.0612874876512,1.17333551727072,-34.234623004922
14.4919441460795,501,496,0.8326219822723,35.5050802540247,-18.3770066137166,-17.1280736403081
14.4940923737916,496,492,5.72020751501912,57.4992151513853,-33.039763211957,-24.4594519394283
14.4962406015038,492,490,15.4953785805127,72.1619717496258,-47.7025198101975,-24.4594519394283
14.4983888292159,490,487,10.6077930477659,84.3809355814928,-50.1463125765709,-34.234623004922
14.500537056928,484,486,35.0457207115,101.487484946107,-77.0280330066784,-24.4594519394283
14.5026852846402,484,485,30.1581351787532,103.93127771248,-74.584240240305,-29.3470374721752
14.5048335123523,490,488,15.4953785805128,81.9371428151194,-52.5901053429443,-29.3470374721751
14.5069817400644,498,492,-4.05496355047452,52.6116296186385,-23.2645921464634,-29.3470374721751
14.5091299677766,503,497,-4.05496355047452,28.1737019549044,-11.0456283145963,-17.1280736403081
14.5112781954887,503,496,-8.94254908322134,30.6174947212778,-8.60183554822292,-22.0156591730549
14.5134264232009,505,496,-18.717720148715,25.729909188531,1.17333551727072,-26.9032447058017
14.515574650913,506,494,-33.3804767469554,28.1737019549044,10.9485065827644,-39.1222085376688
14.5177228786251,503,494,-18.717720148715,35.5050802540247,-3.7142500154761,-31.7908302385486
14.5198711063373,499,492,-8.94254908322134,50.1678368522651,-18.3770066137166,-31.7908302385486
14.5220193340494,496,492,5.72020751501912,57.4992151513853,-33.039763211957,-24.4594519394283
14.5241675617615,493,491,15.4953785805127,67.274386216879,-45.2587270438241,-22.0156591730549
14.5263157894737,491,492,30.1581351787532,69.7181789832524,-57.4776908756911,-12.2404881075613
14.5284640171858,491,491,25.2705496460064,72.1619717496258,-55.0338981093177,-17.1280736403081
14.530612244898,492,491,20.3829641132596,69.7181789832524,-50.1463125765709,-19.5718664066815
14.5327604726101,492,488,5.72020751501911,77.0495572823726,-42.8149342774506,-34.234623004922
14.5349087003222,495,488,-8.94254908322134,69.7181789832524,-28.1521776792102,-41.5660013040422
14.5370569280344,501,490,-28.4928912142086,50.1678368522651,-3.7142500154761,-46.453586836789
14.5392051557465,504,492,-33.3804767469554,37.9488730203981,6.06092105001754,-44.0097940704156
14.5413533834586,503,494,-18.717720148715,35.5050802540247,-3.7142500154761,-31.7908302385486
14.5435016111708,503,495,-13.8301346159682,33.0612874876512,-6.1580427818495,-26.9032447058017
14.5456498388829,507,500,-8.94254908322134,11.0671525902906,1.17333551727072,-12.2404881075613
14.5477980665951,510,500,-23.6053056814618,3.73577429117034,15.8360921155112,-19.5718664066815
14.5499462943072,509,497,-33.3804767469554,13.510945356664,18.2798848818846,-31.7908302385486
14.5520945220193,507,496,-28.4928912142086,20.8423236557842,10.9485065827644,-31.7908302385486
14.5542427497315,507,498,-18.717720148715,15.9547381230374,6.06092105001754,-22.0156591730549
14.5563909774436,505,497,-13.8301346159682,23.2861164221576,-1.27045724910269,-22.0156591730549
14.5585392051557,503,498,0.832621982272297,25.729909188531,-13.4894210809697,-12.2404881075613
14.5606874328679,504,500,5.72020751501912,18.3985308894108,-13.4894210809697,-4.90910980844106
14.56283566058,505,501,5.72020751501912,13.510945356664,-11.0456283145963,-2.46531704206765
14.5649838882922,504,500,5.72020751501912,18.3985308894108,-13.4894210809697,-4.90910980844106
14.5671321160043,501,499,15.4953785805128,28.1737019549044,-25.7083849128368,-2.46531704206765
14.5692803437164,499,496,10.6077930477659,40.3926657867715,-28.1521776792102,-12.2404881075613
14.5714285714286,502,495,-8.94254908322134,35.5050802540247,-11.0456283145963,-24.4594519394283
14.5735767991407,504,498,-4.05496355047452,23.2861164221576,-8.60183554822291,-14.6842808739347
14.5757250268528,511,500,-28.4928912142086,1.29198152479693,20.723677648258,-22.0156591730549
14.577873254565,514,504,-23.6053056814618,-15.8145678398169,25.6112631810048,-9.79669534118788
14.5800214822771,520,507,-38.2680622797022,-37.8087027371776,47.6053980783655,-9.79669534118788
14.5821697099893,520,507,-38.2680622797022,-37.8087027371776,47.6053980783655,-9.79669534118788
14.5843179377014,522,508,-43.1556478124491,-45.1400810362979,54.9367763774857,-9.79669534118787
14.5864661654135,520,506,-43.1556478124491,-35.3649099708042,50.0491908447389,-14.6842808739347
14.5886143931257,522,508,-43.1556478124491,-45.1400810362979,54.9367763774857,-9.79669534118787
14.5907626208378,518,504,-43.1556478124491,-25.5897389053106,45.1616053119921,-19.5718664066815
14.5929108485499,516,507,-18.717720148715,-28.033531671684,28.0550559473782,-0.0215242756942402
14.5950590762621,514,507,-8.94254908322134,-23.1459461389372,18.2798848818846,4.86606125705258
14.5972073039742,508,506,15.4953785805128,-6.0393967743233,-8.60183554822291,14.6412323225462
14.5993555316864,506,504,15.4953785805128,3.73577429117034,-13.4894210809697,9.7536467897994
14.6015037593985,506,505,20.3829641132596,1.29198152479693,-15.9332138473431,14.6412323225462
14.6036519871106,510,504,-4.05496355047452,-6.0393967743233,6.06092105001754,-0.0215242756942402
14.6058002148228,515,505,-23.6053056814618,-20.7021533725638,28.0550559473782,-7.35290257481447
14.6079484425349,514,506,-13.8301346159682,-20.7021533725638,20.723677648258,-0.0215242756942402
14.610096670247,516,507,-18.717720148715,-28.033531671684,28.0550559473782,-0.0215242756942402
14.6122448979592,516,509,-8.94254908322134,-32.9211172044308,23.1674704146314,9.7536467897994
14.6143931256713,511,509,15.4953785805128,-20.7021533725638,-1.27045724910269,21.9726106216664
14.6165413533835,507,505,15.4953785805128,-1.15181124157648,-11.0456283145963,12.1974395561728
14.6186895810956,501,504,39.9333062442469,15.9547381230374,-37.9273487447038,21.9726106216664
14.6208378088077,499,503,44.8208917769937,23.2861164221576,-45.2587270438241,21.9726106216664
14.6229860365199,500,499,20.3829641132596,30.6174947212778,-30.5959704455836,-0.0215242756942402
14.625134264232,499,496,10.6077930477659,40.3926657867715,-28.1521776792102,-12.2404881075613
14.6272824919441,492,495,39.9333062442468,59.9430079177587,-59.9214836420645,-0.0215242756942473
14.6294307196563,491,495,44.8208917769937,62.3868006841322,-64.8090691748113,2.42226849067917
14.6315789473684,494,497,39.9333062442469,50.1678368522651,-55.0338981093177,4.86606125705258
14.6337271750806,493,497,44.8208917769937,52.6116296186385,-59.9214836420645,7.30985402342599
14.6358754027927,494,497,39.9333062442469,50.1678368522651,-55.0338981093177,4.86606125705258
14.6380236305048,497,497,25.2705496460064,42.8364585531449,-40.3711415110772,-2.46531704206765
14.640171858217,494,492,15.4953785805128,62.3868006841322,-42.8149342774507,-19.5718664066815
14.6423200859291,491,490,20.3829641132596,74.6057645159992,-52.5901053429443,-22.0156591730549
14.6444683136412,492,489,10.6077930477659,74.6057645159992,-45.258727043824,-29.3470374721752
14.6466165413534,490,490,25.2705496460064,77.0495572823726,-57.4776908756911,-19.5718664066815
14.6487647690655,488,490,35.0457207115,81.9371428151194,-67.2528619411847,-14.6842808739347
14.6509129967777,481,486,49.7084773097405,108.818863245227,-91.6907896049188,-17.1280736403081
14.6530612244898,479,485,54.5960628424877,116.150241544347,-99.0221679040395,-17.1280736403079
14.6552094522019,484,486,35.0457207115,101.487484946107,-77.0280330066784,-24.4594519394283
14.6573576799141,492,488,5.72020751501911,77.0495572823726,-42.8149342774506,-34.234623004922
14.6595059076262,496,488,-13.8301346159682,67.274386216879,-23.2645921464634,-44.0097940704156
14.6616541353383,496,488,-13.8301346159682,67.274386216879,-23.2645921464634,-44.0097940704156
14.6638023630505,495,489,-4.05496355047453,67.274386216879,-30.5959704455836,-36.6784157712954
14.6659505907626,496,489,-8.94254908322134,64.8305934505056,-25.7083849128368,-39.1222085376688
14.6680988184748,496,491,0.832621982272293,59.9430079177587,-30.5959704455836,-29.3470374721752
14.6702470461869,498,492,-4.05496355047452,52.6116296186385,-23.2645921464634,-29.3470374721751
14.672395273899,497,493,5.72020751501911,52.6116296186385,-30.5959704455836,-22.0156591730549
14.6745435016112,496,492,5.72020751501912,57.4992151513853,-33.039763211957,-24.4594519394283
14.6766917293233,494,490,5.72020751501913,67.274386216879,-37.9273487447038,-29.3470374721751
14.6788399570354,485,484,20.3829641132596,103.93127771248,-67.2528619411847,-36.6784157712954
14.6809881847476,478,481,39.9333062442473,128.369205376214,-94.1345823712927,-34.2346230049218
14.6831364124597,473,481,64.3712339079814,140.588169208081,-118.572510035027,-22.0156591730547
14.6852846401719,474,481,59.4836483752346,138.144376441708,-113.68492450228,-24.4594519394281
14.687432867884,481,481,25.2705496460064,121.037827077094,-79.4718257730518,-41.5660013040422
14.6895810955961,485,485,25.2705496460064,101.487484946107,-69.6966547075581,-31.7908302385486
14.6917293233083,489,484,0.8326219822723,94.1561066469865,-47.7025198101975,-46.453586836789
14.6938775510204,496,487,-18.717720148715,69.7181789832524,-20.82079938009,-48.8973796031624
14.6960257787325,501,487,-43.1556478124491,57.4992151513853,3.61712828364413,-61.1163434350295
14.6981740064447,507,490,-57.8184044106895,35.5050802540247,25.6112631810048,-61.1163434350295
14.7003222341568,512,496,-52.9308188779427,8.62335982391715,35.3864342464985,-44.0097940704156
14.702470461869,524,501,-87.1439176071705,-32.9211172044308,81.8184968075932,-48.8973796031624
14.7046186895811,533,508,-96.9190886726641,-72.0218014664053,108.700217237701,-36.6784157712954
14.7067669172932,551,519,-131.132187401892,-142.891791691234,169.795036397036,-26.9032447058017
14.7089151450054,570,529,-175.120457196613,-213.761781916063,238.221233855491,-24.4594519394283
14.7110633727175,595,540,-243.546654655069,-301.738321505506,333.529151744055,-31.7908302385488
14.7132116004296,613,551,-277.759753384297,-372.608311730335,394.62397090339,-22.0156591730552
14.7153598281418,624,559,-292.422509982537,-419.04037429143,428.837069632618,-9.79669534118807
14.7175080558539,622,564,-258.20941125331,-426.37175259055,406.842934735257,19.5288178552928
14.7196562835661,608,568,-170.232871663867,-401.933824926816,328.641566211308,73.2922587155078
14.7218045112782,586,561,-96.9190886726645,-331.063834701987,238.221233855492,92.8426008464951
14.7239527389903,561,554,-8.94254908322131,-252.862466178038,133.138144901435,119.724321276603
14.7261009667025,537,546,69.2588194407278,-174.661097654089,35.3864342464985,139.27466340759
14.7282491944146,518,536,113.247089235449,-103.79110742926,-33.039763211957,136.830870641217
14.7303974221267,499,521,132.797431366436,-20.7021533725638,-89.2469968385454,109.949150211109
14.7325456498389,488,513,147.460187964677,25.729909188531,-123.460095567773,97.7301863792421
14.734693877551,480,509,167.010530095664,55.0554223850119,-152.785608764254,97.7301863792421
14.7368421052632,477,507,171.898115628411,67.2743862168792,-162.560779829748,95.2863936128689
14.7389903329753,477,504,157.235359030171,74.6057645159994,-155.229401530628,80.6236370146285
14.7411385606874,482,504,132.797431366436,62.3868006841322,-130.791473866893,68.4046731827612
14.7432867883996,487,502,98.5843326372087,55.0554223850119,-101.465960670412,46.4105382854005
14.7454350161117,492,502,74.1464049734746,42.8364585531449,-77.0280330066784,34.1915744535335
14.7475832438238,495,499,44.8208917769937,42.8364585531449,-55.0338981093177,12.1974395561728
14.749731471536,499,498,20.3829641132596,35.5050802540247,-33.039763211957,-2.46531704206765
14.7518796992481,500,498,15.4953785805128,33.0612874876512,-28.1521776792102,-4.90910980844106
14.7540279269603,497,498,30.1581351787532,40.3926657867715,-42.8149342774506,2.42226849067917
14.7561761546724,497,500,39.9333062442469,35.5050802540247,-47.7025198101975,12.1974395561728
14.7583243823845,495,497,35.0457207115,47.7240440858917,-50.1463125765709,2.42226849067917
14.7604726100967,492,497,49.7084773097405,55.0554223850119,-64.8090691748113,9.75364678979939
14.7626208378088,486,494,64.371233907981,77.0495572823726,-86.803204072172,9.7536467897994
14.7647690655209,486,491,49.7084773097405,84.3809355814928,-79.4718257730518,-4.90910980844106
14.7669172932331,487,488,30.1581351787532,89.2685211142397,-67.2528619411847,-22.0156591730549
14.7690655209452,487,488,30.1581351787532,89.2685211142397,-67.2528619411847,-22.0156591730549
14.7712137486574,486,488,35.0457207115,91.7123138806131,-72.1404474739316,-19.5718664066815
14.7733619763695,486,489,39.9333062442469,89.2685211142397,-74.584240240305,-14.6842808739347
14.7755102040816,484,489,49.7084773097405,94.1561066469865,-84.3594113057986,-9.79669534118788
14.7776584317938,487,489,35.0457207115,86.8247283478663,-69.6966547075581,-17.1280736403081
14.7798066595059,487,489,35.0457207115,86.8247283478663,-69.6966547075581,-17.1280736403081
14.781954887218,487,490,39.9333062442469,84.3809355814928,-72.1404474739316,-12.2404881075613
14.7841031149302,492,485,-8.94254908322135,84.3809355814928,-35.4835559783304,-48.8973796031624
14.7862513426423,493,484,-18.717720148715,84.3809355814928,-28.1521776792102,-56.2287579022827
14.7883995703545,494,489,0.8326219822723,69.7181789832524,-35.4835559783304,-34.234623004922
14.7905477980666,494,492,15.4953785805128,62.3868006841322,-42.8149342774507,-19.5718664066815
14.7926960257787,496,491,0.832621982272293,59.9430079177587,-30.5959704455836,-29.3470374721752
14.7948442534909,497,492,0.8326219822723,55.0554223850119,-28.1521776792102,-26.9032447058017
14.796992481203,497,493,5.72020751501911,52.6116296186385,-30.5959704455836,-22.0156591730549
14.7991407089151,496,491,0.832621982272293,59.9430079177587,-30.5959704455836,-29.3470374721752
14.8012889366273,491,488,10.6077930477659,79.493350048746,-47.7025198101975,-31.7908302385486
14.8034371643394,489,485,5.72020751501911,91.7123138806131,-50.1463125765709,-41.5660013040422
14.8055853920516,489,486,10.6077930477659,89.2685211142397,-52.5901053429443,-36.6784157712954
14.8077336197637,488,487,20.3829641132596,89.2685211142397,-59.9214836420645,-29.3470374721752
14.8098818474758,487,487,25.2705496460064,91.7123138806131,-64.8090691748113,-26.9032447058017
14.812030075188,492,488,5.72020751501911,77.0495572823726,-42.8149342774506,-34.234623004922
14.8141783029001,495,491,5.72020751501911,62.3868006841322,-35.4835559783304,-26.9032447058017
14.8163265306122,502,494,-13.8301346159682,37.9488730203981,-8.60183554822292,-29.3470374721751
14.8184747583244,505,492,-38.2680622797022,35.5050802540247,10.9485065827644,-46.453586836789
14.8206229860365,504,492,-33.3804767469554,37.9488730203981,6.06092105001754,-44.0097940704156
14.8227712137487,508,493,-48.0432333451959,25.729909188531,23.1674704146314,-48.8973796031624
14.8249194414608,508,496,-33.3804767469554,18.3985308894108,15.8360921155112,-34.234623004922
14.8270676691729,503,494,-18.717720148715,35.5050802540247,-3.7142500154761,-31.7908302385486
14.8292158968851,501,496,0.8326219822723,35.5050802540247,-18.3770066137166,-17.1280736403081
14.8313641245972,500,496,5.72020751501912,37.9488730203981,-23.2645921464634,-14.6842808739347
14.8335123523093,504,501,10.6077930477659,15.9547381230374,-15.9332138473431,-0.0215242756942402
14.8356605800215,505,498,-8.94254908322134,20.8423236557842,-3.71425001547609,-17.1280736403081
14.8378088077336,504,495,-18.717720148715,30.6174947212778,-1.27045724910268,-29.3470374721752
14.8399570354458,503,494,-18.717720148715,35.5050802540247,-3.7142500154761,-31.7908302385486
14.8421052631579,504,496,-13.8301346159682,28.1737019549044,-3.7142500154761,-24.4594519394283
14.84425349087,507,497,-23.6053056814618,18.3985308894108,8.50471381639095,-26.9032447058017
14.8464017185822,507,499,-13.8301346159682,13.510945356664,3.61712828364413,-17.1280736403081
14.8485499462943,507,500,-8.94254908322134,11.0671525902906,1.17333551727072,-12.2404881075613
14.8506981740064,504,500,5.72020751501912,18.3985308894108,-13.4894210809697,-4.90910980844106
14.8528464017186,500,497,10.6077930477659,35.5050802540247,-25.7083849128368,-9.79669534118788
14.8549946294307,497,496,20.3829641132596,45.2802513195183,-37.9273487447038,-7.35290257481446
14.8571428571429,497,491,-4.05496355047453,57.4992151513853,-25.7083849128368,-31.7908302385486
14.859291084855,501,492,-18.717720148715,45.2802513195183,-8.60183554822292,-36.6784157712954
14.8614393125671,504,496,-13.8301346159682,28.1737019549044,-3.7142500154761,-24.4594519394283
14.8635875402793,505,498,-8.94254908322134,20.8423236557842,-3.71425001547609,-17.1280736403081
14.8657357679914,506,499,-8.94254908322134,15.9547381230374,-1.27045724910269,-14.6842808739347
14.8678839957035,505,499,-4.05496355047452,18.3985308894108,-6.1580427818495,-12.2404881075613
14.8700322234157,512,502,-23.6053056814618,-6.0393967743233,20.723677648258,-14.6842808739347
14.8721804511278,517,502,-48.0432333451959,-18.2583606061904,45.1616053119921,-26.9032447058017
14.87432867884,517,504,-38.2680622797022,-23.1459461389372,40.2740197792453,-17.1280736403081
14.8764769065521,516,502,-43.1556478124491,-15.8145678398169,40.2740197792453,-24.4594519394283
14.8786251342642,508,502,-4.05496355047452,3.73577429117034,1.17333551727072,-4.90910980844106
14.8807733619764,504,502,15.4953785805128,13.510945356664,-18.3770066137166,4.86606125705258
14.8829215896885,511,504,-8.94254908322134,-8.48318954069671,10.9485065827644,-2.46531704206765
14.8850698174006,516,508,-13.8301346159682,-30.4773244380574,25.6112631810048,4.86606125705258
14.8872180451128,521,510,-28.4928912142086,-47.5838738026713,45.1616053119921,2.42226849067917
14.8893662728249,525,510,-48.0432333451959,-57.3590448681649,64.7119474429794,-7.35290257481446
14.8915145005371,525,510,-48.0432333451959,-57.3590448681649,64.7119474429794,-7.35290257481446
14.8936627282492,528,511,-57.8184044106895,-67.1342159336585,76.9309112748464,-9.79669534118788
14.8958109559613,526,513,-38.2680622797022,-67.1342159336585,62.268154676606,4.86606125705258
14.8979591836735,525,514,-28.4928912142086,-67.1342159336585,54.9367763774857,12.1974395561728
14.9001074113856,527,514,-38.2680622797022,-72.0218014664053,64.7119474429794,7.30985402342599
14.9022556390977,525,515,-23.6053056814618,-69.5780087000319,52.4929836111123,17.0850250889196
14.9044038668099,524,520,5.72020751501911,-79.3531797655256,35.3864342464985,43.9667455190271
14.906552094522,523,514,-18.717720148715,-62.2466304009117,45.1616053119921,17.0850250889196
14.9087003222342,520,513,-8.94254908322134,-52.4714593354181,32.942641480125,19.528817855293
14.9108485499463,520,511,-18.717720148715,-47.5838738026713,37.8302270128719,9.75364678979939
14.9129967776584,522,514,-13.8301346159681,-59.8028376345383,40.2740197792453,19.528817855293
14.9151450053706,528,516,-33.3804767469554,-79.3531797655256,64.7119474429794,14.6412323225462
14.9172932330827,532,518,-43.1556478124491,-94.015936363766,79.3747040412198,14.6412323225462
14.9194414607948,534,522,-33.3804767469554,-108.678692962006,79.3747040412198,29.3039889207867
14.921589688507,536,524,-33.3804767469554,-118.4538640275,84.2622895739667,34.1915744535335
14.9237379162191,534,523,-28.4928912142086,-111.12248572838,76.9309112748464,34.1915744535335
14.9258861439313,534,522,-33.3804767469554,-108.678692962006,79.3747040412198,29.3039889207867
14.9280343716434,535,520,-48.0432333451959,-106.234900195633,89.1498751067134,17.0850250889196
14.9301825993555,533,523,-23.6053056814618,-108.678692962006,72.0433257420996,36.6353672199069
14.9323308270677,531,523,-13.8301346159682,-103.79110742926,62.268154676606,41.5229527526537
14.9344790547798,527,522,0.8326219822723,-91.5721435973926,45.1616053119921,46.4105382854005
14.9366272824919,526,524,15.4953785805128,-94.015936363766,35.3864342464984,58.6295021172676
14.9387755102041,525,523,15.4953785805127,-89.1283508310192,32.942641480125,56.1857093508942
14.9409237379162,529,525,5.72020751501911,-103.79110742926,47.6053980783655,56.1857093508942
14.9430719656284,533,524,-18.717720148715,-111.12248572838,69.5995329757262,41.5229527526537
14.9452201933405,537,524,-38.2680622797022,-120.897656793874,89.1498751067135,31.7477816871601
14.9473684210526,538,524,-43.1556478124491,-123.341449560247,94.0374606394603,29.3039889207867
14.9495166487648,534,523,-28.4928912142086,-111.12248572838,76.9309112748464,34.1915744535335
14.9516648764769,535,526,-18.717720148715,-120.897656793874,74.487118508473,46.4105382854005
14.953813104189,532,525,-8.94254908322135,-111.12248572838,62.268154676606,48.8543310517739
14.9559613319012,532,526,-4.05496355047453,-113.566278494753,59.8243619102326,53.7419165845208
14.9581095596133,530,527,10.6077930477659,-111.12248572838,47.6053980783655,63.5170876500144
14.9602577873255,527,524,10.6077930477659,-96.4597291301395,40.2740197792453,56.1857093508942
14.9624060150376,524,519,0.832621982272286,-76.9093869991522,37.8302270128719,39.0791599862803
14.9645542427497,517,516,20.3829641132596,-52.4714593354181,10.9485065827644,41.5229527526537
14.9667024704619,511,513,35.0457207115,-30.4773244380574,-11.0456283145963,41.5229527526537
14.968850698174,509,513,44.8208917769937,-25.5897389053106,-20.82079938009,46.4105382854005
14.9709989258861,507,512,49.7084773097405,-18.2583606061904,-28.1521776792102,46.4105382854005
14.9731471535983,512,514,35.0457207115,-35.3649099708042,-8.60183554822292,43.9667455190271
14.9752953813104,516,516,25.2705496460064,-50.0276665690447,6.06092105001754,43.9667455190271
14.9774436090226,516,515,20.3829641132596,-47.5838738026713,8.50471381639095,39.0791599862803
14.9795918367347,515,513,15.4953785805127,-40.252495503551,8.50471381639095,31.7477816871601
14.9817400644468,516,511,0.832621982272293,-37.8087027371776,18.2798848818846,19.528817855293
14.983888292159,513,512,20.3829641132596,-32.9211172044308,1.17333551727072,31.7477816871601
14.9860365198711,515,511,5.72020751501911,-35.3649099708042,13.3922993491378,21.9726106216664
14.9881847475832,512,512,25.2705496460064,-30.4773244380574,-3.7142500154761,34.1915744535335
14.9903329752954,510,512,35.0457207115,-25.5897389053106,-13.4894210809697,39.0791599862803
14.9924812030075,505,509,44.8208917769937,-6.0393967743233,-30.5959704455836,36.6353672199069
14.9946294307197,499,508,69.2588194407278,11.0671525902906,-57.4776908756911,46.4105382854005
14.9967776584318,499,503,44.8208917769937,23.2861164221576,-45.2587270438241,21.9726106216664
14.9989258861439,499,501,35.0457207115,28.1737019549044,-40.3711415110772,12.1974395561728
15.0010741138561,498,500,35.0457207115,33.0612874876512,-42.8149342774506,9.7536467897994
15.0032223415682,498,500,35.0457207115,33.0612874876512,-42.8149342774506,9.7536467897994
15.0053705692803,498,500,35.0457207115,33.0612874876512,-42.8149342774506,9.7536467897994
15.0075187969925,496,498,35.0457207115,42.8364585531449,-47.7025198101975,4.86606125705258
15.0096670247046,496,497,30.1581351787532,45.2802513195183,-45.2587270438241,-0.0215242756942402
15.0118152524168,494,497,39.9333062442469,50.1678368522651,-55.0338981093177,4.86606125705258
15.0139634801289,492,496,44.8208917769937,57.4992151513853,-62.3652764084379,4.86606125705258
15.016111707841,491,491,25.2705496460064,72.1619717496258,-55.0338981093177,-17.1280736403081
15.0182599355532,491,491,25.2705496460064,72.1619717496258,-55.0338981093177,-17.1280736403081
15.0204081632653,489,488,20.3829641132596,84.3809355814928,-57.4776908756911,-26.9032447058017
15.0225563909774,485,488,39.9333062442469,94.1561066469865,-77.0280330066784,-17.1280736403081
15.0247046186896,483,489,54.5960628424873,96.5998994133599,-89.2469968385454,-7.35290257481447
15.0268528464017,484,490,54.5960628424873,91.7123138806131,-86.803204072172,-4.90910980844106
15.0290010741139,487,491,44.8208917769937,81.9371428151194,-74.584240240305,-7.35290257481447
15.031149301826,496,492,5.72020751501912,57.4992151513853,-33.039763211957,-24.4594519394283
15.0332975295381,501,492,-18.717720148715,45.2802513195183,-8.60183554822292,-36.6784157712954
15.0354457572503,503,493,-23.6053056814618,37.9488730203981,-1.27045724910268,-36.6784157712954
15.0375939849624,501,491,-23.6053056814618,47.7240440858917,-6.1580427818495,-41.5660013040422
15.0397422126745,500,493,-8.94254908322134,45.2802513195183,-15.9332138473431,-29.3470374721752
15.0418904403867,498,492,-4.05496355047452,52.6116296186385,-23.2645921464634,-29.3470374721751
15.0440386680988,496,495,20.3829641132596,50.1678368522651,-40.3711415110772,-9.79669534118788
15.046186895811,494,493,20.3829641132596,59.9430079177588,-45.2587270438241,-14.6842808739347
15.0483351235231,492,493,30.1581351787532,64.8305934505056,-55.0338981093177,-9.79669534118788
15.0504833512352,490,491,30.1581351787532,74.6057645159992,-59.9214836420645,-14.6842808739347
15.0526315789474,488,487,20.3829641132596,89.2685211142397,-59.9214836420645,-29.3470374721752
15.0547798066595,485,484,20.3829641132596,103.93127771248,-67.2528619411847,-36.6784157712954
15.0569280343716,483,485,35.0457207115,106.375070478854,-79.4718257730518,-26.9032447058017
15.0590762620838,488,486,15.4953785805127,91.7123138806131,-57.4776908756911,-34.234623004922
15.0612244897959,496,488,-13.8301346159682,67.274386216879,-23.2645921464634,-44.0097940704156
15.0633727175081,499,492,-8.94254908322134,50.1678368522651,-18.3770066137166,-31.7908302385486
15.0655209452202,503,494,-18.717720148715,35.5050802540247,-3.7142500154761,-31.7908302385486
15.0676691729323,501,492,-18.717720148715,45.2802513195183,-8.60183554822292,-36.6784157712954
15.0698174006445,496,489,-8.94254908322134,64.8305934505056,-25.7083849128368,-39.1222085376688
15.0719656283566,496,489,-8.94254908322134,64.8305934505056,-25.7083849128368,-39.1222085376688
15.0741138560687,498,488,-23.6053056814618,62.3868006841322,-13.4894210809697,-48.8973796031624
15.0762620837809,501,491,-23.6053056814618,47.7240440858917,-6.1580427818495,-41.5660013040422
15.078410311493,502,492,-23.6053056814618,42.8364585531449,-3.7142500154761,-39.1222085376688
15.0805585392052,502,497,0.832621982272297,30.6174947212778,-15.9332138473431,-14.6842808739347
15.0827067669173,499,494,0.8326219822723,45.2802513195183,-23.2645921464634,-22.0156591730549
15.0848549946294,498,495,10.6077930477659,45.2802513195183,-30.5959704455836,-14.6842808739347
15.0870032223416,496,491,0.832621982272293,59.9430079177587,-30.5959704455836,-29.3470374721752
15.0891514500537,495,489,-4.05496355047453,67.274386216879,-30.5959704455836,-36.6784157712954
15.0912996777658,493,490,10.6077930477659,69.7181789832524,-42.8149342774506,-26.9032447058017
15.093447905478,492,487,0.832621982272286,79.493350048746,-40.3711415110772,-39.1222085376688
15.0955961331901,494,490,5.72020751501913,67.274386216879,-37.9273487447038,-29.3470374721751
15.0977443609023,493,491,15.4953785805127,67.274386216879,-45.2587270438241,-22.0156591730549
15.0998925886144,495,493,15.4953785805127,57.4992151513853,-40.3711415110772,-17.1280736403081
15.1020408163265,492,491,20.3829641132596,69.7181789832524,-50.1463125765709,-19.5718664066815
15.1041890440387,488,491,39.9333062442468,79.493350048746,-69.6966547075581,-9.79669534118788
15.1063372717508,490,485,0.8326219822723,89.2685211142397,-45.2587270438241,-44.0097940704156
15.1084854994629,489,485,5.72020751501911,91.7123138806131,-50.1463125765709,-41.5660013040422
15.1106337271751,494,487,-8.94254908322134,74.6057645159992,-30.5959704455836,-44.0097940704156
15.1127819548872,496,491,0.832621982272293,59.9430079177587,-30.5959704455836,-29.3470374721752
15.1149301825994,497,490,-8.94254908322134,59.9430079177587,-23.2645921464634,-36.6784157712954
15.1170784103115,495,491,5.72020751501911,62.3868006841322,-35.4835559783304,-26.9032447058017
15.1192266380236,491,490,20.3829641132596,74.6057645159992,-52.5901053429443,-22.0156591730549
15.1213748657358,489,490,30.1581351787532,79.493350048746,-62.3652764084379,-17.1280736403081
15.1235230934479,491,486,0.8326219822723,84.3809355814928,-42.8149342774506,-41.5660013040422
15.12567132116,494,487,-8.94254908322134,74.6057645159992,-30.5959704455836,-44.0097940704156
15.1278195488722,497,489,-13.8301346159682,62.3868006841322,-20.82079938009,-41.5660013040422
15.1299677765843,496,491,0.832621982272293,59.9430079177587,-30.5959704455836,-29.3470374721752
15.1321160042965,496,490,-4.05496355047452,62.3868006841322,-28.1521776792102,-34.234623004922
15.1342642320086,496,491,0.832621982272293,59.9430079177587,-30.5959704455836,-29.3470374721752
15.1364124597207,494,490,5.72020751501913,67.274386216879,-37.9273487447038,-29.3470374721751
15.1385606874329,489,489,25.2705496460064,81.9371428151194,-59.9214836420645,-22.0156591730549
15.140708915145,491,487,5.72020751501911,81.9371428151194,-45.2587270438241,-36.6784157712954
15.1428571428571,492,485,-8.94254908322135,84.3809355814928,-35.4835559783304,-48.8973796031624
15.1450053705693,498,488,-23.6053056814618,62.3868006841322,-13.4894210809697,-48.8973796031624
15.1471535982814,501,490,-28.4928912142086,50.1678368522651,-3.7142500154761,-46.453586836789
15.1493018259936,502,492,-23.6053056814618,42.8364585531449,-3.7142500154761,-39.1222085376688
15.1514500537057,504,495,-18.717720148715,30.6174947212778,-1.27045724910268,-29.3470374721752
15.1535982814178,503,494,-18.717720148715,35.5050802540247,-3.7142500154761,-31.7908302385486
15.15574650913,505,500,0.832621982272297,15.9547381230374,-8.60183554822291,-7.35290257481447
15.1578947368421,506,497,-18.717720148715,20.8423236557842,3.61712828364413,-24.4594519394283
15.1600429645542,510,496,-43.1556478124491,13.510945356664,25.6112631810048,-39.1222085376688
15.1621911922664,510,494,-52.9308188779427,18.3985308894108,30.4988487137516,-48.8973796031624
15.1643394199785,508,498,-23.6053056814618,13.510945356664,10.9485065827644,-24.4594519394283
15.1664876476907,507,500,-8.94254908322134,11.0671525902906,1.17333551727072,-12.2404881075613
15.1686358754028,505,497,-13.8301346159682,23.2861164221576,-1.27045724910269,-22.0156591730549
15.1707841031149,507,501,-4.05496355047452,8.62335982391715,-1.27045724910269,-7.35290257481447
15.1729323308271,507,501,-4.05496355047452,8.62335982391715,-1.27045724910269,-7.35290257481447
15.1750805585392,506,501,0.832621982272297,11.0671525902906,-6.1580427818495,-4.90910980844106
15.1772287862513,507,498,-18.717720148715,15.9547381230374,6.06092105001754,-22.0156591730549
15.1793770139635,507,497,-23.6053056814618,18.3985308894108,8.50471381639095,-26.9032447058017
15.1815252416756,508,498,-23.6053056814618,13.510945356664,10.9485065827644,-24.4594519394283
15.1836734693878,509,500,-18.717720148715,6.17956705754374,10.9485065827644,-17.1280736403081
15.1858216970999,508,500,-13.8301346159682,8.62335982391715,6.06092105001754,-14.6842808739347
15.187969924812,505,501,5.72020751501912,13.510945356664,-11.0456283145963,-2.46531704206765
15.1901181525242,506,501,0.832621982272297,11.0671525902906,-6.1580427818495,-4.90910980844106
15.1922663802363,504,504,25.2705496460064,8.62335982391715,-23.2645921464634,14.6412323225462
15.1944146079484,510,500,-23.6053056814618,3.73577429117034,15.8360921155112,-19.5718664066815
15.1965628356606,517,503,-43.1556478124491,-20.7021533725638,42.7178125456187,-22.0156591730549
15.1987110633727,522,503,-67.5935754761832,-32.9211172044308,67.1557402093528,-34.234623004922
15.2008592910849,522,507,-48.0432333451959,-42.6962882699244,57.3805691438591,-14.6842808739347
15.203007518797,517,508,-18.717720148715,-32.9211172044308,30.4988487137516,2.42226849067917
15.2051557465091,518,509,-18.717720148715,-37.8087027371776,32.942641480125,4.86606125705258
15.2073039742213,521,510,-28.4928912142086,-47.5838738026713,45.1616053119921,2.42226849067917
15.2094522019334,515,511,5.72020751501911,-35.3649099708042,13.3922993491378,21.9726106216664
15.2116004296455,515,508,-8.94254908322134,-28.033531671684,20.723677648258,7.30985402342599
15.2137486573577,509,504,0.832621982272297,-3.59560400794989,1.17333551727072,2.42226849067917
15.2158968850698,506,504,15.4953785805128,3.73577429117034,-13.4894210809697,9.7536467897994
15.218045112782,506,504,15.4953785805128,3.73577429117034,-13.4894210809697,9.7536467897994
15.2201933404941,506,504,15.4953785805128,3.73577429117034,-13.4894210809697,9.7536467897994
15.2223415682062,509,504,0.832621982272297,-3.59560400794989,1.17333551727072,2.42226849067917
15.2244897959184,506,503,10.6077930477659,6.17956705754374,-11.0456283145963,4.86606125705258
15.2266380236305,506,505,20.3829641132596,1.29198152479693,-15.9332138473431,14.6412323225462
15.2287862513426,506,502,5.72020751501912,8.62335982391715,-8.60183554822291,-0.0215242756942402
15.2309344790548,504,499,0.832621982272297,20.8423236557842,-11.0456283145963,-9.79669534118788
15.2330827067669,501,498,10.6077930477659,30.6174947212778,-23.2645921464634,-7.35290257481447
15.2352309344791,500,498,15.4953785805128,33.0612874876512,-28.1521776792102,-4.90910980844106
15.2373791621912,502,498,5.72020751501912,28.1737019549044,-18.3770066137166,-9.79669534118788
15.2395273899033,498,498,25.2705496460064,37.9488730203981,-37.9273487447038,-0.0215242756942402
15.2416756176155,496,498,35.0457207115,42.8364585531449,-47.7025198101975,4.86606125705258
15.2438238453276,495,498,39.9333062442469,45.2802513195183,-52.5901053429443,7.30985402342599
15.2459720730397,495,498,39.9333062442469,45.2802513195183,-52.5901053429443,7.30985402342599
15.2481203007519,497,496,20.3829641132596,45.2802513195183,-37.9273487447038,-7.35290257481446
15.250268528464,501,495,-4.05496355047453,37.9488730203981,-15.9332138473431,-22.0156591730549
15.2524167561762,502,497,0.832621982272297,30.6174947212778,-15.9332138473431,-14.6842808739347
15.2545649838883,499,496,10.6077930477659,40.3926657867715,-28.1521776792102,-12.2404881075613
15.2567132116004,494,494,25.2705496460064,57.4992151513853,-47.7025198101975,-9.79669534118787
15.2588614393126,493,493,25.2705496460064,62.3868006841322,-50.1463125765709,-12.2404881075613
15.2610096670247,491,494,39.9333062442469,64.8305934505056,-62.3652764084379,-2.46531704206765
15.2631578947368,493,493,25.2705496460064,62.3868006841322,-50.1463125765709,-12.2404881075613
15.265306122449,497,492,0.8326219822723,55.0554223850119,-28.1521776792102,-26.9032447058017
15.2674543501611,498,492,-4.05496355047452,52.6116296186385,-23.2645921464634,-29.3470374721751
15.2696025778733,501,493,-13.8301346159682,42.8364585531449,-11.0456283145963,-31.7908302385486
15.2717508055854,499,495,5.72020751501911,42.8364585531449,-25.7083849128368,-17.1280736403081
15.2738990332975,498,494,5.72020751501912,47.7240440858917,-28.1521776792102,-19.5718664066815
15.2760472610097,493,492,20.3829641132596,64.8305934505056,-47.7025198101975,-17.1280736403081
15.2781954887218,489,490,30.1581351787532,79.493350048746,-62.3652764084379,-17.1280736403081
15.2803437164339,489,492,39.9333062442469,74.6057645159992,-67.2528619411847,-7.35290257481446
15.2824919441461,488,487,20.3829641132596,89.2685211142397,-59.9214836420645,-29.3470374721752
15.2846401718582,485,485,25.2705496460064,101.487484946107,-69.6966547075581,-31.7908302385486
15.2867883995704,482,482,25.2705496460064,116.150241544347,-77.0280330066784,-39.1222085376688
15.2889366272825,486,481,0.8326219822723,108.818863245227,-55.0338981093177,-53.7849651359092
15.2910848549946,489,485,5.72020751501911,91.7123138806131,-50.1463125765709,-41.5660013040422
15.2932330827068,490,487,10.6077930477659,84.3809355814928,-50.1463125765709,-34.234623004922
15.2953813104189,497,490,-8.94254908322134,59.9430079177587,-23.2645921464634,-36.6784157712954
15.297529538131,497,490,-8.94254908322134,59.9430079177587,-23.2645921464634,-36.6784157712954
15.2996777658432,496,490,-4.05496355047452,62.3868006841322,-28.1521776792102,-34.234623004922
15.3018259935553,490,488,15.4953785805128,81.9371428151194,-52.5901053429443,-29.3470374721751
15.3039742212675,490,485,0.8326219822723,89.2685211142397,-45.2587270438241,-44.0097940704156
15.3061224489796,490,485,0.8326219822723,89.2685211142397,-45.2587270438241,-44.0097940704156
15.3082706766917,490,487,10.6077930477659,84.3809355814928,-50.1463125765709,-34.234623004922
15.3104189044039,494,487,-8.94254908322134,74.6057645159992,-30.5959704455836,-44.0097940704156
15.312567132116,495,488,-8.94254908322134,69.7181789832524,-28.1521776792102,-41.5660013040422
15.3147153598281,499,492,-8.94254908322134,50.1678368522651,-18.3770066137166,-31.7908302385486
15.3168635875403,503,495,-13.8301346159682,33.0612874876512,-6.1580427818495,-26.9032447058017
15.3190118152524,514,498,-52.9308188779427,-1.15181124157648,40.2740197792453,-39.1222085376688
15.3211600429646,530,503,-106.694259738158,-52.4714593354181,106.256424471327,-53.7849651359092
15.3233082706767,549,513,-150.682529532879,-123.341449560247,174.682621929783,-51.3411723695358
15.3254564983888,569,524,-194.6707993276,-199.099025317823,245.552612154612,-46.453586836789
15.327604726101,587,538,-214.221141458588,-277.300393841772,299.316053014827,-22.0156591730552
15.3297529538131,606,549,-253.321825720563,-350.614176832974,365.298457706909,-14.6842808739349
15.3319011815252,613,558,-243.546654655069,-389.714861094949,377.517421538776,12.1974395561726
15.3340494092374,617,564,-233.771483589575,-414.152788758683,382.405007071523,31.7477816871598
15.3361976369495,609,565,-189.783213794854,-397.046239394069,340.860530043175,56.1857093508939
15.3383458646617,601,561,-170.232871663867,-367.720726197588,311.535016846694,56.185709350894
15.3404940923738,581,555,-101.806674205411,-304.182114271879,228.446062789998,75.7360514818812
15.3426423200859,559,549,-23.6053056814618,-235.755916813424,135.581937667808,100.173979145616
15.3447905477981,536,541,49.7084773097405,-159.998341055848,42.7178125456187,117.280528510229
15.3469387755102,516,533,108.359503702702,-91.5721435973926,-35.4835559783304,127.055699575723
15.3490870032223,497,524,157.235359030171,-23.1459461389372,-106.353546203159,129.499492342096
15.3512352309345,484,517,186.560872226651,25.729909188531,-152.785608764254,127.055699575723
15.3533834586466,476,509,186.560872226652,64.8305934505058,-172.335950895242,107.505357444736
15.3555316863588,478,504,152.347773497424,72.161971749626,-150.341815997881,78.1798442482551
15.3576799140709,483,504,127.90984583369,59.9430079177587,-125.903888334147,65.9608804163878
15.359828141783,483,499,103.471918169955,72.1619717496258,-113.68492450228,41.5229527526537
15.3619763694952,490,502,83.9215760389682,47.7240440858917,-86.803204072172,39.0791599862803
15.3641245972073,497,505,64.3712339079809,23.2861164221576,-59.9214836420645,36.6353672199069
15.3662728249194,501,506,49.7084773097405,11.0671525902906,-42.8149342774506,31.7477816871601
15.3684210526316,501,504,39.9333062442469,15.9547381230374,-37.9273487447038,21.9726106216664
15.3705692803437,498,504,54.5960628424873,23.2861164221576,-52.5901053429443,29.3039889207867
15.3727175080559,498,500,35.0457207115,33.0612874876512,-42.8149342774506,9.7536467897994
15.374865735768,495,497,35.0457207115,47.7240440858917,-50.1463125765709,2.42226849067917
15.3770139634801,495,495,25.2705496460064,52.6116296186385,-45.2587270438241,-7.35290257481447
15.3791621911923,494,496,35.0457207115,52.6116296186385,-52.5901053429443,-0.0215242756942331
15.3813104189044,496,498,35.0457207115,42.8364585531449,-47.7025198101975,4.86606125705258
15.3834586466165,495,497,35.0457207115,47.7240440858917,-50.1463125765709,2.42226849067917
15.3856068743287,493,495,35.0457207115,57.4992151513853,-55.0338981093177,-2.46531704206765
15.3877551020408,490,494,44.8208917769937,67.274386216879,-67.2528619411847,-0.0215242756942331
15.389903329753,492,494,35.0457207115,62.3868006841322,-57.4776908756911,-4.90910980844106
15.3920515574651,492,490,15.4953785805127,72.1619717496258,-47.7025198101975,-24.4594519394283
15.3941997851772,492,490,15.4953785805127,72.1619717496258,-47.7025198101975,-24.4594519394283
15.3963480128894,489,490,30.1581351787532,79.493350048746,-62.3652764084379,-17.1280736403081
15.3984962406015,488,489,30.1581351787532,84.3809355814928,-64.8090691748113,-19.5718664066815
15.4006444683136,489,490,30.1581351787532,79.493350048746,-62.3652764084379,-17.1280736403081
15.4027926960258,491,491,25.2705496460064,72.1619717496258,-55.0338981093177,-17.1280736403081
15.4049409237379,496,492,5.72020751501912,57.4992151513853,-33.039763211957,-24.4594519394283
15.4070891514501,496,493,10.6077930477659,55.0554223850119,-35.4835559783304,-19.5718664066815
15.4092373791622,496,490,-4.05496355047452,62.3868006841322,-28.1521776792102,-34.234623004922
15.4113856068743,496,487,-18.717720148715,69.7181789832524,-20.82079938009,-48.8973796031624
15.4135338345865,498,491,-8.94254908322134,55.0554223850119,-20.82079938009,-34.234623004922
15.4156820622986,497,490,-8.94254908322134,59.9430079177587,-23.2645921464634,-36.6784157712954
15.4178302900107,497,493,5.72020751501911,52.6116296186385,-30.5959704455836,-22.0156591730549
15.4199785177229,499,492,-8.94254908322134,50.1678368522651,-18.3770066137166,-31.7908302385486
15.422126745435,498,493,0.832621982272293,50.1678368522651,-25.7083849128368,-24.4594519394283
15.4242749731472,498,493,0.832621982272293,50.1678368522651,-25.7083849128368,-24.4594519394283
15.4264232008593,499,495,5.72020751501911,42.8364585531449,-25.7083849128368,-17.1280736403081
15.4285714285714,498,493,0.832621982272293,50.1678368522651,-25.7083849128368,-24.4594519394283
15.4307196562836,501,491,-23.6053056814618,47.7240440858917,-6.1580427818495,-41.5660013040422
15.4328678839957,501,493,-13.8301346159682,42.8364585531449,-11.0456283145963,-31.7908302385486
15.4350161117078,502,495,-8.94254908322134,35.5050802540247,-11.0456283145963,-24.4594519394283
15.43716433942,501,497,5.72020751501912,33.0612874876512,-20.82079938009,-12.2404881075613
15.4393125671321,502,495,-8.94254908322134,35.5050802540247,-11.0456283145963,-24.4594519394283
15.4414607948443,502,496,-4.05496355047452,33.0612874876512,-13.4894210809697,-19.5718664066815
15.4436090225564,500,495,0.832621982272293,40.3926657867715,-20.82079938009,-19.5718664066815
15.4457572502685,501,494,-8.94254908322134,40.3926657867715,-13.4894210809697,-26.9032447058017
15.4479054779807,501,493,-13.8301346159682,42.8364585531449,-11.0456283145963,-31.7908302385486
15.4500537056928,501,493,-13.8301346159682,42.8364585531449,-11.0456283145963,-31.7908302385486
15.4522019334049,498,495,10.6077930477659,45.2802513195183,-30.5959704455836,-14.6842808739347
15.4543501611171,498,497,20.3829641132596,40.3926657867715,-35.4835559783304,-4.90910980844106
15.4564983888292,499,496,10.6077930477659,40.3926657867715,-28.1521776792102,-12.2404881075613
15.4586466165414,504,499,0.832621982272297,20.8423236557842,-11.0456283145963,-9.79669534118788
15.4607948442535,505,498,-8.94254908322134,20.8423236557842,-3.71425001547609,-17.1280736403081
15.4629430719656,510,499,-28.4928912142086,6.17956705754374,18.2798848818846,-24.4594519394283
15.4650912996778,510,499,-28.4928912142086,6.17956705754374,18.2798848818846,-24.4594519394283
15.4672395273899,509,498,-28.4928912142086,11.0671525902906,15.8360921155112,-26.9032447058017
15.469387755102,509,500,-18.717720148715,6.17956705754374,10.9485065827644,-17.1280736403081
15.4715359828142,508,503,0.832621982272297,1.29198152479693,-1.27045724910269,-0.0215242756942402
15.4736842105263,509,504,0.832621982272297,-3.59560400794989,1.17333551727072,2.42226849067917
15.4758324382385,514,504,-23.6053056814618,-15.8145678398169,25.6112631810048,-9.79669534118788
15.4779806659506,516,508,-13.8301346159682,-30.4773244380574,25.6112631810048,4.86606125705258
15.4801288936627,517,506,-28.4928912142086,-28.033531671684,35.3864342464985,-7.35290257481447
15.4822771213749,514,504,-23.6053056814618,-15.8145678398169,25.6112631810048,-9.79669534118788
15.484425349087,512,502,-23.6053056814618,-6.0393967743233,20.723677648258,-14.6842808739347
15.4865735767991,509,503,-4.05496355047452,-1.15181124157648,3.61712828364413,-2.46531704206765
15.4887218045113,512,505,-8.94254908322134,-13.3707750734435,13.3922993491378,-0.0215242756942402
15.4908700322234,514,506,-13.8301346159682,-20.7021533725638,20.723677648258,-0.0215242756942402
15.4930182599356,514,508,-4.05496355047452,-25.5897389053106,15.8360921155112,9.7536467897994
15.4951664876477,515,509,-4.05496355047452,-30.4773244380574,18.2798848818846,12.1974395561728
15.4973147153598,516,509,-8.94254908322134,-32.9211172044308,23.1674704146314,9.7536467897994
15.499462943072,519,505,-43.1556478124491,-30.4773244380574,47.6053980783655,-17.1280736403081
15.5016111707841,522,509,-38.2680622797022,-47.5838738026713,52.4929836111123,-4.90910980844106
15.5037593984962,522,509,-38.2680622797022,-47.5838738026713,52.4929836111123,-4.90910980844106
15.5059076262084,528,514,-43.1556478124491,-74.4655942327788,69.5995329757262,4.86606125705258
15.5080558539205,525,517,-13.8301346159682,-74.4655942327788,47.6053980783655,26.8601961544133
15.5102040816327,527,515,-33.3804767469554,-74.4655942327788,62.268154676606,12.1974395561728
15.5123523093448,524,515,-18.717720148715,-67.1342159336585,47.6053980783655,19.528817855293
15.5145005370569,522,516,-4.05496355047451,-64.6904231672851,35.3864342464984,29.3039889207867
15.5166487647691,518,514,5.72020751501912,-50.0276665690447,20.723677648258,29.3039889207867
15.5187969924812,520,512,-13.8301346159682,-50.0276665690447,35.3864342464985,14.6412323225462
15.5209452201933,523,515,-13.8301346159682,-64.6904231672851,42.7178125456187,21.9726106216664
15.5230934479055,528,516,-33.3804767469554,-79.3531797655256,64.7119474429794,14.6412323225462
15.5252416756176,531,520,-28.4928912142086,-96.4597291301395,69.5995329757262,26.8601961544133
15.5273899033298,535,524,-28.4928912142086,-116.010071261127,79.3747040412198,36.6353672199069
15.5295381310419,537,527,-23.6053056814618,-128.229035092994,81.8184968075932,46.4105382854005
15.531686358754,540,527,-38.2680622797023,-135.560413392114,96.4812534058337,39.0791599862803
15.5338345864662,538,526,-33.3804767469554,-128.229035092994,89.1498751067135,39.0791599862803
15.5359828141783,535,523,-33.3804767469554,-113.566278494753,81.8184968075932,31.7477816871601
15.5381310418904,530,521,-18.717720148715,-96.4597291301394,62.268154676606,34.1915744535335
15.5402792696026,529,523,-4.05496355047453,-98.9035218965129,52.4929836111123,46.4105382854005
15.5424274973147,533,527,-4.05496355047453,-118.4538640275,62.268154676606,56.1857093508942
15.5445757250269,533,526,-8.94254908322134,-116.010071261127,64.7119474429794,51.2981238181474
15.546723952739,535,527,-13.8301346159681,-123.341449560247,72.0433257420996,51.2981238181474
15.5488721804511,536,529,-8.94254908322135,-130.672827859367,72.0433257420996,58.6295021172676
15.5510204081633,541,530,-28.4928912142086,-145.335584457608,94.0374606394603,51.2981238181474
15.5531686358754,539,527,-33.3804767469555,-133.116620625741,91.5936678730869,41.5229527526537
15.5553168635875,540,527,-38.2680622797023,-135.560413392114,96.4812534058337,39.0791599862803
15.5574650912997,539,526,-38.2680622797023,-130.672827859367,94.0374606394603,36.6353672199069
15.5596133190118,538,528,-23.6053056814618,-133.116620625741,84.2622895739666,48.854331051774
15.561761546724,539,530,-18.717720148715,-140.447998924861,84.2622895739667,56.1857093508942
15.5639097744361,537,531,-4.05496355047453,-138.004206158487,72.0433257420996,65.9608804163878
15.5660580021482,541,533,-13.8301346159681,-152.666962756728,86.70608234034,65.9608804163878
15.5682062298604,540,534,-4.05496355047453,-152.666962756728,79.3747040412198,73.292258715508
15.5703544575725,537,530,-8.94254908322134,-135.560413392114,74.487118508473,61.073294883641
15.5725026852846,533,527,-4.05496355047453,-118.4538640275,62.268154676606,56.1857093508942
15.5746509129968,531,525,-4.05496355047453,-108.678692962006,57.3805691438591,51.2981238181474
15.5767991407089,531,528,10.6077930477659,-116.010071261127,50.0491908447389,65.9608804163878
15.5789473684211,532,529,10.6077930477659,-120.897656793874,52.4929836111123,68.4046731827612
15.5810955961332,528,528,25.2705496460064,-108.678692962006,35.3864342464985,73.292258715508
15.5832438238453,525,526,30.1581351787532,-96.4597291301395,25.6112631810048,70.8484659491346
15.5853920515575,526,529,39.9333062442469,-106.234900195633,23.1674704146314,83.0674297810017
15.5875402792696,522,523,30.1581351787532,-81.796972531899,18.2798848818846,63.5170876500144
15.5896885069817,522,521,20.3829641132596,-76.9093869991522,23.1674704146314,53.7419165845208
15.5918367346939,519,517,15.4953785805127,-59.8028376345383,18.2798848818846,41.5229527526537
15.593984962406,516,518,35.0457207115,-54.9152521017915,1.17333551727072,53.7419165845208
15.5961331901182,515,520,49.7084773097405,-57.3590448681649,-8.60183554822292,65.9608804163878
15.5982814178303,518,517,20.3829641132596,-57.3590448681649,13.3922993491378,43.9667455190271
15.6004296455424,517,517,25.2705496460064,-54.9152521017915,8.50471381639095,46.4105382854005
15.6025778732546,517,517,25.2705496460064,-54.9152521017915,8.50471381639095,46.4105382854005
15.6047261009667,514,517,39.9333062442468,-47.5838738026713,-6.1580427818495,53.7419165845208
15.6068743286788,515,513,15.4953785805127,-40.252495503551,8.50471381639095,31.7477816871601
15.609022556391,512,511,20.3829641132596,-28.033531671684,-1.27045724910268,29.3039889207867
15.6111707841031,508,508,25.2705496460064,-10.9269823070701,-13.4894210809697,24.4164033880399
15.6133190118153,504,509,49.7084773097405,-3.59560400794989,-35.4835559783304,39.0791599862803
15.6154672395274,497,506,69.2588194407278,20.8423236557842,-62.3652764084379,41.5229527526537
15.6176154672395,495,503,64.3712339079809,33.0612874876512,-64.8090691748113,31.7477816871601
15.6197636949517,493,502,69.2588194407278,40.3926657867715,-72.1404474739316,31.7477816871601
15.6219119226638,498,502,44.8208917769937,28.1737019549044,-47.7025198101975,19.528817855293
15.6240601503759,502,502,25.2705496460064,18.3985308894108,-28.1521776792102,9.7536467897994
15.6262083780881,510,502,-13.8301346159682,-1.15181124157648,10.9485065827644,-9.79669534118788
15.6283566058002,510,502,-13.8301346159682,-1.15181124157648,10.9485065827644,-9.79669534118788
15.6305048335124,511,505,-4.05496355047452,-10.9269823070701,8.50471381639095,2.42226849067917
15.6326530612245,508,504,5.72020751501912,-1.15181124157648,-3.71425001547609,4.86606125705258
15.6348012889366,501,502,30.1581351787532,20.8423236557842,-33.039763211957,12.1974395561728
15.6369495166488,498,502,44.8208917769937,28.1737019549044,-47.7025198101975,19.528817855293
15.6390977443609,498,503,49.7084773097405,25.729909188531,-50.1463125765709,24.4164033880399
15.641245972073,503,501,15.4953785805128,18.3985308894108,-20.82079938009,2.42226849067917
15.6433941997852,505,498,-8.94254908322134,20.8423236557842,-3.71425001547609,-17.1280736403081
15.6455424274973,508,500,-13.8301346159682,8.62335982391715,6.06092105001754,-14.6842808739347
15.6476906552095,507,503,5.72020751501912,3.73577429117034,-6.1580427818495,2.42226849067917
15.6498388829216,505,501,5.72020751501912,13.510945356664,-11.0456283145963,-2.46531704206765
15.6519871106337,503,501,15.4953785805128,18.3985308894108,-20.82079938009,2.42226849067917
15.6541353383459,500,500,25.2705496460064,28.1737019549044,-33.039763211957,4.86606125705258
15.656283566058,498,502,44.8208917769937,28.1737019549044,-47.7025198101975,19.528817855293
15.6584317937701,499,498,20.3829641132596,35.5050802540247,-33.039763211957,-2.46531704206765
15.6605800214823,500,495,0.832621982272293,40.3926657867715,-20.82079938009,-19.5718664066815
15.6627282491944,503,496,-8.94254908322134,30.6174947212778,-8.60183554822292,-22.0156591730549
15.6648764769066,502,495,-8.94254908322134,35.5050802540247,-11.0456283145963,-24.4594519394283
15.6670247046187,495,496,30.1581351787532,50.1678368522651,-47.7025198101975,-2.46531704206765
15.6691729323308,495,496,30.1581351787532,50.1678368522651,-47.7025198101975,-2.46531704206765
15.671321160043,497,497,25.2705496460064,42.8364585531449,-40.3711415110772,-2.46531704206765
15.6734693877551,495,498,39.9333062442469,45.2802513195183,-52.5901053429443,7.30985402342599
15.6756176154672,501,497,5.72020751501912,33.0612874876512,-20.82079938009,-12.2404881075613
15.6777658431794,507,497,-23.6053056814618,18.3985308894108,8.50471381639095,-26.9032447058017
15.6799140708915,510,499,-28.4928912142086,6.17956705754374,18.2798848818846,-24.4594519394283
15.6820622986037,510,499,-28.4928912142086,6.17956705754374,18.2798848818846,-24.4594519394283
15.6842105263158,507,500,-8.94254908322134,11.0671525902906,1.17333551727072,-12.2404881075613
15.6863587540279,503,501,15.4953785805128,18.3985308894108,-20.82079938009,2.42226849067917
15.6885069817401,503,499,5.72020751501912,23.2861164221576,-15.9332138473431,-7.35290257481447
15.6906552094522,501,500,20.3829641132596,25.729909188531,-28.1521776792102,2.42226849067917
15.6928034371643,500,498,15.4953785805128,33.0612874876512,-28.1521776792102,-4.90910980844106
15.6949516648765,498,498,25.2705496460064,37.9488730203981,-37.9273487447038,-0.0215242756942402
15.6970998925886,502,493,-18.717720148715,40.3926657867715,-6.1580427818495,-34.234623004922
15.6992481203008,502,494,-13.8301346159682,37.9488730203981,-8.60183554822292,-29.3470374721751
15.7013963480129,503,499,5.72020751501912,23.2861164221576,-15.9332138473431,-7.35290257481447
15.703544575725,503,498,0.832621982272297,25.729909188531,-13.4894210809697,-12.2404881075613
15.7056928034372,505,500,0.832621982272297,15.9547381230374,-8.60183554822291,-7.35290257481447
15.7078410311493,506,501,0.832621982272297,11.0671525902906,-6.1580427818495,-4.90910980844106
15.7099892588614,506,501,0.832621982272297,11.0671525902906,-6.1580427818495,-4.90910980844106
15.7121374865736,505,499,-4.05496355047452,18.3985308894108,-6.1580427818495,-12.2404881075613
15.7142857142857,503,496,-8.94254908322134,30.6174947212778,-8.60183554822292,-22.0156591730549
15.7164339419979,505,495,-23.6053056814618,28.1737019549044,3.61712828364413,-31.7908302385486
15.71858216971,504,499,0.832621982272297,20.8423236557842,-11.0456283145963,-9.79669534118788
15.7207303974221,505,498,-8.94254908322134,20.8423236557842,-3.71425001547609,-17.1280736403081
15.7228786251343,506,500,-4.05496355047452,13.510945356664,-3.71425001547609,-9.79669534118788
15.7250268528464,507,500,-8.94254908322134,11.0671525902906,1.17333551727072,-12.2404881075613
15.7271750805585,505,502,10.6077930477659,11.0671525902906,-13.4894210809697,2.42226849067917
15.7293233082707,508,502,-4.05496355047452,3.73577429117034,1.17333551727072,-4.90910980844106
15.7314715359828,506,499,-8.94254908322134,15.9547381230374,-1.27045724910269,-14.6842808739347
15.733619763695,504,497,-8.94254908322134,25.729909188531,-6.1580427818495,-19.5718664066815
15.7357679914071,503,499,5.72020751501912,23.2861164221576,-15.9332138473431,-7.35290257481447
15.7379162191192,500,498,15.4953785805128,33.0612874876512,-28.1521776792102,-4.90910980844106
15.7400644468314,503,499,5.72020751501912,23.2861164221576,-15.9332138473431,-7.35290257481447
15.7422126745435,505,501,5.72020751501912,13.510945356664,-11.0456283145963,-2.46531704206765
15.7443609022556,503,502,20.3829641132596,15.9547381230374,-23.2645921464634,7.30985402342599
15.7465091299678,506,503,10.6077930477659,6.17956705754374,-11.0456283145963,4.86606125705258
15.7486573576799,507,501,-4.05496355047452,8.62335982391715,-1.27045724910269,-7.35290257481447
15.7508055853921,511,499,-33.3804767469554,3.73577429117034,23.1674704146314,-26.9032447058017
15.7529538131042,511,502,-18.717720148715,-3.59560400794989,15.8360921155112,-12.2404881075613
15.7551020408163,514,502,-33.3804767469554,-10.9269823070701,30.4988487137516,-19.5718664066815
15.7572502685285,512,504,-13.8301346159682,-10.9269823070701,15.8360921155112,-4.90910980844106
15.7593984962406,510,505,0.832621982272297,-8.48318954069671,3.61712828364413,4.86606125705258
15.7615467239527,512,507,0.832621982272297,-18.2583606061904,8.50471381639095,9.7536467897994
15.7636949516649,511,507,5.72020751501912,-15.8145678398169,3.61712828364413,12.1974395561728
15.765843179377,511,506,0.832621982272297,-13.3707750734435,6.06092105001754,7.30985402342599
15.7679914070892,511,504,-8.94254908322134,-8.48318954069671,10.9485065827644,-2.46531704206765
15.7701396348013,512,500,-33.3804767469554,-1.15181124157648,25.6112631810048,-24.4594519394283
15.7722878625134,511,501,-23.6053056814618,-1.15181124157648,18.2798848818846,-17.1280736403081
15.7744360902256,508,503,0.832621982272297,1.29198152479693,-1.27045724910269,-0.0215242756942402
15.7765843179377,511,503,-13.8301346159682,-6.0393967743233,13.3922993491378,-7.35290257481447
15.7787325456498,517,510,-8.94254908322134,-37.8087027371776,25.6112631810048,12.1974395561728
15.780880773362,519,509,-23.6053056814618,-40.252495503551,37.8302270128719,2.42226849067917
15.7830290010741,520,509,-28.4928912142086,-42.6962882699244,42.7178125456187,-0.0215242756942402
15.7851772287863,520,509,-28.4928912142086,-42.6962882699244,42.7178125456187,-0.0215242756942402
15.7873254564984,514,508,-4.05496355047452,-25.5897389053106,15.8360921155112,9.7536467897994
15.7894736842105,515,506,-18.717720148715,-23.1459461389372,25.6112631810048,-2.46531704206765
15.7916219119227,513,508,0.832621982272297,-23.1459461389372,10.9485065827644,12.1974395561728
15.7937701396348,516,509,-8.94254908322134,-32.9211172044308,23.1674704146314,9.7536467897994
15.7959183673469,522,513,-18.717720148715,-57.3590448681649,42.7178125456187,14.6412323225462
15.7980665950591,524,514,-23.6053056814618,-64.6904231672851,50.0491908447389,14.6412323225462
15.8002148227712,525,515,-23.6053056814618,-69.5780087000319,52.4929836111123,17.0850250889196
15.8023630504834,526,516,-23.6053056814618,-74.4655942327788,54.9367763774857,19.528817855293
15.8045112781955,524,514,-23.6053056814618,-64.6904231672851,50.0491908447389,14.6412323225462
15.8066595059076,526,512,-43.1556478124491,-64.6904231672851,64.7119474429794,-0.0215242756942331
15.8088077336198,528,515,-38.2680622797023,-76.9093869991522,67.1557402093528,9.75364678979939
15.8109559613319,529,518,-28.4928912142086,-86.6845580646458,64.7119474429794,21.9726106216664
15.813104189044,529,520,-18.717720148715,-91.5721435973926,59.8243619102325,31.7477816871601
15.8152524167562,529,521,-13.8301346159682,-94.015936363766,57.3805691438591,36.6353672199069
15.8174006444683,524,519,0.832621982272286,-76.9093869991522,37.8302270128719,39.0791599862803
15.8195488721805,524,518,-4.05496355047453,-74.4655942327788,40.2740197792453,34.1915744535335
15.8216970998926,524,517,-8.94254908322135,-72.0218014664053,42.7178125456187,29.3039889207867
15.8238453276047,528,517,-28.4928912142086,-81.796972531899,62.268154676606,19.528817855293
15.8259935553169,530,518,-33.3804767469554,-89.1283508310192,69.5995329757262,19.528817855293
15.828141783029,531,520,-28.4928912142086,-96.4597291301395,69.5995329757262,26.8601961544133
15.8302900107411,531,522,-18.717720148715,-101.347314662886,64.7119474429794,36.6353672199069
15.8324382384533,530,525,0.8326219822723,-106.234900195633,52.4929836111123,53.7419165845208
15.8345864661654,527,523,5.72020751501911,-94.015936363766,42.7178125456187,51.2981238181474
15.8367346938776,525,522,10.6077930477659,-86.6845580646458,35.3864342464985,51.2981238181474
15.8388829215897,520,517,10.6077930477659,-62.2466304009117,23.1674704146314,39.0791599862803
15.8410311493018,519,515,5.72020751501911,-54.9152521017915,23.1674704146314,31.7477816871601
15.843179377014,520,515,0.832621982272293,-57.3590448681649,28.0550559473782,29.3039889207867
15.8453276047261,517,515,15.4953785805127,-50.0276665690447,13.3922993491378,36.6353672199069
15.8474758324382,519,517,15.4953785805127,-59.8028376345383,18.2798848818846,41.5229527526537
15.8496240601504,516,516,25.2705496460064,-50.0276665690447,6.06092105001754,43.9667455190271
15.8517722878625,515,514,20.3829641132596,-42.6962882699244,6.06092105001754,36.6353672199069
15.8539205155747,510,512,35.0457207115,-25.5897389053106,-13.4894210809697,39.0791599862803
15.8560687432868,505,509,44.8208917769937,-6.0393967743233,-30.5959704455836,36.6353672199069
15.8582169709989,507,508,30.1581351787532,-8.48318954069671,-18.3770066137166,26.8601961544133
15.8603651987111,508,506,15.4953785805128,-6.0393967743233,-8.60183554822291,14.6412323225462
15.8625134264232,508,506,15.4953785805128,-6.0393967743233,-8.60183554822291,14.6412323225462
15.8646616541353,511,509,15.4953785805128,-20.7021533725638,-1.27045724910269,21.9726106216664
15.8668098818475,514,512,15.4953785805128,-35.3649099708042,6.06092105001754,29.3039889207867
15.8689581095596,512,507,0.832621982272297,-18.2583606061904,8.50471381639095,9.7536467897994
15.8711063372718,506,506,25.2705496460064,-1.15181124157648,-18.3770066137166,19.528817855293
15.8732545649839,506,506,25.2705496460064,-1.15181124157648,-18.3770066137166,19.528817855293
15.875402792696,506,504,15.4953785805128,3.73577429117034,-13.4894210809697,9.7536467897994
15.8775510204082,504,499,0.832621982272297,20.8423236557842,-11.0456283145963,-9.79669534118788
15.8796992481203,500,498,15.4953785805128,33.0612874876512,-28.1521776792102,-4.90910980844106
15.8818474758324,503,500,10.6077930477659,20.8423236557842,-18.3770066137166,-2.46531704206765
15.8839957035446,508,505,10.6077930477659,-3.59560400794989,-6.1580427818495,9.7536467897994
15.8861439312567,512,507,0.832621982272297,-18.2583606061904,8.50471381639095,9.7536467897994
15.8882921589689,515,507,-13.8301346159682,-25.5897389053106,23.1674704146314,2.42226849067917
15.890440386681,513,508,0.832621982272297,-23.1459461389372,10.9485065827644,12.1974395561728
15.8925886143931,510,506,5.72020751501912,-10.9269823070701,1.17333551727072,9.7536467897994
15.8947368421053,505,500,0.832621982272297,15.9547381230374,-8.60183554822291,-7.35290257481447
15.8968850698174,505,500,0.832621982272297,15.9547381230374,-8.60183554822291,-7.35290257481447
15.8990332975295,507,503,5.72020751501912,3.73577429117034,-6.1580427818495,2.42226849067917
15.9011815252417,510,506,5.72020751501912,-10.9269823070701,1.17333551727072,9.7536467897994
15.9033297529538,509,505,5.72020751501912,-6.0393967743233,-1.27045724910269,7.30985402342599
15.905477980666,509,504,0.832621982272297,-3.59560400794989,1.17333551727072,2.42226849067917
15.9076262083781,503,505,35.0457207115,8.62335982391715,-30.5959704455836,21.9726106216664
15.9097744360902,504,501,10.6077930477659,15.9547381230374,-15.9332138473431,-0.0215242756942402
15.9119226638024,503,499,5.72020751501912,23.2861164221576,-15.9332138473431,-7.35290257481447
15.9140708915145,509,499,-23.6053056814618,8.62335982391715,13.3922993491378,-22.0156591730549
15.9162191192266,510,503,-8.94254908322134,-3.59560400794989,8.50471381639095,-4.90910980844106
15.9183673469388,511,504,-8.94254908322134,-8.48318954069671,10.9485065827644,-2.46531704206765
15.9205155746509,506,501,0.832621982272297,11.0671525902906,-6.1580427818495,-4.90910980844106
15.9226638023631,506,503,10.6077930477659,6.17956705754374,-11.0456283145963,4.86606125705258
15.9248120300752,519,508,-28.4928912142086,-37.8087027371776,40.2740197792453,-2.46531704206765
15.9269602577873,537,515,-82.2563320744236,-98.9035218965129,111.144010004074,-12.2404881075613
15.9291084854995,556,523,-136.019772934639,-164.885926588595,184.457792995276,-19.5718664066815
15.9312567132116,579,532,-204.445970393095,-243.087295112544,274.878125351093,-31.7908302385488
15.9334049409237,600,545,-243.546654655069,-326.17624916924,345.748115575922,-19.5718664066817
15.9355531686359,616,558,-258.20941125331,-397.046239394069,392.180178137017,4.86606125705231
15.937701396348,637,572,-292.422509982537,-482.578986217138,460.606375595472,21.9726106216662
15.9398496240601,648,582,-297.310095515284,-533.89863431098,489.931888791953,43.9667455190273
15.9419978517723,657,592,-292.422509982537,-580.330696872075,509.48223092294,70.8484659491349
15.9441460794844,650,596,-238.659069122322,-572.999318572955,465.493961128219,107.505357444736
15.9462943071966,634,590,-189.783213794854,-519.23587771274,401.95534920251,117.28052851023
15.9484425349087,611,584,-106.694259738158,-448.365887487911,304.203638547574,144.162248940337
15.9505907626208,590,578,-33.3804767469554,-382.383482795829,216.227098958131,166.156383837698
15.952738990333,570,571,30.1581351787532,-316.401078103746,135.581937667808,180.819140435938
15.9548872180451,550,564,93.6967471044618,-250.418673411664,54.9367763774857,195.481897034179
15.9570354457573,532,556,142.57260243193,-186.880061485956,-13.4894210809697,200.369482566925
15.9591836734694,512,547,196.336043292145,-116.010071261127,-89.2469968385454,205.257068099672
15.9613319011815,500,537,206.111214357639,-62.2466304009117,-123.460095567773,185.706725968685
15.9634801288937,497,532,196.336043292145,-42.6962882699244,-125.903888334147,168.600176604071
15.9656283566058,502,526,142.57260243193,-40.252495503551,-86.803204072172,127.055699575723
15.9677765843179,510,527,108.359503702702,-62.2466304009117,-50.1463125765709,112.392942977483
15.9699248120301,515,528,88.809161571715,-76.9093869991522,-28.1521776792102,105.061564678362
15.9720730397422,521,530,69.2588194407278,-96.4597291301395,-3.7142500154761,100.173979145616
15.9742212674544,525,527,35.0457207115,-98.9035218965129,23.1674704146314,75.7360514818814
15.9763694951665,525,527,35.0457207115,-98.9035218965129,23.1674704146314,75.7360514818814
15.9785177228786,525,528,39.9333062442469,-101.347314662886,20.723677648258,80.6236370146283
15.9806659505908,523,526,39.9333062442469,-91.5721435973926,15.8360921155112,75.7360514818814
15.9828141783029,521,522,30.1581351787532,-76.9093869991522,15.8360921155112,61.073294883641
15.984962406015,516,518,35.0457207115,-54.9152521017915,1.17333551727072,53.7419165845208
15.9871106337272,512,516,44.8208917769937,-40.252495503551,-13.4894210809697,53.7419165845208
15.9892588614393,511,516,49.7084773097405,-37.8087027371776,-18.3770066137166,56.1857093508942
15.9914070891514,511,515,44.8208917769937,-35.3649099708042,-15.9332138473431,51.2981238181474
15.9935553168636,511,514,39.9333062442469,-32.9211172044308,-13.4894210809697,46.4105382854005
15.9957035445757,511,515,44.8208917769937,-35.3649099708042,-15.9332138473431,51.2981238181474
15.9978517722879,508,514,54.5960628424873,-25.5897389053106,-28.1521776792102,53.7419165845208
16,508,509,30.1581351787532,-13.3707750734435,-15.9332138473431,29.3039889207867
16.0021482277121,506,508,35.0457207115,-6.0393967743233,-23.2645921464634,29.3039889207867
16.0042964554243,506,505,20.3829641132596,1.29198152479693,-15.9332138473431,14.6412323225462
16.0064446831364,506,511,49.7084773097405,-13.3707750734435,-30.5959704455836,43.9667455190271
16.0085929108485,510,510,25.2705496460064,-20.7021533725638,-8.60183554822292,29.3039889207867
16.0107411385607,511,510,20.3829641132596,-23.1459461389372,-3.7142500154761,26.8601961544133
16.0128893662728,513,511,15.4953785805127,-30.4773244380574,3.61712828364413,26.8601961544133
16.015037593985,513,513,25.2705496460064,-35.3649099708042,-1.27045724910268,36.6353672199069
16.0171858216971,517,509,-13.8301346159682,-35.3649099708042,28.0550559473782,7.30985402342599
16.0193340494092,516,507,-18.717720148715,-28.033531671684,28.0550559473782,-0.0215242756942402
16.0214822771214,514,506,-13.8301346159682,-20.7021533725638,20.723677648258,-0.0215242756942402
16.0236305048335,511,509,15.4953785805128,-20.7021533725638,-1.27045724910269,21.9726106216664
16.0257787325456,516,510,-4.05496355047452,-35.3649099708042,20.723677648258,14.6412323225462
16.0279269602578,514,509,0.832621982272297,-28.033531671684,13.3922993491378,14.6412323225462
16.0300751879699,515,510,0.8326219822723,-32.9211172044308,15.8360921155112,17.0850250889196
16.0322234156821,515,512,10.6077930477659,-37.8087027371776,10.9485065827644,26.8601961544133
16.0343716433942,514,512,15.4953785805128,-35.3649099708042,6.06092105001754,29.3039889207867
16.0365198711063,513,508,0.832621982272297,-23.1459461389372,10.9485065827644,12.1974395561728
16.0386680988185,511,505,-4.05496355047452,-10.9269823070701,8.50471381639095,2.42226849067917
16.0408163265306,515,507,-13.8301346159682,-25.5897389053106,23.1674704146314,2.42226849067917
16.0429645542428,516,511,0.832621982272293,-37.8087027371776,18.2798848818846,19.528817855293
16.0451127819549,514,510,5.72020751501912,-30.4773244380574,10.9485065827644,19.528817855293
16.047261009667,512,508,5.72020751501912,-20.7021533725638,6.06092105001754,14.6412323225462
16.0494092373792,521,514,-8.94254908322134,-57.3590448681649,35.3864342464985,21.9726106216664
16.0515574650913,529,517,-33.3804767469554,-84.2407652982724,67.1557402093528,17.0850250889196
16.0537056928034,531,518,-38.2680622797022,-91.5721435973926,74.487118508473,17.0850250889196
16.0558539205156,533,517,-52.9308188779427,-94.015936363766,86.7060823403401,7.30985402342598
16.0580021482277,527,515,-33.3804767469554,-74.4655942327788,62.268154676606,12.1974395561728
16.0601503759398,528,517,-28.4928912142086,-81.796972531899,62.268154676606,19.528817855293
16.062298603652,528,520,-13.8301346159682,-89.1283508310192,54.9367763774857,34.1915744535335
16.0644468313641,527,520,-8.94254908322134,-86.6845580646458,50.0491908447389,36.6353672199069
16.0665950590763,526,522,5.72020751501913,-89.1283508310192,40.2740197792453,48.854331051774
16.0687432867884,527,521,-4.05496355047453,-89.1283508310192,47.6053980783655,41.5229527526537
16.0708915145005,529,519,-23.6053056814618,-89.1283508310192,62.268154676606,26.8601961544133
16.0730397422127,528,519,-18.717720148715,-86.6845580646458,57.3805691438591,29.3039889207867
16.0751879699248,526,518,-13.8301346159681,-79.3531797655256,50.0491908447389,29.3039889207867
16.0773361976369,526,520,-4.05496355047451,-84.2407652982724,45.1616053119921,39.0791599862803
16.0794844253491,528,521,-8.94254908322135,-91.5721435973926,52.4929836111123,39.0791599862803
16.0816326530612,530,523,-8.94254908322134,-101.347314662886,57.3805691438591,43.9667455190271
16.0837808807734,529,524,0.8326219822723,-101.347314662886,50.0491908447389,51.2981238181474
16.0859291084855,529,526,10.6077930477659,-106.234900195633,45.1616053119921,61.073294883641
16.0880773361976,528,523,0.832621982272286,-96.4597291301395,47.6053980783655,48.8543310517739
16.0902255639098,529,521,-13.8301346159682,-94.015936363766,57.3805691438591,36.6353672199069
16.0923737916219,533,522,-28.4928912142086,-106.234900195633,74.487118508473,31.7477816871601
16.0945220193341,535,523,-33.3804767469554,-113.566278494753,81.8184968075932,31.7477816871601
16.0966702470462,535,524,-28.4928912142086,-116.010071261127,79.3747040412198,36.6353672199069
16.0988184747583,537,526,-28.4928912142086,-125.78524232662,84.2622895739666,41.5229527526537
16.1009667024705,539,528,-28.4928912142086,-135.560413392114,89.1498751067135,46.4105382854005
16.1031149301826,540,529,-28.4928912142086,-140.447998924861,91.5936678730869,48.8543310517739
16.1052631578947,541,531,-23.6053056814618,-147.779377223981,91.5936678730869,56.1857093508942
16.1074113856069,539,530,-18.717720148715,-140.447998924861,84.2622895739667,56.1857093508942
16.109559613319,543,529,-43.1556478124491,-147.779377223981,106.256424471327,41.5229527526537
16.1117078410311,540,532,-13.8301346159682,-147.779377223981,84.2622895739667,63.5170876500144
16.1138560687433,540,530,-23.6053056814618,-142.891791691234,89.1498751067135,53.7419165845208
16.1160042964554,536,531,0.832621982272286,-135.560413392114,67.1557402093528,68.4046731827612
16.1181525241676,537,532,0.832621982272286,-140.447998924861,69.5995329757262,70.8484659491346
16.1203007518797,543,536,-8.94254908322134,-164.885926588595,89.1498751067135,75.7360514818814
16.1224489795918,546,537,-18.717720148715,-174.661097654089,101.36883893858,73.2922587155081
16.124597207304,552,538,-43.1556478124491,-191.767647018702,128.250559368688,63.5170876500144
16.1267454350161,556,539,-57.8184044106895,-203.986610850569,145.357108733302,58.6295021172676
16.1288936627282,557,538,-67.5935754761832,-203.986610850569,152.688487032422,51.2981238181474
16.1310418904404,557,543,-43.1556478124491,-216.205574682437,140.469523200555,75.7360514818814
16.1331901181525,558,544,-43.1556478124491,-221.093160215183,142.913315966928,78.1798442482549
16.1353383458647,558,544,-43.1556478124491,-221.093160215183,142.913315966928,78.1798442482549
16.1374865735768,560,545,-48.0432333451959,-228.424538514304,150.244694266049,78.1798442482549
16.1396348012889,559,549,-23.6053056814618,-235.755916813424,135.581937667808,100.173979145616
16.1417830290011,558,546,-33.3804767469554,-225.98074574793,138.025730434182,87.9550153137485
16.1439312567132,560,544,-52.9308188779427,-225.98074574793,152.688487032422,73.292258715508
16.1460794844253,558,545,-38.2680622797022,-223.536952981557,140.469523200555,83.0674297810017
16.1482277121375,556,544,-33.3804767469555,-216.205574682437,133.138144901435,83.0674297810017
16.1503759398496,559,546,-38.2680622797022,-228.424538514304,142.913315966928,85.5112225473751
16.1525241675618,557,548,-18.717720148715,-228.424538514304,128.250559368688,100.173979145616
16.1546723952739,560,549,-28.4928912142086,-238.199709579797,140.469523200555,97.7301863792421
16.156820622986,558,549,-18.717720148715,-233.31212404705,130.694352135061,102.617771911989
16.1589688506982,552,549,10.6077930477659,-218.64936744881,101.368838938581,117.280528510229
16.1611170784103,549,546,10.6077930477659,-203.986610850569,94.0374606394603,109.949150211109
16.1632653061224,544,543,20.3829641132596,-184.436268719582,76.9309112748464,107.505357444736
16.1654135338346,551,543,-13.8301346159681,-201.542818084196,111.144010004074,90.3988080801219
16.1675617615467,558,547,-28.4928912142086,-228.424538514304,135.581937667808,92.8426008464953
16.1697099892589,561,549,-33.3804767469554,-240.643502346171,145.357108733302,95.2863936128687
16.171858216971,561,552,-18.717720148715,-247.974880645291,138.025730434182,109.949150211109
16.1740064446831,557,550,-8.94254908322134,-233.31212404705,123.362973835941,109.949150211109
16.1761546723953,550,549,20.3829641132596,-213.761781916063,91.5936678730869,122.168114042976
16.1783029001074,552,548,5.7202075150191,-216.205574682437,103.812631704954,112.392942977483
16.1804511278195,556,547,-18.717720148715,-223.536952981557,125.806766602315,97.7301863792421
16.1825993555317,556,546,-23.6053056814618,-221.093160215183,128.250559368688,92.8426008464953
16.1847475832438,557,547,-23.6053056814618,-225.98074574793,130.694352135061,95.2863936128687
16.186895810956,554,548,-4.05496355047453,-221.093160215183,113.587802770448,107.505357444736
16.1890440386681,555,548,-8.94254908322137,-223.536952981557,118.475388303194,105.061564678362
16.1911922663802,551,546,0.832621982272315,-208.874196383316,103.812631704954,105.061564678362
16.1933404940924,545,544,20.3829641132596,-189.323854252329,79.3747040412198,109.949150211109
16.1954887218045,541,542,30.1581351787532,-174.661097654089,64.7119474429794,109.949150211109
16.1976369495166,538,539,30.1581351787532,-159.998341055848,57.3805691438591,102.617771911989
16.1997851772288,533,534,30.1581351787532,-135.560413392114,45.1616053119921,90.3988080801219
16.2019334049409,535,535,25.2705496460064,-142.891791691234,52.4929836111123,90.3988080801219
16.2040816326531,536,536,25.2705496460064,-147.779377223981,54.9367763774857,92.8426008464953
16.2062298603652,538,537,20.3829641132596,-155.110755523101,62.2681546766059,92.8426008464953
16.2083780880773,536,536,25.2705496460064,-147.779377223981,54.9367763774857,92.8426008464953
16.2105263157895,535,537,35.0457207115001,-147.779377223981,47.6053980783655,100.173979145616
16.2126745435016,531,533,35.0457207115,-128.229035092994,37.8302270128719,90.3988080801219
16.2148227712137,529,531,35.0457207115,-118.4538640275,32.942641480125,85.5112225473751
16.2169709989259,524,526,35.0457207115,-94.015936363766,20.723677648258,73.292258715508
16.219119226638,524,525,30.1581351787532,-91.5721435973926,23.1674704146314,68.4046731827612
16.2212674543502,521,524,39.9333062442469,-81.796972531899,10.9485065827644,70.8484659491346
16.2234156820623,522,528,54.5960628424873,-94.015936363766,6.06092105001753,87.9550153137485
16.2255639097744,523,524,30.1581351787532,-86.6845580646458,20.723677648258,65.9608804163878
16.2277121374866,519,525,54.5960628424873,-79.3531797655256,-1.27045724910268,80.6236370146283
16.2298603651987,515,522,59.4836483752341,-62.2466304009117,-13.4894210809697,75.7360514818814
16.2320085929108,514,520,54.5960628424873,-54.9152521017915,-13.4894210809697,68.4046731827612
16.234156820623,513,516,39.9333062442469,-42.6962882699244,-8.60183554822292,51.2981238181474
16.2363050483351,517,515,15.4953785805127,-50.0276665690447,13.3922993491378,36.6353672199069
16.2384532760473,516,515,20.3829641132596,-47.5838738026713,8.50471381639095,39.0791599862803
16.2406015037594,511,516,49.7084773097405,-37.8087027371776,-18.3770066137166,56.1857093508942
16.2427497314715,513,516,39.9333062442469,-42.6962882699244,-8.60183554822292,51.2981238181474
16.2448979591837,517,515,15.4953785805127,-50.0276665690447,13.3922993491378,36.6353672199069
16.2470461868958,520,517,10.6077930477659,-62.2466304009117,23.1674704146314,39.0791599862803
16.2491944146079,521,518,10.6077930477659,-67.1342159336585,25.6112631810048,41.5229527526537
16.2513426423201,525,515,-23.6053056814618,-69.5780087000319,52.4929836111123,17.0850250889196
16.2534908700322,523,515,-13.8301346159682,-64.6904231672851,42.7178125456187,21.9726106216664
16.2556390977444,523,513,-23.6053056814618,-59.8028376345383,47.6053980783655,12.1974395561728
16.2577873254565,521,516,0.8326219822723,-62.2466304009117,30.4988487137516,31.7477816871601
16.2599355531686,522,518,5.72020751501913,-69.5780087000319,30.4988487137516,39.0791599862803
16.2620837808808,520,517,10.6077930477659,-62.2466304009117,23.1674704146314,39.0791599862803
16.2642320085929,521,517,5.72020751501911,-64.6904231672851,28.0550559473782,36.6353672199069
16.2663802363051,523,517,-4.05496355047453,-69.5780087000319,37.8302270128719,31.7477816871601
16.2685284640172,523,517,-4.05496355047453,-69.5780087000319,37.8302270128719,31.7477816871601
16.2706766917293,523,515,-13.8301346159682,-64.6904231672851,42.7178125456187,21.9726106216664
16.2728249194415,522,514,-13.8301346159681,-59.8028376345383,40.2740197792453,19.528817855293
16.2749731471536,519,514,0.8326219822723,-52.4714593354181,25.6112631810048,26.8601961544133
16.2771213748657,520,518,15.4953785805128,-64.6904231672851,20.723677648258,43.9667455190271
16.2792696025779,519,516,10.6077930477659,-57.3590448681649,20.723677648258,36.6353672199069
16.28141783029,521,518,10.6077930477659,-67.1342159336585,25.6112631810048,41.5229527526537
16.2835660580021,521,518,10.6077930477659,-67.1342159336585,25.6112631810048,41.5229527526537
16.2857142857143,523,517,-4.05496355047453,-69.5780087000319,37.8302270128719,31.7477816871601
16.2878625134264,523,514,-18.717720148715,-62.2466304009117,45.1616053119921,17.0850250889196
16.2900107411386,522,514,-13.8301346159681,-59.8028376345383,40.2740197792453,19.528817855293
16.2921589688507,520,515,0.832621982272293,-57.3590448681649,28.0550559473782,29.3039889207867
16.2943071965628,523,518,0.8326219822723,-72.0218014664053,35.3864342464985,36.6353672199069
16.296455424275,520,515,0.832621982272293,-57.3590448681649,28.0550559473782,29.3039889207867
16.2986036519871,515,514,20.3829641132596,-42.6962882699244,6.06092105001754,36.6353672199069
16.3007518796992,515,514,20.3829641132596,-42.6962882699244,6.06092105001754,36.6353672199069
16.3029001074114,517,517,25.2705496460064,-54.9152521017915,8.50471381639095,46.4105382854005
16.3050483351235,520,512,-13.8301346159682,-50.0276665690447,35.3864342464985,14.6412323225462
16.3071965628357,523,513,-23.6053056814618,-59.8028376345383,47.6053980783655,12.1974395561728
16.3093447905478,523,513,-23.6053056814618,-59.8028376345383,47.6053980783655,12.1974395561728
16.3114930182599,526,516,-23.6053056814618,-74.4655942327788,54.9367763774857,19.528817855293
16.3136412459721,525,518,-8.94254908322134,-76.9093869991522,45.1616053119921,31.7477816871601
16.3157894736842,525,518,-8.94254908322134,-76.9093869991522,45.1616053119921,31.7477816871601
16.3179377013963,525,519,-4.05496355047453,-79.3531797655256,42.7178125456187,36.6353672199069
16.3200859291085,523,521,15.4953785805127,-79.3531797655256,28.0550559473782,51.2981238181474
16.3222341568206,523,516,-8.94254908322134,-67.1342159336585,40.2740197792453,26.8601961544133
16.3243823845328,524,516,-13.8301346159682,-69.5780087000319,45.1616053119921,24.4164033880399
16.3265306122449,521,514,-8.94254908322134,-57.3590448681649,35.3864342464985,21.9726106216664
16.328678839957,521,517,5.72020751501911,-64.6904231672851,28.0550559473782,36.6353672199069
16.3308270676692,522,517,0.8326219822723,-67.1342159336585,32.942641480125,34.1915744535335
16.3329752953813,519,517,15.4953785805127,-59.8028376345383,18.2798848818846,41.5229527526537
16.3351235230934,518,519,30.1581351787532,-62.2466304009117,8.50471381639095,53.7419165845208
16.3372717508056,518,519,30.1581351787532,-62.2466304009117,8.50471381639095,53.7419165845208
16.3394199785177,517,515,15.4953785805127,-50.0276665690447,13.3922993491378,36.6353672199069
16.3415682062299,518,512,-4.05496355047452,-45.1400810362979,25.6112631810048,19.528817855293
16.343716433942,520,513,-8.94254908322134,-52.4714593354181,32.942641480125,19.528817855293
16.3458646616541,523,514,-18.717720148715,-62.2466304009117,45.1616053119921,17.0850250889196
16.3480128893663,521,515,-4.05496355047453,-59.8028376345383,32.942641480125,26.8601961544133
16.3501611170784,522,517,0.8326219822723,-67.1342159336585,32.942641480125,34.1915744535335
16.3523093447905,522,517,0.8326219822723,-67.1342159336585,32.942641480125,34.1915744535335
16.3544575725027,525,520,0.8326219822723,-81.796972531899,40.2740197792453,41.5229527526537
16.3566058002148,526,518,-13.8301346159681,-79.3531797655256,50.0491908447389,29.3039889207867
16.358754027927,526,518,-13.8301346159681,-79.3531797655256,50.0491908447389,29.3039889207867
16.3609022556391,526,515,-28.4928912142086,-72.0218014664053,57.3805691438591,14.6412323225462
16.3630504833512,531,518,-38.2680622797022,-91.5721435973926,74.487118508473,17.0850250889196
16.3651987110634,537,525,-33.3804767469554,-123.341449560247,86.7060823403401,36.6353672199069
16.3673469387755,542,526,-52.9308188779427,-138.004206158487,108.700217237701,29.3039889207867
16.3694951664876,540,527,-38.2680622797023,-135.560413392114,96.4812534058337,39.0791599862803
16.3716433941998,540,529,-28.4928912142086,-140.447998924861,91.5936678730869,48.8543310517739
16.3737916219119,539,528,-28.4928912142086,-135.560413392114,89.1498751067135,46.4105382854005
16.3759398496241,533,525,-13.8301346159682,-113.566278494753,67.1557402093528,46.4105382854005
16.3780880773362,527,523,5.72020751501911,-94.015936363766,42.7178125456187,51.2981238181474
16.3802363050483,529,521,-13.8301346159682,-94.015936363766,57.3805691438591,36.6353672199069
16.3823845327605,526,524,15.4953785805128,-94.015936363766,35.3864342464984,58.6295021172676
16.3845327604726,529,526,10.6077930477659,-106.234900195633,45.1616053119921,61.073294883641
16.3866809881847,529,525,5.72020751501911,-103.79110742926,47.6053980783655,56.1857093508942
16.3888292158969,529,528,20.3829641132596,-111.12248572838,40.2740197792453,70.8484659491346
16.390977443609,529,529,25.2705496460064,-113.566278494753,37.8302270128719,75.7360514818814
16.3931256713212,533,527,-4.05496355047453,-118.4538640275,62.268154676606,56.1857093508942
16.3952738990333,539,525,-43.1556478124491,-128.229035092994,96.4812534058337,31.7477816871601
16.3974221267454,543,528,-48.0432333451959,-145.335584457608,108.700217237701,36.6353672199069
16.3995703544576,543,532,-28.4928912142086,-155.110755523101,98.9250461722071,56.1857093508942
16.4017185821697,541,532,-18.717720148715,-150.223169990354,89.1498751067135,61.073294883641
16.4038668098818,541,532,-18.717720148715,-150.223169990354,89.1498751067135,61.073294883641
16.406015037594,541,530,-28.4928912142086,-145.335584457608,94.0374606394603,51.2981238181474
16.4081632653061,539,535,5.7202075150191,-152.666962756728,72.0433257420996,80.6236370146283
16.4103114930183,540,531,-18.717720148715,-145.335584457608,86.7060823403401,58.6295021172676
16.4124597207304,537,530,-8.94254908322134,-135.560413392114,74.487118508473,61.073294883641
16.4146079484425,534,527,-8.94254908322134,-120.897656793874,67.1557402093528,53.7419165845208
16.4167561761547,530,528,15.4953785805128,-113.566278494753,45.1616053119921,68.4046731827612
16.4189044038668,531,527,5.72020751501911,-113.566278494753,52.4929836111123,61.073294883641
16.4210526315789,531,528,10.6077930477659,-116.010071261127,50.0491908447389,65.9608804163878
16.4232008592911,526,526,25.2705496460064,-98.9035218965129,30.4988487137516,68.4046731827612
16.4253490870032,526,529,39.9333062442469,-106.234900195633,23.1674704146314,83.0674297810017
16.4274973147154,525,525,25.2705496460064,-94.015936363766,28.0550559473782,65.9608804163878
16.4296455424275,527,524,10.6077930477659,-96.4597291301395,40.2740197792453,56.1857093508942
16.4317937701396,531,523,-13.8301346159682,-103.79110742926,62.268154676606,41.5229527526537
16.4339419978518,528,522,-4.05496355047453,-94.015936363766,50.0491908447389,43.9667455190271
16.4360902255639,521,522,30.1581351787532,-76.9093869991522,15.8360921155112,61.073294883641
16.438238453276,520,521,30.1581351787532,-72.0218014664053,13.3922993491378,58.6295021172676
16.4403866809882,517,520,39.9333062442469,-62.2466304009117,1.17333551727072,61.073294883641
16.4425349087003,516,521,49.7084773097405,-62.2466304009117,-6.1580427818495,68.4046731827612
16.4446831364125,521,520,20.3829641132596,-72.0218014664053,20.723677648258,51.2981238181474
16.4468313641246,518,518,25.2705496460064,-59.8028376345383,10.9485065827644,48.854331051774
16.4489795918367,519,514,0.8326219822723,-52.4714593354181,25.6112631810048,26.8601961544133
16.4511278195489,517,513,5.72020751501911,-45.1400810362979,18.2798848818846,26.8601961544133
16.453276047261,515,514,20.3829641132596,-42.6962882699244,6.06092105001754,36.6353672199069
16.4554242749731,515,514,20.3829641132596,-42.6962882699244,6.06092105001754,36.6353672199069
16.4575725026853,511,513,35.0457207115,-30.4773244380574,-11.0456283145963,41.5229527526537
16.4597207303974,507,513,54.5960628424873,-20.7021533725638,-30.5959704455836,51.2981238181474
16.4618689581096,509,512,39.9333062442469,-23.1459461389372,-18.3770066137166,41.5229527526537
16.4640171858217,506,510,44.8208917769937,-10.9269823070701,-28.1521776792102,39.0791599862803
16.4661654135338,507,504,10.6077930477659,1.29198152479693,-8.60183554822291,7.30985402342599
16.468313641246,506,505,20.3829641132596,1.29198152479693,-15.9332138473431,14.6412323225462
16.4704618689581,511,506,0.832621982272297,-13.3707750734435,6.06092105001754,7.30985402342599
16.4726100966702,510,507,10.6077930477659,-13.3707750734435,-1.27045724910269,14.6412323225462
16.4747583243824,514,509,0.832621982272297,-28.033531671684,13.3922993491378,14.6412323225462
16.4769065520945,514,511,10.6077930477659,-32.9211172044308,8.50471381639095,24.4164033880398
16.4790547798067,514,511,10.6077930477659,-32.9211172044308,8.50471381639095,24.4164033880398
16.4812030075188,510,510,25.2705496460064,-20.7021533725638,-8.60183554822292,29.3039889207867
16.4833512352309,509,506,10.6077930477659,-8.48318954069671,-3.71425001547609,12.1974395561728
16.4854994629431,509,504,0.832621982272297,-3.59560400794989,1.17333551727072,2.42226849067917
16.4876476906552,508,506,15.4953785805128,-6.0393967743233,-8.60183554822291,14.6412323225462
16.4897959183673,507,506,20.3829641132596,-3.59560400794989,-13.4894210809697,17.0850250889196
16.4919441460795,506,505,20.3829641132596,1.29198152479693,-15.9332138473431,14.6412323225462
16.4940923737916,504,506,35.0457207115,3.73577429117034,-28.1521776792102,24.4164033880399
16.4962406015038,503,505,35.0457207115,8.62335982391715,-30.5959704455836,21.9726106216664
16.4983888292159,503,502,20.3829641132596,15.9547381230374,-23.2645921464634,7.30985402342599
16.500537056928,501,500,20.3829641132596,25.729909188531,-28.1521776792102,2.42226849067917
16.5026852846402,501,497,5.72020751501912,33.0612874876512,-20.82079938009,-12.2404881075613
16.5048335123523,500,500,25.2705496460064,28.1737019549044,-33.039763211957,4.86606125705258
16.5069817400644,501,499,15.4953785805128,28.1737019549044,-25.7083849128368,-2.46531704206765
16.5091299677766,506,502,5.72020751501912,8.62335982391715,-8.60183554822291,-0.0215242756942402
16.5112781954887,516,505,-28.4928912142086,-23.1459461389372,32.942641480125,-9.79669534118788
16.5134264232009,530,514,-52.9308188779427,-79.3531797655256,79.3747040412198,-0.0215242756942331
16.515574650913,548,522,-101.806674205411,-142.891791691234,147.800901499675,-4.90910980844106
16.5177228786251,564,529,-145.794944000132,-199.099025317823,208.895720659011,-9.79669534118788
16.5198711063373,580,536,-189.783213794854,-255.306258944411,269.990539818346,-14.6842808739349
16.5220193340494,599,548,-223.996312524082,-331.063834701987,333.529151744055,-2.46531704206788
16.5241675617615,619,560,-263.096996786056,-409.265203225936,401.95534920251,7.30985402342577
16.5263157894737,636,572,-287.53492444979,-480.135193450765,455.718790062725,24.4164033880396
16.5284640171858,648,583,-292.422509982537,-536.342427077354,487.488096025579,48.8543310517741
16.530612244898,646,591,-243.546654655069,-551.005183675594,458.162582829098,92.8426008464955
16.5327604726101,640,591,-214.221141458588,-536.342427077354,428.837069632618,107.505357444736
16.5349087003222,625,589,-150.682529532879,-494.797950049006,360.410872174162,134.387077874843
16.5370569280344,603,581,-82.2563320744237,-421.484167057803,272.434332584719,149.049834473084
16.5392051557465,579,573,-4.05496355047501,-343.282798533854,174.682621929783,168.600176604071
16.5413533834586,554,562,64.371233907981,-255.306258944411,79.3747040412198,175.931554903191
16.5435016111708,534,554,123.022260300943,-186.880061485956,1.17333551727071,185.706725968685
16.5456498388829,519,547,162.122944562917,-133.116620625741,-55.0338981093177,188.150518735058
16.5477980665951,510,543,186.560872226651,-101.347314662886,-89.2469968385454,190.594311501432
16.5499462943072,501,536,196.336043292145,-62.2466304009117,-116.128717268653,178.375347669565
16.5520945220193,499,531,181.673286693905,-45.1400810362979,-113.68492450228,158.825005538577
16.5542427497315,497,525,162.122944562917,-25.5897389053106,-108.797338969533,134.387077874843
16.5563909774436,498,520,132.797431366436,-15.8145678398169,-91.6907896049188,107.505357444736
16.5585392051557,500,518,113.247089235449,-15.8145678398169,-77.0280330066784,92.8426008464953
16.5606874328679,508,520,83.9215760389682,-40.252495503551,-42.8149342774506,83.0674297810017
16.56283566058,509,520,79.0339905062214,-42.6962882699244,-37.9273487447038,80.6236370146283
16.5649838882922,517,520,39.9333062442469,-62.2466304009117,1.17333551727072,61.073294883641
16.5671321160043,518,521,39.9333062442468,-67.1342159336585,3.61712828364413,63.5170876500144
16.5692803437164,520,521,30.1581351787532,-72.0218014664053,13.3922993491378,58.6295021172676
16.5714285714286,516,516,25.2705496460064,-50.0276665690447,6.06092105001754,43.9667455190271
16.5735767991407,512,514,35.0457207115,-35.3649099708042,-8.60183554822292,43.9667455190271
16.5757250268528,505,511,54.5960628424873,-10.9269823070701,-35.4835559783304,46.4105382854005
16.577873254565,499,507,64.3712339079809,13.510945356664,-55.0338981093177,41.5229527526537
16.5800214822771,496,506,74.1464049734746,23.2861164221576,-67.2528619411847,43.9667455190271
16.5821697099893,496,506,74.1464049734746,23.2861164221576,-67.2528619411847,43.9667455190271
16.5843179377014,500,506,54.5960628424873,13.510945356664,-47.7025198101975,34.1915744535335
16.5864661654135,501,507,54.5960628424873,8.62335982391715,-45.2587270438241,36.6353672199069
16.5886143931257,500,505,49.7084773097405,15.9547381230374,-45.2587270438241,29.3039889207867
16.5907626208378,501,503,35.0457207115,18.3985308894108,-35.4835559783304,17.0850250889196
16.5929108485499,501,500,20.3829641132596,25.729909188531,-28.1521776792102,2.42226849067917
16.5950590762621,506,501,0.832621982272297,11.0671525902906,-6.1580427818495,-4.90910980844106
16.5972073039742,507,504,10.6077930477659,1.29198152479693,-8.60183554822291,7.30985402342599
16.5993555316864,509,506,10.6077930477659,-8.48318954069671,-3.71425001547609,12.1974395561728
16.6015037593985,509,505,5.72020751501912,-6.0393967743233,-1.27045724910269,7.30985402342599
16.6036519871106,506,505,20.3829641132596,1.29198152479693,-15.9332138473431,14.6412323225462
16.6058002148228,502,505,39.9333062442469,11.0671525902906,-35.4835559783304,24.4164033880399
16.6079484425349,499,502,39.9333062442469,25.729909188531,-42.8149342774506,17.0850250889196
16.610096670247,498,498,25.2705496460064,37.9488730203981,-37.9273487447038,-0.0215242756942402
16.6122448979592,503,498,0.832621982272297,25.729909188531,-13.4894210809697,-12.2404881075613
16.6143931256713,507,500,-8.94254908322134,11.0671525902906,1.17333551727072,-12.2404881075613
16.6165413533835,508,505,10.6077930477659,-3.59560400794989,-6.1580427818495,9.7536467897994
16.6186895810956,513,506,-8.94254908322134,-18.2583606061904,15.8360921155112,2.42226849067917
16.6208378088077,511,506,0.832621982272297,-13.3707750734435,6.06092105001754,7.30985402342599
16.6229860365199,511,507,5.72020751501912,-15.8145678398169,3.61712828364413,12.1974395561728
16.625134264232,511,506,0.832621982272297,-13.3707750734435,6.06092105001754,7.30985402342599
16.6272824919441,509,504,0.832621982272297,-3.59560400794989,1.17333551727072,2.42226849067917
16.6294307196563,510,503,-8.94254908322134,-3.59560400794989,8.50471381639095,-4.90910980844106
16.6315789473684,513,505,-13.8301346159682,-15.8145678398169,18.2798848818846,-2.46531704206765
16.6337271750806,517,506,-28.4928912142086,-28.033531671684,35.3864342464985,-7.35290257481447
16.6358754027927,518,510,-13.8301346159682,-40.252495503551,30.4988487137516,9.7536467897994
16.6380236305048,518,511,-8.94254908322134,-42.6962882699244,28.0550559473782,14.6412323225462
16.640171858217,518,511,-8.94254908322134,-42.6962882699244,28.0550559473782,14.6412323225462
16.6423200859291,517,511,-4.05496355047453,-40.252495503551,23.1674704146314,17.0850250889196
16.6444683136412,515,510,0.8326219822723,-32.9211172044308,15.8360921155112,17.0850250889196
16.6466165413534,516,506,-23.6053056814618,-25.5897389053106,30.4988487137516,-4.90910980844106
16.6487647690655,517,508,-18.717720148715,-32.9211172044308,30.4988487137516,2.42226849067917
16.6509129967777,518,510,-13.8301346159682,-40.252495503551,30.4988487137516,9.7536467897994
16.6530612244898,516,514,15.4953785805128,-45.1400810362979,10.9485065827644,34.1915744535335
16.6552094522019,519,511,-13.8301346159682,-45.1400810362979,32.942641480125,12.1974395561728
16.6573576799141,517,513,5.72020751501911,-45.1400810362979,18.2798848818846,26.8601961544133
16.6595059076262,516,514,15.4953785805128,-45.1400810362979,10.9485065827644,34.1915744535335
16.6616541353383,516,512,5.72020751501912,-40.252495503551,15.8360921155112,24.4164033880399
16.6638023630505,515,510,0.8326219822723,-32.9211172044308,15.8360921155112,17.0850250889196
16.6659505907626,516,509,-8.94254908322134,-32.9211172044308,23.1674704146314,9.7536467897994
16.6680988184748,514,511,10.6077930477659,-32.9211172044308,8.50471381639095,24.4164033880398
16.6702470461869,517,511,-4.05496355047453,-40.252495503551,23.1674704146314,17.0850250889196
16.672395273899,519,513,-4.05496355047453,-50.0276665690447,28.0550559473782,21.9726106216664
16.6745435016112,521,514,-8.94254908322134,-57.3590448681649,35.3864342464985,21.9726106216664
16.6766917293233,522,516,-4.05496355047451,-64.6904231672851,35.3864342464984,29.3039889207867
16.6788399570354,523,516,-8.94254908322134,-67.1342159336585,40.2740197792453,26.8601961544133
16.6809881847476,524,515,-18.717720148715,-67.1342159336585,47.6053980783655,19.528817855293
16.6831364124597,528,515,-38.2680622797023,-76.9093869991522,67.1557402093528,9.75364678979939
16.6852846401719,529,516,-38.2680622797022,-81.796972531899,69.5995329757262,12.1974395561728
16.687432867884,529,518,-28.4928912142086,-86.6845580646458,64.7119474429794,21.9726106216664
16.6895810955961,528,519,-18.717720148715,-86.6845580646458,57.3805691438591,29.3039889207867
16.6917293233083,527,520,-8.94254908322134,-86.6845580646458,50.0491908447389,36.6353672199069
16.6938775510204,526,521,0.8326219822723,-86.6845580646458,42.7178125456187,43.9667455190271
16.6960257787325,527,521,-4.05496355047453,-89.1283508310192,47.6053980783655,41.5229527526537
16.6981740064447,531,523,-13.8301346159682,-103.79110742926,62.268154676606,41.5229527526537
16.7003222341568,532,521,-28.4928912142086,-101.347314662886,72.0433257420996,29.3039889207867
16.702470461869,532,521,-28.4928912142086,-101.347314662886,72.0433257420996,29.3039889207867
16.7046186895811,532,523,-18.717720148715,-106.234900195633,67.1557402093528,39.0791599862803
16.7067669172932,540,529,-28.4928912142086,-140.447998924861,91.5936678730869,48.8543310517739
16.7089151450054,541,529,-33.3804767469554,-142.891791691234,96.4812534058337,46.4105382854005
16.7110633727175,541,530,-28.4928912142086,-145.335584457608,94.0374606394603,51.2981238181474
16.7132116004296,545,533,-33.3804767469554,-162.442133822222,106.256424471327,56.1857093508942
16.7153598281418,546,532,-43.1556478124491,-162.442133822221,113.587802770448,48.8543310517739
16.7175080558539,543,530,-38.2680622797022,-150.223169990354,103.812631704954,46.4105382854005
16.7196562835661,543,529,-43.1556478124491,-147.779377223981,106.256424471327,41.5229527526537
16.7218045112782,542,533,-18.717720148715,-155.110755523101,91.5936678730869,63.5170876500144
16.7239527389903,545,537,-13.8301346159681,-172.217304887715,96.4812534058337,75.7360514818815
16.7261009667025,548,536,-33.3804767469555,-177.104890420462,113.587802770448,63.5170876500144
16.7282491944146,547,537,-23.6053056814618,-177.104890420462,106.256424471327,70.8484659491346
16.7303974221267,546,538,-13.8301346159681,-177.104890420462,98.9250461722071,78.1798442482549
16.7325456498389,547,537,-23.6053056814618,-177.104890420462,106.256424471327,70.8484659491346
16.734693877551,545,535,-23.6053056814618,-167.329719354968,101.368838938581,65.9608804163878
16.7368421052632,543,534,-18.717720148715,-159.998341055848,94.0374606394603,65.9608804163878
16.7389903329753,544,532,-33.3804767469555,-157.554548289475,103.812631704954,53.7419165845208
16.7411385606874,540,535,0.832621982272286,-155.110755523101,76.9309112748464,78.1798442482549
16.7432867883996,541,536,0.832621982272286,-159.998341055848,79.3747040412198,80.6236370146283
16.7454350161117,543,538,0.832621982272315,-169.773512121342,84.2622895739666,85.5112225473751
16.7475832438238,542,539,10.6077930477659,-169.773512121342,76.9309112748464,92.8426008464953
16.749731471536,542,538,5.72020751501913,-167.329719354968,79.3747040412198,87.9550153137485
16.7518796992481,542,535,-8.94254908322134,-159.998341055848,86.70608234034,73.292258715508
16.7540279269603,540,535,0.832621982272286,-155.110755523101,76.9309112748464,78.1798442482549
16.7561761546724,544,534,-23.6053056814618,-162.442133822222,98.9250461722071,63.5170876500144
16.7583243823845,541,538,10.6077930477659,-164.885926588595,74.487118508473,90.3988080801219
16.7604726100967,539,536,10.6077930477659,-155.110755523101,69.5995329757262,85.5112225473751
16.7626208378088,540,536,5.7202075150191,-157.554548289475,74.487118508473,83.0674297810017
16.7647690655209,538,538,25.2705496460064,-157.554548289475,59.8243619102325,97.7301863792421
16.7669172932331,537,537,25.2705496460064,-152.666962756728,57.3805691438591,95.2863936128687
16.7690655209452,534,534,25.2705496460064,-138.004206158487,50.0491908447389,87.9550153137485
16.7712137486574,534,531,10.6077930477659,-130.672827859367,57.3805691438591,73.292258715508
16.7733619763695,534,530,5.72020751501913,-128.229035092994,59.8243619102325,68.4046731827612
16.7755102040816,533,531,15.4953785805127,-128.229035092994,52.4929836111123,75.7360514818814
16.7776584317938,533,533,25.2705496460064,-133.116620625741,47.6053980783655,85.5112225473751
16.7798066595059,528,531,39.9333062442468,-116.010071261127,28.0550559473782,87.9550153137485
16.781954887218,528,530,35.0457207115,-113.566278494753,30.4988487137516,83.0674297810017
16.7841031149302,526,529,39.9333062442469,-106.234900195633,23.1674704146314,83.0674297810017
16.7862513426423,522,527,49.7084773097405,-91.5721435973926,8.50471381639095,83.0674297810017
16.7883995703545,521,522,30.1581351787532,-76.9093869991522,15.8360921155112,61.073294883641
16.7905477980666,520,520,25.2705496460064,-69.5780087000319,15.8360921155112,53.7419165845208
16.7926960257787,518,519,30.1581351787532,-62.2466304009117,8.50471381639095,53.7419165845208
16.7948442534909,514,522,64.371233907981,-59.8028376345383,-18.3770066137166,78.1798442482549
16.796992481203,517,519,35.0457207115,-59.8028376345383,3.61712828364413,56.1857093508942
16.7991407089151,517,520,39.9333062442469,-62.2466304009117,1.17333551727072,61.073294883641
16.8012889366273,517,518,30.1581351787532,-57.3590448681649,6.06092105001754,51.2981238181474
16.8034371643394,515,519,44.8208917769937,-54.9152521017915,-6.1580427818495,61.073294883641
16.8055853920516,515,515,25.2705496460064,-45.1400810362979,3.61712828364413,41.5229527526537
16.8077336197637,512,513,30.1581351787532,-32.9211172044308,-6.1580427818495,39.0791599862803
16.8098818474758,507,511,44.8208917769937,-15.8145678398169,-25.7083849128368,41.5229527526537
16.812030075188,501,511,74.1464049734746,-1.15181124157648,-55.0338981093177,56.1857093508942
16.8141783029001,502,508,54.5960628424873,3.73577429117034,-42.8149342774506,39.0791599862803
16.8163265306122,503,508,49.7084773097405,1.29198152479693,-37.9273487447038,36.6353672199069
16.8184747583244,502,508,54.5960628424873,3.73577429117034,-42.8149342774506,39.0791599862803
16.8206229860365,502,510,64.371233907981,-1.15181124157649,-47.7025198101975,48.854331051774
16.8227712137487,501,505,44.8208917769937,13.510945356664,-40.3711415110772,26.8601961544133
16.8249194414608,501,502,30.1581351787532,20.8423236557842,-33.039763211957,12.1974395561728
16.8270676691729,502,500,15.4953785805128,23.2861164221576,-23.2645921464634,-0.0215242756942402
16.8292158968851,498,501,39.9333062442469,30.6174947212778,-45.2587270438241,14.6412323225462
16.8313641245972,499,500,30.1581351787532,30.6174947212778,-37.9273487447038,7.30985402342599
16.8335123523093,499,501,35.0457207115,28.1737019549044,-40.3711415110772,12.1974395561728
16.8356605800215,497,499,35.0457207115,37.9488730203981,-45.2587270438241,7.30985402342599
16.8378088077336,495,501,54.5960628424873,37.9488730203981,-59.9214836420645,21.9726106216664
16.8399570354458,490,495,49.7084773097405,64.8305934505056,-69.6966547075582,4.86606125705258
16.8421052631579,489,492,39.9333062442469,74.6057645159992,-67.2528619411847,-7.35290257481446
16.84425349087,491,490,20.3829641132596,74.6057645159992,-52.5901053429443,-22.0156591730549
16.8464017185822,494,494,25.2705496460064,57.4992151513853,-47.7025198101975,-9.79669534118787
16.8485499462943,495,493,15.4953785805127,57.4992151513853,-40.3711415110772,-17.1280736403081
16.8506981740064,496,497,30.1581351787532,45.2802513195183,-45.2587270438241,-0.0215242756942402
16.8528464017186,498,498,25.2705496460064,37.9488730203981,-37.9273487447038,-0.0215242756942402
16.8549946294307,497,498,30.1581351787532,40.3926657867715,-42.8149342774506,2.42226849067917
16.8571428571429,494,495,30.1581351787532,55.0554223850119,-50.1463125765709,-4.90910980844106
16.859291084855,496,492,5.72020751501912,57.4992151513853,-33.039763211957,-24.4594519394283
16.8614393125671,496,491,0.832621982272293,59.9430079177587,-30.5959704455836,-29.3470374721752
16.8635875402793,497,492,0.8326219822723,55.0554223850119,-28.1521776792102,-26.9032447058017
16.8657357679914,498,494,5.72020751501912,47.7240440858917,-28.1521776792102,-19.5718664066815
16.8678839957035,496,493,10.6077930477659,55.0554223850119,-35.4835559783304,-19.5718664066815
16.8700322234157,493,494,30.1581351787532,59.9430079177587,-52.5901053429443,-7.35290257481446
16.8721804511278,496,494,15.4953785805128,52.6116296186385,-37.9273487447038,-14.6842808739347
16.87432867884,495,495,25.2705496460064,52.6116296186385,-45.2587270438241,-7.35290257481447
16.8764769065521,498,494,5.72020751501912,47.7240440858917,-28.1521776792102,-19.5718664066815
16.8786251342642,499,492,-8.94254908322134,50.1678368522651,-18.3770066137166,-31.7908302385486
16.8807733619764,502,492,-23.6053056814618,42.8364585531449,-3.7142500154761,-39.1222085376688
16.8829215896885,505,494,-28.4928912142086,30.6174947212778,6.06092105001754,-36.6784157712954
16.8850698174006,504,496,-13.8301346159682,28.1737019549044,-3.7142500154761,-24.4594519394283
16.8872180451128,503,497,-4.05496355047452,28.1737019549044,-11.0456283145963,-17.1280736403081
16.8893662728249,503,498,0.832621982272297,25.729909188531,-13.4894210809697,-12.2404881075613
16.8915145005371,502,498,5.72020751501912,28.1737019549044,-18.3770066137166,-9.79669534118788
16.8936627282492,498,495,10.6077930477659,45.2802513195183,-30.5959704455836,-14.6842808739347
16.8958109559613,497,493,5.72020751501911,52.6116296186385,-30.5959704455836,-22.0156591730549
16.8979591836735,495,490,0.8326219822723,64.8305934505056,-33.039763211957,-31.7908302385486
16.9001074113856,495,492,10.6077930477659,59.9430079177587,-37.9273487447038,-22.0156591730549
16.9022556390977,496,491,0.832621982272293,59.9430079177587,-30.5959704455836,-29.3470374721752
16.9044038668099,494,493,20.3829641132596,59.9430079177588,-45.2587270438241,-14.6842808739347
16.906552094522,492,494,35.0457207115,62.3868006841322,-57.4776908756911,-4.90910980844106
16.9087003222342,492,493,30.1581351787532,64.8305934505056,-55.0338981093177,-9.79669534118788
16.9108485499463,491,491,25.2705496460064,72.1619717496258,-55.0338981093177,-17.1280736403081
16.9129967776584,496,490,-4.05496355047452,62.3868006841322,-28.1521776792102,-34.234623004922
16.9151450053706,494,489,0.8326219822723,69.7181789832524,-35.4835559783304,-34.234623004922
16.9172932330827,494,489,0.8326219822723,69.7181789832524,-35.4835559783304,-34.234623004922
16.9194414607948,495,491,5.72020751501911,62.3868006841322,-35.4835559783304,-26.9032447058017
16.921589688507,493,492,20.3829641132596,64.8305934505056,-47.7025198101975,-17.1280736403081
16.9237379162191,493,492,20.3829641132596,64.8305934505056,-47.7025198101975,-17.1280736403081
16.9258861439313,497,495,15.4953785805127,47.7240440858917,-35.4835559783304,-12.2404881075613
16.9280343716434,501,495,-4.05496355047453,37.9488730203981,-15.9332138473431,-22.0156591730549
16.9301825993555,504,495,-18.717720148715,30.6174947212778,-1.27045724910268,-29.3470374721752
16.9323308270677,505,493,-33.3804767469554,33.0612874876512,8.50471381639095,-41.5660013040422
16.9344790547798,504,494,-23.6053056814618,33.0612874876512,1.17333551727072,-34.234623004922
16.9366272824919,503,494,-18.717720148715,35.5050802540247,-3.7142500154761,-31.7908302385486
16.9387755102041,500,496,5.72020751501912,37.9488730203981,-23.2645921464634,-14.6842808739347
16.9409237379162,500,494,-4.05496355047452,42.8364585531449,-18.3770066137166,-24.4594519394283
16.9430719656284,497,497,25.2705496460064,42.8364585531449,-40.3711415110772,-2.46531704206765
16.9452201933405,496,496,25.2705496460064,47.7240440858917,-42.8149342774506,-4.90910980844106
16.9473684210526,497,493,5.72020751501911,52.6116296186385,-30.5959704455836,-22.0156591730549
16.9495166487648,497,492,0.8326219822723,55.0554223850119,-28.1521776792102,-26.9032447058017
16.9516648764769,496,489,-8.94254908322134,64.8305934505056,-25.7083849128368,-39.1222085376688
16.953813104189,494,490,5.72020751501913,67.274386216879,-37.9273487447038,-29.3470374721751
16.9559613319012,498,493,0.832621982272293,50.1678368522651,-25.7083849128368,-24.4594519394283
16.9581095596133,496,494,15.4953785805128,52.6116296186385,-37.9273487447038,-14.6842808739347
16.9602577873255,497,495,15.4953785805127,47.7240440858917,-35.4835559783304,-12.2404881075613
16.9624060150376,500,495,0.832621982272293,40.3926657867715,-20.82079938009,-19.5718664066815
16.9645542427497,503,496,-8.94254908322134,30.6174947212778,-8.60183554822292,-22.0156591730549
16.9667024704619,505,496,-18.717720148715,25.729909188531,1.17333551727072,-26.9032447058017
16.968850698174,503,498,0.832621982272297,25.729909188531,-13.4894210809697,-12.2404881075613
16.9709989258861,501,493,-13.8301346159682,42.8364585531449,-11.0456283145963,-31.7908302385486
16.9731471535983,500,494,-4.05496355047452,42.8364585531449,-18.3770066137166,-24.4594519394283
16.9752953813104,503,496,-8.94254908322134,30.6174947212778,-8.60183554822292,-22.0156591730549
16.9774436090226,507,501,-4.05496355047452,8.62335982391715,-1.27045724910269,-7.35290257481447
16.9795918367347,508,502,-4.05496355047452,3.73577429117034,1.17333551727072,-4.90910980844106
16.9817400644468,509,503,-4.05496355047452,-1.15181124157648,3.61712828364413,-2.46531704206765
16.983888292159,511,502,-18.717720148715,-3.59560400794989,15.8360921155112,-12.2404881075613
16.9860365198711,512,499,-38.2680622797022,1.29198152479693,28.0550559473782,-29.3470374721752
16.9881847475832,511,499,-33.3804767469554,3.73577429117034,23.1674704146314,-26.9032447058017
16.9903329752954,508,500,-13.8301346159682,8.62335982391715,6.06092105001754,-14.6842808739347
16.9924812030075,510,502,-13.8301346159682,-1.15181124157648,10.9485065827644,-9.79669534118788
16.9946294307197,514,503,-28.4928912142086,-13.3707750734435,28.0550559473782,-14.6842808739347
16.9967776584318,514,507,-8.94254908322134,-23.1459461389372,18.2798848818846,4.86606125705258
16.9989258861439,513,506,-8.94254908322134,-18.2583606061904,15.8360921155112,2.42226849067917
17.0010741138561,511,505,-4.05496355047452,-10.9269823070701,8.50471381639095,2.42226849067917
17.0032223415682,512,504,-13.8301346159682,-10.9269823070701,15.8360921155112,-4.90910980844106
17.0053705692803,507,501,-4.05496355047452,8.62335982391715,-1.27045724910269,-7.35290257481447
17.0075187969925,502,501,20.3829641132596,20.8423236557842,-25.7083849128368,4.86606125705258
17.0096670247046,500,501,30.1581351787532,25.729909188531,-35.4835559783304,9.7536467897994
17.0118152524168,498,499,30.1581351787532,35.5050802540247,-40.3711415110772,4.86606125705258
17.0139634801289,499,501,35.0457207115,28.1737019549044,-40.3711415110772,12.1974395561728
17.016111707841,500,500,25.2705496460064,28.1737019549044,-33.039763211957,4.86606125705258
17.0182599355532,500,498,15.4953785805128,33.0612874876512,-28.1521776792102,-4.90910980844106
17.0204081632653,498,497,20.3829641132596,40.3926657867715,-35.4835559783304,-4.90910980844106
17.0225563909774,499,497,15.4953785805128,37.9488730203981,-30.5959704455836,-7.35290257481447
17.0247046186896,502,496,-4.05496355047452,33.0612874876512,-13.4894210809697,-19.5718664066815
17.0268528464017,500,497,10.6077930477659,35.5050802540247,-25.7083849128368,-9.79669534118788
17.0290010741139,499,497,15.4953785805128,37.9488730203981,-30.5959704455836,-7.35290257481447
17.031149301826,496,496,25.2705496460064,47.7240440858917,-42.8149342774506,-4.90910980844106
17.0332975295381,493,495,35.0457207115,57.4992151513853,-55.0338981093177,-2.46531704206765
17.0354457572503,491,494,39.9333062442469,64.8305934505056,-62.3652764084379,-2.46531704206765
17.0375939849624,491,492,30.1581351787532,69.7181789832524,-57.4776908756911,-12.2404881075613
17.0397422126745,491,487,5.72020751501911,81.9371428151194,-45.2587270438241,-36.6784157712954
17.0418904403867,486,486,25.2705496460064,96.5998994133599,-67.2528619411847,-29.3470374721751
17.0440386680988,483,486,39.9333062442469,103.93127771248,-81.9156185394252,-22.0156591730549
17.046186895811,481,483,35.0457207115,116.150241544347,-84.3594113057986,-31.7908302385486
17.0483351235231,480,487,59.4836483752341,108.818863245227,-99.0221679040391,-9.79669534118788
17.0504833512352,485,488,39.9333062442469,94.1561066469865,-77.0280330066784,-17.1280736403081
17.0526315789474,487,488,30.1581351787532,89.2685211142397,-67.2528619411847,-22.0156591730549
17.0547798066595,488,487,20.3829641132596,89.2685211142397,-59.9214836420645,-29.3470374721752
17.0569280343716,487,486,20.3829641132596,94.1561066469865,-62.3652764084379,-31.7908302385486
17.0590762620838,488,481,-8.94254908322135,103.93127771248,-45.258727043824,-58.6725506686561
17.0612244897959,487,482,0.8326219822723,103.93127771248,-52.5901053429443,-51.3411723695358
17.0633727175081,486,484,15.4953785805128,101.487484946107,-62.3652764084379,-39.1222085376688
17.0655209452202,480,482,35.0457207115,121.037827077094,-86.803204072172,-34.234623004922
17.0676691729323,479,481,35.0457207115005,125.925412609841,-89.2469968385459,-36.6784157712952
17.0698174006445,480,482,35.0457207115,121.037827077094,-86.803204072172,-34.234623004922
17.0719656283566,480,482,35.0457207115,121.037827077094,-86.803204072172,-34.234623004922
17.0741138560687,484,482,15.4953785805127,111.2626560116,-67.2528619411847,-44.0097940704156
17.0762620837809,483,479,5.72020751501867,121.037827077094,-64.8090691748111,-56.2287579022831
17.078410311493,481,479,15.4953785805123,125.925412609841,-74.5842402403048,-51.3411723695363
17.0805585392052,481,481,25.2705496460064,121.037827077094,-79.4718257730518,-41.5660013040422
17.0827067669173,486,483,10.6077930477659,103.93127771248,-59.9214836420645,-44.0097940704156
17.0848549946294,485,481,5.72020751501911,111.2626560116,-59.9214836420645,-51.3411723695358
17.0870032223416,486,483,10.6077930477659,103.93127771248,-59.9214836420645,-44.0097940704156
17.0891514500537,482,483,30.1581351787532,113.706448777974,-79.4718257730518,-34.234623004922
17.0912996777658,478,479,30.1581351787532,133.256790908961,-89.2469968385456,-44.0097940704158
17.093447905478,474,474,25.2705496460064,155.250925806322,-96.5783751376659,-58.6725506686563
17.0955961331901,474,472,15.4953785805127,160.138511339069,-91.690789604919,-68.4477217341499
17.0977443609023,476,475,20.3829641132596,147.919547507202,-89.2469968385456,-58.6725506686563
17.0998925886144,479,478,20.3829641132596,133.256790908961,-81.9156185394254,-51.3411723695361
17.1020408163265,482,479,10.6077930477655,123.481619843468,-69.6966547075579,-53.7849651359097
17.1041890440387,484,479,0.832621982271846,118.594034310721,-59.9214836420643,-58.6725506686565
17.1063372717508,488,482,-4.05496355047453,101.487484946107,-47.7025198101975,-53.7849651359092
17.1084854994629,494,483,-28.4928912142086,84.3809355814928,-20.82079938009,-63.5601362014029
17.1106337271751,507,487,-72.48116100893,42.8364585531449,32.942641480125,-75.7791000332699
17.1127819548872,523,493,-121.357016336398,-10.9269823070701,96.4812534058337,-85.5542710987636
17.1149301825994,539,504,-145.794944000132,-76.9093869991522,147.800901499675,-70.8915145005231
17.1170784103115,563,516,-204.445970393094,-164.885926588595,235.777441089118,-70.8915145005231
17.1192266380236,585,531,-238.659069122322,-255.306258944411,306.647431313947,-51.3411723695361
17.1213748657358,604,544,-267.984582318803,-333.50762746836,367.742250473283,-34.2346230049222
17.1235230934479,612,553,-263.096996786056,-375.052104496708,384.848799837896,-9.7966953411881
17.12567132116,616,560,-248.434240187816,-401.933824926816,387.29259260427,14.641232322546
17.1278195488722,607,562,-194.670799327601,-384.827275562202,338.416737276802,46.4105382854003
17.1299677765843,595,558,-155.570115065626,-345.726591300227,289.540881949334,56.1857093508939
17.1321160042965,573,551,-82.2563320744236,-274.856601075398,199.120549593517,75.7360514818814
17.1342642320086,550,546,5.72020751501913,-206.430403616943,98.9250461722071,107.505357444736
17.1364124597207,526,537,79.0339905062214,-125.78524232662,3.61712828364412,122.168114042976
17.1385606874329,506,528,132.797431366436,-54.9152521017915,-72.1404474739316,127.055699575723
17.140708915145,491,521,171.898115628411,-1.15181124157648,-128.34768110052,129.499492342096
17.1428571428571,478,512,191.448457759399,52.6116296186387,-169.892158128868,117.28052851023
17.1450053705693,471,503,181.673286693905,91.7123138806133,-182.111121960735,90.3988080801221
17.1471535982814,464,494,171.898115628411,130.812998142588,-194.330085792602,63.5170876500146
17.1493018259936,464,491,157.235359030171,138.144376441708,-186.998707493482,48.8543310517742
17.1514500537057,468,491,137.685016899184,128.369205376214,-167.448365362495,39.0791599862805
17.1535982814178,471,491,123.022260300943,121.037827077094,-152.785608764255,31.7477816871603
17.15574650913,473,488,98.5843326372091,123.481619843468,-135.679059399641,12.197439556173
17.1578947368421,476,489,88.8091615717155,113.706448777974,-123.460095567774,9.75364678979962
17.1600429645542,477,489,83.9215760389687,111.262656011601,-118.572510035027,7.30985402342621
17.1621911922664,481,487,54.5960628424873,106.375070478854,-94.1345823712922,-12.2404881075613
17.1643394199785,486,485,20.3829641132596,99.0436921797333,-64.8090691748113,-34.234623004922
17.1664876476907,485,485,25.2705496460064,101.487484946107,-69.6966547075581,-31.7908302385486
17.1686358754028,485,482,10.6077930477659,108.818863245227,-62.3652764084379,-46.453586836789
17.1707841031149,480,485,49.7084773097405,113.706448777974,-94.1345823712922,-19.5718664066815
17.1729323308271,477,482,49.7084773097409,128.369205376214,-101.465960670413,-26.9032447058015
17.1750805585392,479,484,49.7084773097409,118.594034310721,-96.5783751376661,-22.0156591730547
17.1772287862513,481,485,44.8208917769937,111.2626560116,-89.2469968385454,-22.0156591730549
17.1793770139635,485,485,25.2705496460064,101.487484946107,-69.6966547075581,-31.7908302385486
17.1815252416756,486,482,5.72020751501913,106.375070478854,-57.4776908756911,-48.8973796031624
17.1836734693878,485,480,0.8326219822723,113.706448777974,-57.4776908756911,-56.2287579022827
17.1858216970999,483,479,5.72020751501867,121.037827077094,-64.8090691748111,-56.2287579022831
17.187969924812,483,482,20.3829641132596,113.706448777974,-72.1404474739316,-41.5660013040422
17.1901181525242,478,480,35.0457207115005,130.812998142588,-91.6907896049193,-39.1222085376686
17.1922663802363,477,477,25.2705496460064,140.588169208082,-89.2469968385457,-51.3411723695361
17.1944146079484,478,479,30.1581351787532,133.256790908961,-89.2469968385456,-44.0097940704158
17.1965628356606,479,481,35.0457207115005,125.925412609841,-89.2469968385459,-36.6784157712952
17.1987110633727,475,477,35.0457207115,145.475754740829,-99.0221679040393,-46.4535868367892
17.2008592910849,475,474,20.3829641132596,152.807133039949,-91.690789604919,-61.1163434350297
17.203007518797,474,472,15.4953785805127,160.138511339069,-91.690789604919,-68.4477217341499
17.2051557465091,472,474,35.0457207115,160.138511339069,-106.35354620316,-53.7849651359095
17.2073039742213,475,475,25.2705496460064,150.363340273575,-94.1345823712925,-56.2287579022829
17.2094522019334,480,476,5.72020751501867,135.700583675335,-72.1404474739313,-63.5601362014033
17.2116004296455,483,477,-4.05496355047497,125.925412609841,-59.9214836420643,-66.0039289677767
17.2137486573577,487,480,-8.94254908322134,108.818863245227,-47.7025198101975,-61.1163434350295
17.2158968850698,490,480,-23.6053056814618,101.487484946107,-33.039763211957,-68.4477217341497
17.218045112782,492,480,-33.3804767469554,96.5998994133599,-23.2645921464634,-73.3353072668965
17.2201933404941,487,479,-13.8301346159686,111.262656011601,-45.2587270438238,-66.0039289677767
17.2223415682062,489,480,-18.717720148715,103.93127771248,-37.9273487447038,-66.0039289677763
17.2244897959184,487,482,0.8326219822723,103.93127771248,-52.5901053429443,-51.3411723695358
17.2266380236305,485,480,0.8326219822723,113.706448777974,-57.4776908756911,-56.2287579022827
17.2287862513426,483,483,25.2705496460064,111.2626560116,-74.584240240305,-36.6784157712954
17.2309344790548,489,482,-8.94254908322134,99.0436921797333,-42.8149342774506,-56.2287579022827
17.2330827067669,490,485,0.8326219822723,89.2685211142397,-45.2587270438241,-44.0097940704156
17.2352309344791,492,480,-33.3804767469554,96.5998994133599,-23.2645921464634,-73.3353072668965
17.2373791621912,490,480,-23.6053056814618,101.487484946107,-33.039763211957,-68.4477217341497
17.2395273899033,489,481,-13.8301346159682,101.487484946107,-40.3711415110772,-61.1163434350295
17.2416756176155,491,485,-4.05496355047453,86.8247283478663,-40.3711415110772,-46.453586836789
17.2438238453276,492,485,-8.94254908322135,84.3809355814928,-35.4835559783304,-48.8973796031624
17.2459720730397,490,486,5.72020751501913,86.8247283478663,-47.7025198101975,-39.1222085376688
17.2481203007519,490,489,20.3829641132596,79.493350048746,-55.0338981093177,-24.4594519394283
17.250268528464,488,485,10.6077930477659,94.1561066469865,-55.0338981093177,-39.1222085376688
17.2524167561762,487,484,10.6077930477659,99.0436921797333,-57.4776908756911,-41.5660013040422
17.2545649838883,487,480,-8.94254908322134,108.818863245227,-47.7025198101975,-61.1163434350295
17.2567132116004,493,485,-13.8301346159682,81.9371428151194,-30.5959704455836,-51.3411723695358
17.2588614393126,494,484,-23.6053056814618,81.9371428151194,-23.2645921464634,-58.6725506686561
17.2610096670247,491,485,-4.05496355047453,86.8247283478663,-40.3711415110772,-46.453586836789
17.2631578947368,493,486,-8.94254908322134,79.493350048746,-33.039763211957,-46.453586836789
17.265306122449,491,488,10.6077930477659,79.493350048746,-47.7025198101975,-31.7908302385486
17.2674543501611,488,483,0.832621982272286,99.0436921797333,-50.1463125765709,-48.8973796031624
17.2696025778733,486,484,15.4953785805128,101.487484946107,-62.3652764084379,-39.1222085376688
17.2717508055854,489,482,-8.94254908322134,99.0436921797333,-42.8149342774506,-56.2287579022827
17.2738990332975,495,484,-28.4928912142086,79.493350048746,-18.3770066137166,-61.1163434350295
17.2760472610097,497,487,-23.6053056814618,67.274386216879,-15.9332138473431,-51.3411723695358
17.2781954887218,497,489,-13.8301346159682,62.3868006841322,-20.82079938009,-41.5660013040422
17.2803437164339,500,490,-23.6053056814618,52.6116296186385,-8.60183554822292,-44.0097940704156
17.2824919441461,500,492,-13.8301346159682,47.7240440858917,-13.4894210809697,-34.234623004922
17.2846401718582,501,493,-13.8301346159682,42.8364585531449,-11.0456283145963,-31.7908302385486
17.2867883995704,502,495,-8.94254908322134,35.5050802540247,-11.0456283145963,-24.4594519394283
17.2889366272825,503,494,-18.717720148715,35.5050802540247,-3.7142500154761,-31.7908302385486
17.2910848549946,502,494,-13.8301346159682,37.9488730203981,-8.60183554822292,-29.3470374721751
17.2932330827068,505,494,-28.4928912142086,30.6174947212778,6.06092105001754,-36.6784157712954
17.2953813104189,507,497,-23.6053056814618,18.3985308894108,8.50471381639095,-26.9032447058017
17.297529538131,509,498,-28.4928912142086,11.0671525902906,15.8360921155112,-26.9032447058017
17.2996777658432,506,497,-18.717720148715,20.8423236557842,3.61712828364413,-24.4594519394283
17.3018259935553,505,497,-13.8301346159682,23.2861164221576,-1.27045724910269,-22.0156591730549
17.3039742212675,505,499,-4.05496355047452,18.3985308894108,-6.1580427818495,-12.2404881075613
17.3061224489796,510,498,-33.3804767469554,8.62335982391715,20.723677648258,-29.3470374721752
17.3082706766917,511,498,-38.2680622797022,6.17956705754374,25.6112631810048,-31.7908302385486
17.3104189044039,512,497,-48.0432333451959,6.17956705754374,32.942641480125,-39.1222085376688
17.312567132116,509,498,-28.4928912142086,11.0671525902906,15.8360921155112,-26.9032447058017
17.3147153598281,507,499,-13.8301346159682,13.510945356664,3.61712828364413,-17.1280736403081
17.3168635875403,508,502,-4.05496355047452,3.73577429117034,1.17333551727072,-4.90910980844106
17.3190118152524,507,502,0.832621982272297,6.17956705754374,-3.71425001547609,-2.46531704206765
17.3211600429646,509,504,0.832621982272297,-3.59560400794989,1.17333551727072,2.42226849067917
17.3233082706767,510,502,-13.8301346159682,-1.15181124157648,10.9485065827644,-9.79669534118788
17.3254564983888,514,502,-33.3804767469554,-10.9269823070701,30.4988487137516,-19.5718664066815
17.327604726101,521,506,-48.0432333451959,-37.8087027371776,54.9367763774857,-17.1280736403081
17.3297529538131,524,507,-57.8184044106895,-47.5838738026713,67.1557402093528,-19.5718664066815
17.3319011815252,522,509,-38.2680622797022,-47.5838738026713,52.4929836111123,-4.90910980844106
17.3340494092374,521,511,-23.6053056814618,-50.0276665690447,42.7178125456187,7.30985402342598
17.3361976369495,518,511,-8.94254908322134,-42.6962882699244,28.0550559473782,14.6412323225462
17.3383458646617,516,510,-4.05496355047452,-35.3649099708042,20.723677648258,14.6412323225462
17.3404940923738,517,510,-8.94254908322134,-37.8087027371776,25.6112631810048,12.1974395561728
17.3426423200859,517,510,-8.94254908322134,-37.8087027371776,25.6112631810048,12.1974395561728
17.3447905477981,518,509,-18.717720148715,-37.8087027371776,32.942641480125,4.86606125705258
17.3469387755102,518,509,-18.717720148715,-37.8087027371776,32.942641480125,4.86606125705258
17.3490870032223,515,509,-4.05496355047452,-30.4773244380574,18.2798848818846,12.1974395561728
17.3512352309345,516,509,-8.94254908322134,-32.9211172044308,23.1674704146314,9.7536467897994
17.3533834586466,515,510,0.8326219822723,-32.9211172044308,15.8360921155112,17.0850250889196
17.3555316863588,511,510,20.3829641132596,-23.1459461389372,-3.7142500154761,26.8601961544133
17.3576799140709,511,510,20.3829641132596,-23.1459461389372,-3.7142500154761,26.8601961544133
17.359828141783,506,504,15.4953785805128,3.73577429117034,-13.4894210809697,9.7536467897994
17.3619763694952,512,503,-18.717720148715,-8.48318954069671,18.2798848818846,-9.79669534118788
17.3641245972073,512,504,-13.8301346159682,-10.9269823070701,15.8360921155112,-4.90910980844106
17.3662728249194,509,506,10.6077930477659,-8.48318954069671,-3.71425001547609,12.1974395561728
17.3684210526316,506,505,20.3829641132596,1.29198152479693,-15.9332138473431,14.6412323225462
17.3705692803437,507,507,25.2705496460064,-6.0393967743233,-15.9332138473431,21.9726106216664
17.3727175080559,513,508,0.832621982272297,-23.1459461389372,10.9485065827644,12.1974395561728
17.374865735768,514,510,5.72020751501912,-30.4773244380574,10.9485065827644,19.528817855293
17.3770139634801,513,507,-4.05496355047452,-20.7021533725638,13.3922993491378,7.30985402342599
17.3791621911923,512,505,-8.94254908322134,-13.3707750734435,13.3922993491378,-0.0215242756942402
17.3813104189044,507,502,0.832621982272297,6.17956705754374,-3.71425001547609,-2.46531704206765
17.3834586466165,504,501,10.6077930477659,15.9547381230374,-15.9332138473431,-0.0215242756942402
17.3856068743287,499,500,30.1581351787532,30.6174947212778,-37.9273487447038,7.30985402342599
17.3877551020408,492,500,64.3712339079809,47.7240440858917,-72.1404474739315,24.4164033880398
17.389903329753,495,499,44.8208917769937,42.8364585531449,-55.0338981093177,12.1974395561728
17.3920515574651,493,497,44.8208917769937,52.6116296186385,-59.9214836420645,7.30985402342599
17.3941997851772,492,495,39.9333062442468,59.9430079177587,-59.9214836420645,-0.0215242756942473
17.3963480128894,492,494,35.0457207115,62.3868006841322,-57.4776908756911,-4.90910980844106
17.3984962406015,489,490,30.1581351787532,79.493350048746,-62.3652764084379,-17.1280736403081
17.4006444683136,493,492,20.3829641132596,64.8305934505056,-47.7025198101975,-17.1280736403081
17.4027926960258,494,493,20.3829641132596,59.9430079177588,-45.2587270438241,-14.6842808739347
17.4049409237379,492,492,25.2705496460064,67.274386216879,-52.5901053429443,-14.6842808739347
17.4070891514501,489,491,35.0457207115,77.0495572823726,-64.8090691748113,-12.2404881075613
17.4092373791622,486,489,39.9333062442469,89.2685211142397,-74.584240240305,-14.6842808739347
17.4113856068743,483,488,49.7084773097405,99.0436921797333,-86.803204072172,-12.2404881075613
17.4135338345865,479,483,44.8208917769941,121.037827077094,-94.1345823712927,-26.9032447058015
17.4156820622986,480,480,25.2705496460064,125.925412609841,-81.9156185394252,-44.0097940704156
17.4178302900107,474,480,54.5960628424877,140.588169208081,-111.241131735907,-29.3470374721749
17.4199785177229,473,479,54.5960628424873,145.475754740829,-113.68492450228,-31.7908302385488
17.422126745435,475,479,44.8208917769937,140.588169208082,-103.909753436786,-36.6784157712956
17.4242749731472,477,479,35.0457207115,135.700583675335,-94.1345823712925,-41.5660013040424
17.4264232008593,478,479,30.1581351787532,133.256790908961,-89.2469968385456,-44.0097940704158
17.4285714285714,480,481,30.1581351787532,123.481619843467,-84.3594113057986,-39.1222085376688
17.4307196562836,476,478,35.0457207115,140.588169208082,-96.5783751376659,-44.0097940704158
17.4328678839957,473,475,35.0457207115,155.250925806322,-103.909753436786,-51.3411723695361
17.4350161117078,473,472,20.3829641132596,162.582304105442,-96.5783751376659,-66.0039289677765
17.43716433942,474,473,20.3829641132596,157.694718572696,-94.1345823712925,-63.5601362014031
17.4393125671321,474,475,30.1581351787532,152.807133039949,-99.0221679040393,-53.7849651359095
17.4414607948443,474,476,35.0457207115,150.363340273575,-101.465960670413,-48.8973796031626
17.4436090225564,479,476,10.6077930477659,138.144376441708,-77.0280330066786,-61.1163434350297
17.4457572502685,478,478,25.2705496460064,135.700583675335,-86.8032040721722,-48.8973796031627
17.4479054779807,476,475,20.3829641132596,147.919547507202,-89.2469968385456,-58.6725506686563
17.4500537056928,473,474,30.1581351787532,157.694718572696,-101.465960670413,-56.2287579022829
17.4522019334049,474,469,0.832621982272286,167.469889638189,-84.3594113057988,-83.1104783323904
17.4543501611171,476,470,-4.05496355047453,160.138511339069,-77.0280330066786,-83.1104783323904
17.4564983888292,474,473,20.3829641132596,157.694718572696,-94.1345823712925,-63.5601362014031
17.4586466165414,478,473,0.832621982272286,147.919547507202,-74.5842402403052,-73.3353072668967
17.4607948442535,476,475,20.3829641132596,147.919547507202,-89.2469968385456,-58.6725506686563
17.4629430719656,480,476,5.72020751501867,135.700583675335,-72.1404474739313,-63.5601362014033
17.4650912996778,483,478,0.832621982271846,123.481619843468,-62.3652764084377,-61.1163434350299
17.4672395273899,486,477,-18.7177201487154,118.594034310721,-45.2587270438238,-73.335307266897
17.469387755102,485,474,-28.4928912142091,128.369205376214,-42.8149342774504,-85.554271098764
17.4715359828142,482,472,-23.6053056814622,140.588169208081,-52.5901053429441,-87.9980638651374
17.4736842105263,481,476,0.83262198227186,133.256790908961,-67.2528619411845,-66.0039289677767
17.4758324382385,479,475,5.7202075150191,140.588169208082,-74.5842402403052,-66.0039289677765
17.4779806659506,476,474,15.4953785805127,150.363340273575,-86.8032040721722,-63.5601362014031
17.4801288936627,469,471,35.0457207115001,174.801267937309,-113.68492450228,-61.1163434350297
17.4822771213749,470,472,35.0457207115,169.913682404563,-111.241131735906,-58.6725506686563
17.484425349087,473,473,25.2705496460064,160.138511339069,-99.0221679040393,-61.1163434350297
17.4865735767991,477,470,-8.94254908322134,157.694718572696,-72.1404474739318,-85.5542710987638
17.4887218045113,480,469,-28.4928912142091,152.807133039949,-55.0338981093175,-97.7732349306311
17.4908700322234,483,472,-28.4928912142091,138.144376441708,-47.7025198101972,-90.4418566315108
17.4930182599356,485,478,-8.94254908322179,118.594034310721,-52.5901053429441,-66.0039289677767
17.4951664876477,485,478,-8.94254908322179,118.594034310721,-52.5901053429441,-66.0039289677767
17.4973147153598,484,479,0.832621982271846,118.594034310721,-59.9214836420643,-58.6725506686565
17.499462943072,486,479,-8.94254908322178,113.706448777974,-50.1463125765707,-63.5601362014033
17.5016111707841,487,478,-18.7177201487154,113.706448777974,-42.8149342774504,-70.8915145005236
17.5037593984962,487,478,-18.7177201487154,113.706448777974,-42.8149342774504,-70.8915145005236
17.5059076262084,485,476,-18.7177201487154,123.481619843468,-47.7025198101972,-75.7791000332704
17.5080558539205,483,476,-8.94254908322178,128.369205376214,-57.4776908756909,-70.8915145005236
17.5102040816327,485,479,-4.05496355047497,116.150241544347,-55.0338981093175,-61.1163434350299
17.5123523093448,487,480,-8.94254908322134,108.818863245227,-47.7025198101975,-61.1163434350295
17.5145005370569,486,480,-4.05496355047451,111.2626560116,-52.5901053429443,-58.6725506686561
17.5166487647691,485,481,5.72020751501911,111.2626560116,-59.9214836420645,-51.3411723695358
17.5187969924812,486,483,10.6077930477659,103.93127771248,-59.9214836420645,-44.0097940704156
17.5209452201933,483,478,0.832621982271846,123.481619843468,-62.3652764084377,-61.1163434350299
17.5230934479055,478,473,0.832621982272286,147.919547507202,-74.5842402403052,-73.3353072668967
17.5252416756176,473,473,25.2705496460064,160.138511339069,-99.0221679040393,-61.1163434350297
17.5273899033298,473,472,20.3829641132596,162.582304105442,-96.5783751376659,-66.0039289677765
17.5295381310419,476,474,15.4953785805127,150.363340273575,-86.8032040721722,-63.5601362014031
17.531686358754,481,477,5.72020751501867,130.812998142588,-69.6966547075579,-61.1163434350299
17.5338345864662,483,476,-8.94254908322178,128.369205376214,-57.4776908756909,-70.8915145005236
17.5359828141783,482,478,5.72020751501867,125.925412609841,-67.2528619411845,-58.6725506686565
17.5381310418904,481,479,15.4953785805123,125.925412609841,-74.5842402403048,-51.3411723695363
17.5402792696026,479,474,0.832621982272286,143.031961974455,-72.1404474739318,-70.8915145005233
17.5424274973147,485,474,-28.4928912142091,128.369205376214,-42.8149342774504,-85.554271098764
17.5445757250269,484,477,-8.94254908322179,123.481619843468,-55.0338981093175,-68.4477217341502
17.546723952739,490,480,-23.6053056814618,101.487484946107,-33.039763211957,-68.4477217341497
17.5488721804511,488,480,-13.8301346159682,106.375070478854,-42.8149342774506,-63.5601362014029
17.5510204081633,484,480,5.72020751501911,116.150241544347,-62.3652764084379,-53.7849651359092
17.5531686358754,484,481,10.6077930477659,113.706448777974,-64.8090691748113,-48.8973796031624
17.5553168635875,483,479,5.72020751501867,121.037827077094,-64.8090691748111,-56.2287579022831
17.5574650912997,482,476,-4.05496355047495,130.812998142588,-62.3652764084377,-68.4477217341501
17.5596133190118,483,475,-13.8301346159686,130.812998142588,-55.0338981093175,-75.7791000332704
17.561761546724,482,477,0.83262198227186,128.369205376214,-64.8090691748111,-63.5601362014033
17.5639097744361,484,480,5.72020751501911,116.150241544347,-62.3652764084379,-53.7849651359092
17.5660580021482,485,480,0.8326219822723,113.706448777974,-57.4776908756911,-56.2287579022827
17.5682062298604,485,478,-8.94254908322179,118.594034310721,-52.5901053429441,-66.0039289677767
17.5703544575725,485,481,5.72020751501911,111.2626560116,-59.9214836420645,-51.3411723695358
17.5725026852846,484,482,15.4953785805127,111.2626560116,-67.2528619411847,-44.0097940704156
17.5746509129968,484,479,0.832621982271846,118.594034310721,-59.9214836420643,-58.6725506686565
17.5767991407089,489,479,-23.6053056814622,106.375070478854,-35.4835559783302,-70.8915145005236
17.5789473684211,495,481,-43.1556478124491,86.8247283478663,-11.0456283145963,-75.7791000332699
17.5810955961332,496,486,-23.6053056814618,72.1619717496258,-18.3770066137166,-53.7849651359092
17.5832438238453,497,484,-38.2680622797022,74.6057645159992,-8.60183554822292,-66.0039289677763
17.5853920515575,493,485,-13.8301346159682,81.9371428151194,-30.5959704455836,-51.3411723695358
17.5875402792696,492,486,-4.05496355047453,81.9371428151194,-37.9273487447038,-44.0097940704156
17.5896885069817,491,487,5.72020751501911,81.9371428151194,-45.2587270438241,-36.6784157712954
17.5918367346939,488,483,0.832621982272286,99.0436921797333,-50.1463125765709,-48.8973796031624
17.593984962406,488,481,-8.94254908322135,103.93127771248,-45.258727043824,-58.6725506686561
17.5961331901182,488,481,-8.94254908322135,103.93127771248,-45.258727043824,-58.6725506686561
17.5982814178303,493,485,-13.8301346159682,81.9371428151194,-30.5959704455836,-51.3411723695358
17.6004296455424,494,486,-13.8301346159681,77.0495572823726,-28.1521776792102,-48.8973796031624
17.6025778732546,494,486,-13.8301346159681,77.0495572823726,-28.1521776792102,-48.8973796031624
17.6047261009667,494,487,-8.94254908322134,74.6057645159992,-30.5959704455836,-44.0097940704156
17.6068743286788,496,492,5.72020751501912,57.4992151513853,-33.039763211957,-24.4594519394283
17.609022556391,498,490,-13.8301346159682,57.4992151513853,-18.3770066137166,-39.1222085376688
17.6111707841031,499,489,-23.6053056814618,57.4992151513853,-11.0456283145963,-46.453586836789
17.6133190118153,501,488,-38.2680622797022,55.0554223850119,1.17333551727072,-56.2287579022827
17.6154672395274,500,491,-18.717720148715,50.1678368522651,-11.0456283145963,-39.1222085376688
17.6176154672395,499,490,-18.717720148715,55.0554223850119,-13.4894210809697,-41.5660013040422
17.6197636949517,494,490,5.72020751501913,67.274386216879,-37.9273487447038,-29.3470374721751
17.6219119226638,492,489,10.6077930477659,74.6057645159992,-45.258727043824,-29.3470374721752
17.6240601503759,494,493,20.3829641132596,59.9430079177588,-45.2587270438241,-14.6842808739347
17.6262083780881,496,494,15.4953785805128,52.6116296186385,-37.9273487447038,-14.6842808739347
17.6283566058002,497,490,-8.94254908322134,59.9430079177587,-23.2645921464634,-36.6784157712954
17.6305048335124,498,487,-28.4928912142086,64.8305934505056,-11.0456283145963,-53.7849651359092
17.6326530612245,500,489,-28.4928912142086,55.0554223850119,-6.1580427818495,-48.8973796031624
17.6348012889366,500,491,-18.717720148715,50.1678368522651,-11.0456283145963,-39.1222085376688
17.6369495166488,500,492,-13.8301346159682,47.7240440858917,-13.4894210809697,-34.234623004922
17.6390977443609,496,491,0.832621982272293,59.9430079177587,-30.5959704455836,-29.3470374721752
17.641245972073,493,490,10.6077930477659,69.7181789832524,-42.8149342774506,-26.9032447058017
17.6433941997852,485,490,49.7084773097405,89.2685211142397,-81.9156185394252,-7.35290257481446
17.6455424274973,483,486,39.9333062442469,103.93127771248,-81.9156185394252,-22.0156591730549
17.6476906552095,480,483,39.9333062442468,118.594034310721,-89.2469968385454,-29.3470374721752
17.6498388829216,481,480,20.3829641132596,123.481619843467,-77.0280330066784,-46.453586836789
17.6519871106337,477,481,44.8208917769941,130.812998142588,-99.0221679040395,-31.7908302385483
17.6541353383459,476,480,44.8208917769941,135.700583675335,-101.465960670413,-34.2346230049217
17.656283566058,475,478,39.9333062442468,143.031961974455,-101.465960670413,-41.5660013040424
17.6584317937701,471,478,59.4836483752341,152.807133039949,-121.0163028014,-31.7908302385488
17.6605800214823,475,479,44.8208917769937,140.588169208082,-103.909753436786,-36.6784157712956
17.6627282491944,474,478,44.8208917769936,145.475754740829,-106.353546203159,-39.122208537669
17.6648764769066,479,475,5.7202075150191,140.588169208082,-74.5842402403052,-66.0039289677765
17.6670247046187,480,475,0.832621982271831,138.144376441708,-69.6966547075579,-68.4477217341502
17.6691729323308,481,478,10.6077930477655,128.369205376214,-72.1404474739313,-56.2287579022831
17.671321160043,482,477,0.83262198227186,128.369205376214,-64.8090691748111,-63.5601362014033
17.6734693877551,480,477,10.6077930477655,133.256790908961,-74.5842402403047,-58.6725506686565
17.6756176154672,479,478,20.3829641132596,133.256790908961,-81.9156185394254,-51.3411723695361
17.6777658431794,475,479,44.8208917769937,140.588169208082,-103.909753436786,-36.6784157712956
17.6799140708915,473,474,30.1581351787532,157.694718572696,-101.465960670413,-56.2287579022829
17.6820622986037,473,473,25.2705496460064,160.138511339069,-99.0221679040393,-61.1163434350297
17.6842105263158,476,470,-4.05496355047453,160.138511339069,-77.0280330066786,-83.1104783323904
17.6863587540279,479,473,-4.05496355047453,145.475754740829,-69.6966547075584,-75.7791000332702
17.6885069817401,480,475,0.832621982271831,138.144376441708,-69.6966547075579,-68.4477217341502
17.6906552094522,480,476,5.72020751501867,135.700583675335,-72.1404474739313,-63.5601362014033
17.6928034371643,478,473,0.832621982272286,147.919547507202,-74.5842402403052,-73.3353072668967
17.6949516648765,473,473,25.2705496460064,160.138511339069,-99.0221679040393,-61.1163434350297
17.6970998925886,472,473,30.1581351787532,162.582304105442,-103.909753436786,-58.6725506686563
17.6992481203008,468,470,35.0457207115,179.688853470056,-116.128717268653,-63.5601362014031
17.7013963480129,467,467,25.2705496460064,189.46402453555,-113.68492450228,-75.7791000332702
17.703544575725,467,464,10.6077930477659,196.79540283467,-106.35354620316,-90.4418566315106
17.7056928034372,472,468,5.72020751501913,174.801267937309,-91.6907896049191,-83.1104783323904
17.7078410311493,472,470,15.4953785805127,169.913682404563,-96.5783751376659,-73.3353072668967
17.7099892588614,476,470,-4.05496355047453,160.138511339069,-77.0280330066786,-83.1104783323904
17.7121374865736,475,473,15.4953785805127,155.250925806322,-89.2469968385456,-66.0039289677765
17.7142857142857,475,473,15.4953785805127,155.250925806322,-89.2469968385456,-66.0039289677765
17.7164339419979,476,470,-4.05496355047453,160.138511339069,-77.0280330066786,-83.1104783323904
17.71858216971,478,472,-4.05496355047453,150.363340273575,-72.1404474739318,-78.2228927996436
17.7207303974221,482,474,-13.8301346159686,135.700583675335,-57.4776908756909,-78.2228927996438
17.7228786251343,495,477,-62.7059899434368,96.5998994133601,-1.27045724910246,-95.3294421642576
17.7250268528464,509,486,-87.1439176071704,40.3926657867715,45.1616053119921,-85.5542710987636
17.7271750805585,525,495,-121.357016336398,-20.7021533725638,101.368838938581,-80.6666855660168
17.7293233082707,545,506,-165.34528613112,-96.4597291301395,172.238829163409,-75.7791000332699
17.7314715359828,562,518,-189.783213794854,-167.329719354968,226.002270023624,-58.6725506686561
17.7336197636949,582,527,-243.546654655069,-238.199709579797,301.759845781201,-63.5601362014031
17.7357679914071,598,536,-277.759753384297,-299.294528739133,357.967079407789,-58.6725506686563
17.7379162191192,610,544,-297.310095515284,-348.170384066601,397.067763669763,-48.8973796031626
17.7400644468314,613,552,-272.87216785155,-375.052104496708,392.180178137017,-17.1280736403083
17.7422126745435,604,554,-219.108726991335,-357.945555132094,343.304322809548,14.641232322546
17.7443609022556,589,553,-150.68252953288,-318.84487087012,272.43433258472,46.4105382854003
17.7465091299678,566,547,-67.5935754761832,-247.974880645291,174.682621929783,73.292258715508
17.7486573576799,539,539,25.2705496460064,-162.442133822222,62.268154676606,100.173979145616
17.7508055853921,514,528,93.6967471044618,-74.4655942327788,-33.039763211957,107.505357444736
17.7529538131042,490,515,147.460187964677,15.9547381230374,-118.572510035026,102.617771911989
17.7551020408163,476,505,167.010530095665,74.6057645159994,-162.560779829748,87.9550153137487
17.7572502685285,468,499,176.785701161158,108.818863245227,-186.998707493482,78.1798442482551
17.7593984962406,465,493,162.122944562918,130.812998142588,-186.998707493482,56.1857093508944
17.7615467239527,469,494,147.460187964677,118.594034310721,-169.892158128868,51.2981238181476
17.7636949516649,469,491,132.797431366437,125.925412609841,-162.560779829748,36.6353672199071
17.765843179377,471,492,127.90984583369,118.594034310721,-155.229401530628,36.6353672199071
17.7679914070892,472,488,103.471918169956,125.925412609841,-140.566644932387,14.6412323225464
17.7701396348013,471,485,93.6967471044623,135.700583675335,-138.122852166014,2.42226849067939
17.7722878625134,477,484,59.4836483752346,123.481619843468,-106.35354620316,-17.1280736403079
17.7744360902256,478,484,54.5960628424877,121.037827077094,-101.465960670413,-19.5718664066813
17.7765843179377,484,486,35.0457207115,101.487484946107,-77.0280330066784,-24.4594519394283
17.7787325456498,486,487,30.1581351787532,94.1561066469865,-69.6966547075582,-24.4594519394283
17.780880773362,485,486,30.1581351787532,99.0436921797333,-72.1404474739316,-26.9032447058017
17.7830290010741,478,485,59.4836483752346,118.594034310721,-103.909753436786,-14.6842808739345
17.7851772287863,474,482,64.3712339079814,135.700583675335,-116.128717268653,-19.5718664066813
17.7873254564984,475,478,39.9333062442468,143.031961974455,-101.465960670413,-41.5660013040424
17.7894736842105,473,477,44.8208917769937,150.363340273575,-108.797338969533,-41.5660013040424
17.7916219119227,477,476,20.3829641132596,143.031961974455,-86.8032040721722,-56.2287579022829
17.7937701396348,478,476,15.4953785805127,140.588169208082,-81.9156185394254,-58.6725506686563
17.7959183673469,481,477,5.72020751501867,130.812998142588,-69.6966547075579,-61.1163434350299
17.7980665950591,480,477,10.6077930477655,133.256790908961,-74.5842402403047,-58.6725506686565
17.8002148227712,480,477,10.6077930477655,133.256790908961,-74.5842402403047,-58.6725506686565
17.8023630504834,479,479,25.2705496460064,130.812998142588,-84.3594113057988,-46.4535868367892
17.8045112781955,479,477,15.4953785805127,135.700583675335,-79.471825773052,-56.2287579022829
17.8066595059076,475,476,30.1581351787532,147.919547507202,-96.5783751376659,-51.3411723695361
17.8088077336198,479,474,0.832621982272286,143.031961974455,-72.1404474739318,-70.8915145005233
17.8109559613319,477,473,5.72020751501913,150.363340273575,-79.471825773052,-70.8915145005233
17.813104189044,478,475,10.6077930477659,143.031961974455,-79.471825773052,-63.5601362014031
17.8152524167562,479,476,10.6077930477659,138.144376441708,-77.0280330066786,-61.1163434350297
17.8174006444683,482,480,15.4953785805128,121.037827077094,-72.1404474739316,-48.8973796031624
17.8195488721805,482,478,5.72020751501867,125.925412609841,-67.2528619411845,-58.6725506686565
17.8216970998926,479,477,15.4953785805127,135.700583675335,-79.471825773052,-56.2287579022829
17.8238453276047,479,477,15.4953785805127,135.700583675335,-79.471825773052,-56.2287579022829
17.8259935553169,481,476,0.83262198227186,133.256790908961,-67.2528619411845,-66.0039289677767
17.828141783029,481,473,-13.8301346159686,140.588169208081,-59.9214836420643,-80.6666855660172
17.8302900107411,484,476,-13.8301346159686,125.925412609841,-52.5901053429441,-73.335307266897
17.8324382384533,483,476,-8.94254908322178,128.369205376214,-57.4776908756909,-70.8915145005236
17.8345864661654,485,480,0.8326219822723,113.706448777974,-57.4776908756911,-56.2287579022827
17.8367346938776,488,479,-18.7177201487154,108.818863245227,-40.371141511077,-68.4477217341502
17.8388829215897,490,482,-13.8301346159681,96.5998994133599,-37.9273487447038,-58.6725506686561
17.8410311493018,491,483,-13.8301346159682,91.7123138806131,-35.4835559783304,-56.2287579022827
17.843179377014,492,480,-33.3804767469554,96.5998994133599,-23.2645921464634,-73.3353072668965
17.8453276047261,490,480,-23.6053056814618,101.487484946107,-33.039763211957,-68.4477217341497
17.8474758324382,492,480,-33.3804767469554,96.5998994133599,-23.2645921464634,-73.3353072668965
17.8496240601504,488,480,-13.8301346159682,106.375070478854,-42.8149342774506,-63.5601362014029
17.8517722878625,489,482,-8.94254908322134,99.0436921797333,-42.8149342774506,-56.2287579022827
17.8539205155747,489,482,-8.94254908322134,99.0436921797333,-42.8149342774506,-56.2287579022827
17.8560687432868,491,484,-8.94254908322134,89.2685211142397,-37.9273487447038,-51.3411723695358
17.8582169709989,493,487,-4.05496355047453,77.0495572823726,-35.4835559783304,-41.5660013040422
17.8603651987111,493,485,-13.8301346159682,81.9371428151194,-30.5959704455836,-51.3411723695358
17.8625134264232,495,487,-13.8301346159682,72.1619717496258,-25.7083849128368,-46.453586836789
17.8646616541353,496,483,-38.2680622797023,79.493350048746,-11.0456283145963,-68.4477217341497
17.8668098818475,496,485,-28.4928912142086,74.6057645159992,-15.9332138473431,-58.6725506686561
17.8689581095596,495,487,-13.8301346159682,72.1619717496258,-25.7083849128368,-46.453586836789
17.8711063372718,495,491,5.72020751501911,62.3868006841322,-35.4835559783304,-26.9032447058017
17.8732545649839,494,489,0.8326219822723,69.7181789832524,-35.4835559783304,-34.234623004922
17.875402792696,491,489,15.4953785805127,77.0495572823726,-50.1463125765709,-26.9032447058017
17.8775510204082,491,489,15.4953785805127,77.0495572823726,-50.1463125765709,-26.9032447058017
17.8796992481203,494,484,-23.6053056814618,81.9371428151194,-23.2645921464634,-58.6725506686561
17.8818474758324,491,484,-8.94254908322134,89.2685211142397,-37.9273487447038,-51.3411723695358
17.8839957035446,490,484,-4.05496355047451,91.7123138806131,-42.8149342774507,-48.8973796031624
17.8861439312567,489,487,15.4953785805127,86.8247283478663,-55.0338981093177,-31.7908302385486
17.8882921589689,492,489,10.6077930477659,74.6057645159992,-45.258727043824,-29.3470374721752
17.890440386681,497,487,-23.6053056814618,67.274386216879,-15.9332138473431,-51.3411723695358
17.8925886143931,501,493,-13.8301346159682,42.8364585531449,-11.0456283145963,-31.7908302385486
17.8947368421053,502,494,-13.8301346159682,37.9488730203981,-8.60183554822292,-29.3470374721751
17.8968850698174,503,494,-18.717720148715,35.5050802540247,-3.7142500154761,-31.7908302385486
17.8990332975295,502,490,-33.3804767469554,47.7240440858917,1.17333551727072,-48.8973796031624
17.9011815252417,501,489,-33.3804767469554,52.6116296186385,-1.27045724910268,-51.3411723695358
17.9033297529538,500,491,-18.717720148715,50.1678368522651,-11.0456283145963,-39.1222085376688
17.9054779806659,502,495,-8.94254908322134,35.5050802540247,-11.0456283145963,-24.4594519394283
17.9076262083781,505,495,-23.6053056814618,28.1737019549044,3.61712828364413,-31.7908302385486
17.9097744360902,508,496,-33.3804767469554,18.3985308894108,15.8360921155112,-34.234623004922
17.9119226638024,508,499,-18.717720148715,11.0671525902906,8.50471381639095,-19.5718664066815
17.9140708915145,511,500,-28.4928912142086,1.29198152479693,20.723677648258,-22.0156591730549
17.9162191192266,511,498,-38.2680622797022,6.17956705754374,25.6112631810048,-31.7908302385486
17.9183673469388,510,498,-33.3804767469554,8.62335982391715,20.723677648258,-29.3470374721752
17.9205155746509,511,502,-18.717720148715,-3.59560400794989,15.8360921155112,-12.2404881075613
17.9226638023631,513,504,-18.717720148715,-13.3707750734435,20.723677648258,-7.35290257481447
17.9248120300752,516,505,-28.4928912142086,-23.1459461389372,32.942641480125,-9.79669534118788
17.9269602577873,514,505,-18.717720148715,-18.2583606061904,23.1674704146314,-4.90910980844106
17.9291084854995,515,508,-8.94254908322134,-28.033531671684,20.723677648258,7.30985402342599
17.9312567132116,519,508,-28.4928912142086,-37.8087027371776,40.2740197792453,-2.46531704206765
17.9334049409237,520,505,-48.0432333451959,-32.9211172044308,52.4929836111123,-19.5718664066815
17.9355531686359,521,507,-43.1556478124491,-40.252495503551,52.4929836111123,-12.2404881075613
17.937701396348,522,507,-48.0432333451959,-42.6962882699244,57.3805691438591,-14.6842808739347
17.9398496240602,522,512,-23.6053056814618,-54.9152521017915,45.1616053119921,9.7536467897994
17.9419978517723,526,511,-48.0432333451959,-62.2466304009117,67.1557402093528,-4.90910980844106
17.9441460794844,524,514,-23.6053056814618,-64.6904231672851,50.0491908447389,14.6412323225462
17.9462943071966,521,514,-8.94254908322134,-57.3590448681649,35.3864342464985,21.9726106216664
17.9484425349087,521,516,0.8326219822723,-62.2466304009117,30.4988487137516,31.7477816871601
17.9505907626208,528,515,-38.2680622797023,-76.9093869991522,67.1557402093528,9.75364678979939
17.952738990333,529,514,-48.0432333451959,-76.9093869991522,74.487118508473,2.42226849067917
17.9548872180451,528,515,-38.2680622797023,-76.9093869991522,67.1557402093528,9.75364678979939
17.9570354457572,527,517,-23.6053056814618,-79.3531797655256,57.3805691438591,21.9726106216664
17.9591836734694,528,517,-28.4928912142086,-81.796972531899,62.268154676606,19.528817855293
17.9613319011815,527,519,-13.8301346159682,-84.2407652982724,52.4929836111123,31.7477816871601
17.9634801288937,525,518,-8.94254908322134,-76.9093869991522,45.1616053119921,31.7477816871601
17.9656283566058,525,519,-4.05496355047453,-79.3531797655256,42.7178125456187,36.6353672199069
17.9677765843179,524,518,-4.05496355047453,-74.4655942327788,40.2740197792453,34.1915744535335
17.9699248120301,520,514,-4.05496355047452,-54.9152521017915,30.4988487137516,24.4164033880399
17.9720730397422,520,513,-8.94254908322134,-52.4714593354181,32.942641480125,19.528817855293
17.9742212674544,522,515,-8.94254908322134,-62.2466304009117,37.8302270128719,24.4164033880399
17.9763694951665,520,517,10.6077930477659,-62.2466304009117,23.1674704146314,39.0791599862803
17.9785177228786,522,518,5.72020751501913,-69.5780087000319,30.4988487137516,39.0791599862803
17.9806659505908,518,516,15.4953785805128,-54.9152521017915,15.8360921155112,39.0791599862803
17.9828141783029,521,517,5.72020751501911,-64.6904231672851,28.0550559473782,36.6353672199069
17.984962406015,519,516,10.6077930477659,-57.3590448681649,20.723677648258,36.6353672199069
17.9871106337272,520,512,-13.8301346159682,-50.0276665690447,35.3864342464985,14.6412323225462
17.9892588614393,515,510,0.8326219822723,-32.9211172044308,15.8360921155112,17.0850250889196
17.9914070891515,516,511,0.832621982272293,-37.8087027371776,18.2798848818846,19.528817855293
17.9935553168636,512,514,35.0457207115,-35.3649099708042,-8.60183554822292,43.9667455190271
17.9957035445757,511,512,30.1581351787532,-28.033531671684,-8.60183554822292,36.6353672199069
17.9978517722879,509,510,30.1581351787532,-18.2583606061904,-13.4894210809697,31.7477816871601
18,511,512,30.1581351787532,-28.033531671684,-8.60183554822292,36.6353672199069
18.0021482277121,511,512,30.1581351787532,-28.033531671684,-8.60183554822292,36.6353672199069
18.0042964554243,507,508,30.1581351787532,-8.48318954069671,-18.3770066137166,26.8601961544133
18.0064446831364,501,502,30.1581351787532,20.8423236557842,-33.039763211957,12.1974395561728
18.0085929108485,501,503,35.0457207115,18.3985308894108,-35.4835559783304,17.0850250889196
18.0107411385607,501,505,44.8208917769937,13.510945356664,-40.3711415110772,26.8601961544133
18.0128893662728,502,504,35.0457207115,13.510945356664,-33.039763211957,19.528817855293
18.015037593985,504,502,15.4953785805128,13.510945356664,-18.3770066137166,4.86606125705258
18.0171858216971,502,504,35.0457207115,13.510945356664,-33.039763211957,19.528817855293
18.0193340494092,501,502,30.1581351787532,20.8423236557842,-33.039763211957,12.1974395561728
18.0214822771214,499,498,20.3829641132596,35.5050802540247,-33.039763211957,-2.46531704206765
18.0236305048335,495,496,30.1581351787532,50.1678368522651,-47.7025198101975,-2.46531704206765
18.0257787325456,495,494,20.3829641132596,55.0554223850119,-42.8149342774506,-12.2404881075613
18.0279269602578,496,495,20.3829641132596,50.1678368522651,-40.3711415110772,-9.79669534118788
18.0300751879699,491,494,39.9333062442469,64.8305934505056,-62.3652764084379,-2.46531704206765
18.0322234156821,492,494,35.0457207115,62.3868006841322,-57.4776908756911,-4.90910980844106
18.0343716433942,490,494,44.8208917769937,67.274386216879,-67.2528619411847,-0.0215242756942331
18.0365198711063,488,494,54.5960628424873,72.1619717496258,-77.0280330066784,4.86606125705258
18.0386680988185,485,490,49.7084773097405,89.2685211142397,-81.9156185394252,-7.35290257481446
18.0408163265306,481,486,49.7084773097405,108.818863245227,-91.6907896049188,-17.1280736403081
18.0429645542428,480,483,39.9333062442468,118.594034310721,-89.2469968385454,-29.3470374721752
18.0451127819549,476,483,59.4836483752346,128.369205376214,-108.797338969533,-19.5718664066813
18.047261009667,482,485,39.9333062442469,108.818863245227,-84.3594113057986,-24.4594519394283
18.0494092373792,484,486,35.0457207115,101.487484946107,-77.0280330066784,-24.4594519394283
18.0515574650913,488,485,10.6077930477659,94.1561066469865,-55.0338981093177,-39.1222085376688
18.0537056928034,490,487,10.6077930477659,84.3809355814928,-50.1463125765709,-34.234623004922
18.0558539205156,488,487,20.3829641132596,89.2685211142397,-59.9214836420645,-29.3470374721752
18.0580021482277,487,483,5.72020751501911,101.487484946107,-55.0338981093177,-46.453586836789
18.0601503759398,485,481,5.72020751501911,111.2626560116,-59.9214836420645,-51.3411723695358
18.062298603652,488,480,-13.8301346159682,106.375070478854,-42.8149342774506,-63.5601362014029
18.0644468313641,491,485,-4.05496355047453,86.8247283478663,-40.3711415110772,-46.453586836789
18.0665950590763,492,486,-4.05496355047453,81.9371428151194,-37.9273487447038,-44.0097940704156
18.0687432867884,492,486,-4.05496355047453,81.9371428151194,-37.9273487447038,-44.0097940704156
18.0708915145005,490,486,5.72020751501913,86.8247283478663,-47.7025198101975,-39.1222085376688
18.0730397422127,488,485,10.6077930477659,94.1561066469865,-55.0338981093177,-39.1222085376688
18.0751879699248,488,482,-4.05496355047453,101.487484946107,-47.7025198101975,-53.7849651359092
18.0773361976369,487,482,0.8326219822723,103.93127771248,-52.5901053429443,-51.3411723695358
18.0794844253491,487,480,-8.94254908322134,108.818863245227,-47.7025198101975,-61.1163434350295
18.0816326530612,488,480,-13.8301346159682,106.375070478854,-42.8149342774506,-63.5601362014029
18.0837808807734,483,481,15.4953785805127,116.150241544347,-69.6966547075581,-46.453586836789
18.0859291084855,484,483,20.3829641132596,108.818863245227,-69.6966547075581,-39.1222085376688
18.0880773361976,487,485,15.4953785805127,96.5998994133599,-59.9214836420645,-36.6784157712954
18.0902255639098,490,487,10.6077930477659,84.3809355814928,-50.1463125765709,-34.234623004922
18.0923737916219,496,486,-23.6053056814618,72.1619717496258,-18.3770066137166,-53.7849651359092
18.0945220193341,496,486,-23.6053056814618,72.1619717496258,-18.3770066137166,-53.7849651359092
18.0966702470462,497,486,-28.4928912142086,69.7181789832524,-13.4894210809697,-56.2287579022827
18.0988184747583,494,487,-8.94254908322134,74.6057645159992,-30.5959704455836,-44.0097940704156
18.1009667024705,492,485,-8.94254908322135,84.3809355814928,-35.4835559783304,-48.8973796031624
18.1031149301826,488,485,10.6077930477659,94.1561066469865,-55.0338981093177,-39.1222085376688
18.1052631578947,487,485,15.4953785805127,96.5998994133599,-59.9214836420645,-36.6784157712954
18.1074113856069,490,485,0.8326219822723,89.2685211142397,-45.2587270438241,-44.0097940704156
18.109559613319,491,486,0.8326219822723,84.3809355814928,-42.8149342774506,-41.5660013040422
18.1117078410311,490,485,0.8326219822723,89.2685211142397,-45.2587270438241,-44.0097940704156
18.1138560687433,488,481,-8.94254908322135,103.93127771248,-45.258727043824,-58.6725506686561
18.1160042964554,487,482,0.8326219822723,103.93127771248,-52.5901053429443,-51.3411723695358
18.1181525241676,486,482,5.72020751501913,106.375070478854,-57.4776908756911,-48.8973796031624
18.1203007518797,487,483,5.72020751501911,101.487484946107,-55.0338981093177,-46.453586836789
18.1224489795918,486,484,15.4953785805128,101.487484946107,-62.3652764084379,-39.1222085376688
18.124597207304,486,483,10.6077930477659,103.93127771248,-59.9214836420645,-44.0097940704156
18.1267454350161,484,483,20.3829641132596,108.818863245227,-69.6966547075581,-39.1222085376688
18.1288936627282,483,479,5.72020751501867,121.037827077094,-64.8090691748111,-56.2287579022831
18.1310418904404,485,479,-4.05496355047497,116.150241544347,-55.0338981093175,-61.1163434350299
18.1331901181525,487,480,-8.94254908322134,108.818863245227,-47.7025198101975,-61.1163434350295
18.1353383458647,488,480,-13.8301346159682,106.375070478854,-42.8149342774506,-63.5601362014029
18.1374865735768,491,482,-18.717720148715,94.1561066469865,-33.039763211957,-61.1163434350295
18.1396348012889,492,486,-4.05496355047453,81.9371428151194,-37.9273487447038,-44.0097940704156
18.1417830290011,491,486,0.8326219822723,84.3809355814928,-42.8149342774506,-41.5660013040422
18.1439312567132,493,488,0.8326219822723,74.6057645159992,-37.9273487447038,-36.6784157712954
18.1460794844253,491,486,0.8326219822723,84.3809355814928,-42.8149342774506,-41.5660013040422
18.1482277121375,489,483,-4.05496355047453,96.5998994133599,-45.2587270438241,-51.3411723695358
18.1503759398496,487,483,5.72020751501911,101.487484946107,-55.0338981093177,-46.453586836789
18.1525241675618,482,479,10.6077930477655,123.481619843468,-69.6966547075579,-53.7849651359097
18.1546723952739,485,483,15.4953785805127,106.375070478854,-64.8090691748113,-41.5660013040422
18.156820622986,486,482,5.72020751501913,106.375070478854,-57.4776908756911,-48.8973796031624
18.1589688506982,487,484,10.6077930477659,99.0436921797333,-57.4776908756911,-41.5660013040422
18.1611170784103,485,483,15.4953785805127,106.375070478854,-64.8090691748113,-41.5660013040422
18.1632653061224,486,483,10.6077930477659,103.93127771248,-59.9214836420645,-44.0097940704156
18.1654135338346,488,481,-8.94254908322135,103.93127771248,-45.258727043824,-58.6725506686561
18.1675617615467,488,481,-8.94254908322135,103.93127771248,-45.258727043824,-58.6725506686561
18.1697099892589,495,484,-28.4928912142086,79.493350048746,-18.3770066137166,-61.1163434350295
18.171858216971,496,484,-33.3804767469554,77.0495572823726,-13.4894210809697,-63.5601362014029
18.1740064446831,498,487,-28.4928912142086,64.8305934505056,-11.0456283145963,-53.7849651359092
18.1761546723953,495,488,-8.94254908322134,69.7181789832524,-28.1521776792102,-41.5660013040422
18.1783029001074,494,489,0.8326219822723,69.7181789832524,-35.4835559783304,-34.234623004922
18.1804511278195,496,488,-13.8301346159682,67.274386216879,-23.2645921464634,-44.0097940704156
18.1825993555317,500,488,-33.3804767469554,57.4992151513853,-3.7142500154761,-53.7849651359092
18.1847475832438,502,489,-38.2680622797023,50.1678368522651,3.61712828364413,-53.7849651359092
18.186895810956,504,492,-33.3804767469554,37.9488730203981,6.06092105001754,-44.0097940704156
18.1890440386681,506,492,-43.1556478124491,33.0612874876512,15.8360921155112,-48.8973796031624
18.1911922663802,508,495,-38.2680622797023,20.8423236557842,18.2798848818846,-39.1222085376688
18.1933404940924,506,495,-28.4928912142086,25.729909188531,8.50471381639095,-34.234623004922
18.1954887218045,503,496,-8.94254908322134,30.6174947212778,-8.60183554822292,-22.0156591730549
18.1976369495166,502,496,-4.05496355047452,33.0612874876512,-13.4894210809697,-19.5718664066815
18.1997851772288,500,494,-4.05496355047452,42.8364585531449,-18.3770066137166,-24.4594519394283
18.2019334049409,499,492,-8.94254908322134,50.1678368522651,-18.3770066137166,-31.7908302385486
18.2040816326531,500,491,-18.717720148715,50.1678368522651,-11.0456283145963,-39.1222085376688
18.2062298603652,500,492,-13.8301346159682,47.7240440858917,-13.4894210809697,-34.234623004922
18.2083780880773,501,496,0.8326219822723,35.5050802540247,-18.3770066137166,-17.1280736403081
18.2105263157895,501,495,-4.05496355047453,37.9488730203981,-15.9332138473431,-22.0156591730549
18.2126745435016,501,497,5.72020751501912,33.0612874876512,-20.82079938009,-12.2404881075613
18.2148227712137,502,496,-4.05496355047452,33.0612874876512,-13.4894210809697,-19.5718664066815
18.2169709989259,505,499,-4.05496355047452,18.3985308894108,-6.1580427818495,-12.2404881075613
18.219119226638,510,497,-38.2680622797022,11.0671525902906,23.1674704146314,-34.234623004922
18.2212674543502,514,500,-43.1556478124491,-6.0393967743233,35.3864342464985,-29.3470374721752
18.2234156820623,516,501,-48.0432333451959,-13.3707750734435,42.7178125456187,-29.3470374721752
18.2255639097744,517,501,-52.9308188779427,-15.8145678398169,47.6053980783655,-31.7908302385486
18.2277121374866,514,503,-28.4928912142086,-13.3707750734435,28.0550559473782,-14.6842808739347
18.2298603651987,506,503,10.6077930477659,6.17956705754374,-11.0456283145963,4.86606125705258
18.2320085929108,502,500,15.4953785805128,23.2861164221576,-23.2645921464634,-0.0215242756942402
18.234156820623,499,499,25.2705496460064,33.0612874876512,-35.4835559783304,2.42226849067917
18.2363050483351,499,496,10.6077930477659,40.3926657867715,-28.1521776792102,-12.2404881075613
18.2384532760473,500,497,10.6077930477659,35.5050802540247,-25.7083849128368,-9.79669534118788
18.2406015037594,501,494,-8.94254908322134,40.3926657867715,-13.4894210809697,-26.9032447058017
18.2427497314715,501,495,-4.05496355047453,37.9488730203981,-15.9332138473431,-22.0156591730549
18.2448979591837,503,497,-4.05496355047452,28.1737019549044,-11.0456283145963,-17.1280736403081
18.2470461868958,502,500,15.4953785805128,23.2861164221576,-23.2645921464634,-0.0215242756942402
18.2491944146079,499,497,15.4953785805128,37.9488730203981,-30.5959704455836,-7.35290257481447
18.2513426423201,494,497,39.9333062442469,50.1678368522651,-55.0338981093177,4.86606125705258
18.2534908700322,492,495,39.9333062442468,59.9430079177587,-59.9214836420645,-0.0215242756942473
18.2556390977444,491,492,30.1581351787532,69.7181789832524,-57.4776908756911,-12.2404881075613
18.2577873254565,486,487,30.1581351787532,94.1561066469865,-69.6966547075582,-24.4594519394283
18.2599355531686,486,487,30.1581351787532,94.1561066469865,-69.6966547075582,-24.4594519394283
18.2620837808808,483,488,49.7084773097405,99.0436921797333,-86.803204072172,-12.2404881075613
18.2642320085929,482,486,44.8208917769937,106.375070478854,-86.803204072172,-19.5718664066815
18.2663802363051,483,484,30.1581351787532,108.818863245227,-77.0280330066784,-31.7908302385486
18.2685284640172,482,486,44.8208917769937,106.375070478854,-86.803204072172,-19.5718664066815
18.2706766917293,484,485,30.1581351787532,103.93127771248,-74.584240240305,-29.3470374721752
18.2728249194415,485,484,20.3829641132596,103.93127771248,-67.2528619411847,-36.6784157712954
18.2749731471536,486,481,0.8326219822723,108.818863245227,-55.0338981093177,-53.7849651359092
18.2771213748657,482,479,10.6077930477655,123.481619843468,-69.6966547075579,-53.7849651359097
18.2792696025779,478,479,30.1581351787532,133.256790908961,-89.2469968385456,-44.0097940704158
18.28141783029,477,478,30.1581351787532,138.144376441708,-91.6907896049191,-46.4535868367892
18.2835660580021,479,481,35.0457207115005,125.925412609841,-89.2469968385459,-36.6784157712952
18.2857142857143,480,480,25.2705496460064,125.925412609841,-81.9156185394252,-44.0097940704156
18.2878625134264,483,483,25.2705496460064,111.2626560116,-74.584240240305,-36.6784157712954
18.2900107411386,484,481,10.6077930477659,113.706448777974,-64.8090691748113,-48.8973796031624
18.2921589688507,486,481,0.8326219822723,108.818863245227,-55.0338981093177,-53.7849651359092
18.2943071965628,489,478,-28.4928912142091,108.818863245227,-33.0397632119568,-75.7791000332704
18.296455424275,491,479,-33.3804767469559,101.487484946107,-25.7083849128366,-75.7791000332704
18.2986036519871,486,481,0.8326219822723,108.818863245227,-55.0338981093177,-53.7849651359092
18.3007518796992,485,483,15.4953785805127,106.375070478854,-64.8090691748113,-41.5660013040422
18.3029001074114,484,482,15.4953785805127,111.2626560116,-67.2528619411847,-44.0097940704156
18.3050483351235,484,482,15.4953785805127,111.2626560116,-67.2528619411847,-44.0097940704156
18.3071965628357,483,481,15.4953785805127,116.150241544347,-69.6966547075581,-46.453586836789
18.3093447905478,484,479,0.832621982271846,118.594034310721,-59.9214836420643,-58.6725506686565
18.3114930182599,480,475,0.832621982271831,138.144376441708,-69.6966547075579,-68.4477217341502
18.3136412459721,477,473,5.72020751501913,150.363340273575,-79.471825773052,-70.8915145005233
18.3157894736842,474,476,35.0457207115,150.363340273575,-101.465960670413,-48.8973796031626
18.3179377013963,471,475,44.8208917769936,160.138511339069,-113.68492450228,-46.4535868367893
18.3200859291085,472,474,35.0457207115,160.138511339069,-106.35354620316,-53.7849651359095
18.3222341568206,475,476,30.1581351787532,147.919547507202,-96.5783751376659,-51.3411723695361
18.3243823845328,479,476,10.6077930477659,138.144376441708,-77.0280330066786,-61.1163434350297
18.3265306122449,478,476,15.4953785805127,140.588169208082,-81.9156185394254,-58.6725506686563
18.328678839957,483,476,-8.94254908322178,128.369205376214,-57.4776908756909,-70.8915145005236
18.3308270676692,487,475,-33.3804767469559,121.037827077094,-35.4835559783302,-85.554271098764
18.3329752953813,497,482,-48.0432333451959,79.493350048746,-3.7142500154761,-75.7791000332699
18.3351235230934,513,489,-92.0315031399173,23.2861164221576,57.3805691438591,-80.6666855660168
18.3372717508056,531,500,-126.244601869145,-47.5838738026713,118.475388303194,-70.8915145005231
18.3394199785177,552,510,-180.00804272936,-123.341449560247,196.676756827143,-73.3353072668965
18.3415682062299,572,521,-223.996312524081,-199.099025317823,267.546747051972,-68.4477217341497
18.343716433942,587,531,-248.434240187816,-260.193844477158,316.422602379441,-56.2287579022829
18.3458646616541,600,540,-267.984582318803,-313.957285337373,357.967079407789,-44.0097940704158
18.3480128893663,610,546,-287.53492444979,-353.057969599348,392.180178137017,-39.122208537669
18.3501611170784,612,556,-248.434240187816,-382.383482795829,377.517421538776,4.86606125705234
18.3523093447905,603,558,-194.670799327601,-365.276933431215,328.641566211308,36.6353672199066
18.3544575725027,589,555,-140.907358467386,-323.732456402867,267.546747051973,56.1857093508939
18.3566058002148,567,549,-62.7059899434363,-255.306258944411,174.682621929783,80.6236370146283
18.358754027927,542,543,30.1581351787532,-179.548683186835,67.1557402093528,112.392942977483
18.3609022556391,522,531,69.2588194407278,-101.347314662886,-1.27045724910269,102.617771911989
18.3630504833512,502,522,123.022260300943,-30.4773244380574,-77.0280330066784,107.505357444736
18.3651987110634,489,513,142.57260243193,23.2861164221576,-118.572510035026,95.2863936128687
18.3673469387755,477,505,162.122944562918,72.161971749626,-157.673194297001,85.5112225473753
18.3694951664876,470,502,181.673286693905,96.5998994133601,-184.554914727109,87.9550153137487
18.3716433941998,469,496,157.235359030171,113.706448777974,-174.779743661615,61.0732948836412
18.3737916219119,469,495,152.347773497424,116.150241544347,-172.335950895242,56.1857093508944
18.3759398496241,473,493,123.022260300943,111.262656011601,-147.898023231508,36.6353672199071
18.3780880773362,474,492,113.24708923545,111.262656011601,-140.566644932387,29.3039889207869
18.3802363050483,478,490,83.9215760389687,106.375070478854,-116.128717268653,9.75364678979962
18.3823845327605,480,485,49.7084773097405,113.706448777974,-94.1345823712922,-19.5718664066815
18.3845327604726,482,485,39.9333062442469,108.818863245227,-84.3594113057986,-24.4594519394283
18.3866809881847,482,486,44.8208917769937,106.375070478854,-86.803204072172,-19.5718664066815
18.3888292158969,479,485,54.5960628424877,116.150241544347,-99.0221679040395,-17.1280736403079
18.390977443609,479,484,49.7084773097409,118.594034310721,-96.5783751376661,-22.0156591730547
18.3931256713212,479,484,49.7084773097409,118.594034310721,-96.5783751376661,-22.0156591730547
18.3952738990333,479,484,49.7084773097409,118.594034310721,-96.5783751376661,-22.0156591730547
18.3974221267454,481,482,30.1581351787532,118.594034310721,-81.9156185394252,-36.6784157712954
18.3995703544576,483,479,5.72020751501867,121.037827077094,-64.8090691748111,-56.2287579022831
18.4017185821697,484,480,5.72020751501911,116.150241544347,-62.3652764084379,-53.7849651359092
18.4038668098818,485,482,10.6077930477659,108.818863245227,-62.3652764084379,-46.453586836789
18.406015037594,482,481,20.3829641132596,118.594034310721,-74.584240240305,-44.0097940704156
18.4081632653061,482,482,25.2705496460064,116.150241544347,-77.0280330066784,-39.1222085376688
18.4103114930183,481,482,30.1581351787532,118.594034310721,-81.9156185394252,-36.6784157712954
18.4124597207304,482,482,25.2705496460064,116.150241544347,-77.0280330066784,-39.1222085376688
18.4146079484425,480,479,20.3829641132591,128.369205376214,-79.4718257730516,-48.8973796031629
18.4167561761547,479,478,20.3829641132596,133.256790908961,-81.9156185394254,-51.3411723695361
18.4189044038668,476,477,30.1581351787532,143.031961974455,-94.1345823712925,-48.8973796031626
18.4210526315789,480,477,10.6077930477655,133.256790908961,-74.5842402403047,-58.6725506686565
18.4232008592911,483,480,10.6077930477659,118.594034310721,-67.2528619411847,-51.3411723695358
18.4253490870032,485,479,-4.05496355047497,116.150241544347,-55.0338981093175,-61.1163434350299
18.4274973147154,485,481,5.72020751501911,111.2626560116,-59.9214836420645,-51.3411723695358
18.4296455424275,488,483,0.832621982272286,99.0436921797333,-50.1463125765709,-48.8973796031624
18.4317937701396,490,482,-13.8301346159681,96.5998994133599,-37.9273487447038,-58.6725506686561
18.4339419978518,489,479,-23.6053056814622,106.375070478854,-35.4835559783302,-70.8915145005236
18.4360902255639,487,477,-23.6053056814622,116.150241544347,-40.371141511077,-75.7791000332704
18.438238453276,488,481,-8.94254908322135,103.93127771248,-45.258727043824,-58.6725506686561
18.4403866809882,489,481,-13.8301346159682,101.487484946107,-40.3711415110772,-61.1163434350295
18.4425349087003,487,482,0.8326219822723,103.93127771248,-52.5901053429443,-51.3411723695358
18.4446831364125,488,484,5.72020751501911,96.5998994133599,-52.5901053429443,-44.0097940704156
18.4468313641246,486,484,15.4953785805128,101.487484946107,-62.3652764084379,-39.1222085376688
18.4489795918367,489,483,-4.05496355047453,96.5998994133599,-45.2587270438241,-51.3411723695358
18.4511278195489,490,483,-8.94254908322134,94.1561066469865,-40.3711415110772,-53.7849651359092
18.453276047261,489,481,-13.8301346159682,101.487484946107,-40.3711415110772,-61.1163434350295
18.4554242749731,489,483,-4.05496355047453,96.5998994133599,-45.2587270438241,-51.3411723695358
18.4575725026853,488,481,-8.94254908322135,103.93127771248,-45.258727043824,-58.6725506686561
18.4597207303974,488,482,-4.05496355047453,101.487484946107,-47.7025198101975,-53.7849651359092
18.4618689581096,491,485,-4.05496355047453,86.8247283478663,-40.3711415110772,-46.453586836789
18.4640171858217,492,487,0.832621982272286,79.493350048746,-40.3711415110772,-39.1222085376688
18.4661654135338,493,488,0.8326219822723,74.6057645159992,-37.9273487447038,-36.6784157712954
18.468313641246,492,485,-8.94254908322135,84.3809355814928,-35.4835559783304,-48.8973796031624
18.4704618689581,496,485,-28.4928912142086,74.6057645159992,-15.9332138473431,-58.6725506686561
18.4726100966702,500,488,-33.3804767469554,57.4992151513853,-3.7142500154761,-53.7849651359092
18.4747583243824,500,486,-43.1556478124491,62.3868006841322,1.17333551727072,-63.5601362014029
18.4769065520945,499,487,-33.3804767469554,62.3868006841322,-6.1580427818495,-56.2287579022827
18.4790547798067,496,488,-13.8301346159682,67.274386216879,-23.2645921464634,-44.0097940704156
18.4812030075188,496,492,5.72020751501912,57.4992151513853,-33.039763211957,-24.4594519394283
18.4833512352309,497,493,5.72020751501911,52.6116296186385,-30.5959704455836,-22.0156591730549
18.4854994629431,499,491,-13.8301346159682,52.6116296186385,-15.9332138473431,-36.6784157712954
18.4876476906552,499,490,-18.717720148715,55.0554223850119,-13.4894210809697,-41.5660013040422
18.4897959183673,499,488,-28.4928912142086,59.9430079177587,-8.60183554822292,-51.3411723695358
18.4919441460795,501,491,-23.6053056814618,47.7240440858917,-6.1580427818495,-41.5660013040422
18.4940923737916,502,492,-23.6053056814618,42.8364585531449,-3.7142500154761,-39.1222085376688
18.4962406015038,503,494,-18.717720148715,35.5050802540247,-3.7142500154761,-31.7908302385486
18.4983888292159,502,494,-13.8301346159682,37.9488730203981,-8.60183554822292,-29.3470374721751
18.500537056928,504,496,-13.8301346159682,28.1737019549044,-3.7142500154761,-24.4594519394283
18.5026852846402,502,495,-8.94254908322134,35.5050802540247,-11.0456283145963,-24.4594519394283
18.5048335123523,504,495,-18.717720148715,30.6174947212778,-1.27045724910268,-29.3470374721752
18.5069817400644,504,495,-18.717720148715,30.6174947212778,-1.27045724910268,-29.3470374721752
18.5091299677766,510,495,-48.0432333451959,15.9547381230374,28.0550559473782,-44.0097940704156
18.5112781954887,514,499,-48.0432333451959,-3.59560400794989,37.8302270128719,-34.234623004922
18.5134264232009,515,502,-38.2680622797022,-13.3707750734435,35.3864342464985,-22.0156591730549
18.515574650913,514,502,-33.3804767469554,-10.9269823070701,30.4988487137516,-19.5718664066815
18.5177228786251,513,503,-23.6053056814618,-10.9269823070701,23.1674704146314,-12.2404881075613
18.5198711063373,512,505,-8.94254908322134,-13.3707750734435,13.3922993491378,-0.0215242756942402
18.5220193340494,509,503,-4.05496355047452,-1.15181124157648,3.61712828364413,-2.46531704206765
18.5241675617615,504,498,-4.05496355047452,23.2861164221576,-8.60183554822291,-14.6842808739347
18.5263157894737,502,499,10.6077930477659,25.729909188531,-20.82079938009,-4.90910980844106
18.5284640171858,504,499,0.832621982272297,20.8423236557842,-11.0456283145963,-9.79669534118788
18.530612244898,508,503,0.832621982272297,1.29198152479693,-1.27045724910269,-0.0215242756942402
18.5327604726101,516,505,-28.4928912142086,-23.1459461389372,32.942641480125,-9.79669534118788
18.5349087003222,523,509,-43.1556478124491,-50.0276665690447,57.3805691438591,-7.35290257481447
18.5370569280344,524,511,-38.2680622797023,-57.3590448681649,57.3805691438591,-0.0215242756942473
18.5392051557465,526,513,-38.2680622797022,-67.1342159336585,62.268154676606,4.86606125705258
18.5413533834586,526,510,-52.9308188779427,-59.8028376345383,69.5995329757262,-9.79669534118787
18.5435016111708,527,510,-57.8184044106895,-62.2466304009117,74.487118508473,-12.2404881075613
18.5456498388829,530,513,-57.8184044106895,-76.9093869991522,81.8184968075932,-4.90910980844106
18.5477980665951,531,513,-62.7059899434364,-79.3531797655256,86.7060823403401,-7.35290257481447
18.5499462943072,529,515,-43.1556478124491,-79.3531797655256,72.0433257420996,7.30985402342598
18.5520945220193,525,518,-8.94254908322134,-76.9093869991522,45.1616053119921,31.7477816871601
18.5542427497315,523,517,-4.05496355047453,-69.5780087000319,37.8302270128719,31.7477816871601
18.5563909774436,522,517,0.8326219822723,-67.1342159336585,32.942641480125,34.1915744535335
18.5585392051557,524,515,-18.717720148715,-67.1342159336585,47.6053980783655,19.528817855293
18.5606874328679,526,515,-28.4928912142086,-72.0218014664053,57.3805691438591,14.6412323225462
18.56283566058,526,514,-33.3804767469554,-69.5780087000319,59.8243619102325,9.7536467897994
18.5649838882922,525,516,-18.717720148715,-72.0218014664053,50.0491908447389,21.9726106216664
18.5671321160043,527,519,-13.8301346159682,-84.2407652982724,52.4929836111123,31.7477816871601
18.5692803437164,527,520,-8.94254908322134,-86.6845580646458,50.0491908447389,36.6353672199069
18.5714285714286,529,521,-13.8301346159682,-94.015936363766,57.3805691438591,36.6353672199069
18.5735767991407,530,522,-13.8301346159681,-98.9035218965129,59.8243619102325,39.0791599862803
18.5757250268528,528,521,-8.94254908322135,-91.5721435973926,52.4929836111123,39.0791599862803
18.577873254565,527,521,-4.05496355047453,-89.1283508310192,47.6053980783655,41.5229527526537
18.5800214822771,525,517,-13.8301346159682,-74.4655942327788,47.6053980783655,26.8601961544133
18.5821697099893,527,520,-8.94254908322134,-86.6845580646458,50.0491908447389,36.6353672199069
18.5843179377014,527,521,-4.05496355047453,-89.1283508310192,47.6053980783655,41.5229527526537
18.5864661654135,527,522,0.8326219822723,-91.5721435973926,45.1616053119921,46.4105382854005
18.5886143931257,528,521,-8.94254908322135,-91.5721435973926,52.4929836111123,39.0791599862803
18.5907626208378,527,523,5.72020751501911,-94.015936363766,42.7178125456187,51.2981238181474
18.5929108485499,527,522,0.8326219822723,-91.5721435973926,45.1616053119921,46.4105382854005
18.5950590762621,523,519,5.72020751501911,-74.4655942327788,32.942641480125,41.5229527526537
18.5972073039742,519,514,0.8326219822723,-52.4714593354181,25.6112631810048,26.8601961544133
18.5993555316864,514,512,15.4953785805128,-35.3649099708042,6.06092105001754,29.3039889207867
18.6015037593985,511,513,35.0457207115,-30.4773244380574,-11.0456283145963,41.5229527526537
18.6036519871106,510,513,39.9333062442468,-28.033531671684,-15.9332138473431,43.9667455190271
18.6058002148228,510,513,39.9333062442468,-28.033531671684,-15.9332138473431,43.9667455190271
18.6079484425349,514,514,25.2705496460064,-40.252495503551,1.17333551727072,39.0791599862803
18.610096670247,516,514,15.4953785805128,-45.1400810362979,10.9485065827644,34.1915744535335
18.6122448979592,516,512,5.72020751501912,-40.252495503551,15.8360921155112,24.4164033880399
18.6143931256713,514,511,10.6077930477659,-32.9211172044308,8.50471381639095,24.4164033880398
18.6165413533835,508,507,20.3829641132596,-8.48318954069671,-11.0456283145963,19.528817855293
18.6186895810956,505,506,30.1581351787532,1.29198152479693,-23.2645921464634,21.9726106216664
18.6208378088077,500,505,49.7084773097405,15.9547381230374,-45.2587270438241,29.3039889207867
18.6229860365199,499,506,59.4836483752341,15.9547381230374,-52.5901053429443,36.6353672199069
18.625134264232,497,504,59.4836483752341,25.729909188531,-57.4776908756911,31.7477816871601
18.6272824919441,496,503,59.4836483752341,30.6174947212778,-59.9214836420645,29.3039889207867
18.6294307196563,494,500,54.5960628424873,42.8364585531449,-62.3652764084379,19.528817855293
18.6315789473684,495,498,39.9333062442469,45.2802513195183,-52.5901053429443,7.30985402342599
18.6337271750806,490,493,39.9333062442469,69.7181789832524,-64.8090691748113,-4.90910980844106
18.6358754027927,492,494,35.0457207115,62.3868006841322,-57.4776908756911,-4.90910980844106
18.6380236305048,491,495,44.8208917769937,62.3868006841322,-64.8090691748113,2.42226849067917
18.640171858217,493,498,49.7084773097405,50.1678368522651,-62.3652764084379,12.1974395561728
18.6423200859291,498,496,15.4953785805128,42.8364585531449,-33.039763211957,-9.79669534118787
18.6444683136412,498,498,25.2705496460064,37.9488730203981,-37.9273487447038,-0.0215242756942402
18.6466165413534,493,495,35.0457207115,57.4992151513853,-55.0338981093177,-2.46531704206765
18.6487647690655,491,490,20.3829641132596,74.6057645159992,-52.5901053429443,-22.0156591730549
18.6509129967777,490,490,25.2705496460064,77.0495572823726,-57.4776908756911,-19.5718664066815
18.6530612244898,488,487,20.3829641132596,89.2685211142397,-59.9214836420645,-29.3470374721752
18.6552094522019,492,491,20.3829641132596,69.7181789832524,-50.1463125765709,-19.5718664066815
18.6573576799141,490,491,30.1581351787532,74.6057645159992,-59.9214836420645,-14.6842808739347
18.6595059076262,490,491,30.1581351787532,74.6057645159992,-59.9214836420645,-14.6842808739347
18.6616541353383,489,490,30.1581351787532,79.493350048746,-62.3652764084379,-17.1280736403081
18.6638023630505,488,490,35.0457207115,81.9371428151194,-67.2528619411847,-14.6842808739347
18.6659505907626,492,491,20.3829641132596,69.7181789832524,-50.1463125765709,-19.5718664066815
18.6680988184748,498,489,-18.717720148715,59.9430079177587,-15.9332138473431,-44.0097940704156
18.6702470461869,501,491,-23.6053056814618,47.7240440858917,-6.1580427818495,-41.5660013040422
18.672395273899,500,491,-18.717720148715,50.1678368522651,-11.0456283145963,-39.1222085376688
18.6745435016112,498,493,0.832621982272293,50.1678368522651,-25.7083849128368,-24.4594519394283
18.6766917293233,491,489,15.4953785805127,77.0495572823726,-50.1463125765709,-26.9032447058017
18.6788399570354,487,488,30.1581351787532,89.2685211142397,-67.2528619411847,-22.0156591730549
18.6809881847476,482,488,54.5960628424873,101.487484946107,-91.6907896049188,-9.79669534118787
18.6831364124597,486,488,35.0457207115,91.7123138806131,-72.1404474739316,-19.5718664066815
18.6852846401719,492,487,0.832621982272286,79.493350048746,-40.3711415110772,-39.1222085376688
18.687432867884,495,486,-18.717720148715,74.6057645159992,-23.2645921464634,-51.3411723695358
18.6895810955961,496,488,-13.8301346159682,67.274386216879,-23.2645921464634,-44.0097940704156
18.6917293233083,497,490,-8.94254908322134,59.9430079177587,-23.2645921464634,-36.6784157712954
18.6938775510204,492,489,10.6077930477659,74.6057645159992,-45.258727043824,-29.3470374721752
18.6960257787325,489,487,15.4953785805127,86.8247283478663,-55.0338981093177,-31.7908302385486
18.6981740064447,488,489,30.1581351787532,84.3809355814928,-64.8090691748113,-19.5718664066815
18.7003222341568,490,488,15.4953785805128,81.9371428151194,-52.5901053429443,-29.3470374721751
18.702470461869,491,487,5.72020751501911,81.9371428151194,-45.2587270438241,-36.6784157712954
18.7046186895811,492,484,-13.8301346159682,86.8247283478663,-33.039763211957,-53.7849651359092
18.7067669172932,495,484,-28.4928912142086,79.493350048746,-18.3770066137166,-61.1163434350295
18.7089151450054,493,488,0.8326219822723,74.6057645159992,-37.9273487447038,-36.6784157712954
18.7110633727175,497,489,-13.8301346159682,62.3868006841322,-20.82079938009,-41.5660013040422
18.7132116004296,496,489,-8.94254908322134,64.8305934505056,-25.7083849128368,-39.1222085376688
18.7153598281418,493,490,10.6077930477659,69.7181789832524,-42.8149342774506,-26.9032447058017
18.7175080558539,494,490,5.72020751501913,67.274386216879,-37.9273487447038,-29.3470374721751
18.7196562835661,496,489,-8.94254908322134,64.8305934505056,-25.7083849128368,-39.1222085376688
18.7218045112782,496,485,-28.4928912142086,74.6057645159992,-15.9332138473431,-58.6725506686561
18.7239527389903,497,487,-23.6053056814618,67.274386216879,-15.9332138473431,-51.3411723695358
18.7261009667025,495,488,-8.94254908322134,69.7181789832524,-28.1521776792102,-41.5660013040422
18.7282491944146,494,490,5.72020751501913,67.274386216879,-37.9273487447038,-29.3470374721751
18.7303974221267,496,491,0.832621982272293,59.9430079177587,-30.5959704455836,-29.3470374721752
18.7325456498389,495,491,5.72020751501911,62.3868006841322,-35.4835559783304,-26.9032447058017
18.734693877551,494,491,10.6077930477659,64.8305934505056,-40.3711415110772,-24.4594519394283
18.7368421052632,491,489,15.4953785805127,77.0495572823726,-50.1463125765709,-26.9032447058017
18.7389903329753,488,485,10.6077930477659,94.1561066469865,-55.0338981093177,-39.1222085376688
18.7411385606874,490,484,-4.05496355047451,91.7123138806131,-42.8149342774507,-48.8973796031624
18.7432867883996,494,486,-13.8301346159681,77.0495572823726,-28.1521776792102,-48.8973796031624
18.7454350161117,496,491,0.832621982272293,59.9430079177587,-30.5959704455836,-29.3470374721752
18.7475832438238,496,491,0.832621982272293,59.9430079177587,-30.5959704455836,-29.3470374721752
18.749731471536,501,492,-18.717720148715,45.2802513195183,-8.60183554822292,-36.6784157712954
18.7518796992481,499,492,-8.94254908322134,50.1678368522651,-18.3770066137166,-31.7908302385486
18.7540279269603,498,496,15.4953785805128,42.8364585531449,-33.039763211957,-9.79669534118787
18.7561761546724,499,490,-18.717720148715,55.0554223850119,-13.4894210809697,-41.5660013040422
18.7583243823845,494,489,0.8326219822723,69.7181789832524,-35.4835559783304,-34.234623004922
18.7604726100967,492,487,0.832621982272286,79.493350048746,-40.3711415110772,-39.1222085376688
18.7626208378088,494,491,10.6077930477659,64.8305934505056,-40.3711415110772,-24.4594519394283
18.7647690655209,493,490,10.6077930477659,69.7181789832524,-42.8149342774506,-26.9032447058017
18.7669172932331,500,493,-8.94254908322134,45.2802513195183,-15.9332138473431,-29.3470374721752
18.7690655209452,506,496,-23.6053056814618,23.2861164221576,6.06092105001754,-29.3470374721751
18.7712137486574,509,496,-38.2680622797022,15.9547381230374,20.723677648258,-36.6784157712954
18.7733619763695,508,496,-33.3804767469554,18.3985308894108,15.8360921155112,-34.234623004922
18.7755102040816,507,496,-28.4928912142086,20.8423236557842,10.9485065827644,-31.7908302385486
18.7776584317938,507,496,-28.4928912142086,20.8423236557842,10.9485065827644,-31.7908302385486
18.7798066595059,505,498,-8.94254908322134,20.8423236557842,-3.71425001547609,-17.1280736403081
18.781954887218,502,495,-8.94254908322134,35.5050802540247,-11.0456283145963,-24.4594519394283
18.7841031149302,503,497,-4.05496355047452,28.1737019549044,-11.0456283145963,-17.1280736403081
18.7862513426423,502,498,5.72020751501912,28.1737019549044,-18.3770066137166,-9.79669534118788
18.7883995703545,506,501,0.832621982272297,11.0671525902906,-6.1580427818495,-4.90910980844106
18.7905477980666,508,500,-13.8301346159682,8.62335982391715,6.06092105001754,-14.6842808739347
18.7926960257787,506,496,-23.6053056814618,23.2861164221576,6.06092105001754,-29.3470374721751
18.7948442534909,510,496,-43.1556478124491,13.510945356664,25.6112631810048,-39.1222085376688
18.796992481203,511,499,-33.3804767469554,3.73577429117034,23.1674704146314,-26.9032447058017
18.7991407089151,512,501,-28.4928912142086,-3.59560400794989,23.1674704146314,-19.5718664066815
18.8012889366273,513,503,-23.6053056814618,-10.9269823070701,23.1674704146314,-12.2404881075613
18.8034371643394,513,504,-18.717720148715,-13.3707750734435,20.723677648258,-7.35290257481447
18.8055853920516,513,507,-4.05496355047452,-20.7021533725638,13.3922993491378,7.30985402342599
18.8077336197637,512,504,-13.8301346159682,-10.9269823070701,15.8360921155112,-4.90910980844106
18.8098818474758,513,501,-33.3804767469554,-6.0393967743233,28.0550559473782,-22.0156591730549
18.812030075188,514,503,-28.4928912142086,-13.3707750734435,28.0550559473782,-14.6842808739347
18.8141783029001,516,505,-28.4928912142086,-23.1459461389372,32.942641480125,-9.79669534118788
18.8163265306122,515,504,-28.4928912142086,-18.2583606061904,30.4988487137516,-12.2404881075613
18.8184747583244,514,506,-13.8301346159682,-20.7021533725638,20.723677648258,-0.0215242756942402
18.8206229860365,514,507,-8.94254908322134,-23.1459461389372,18.2798848818846,4.86606125705258
18.8227712137487,510,507,10.6077930477659,-13.3707750734435,-1.27045724910269,14.6412323225462
18.8249194414608,507,506,20.3829641132596,-3.59560400794989,-13.4894210809697,17.0850250889196
18.8270676691729,504,502,15.4953785805128,13.510945356664,-18.3770066137166,4.86606125705258
18.8292158968851,505,499,-4.05496355047452,18.3985308894108,-6.1580427818495,-12.2404881075613
18.8313641245972,507,501,-4.05496355047452,8.62335982391715,-1.27045724910269,-7.35290257481447
18.8335123523093,515,505,-23.6053056814618,-20.7021533725638,28.0550559473782,-7.35290257481447
18.8356605800215,516,505,-28.4928912142086,-23.1459461389372,32.942641480125,-9.79669534118788
18.8378088077336,514,506,-13.8301346159682,-20.7021533725638,20.723677648258,-0.0215242756942402
18.8399570354458,512,505,-8.94254908322134,-13.3707750734435,13.3922993491378,-0.0215242756942402
18.8421052631579,506,505,20.3829641132596,1.29198152479693,-15.9332138473431,14.6412323225462
18.84425349087,503,502,20.3829641132596,15.9547381230374,-23.2645921464634,7.30985402342599
18.8464017185822,504,498,-4.05496355047452,23.2861164221576,-8.60183554822291,-14.6842808739347
18.8485499462943,501,497,5.72020751501912,33.0612874876512,-20.82079938009,-12.2404881075613
18.8506981740064,497,497,25.2705496460064,42.8364585531449,-40.3711415110772,-2.46531704206765
18.8528464017186,496,498,35.0457207115,42.8364585531449,-47.7025198101975,4.86606125705258
18.8549946294307,494,497,39.9333062442469,50.1678368522651,-55.0338981093177,4.86606125705258
18.8571428571429,493,494,30.1581351787532,59.9430079177587,-52.5901053429443,-7.35290257481446
18.859291084855,489,496,59.4836483752341,64.8305934505056,-77.0280330066784,12.1974395561728
18.8614393125671,494,494,25.2705496460064,57.4992151513853,-47.7025198101975,-9.79669534118787
18.8635875402793,492,492,25.2705496460064,67.274386216879,-52.5901053429443,-14.6842808739347
18.8657357679914,495,490,0.8326219822723,64.8305934505056,-33.039763211957,-31.7908302385486
18.8678839957035,494,491,10.6077930477659,64.8305934505056,-40.3711415110772,-24.4594519394283
18.8700322234157,495,491,5.72020751501911,62.3868006841322,-35.4835559783304,-26.9032447058017
18.8721804511278,492,491,20.3829641132596,69.7181789832524,-50.1463125765709,-19.5718664066815
18.87432867884,492,490,15.4953785805127,72.1619717496258,-47.7025198101975,-24.4594519394283
18.8764769065521,492,492,25.2705496460064,67.274386216879,-52.5901053429443,-14.6842808739347
18.8786251342642,493,491,15.4953785805127,67.274386216879,-45.2587270438241,-22.0156591730549
18.8807733619764,496,492,5.72020751501912,57.4992151513853,-33.039763211957,-24.4594519394283
18.8829215896885,496,487,-18.717720148715,69.7181789832524,-20.82079938009,-48.8973796031624
18.8850698174006,493,488,0.8326219822723,74.6057645159992,-37.9273487447038,-36.6784157712954
18.8872180451128,496,490,-4.05496355047452,62.3868006841322,-28.1521776792102,-34.234623004922
18.8893662728249,493,490,10.6077930477659,69.7181789832524,-42.8149342774506,-26.9032447058017
18.8915145005371,491,491,25.2705496460064,72.1619717496258,-55.0338981093177,-17.1280736403081
18.8936627282492,492,492,25.2705496460064,67.274386216879,-52.5901053429443,-14.6842808739347
18.8958109559613,489,490,30.1581351787532,79.493350048746,-62.3652764084379,-17.1280736403081
18.8979591836735,485,488,39.9333062442469,94.1561066469865,-77.0280330066784,-17.1280736403081
18.9001074113856,486,484,15.4953785805128,101.487484946107,-62.3652764084379,-39.1222085376688
18.9022556390977,483,483,25.2705496460064,111.2626560116,-74.584240240305,-36.6784157712954
18.9044038668099,482,482,25.2705496460064,116.150241544347,-77.0280330066784,-39.1222085376688
18.906552094522,481,483,35.0457207115,116.150241544347,-84.3594113057986,-31.7908302385486
18.9087003222342,480,482,35.0457207115,121.037827077094,-86.803204072172,-34.234623004922
18.9108485499463,483,481,15.4953785805127,116.150241544347,-69.6966547075581,-46.453586836789
18.9129967776584,487,486,20.3829641132596,94.1561066469865,-62.3652764084379,-31.7908302385486
18.9151450053706,487,485,15.4953785805127,96.5998994133599,-59.9214836420645,-36.6784157712954
18.9172932330827,489,483,-4.05496355047453,96.5998994133599,-45.2587270438241,-51.3411723695358
18.9194414607948,495,482,-38.2680622797022,84.3809355814928,-13.4894210809697,-70.8915145005231
18.921589688507,503,488,-48.0432333451959,50.1678368522651,10.9485065827644,-61.1163434350295
18.9237379162191,510,491,-67.5935754761832,25.729909188531,37.8302270128719,-63.5601362014029
18.9258861439313,525,501,-92.0315031399173,-35.3649099708042,86.70608234034,-51.3411723695358
18.9280343716434,546,509,-155.570115065626,-106.234900195633,169.795036397036,-63.5601362014029
18.9301825993555,568,526,-180.00804272936,-201.542818084196,235.777441089118,-34.234623004922
18.9323308270677,585,534,-223.996312524082,-262.637637243532,299.316053014827,-36.6784157712956
18.9344790547798,600,542,-258.20941125331,-318.84487087012,353.079493875042,-34.2346230049222
18.9366272824919,617,553,-287.53492444979,-387.271068328575,409.286727501631,-22.0156591730552
18.9387755102041,624,562,-277.759753384297,-426.37175259055,421.505691333498,4.86606125705237
18.9409237379162,629,568,-272.87216785155,-453.253473020657,431.280862398991,21.9726106216663
18.9430719656284,624,572,-228.883898056829,-450.809680254284,397.067763669764,53.7419165845205
18.9452201933405,608,571,-155.570115065626,-409.265203225936,321.310187912188,87.9550153137483
18.9473684210526,584,568,-52.9308188779431,-343.282798533854,211.339513425384,131.94328510847
18.9495166487648,560,559,20.3829641132596,-262.637637243531,116.031595536821,146.60604170671
18.9516648764769,543,549,54.5960628424873,-196.655232551449,57.3805691438591,139.27466340759
18.953813104189,520,538,113.247089235449,-113.566278494753,-28.1521776792102,141.718456173964
18.9559613319012,505,530,147.460187964677,-57.3590448681649,-81.9156185394252,139.27466340759
18.9581095596133,491,519,162.122944562917,3.73577429117034,-123.460095567773,119.724321276603
18.9602577873255,484,516,181.673286693905,28.1737019549044,-150.341815997881,122.168114042976
18.9624060150376,485,513,162.122944562917,33.0612874876512,-138.122852166014,105.061564678362
18.9645542427497,487,513,152.347773497424,28.1737019549044,-128.34768110052,100.173979145616
18.9667024704619,495,513,113.247089235449,8.62335982391716,-89.2469968385454,80.6236370146283
18.968850698174,503,513,74.1464049734746,-10.9269823070701,-50.1463125765709,61.073294883641
18.9709989258861,506,510,44.8208917769937,-10.9269823070701,-28.1521776792102,39.0791599862803
18.9731471535983,506,509,39.9333062442469,-8.48318954069671,-25.7083849128368,34.1915744535335
18.9752953813104,504,505,30.1581351787532,6.17956705754374,-25.7083849128368,19.528817855293
18.9774436090226,497,505,64.3712339079809,23.2861164221576,-59.9214836420645,36.6353672199069
18.9795918367347,495,504,69.2588194407278,30.6174947212778,-67.2528619411847,36.6353672199069
18.9817400644468,492,502,74.1464049734746,42.8364585531449,-77.0280330066784,34.1915744535335
18.983888292159,493,500,59.4836483752341,45.2802513195183,-67.2528619411847,21.9726106216664
18.9860365198711,491,499,64.3712339079809,52.6116296186385,-74.584240240305,21.9726106216664
18.9881847475832,494,496,35.0457207115,52.6116296186385,-52.5901053429443,-0.0215242756942331
18.9903329752954,493,495,35.0457207115,57.4992151513853,-55.0338981093177,-2.46531704206765
18.9924812030075,492,493,30.1581351787532,64.8305934505056,-55.0338981093177,-9.79669534118788
18.9946294307197,492,493,30.1581351787532,64.8305934505056,-55.0338981093177,-9.79669534118788
18.9967776584318,490,494,44.8208917769937,67.274386216879,-67.2528619411847,-0.0215242756942331
18.9989258861439,491,494,39.9333062442469,64.8305934505056,-62.3652764084379,-2.46531704206765
19.0010741138561,490,492,35.0457207115,72.1619717496258,-62.3652764084379,-9.79669534118787
19.0032223415682,490,493,39.9333062442469,69.7181789832524,-64.8090691748113,-4.90910980844106
19.0053705692803,491,491,25.2705496460064,72.1619717496258,-55.0338981093177,-17.1280736403081
19.0075187969925,492,490,15.4953785805127,72.1619717496258,-47.7025198101975,-24.4594519394283
19.0096670247046,490,486,5.72020751501913,86.8247283478663,-47.7025198101975,-39.1222085376688
19.0118152524168,489,486,10.6077930477659,89.2685211142397,-52.5901053429443,-36.6784157712954
19.0139634801289,487,487,25.2705496460064,91.7123138806131,-64.8090691748113,-26.9032447058017
19.016111707841,484,487,39.9333062442468,99.0436921797333,-79.4718257730518,-19.5718664066815
19.0182599355532,486,488,35.0457207115,91.7123138806131,-72.1404474739316,-19.5718664066815
19.0204081632653,488,488,25.2705496460064,86.8247283478663,-62.3652764084379,-24.4594519394283
19.0225563909774,494,490,5.72020751501913,67.274386216879,-37.9273487447038,-29.3470374721751
19.0247046186896,499,488,-28.4928912142086,59.9430079177587,-8.60183554822292,-51.3411723695358
19.0268528464017,499,490,-18.717720148715,55.0554223850119,-13.4894210809697,-41.5660013040422
19.0290010741139,500,491,-18.717720148715,50.1678368522651,-11.0456283145963,-39.1222085376688
19.031149301826,498,491,-8.94254908322134,55.0554223850119,-20.82079938009,-34.234623004922
19.0332975295381,499,492,-8.94254908322134,50.1678368522651,-18.3770066137166,-31.7908302385486
19.0354457572503,498,493,0.832621982272293,50.1678368522651,-25.7083849128368,-24.4594519394283
19.0375939849624,500,494,-4.05496355047452,42.8364585531449,-18.3770066137166,-24.4594519394283
19.0397422126745,500,494,-4.05496355047452,42.8364585531449,-18.3770066137166,-24.4594519394283
19.0418904403867,501,491,-23.6053056814618,47.7240440858917,-6.1580427818495,-41.5660013040422
19.0440386680988,500,494,-4.05496355047452,42.8364585531449,-18.3770066137166,-24.4594519394283
19.046186895811,500,492,-13.8301346159682,47.7240440858917,-13.4894210809697,-34.234623004922
19.0483351235231,500,494,-4.05496355047452,42.8364585531449,-18.3770066137166,-24.4594519394283
19.0504833512352,503,496,-8.94254908322134,30.6174947212778,-8.60183554822292,-22.0156591730549
19.0526315789474,504,499,0.832621982272297,20.8423236557842,-11.0456283145963,-9.79669534118788
19.0547798066595,506,499,-8.94254908322134,15.9547381230374,-1.27045724910269,-14.6842808739347
19.0569280343716,507,498,-18.717720148715,15.9547381230374,6.06092105001754,-22.0156591730549
19.0590762620838,506,498,-13.8301346159682,18.3985308894108,1.17333551727072,-19.5718664066815
19.0612244897959,505,496,-18.717720148715,25.729909188531,1.17333551727072,-26.9032447058017
19.0633727175081,506,496,-23.6053056814618,23.2861164221576,6.06092105001754,-29.3470374721751
19.0655209452202,507,497,-23.6053056814618,18.3985308894108,8.50471381639095,-26.9032447058017
19.0676691729323,502,497,0.832621982272297,30.6174947212778,-15.9332138473431,-14.6842808739347
19.0698174006445,498,497,20.3829641132596,40.3926657867715,-35.4835559783304,-4.90910980844106
19.0719656283566,494,495,30.1581351787532,55.0554223850119,-50.1463125765709,-4.90910980844106
19.0741138560687,498,499,30.1581351787532,35.5050802540247,-40.3711415110772,4.86606125705258
19.0762620837809,502,499,10.6077930477659,25.729909188531,-20.82079938009,-4.90910980844106
19.078410311493,508,499,-18.717720148715,11.0671525902906,8.50471381639095,-19.5718664066815
19.0805585392052,511,498,-38.2680622797022,6.17956705754374,25.6112631810048,-31.7908302385486
19.0827067669173,514,500,-43.1556478124491,-6.0393967743233,35.3864342464985,-29.3470374721752
19.0848549946294,517,502,-48.0432333451959,-18.2583606061904,45.1616053119921,-26.9032447058017
19.0870032223416,517,506,-28.4928912142086,-28.033531671684,35.3864342464985,-7.35290257481447
19.0891514500537,519,505,-43.1556478124491,-30.4773244380574,47.6053980783655,-17.1280736403081
19.0912996777658,516,507,-18.717720148715,-28.033531671684,28.0550559473782,-0.0215242756942402
19.093447905478,515,507,-13.8301346159682,-25.5897389053106,23.1674704146314,2.42226849067917
19.0955961331901,511,502,-18.717720148715,-3.59560400794989,15.8360921155112,-12.2404881075613
19.0977443609023,505,500,0.832621982272297,15.9547381230374,-8.60183554822291,-7.35290257481447
19.0998925886144,505,499,-4.05496355047452,18.3985308894108,-6.1580427818495,-12.2404881075613
19.1020408163265,508,502,-4.05496355047452,3.73577429117034,1.17333551727072,-4.90910980844106
19.1041890440387,513,507,-4.05496355047452,-20.7021533725638,13.3922993491378,7.30985402342599
19.1063372717508,518,508,-23.6053056814618,-35.3649099708042,35.3864342464985,-0.0215242756942402
19.1084854994629,515,508,-8.94254908322134,-28.033531671684,20.723677648258,7.30985402342599
19.1106337271751,514,509,0.832621982272297,-28.033531671684,13.3922993491378,14.6412323225462
19.1127819548872,520,510,-23.6053056814618,-45.1400810362979,40.2740197792453,4.86606125705258
19.1149301825994,525,508,-57.8184044106895,-52.4714593354181,69.5995329757262,-17.1280736403081
19.1170784103115,530,512,-62.7059899434363,-74.4655942327788,84.2622895739666,-9.79669534118787
19.1192266380236,532,516,-52.9308188779427,-89.1283508310192,84.2622895739667,4.86606125705258
19.1213748657358,534,521,-38.2680622797022,-106.234900195633,81.8184968075932,24.4164033880399
19.1235230934479,536,520,-52.9308188779427,-108.678692962006,94.0374606394603,14.6412323225462
19.12567132116,532,520,-33.3804767469554,-98.9035218965129,74.487118508473,24.4164033880399
19.1278195488722,529,521,-13.8301346159682,-94.015936363766,57.3805691438591,36.6353672199069
19.1299677765843,530,520,-23.6053056814618,-94.015936363766,64.7119474429794,29.3039889207867
19.1321160042965,534,519,-48.0432333451959,-101.347314662886,86.70608234034,14.6412323225462
19.1342642320086,535,520,-48.0432333451959,-106.234900195633,89.1498751067134,17.0850250889196
19.1364124597207,531,519,-33.3804767469554,-94.015936363766,72.0433257420996,21.9726106216664
19.1385606874329,532,523,-18.717720148715,-106.234900195633,67.1557402093528,39.0791599862803
19.140708915145,535,522,-38.2680622797022,-111.12248572838,84.2622895739666,26.8601961544133
19.1428571428571,532,525,-8.94254908322135,-111.12248572838,62.268154676606,48.8543310517739
19.1450053705693,533,526,-8.94254908322134,-116.010071261127,64.7119474429794,51.2981238181474
19.1471535982814,534,525,-18.717720148715,-116.010071261127,72.0433257420996,43.9667455190271
19.1493018259936,536,524,-33.3804767469554,-118.4538640275,84.2622895739667,34.1915744535335
19.1514500537057,537,524,-38.2680622797022,-120.897656793874,89.1498751067135,31.7477816871601
19.1535982814178,533,522,-28.4928912142086,-106.234900195633,74.487118508473,31.7477816871601
19.15574650913,533,525,-13.8301346159682,-113.566278494753,67.1557402093528,46.4105382854005
19.1578947368421,529,525,5.72020751501911,-103.79110742926,47.6053980783655,56.1857093508942
19.1600429645542,528,524,5.72020751501911,-98.9035218965129,45.1616053119921,53.7419165845208
19.1621911922664,527,524,10.6077930477659,-96.4597291301395,40.2740197792453,56.1857093508942
19.1643394199785,526,525,20.3829641132596,-96.4597291301394,32.942641480125,63.5170876500144
19.1664876476907,530,527,10.6077930477659,-111.12248572838,47.6053980783655,63.5170876500144
19.1686358754028,535,524,-28.4928912142086,-116.010071261127,79.3747040412198,36.6353672199069
19.1707841031149,537,526,-28.4928912142086,-125.78524232662,84.2622895739666,41.5229527526537
19.1729323308271,539,529,-23.6053056814618,-138.004206158487,86.7060823403401,51.2981238181473
19.1750805585392,540,530,-23.6053056814618,-142.891791691234,89.1498751067135,53.7419165845208
19.1772287862513,536,527,-18.717720148715,-125.78524232662,76.9309112748464,48.8543310517739
19.1793770139635,533,528,0.8326219822723,-120.897656793874,59.8243619102325,61.073294883641
19.1815252416756,530,528,15.4953785805128,-113.566278494753,45.1616053119921,68.4046731827612
19.1836734693878,523,526,39.9333062442469,-91.5721435973926,15.8360921155112,75.7360514818814
19.1858216970999,518,519,30.1581351787532,-62.2466304009117,8.50471381639095,53.7419165845208
19.187969924812,514,515,30.1581351787532,-42.6962882699244,-1.27045724910268,43.9667455190271
19.1901181525242,514,514,25.2705496460064,-40.252495503551,1.17333551727072,39.0791599862803
19.1922663802363,516,517,30.1581351787532,-52.4714593354181,3.61712828364413,48.8543310517739
19.1944146079484,515,516,30.1581351787532,-47.5838738026713,1.17333551727072,46.4105382854005
19.1965628356606,514,517,39.9333062442468,-47.5838738026713,-6.1580427818495,53.7419165845208
19.1987110633727,517,517,25.2705496460064,-54.9152521017915,8.50471381639095,46.4105382854005
19.2008592910849,519,519,25.2705496460064,-64.6904231672851,13.3922993491378,51.2981238181474
19.203007518797,519,516,10.6077930477659,-57.3590448681649,20.723677648258,36.6353672199069
19.2051557465091,523,514,-18.717720148715,-62.2466304009117,45.1616053119921,17.0850250889196
19.2073039742213,522,514,-13.8301346159681,-59.8028376345383,40.2740197792453,19.528817855293
19.2094522019334,517,516,20.3829641132596,-52.4714593354181,10.9485065827644,41.5229527526537
19.2116004296455,515,513,15.4953785805127,-40.252495503551,8.50471381639095,31.7477816871601
19.2137486573577,510,512,35.0457207115,-25.5897389053106,-13.4894210809697,39.0791599862803
19.2158968850698,504,509,49.7084773097405,-3.59560400794989,-35.4835559783304,39.0791599862803
19.218045112782,501,508,59.4836483752341,6.17956705754374,-47.7025198101975,41.5229527526537
19.2201933404941,501,506,49.7084773097405,11.0671525902906,-42.8149342774506,31.7477816871601
19.2223415682062,502,504,35.0457207115,13.510945356664,-33.039763211957,19.528817855293
19.2244897959184,505,502,10.6077930477659,11.0671525902906,-13.4894210809697,2.42226849067917
19.2266380236305,504,506,35.0457207115,3.73577429117034,-28.1521776792102,24.4164033880399
19.2287862513426,501,504,39.9333062442469,15.9547381230374,-37.9273487447038,21.9726106216664
19.2309344790548,500,501,30.1581351787532,25.729909188531,-35.4835559783304,9.7536467897994
19.2330827067669,497,501,44.8208917769937,33.0612874876512,-50.1463125765709,17.0850250889196
19.2352309344791,498,503,49.7084773097405,25.729909188531,-50.1463125765709,24.4164033880399
19.2373791621912,501,501,25.2705496460064,23.2861164221576,-30.5959704455836,7.30985402342599
19.2395273899033,501,499,15.4953785805128,28.1737019549044,-25.7083849128368,-2.46531704206765
19.2416756176155,500,496,5.72020751501912,37.9488730203981,-23.2645921464634,-14.6842808739347
19.2438238453276,498,496,15.4953785805128,42.8364585531449,-33.039763211957,-9.79669534118787
19.2459720730397,497,495,15.4953785805127,47.7240440858917,-35.4835559783304,-12.2404881075613
19.2481203007519,496,497,30.1581351787532,45.2802513195183,-45.2587270438241,-0.0215242756942402
19.250268528464,496,496,25.2705496460064,47.7240440858917,-42.8149342774506,-4.90910980844106
19.2524167561762,495,496,30.1581351787532,50.1678368522651,-47.7025198101975,-2.46531704206765
19.2545649838883,491,496,49.7084773097405,59.9430079177587,-67.2528619411847,7.30985402342599
19.2567132116004,495,493,15.4953785805127,57.4992151513853,-40.3711415110772,-17.1280736403081
19.2588614393126,493,491,15.4953785805127,67.274386216879,-45.2587270438241,-22.0156591730549
19.2610096670247,495,492,10.6077930477659,59.9430079177587,-37.9273487447038,-22.0156591730549
19.2631578947368,495,494,20.3829641132596,55.0554223850119,-42.8149342774506,-12.2404881075613
19.265306122449,496,492,5.72020751501912,57.4992151513853,-33.039763211957,-24.4594519394283
19.2674543501611,494,493,20.3829641132596,59.9430079177588,-45.2587270438241,-14.6842808739347
19.2696025778733,497,496,20.3829641132596,45.2802513195183,-37.9273487447038,-7.35290257481446
19.2717508055854,496,496,25.2705496460064,47.7240440858917,-42.8149342774506,-4.90910980844106
19.2738990332975,494,493,20.3829641132596,59.9430079177588,-45.2587270438241,-14.6842808739347
19.2760472610097,488,486,15.4953785805127,91.7123138806131,-57.4776908756911,-34.234623004922
19.2781954887218,481,482,30.1581351787532,118.594034310721,-81.9156185394252,-36.6784157712954
19.2803437164339,485,484,20.3829641132596,103.93127771248,-67.2528619411847,-36.6784157712954
19.2824919441461,491,487,5.72020751501911,81.9371428151194,-45.2587270438241,-36.6784157712954
19.2846401718582,498,490,-13.8301346159682,57.4992151513853,-18.3770066137166,-39.1222085376688
19.2867883995704,503,494,-18.717720148715,35.5050802540247,-3.7142500154761,-31.7908302385486
19.2889366272825,507,498,-18.717720148715,15.9547381230374,6.06092105001754,-22.0156591730549
19.2910848549946,508,499,-18.717720148715,11.0671525902906,8.50471381639095,-19.5718664066815
19.2932330827068,510,495,-48.0432333451959,15.9547381230374,28.0550559473782,-44.0097940704156
19.2953813104189,505,493,-33.3804767469554,33.0612874876512,8.50471381639095,-41.5660013040422
19.297529538131,500,496,5.72020751501912,37.9488730203981,-23.2645921464634,-14.6842808739347
19.2996777658432,499,493,-4.05496355047453,47.7240440858917,-20.82079938009,-26.9032447058017
19.3018259935553,499,496,10.6077930477659,40.3926657867715,-28.1521776792102,-12.2404881075613
19.3039742212675,497,494,10.6077930477659,50.1678368522651,-33.039763211957,-17.1280736403081
19.3061224489796,495,497,35.0457207115,47.7240440858917,-50.1463125765709,2.42226849067917
19.3082706766917,498,494,5.72020751501912,47.7240440858917,-28.1521776792102,-19.5718664066815
19.3104189044039,499,494,0.8326219822723,45.2802513195183,-23.2645921464634,-22.0156591730549
19.312567132116,504,493,-28.4928912142086,35.5050802540247,3.61712828364413,-39.1222085376688
19.3147153598281,506,494,-33.3804767469554,28.1737019549044,10.9485065827644,-39.1222085376688
19.3168635875403,509,496,-38.2680622797022,15.9547381230374,20.723677648258,-36.6784157712954
19.3190118152524,508,498,-23.6053056814618,13.510945356664,10.9485065827644,-24.4594519394283
19.3211600429646,506,499,-8.94254908322134,15.9547381230374,-1.27045724910269,-14.6842808739347
19.3233082706767,503,500,10.6077930477659,20.8423236557842,-18.3770066137166,-2.46531704206765
19.3254564983888,498,498,25.2705496460064,37.9488730203981,-37.9273487447038,-0.0215242756942402
19.327604726101,495,496,30.1581351787532,50.1678368522651,-47.7025198101975,-2.46531704206765
19.3297529538131,497,492,0.8326219822723,55.0554223850119,-28.1521776792102,-26.9032447058017
19.3319011815252,497,492,0.8326219822723,55.0554223850119,-28.1521776792102,-26.9032447058017
19.3340494092374,496,494,15.4953785805128,52.6116296186385,-37.9273487447038,-14.6842808739347
19.3361976369495,498,494,5.72020751501912,47.7240440858917,-28.1521776792102,-19.5718664066815
19.3383458646617,497,493,5.72020751501911,52.6116296186385,-30.5959704455836,-22.0156591730549
19.3404940923738,497,496,20.3829641132596,45.2802513195183,-37.9273487447038,-7.35290257481446
19.3426423200859,501,497,5.72020751501912,33.0612874876512,-20.82079938009,-12.2404881075613
19.3447905477981,503,498,0.832621982272297,25.729909188531,-13.4894210809697,-12.2404881075613
19.3469387755102,504,496,-13.8301346159682,28.1737019549044,-3.7142500154761,-24.4594519394283
19.3490870032223,503,493,-23.6053056814618,37.9488730203981,-1.27045724910268,-36.6784157712954
19.3512352309345,506,495,-28.4928912142086,25.729909188531,8.50471381639095,-34.234623004922
19.3533834586466,511,498,-38.2680622797022,6.17956705754374,25.6112631810048,-31.7908302385486
19.3555316863588,513,500,-38.2680622797022,-3.59560400794989,30.4988487137516,-26.9032447058017
19.3576799140709,511,502,-18.717720148715,-3.59560400794989,15.8360921155112,-12.2404881075613
19.359828141783,510,503,-8.94254908322134,-3.59560400794989,8.50471381639095,-4.90910980844106
19.3619763694952,511,503,-13.8301346159682,-6.0393967743233,13.3922993491378,-7.35290257481447
19.3641245972073,509,501,-13.8301346159682,3.73577429117034,8.50471381639095,-12.2404881075613
19.3662728249194,510,500,-23.6053056814618,3.73577429117034,15.8360921155112,-19.5718664066815
19.3684210526316,509,500,-18.717720148715,6.17956705754374,10.9485065827644,-17.1280736403081
19.3705692803437,510,501,-18.717720148715,1.29198152479693,13.3922993491378,-14.6842808739347
19.3727175080559,513,504,-18.717720148715,-13.3707750734435,20.723677648258,-7.35290257481447
19.374865735768,515,504,-28.4928912142086,-18.2583606061904,30.4988487137516,-12.2404881075613
19.3770139634801,515,507,-13.8301346159682,-25.5897389053106,23.1674704146314,2.42226849067917
19.3791621911923,513,507,-4.05496355047452,-20.7021533725638,13.3922993491378,7.30985402342599
19.3813104189044,516,507,-18.717720148715,-28.033531671684,28.0550559473782,-0.0215242756942402
19.3834586466165,518,506,-33.3804767469554,-30.4773244380574,40.2740197792453,-9.79669534118788
19.3856068743287,523,508,-48.0432333451959,-47.5838738026713,59.8243619102325,-12.2404881075613
19.3877551020408,520,507,-38.2680622797022,-37.8087027371776,47.6053980783655,-9.79669534118788
19.389903329753,518,509,-18.717720148715,-37.8087027371776,32.942641480125,4.86606125705258
19.3920515574651,518,511,-8.94254908322134,-42.6962882699244,28.0550559473782,14.6412323225462
19.3941997851772,517,513,5.72020751501911,-45.1400810362979,18.2798848818846,26.8601961544133
19.3963480128894,519,513,-4.05496355047453,-50.0276665690447,28.0550559473782,21.9726106216664
19.3984962406015,519,512,-8.94254908322134,-47.5838738026713,30.4988487137516,17.0850250889196
19.4006444683136,517,509,-13.8301346159682,-35.3649099708042,28.0550559473782,7.30985402342599
19.4027926960258,513,508,0.832621982272297,-23.1459461389372,10.9485065827644,12.1974395561728
19.4049409237379,510,504,-4.05496355047452,-6.0393967743233,6.06092105001754,-0.0215242756942402
19.4070891514501,504,506,35.0457207115,3.73577429117034,-28.1521776792102,24.4164033880399
19.4092373791622,504,507,39.9333062442469,1.29198152479693,-30.5959704455836,29.3039889207867
19.4113856068743,503,505,35.0457207115,8.62335982391715,-30.5959704455836,21.9726106216664
19.4135338345865,504,504,25.2705496460064,8.62335982391715,-23.2645921464634,14.6412323225462
19.4156820622986,507,504,10.6077930477659,1.29198152479693,-8.60183554822291,7.30985402342599
19.4178302900107,509,504,0.832621982272297,-3.59560400794989,1.17333551727072,2.42226849067917
19.4199785177229,511,504,-8.94254908322134,-8.48318954069671,10.9485065827644,-2.46531704206765
19.422126745435,509,503,-4.05496355047452,-1.15181124157648,3.61712828364413,-2.46531704206765
19.4242749731472,511,504,-8.94254908322134,-8.48318954069671,10.9485065827644,-2.46531704206765
19.4264232008593,502,505,39.9333062442469,11.0671525902906,-35.4835559783304,24.4164033880399
19.4285714285714,498,502,44.8208917769937,28.1737019549044,-47.7025198101975,19.528817855293
19.4307196562836,496,499,39.9333062442469,40.3926657867715,-50.1463125765709,9.7536467897994
19.4328678839957,492,498,54.5960628424873,52.6116296186385,-67.2528619411847,14.6412323225462
19.4350161117078,494,497,39.9333062442469,50.1678368522651,-55.0338981093177,4.86606125705258
19.43716433942,489,490,30.1581351787532,79.493350048746,-62.3652764084379,-17.1280736403081
19.4393125671321,487,489,35.0457207115,86.8247283478663,-69.6966547075581,-17.1280736403081
19.4414607948443,491,490,20.3829641132596,74.6057645159992,-52.5901053429443,-22.0156591730549
19.4436090225564,490,492,35.0457207115,72.1619717496258,-62.3652764084379,-9.79669534118787
19.4457572502685,490,492,35.0457207115,72.1619717496258,-62.3652764084379,-9.79669534118787
19.4479054779807,493,494,30.1581351787532,59.9430079177587,-52.5901053429443,-7.35290257481446
19.4500537056928,492,493,30.1581351787532,64.8305934505056,-55.0338981093177,-9.79669534118788
19.4522019334049,496,494,15.4953785805128,52.6116296186385,-37.9273487447038,-14.6842808739347
19.4543501611171,495,491,5.72020751501911,62.3868006841322,-35.4835559783304,-26.9032447058017
19.4564983888292,492,488,5.72020751501911,77.0495572823726,-42.8149342774506,-34.234623004922
19.4586466165414,493,487,-4.05496355047453,77.0495572823726,-35.4835559783304,-41.5660013040422
19.4607948442535,492,489,10.6077930477659,74.6057645159992,-45.258727043824,-29.3470374721752
19.4629430719656,490,491,30.1581351787532,74.6057645159992,-59.9214836420645,-14.6842808739347
19.4650912996778,492,491,20.3829641132596,69.7181789832524,-50.1463125765709,-19.5718664066815
19.4672395273899,494,492,15.4953785805128,62.3868006841322,-42.8149342774507,-19.5718664066815
19.469387755102,495,491,5.72020751501911,62.3868006841322,-35.4835559783304,-26.9032447058017
19.4715359828142,492,491,20.3829641132596,69.7181789832524,-50.1463125765709,-19.5718664066815
19.4736842105263,490,488,15.4953785805128,81.9371428151194,-52.5901053429443,-29.3470374721751
19.4758324382385,489,485,5.72020751501911,91.7123138806131,-50.1463125765709,-41.5660013040422
19.4779806659506,485,485,25.2705496460064,101.487484946107,-69.6966547075581,-31.7908302385486
19.4801288936627,479,483,44.8208917769941,121.037827077094,-94.1345823712927,-26.9032447058015
19.4822771213749,478,483,49.7084773097409,123.481619843468,-99.0221679040395,-24.4594519394281
19.484425349087,478,483,49.7084773097409,123.481619843468,-99.0221679040395,-24.4594519394281
19.4865735767991,484,486,35.0457207115,101.487484946107,-77.0280330066784,-24.4594519394283
19.4887218045113,484,485,30.1581351787532,103.93127771248,-74.584240240305,-29.3470374721752
19.4908700322234,488,481,-8.94254908322135,103.93127771248,-45.258727043824,-58.6725506686561
19.4930182599356,491,481,-23.6053056814618,96.5998994133599,-30.5959704455836,-66.0039289677763
19.4951664876477,492,485,-8.94254908322135,84.3809355814928,-35.4835559783304,-48.8973796031624
19.4973147153598,499,490,-18.717720148715,55.0554223850119,-13.4894210809697,-41.5660013040422
19.499462943072,512,495,-57.8184044106895,11.0671525902906,37.8302270128719,-48.8973796031624
19.5016111707841,530,503,-106.694259738158,-52.4714593354181,106.256424471327,-53.7849651359092
19.5037593984962,552,515,-155.570115065626,-135.560413392114,184.457792995276,-48.8973796031624
19.5059076262084,573,526,-204.445970393094,-213.761781916063,260.215368752852,-46.453586836789
19.5080558539205,594,535,-263.096996786056,-287.075564907266,340.860530043175,-53.7849651359095
19.5102040816327,614,546,-307.085266580778,-362.833140664841,411.730520268004,-48.8973796031626
19.5123523093448,630,559,-321.748023179018,-433.70313088967,458.162582829099,-24.4594519394285
19.5145005370569,639,572,-302.197681048031,-487.466571749885,470.381546660966,17.0850250889194
19.5166487647691,636,577,-263.096996786056,-492.354157282632,443.499826230858,48.8543310517742
19.5187969924812,627,579,-209.333555925841,-475.247607918018,394.62397090339,80.6236370146285
19.5209452201933,608,575,-136.019772934639,-419.04037429143,311.535016846694,107.505357444736
19.5230934479055,583,567,-52.9308188779431,-338.395213001107,208.895720659011,129.499492342096
19.5252416756176,559,557,15.4953785805127,-255.306258944411,116.031595536821,139.27466340759
19.5273899033298,535,546,79.0339905062214,-169.773512121342,25.6112631810048,144.162248940337
19.5295381310419,516,537,127.90984583369,-101.347314662886,-45.2587270438241,146.60604170671
19.531686358754,500,530,171.898115628411,-45.1400810362979,-106.353546203159,151.493627239457
19.5338345864662,487,521,191.448457759398,8.62335982391716,-147.898023231507,139.27466340759
19.5359828141783,481,517,201.223628824892,33.0612874876512,-167.448365362495,134.387077874843
19.5381310418904,481,511,171.898115628411,47.7240440858917,-152.785608764254,105.061564678362
19.5402792696026,483,513,171.898115628411,37.9488730203981,-147.898023231507,109.949150211109
19.5424274973147,488,508,123.022260300943,37.9488730203981,-111.241131735906,73.292258715508
19.5445757250269,491,505,93.6967471044618,37.9488730203981,-89.2469968385454,51.2981238181474
19.546723952739,496,504,64.3712339079809,28.1737019549044,-62.3652764084379,34.1915744535335
19.5488721804511,498,506,64.3712339079809,18.3985308894108,-57.4776908756911,39.0791599862803
19.5510204081633,506,507,30.1581351787532,-3.59560400794989,-20.82079938009,24.4164033880399
19.5531686358754,505,506,30.1581351787532,1.29198152479693,-23.2645921464634,21.9726106216664
19.5553168635875,502,506,44.8208917769937,8.62335982391715,-37.9273487447038,29.3039889207867
19.5574650912997,495,503,64.3712339079809,33.0612874876512,-64.8090691748113,31.7477816871601
19.5596133190118,485,497,83.9215760389682,72.1619717496258,-99.0221679040391,26.8601961544133
19.561761546724,475,489,93.6967471044623,116.150241544347,-128.34768110052,12.197439556173
19.5639097744361,474,485,79.0339905062218,128.369205376214,-123.460095567774,-4.90910980844085
19.5660580021482,481,488,59.4836483752341,103.93127771248,-96.5783751376657,-7.35290257481446
19.5682062298604,491,490,20.3829641132596,74.6057645159992,-52.5901053429443,-22.0156591730549
19.5703544575725,496,495,20.3829641132596,50.1678368522651,-40.3711415110772,-9.79669534118788
19.5725026852846,496,494,15.4953785805128,52.6116296186385,-37.9273487447038,-14.6842808739347
19.5746509129968,498,495,10.6077930477659,45.2802513195183,-30.5959704455836,-14.6842808739347
19.5767991407089,493,495,35.0457207115,57.4992151513853,-55.0338981093177,-2.46531704206765
19.5789473684211,491,489,15.4953785805127,77.0495572823726,-50.1463125765709,-26.9032447058017
19.5810955961332,492,489,10.6077930477659,74.6057645159992,-45.258727043824,-29.3470374721752
19.5832438238453,491,488,10.6077930477659,79.493350048746,-47.7025198101975,-31.7908302385486
19.5853920515575,493,491,15.4953785805127,67.274386216879,-45.2587270438241,-22.0156591730549
19.5875402792696,494,493,20.3829641132596,59.9430079177588,-45.2587270438241,-14.6842808739347
19.5896885069817,497,494,10.6077930477659,50.1678368522651,-33.039763211957,-17.1280736403081
19.5918367346939,500,493,-8.94254908322134,45.2802513195183,-15.9332138473431,-29.3470374721752
19.593984962406,497,494,10.6077930477659,50.1678368522651,-33.039763211957,-17.1280736403081
19.5961331901182,493,492,20.3829641132596,64.8305934505056,-47.7025198101975,-17.1280736403081
19.5982814178303,494,489,0.8326219822723,69.7181789832524,-35.4835559783304,-34.234623004922
19.6004296455424,497,490,-8.94254908322134,59.9430079177587,-23.2645921464634,-36.6784157712954
19.6025778732546,498,493,0.832621982272293,50.1678368522651,-25.7083849128368,-24.4594519394283
19.6047261009667,500,493,-8.94254908322134,45.2802513195183,-15.9332138473431,-29.3470374721752
19.6068743286788,498,492,-4.05496355047452,52.6116296186385,-23.2645921464634,-29.3470374721751
19.609022556391,498,494,5.72020751501912,47.7240440858917,-28.1521776792102,-19.5718664066815
19.6111707841031,496,496,25.2705496460064,47.7240440858917,-42.8149342774506,-4.90910980844106
19.6133190118153,494,492,15.4953785805128,62.3868006841322,-42.8149342774507,-19.5718664066815
19.6154672395274,494,492,15.4953785805128,62.3868006841322,-42.8149342774507,-19.5718664066815
19.6176154672395,495,490,0.8326219822723,64.8305934505056,-33.039763211957,-31.7908302385486
19.6197636949517,498,492,-4.05496355047452,52.6116296186385,-23.2645921464634,-29.3470374721751
19.6219119226638,498,492,-4.05496355047452,52.6116296186385,-23.2645921464634,-29.3470374721751
19.6240601503759,499,494,0.8326219822723,45.2802513195183,-23.2645921464634,-22.0156591730549
19.6262083780881,496,494,15.4953785805128,52.6116296186385,-37.9273487447038,-14.6842808739347
19.6283566058002,493,494,30.1581351787532,59.9430079177587,-52.5901053429443,-7.35290257481446
19.6305048335124,497,493,5.72020751501911,52.6116296186385,-30.5959704455836,-22.0156591730549
19.6326530612245,496,492,5.72020751501912,57.4992151513853,-33.039763211957,-24.4594519394283
19.6348012889366,499,491,-13.8301346159682,52.6116296186385,-15.9332138473431,-36.6784157712954
19.6369495166488,499,492,-8.94254908322134,50.1678368522651,-18.3770066137166,-31.7908302385486
19.6390977443609,505,495,-23.6053056814618,28.1737019549044,3.61712828364413,-31.7908302385486
19.641245972073,502,495,-8.94254908322134,35.5050802540247,-11.0456283145963,-24.4594519394283
19.6433941997852,505,498,-8.94254908322134,20.8423236557842,-3.71425001547609,-17.1280736403081
19.6455424274973,505,500,0.832621982272297,15.9547381230374,-8.60183554822291,-7.35290257481447
19.6476906552095,505,499,-4.05496355047452,18.3985308894108,-6.1580427818495,-12.2404881075613
19.6498388829216,505,498,-8.94254908322134,20.8423236557842,-3.71425001547609,-17.1280736403081
19.6519871106337,508,495,-38.2680622797023,20.8423236557842,18.2798848818846,-39.1222085376688
19.6541353383459,510,499,-28.4928912142086,6.17956705754374,18.2798848818846,-24.4594519394283
19.656283566058,511,499,-33.3804767469554,3.73577429117034,23.1674704146314,-26.9032447058017
19.6584317937701,505,498,-8.94254908322134,20.8423236557842,-3.71425001547609,-17.1280736403081
19.6605800214823,506,499,-8.94254908322134,15.9547381230374,-1.27045724910269,-14.6842808739347
19.6627282491944,505,500,0.832621982272297,15.9547381230374,-8.60183554822291,-7.35290257481447
19.6648764769066,509,501,-13.8301346159682,3.73577429117034,8.50471381639095,-12.2404881075613
19.6670247046187,510,503,-8.94254908322134,-3.59560400794989,8.50471381639095,-4.90910980844106
19.6691729323308,518,502,-52.9308188779427,-20.7021533725638,50.0491908447389,-29.3470374721752
19.671321160043,519,504,-48.0432333451959,-28.033531671684,50.0491908447389,-22.0156591730549
19.6734693877551,519,504,-48.0432333451959,-28.033531671684,50.0491908447389,-22.0156591730549
19.6756176154672,515,506,-18.717720148715,-23.1459461389372,25.6112631810048,-2.46531704206765
19.6777658431794,519,507,-33.3804767469554,-35.3649099708042,42.7178125456187,-7.35290257481447
19.6799140708915,523,511,-33.3804767469554,-54.9152521017915,52.4929836111123,2.42226849067917
19.6820622986037,522,514,-13.8301346159681,-59.8028376345383,40.2740197792453,19.528817855293
19.6842105263158,522,511,-28.4928912142086,-52.4714593354181,47.6053980783655,4.86606125705258
19.6863587540279,520,511,-18.717720148715,-47.5838738026713,37.8302270128719,9.75364678979939
19.6885069817401,524,510,-43.1556478124491,-54.9152521017915,59.8243619102326,-4.90910980844106
19.6906552094522,524,513,-28.4928912142086,-62.2466304009117,52.4929836111123,9.75364678979939
19.6928034371643,523,511,-33.3804767469554,-54.9152521017915,52.4929836111123,2.42226849067917
19.6949516648765,518,511,-8.94254908322134,-42.6962882699244,28.0550559473782,14.6412323225462
19.6970998925886,519,514,0.8326219822723,-52.4714593354181,25.6112631810048,26.8601961544133
19.6992481203008,523,516,-8.94254908322134,-67.1342159336585,40.2740197792453,26.8601961544133
19.7013963480129,526,519,-8.94254908322134,-81.796972531899,47.6053980783655,34.1915744535335
19.703544575725,532,518,-43.1556478124491,-94.015936363766,79.3747040412198,14.6412323225462
19.7056928034372,533,520,-38.2680622797022,-101.347314662886,79.3747040412198,21.9726106216664
19.7078410311493,535,519,-52.9308188779427,-103.79110742926,91.5936678730869,12.1974395561728
19.7099892588614,535,520,-48.0432333451959,-106.234900195633,89.1498751067134,17.0850250889196
19.7121374865736,534,522,-33.3804767469554,-108.678692962006,79.3747040412198,29.3039889207867
19.7142857142857,534,523,-28.4928912142086,-111.12248572838,76.9309112748464,34.1915744535335
19.7164339419979,537,526,-28.4928912142086,-125.78524232662,84.2622895739666,41.5229527526537
19.71858216971,538,527,-28.4928912142086,-130.672827859367,86.70608234034,43.9667455190271
19.7207303974221,536,526,-23.6053056814618,-123.341449560247,79.3747040412198,43.9667455190271
19.7228786251343,538,523,-48.0432333451959,-120.897656793874,96.4812534058337,24.4164033880399
19.7250268528464,536,524,-33.3804767469554,-118.4538640275,84.2622895739667,34.1915744535335
19.7271750805585,533,523,-23.6053056814618,-108.678692962006,72.0433257420996,36.6353672199069
19.7293233082707,533,524,-18.717720148715,-111.12248572838,69.5995329757262,41.5229527526537
19.7314715359828,533,525,-13.8301346159682,-113.566278494753,67.1557402093528,46.4105382854005
19.7336197636949,533,529,5.72020751501911,-123.341449560247,57.3805691438591,65.9608804163878
19.7357679914071,537,528,-18.717720148715,-130.672827859367,79.3747040412198,51.2981238181474
19.7379162191192,539,528,-28.4928912142086,-135.560413392114,89.1498751067135,46.4105382854005
19.7400644468314,537,528,-18.717720148715,-130.672827859367,79.3747040412198,51.2981238181474
19.7422126745435,534,526,-13.8301346159681,-118.4538640275,69.5995329757262,48.854331051774
19.7443609022556,533,525,-13.8301346159682,-113.566278494753,67.1557402093528,46.4105382854005
19.7465091299678,529,525,5.72020751501911,-103.79110742926,47.6053980783655,56.1857093508942
19.7486573576799,530,526,5.72020751501913,-108.678692962006,50.0491908447389,58.6295021172676
19.7508055853921,533,530,10.6077930477659,-125.78524232662,54.9367763774857,70.8484659491346
19.7529538131042,533,529,5.72020751501911,-123.341449560247,57.3805691438591,65.9608804163878
19.7551020408163,534,530,5.72020751501913,-128.229035092994,59.8243619102325,68.4046731827612
19.7572502685285,534,528,-4.05496355047451,-123.341449560247,64.7119474429794,58.6295021172676
19.7593984962406,529,527,15.4953785805127,-108.678692962006,42.7178125456187,65.9608804163878
19.7615467239527,528,523,0.832621982272286,-96.4597291301395,47.6053980783655,48.8543310517739
19.7636949516649,525,523,15.4953785805127,-89.1283508310192,32.942641480125,56.1857093508942
19.765843179377,524,522,15.4953785805127,-84.2407652982724,30.4988487137516,53.7419165845208
19.7679914070892,519,522,39.9333062442469,-72.0218014664053,6.06092105001754,65.9608804163878
19.7701396348013,518,520,35.0457207115,-64.6904231672851,6.06092105001754,58.6295021172676
19.7722878625134,514,519,49.7084773097405,-52.4714593354181,-11.0456283145963,63.5170876500144
19.7744360902256,508,515,59.4836483752341,-28.033531671684,-30.5959704455836,58.6295021172676
19.7765843179377,506,511,49.7084773097405,-13.3707750734435,-30.5959704455836,43.9667455190271
19.7787325456498,512,514,35.0457207115,-35.3649099708042,-8.60183554822292,43.9667455190271
19.780880773362,518,512,-4.05496355047452,-45.1400810362979,25.6112631810048,19.528817855293
19.7830290010741,518,515,10.6077930477659,-52.4714593354181,18.2798848818846,34.1915744535335
19.7851772287863,518,515,10.6077930477659,-52.4714593354181,18.2798848818846,34.1915744535335
19.7873254564984,520,516,5.72020751501912,-59.8028376345383,25.6112631810048,34.1915744535335
19.7894736842105,518,518,25.2705496460064,-59.8028376345383,10.9485065827644,48.854331051774
19.7916219119227,517,513,5.72020751501911,-45.1400810362979,18.2798848818846,26.8601961544133
19.7937701396348,512,511,20.3829641132596,-28.033531671684,-1.27045724910268,29.3039889207867
19.7959183673469,507,506,20.3829641132596,-3.59560400794989,-13.4894210809697,17.0850250889196
19.7980665950591,505,504,20.3829641132596,6.17956705754374,-18.3770066137166,12.1974395561728
19.8002148227712,503,504,30.1581351787532,11.0671525902906,-28.1521776792102,17.0850250889196
19.8023630504834,500,506,54.5960628424873,13.510945356664,-47.7025198101975,34.1915744535335
19.8045112781955,495,502,59.4836483752341,35.5050802540247,-62.3652764084379,26.8601961544133
19.8066595059076,493,501,64.3712339079809,42.8364585531449,-69.6966547075582,26.8601961544133
19.8088077336198,491,502,79.0339905062214,45.2802513195183,-81.9156185394252,36.6353672199069
19.8109559613319,487,498,79.0339905062214,64.8305934505056,-91.6907896049188,26.8601961544133
19.813104189044,487,493,54.5960628424873,77.0495572823726,-79.4718257730518,2.42226849067917
19.8152524167562,492,492,25.2705496460064,67.274386216879,-52.5901053429443,-14.6842808739347
19.8174006444683,494,494,25.2705496460064,57.4992151513853,-47.7025198101975,-9.79669534118787
19.8195488721805,493,496,39.9333062442469,55.0554223850119,-57.4776908756911,2.42226849067917
19.8216970998926,496,496,25.2705496460064,47.7240440858917,-42.8149342774506,-4.90910980844106
19.8238453276047,499,496,10.6077930477659,40.3926657867715,-28.1521776792102,-12.2404881075613
19.8259935553169,500,498,15.4953785805128,33.0612874876512,-28.1521776792102,-4.90910980844106
19.828141783029,500,496,5.72020751501912,37.9488730203981,-23.2645921464634,-14.6842808739347
19.8302900107411,500,496,5.72020751501912,37.9488730203981,-23.2645921464634,-14.6842808739347
19.8324382384533,498,492,-4.05496355047452,52.6116296186385,-23.2645921464634,-29.3470374721751
19.8345864661654,494,490,5.72020751501913,67.274386216879,-37.9273487447038,-29.3470374721751
19.8367346938776,492,491,20.3829641132596,69.7181789832524,-50.1463125765709,-19.5718664066815
19.8388829215897,490,492,35.0457207115,72.1619717496258,-62.3652764084379,-9.79669534118787
19.8410311493018,490,490,25.2705496460064,77.0495572823726,-57.4776908756911,-19.5718664066815
19.843179377014,496,495,20.3829641132596,50.1678368522651,-40.3711415110772,-9.79669534118788
19.8453276047261,496,495,20.3829641132596,50.1678368522651,-40.3711415110772,-9.79669534118788
19.8474758324382,498,493,0.832621982272293,50.1678368522651,-25.7083849128368,-24.4594519394283
19.8496240601504,500,491,-18.717720148715,50.1678368522651,-11.0456283145963,-39.1222085376688
19.8517722878625,501,493,-13.8301346159682,42.8364585531449,-11.0456283145963,-31.7908302385486
19.8539205155747,501,493,-13.8301346159682,42.8364585531449,-11.0456283145963,-31.7908302385486
19.8560687432868,504,496,-13.8301346159682,28.1737019549044,-3.7142500154761,-24.4594519394283
19.8582169709989,502,496,-4.05496355047452,33.0612874876512,-13.4894210809697,-19.5718664066815
19.8603651987111,502,497,0.832621982272297,30.6174947212778,-15.9332138473431,-14.6842808739347
19.8625134264232,499,497,15.4953785805128,37.9488730203981,-30.5959704455836,-7.35290257481447
19.8646616541353,497,495,15.4953785805127,47.7240440858917,-35.4835559783304,-12.2404881075613
19.8668098818475,497,491,-4.05496355047453,57.4992151513853,-25.7083849128368,-31.7908302385486
19.8689581095596,498,492,-4.05496355047452,52.6116296186385,-23.2645921464634,-29.3470374721751
19.8711063372718,497,492,0.8326219822723,55.0554223850119,-28.1521776792102,-26.9032447058017
19.8732545649839,500,494,-4.05496355047452,42.8364585531449,-18.3770066137166,-24.4594519394283
19.875402792696,503,496,-8.94254908322134,30.6174947212778,-8.60183554822292,-22.0156591730549
19.8775510204082,504,497,-8.94254908322134,25.729909188531,-6.1580427818495,-19.5718664066815
19.8796992481203,504,499,0.832621982272297,20.8423236557842,-11.0456283145963,-9.79669534118788
19.8818474758324,506,498,-13.8301346159682,18.3985308894108,1.17333551727072,-19.5718664066815
19.8839957035446,507,495,-33.3804767469554,23.2861164221576,13.3922993491378,-36.6784157712954
19.8861439312567,505,493,-33.3804767469554,33.0612874876512,8.50471381639095,-41.5660013040422
19.8882921589689,502,496,-4.05496355047452,33.0612874876512,-13.4894210809697,-19.5718664066815
19.890440386681,500,495,0.832621982272293,40.3926657867715,-20.82079938009,-19.5718664066815
19.8925886143931,498,495,10.6077930477659,45.2802513195183,-30.5959704455836,-14.6842808739347
19.8947368421053,498,496,15.4953785805128,42.8364585531449,-33.039763211957,-9.79669534118787
19.8968850698174,503,498,0.832621982272297,25.729909188531,-13.4894210809697,-12.2404881075613
19.8990332975295,505,497,-13.8301346159682,23.2861164221576,-1.27045724910269,-22.0156591730549
19.9011815252417,508,501,-8.94254908322134,6.17956705754374,3.61712828364413,-9.79669534118788
19.9033297529538,511,499,-33.3804767469554,3.73577429117034,23.1674704146314,-26.9032447058017
19.9054779806659,514,499,-48.0432333451959,-3.59560400794989,37.8302270128719,-34.234623004922
19.9076262083781,512,502,-23.6053056814618,-6.0393967743233,20.723677648258,-14.6842808739347
19.9097744360902,510,504,-4.05496355047452,-6.0393967743233,6.06092105001754,-0.0215242756942402
19.9119226638024,509,503,-4.05496355047452,-1.15181124157648,3.61712828364413,-2.46531704206765
19.9140708915145,505,503,15.4953785805128,8.62335982391715,-15.9332138473431,7.30985402342599
19.9162191192266,507,504,10.6077930477659,1.29198152479693,-8.60183554822291,7.30985402342599
19.9183673469388,508,504,5.72020751501912,-1.15181124157648,-3.71425001547609,4.86606125705258
19.9205155746509,510,500,-23.6053056814618,3.73577429117034,15.8360921155112,-19.5718664066815
19.9226638023631,510,500,-23.6053056814618,3.73577429117034,15.8360921155112,-19.5718664066815
19.9248120300752,509,502,-8.94254908322134,1.29198152479693,6.06092105001754,-7.35290257481447
19.9269602577873,507,504,10.6077930477659,1.29198152479693,-8.60183554822291,7.30985402342599
19.9291084854995,505,501,5.72020751501912,13.510945356664,-11.0456283145963,-2.46531704206765
19.9312567132116,509,504,0.832621982272297,-3.59560400794989,1.17333551727072,2.42226849067917
19.9334049409237,507,503,5.72020751501912,3.73577429117034,-6.1580427818495,2.42226849067917
19.9355531686359,509,505,5.72020751501912,-6.0393967743233,-1.27045724910269,7.30985402342599
19.937701396348,505,502,10.6077930477659,11.0671525902906,-13.4894210809697,2.42226849067917
19.9398496240602,506,499,-8.94254908322134,15.9547381230374,-1.27045724910269,-14.6842808739347
19.9419978517723,508,503,0.832621982272297,1.29198152479693,-1.27045724910269,-0.0215242756942402
19.9441460794844,516,505,-28.4928912142086,-23.1459461389372,32.942641480125,-9.79669534118788
19.9462943071966,521,508,-38.2680622797022,-42.6962882699244,50.0491908447389,-7.35290257481447
19.9484425349087,524,510,-43.1556478124491,-54.9152521017915,59.8243619102326,-4.90910980844106
19.9505907626208,526,513,-38.2680622797022,-67.1342159336585,62.268154676606,4.86606125705258
19.952738990333,523,514,-18.717720148715,-62.2466304009117,45.1616053119921,17.0850250889196
19.9548872180451,524,511,-38.2680622797023,-57.3590448681649,57.3805691438591,-0.0215242756942473
19.9570354457572,520,510,-23.6053056814618,-45.1400810362979,40.2740197792453,4.86606125705258
19.9591836734694,520,508,-33.3804767469554,-40.252495503551,45.1616053119921,-4.90910980844106
19.9613319011815,518,512,-4.05496355047452,-45.1400810362979,25.6112631810048,19.528817855293
19.9634801288937,516,511,0.832621982272293,-37.8087027371776,18.2798848818846,19.528817855293
19.9656283566058,520,512,-13.8301346159682,-50.0276665690447,35.3864342464985,14.6412323225462
19.9677765843179,522,514,-13.8301346159681,-59.8028376345383,40.2740197792453,19.528817855293
19.9699248120301,519,517,15.4953785805127,-59.8028376345383,18.2798848818846,41.5229527526537
19.9720730397422,514,511,10.6077930477659,-32.9211172044308,8.50471381639095,24.4164033880398
19.9742212674544,508,506,15.4953785805128,-6.0393967743233,-8.60183554822291,14.6412323225462
19.9763694951665,504,503,20.3829641132596,11.0671525902906,-20.82079938009,9.7536467897994
19.9785177228786,506,506,25.2705496460064,-1.15181124157648,-18.3770066137166,19.528817855293
19.9806659505908,509,506,10.6077930477659,-8.48318954069671,-3.71425001547609,12.1974395561728
19.9828141783029,510,508,15.4953785805128,-15.8145678398169,-3.71425001547609,19.528817855293
19.984962406015,512,507,0.832621982272297,-18.2583606061904,8.50471381639095,9.7536467897994
19.9871106337272,509,509,25.2705496460064,-15.8145678398169,-11.0456283145963,26.8601961544133
19.9892588614393,512,509,10.6077930477659,-23.1459461389372,3.61712828364413,19.528817855293
19.9914070891515,509,503,-4.05496355047452,-1.15181124157648,3.61712828364413,-2.46531704206765
19.9935553168636,505,501,5.72020751501912,13.510945356664,-11.0456283145963,-2.46531704206765
19.9957035445757,503,501,15.4953785805128,18.3985308894108,-20.82079938009,2.42226849067917
19.9978517722879,496,500,44.8208917769937,37.9488730203981,-52.5901053429443,14.6412323225462
