t,leadI,leadII,leadIII,aVR,aVL,aVF
0,1022,543,-479,-782.5,750.5,32
0.00216169476869866,1019,543,-476,-781,747.5,33.5
0.00432338953739732,1021,543,-478,-782,749.5,32.5
0.00648508430609598,1018,543,-475,-780.5,746.5,34
0.00864677907479464,1014,543,-471,-778.5,742.5,36
0.0108084738434933,1014,543,-471,-778.5,742.5,36
0.012970168612192,1005,543,-462,-774,733.5,40.5
0.0151318633808906,1001,543,-458,-772,729.5,42.5
0.0172935581495893,1001,543,-458,-772,729.5,42.5
0.0194552529182879,1003,543,-460,-773,731.5,41.5
0.0216169476869866,1010,543,-467,-776.5,738.5,38
0.0237786424556853,1017,543,-474,-780,745.5,34.5
0.0259403372243839,1021,543,-478,-782,749.5,32.5
0.0281020319930826,1021,543,-478,-782,749.5,32.5
0.0302637267617812,1019,543,-476,-781,747.5,33.5
0.0324254215304799,1011,543,-468,-777,739.5,37.5
0.0345871162991786,1001,543,-458,-772,729.5,42.5
0.0367488110678772,1000,543,-457,-771.5,728.5,43
0.0389105058365759,1017,543,-474,-780,745.5,34.5
0.0410722006052745,1023,543,-480,-783,751.5,31.5
0.0432338953739732,1022,542,-480,-782,751,31
0.0453955901426719,1023,542,-481,-782.5,752,30.5
0.0475572849113705,1022,543,-479,-782.5,750.5,32
0.0497189796800692,1022,543,-479,-782.5,750.5,32
0.0518806744487678,1022,543,-479,-782.5,750.5,32
0.0540423692174665,1022,543,-479,-782.5,750.5,32
0.0562040639861651,1023,543,-480,-783,751.5,31.5
0.0583657587548638,1021,543,-478,-782,749.5,32.5
0.0605274535235625,1021,543,-478,-782,749.5,32.5
0.0626891482922611,1021,543,-478,-782,749.5,32.5
0.0648508430609598,1022,543,-479,-782.5,750.5,32
0.0670125378296585,1020,543,-477,-781.5,748.5,33
0.0691742325983571,1020,542,-478,-781,749,32
0.0713359273670558,1021,543,-478,-782,749.5,32.5
0.0734976221357544,1021,543,-478,-782,749.5,32.5
0.0756593169044531,988,543,-445,-765.5,716.5,49
0.0778210116731518,964,543,-421,-753.5,692.5,61
0.0799827064418504,953,543,-410,-748,681.5,66.5
0.0821444012105491,951,543,-408,-747,679.5,67.5
0.0843060959792477,958,543,-415,-750.5,686.5,64
0.0864677907479464,963,543,-420,-753,691.5,61.5
0.088629485516645,971,543,-428,-757,699.5,57.5
0.0907911802853437,977,543,-434,-760,705.5,54.5
0.0929528750540424,982,543,-439,-762.5,710.5,52
0.095114569822741,984,543,-441,-763.5,712.5,51
0.0972762645914397,984,542,-442,-763,713,50
0.0994379593601383,975,543,-432,-759,703.5,55.5
0.101599654128837,967,543,-424,-755,695.5,59.5
0.103761348897536,962,543,-419,-752.5,690.5,62
0.105923043666234,963,543,-420,-753,691.5,61.5
0.108084738434933,974,543,-431,-758.5,702.5,56
0.110246433203632,987,543,-444,-765,715.5,49.5
0.11240812797233,995,543,-452,-769,723.5,45.5
0.114569822741029,1000,543,-457,-771.5,728.5,43
0.116731517509728,998,542,-456,-770,727,43
0.118893212278426,991,543,-448,-767,719.5,47.5
0.121054907047125,983,543,-440,-763,711.5,51.5
0.123216601815824,978,543,-435,-760.5,706.5,54
0.125378296584522,982,543,-439,-762.5,710.5,52
0.127539991353221,982,543,-439,-762.5,710.5,52
0.12970168612192,983,543,-440,-763,711.5,51.5
0.131863380890618,991,542,-449,-766.5,720,46.5
0.134025075659317,1007,543,-464,-775,735.5,39.5
0.136186770428016,1017,543,-474,-780,745.5,34.5
0.138348465196714,1022,543,-479,-782.5,750.5,32
0.140510159965413,1022,543,-479,-782.5,750.5,32
0.142671854734112,1021,543,-478,-782,749.5,32.5
0.14483354950281,1020,542,-478,-781,749,32
0.146995244271509,1012,543,-469,-777.5,740.5,37
0.149156939040208,1006,543,-463,-774.5,734.5,40
0.151318633808906,1004,543,-461,-773.5,732.5,41
0.153480328577605,1001,543,-458,-772,729.5,42.5
0.155642023346304,999,543,-456,-771,727.5,43.5
0.157803718115002,999,543,-456,-771,727.5,43.5
0.159965412883701,995,543,-452,-769,723.5,45.5
0.162127107652399,999,543,-456,-771,727.5,43.5
0.164288802421098,1003,543,-460,-773,731.5,41.5
0.166450497189797,1016,543,-473,-779.5,744.5,35
0.168612191958495,1023,543,-480,-783,751.5,31.5
0.170773886727194,1020,543,-477,-781.5,748.5,33
0.172935581495893,1021,543,-478,-782,749.5,32.5
0.175097276264591,1021,542,-479,-781.5,750,31.5
0.17725897103329,1021,543,-478,-782,749.5,32.5
0.179420665801989,1023,543,-480,-783,751.5,31.5
0.181582360570687,1020,543,-477,-781.5,748.5,33
0.183744055339386,1019,543,-476,-781,747.5,33.5
0.185905750108085,1023,542,-481,-782.5,752,30.5
0.188067444876783,1021,543,-478,-782,749.5,32.5
0.190229139645482,1020,543,-477,-781.5,748.5,33
0.192390834414181,1021,543,-478,-782,749.5,32.5
0.194552529182879,1022,543,-479,-782.5,750.5,32
0.196714223951578,1022,543,-479,-782.5,750.5,32
0.198875918720277,1022,543,-479,-782.5,750.5,32
0.201037613488975,1022,543,-479,-782.5,750.5,32
0.203199308257674,1022,543,-479,-782.5,750.5,32
0.205361003026373,1023,543,-480,-783,751.5,31.5
0.207522697795071,1022,543,-479,-782.5,750.5,32
0.20968439256377,1023,542,-481,-782.5,752,30.5
0.211846087332469,1020,543,-477,-781.5,748.5,33
0.214007782101167,1021,543,-478,-782,749.5,32.5
0.216169476869866,1022,543,-479,-782.5,750.5,32
0.218331171638565,1021,543,-478,-782,749.5,32.5
0.220492866407263,1020,542,-478,-781,749,32
0.222654561175962,1022,543,-479,-782.5,750.5,32
0.224816255944661,1021,543,-478,-782,749.5,32.5
0.226977950713359,1021,543,-478,-782,749.5,32.5
0.229139645482058,1020,543,-477,-781.5,748.5,33
0.231301340250757,1022,543,-479,-782.5,750.5,32
0.233463035019455,1022,543,-479,-782.5,750.5,32
0.235624729788154,1021,543,-478,-782,749.5,32.5
0.237786424556853,1022,543,-479,-782.5,750.5,32
0.239948119325551,1021,543,-478,-782,749.5,32.5
0.24210981409425,1023,543,-480,-783,751.5,31.5
0.244271508862949,1020,543,-477,-781.5,748.5,33
0.246433203631647,1021,543,-478,-782,749.5,32.5
0.248594898400346,1021,543,-478,-782,749.5,32.5
0.250756593169045,1023,543,-480,-783,751.5,31.5
0.252918287937743,1020,543,-477,-781.5,748.5,33
0.255079982706442,1021,543,-478,-782,749.5,32.5
0.25724167747514,1022,543,-479,-782.5,750.5,32
0.259403372243839,1021,543,-478,-782,749.5,32.5
0.261565067012538,1022,542,-480,-782,751,31
0.263726761781236,1021,543,-478,-782,749.5,32.5
0.265888456549935,1022,543,-479,-782.5,750.5,32
0.268050151318634,1020,542,-478,-781,749,32
0.270211846087332,1022,543,-479,-782.5,750.5,32
0.272373540856031,1022,543,-479,-782.5,750.5,32
0.27453523562473,1020,543,-477,-781.5,748.5,33
0.276696930393428,1022,543,-479,-782.5,750.5,32
0.278858625162127,1022,543,-479,-782.5,750.5,32
0.281020319930826,1021,543,-478,-782,749.5,32.5
0.283182014699524,1021,543,-478,-782,749.5,32.5
0.285343709468223,1023,543,-480,-783,751.5,31.5
0.287505404236922,1021,543,-478,-782,749.5,32.5
0.28966709900562,1021,543,-478,-782,749.5,32.5
0.291828793774319,1022,543,-479,-782.5,750.5,32
0.293990488543018,1021,543,-478,-782,749.5,32.5
0.296152183311716,1021,543,-478,-782,749.5,32.5
0.298313878080415,1022,543,-479,-782.5,750.5,32
0.300475572849114,1022,543,-479,-782.5,750.5,32
0.302637267617812,1023,543,-480,-783,751.5,31.5
0.304798962386511,1020,543,-477,-781.5,748.5,33
0.30696065715521,1021,543,-478,-782,749.5,32.5
0.309122351923908,1022,543,-479,-782.5,750.5,32
0.311284046692607,1023,543,-480,-783,751.5,31.5
0.313445741461306,1021,543,-478,-782,749.5,32.5
0.315607436230004,1021,543,-478,-782,749.5,32.5
0.317769130998703,1021,543,-478,-782,749.5,32.5
0.319930825767402,1021,543,-478,-782,749.5,32.5
0.3220925205361,1023,543,-480,-783,751.5,31.5
0.324254215304799,1023,543,-480,-783,751.5,31.5
0.326415910073498,1023,543,-480,-783,751.5,31.5
0.328577604842196,1020,543,-477,-781.5,748.5,33
0.330739299610895,1020,543,-477,-781.5,748.5,33
0.332900994379594,1021,543,-478,-782,749.5,32.5
0.335062689148292,1013,543,-470,-778,741.5,36.5
0.337224383916991,1000,543,-457,-771.5,728.5,43
0.33938607868569,992,543,-449,-767.5,720.5,47
0.341547773454388,985,543,-442,-764,713.5,50.5
0.343709468223087,993,543,-450,-768,721.5,46.5
0.345871162991786,1007,543,-464,-775,735.5,39.5
0.348032857760484,1020,543,-477,-781.5,748.5,33
0.350194552529183,1021,543,-478,-782,749.5,32.5
0.352356247297882,1021,543,-478,-782,749.5,32.5
0.35451794206658,1023,543,-480,-783,751.5,31.5
0.356679636835279,1023,543,-480,-783,751.5,31.5
0.358841331603978,1021,543,-478,-782,749.5,32.5
0.361003026372676,1013,543,-470,-778,741.5,36.5
0.363164721141375,1006,543,-463,-774.5,734.5,40
0.365326415910073,998,543,-455,-770.5,726.5,44
0.367488110678772,998,543,-455,-770.5,726.5,44
0.369649805447471,997,543,-454,-770,725.5,44.5
0.371811500216169,1002,542,-460,-772,731,41
0.373973194984868,1004,542,-462,-773,733,40
0.376134889753567,1006,543,-463,-774.5,734.5,40
0.378296584522265,1009,543,-466,-776,737.5,38.5
0.380458279290964,1007,543,-464,-775,735.5,39.5
0.382619974059663,1005,543,-462,-774,733.5,40.5
0.384781668828361,1005,543,-462,-774,733.5,40.5
0.38694336359706,1005,543,-462,-774,733.5,40.5
0.389105058365759,1005,543,-462,-774,733.5,40.5
0.391266753134457,1009,543,-466,-776,737.5,38.5
0.393428447903156,1013,543,-470,-778,741.5,36.5
0.395590142671855,1021,543,-478,-782,749.5,32.5
0.397751837440553,1021,543,-478,-782,749.5,32.5
0.399913532209252,1021,543,-478,-782,749.5,32.5
0.402075226977951,1020,542,-478,-781,749,32
0.404236921746649,1020,543,-477,-781.5,748.5,33
0.406398616515348,1017,543,-474,-780,745.5,34.5
0.408560311284047,1016,543,-473,-779.5,744.5,35
0.410722006052745,1016,543,-473,-779.5,744.5,35
0.412883700821444,1016,543,-473,-779.5,744.5,35
0.415045395590143,1011,543,-468,-777,739.5,37.5
0.417207090358841,1013,543,-470,-778,741.5,36.5
0.41936878512754,1013,543,-470,-778,741.5,36.5
0.421530479896239,1017,543,-474,-780,745.5,34.5
0.423692174664937,1021,543,-478,-782,749.5,32.5
0.425853869433636,1022,543,-479,-782.5,750.5,32
0.428015564202335,1021,543,-478,-782,749.5,32.5
0.430177258971033,1022,543,-479,-782.5,750.5,32
0.432338953739732,1019,543,-476,-781,747.5,33.5
0.434500648508431,1017,543,-474,-780,745.5,34.5
0.436662343277129,1015,543,-472,-779,743.5,35.5
0.438824038045828,1013,543,-470,-778,741.5,36.5
0.440985732814527,1009,543,-466,-776,737.5,38.5
0.443147427583225,1006,543,-463,-774.5,734.5,40
0.445309122351924,1007,543,-464,-775,735.5,39.5
0.447470817120623,1009,543,-466,-776,737.5,38.5
0.449632511889321,1019,543,-476,-781,747.5,33.5
0.45179420665802,1021,543,-478,-782,749.5,32.5
0.453955901426719,1021,543,-478,-782,749.5,32.5
0.456117596195417,1021,543,-478,-782,749.5,32.5
0.458279290964116,1022,543,-479,-782.5,750.5,32
0.460440985732815,1022,543,-479,-782.5,750.5,32
0.462602680501513,1021,543,-478,-782,749.5,32.5
0.464764375270212,1022,543,-479,-782.5,750.5,32
0.46692607003891,1021,543,-478,-782,749.5,32.5
0.469087764807609,1022,542,-480,-782,751,31
0.471249459576308,1021,543,-478,-782,749.5,32.5
0.473411154345006,1020,543,-477,-781.5,748.5,33
0.475572849113705,1019,542,-477,-780.5,748,32.5
0.477734543882404,1020,543,-477,-781.5,748.5,33
0.479896238651102,1022,543,-479,-782.5,750.5,32
0.482057933419801,1020,543,-477,-781.5,748.5,33
0.4842196281885,1023,542,-481,-782.5,752,30.5
0.486381322957198,1022,543,-479,-782.5,750.5,32
0.488543017725897,1020,543,-477,-781.5,748.5,33
0.490704712494596,1022,543,-479,-782.5,750.5,32
0.492866407263294,1023,543,-480,-783,751.5,31.5
0.495028102031993,1023,543,-480,-783,751.5,31.5
0.497189796800692,1021,543,-478,-782,749.5,32.5
0.49935149156939,1022,543,-479,-782.5,750.5,32
0.501513186338089,1020,543,-477,-781.5,748.5,33
0.503674881106788,1016,542,-474,-779,745,34
0.505836575875486,1021,543,-478,-782,749.5,32.5
0.507998270644185,1021,543,-478,-782,749.5,32.5
0.510159965412884,1023,543,-480,-783,751.5,31.5
0.512321660181582,1023,543,-480,-783,751.5,31.5
0.514483354950281,1020,543,-477,-781.5,748.5,33
0.51664504971898,1021,543,-478,-782,749.5,32.5
0.518806744487678,1022,543,-479,-782.5,750.5,32
0.520968439256377,1022,543,-479,-782.5,750.5,32
0.523130134025076,1022,542,-480,-782,751,31
0.525291828793774,1021,542,-479,-781.5,750,31.5
0.527453523562473,1020,543,-477,-781.5,748.5,33
0.529615218331172,1022,543,-479,-782.5,750.5,32
0.53177691309987,1022,543,-479,-782.5,750.5,32
0.533938607868569,1022,543,-479,-782.5,750.5,32
0.536100302637268,1021,543,-478,-782,749.5,32.5
0.538261997405966,1022,543,-479,-782.5,750.5,32
0.540423692174665,1022,543,-479,-782.5,750.5,32
0.542585386943364,1022,543,-479,-782.5,750.5,32
0.544747081712062,1021,543,-478,-782,749.5,32.5
0.546908776480761,1021,543,-478,-782,749.5,32.5
0.54907047124946,1022,543,-479,-782.5,750.5,32
0.551232166018158,1022,543,-479,-782.5,750.5,32
0.553393860786857,1022,543,-479,-782.5,750.5,32
0.555555555555556,1023,543,-480,-783,751.5,31.5
0.557717250324254,1022,543,-479,-782.5,750.5,32
0.559878945092953,1019,543,-476,-781,747.5,33.5
0.562040639861652,1021,543,-478,-782,749.5,32.5
0.56420233463035,1021,543,-478,-782,749.5,32.5
0.566364029399049,1021,543,-478,-782,749.5,32.5
0.568525724167747,1021,543,-478,-782,749.5,32.5
0.570687418936446,1021,543,-478,-782,749.5,32.5
0.572849113705145,1021,543,-478,-782,749.5,32.5
0.575010808473843,1021,543,-478,-782,749.5,32.5
0.577172503242542,1020,543,-477,-781.5,748.5,33
0.579334198011241,1019,543,-476,-781,747.5,33.5
0.581495892779939,1012,543,-469,-777.5,740.5,37
0.583657587548638,998,543,-455,-770.5,726.5,44
0.585819282317337,984,543,-441,-763.5,712.5,51
0.587980977086035,976,543,-433,-759.5,704.5,55
0.590142671854734,975,543,-432,-759,703.5,55.5
0.592304366623433,984,543,-441,-763.5,712.5,51
0.594466061392131,993,543,-450,-768,721.5,46.5
0.59662775616083,1008,543,-465,-775.5,736.5,39
0.598789450929529,1021,543,-478,-782,749.5,32.5
0.600951145698227,1021,543,-478,-782,749.5,32.5
0.603112840466926,1022,543,-479,-782.5,750.5,32
0.605274535235625,1021,543,-478,-782,749.5,32.5
0.607436230004323,1023,542,-481,-782.5,752,30.5
0.609597924773022,1014,543,-471,-778.5,742.5,36
0.611759619541721,1004,543,-461,-773.5,732.5,41
0.613921314310419,994,543,-451,-768.5,722.5,46
0.616083009079118,984,543,-441,-763.5,712.5,51
0.618244703847817,981,543,-438,-762,709.5,52.5
0.620406398616515,984,543,-441,-763.5,712.5,51
0.622568093385214,988,543,-445,-765.5,716.5,49
0.624729788153913,1002,543,-459,-772.5,730.5,42
0.626891482922611,1008,543,-465,-775.5,736.5,39
0.62905317769131,1011,543,-468,-777,739.5,37.5
0.631214872460009,1017,543,-474,-780,745.5,34.5
0.633376567228707,1015,543,-472,-779,743.5,35.5
0.635538261997406,1008,543,-465,-775.5,736.5,39
0.637699956766105,1001,543,-458,-772,729.5,42.5
0.639861651534803,995,543,-452,-769,723.5,45.5
0.642023346303502,987,543,-444,-765,715.5,49.5
0.644185041072201,981,543,-438,-762,709.5,52.5
0.646346735840899,979,543,-436,-761,707.5,53.5
0.648508430609598,986,543,-443,-764.5,714.5,50
0.650670125378297,997,543,-454,-770,725.5,44.5
0.652831820146995,1021,543,-478,-782,749.5,32.5
0.654993514915694,1021,543,-478,-782,749.5,32.5
0.657155209684393,1023,543,-480,-783,751.5,31.5
0.659316904453091,1021,543,-478,-782,749.5,32.5
0.66147859922179,1021,543,-478,-782,749.5,32.5
0.663640293990489,1022,543,-479,-782.5,750.5,32
0.665801988759187,1022,543,-479,-782.5,750.5,32
0.667963683527886,1023,543,-480,-783,751.5,31.5
0.670125378296584,1022,543,-479,-782.5,750.5,32
0.672287073065283,1022,543,-479,-782.5,750.5,32
0.674448767833982,1021,543,-478,-782,749.5,32.5
0.67661046260268,1021,543,-478,-782,749.5,32.5
0.678772157371379,1020,543,-477,-781.5,748.5,33
0.680933852140078,1021,543,-478,-782,749.5,32.5
0.683095546908776,1023,543,-480,-783,751.5,31.5
0.685257241677475,1021,543,-478,-782,749.5,32.5
0.687418936446174,993,543,-450,-768,721.5,46.5
0.689580631214872,973,543,-430,-758,701.5,56.5
0.691742325983571,956,543,-413,-749.5,684.5,65
0.69390402075227,949,543,-406,-746,677.5,68.5
0.696065715520968,951,543,-408,-747,679.5,67.5
0.698227410289667,958,543,-415,-750.5,686.5,64
0.700389105058366,965,543,-422,-754,693.5,60.5
0.702550799827064,972,543,-429,-757.5,700.5,57
0.704712494595763,972,543,-429,-757.5,700.5,57
0.706874189364462,971,543,-428,-757,699.5,57.5
0.70903588413316,975,543,-432,-759,703.5,55.5
0.711197578901859,976,543,-433,-759.5,704.5,55
0.713359273670558,975,543,-432,-759,703.5,55.5
0.715520968439256,975,543,-432,-759,703.5,55.5
0.717682663207955,973,542,-431,-757.5,702,55.5
0.719844357976654,976,543,-433,-759.5,704.5,55
0.722006052745352,981,543,-438,-762,709.5,52.5
0.724167747514051,996,543,-453,-769.5,724.5,45
0.72632944228275,1001,543,-458,-772,729.5,42.5
0.728491137051448,1001,543,-458,-772,729.5,42.5
0.730652831820147,995,543,-452,-769,723.5,45.5
0.732814526588846,992,543,-449,-767.5,720.5,47
0.734976221357544,990,543,-447,-766.5,718.5,48
0.737137916126243,989,542,-447,-765.5,718,47.5
0.739299610894942,987,542,-445,-764.5,716,48.5
0.74146130566364,994,543,-451,-768.5,722.5,46
0.743623000432339,996,543,-453,-769.5,724.5,45
0.745784695201038,994,543,-451,-768.5,722.5,46
0.747946389969736,993,543,-450,-768,721.5,46.5
0.750108084738435,991,543,-448,-767,719.5,47.5
0.752269779507134,992,542,-450,-767,721,46
0.754431474275832,999,543,-456,-771,727.5,43.5
0.756593169044531,1008,543,-465,-775.5,736.5,39
0.75875486381323,1017,543,-474,-780,745.5,34.5
0.760916558581928,1020,543,-477,-781.5,748.5,33
0.763078253350627,1021,543,-478,-782,749.5,32.5
0.765239948119325,1020,543,-477,-781.5,748.5,33
0.767401642888024,1014,543,-471,-778.5,742.5,36
0.769563337656723,1010,543,-467,-776.5,738.5,38
0.771725032425421,1008,543,-465,-775.5,736.5,39
0.77388672719412,1003,543,-460,-773,731.5,41.5
0.776048421962819,1003,543,-460,-773,731.5,41.5
0.778210116731518,1007,543,-464,-775,735.5,39.5
0.780371811500216,1013,542,-471,-777.5,742,35.5
0.782533506268915,1021,543,-478,-782,749.5,32.5
0.784695201037613,1022,543,-479,-782.5,750.5,32
0.786856895806312,1021,543,-478,-782,749.5,32.5
0.789018590575011,1022,543,-479,-782.5,750.5,32
0.791180285343709,1022,543,-479,-782.5,750.5,32
0.793341980112408,1021,543,-478,-782,749.5,32.5
0.795503674881107,1022,543,-479,-782.5,750.5,32
0.797665369649805,1021,543,-478,-782,749.5,32.5
0.799827064418504,1021,543,-478,-782,749.5,32.5
0.801988759187203,1021,543,-478,-782,749.5,32.5
0.804150453955901,1019,543,-476,-781,747.5,33.5
0.8063121487246,1023,543,-480,-783,751.5,31.5
0.808473843493299,1020,543,-477,-781.5,748.5,33
0.810635538261997,1020,543,-477,-781.5,748.5,33
0.812797233030696,1022,543,-479,-782.5,750.5,32
0.814958927799395,1020,543,-477,-781.5,748.5,33
0.817120622568093,1021,543,-478,-782,749.5,32.5
0.819282317336792,1021,543,-478,-782,749.5,32.5
0.821444012105491,1021,543,-478,-782,749.5,32.5
0.823605706874189,1022,543,-479,-782.5,750.5,32
0.825767401642888,1022,543,-479,-782.5,750.5,32
0.827929096411587,1022,543,-479,-782.5,750.5,32
0.830090791180285,1020,543,-477,-781.5,748.5,33
0.832252485948984,1022,543,-479,-782.5,750.5,32
0.834414180717683,1022,543,-479,-782.5,750.5,32
0.836575875486381,1021,543,-478,-782,749.5,32.5
0.83873757025508,1022,543,-479,-782.5,750.5,32
0.840899265023779,1022,543,-479,-782.5,750.5,32
0.843060959792477,1022,542,-480,-782,751,31
0.845222654561176,1022,543,-479,-782.5,750.5,32
0.847384349329875,1021,543,-478,-782,749.5,32.5
0.849546044098573,1023,543,-480,-783,751.5,31.5
0.851707738867272,1023,543,-480,-783,751.5,31.5
0.853869433635971,1021,543,-478,-782,749.5,32.5
0.856031128404669,1023,543,-480,-783,751.5,31.5
0.858192823173368,1023,542,-481,-782.5,752,30.5
0.860354517942067,1021,543,-478,-782,749.5,32.5
0.862516212710765,1023,542,-481,-782.5,752,30.5
0.864677907479464,1022,543,-479,-782.5,750.5,32
0.866839602248162,1022,543,-479,-782.5,750.5,32
0.869001297016861,1021,543,-478,-782,749.5,32.5
0.87116299178556,1021,543,-478,-782,749.5,32.5
0.873324686554259,1022,543,-479,-782.5,750.5,32
0.875486381322957,1022,543,-479,-782.5,750.5,32
0.877648076091656,1021,543,-478,-782,749.5,32.5
0.879809770860355,1022,543,-479,-782.5,750.5,32
0.881971465629053,1020,542,-478,-781,749,32
0.884133160397752,1021,543,-478,-782,749.5,32.5
0.88629485516645,1020,543,-477,-781.5,748.5,33
0.888456549935149,1023,543,-480,-783,751.5,31.5
0.890618244703848,1022,542,-480,-782,751,31
0.892779939472546,1021,543,-478,-782,749.5,32.5
0.894941634241245,1022,543,-479,-782.5,750.5,32
0.897103329009944,1021,543,-478,-782,749.5,32.5
0.899265023778642,1022,543,-479,-782.5,750.5,32
0.901426718547341,1022,543,-479,-782.5,750.5,32
0.90358841331604,1020,543,-477,-781.5,748.5,33
0.905750108084738,1021,543,-478,-782,749.5,32.5
0.907911802853437,1022,543,-479,-782.5,750.5,32
0.910073497622136,1022,543,-479,-782.5,750.5,32
0.912235192390834,1021,543,-478,-782,749.5,32.5
0.914396887159533,1022,543,-479,-782.5,750.5,32
0.916558581928232,1023,543,-480,-783,751.5,31.5
0.91872027669693,1021,542,-479,-781.5,750,31.5
0.920881971465629,1021,543,-478,-782,749.5,32.5
0.923043666234328,1022,543,-479,-782.5,750.5,32
0.925205361003026,1021,543,-478,-782,749.5,32.5
0.927367055771725,1022,542,-480,-782,751,31
0.929528750540424,1022,543,-479,-782.5,750.5,32
0.931690445309122,1021,543,-478,-782,749.5,32.5
0.933852140077821,1023,543,-480,-783,751.5,31.5
0.93601383484652,1022,543,-479,-782.5,750.5,32
0.938175529615218,1022,543,-479,-782.5,750.5,32
0.940337224383917,1021,543,-478,-782,749.5,32.5
0.942498919152616,1022,543,-479,-782.5,750.5,32
0.944660613921314,1021,543,-478,-782,749.5,32.5
0.946822308690013,1021,543,-478,-782,749.5,32.5
0.948984003458712,1022,543,-479,-782.5,750.5,32
0.95114569822741,1021,543,-478,-782,749.5,32.5
0.953307392996109,1021,543,-478,-782,749.5,32.5
0.955469087764808,1021,543,-478,-782,749.5,32.5
0.957630782533506,1013,543,-470,-778,741.5,36.5
0.959792477302205,1009,543,-466,-776,737.5,38.5
0.961954172070904,1011,543,-468,-777,739.5,37.5
0.964115866839602,1021,543,-478,-782,749.5,32.5
0.966277561608301,1022,543,-479,-782.5,750.5,32
0.968439256377,1021,543,-478,-782,749.5,32.5
0.970600951145698,1022,543,-479,-782.5,750.5,32
0.972762645914397,1021,543,-478,-782,749.5,32.5
0.974924340683096,1022,542,-480,-782,751,31
0.977086035451794,1021,543,-478,-782,749.5,32.5
0.979247730220493,1007,543,-464,-775,735.5,39.5
0.981409424989191,999,543,-456,-771,727.5,43.5
0.98357111975789,998,543,-455,-770.5,726.5,44
0.985732814526589,1000,543,-457,-771.5,728.5,43
0.987894509295287,1010,542,-468,-776,739,37
0.990056204063986,1016,543,-473,-779.5,744.5,35
0.992217898832685,1023,543,-480,-783,751.5,31.5
0.994379593601383,1022,543,-479,-782.5,750.5,32
0.996541288370082,1022,543,-479,-782.5,750.5,32
0.998702983138781,1022,543,-479,-782.5,750.5,32
1.00086467790748,1022,542,-480,-782,751,31
1.00302637267618,1021,543,-478,-782,749.5,32.5
1.00518806744488,1022,543,-479,-782.5,750.5,32
1.00734976221358,1021,543,-478,-782,749.5,32.5
1.00951145698227,1019,543,-476,-781,747.5,33.5
1.01167315175097,1016,543,-473,-779.5,744.5,35
1.01383484651967,1014,543,-471,-778.5,742.5,36
1.01599654128837,1012,543,-469,-777.5,740.5,37
1.01815823605707,1015,543,-472,-779,743.5,35.5
1.02031993082577,1017,543,-474,-780,745.5,34.5
1.02248162559447,1023,542,-481,-782.5,752,30.5
1.02464332036316,1022,543,-479,-782.5,750.5,32
1.02680501513186,1021,543,-478,-782,749.5,32.5
1.02896670990056,1021,543,-478,-782,749.5,32.5
1.03112840466926,1022,543,-479,-782.5,750.5,32
1.03329009943796,1020,543,-477,-781.5,748.5,33
1.03545179420666,1017,543,-474,-780,745.5,34.5
1.03761348897536,1016,543,-473,-779.5,744.5,35
1.03977518374406,1017,543,-474,-780,745.5,34.5
1.04193687851275,1022,542,-480,-782,751,31
1.04409857328145,1022,543,-479,-782.5,750.5,32
1.04626026805015,1023,543,-480,-783,751.5,31.5
1.04842196281885,1022,543,-479,-782.5,750.5,32
1.05058365758755,1021,542,-479,-781.5,750,31.5
1.05274535235625,1020,543,-477,-781.5,748.5,33
1.05490704712495,1019,543,-476,-781,747.5,33.5
1.05706874189364,1023,543,-480,-783,751.5,31.5
1.05923043666234,1020,543,-477,-781.5,748.5,33
1.06139213143104,1021,543,-478,-782,749.5,32.5
1.06355382619974,1020,542,-478,-781,749,32
1.06571552096844,1020,542,-478,-781,749,32
1.06787721573714,1021,543,-478,-782,749.5,32.5
1.07003891050584,1021,543,-478,-782,749.5,32.5
1.07220060527454,1021,543,-478,-782,749.5,32.5
1.07436230004323,1022,543,-479,-782.5,750.5,32
1.07652399481193,1021,543,-478,-782,749.5,32.5
1.07868568958063,1022,543,-479,-782.5,750.5,32
1.08084738434933,1021,543,-478,-782,749.5,32.5
1.08300907911803,1022,543,-479,-782.5,750.5,32
1.08517077388673,1023,542,-481,-782.5,752,30.5
1.08733246865543,1023,543,-480,-783,751.5,31.5
1.08949416342412,1020,543,-477,-781.5,748.5,33
1.09165585819282,1023,543,-480,-783,751.5,31.5
1.09381755296152,1022,543,-479,-782.5,750.5,32
1.09597924773022,1020,543,-477,-781.5,748.5,33
1.09814094249892,1021,543,-478,-782,749.5,32.5
1.10030263726762,1023,543,-480,-783,751.5,31.5
1.10246433203632,1020,542,-478,-781,749,32
1.10462602680501,1021,543,-478,-782,749.5,32.5
1.10678772157371,1021,543,-478,-782,749.5,32.5
1.10894941634241,1022,543,-479,-782.5,750.5,32
1.11111111111111,1023,543,-480,-783,751.5,31.5
1.11327280587981,1021,543,-478,-782,749.5,32.5
1.11543450064851,1022,543,-479,-782.5,750.5,32
1.11759619541721,1021,543,-478,-782,749.5,32.5
1.11975789018591,1021,543,-478,-782,749.5,32.5
1.1219195849546,1023,543,-480,-783,751.5,31.5
1.1240812797233,1023,543,-480,-783,751.5,31.5
1.126242974492,1022,543,-479,-782.5,750.5,32
1.1284046692607,1020,543,-477,-781.5,748.5,33
1.1305663640294,1022,543,-479,-782.5,750.5,32
1.1327280587981,1020,543,-477,-781.5,748.5,33
1.1348897535668,1021,543,-478,-782,749.5,32.5
1.13705144833549,1022,543,-479,-782.5,750.5,32
1.13921314310419,1020,543,-477,-781.5,748.5,33
1.14137483787289,1021,543,-478,-782,749.5,32.5
1.14353653264159,1022,543,-479,-782.5,750.5,32
1.14569822741029,1021,543,-478,-782,749.5,32.5
1.14785992217899,1021,543,-478,-782,749.5,32.5
1.15002161694769,1022,543,-479,-782.5,750.5,32
1.15218331171639,1022,543,-479,-782.5,750.5,32
1.15434500648508,1022,542,-480,-782,751,31
1.15650670125378,1023,543,-480,-783,751.5,31.5
1.15866839602248,1022,543,-479,-782.5,750.5,32
1.16083009079118,1021,543,-478,-782,749.5,32.5
1.16299178555988,1023,543,-480,-783,751.5,31.5
1.16515348032858,1022,543,-479,-782.5,750.5,32
1.16731517509728,1021,543,-478,-782,749.5,32.5
1.16947686986597,1020,542,-478,-781,749,32
1.17163856463467,1022,543,-479,-782.5,750.5,32
1.17380025940337,1021,543,-478,-782,749.5,32.5
1.17596195417207,1021,543,-478,-782,749.5,32.5
1.17812364894077,1022,543,-479,-782.5,750.5,32
1.18028534370947,1020,543,-477,-781.5,748.5,33
1.18244703847817,1021,543,-478,-782,749.5,32.5
1.18460873324687,1020,543,-477,-781.5,748.5,33
1.18677042801556,1020,543,-477,-781.5,748.5,33
1.18893212278426,1022,543,-479,-782.5,750.5,32
1.19109381755296,1022,543,-479,-782.5,750.5,32
1.19325551232166,1022,543,-479,-782.5,750.5,32
1.19541720709036,1021,543,-478,-782,749.5,32.5
1.19757890185906,1022,543,-479,-782.5,750.5,32
1.19974059662776,1021,542,-479,-781.5,750,31.5
1.20190229139645,1019,543,-476,-781,747.5,33.5
1.20406398616515,1010,543,-467,-776.5,738.5,38
1.20622568093385,1010,543,-467,-776.5,738.5,38
1.20838737570255,1014,543,-471,-778.5,742.5,36
1.21054907047125,1021,543,-478,-782,749.5,32.5
1.21271076523995,1023,543,-480,-783,751.5,31.5
1.21487246000865,1020,543,-477,-781.5,748.5,33
1.21703415477735,1021,543,-478,-782,749.5,32.5
1.21919584954604,1011,543,-468,-777,739.5,37.5
1.22135754431474,1008,543,-465,-775.5,736.5,39
1.22351923908344,1015,543,-472,-779,743.5,35.5
1.22568093385214,1020,543,-477,-781.5,748.5,33
1.22784262862084,1021,543,-478,-782,749.5,32.5
1.23000432338954,1019,543,-476,-781,747.5,33.5
1.23216601815824,1021,543,-478,-782,749.5,32.5
1.23432771292693,1020,543,-477,-781.5,748.5,33
1.23648940769563,1021,543,-478,-782,749.5,32.5
1.23865110246433,1022,543,-479,-782.5,750.5,32
1.24081279723303,1017,543,-474,-780,745.5,34.5
1.24297449200173,1018,543,-475,-780.5,746.5,34
1.24513618677043,1014,543,-471,-778.5,742.5,36
1.24729788153913,1012,543,-469,-777.5,740.5,37
1.24945957630783,1012,543,-469,-777.5,740.5,37
1.25162127107652,1012,542,-470,-777,741,36
1.25378296584522,1008,543,-465,-775.5,736.5,39
1.25594466061392,1002,543,-459,-772.5,730.5,42
1.25810635538262,1003,543,-460,-773,731.5,41.5
1.26026805015132,1014,543,-471,-778.5,742.5,36
1.26242974492002,1023,543,-480,-783,751.5,31.5
1.26459143968872,1021,543,-478,-782,749.5,32.5
1.26675313445741,1022,543,-479,-782.5,750.5,32
1.26891482922611,1021,543,-478,-782,749.5,32.5
1.27107652399481,1021,543,-478,-782,749.5,32.5
1.27323821876351,1022,543,-479,-782.5,750.5,32
1.27539991353221,1022,543,-479,-782.5,750.5,32
1.27756160830091,1021,543,-478,-782,749.5,32.5
1.27972330306961,1021,543,-478,-782,749.5,32.5
1.28188499783831,1023,543,-480,-783,751.5,31.5
1.284046692607,1021,543,-478,-782,749.5,32.5
1.2862083873757,1021,543,-478,-782,749.5,32.5
1.2883700821444,1022,543,-479,-782.5,750.5,32
1.2905317769131,1023,543,-480,-783,751.5,31.5
1.2926934716818,1021,543,-478,-782,749.5,32.5
1.2948551664505,1021,543,-478,-782,749.5,32.5
1.2970168612192,1022,543,-479,-782.5,750.5,32
1.29917855598789,1021,543,-478,-782,749.5,32.5
1.30134025075659,1020,543,-477,-781.5,748.5,33
1.30350194552529,985,543,-442,-764,713.5,50.5
1.30566364029399,965,543,-422,-754,693.5,60.5
1.30782533506269,961,543,-418,-752,689.5,62.5
1.30998702983139,967,543,-424,-755,695.5,59.5
1.31214872460009,977,543,-434,-760,705.5,54.5
1.31431041936879,989,543,-446,-766,717.5,48.5
1.31647211413748,994,543,-451,-768.5,722.5,46
1.31863380890618,999,543,-456,-771,727.5,43.5
1.32079550367488,1001,543,-458,-772,729.5,42.5
1.32295719844358,992,543,-449,-767.5,720.5,47
1.32511889321228,989,543,-446,-766,717.5,48.5
1.32728058798098,991,543,-448,-767,719.5,47.5
1.32944228274968,993,543,-450,-768,721.5,46.5
1.33160397751837,986,543,-443,-764.5,714.5,50
1.33376567228707,972,543,-429,-757.5,700.5,57
1.33592736705577,964,543,-421,-753.5,692.5,61
1.33808906182447,963,543,-420,-753,691.5,61.5
1.34025075659317,970,543,-427,-756.5,698.5,58
1.34241245136187,976,543,-433,-759.5,704.5,55
1.34457414613057,977,543,-434,-760,705.5,54.5
1.34673584089926,973,543,-430,-758,701.5,56.5
1.34889753566796,973,543,-430,-758,701.5,56.5
1.35105923043666,971,542,-429,-756.5,700,56.5
1.35322092520536,979,543,-436,-761,707.5,53.5
1.35538261997406,995,542,-453,-768.5,724,44.5
1.35754431474276,1004,543,-461,-773.5,732.5,41
1.35970600951146,1013,543,-470,-778,741.5,36.5
1.36186770428016,1018,543,-475,-780.5,746.5,34
1.36402939904885,1012,543,-469,-777.5,740.5,37
1.36619109381755,1000,543,-457,-771.5,728.5,43
1.36835278858625,989,543,-446,-766,717.5,48.5
1.37051448335495,973,543,-430,-758,701.5,56.5
1.37267617812365,963,543,-420,-753,691.5,61.5
1.37483787289235,963,543,-420,-753,691.5,61.5
1.37699956766105,971,543,-428,-757,699.5,57.5
1.37916126242974,992,543,-449,-767.5,720.5,47
1.38132295719844,1011,543,-468,-777,739.5,37.5
1.38348465196714,1017,543,-474,-780,745.5,34.5
1.38564634673584,1020,543,-477,-781.5,748.5,33
1.38780804150454,1020,543,-477,-781.5,748.5,33
1.38996973627324,1011,543,-468,-777,739.5,37.5
1.39213143104194,1005,543,-462,-774,733.5,40.5
1.39429312581064,1001,543,-458,-772,729.5,42.5
1.39645482057933,1000,543,-457,-771.5,728.5,43
1.39861651534803,1005,543,-462,-774,733.5,40.5
1.40077821011673,1013,543,-470,-778,741.5,36.5
1.40293990488543,1021,543,-478,-782,749.5,32.5
1.40510159965413,1021,543,-478,-782,749.5,32.5
1.40726329442283,1022,543,-479,-782.5,750.5,32
1.40942498919153,1021,543,-478,-782,749.5,32.5
1.41158668396022,1020,543,-477,-781.5,748.5,33
1.41374837872892,1022,543,-479,-782.5,750.5,32
1.41591007349762,1021,543,-478,-782,749.5,32.5
1.41807176826632,1022,543,-479,-782.5,750.5,32
1.42023346303502,1020,543,-477,-781.5,748.5,33
1.42239515780372,1021,543,-478,-782,749.5,32.5
1.42455685257242,1022,543,-479,-782.5,750.5,32
1.42671854734112,1022,543,-479,-782.5,750.5,32
1.42888024210981,1020,543,-477,-781.5,748.5,33
1.43104193687851,1021,543,-478,-782,749.5,32.5
1.43320363164721,1020,543,-477,-781.5,748.5,33
1.43536532641591,1021,543,-478,-782,749.5,32.5
1.43752702118461,1023,543,-480,-783,751.5,31.5
1.43968871595331,1022,543,-479,-782.5,750.5,32
1.44185041072201,1020,543,-477,-781.5,748.5,33
1.4440121054907,1021,543,-478,-782,749.5,32.5
1.4461738002594,1022,543,-479,-782.5,750.5,32
1.4483354950281,1022,543,-479,-782.5,750.5,32
1.4504971897968,1021,543,-478,-782,749.5,32.5
1.4526588845655,1022,543,-479,-782.5,750.5,32
1.4548205793342,1022,543,-479,-782.5,750.5,32
1.4569822741029,1023,543,-480,-783,751.5,31.5
1.4591439688716,1023,543,-480,-783,751.5,31.5
1.46130566364029,1022,543,-479,-782.5,750.5,32
1.46346735840899,1023,543,-480,-783,751.5,31.5
1.46562905317769,1020,543,-477,-781.5,748.5,33
1.46779074794639,1023,543,-480,-783,751.5,31.5
1.46995244271509,1020,543,-477,-781.5,748.5,33
1.47211413748379,1021,543,-478,-782,749.5,32.5
1.47427583225249,1021,542,-479,-781.5,750,31.5
1.47643752702118,1022,543,-479,-782.5,750.5,32
1.47859922178988,1023,543,-480,-783,751.5,31.5
1.48076091655858,1022,543,-479,-782.5,750.5,32
1.48292261132728,1022,543,-479,-782.5,750.5,32
1.48508430609598,1023,543,-480,-783,751.5,31.5
1.48724600086468,1023,543,-480,-783,751.5,31.5
1.48940769563338,1022,543,-479,-782.5,750.5,32
1.49156939040208,1021,543,-478,-782,749.5,32.5
1.49373108517077,1021,543,-478,-782,749.5,32.5
1.49589277993947,1022,543,-479,-782.5,750.5,32
1.49805447470817,1020,543,-477,-781.5,748.5,33
1.50021616947687,1021,543,-478,-782,749.5,32.5
1.50237786424557,1022,543,-479,-782.5,750.5,32
1.50453955901427,1022,543,-479,-782.5,750.5,32
1.50670125378297,1021,543,-478,-782,749.5,32.5
1.50886294855166,1023,543,-480,-783,751.5,31.5
1.51102464332036,1022,543,-479,-782.5,750.5,32
1.51318633808906,1021,543,-478,-782,749.5,32.5
1.51534803285776,1023,542,-481,-782.5,752,30.5
1.51750972762646,1022,543,-479,-782.5,750.5,32
1.51967142239516,1021,543,-478,-782,749.5,32.5
1.52183311716386,1022,543,-479,-782.5,750.5,32
1.52399481193256,1021,543,-478,-782,749.5,32.5
1.52615650670125,1023,543,-480,-783,751.5,31.5
1.52831820146995,1021,543,-478,-782,749.5,32.5
1.53047989623865,1021,543,-478,-782,749.5,32.5
1.53264159100735,1021,543,-478,-782,749.5,32.5
1.53480328577605,1021,543,-478,-782,749.5,32.5
1.53696498054475,1022,543,-479,-782.5,750.5,32
1.53912667531345,1021,543,-478,-782,749.5,32.5
1.54128837008214,1021,543,-478,-782,749.5,32.5
1.54345006485084,1022,543,-479,-782.5,750.5,32
1.54561175961954,1022,543,-479,-782.5,750.5,32
1.54777345438824,1021,543,-478,-782,749.5,32.5
1.54993514915694,1017,543,-474,-780,745.5,34.5
1.55209684392564,1008,542,-466,-775,737,38
1.55425853869434,1006,542,-464,-774,735,39
1.55642023346304,1013,543,-470,-778,741.5,36.5
1.55858192823173,1018,543,-475,-780.5,746.5,34
1.56074362300043,1019,543,-476,-781,747.5,33.5
1.56290531776913,1017,543,-474,-780,745.5,34.5
1.56506701253783,1014,543,-471,-778.5,742.5,36
1.56722870730653,1011,543,-468,-777,739.5,37.5
1.56939040207523,1002,543,-459,-772.5,730.5,42
1.57155209684393,993,543,-450,-768,721.5,46.5
1.57371379161262,988,543,-445,-765.5,716.5,49
1.57587548638132,985,543,-442,-764,713.5,50.5
1.57803718115002,989,543,-446,-766,717.5,48.5
1.58019887591872,986,543,-443,-764.5,714.5,50
1.58236057068742,985,543,-442,-764,713.5,50.5
1.58452226545612,989,543,-446,-766,717.5,48.5
1.58668396022482,993,543,-450,-768,721.5,46.5
1.58884565499351,1003,543,-460,-773,731.5,41.5
1.59100734976221,1006,543,-463,-774.5,734.5,40
1.59316904453091,998,543,-455,-770.5,726.5,44
1.59533073929961,994,543,-451,-768.5,722.5,46
1.59749243406831,984,543,-441,-763.5,712.5,51
1.59965412883701,981,543,-438,-762,709.5,52.5
1.60181582360571,983,543,-440,-763,711.5,51.5
1.60397751837441,986,543,-443,-764.5,714.5,50
1.6061392131431,992,543,-449,-767.5,720.5,47
1.6083009079118,991,543,-448,-767,719.5,47.5
1.6104626026805,989,543,-446,-766,717.5,48.5
1.6126242974492,993,543,-450,-768,721.5,46.5
1.6147859922179,997,543,-454,-770,725.5,44.5
1.6169476869866,993,543,-450,-768,721.5,46.5
1.6191093817553,991,543,-448,-767,719.5,47.5
1.62127107652399,996,543,-453,-769.5,724.5,45
1.62343277129269,999,543,-456,-771,727.5,43.5
1.62559446606139,993,543,-450,-768,721.5,46.5
1.62775616083009,990,543,-447,-766.5,718.5,48
1.62991785559879,990,543,-447,-766.5,718.5,48
1.63207955036749,993,543,-450,-768,721.5,46.5
1.63424124513619,998,543,-455,-770.5,726.5,44
1.63640293990489,1001,543,-458,-772,729.5,42.5
1.63856463467358,1001,543,-458,-772,729.5,42.5
1.64072632944228,996,542,-454,-769,725,44
1.64288802421098,993,543,-450,-768,721.5,46.5
1.64504971897968,987,543,-444,-765,715.5,49.5
1.64721141374838,979,543,-436,-761,707.5,53.5
1.64937310851708,977,543,-434,-760,705.5,54.5
1.65153480328578,984,543,-441,-763.5,712.5,51
1.65369649805447,995,543,-452,-769,723.5,45.5
1.65585819282317,1005,543,-462,-774,733.5,40.5
1.65801988759187,1015,543,-472,-779,743.5,35.5
1.66018158236057,1018,543,-475,-780.5,746.5,34
1.66234327712927,1020,543,-477,-781.5,748.5,33
1.66450497189797,1020,543,-477,-781.5,748.5,33
1.66666666666667,1014,543,-471,-778.5,742.5,36
1.66882836143537,1002,543,-459,-772.5,730.5,42
1.67099005620406,995,543,-452,-769,723.5,45.5
1.67315175097276,992,543,-449,-767.5,720.5,47
1.67531344574146,997,543,-454,-770,725.5,44.5
1.67747514051016,1002,543,-459,-772.5,730.5,42
1.67963683527886,1003,543,-460,-773,731.5,41.5
1.68179853004756,1012,543,-469,-777.5,740.5,37
1.68396022481626,1021,543,-478,-782,749.5,32.5
1.68612191958495,1021,543,-478,-782,749.5,32.5
1.68828361435365,1021,543,-478,-782,749.5,32.5
1.69044530912235,1022,543,-479,-782.5,750.5,32
1.69260700389105,1018,543,-475,-780.5,746.5,34
1.69476869865975,1009,543,-466,-776,737.5,38.5
1.69693039342845,1003,543,-460,-773,731.5,41.5
1.69909208819715,1000,543,-457,-771.5,728.5,43
1.70125378296585,1000,543,-457,-771.5,728.5,43
1.70341547773454,1004,543,-461,-773.5,732.5,41
1.70557717250324,999,543,-456,-771,727.5,43.5
1.70773886727194,1000,543,-457,-771.5,728.5,43
1.70990056204064,1005,543,-462,-774,733.5,40.5
1.71206225680934,1008,543,-465,-775.5,736.5,39
1.71422395157804,1014,543,-471,-778.5,742.5,36
1.71638564634674,1021,543,-478,-782,749.5,32.5
1.71854734111543,1022,543,-479,-782.5,750.5,32
1.72070903588413,1017,543,-474,-780,745.5,34.5
1.72287073065283,1007,543,-464,-775,735.5,39.5
1.72503242542153,1000,543,-457,-771.5,728.5,43
1.72719412019023,994,543,-451,-768.5,722.5,46
1.72935581495893,989,543,-446,-766,717.5,48.5
1.73151750972763,992,543,-449,-767.5,720.5,47
1.73367920449632,1000,543,-457,-771.5,728.5,43
1.73584089926502,1010,543,-467,-776.5,738.5,38
1.73800259403372,1021,543,-478,-782,749.5,32.5
1.74016428880242,1021,543,-478,-782,749.5,32.5
1.74232598357112,1022,543,-479,-782.5,750.5,32
1.74448767833982,1011,543,-468,-777,739.5,37.5
1.74664937310852,1009,542,-467,-775.5,738,37.5
1.74881106787722,1015,543,-472,-779,743.5,35.5
1.75097276264591,1021,543,-478,-782,749.5,32.5
1.75313445741461,1021,543,-478,-782,749.5,32.5
1.75529615218331,1021,543,-478,-782,749.5,32.5
1.75745784695201,1021,543,-478,-782,749.5,32.5
1.75961954172071,1022,543,-479,-782.5,750.5,32
1.76178123648941,1021,543,-478,-782,749.5,32.5
1.76394293125811,1023,543,-480,-783,751.5,31.5
1.7661046260268,1021,542,-479,-781.5,750,31.5
1.7682663207955,1023,543,-480,-783,751.5,31.5
1.7704280155642,1023,542,-481,-782.5,752,30.5
1.7725897103329,1020,543,-477,-781.5,748.5,33
1.7747514051016,1021,542,-479,-781.5,750,31.5
1.7769130998703,1020,543,-477,-781.5,748.5,33
1.779074794639,1022,543,-479,-782.5,750.5,32
1.7812364894077,1020,543,-477,-781.5,748.5,33
1.78339818417639,1021,543,-478,-782,749.5,32.5
1.78555987894509,1021,543,-478,-782,749.5,32.5
1.78772157371379,1023,543,-480,-783,751.5,31.5
1.78988326848249,1022,543,-479,-782.5,750.5,32
1.79204496325119,1021,543,-478,-782,749.5,32.5
1.79420665801989,1022,543,-479,-782.5,750.5,32
1.79636835278859,1022,543,-479,-782.5,750.5,32
1.79853004755728,1021,543,-478,-782,749.5,32.5
1.80069174232598,1023,543,-480,-783,751.5,31.5
1.80285343709468,1021,543,-478,-782,749.5,32.5
1.80501513186338,1019,543,-476,-781,747.5,33.5
1.80717682663208,1023,543,-480,-783,751.5,31.5
1.80933852140078,1021,543,-478,-782,749.5,32.5
1.81150021616948,1019,543,-476,-781,747.5,33.5
1.81366191093818,1019,543,-476,-781,747.5,33.5
1.81582360570687,1022,543,-479,-782.5,750.5,32
1.81798530047557,1022,543,-479,-782.5,750.5,32
1.82014699524427,1019,543,-476,-781,747.5,33.5
1.82230869001297,1016,543,-473,-779.5,744.5,35
1.82447038478167,1019,543,-476,-781,747.5,33.5
1.82663207955037,1020,543,-477,-781.5,748.5,33
1.82879377431907,1019,543,-476,-781,747.5,33.5
1.83095546908776,1016,543,-473,-779.5,744.5,35
1.83311716385646,1011,543,-468,-777,739.5,37.5
1.83527885862516,1005,543,-462,-774,733.5,40.5
1.83744055339386,1003,543,-460,-773,731.5,41.5
1.83960224816256,1007,543,-464,-775,735.5,39.5
1.84176394293126,1007,543,-464,-775,735.5,39.5
1.84392563769996,1005,543,-462,-774,733.5,40.5
1.84608733246866,999,543,-456,-771,727.5,43.5
1.84824902723735,995,543,-452,-769,723.5,45.5
1.85041072200605,987,543,-444,-765,715.5,49.5
1.85257241677475,986,543,-443,-764.5,714.5,50
1.85473411154345,989,543,-446,-766,717.5,48.5
1.85689580631215,997,543,-454,-770,725.5,44.5
1.85905750108085,1006,543,-463,-774.5,734.5,40
1.86121919584955,1013,543,-470,-778,741.5,36.5
1.86338089061824,1023,542,-481,-782.5,752,30.5
1.86554258538694,1017,543,-474,-780,745.5,34.5
1.86770428015564,1006,543,-463,-774.5,734.5,40
1.86986597492434,991,543,-448,-767,719.5,47.5
1.87202766969304,985,543,-442,-764,713.5,50.5
1.87418936446174,987,543,-444,-765,715.5,49.5
1.87635105923044,993,543,-450,-768,721.5,46.5
1.87851275399914,1003,543,-460,-773,731.5,41.5
1.88067444876783,1016,543,-473,-779.5,744.5,35
1.88283614353653,1017,543,-474,-780,745.5,34.5
1.88499783830523,1016,543,-473,-779.5,744.5,35
1.88715953307393,1016,543,-473,-779.5,744.5,35
1.88932122784263,1009,543,-466,-776,737.5,38.5
1.89148292261133,1001,543,-458,-772,729.5,42.5
1.89364461738003,997,543,-454,-770,725.5,44.5
1.89580631214872,997,543,-454,-770,725.5,44.5
1.89796800691742,997,542,-455,-769.5,726,43.5
1.90012970168612,1001,543,-458,-772,729.5,42.5
1.90229139645482,1002,542,-460,-772,731,41
1.90445309122352,1017,543,-474,-780,745.5,34.5
1.90661478599222,1022,543,-479,-782.5,750.5,32
1.90877648076092,1021,543,-478,-782,749.5,32.5
1.91093817552962,1021,543,-478,-782,749.5,32.5
1.91309987029831,1022,543,-479,-782.5,750.5,32
1.91526156506701,1022,543,-479,-782.5,750.5,32
1.91742325983571,1021,543,-478,-782,749.5,32.5
1.91958495460441,1022,543,-479,-782.5,750.5,32
1.92174664937311,1022,543,-479,-782.5,750.5,32
1.92390834414181,1021,543,-478,-782,749.5,32.5
1.92607003891051,1021,543,-478,-782,749.5,32.5
1.9282317336792,1022,543,-479,-782.5,750.5,32
1.9303934284479,1022,543,-479,-782.5,750.5,32
1.9325551232166,1020,542,-478,-781,749,32
1.9347168179853,1021,543,-478,-782,749.5,32.5
1.936878512754,1020,543,-477,-781.5,748.5,33
1.9390402075227,1021,543,-478,-782,749.5,32.5
1.9412019022914,1011,543,-468,-777,739.5,37.5
1.9433635970601,981,543,-438,-762,709.5,52.5
1.94552529182879,965,543,-422,-754,693.5,60.5
1.94768698659749,960,543,-417,-751.5,688.5,63
1.94984868136619,969,543,-426,-756,697.5,58.5
1.95201037613489,983,543,-440,-763,711.5,51.5
1.95417207090359,991,543,-448,-767,719.5,47.5
1.95633376567229,990,543,-447,-766.5,718.5,48
1.95849546044099,984,543,-441,-763.5,712.5,51
1.96065715520968,976,543,-433,-759.5,704.5,55
1.96281884997838,968,543,-425,-755.5,696.5,59
1.96498054474708,968,543,-425,-755.5,696.5,59
1.96714223951578,971,543,-428,-757,699.5,57.5
1.96930393428448,982,543,-439,-762.5,710.5,52
1.97146562905318,993,543,-450,-768,721.5,46.5
1.97362732382188,997,543,-454,-770,725.5,44.5
1.97578901859057,1003,543,-460,-773,731.5,41.5
1.97795071335927,1003,543,-460,-773,731.5,41.5
1.98011240812797,1012,543,-469,-777.5,740.5,37
1.98227410289667,1015,543,-472,-779,743.5,35.5
1.98443579766537,1015,543,-472,-779,743.5,35.5
1.98659749243407,1005,543,-462,-774,733.5,40.5
1.98875918720277,994,543,-451,-768.5,722.5,46
1.99092088197147,993,543,-450,-768,721.5,46.5
1.99308257674016,995,543,-452,-769,723.5,45.5
1.99524427150886,1001,542,-459,-771.5,730,41.5
1.99740596627756,1006,543,-463,-774.5,734.5,40
1.99956766104626,1011,542,-469,-776.5,740,36.5
2.00172935581496,1023,542,-481,-782.5,752,30.5
2.00389105058366,1022,543,-479,-782.5,750.5,32
2.00605274535236,1021,543,-478,-782,749.5,32.5
2.00821444012105,1021,543,-478,-782,749.5,32.5
2.01037613488975,1022,543,-479,-782.5,750.5,32
2.01253782965845,1021,543,-478,-782,749.5,32.5
2.01469952442715,1021,543,-478,-782,749.5,32.5
2.01686121919585,1020,543,-477,-781.5,748.5,33
2.01902291396455,1020,543,-477,-781.5,748.5,33
2.02118460873325,1019,543,-476,-781,747.5,33.5
2.02334630350195,1022,543,-479,-782.5,750.5,32
2.02550799827064,1020,543,-477,-781.5,748.5,33
2.02766969303934,1021,543,-478,-782,749.5,32.5
2.02983138780804,1022,543,-479,-782.5,750.5,32
2.03199308257674,1022,543,-479,-782.5,750.5,32
2.03415477734544,1021,543,-478,-782,749.5,32.5
2.03631647211414,1020,543,-477,-781.5,748.5,33
2.03847816688284,1022,543,-479,-782.5,750.5,32
2.04063986165153,1021,543,-478,-782,749.5,32.5
2.04280155642023,1023,542,-481,-782.5,752,30.5
2.04496325118893,1022,543,-479,-782.5,750.5,32
2.04712494595763,1021,543,-478,-782,749.5,32.5
2.04928664072633,1022,542,-480,-782,751,31
2.05144833549503,1021,543,-478,-782,749.5,32.5
2.05361003026373,1021,543,-478,-782,749.5,32.5
2.05577172503243,1023,543,-480,-783,751.5,31.5
2.05793341980112,1021,543,-478,-782,749.5,32.5
2.06009511456982,1021,543,-478,-782,749.5,32.5
2.06225680933852,1022,542,-480,-782,751,31
2.06441850410722,1022,543,-479,-782.5,750.5,32
2.06658019887592,1023,543,-480,-783,751.5,31.5
2.06874189364462,1023,543,-480,-783,751.5,31.5
2.07090358841332,1021,543,-478,-782,749.5,32.5
2.07306528318201,1021,543,-478,-782,749.5,32.5
2.07522697795071,1023,543,-480,-783,751.5,31.5
2.07738867271941,1021,543,-478,-782,749.5,32.5
2.07955036748811,1022,543,-479,-782.5,750.5,32
2.08171206225681,1021,543,-478,-782,749.5,32.5
2.08387375702551,1022,543,-479,-782.5,750.5,32
2.08603545179421,1021,543,-478,-782,749.5,32.5
2.08819714656291,1021,543,-478,-782,749.5,32.5
2.0903588413316,1021,543,-478,-782,749.5,32.5
2.0925205361003,1022,543,-479,-782.5,750.5,32
2.094682230869,1022,543,-479,-782.5,750.5,32
2.0968439256377,1020,543,-477,-781.5,748.5,33
2.0990056204064,1021,543,-478,-782,749.5,32.5
2.1011673151751,1022,543,-479,-782.5,750.5,32
2.1033290099438,1021,543,-478,-782,749.5,32.5
2.10549070471249,1022,543,-479,-782.5,750.5,32
2.10765239948119,1021,543,-478,-782,749.5,32.5
2.10981409424989,1021,543,-478,-782,749.5,32.5
2.11197578901859,1021,543,-478,-782,749.5,32.5
2.11413748378729,1022,543,-479,-782.5,750.5,32
2.11629917855599,1020,543,-477,-781.5,748.5,33
2.11846087332469,1021,543,-478,-782,749.5,32.5
2.12062256809339,1021,543,-478,-782,749.5,32.5
2.12278426286208,1022,543,-479,-782.5,750.5,32
2.12494595763078,1021,543,-478,-782,749.5,32.5
2.12710765239948,1020,542,-478,-781,749,32
2.12926934716818,1023,543,-480,-783,751.5,31.5
2.13143104193688,1021,543,-478,-782,749.5,32.5
2.13359273670558,1022,543,-479,-782.5,750.5,32
2.13575443147428,1022,543,-479,-782.5,750.5,32
2.13791612624297,1021,543,-478,-782,749.5,32.5
2.14007782101167,1023,543,-480,-783,751.5,31.5
2.14223951578037,1022,543,-479,-782.5,750.5,32
2.14440121054907,1022,543,-479,-782.5,750.5,32
2.14656290531777,1023,543,-480,-783,751.5,31.5
2.14872460008647,1021,543,-478,-782,749.5,32.5
2.15088629485517,1020,543,-477,-781.5,748.5,33
2.15304798962387,1022,543,-479,-782.5,750.5,32
2.15520968439256,1023,542,-481,-782.5,752,30.5
2.15737137916126,1023,543,-480,-783,751.5,31.5
2.15953307392996,1021,543,-478,-782,749.5,32.5
2.16169476869866,1023,542,-481,-782.5,752,30.5
2.16385646346736,1023,543,-480,-783,751.5,31.5
2.16601815823606,1022,543,-479,-782.5,750.5,32
2.16817985300476,1021,543,-478,-782,749.5,32.5
2.17034154777345,1020,543,-477,-781.5,748.5,33
2.17250324254215,1021,543,-478,-782,749.5,32.5
2.17466493731085,1021,543,-478,-782,749.5,32.5
2.17682663207955,1022,543,-479,-782.5,750.5,32
2.17898832684825,1021,543,-478,-782,749.5,32.5
2.18115002161695,1020,543,-477,-781.5,748.5,33
2.18331171638565,1019,543,-476,-781,747.5,33.5
2.18547341115434,1020,543,-477,-781.5,748.5,33
2.18763510592304,1023,543,-480,-783,751.5,31.5
2.18979680069174,1021,543,-478,-782,749.5,32.5
2.19195849546044,1022,543,-479,-782.5,750.5,32
2.19412019022914,1020,543,-477,-781.5,748.5,33
2.19628188499784,1020,542,-478,-781,749,32
2.19844357976654,1022,543,-479,-782.5,750.5,32
2.20060527453524,1023,543,-480,-783,751.5,31.5
2.20276696930393,1021,542,-479,-781.5,750,31.5
2.20492866407263,1023,543,-480,-783,751.5,31.5
2.20709035884133,1022,543,-479,-782.5,750.5,32
2.20925205361003,1022,542,-480,-782,751,31
2.21141374837873,1023,543,-480,-783,751.5,31.5
2.21357544314743,1023,543,-480,-783,751.5,31.5
2.21573713791613,1021,543,-478,-782,749.5,32.5
2.21789883268482,1020,543,-477,-781.5,748.5,33
2.22006052745352,1022,543,-479,-782.5,750.5,32
2.22222222222222,1022,543,-479,-782.5,750.5,32
2.22438391699092,1022,543,-479,-782.5,750.5,32
2.22654561175962,1020,543,-477,-781.5,748.5,33
2.22870730652832,1014,543,-471,-778.5,742.5,36
2.23086900129702,1008,543,-465,-775.5,736.5,39
2.23303069606572,1002,543,-459,-772.5,730.5,42
2.23519239083441,1002,543,-459,-772.5,730.5,42
2.23735408560311,1010,542,-468,-776,739,37
2.23951578037181,1015,543,-472,-779,743.5,35.5
2.24167747514051,1021,543,-478,-782,749.5,32.5
2.24383916990921,1022,543,-479,-782.5,750.5,32
2.24600086467791,1022,543,-479,-782.5,750.5,32
2.24816255944661,1023,543,-480,-783,751.5,31.5
2.2503242542153,1019,543,-476,-781,747.5,33.5
2.252485948984,1022,543,-479,-782.5,750.5,32
2.2546476437527,1022,543,-479,-782.5,750.5,32
2.2568093385214,1021,543,-478,-782,749.5,32.5
2.2589710332901,1019,543,-476,-781,747.5,33.5
2.2611327280588,1019,543,-476,-781,747.5,33.5
2.2632944228275,1015,543,-472,-779,743.5,35.5
2.2654561175962,1018,542,-476,-780,747,33
2.26761781236489,1017,543,-474,-780,745.5,34.5
2.26977950713359,1021,543,-478,-782,749.5,32.5
2.27194120190229,1022,543,-479,-782.5,750.5,32
2.27410289667099,1023,543,-480,-783,751.5,31.5
2.27626459143969,1021,543,-478,-782,749.5,32.5
2.27842628620839,1021,543,-478,-782,749.5,32.5
2.28058798097709,1020,543,-477,-781.5,748.5,33
2.28274967574578,1021,543,-478,-782,749.5,32.5
2.28491137051448,1018,543,-475,-780.5,746.5,34
2.28707306528318,1013,543,-470,-778,741.5,36.5
2.28923476005188,1015,543,-472,-779,743.5,35.5
2.29139645482058,1020,543,-477,-781.5,748.5,33
2.29355814958928,1021,543,-478,-782,749.5,32.5
2.29571984435798,1021,543,-478,-782,749.5,32.5
2.29788153912668,1021,543,-478,-782,749.5,32.5
2.30004323389537,1022,542,-480,-782,751,31
2.30220492866407,1021,543,-478,-782,749.5,32.5
2.30436662343277,1020,543,-477,-781.5,748.5,33
2.30652831820147,1020,543,-477,-781.5,748.5,33
2.30869001297017,1023,543,-480,-783,751.5,31.5
2.31085170773887,1022,543,-479,-782.5,750.5,32
2.31301340250757,1020,542,-478,-781,749,32
2.31517509727626,1020,543,-477,-781.5,748.5,33
2.31733679204496,1023,543,-480,-783,751.5,31.5
2.31949848681366,1023,543,-480,-783,751.5,31.5
2.32166018158236,1021,543,-478,-782,749.5,32.5
2.32382187635106,1022,543,-479,-782.5,750.5,32
2.32598357111976,1022,543,-479,-782.5,750.5,32
2.32814526588846,1021,543,-478,-782,749.5,32.5
2.33030696065715,1022,543,-479,-782.5,750.5,32
2.33246865542585,1020,543,-477,-781.5,748.5,33
2.33463035019455,1023,542,-481,-782.5,752,30.5
2.33679204496325,1021,543,-478,-782,749.5,32.5
2.33895373973195,1018,543,-475,-780.5,746.5,34
2.34111543450065,1006,543,-463,-774.5,734.5,40
2.34327712926935,1003,543,-460,-773,731.5,41.5
2.34543882403805,1012,543,-469,-777.5,740.5,37
2.34760051880674,1021,543,-478,-782,749.5,32.5
2.34976221357544,1021,543,-478,-782,749.5,32.5
2.35192390834414,1022,543,-479,-782.5,750.5,32
2.35408560311284,1021,543,-478,-782,749.5,32.5
2.35624729788154,1022,543,-479,-782.5,750.5,32
2.35840899265024,1022,543,-479,-782.5,750.5,32
2.36057068741894,1021,543,-478,-782,749.5,32.5
2.36273238218764,1021,543,-478,-782,749.5,32.5
2.36489407695633,1022,543,-479,-782.5,750.5,32
2.36705577172503,1023,543,-480,-783,751.5,31.5
2.36921746649373,1022,543,-479,-782.5,750.5,32
2.37137916126243,1023,543,-480,-783,751.5,31.5
2.37354085603113,1022,543,-479,-782.5,750.5,32
2.37570255079983,1021,543,-478,-782,749.5,32.5
2.37786424556853,1021,543,-478,-782,749.5,32.5
2.38002594033722,1022,543,-479,-782.5,750.5,32
2.38218763510592,1021,543,-478,-782,749.5,32.5
2.38434932987462,1023,542,-481,-782.5,752,30.5
2.38651102464332,1023,543,-480,-783,751.5,31.5
2.38867271941202,1023,542,-481,-782.5,752,30.5
2.39083441418072,1022,543,-479,-782.5,750.5,32
2.39299610894942,1021,543,-478,-782,749.5,32.5
2.39515780371811,1022,543,-479,-782.5,750.5,32
2.39731949848681,1021,543,-478,-782,749.5,32.5
2.39948119325551,1020,543,-477,-781.5,748.5,33
2.40164288802421,1021,543,-478,-782,749.5,32.5
2.40380458279291,1022,543,-479,-782.5,750.5,32
2.40596627756161,1022,543,-479,-782.5,750.5,32
2.40812797233031,1021,543,-478,-782,749.5,32.5
2.41028966709901,1021,543,-478,-782,749.5,32.5
2.4124513618677,1020,543,-477,-781.5,748.5,33
2.4146130566364,1023,543,-480,-783,751.5,31.5
2.4167747514051,1021,543,-478,-782,749.5,32.5
2.4189364461738,1022,543,-479,-782.5,750.5,32
2.4210981409425,1022,543,-479,-782.5,750.5,32
2.4232598357112,1021,543,-478,-782,749.5,32.5
2.4254215304799,1022,543,-479,-782.5,750.5,32
2.42758322524859,1022,543,-479,-782.5,750.5,32
2.42974492001729,1022,543,-479,-782.5,750.5,32
2.43190661478599,1023,543,-480,-783,751.5,31.5
2.43406830955469,1022,543,-479,-782.5,750.5,32
2.43623000432339,1022,543,-479,-782.5,750.5,32
2.43839169909209,1021,543,-478,-782,749.5,32.5
2.44055339386079,1022,543,-479,-782.5,750.5,32
2.44271508862949,1023,543,-480,-783,751.5,31.5
2.44487678339818,1022,543,-479,-782.5,750.5,32
2.44703847816688,1022,543,-479,-782.5,750.5,32
2.44920017293558,1023,543,-480,-783,751.5,31.5
2.45136186770428,1021,543,-478,-782,749.5,32.5
2.45352356247298,1021,543,-478,-782,749.5,32.5
2.45568525724168,1022,543,-479,-782.5,750.5,32
2.45784695201038,1021,543,-478,-782,749.5,32.5
2.46000864677907,1022,543,-479,-782.5,750.5,32
2.46217034154777,1022,543,-479,-782.5,750.5,32
2.46433203631647,1022,543,-479,-782.5,750.5,32
2.46649373108517,1021,543,-478,-782,749.5,32.5
2.46865542585387,1022,543,-479,-782.5,750.5,32
2.47081712062257,1021,543,-478,-782,749.5,32.5
2.47297881539127,1021,543,-478,-782,749.5,32.5
2.47514051015997,1022,543,-479,-782.5,750.5,32
2.47730220492866,1023,543,-480,-783,751.5,31.5
2.47946389969736,1021,543,-478,-782,749.5,32.5
2.48162559446606,1022,543,-479,-782.5,750.5,32
2.48378728923476,1022,543,-479,-782.5,750.5,32
2.48594898400346,1021,543,-478,-782,749.5,32.5
2.48811067877216,1021,543,-478,-782,749.5,32.5
2.49027237354086,1021,543,-478,-782,749.5,32.5
2.49243406830955,1020,543,-477,-781.5,748.5,33
2.49459576307825,1020,543,-477,-781.5,748.5,33
2.49675745784695,1021,543,-478,-782,749.5,32.5
2.49891915261565,1015,543,-472,-779,743.5,35.5
2.50108084738435,1000,543,-457,-771.5,728.5,43
2.50324254215305,992,543,-449,-767.5,720.5,47
2.50540423692175,994,543,-451,-768.5,722.5,46
2.50756593169045,1004,543,-461,-773.5,732.5,41
2.50972762645914,1016,543,-473,-779.5,744.5,35
2.51188932122784,1021,543,-478,-782,749.5,32.5
2.51405101599654,1022,542,-480,-782,751,31
2.51621271076524,1022,543,-479,-782.5,750.5,32
2.51837440553394,1022,543,-479,-782.5,750.5,32
2.52053610030264,1021,543,-478,-782,749.5,32.5
2.52269779507134,1022,543,-479,-782.5,750.5,32
2.52485948984003,1022,543,-479,-782.5,750.5,32
2.52702118460873,1021,543,-478,-782,749.5,32.5
2.52918287937743,1023,542,-481,-782.5,752,30.5
2.53134457414613,1018,543,-475,-780.5,746.5,34
2.53350626891483,1009,543,-466,-776,737.5,38.5
2.53566796368353,1006,543,-463,-774.5,734.5,40
2.53782965845223,1002,543,-459,-772.5,730.5,42
2.53999135322093,1008,543,-465,-775.5,736.5,39
2.54215304798962,1022,542,-480,-782,751,31
2.54431474275832,1020,543,-477,-781.5,748.5,33
2.54647643752702,1021,543,-478,-782,749.5,32.5
2.54863813229572,1015,543,-472,-779,743.5,35.5
2.55079982706442,1014,543,-471,-778.5,742.5,36
2.55296152183312,1015,543,-472,-779,743.5,35.5
2.55512321660182,1021,542,-479,-781.5,750,31.5
2.55728491137051,1020,543,-477,-781.5,748.5,33
2.55944660613921,1021,543,-478,-782,749.5,32.5
2.56160830090791,1008,543,-465,-775.5,736.5,39
2.56376999567661,999,543,-456,-771,727.5,43.5
2.56593169044531,1002,543,-459,-772.5,730.5,42
2.56809338521401,1013,543,-470,-778,741.5,36.5
2.57025507998271,1021,543,-478,-782,749.5,32.5
2.5724167747514,1022,543,-479,-782.5,750.5,32
2.5745784695201,1021,543,-478,-782,749.5,32.5
2.5767401642888,1021,543,-478,-782,749.5,32.5
2.5789018590575,1021,543,-478,-782,749.5,32.5
2.5810635538262,1023,543,-480,-783,751.5,31.5
2.5832252485949,1022,543,-479,-782.5,750.5,32
2.5853869433636,1023,543,-480,-783,751.5,31.5
2.5875486381323,1020,542,-478,-781,749,32
2.58971033290099,1022,543,-479,-782.5,750.5,32
2.59187202766969,1021,543,-478,-782,749.5,32.5
2.59403372243839,1022,542,-480,-782,751,31
2.59619541720709,1020,543,-477,-781.5,748.5,33
2.59835711197579,1021,543,-478,-782,749.5,32.5
2.60051880674449,1023,543,-480,-783,751.5,31.5
2.60268050151319,1022,543,-479,-782.5,750.5,32
2.60484219628189,1017,543,-474,-780,745.5,34.5
2.60700389105058,990,543,-447,-766.5,718.5,48
2.60916558581928,982,543,-439,-762.5,710.5,52
2.61132728058798,977,543,-434,-760,705.5,54.5
2.61348897535668,983,543,-440,-763,711.5,51.5
2.61565067012538,983,543,-440,-763,711.5,51.5
2.61781236489408,983,543,-440,-763,711.5,51.5
2.61997405966278,981,543,-438,-762,709.5,52.5
2.62213575443147,983,543,-440,-763,711.5,51.5
2.62429744920017,980,543,-437,-761.5,708.5,53
2.62645914396887,982,543,-439,-762.5,710.5,52
2.62862083873757,985,543,-442,-764,713.5,50.5
2.63078253350627,992,543,-449,-767.5,720.5,47
2.63294422827497,1001,542,-459,-771.5,730,41.5
2.63510592304367,1011,543,-468,-777,739.5,37.5
2.63726761781236,1011,543,-468,-777,739.5,37.5
2.63942931258106,1009,543,-466,-776,737.5,38.5
2.64159100734976,1007,543,-464,-775,735.5,39.5
2.64375270211846,1001,543,-458,-772,729.5,42.5
2.64591439688716,993,543,-450,-768,721.5,46.5
2.64807609165586,989,543,-446,-766,717.5,48.5
2.65023778642456,987,543,-444,-765,715.5,49.5
2.65239948119326,987,543,-444,-765,715.5,49.5
2.65456117596195,981,543,-438,-762,709.5,52.5
2.65672287073065,977,543,-434,-760,705.5,54.5
2.65888456549935,978,543,-435,-760.5,706.5,54
2.66104626026805,983,543,-440,-763,711.5,51.5
2.66320795503675,996,543,-453,-769.5,724.5,45
2.66536964980545,1021,543,-478,-782,749.5,32.5
2.66753134457415,1021,543,-478,-782,749.5,32.5
2.66969303934284,1023,543,-480,-783,751.5,31.5
2.67185473411154,1022,543,-479,-782.5,750.5,32
2.67401642888024,1021,543,-478,-782,749.5,32.5
2.67617812364894,1021,543,-478,-782,749.5,32.5
2.67833981841764,1001,542,-459,-771.5,730,41.5
2.68050151318634,995,543,-452,-769,723.5,45.5
2.68266320795504,1001,543,-458,-772,729.5,42.5
2.68482490272374,1012,542,-470,-777,741,36
2.68698659749243,1020,543,-477,-781.5,748.5,33
2.68914829226113,1022,543,-479,-782.5,750.5,32
2.69130998702983,1021,543,-478,-782,749.5,32.5
2.69347168179853,1023,543,-480,-783,751.5,31.5
2.69563337656723,1023,542,-481,-782.5,752,30.5
2.69779507133593,1022,543,-479,-782.5,750.5,32
2.69995676610463,1021,543,-478,-782,749.5,32.5
2.70211846087332,1022,543,-479,-782.5,750.5,32
2.70428015564202,1022,543,-479,-782.5,750.5,32
2.70644185041072,1022,543,-479,-782.5,750.5,32
2.70860354517942,1020,543,-477,-781.5,748.5,33
2.71076523994812,1021,543,-478,-782,749.5,32.5
2.71292693471682,1022,543,-479,-782.5,750.5,32
2.71508862948552,1022,543,-479,-782.5,750.5,32
2.71725032425421,1021,543,-478,-782,749.5,32.5
2.71941201902291,1020,543,-477,-781.5,748.5,33
2.72157371379161,1022,543,-479,-782.5,750.5,32
2.72373540856031,1022,543,-479,-782.5,750.5,32
2.72589710332901,1022,543,-479,-782.5,750.5,32
2.72805879809771,1021,543,-478,-782,749.5,32.5
2.73022049286641,1020,543,-477,-781.5,748.5,33
2.73238218763511,1022,543,-479,-782.5,750.5,32
2.7345438824038,1022,543,-479,-782.5,750.5,32
2.7367055771725,1023,543,-480,-783,751.5,31.5
2.7388672719412,1021,543,-478,-782,749.5,32.5
2.7410289667099,1022,543,-479,-782.5,750.5,32
2.7431906614786,1021,543,-478,-782,749.5,32.5
2.7453523562473,1020,543,-477,-781.5,748.5,33
2.747514051016,1020,542,-478,-781,749,32
2.7496757457847,1020,543,-477,-781.5,748.5,33
2.75183744055339,1022,543,-479,-782.5,750.5,32
2.75399913532209,1020,543,-477,-781.5,748.5,33
2.75616083009079,1022,543,-479,-782.5,750.5,32
2.75832252485949,1022,543,-479,-782.5,750.5,32
2.76048421962819,1023,542,-481,-782.5,752,30.5
2.76264591439689,1022,543,-479,-782.5,750.5,32
2.76480760916559,1021,543,-478,-782,749.5,32.5
2.76696930393428,1022,543,-479,-782.5,750.5,32
2.76913099870298,1021,543,-478,-782,749.5,32.5
2.77129269347168,1022,543,-479,-782.5,750.5,32
2.77345438824038,1023,543,-480,-783,751.5,31.5
2.77561608300908,1022,543,-479,-782.5,750.5,32
2.77777777777778,1021,543,-478,-782,749.5,32.5
2.77993947254648,1021,543,-478,-782,749.5,32.5
2.78210116731517,1023,543,-480,-783,751.5,31.5
2.78426286208387,1023,542,-481,-782.5,752,30.5
2.78642455685257,1022,543,-479,-782.5,750.5,32
2.78858625162127,1022,543,-479,-782.5,750.5,32
2.79074794638997,1022,543,-479,-782.5,750.5,32
2.79290964115867,1021,543,-478,-782,749.5,32.5
2.79507133592737,1021,542,-479,-781.5,750,31.5
2.79723303069607,1021,543,-478,-782,749.5,32.5
2.79939472546476,1021,543,-478,-782,749.5,32.5
2.80155642023346,1021,543,-478,-782,749.5,32.5
2.80371811500216,1021,543,-478,-782,749.5,32.5
2.80587980977086,1022,543,-479,-782.5,750.5,32
2.80804150453956,1023,543,-480,-783,751.5,31.5
2.81020319930826,1023,543,-480,-783,751.5,31.5
2.81236489407696,1021,543,-478,-782,749.5,32.5
2.81452658884565,1023,543,-480,-783,751.5,31.5
2.81668828361435,1021,543,-478,-782,749.5,32.5
2.81884997838305,1021,543,-478,-782,749.5,32.5
2.82101167315175,1022,542,-480,-782,751,31
2.82317336792045,1021,543,-478,-782,749.5,32.5
2.82533506268915,1022,543,-479,-782.5,750.5,32
2.82749675745785,1022,543,-479,-782.5,750.5,32
2.82965845222655,1021,543,-478,-782,749.5,32.5
2.83182014699524,1022,543,-479,-782.5,750.5,32
2.83398184176394,1021,543,-478,-782,749.5,32.5
2.83614353653264,1021,543,-478,-782,749.5,32.5
2.83830523130134,1022,543,-479,-782.5,750.5,32
2.84046692607004,1022,543,-479,-782.5,750.5,32
2.84262862083874,1021,543,-478,-782,749.5,32.5
2.84479031560744,1021,543,-478,-782,749.5,32.5
2.84695201037613,1022,543,-479,-782.5,750.5,32
2.84911370514483,1022,543,-479,-782.5,750.5,32
2.85127539991353,1021,543,-478,-782,749.5,32.5
2.85343709468223,1022,543,-479,-782.5,750.5,32
2.85559878945093,1023,543,-480,-783,751.5,31.5
2.85776048421963,1021,543,-478,-782,749.5,32.5
2.85992217898833,1022,543,-479,-782.5,750.5,32
2.86208387375703,1021,543,-478,-782,749.5,32.5
2.86424556852572,1021,543,-478,-782,749.5,32.5
2.86640726329442,1020,543,-477,-781.5,748.5,33
2.86856895806312,1020,543,-477,-781.5,748.5,33
2.87073065283182,1019,543,-476,-781,747.5,33.5
2.87289234760052,1019,543,-476,-781,747.5,33.5
2.87505404236922,1019,543,-476,-781,747.5,33.5
2.87721573713792,1015,543,-472,-779,743.5,35.5
2.87937743190661,1013,543,-470,-778,741.5,36.5
2.88153912667531,1016,543,-473,-779.5,744.5,35
2.88370082144401,1020,543,-477,-781.5,748.5,33
2.88586251621271,1021,543,-478,-782,749.5,32.5
2.88802421098141,1023,543,-480,-783,751.5,31.5
2.89018590575011,1023,543,-480,-783,751.5,31.5
2.89234760051881,1022,542,-480,-782,751,31
2.89450929528751,1019,543,-476,-781,747.5,33.5
2.8966709900562,1011,543,-468,-777,739.5,37.5
2.8988326848249,1007,543,-464,-775,735.5,39.5
2.9009943795936,1003,543,-460,-773,731.5,41.5
2.9031560743623,1006,543,-463,-774.5,734.5,40
2.905317769131,1011,543,-468,-777,739.5,37.5
2.9074794638997,1013,543,-470,-778,741.5,36.5
2.9096411586684,1017,543,-474,-780,745.5,34.5
2.91180285343709,1022,543,-479,-782.5,750.5,32
2.91396454820579,1021,543,-478,-782,749.5,32.5
2.91612624297449,1022,543,-479,-782.5,750.5,32
2.91828793774319,1021,543,-478,-782,749.5,32.5
2.92044963251189,1019,543,-476,-781,747.5,33.5
2.92261132728059,1014,543,-471,-778.5,742.5,36
2.92477302204929,1014,543,-471,-778.5,742.5,36
2.92693471681799,1015,543,-472,-779,743.5,35.5
2.92909641158668,1003,543,-460,-773,731.5,41.5
2.93125810635538,997,543,-454,-770,725.5,44.5
2.93341980112408,1001,543,-458,-772,729.5,42.5
2.93558149589278,1012,543,-469,-777.5,740.5,37
2.93774319066148,1022,543,-479,-782.5,750.5,32
2.93990488543018,1021,543,-478,-782,749.5,32.5
2.94206658019888,1021,543,-478,-782,749.5,32.5
2.94422827496757,1021,543,-478,-782,749.5,32.5
2.94638996973627,1020,543,-477,-781.5,748.5,33
2.94855166450497,1021,543,-478,-782,749.5,32.5
2.95071335927367,1022,543,-479,-782.5,750.5,32
2.95287505404237,1021,543,-478,-782,749.5,32.5
2.95503674881107,1023,542,-481,-782.5,752,30.5
2.95719844357977,1022,543,-479,-782.5,750.5,32
2.95936013834846,1022,543,-479,-782.5,750.5,32
2.96152183311716,1021,543,-478,-782,749.5,32.5
2.96368352788586,1013,543,-470,-778,741.5,36.5
2.96584522265456,1002,543,-459,-772.5,730.5,42
2.96800691742326,998,543,-455,-770.5,726.5,44
2.97016861219196,999,543,-456,-771,727.5,43.5
2.97233030696066,1002,543,-459,-772.5,730.5,42
2.97449200172936,1012,543,-469,-777.5,740.5,37
2.97665369649805,1021,542,-479,-781.5,750,31.5
2.97881539126675,1020,543,-477,-781.5,748.5,33
2.98097708603545,1023,543,-480,-783,751.5,31.5
2.98313878080415,1021,543,-478,-782,749.5,32.5
2.98530047557285,1022,543,-479,-782.5,750.5,32
2.98746217034155,1022,543,-479,-782.5,750.5,32
2.98962386511025,1023,543,-480,-783,751.5,31.5
2.99178555987895,1019,543,-476,-781,747.5,33.5
2.99394725464764,1020,543,-477,-781.5,748.5,33
2.99610894941634,1021,543,-478,-782,749.5,32.5
2.99827064418504,1020,543,-477,-781.5,748.5,33
3.00043233895374,1023,543,-480,-783,751.5,31.5
3.00259403372244,1021,543,-478,-782,749.5,32.5
3.00475572849114,1020,543,-477,-781.5,748.5,33
3.00691742325984,1021,543,-478,-782,749.5,32.5
3.00907911802853,1021,543,-478,-782,749.5,32.5
3.01124081279723,1021,543,-478,-782,749.5,32.5
3.01340250756593,1021,543,-478,-782,749.5,32.5
3.01556420233463,1021,543,-478,-782,749.5,32.5
3.01772589710333,1021,543,-478,-782,749.5,32.5
3.01988759187203,1023,543,-480,-783,751.5,31.5
3.02204928664073,1022,543,-479,-782.5,750.5,32
3.02421098140942,1023,543,-480,-783,751.5,31.5
3.02637267617812,1021,543,-478,-782,749.5,32.5
3.02853437094682,1022,543,-479,-782.5,750.5,32
3.03069606571552,1021,543,-478,-782,749.5,32.5
3.03285776048422,1021,543,-478,-782,749.5,32.5
3.03501945525292,1022,543,-479,-782.5,750.5,32
3.03718115002162,1018,543,-475,-780.5,746.5,34
3.03934284479032,1013,543,-470,-778,741.5,36.5
3.04150453955901,1013,543,-470,-778,741.5,36.5
3.04366623432771,1013,543,-470,-778,741.5,36.5
3.04582792909641,1022,542,-480,-782,751,31
3.04798962386511,1022,543,-479,-782.5,750.5,32
3.05015131863381,1023,543,-480,-783,751.5,31.5
3.05231301340251,1021,543,-478,-782,749.5,32.5
3.05447470817121,1021,543,-478,-782,749.5,32.5
3.0566364029399,1023,543,-480,-783,751.5,31.5
3.0587980977086,1022,543,-479,-782.5,750.5,32
3.0609597924773,1022,543,-479,-782.5,750.5,32
3.063121487246,1021,543,-478,-782,749.5,32.5
3.0652831820147,1022,543,-479,-782.5,750.5,32
3.0674448767834,1021,543,-478,-782,749.5,32.5
3.0696065715521,1020,543,-477,-781.5,748.5,33
3.0717682663208,1021,543,-478,-782,749.5,32.5
3.07392996108949,1023,543,-480,-783,751.5,31.5
3.07609165585819,1023,543,-480,-783,751.5,31.5
3.07825335062689,1022,543,-479,-782.5,750.5,32
3.08041504539559,1021,543,-478,-782,749.5,32.5
3.08257674016429,1021,543,-478,-782,749.5,32.5
3.08473843493299,1020,543,-477,-781.5,748.5,33
3.08690012970169,1020,543,-477,-781.5,748.5,33
3.08906182447038,1021,543,-478,-782,749.5,32.5
3.09122351923908,1023,542,-481,-782.5,752,30.5
3.09338521400778,1022,543,-479,-782.5,750.5,32
3.09554690877648,1021,543,-478,-782,749.5,32.5
3.09770860354518,1019,543,-476,-781,747.5,33.5
3.09987029831388,1020,543,-477,-781.5,748.5,33
3.10203199308258,1023,542,-481,-782.5,752,30.5
3.10419368785128,1021,543,-478,-782,749.5,32.5
3.10635538261997,1022,543,-479,-782.5,750.5,32
3.10851707738867,1021,543,-478,-782,749.5,32.5
3.11067877215737,1023,543,-480,-783,751.5,31.5
3.11284046692607,1022,543,-479,-782.5,750.5,32
3.11500216169477,1022,543,-479,-782.5,750.5,32
3.11716385646347,1023,542,-481,-782.5,752,30.5
3.11932555123217,1022,543,-479,-782.5,750.5,32
3.12148724600086,1023,543,-480,-783,751.5,31.5
3.12364894076956,1020,543,-477,-781.5,748.5,33
3.12581063553826,1022,543,-479,-782.5,750.5,32
3.12797233030696,1020,543,-477,-781.5,748.5,33
3.13013402507566,1023,543,-480,-783,751.5,31.5
3.13229571984436,1021,543,-478,-782,749.5,32.5
3.13445741461306,1021,543,-478,-782,749.5,32.5
3.13661910938176,1021,543,-478,-782,749.5,32.5
3.13878080415045,1021,543,-478,-782,749.5,32.5
3.14094249891915,1022,543,-479,-782.5,750.5,32
3.14310419368785,1019,543,-476,-781,747.5,33.5
3.14526588845655,1014,543,-471,-778.5,742.5,36
3.14742758322525,1010,543,-467,-776.5,738.5,38
3.14958927799395,1004,543,-461,-773.5,732.5,41
3.15175097276265,998,543,-455,-770.5,726.5,44
3.15391266753134,993,543,-450,-768,721.5,46.5
3.15607436230004,995,543,-452,-769,723.5,45.5
3.15823605706874,1001,543,-458,-772,729.5,42.5
3.16039775183744,1012,543,-469,-777.5,740.5,37
3.16255944660614,1021,542,-479,-781.5,750,31.5
3.16472114137484,1021,543,-478,-782,749.5,32.5
3.16688283614354,1023,542,-481,-782.5,752,30.5
3.16904453091224,1021,543,-478,-782,749.5,32.5
3.17120622568093,1021,543,-478,-782,749.5,32.5
3.17336792044963,1023,543,-480,-783,751.5,31.5
3.17552961521833,1015,543,-472,-779,743.5,35.5
3.17769130998703,1010,543,-467,-776.5,738.5,38
3.17985300475573,1007,543,-464,-775,735.5,39.5
3.18201469952443,1004,543,-461,-773.5,732.5,41
3.18417639429313,1003,543,-460,-773,731.5,41.5
3.18633808906182,1003,543,-460,-773,731.5,41.5
3.18849978383052,1010,543,-467,-776.5,738.5,38
3.19066147859922,1017,543,-474,-780,745.5,34.5
3.19282317336792,1021,543,-478,-782,749.5,32.5
3.19498486813662,1013,543,-470,-778,741.5,36.5
3.19714656290532,1001,543,-458,-772,729.5,42.5
3.19930825767402,992,543,-449,-767.5,720.5,47
3.20146995244271,993,543,-450,-768,721.5,46.5
3.20363164721141,994,543,-451,-768.5,722.5,46
3.20579334198011,1002,543,-459,-772.5,730.5,42
3.20795503674881,1009,543,-466,-776,737.5,38.5
3.21011673151751,1016,543,-473,-779.5,744.5,35
3.21227842628621,1020,543,-477,-781.5,748.5,33
3.21444012105491,1023,543,-480,-783,751.5,31.5
3.21660181582361,1022,543,-479,-782.5,750.5,32
3.2187635105923,1022,543,-479,-782.5,750.5,32
3.220925205361,1021,543,-478,-782,749.5,32.5
3.2230869001297,1020,543,-477,-781.5,748.5,33
3.2252485948984,1022,543,-479,-782.5,750.5,32
3.2274102896671,1022,543,-479,-782.5,750.5,32
3.2295719844358,1020,543,-477,-781.5,748.5,33
3.2317336792045,1020,543,-477,-781.5,748.5,33
3.2338953739732,1023,543,-480,-783,751.5,31.5
3.23605706874189,1022,542,-480,-782,751,31
3.23821876351059,1023,543,-480,-783,751.5,31.5
3.24038045827929,1022,543,-479,-782.5,750.5,32
3.24254215304799,1022,543,-479,-782.5,750.5,32
3.24470384781669,1021,543,-478,-782,749.5,32.5
3.24686554258539,1022,543,-479,-782.5,750.5,32
3.24902723735409,1022,543,-479,-782.5,750.5,32
3.25118893212278,1007,543,-464,-775,735.5,39.5
3.25335062689148,976,543,-433,-759.5,704.5,55
3.25551232166018,952,543,-409,-747.5,680.5,67
3.25767401642888,943,543,-400,-743,671.5,71.5
3.25983571119758,947,543,-404,-745,675.5,69.5
3.26199740596628,963,543,-420,-753,691.5,61.5
3.26415910073498,981,543,-438,-762,709.5,52.5
3.26632079550367,992,543,-449,-767.5,720.5,47
3.26848249027237,999,543,-456,-771,727.5,43.5
3.27064418504107,996,542,-454,-769,725,44
3.27280587980977,995,543,-452,-769,723.5,45.5
3.27496757457847,998,543,-455,-770.5,726.5,44
3.27712926934717,995,543,-452,-769,723.5,45.5
3.27929096411587,996,542,-454,-769,725,44
3.28145265888457,992,543,-449,-767.5,720.5,47
3.28361435365326,992,543,-449,-767.5,720.5,47
3.28577604842196,991,543,-448,-767,719.5,47.5
3.28793774319066,987,543,-444,-765,715.5,49.5
3.29009943795936,990,543,-447,-766.5,718.5,48
3.29226113272806,1002,543,-459,-772.5,730.5,42
3.29442282749676,1015,543,-472,-779,743.5,35.5
3.29658452226546,1021,543,-478,-782,749.5,32.5
3.29874621703415,1021,543,-478,-782,749.5,32.5
3.30090791180285,1021,543,-478,-782,749.5,32.5
3.30306960657155,1020,543,-477,-781.5,748.5,33
3.30523130134025,1022,543,-479,-782.5,750.5,32
3.30739299610895,1019,543,-476,-781,747.5,33.5
3.30955469087765,1016,543,-473,-779.5,744.5,35
3.31171638564635,1013,543,-470,-778,741.5,36.5
3.31387808041505,1015,543,-472,-779,743.5,35.5
3.31603977518374,1016,543,-473,-779.5,744.5,35
3.31820146995244,1020,543,-477,-781.5,748.5,33
3.32036316472114,1023,543,-480,-783,751.5,31.5
3.32252485948984,1022,543,-479,-782.5,750.5,32
3.32468655425854,1022,542,-480,-782,751,31
3.32684824902724,1022,543,-479,-782.5,750.5,32
3.32900994379594,1023,543,-480,-783,751.5,31.5
3.33117163856463,1021,543,-478,-782,749.5,32.5
3.33333333333333,1021,543,-478,-782,749.5,32.5
3.33549502810203,1023,543,-480,-783,751.5,31.5
3.33765672287073,1022,543,-479,-782.5,750.5,32
3.33981841763943,1022,543,-479,-782.5,750.5,32
3.34198011240813,1022,542,-480,-782,751,31
3.34414180717683,1020,543,-477,-781.5,748.5,33
3.34630350194552,1022,543,-479,-782.5,750.5,32
3.34846519671422,1023,543,-480,-783,751.5,31.5
3.35062689148292,1022,543,-479,-782.5,750.5,32
3.35278858625162,1023,543,-480,-783,751.5,31.5
3.35495028102032,1020,543,-477,-781.5,748.5,33
3.35711197578902,1021,543,-478,-782,749.5,32.5
3.35927367055772,1022,543,-479,-782.5,750.5,32
3.36143536532642,1022,543,-479,-782.5,750.5,32
3.36359706009511,1021,543,-478,-782,749.5,32.5
3.36575875486381,1021,543,-478,-782,749.5,32.5
3.36792044963251,1023,543,-480,-783,751.5,31.5
3.37008214440121,1021,543,-478,-782,749.5,32.5
3.37224383916991,1020,543,-477,-781.5,748.5,33
3.37440553393861,1022,543,-479,-782.5,750.5,32
3.37656722870731,1021,543,-478,-782,749.5,32.5
3.37872892347601,1021,542,-479,-781.5,750,31.5
3.3808906182447,1017,543,-474,-780,745.5,34.5
3.3830523130134,1022,543,-479,-782.5,750.5,32
3.3852140077821,1020,543,-477,-781.5,748.5,33
3.3873757025508,1022,543,-479,-782.5,750.5,32
3.3895373973195,1021,543,-478,-782,749.5,32.5
3.3916990920882,1021,543,-478,-782,749.5,32.5
3.3938607868569,1022,543,-479,-782.5,750.5,32
3.39602248162559,1022,543,-479,-782.5,750.5,32
3.39818417639429,1021,543,-478,-782,749.5,32.5
3.40034587116299,1022,543,-479,-782.5,750.5,32
3.40250756593169,1023,543,-480,-783,751.5,31.5
3.40466926070039,1022,542,-480,-782,751,31
3.40683095546909,1022,543,-479,-782.5,750.5,32
3.40899265023779,1022,543,-479,-782.5,750.5,32
3.41115434500648,1021,543,-478,-782,749.5,32.5
3.41331603977518,1023,542,-481,-782.5,752,30.5
3.41547773454388,1022,543,-479,-782.5,750.5,32
3.41763942931258,1022,543,-479,-782.5,750.5,32
3.41980112408128,1021,543,-478,-782,749.5,32.5
3.42196281884998,1022,543,-479,-782.5,750.5,32
3.42412451361868,1021,543,-478,-782,749.5,32.5
3.42628620838738,1021,543,-478,-782,749.5,32.5
3.42844790315607,1022,543,-479,-782.5,750.5,32
3.43060959792477,1023,543,-480,-783,751.5,31.5
3.43277129269347,1023,542,-481,-782.5,752,30.5
3.43493298746217,1022,543,-479,-782.5,750.5,32
3.43709468223087,1021,543,-478,-782,749.5,32.5
3.43925637699957,1022,543,-479,-782.5,750.5,32
3.44141807176827,1021,543,-478,-782,749.5,32.5
3.44357976653696,1021,543,-478,-782,749.5,32.5
3.44574146130566,1021,543,-478,-782,749.5,32.5
3.44790315607436,1021,543,-478,-782,749.5,32.5
3.45006485084306,1022,543,-479,-782.5,750.5,32
3.45222654561176,1021,543,-478,-782,749.5,32.5
3.45438824038046,1021,543,-478,-782,749.5,32.5
3.45654993514916,1022,543,-479,-782.5,750.5,32
3.45871162991786,1022,543,-479,-782.5,750.5,32
3.46087332468655,1021,543,-478,-782,749.5,32.5
3.46303501945525,1022,543,-479,-782.5,750.5,32
3.46519671422395,1022,543,-479,-782.5,750.5,32
3.46735840899265,1021,543,-478,-782,749.5,32.5
3.46952010376135,1022,543,-479,-782.5,750.5,32
3.47168179853005,1022,543,-479,-782.5,750.5,32
3.47384349329875,1023,543,-480,-783,751.5,31.5
3.47600518806744,1022,543,-479,-782.5,750.5,32
3.47816688283614,1022,543,-479,-782.5,750.5,32
3.48032857760484,1023,543,-480,-783,751.5,31.5
3.48249027237354,1021,543,-478,-782,749.5,32.5
3.48465196714224,1023,543,-480,-783,751.5,31.5
3.48681366191094,1020,543,-477,-781.5,748.5,33
3.48897535667964,1021,543,-478,-782,749.5,32.5
3.49113705144834,1022,543,-479,-782.5,750.5,32
3.49329874621703,1022,542,-480,-782,751,31
3.49546044098573,1021,543,-478,-782,749.5,32.5
3.49762213575443,1022,543,-479,-782.5,750.5,32
3.49978383052313,1022,543,-479,-782.5,750.5,32
3.50194552529183,1022,543,-479,-782.5,750.5,32
3.50410722006053,1021,543,-478,-782,749.5,32.5
3.50626891482923,1022,543,-479,-782.5,750.5,32
3.50843060959792,1021,543,-478,-782,749.5,32.5
3.51059230436662,1020,543,-477,-781.5,748.5,33
3.51275399913532,1022,543,-479,-782.5,750.5,32
3.51491569390402,1023,543,-480,-783,751.5,31.5
3.51707738867272,1021,543,-478,-782,749.5,32.5
3.51923908344142,1022,543,-479,-782.5,750.5,32
3.52140077821012,1021,543,-478,-782,749.5,32.5
3.52356247297882,1019,543,-476,-781,747.5,33.5
3.52572416774751,1011,543,-468,-777,739.5,37.5
3.52788586251621,1007,543,-464,-775,735.5,39.5
3.53004755728491,1005,543,-462,-774,733.5,40.5
3.53220925205361,1006,543,-463,-774.5,734.5,40
3.53437094682231,1011,543,-468,-777,739.5,37.5
3.53653264159101,1011,543,-468,-777,739.5,37.5
3.53869433635971,1014,543,-471,-778.5,742.5,36
3.5408560311284,1018,543,-475,-780.5,746.5,34
3.5430177258971,1021,543,-478,-782,749.5,32.5
3.5451794206658,1021,543,-478,-782,749.5,32.5
3.5473411154345,1019,543,-476,-781,747.5,33.5
3.5495028102032,1014,543,-471,-778.5,742.5,36
3.5516645049719,1006,542,-464,-774,735,39
3.5538261997406,1000,543,-457,-771.5,728.5,43
3.5559878945093,1000,543,-457,-771.5,728.5,43
3.55814958927799,1001,543,-458,-772,729.5,42.5
3.56031128404669,1008,543,-465,-775.5,736.5,39
3.56247297881539,1007,543,-464,-775,735.5,39.5
3.56463467358409,1012,543,-469,-777.5,740.5,37
3.56679636835279,1012,543,-469,-777.5,740.5,37
3.56895806312149,1009,543,-466,-776,737.5,38.5
3.57111975789019,1006,542,-464,-774,735,39
3.57328145265888,1005,543,-462,-774,733.5,40.5
3.57544314742758,1007,543,-464,-775,735.5,39.5
3.57760484219628,1008,543,-465,-775.5,736.5,39
3.57976653696498,1011,543,-468,-777,739.5,37.5
3.58192823173368,1015,543,-472,-779,743.5,35.5
3.58408992650238,1021,543,-478,-782,749.5,32.5
3.58625162127108,1022,543,-479,-782.5,750.5,32
3.58841331603977,1021,543,-478,-782,749.5,32.5
3.59057501080847,1023,543,-480,-783,751.5,31.5
3.59273670557717,1020,543,-477,-781.5,748.5,33
3.59489840034587,1017,543,-474,-780,745.5,34.5
3.59706009511457,1013,542,-471,-777.5,742,35.5
3.59922178988327,1014,543,-471,-778.5,742.5,36
3.60138348465197,1020,543,-477,-781.5,748.5,33
3.60354517942067,1021,543,-478,-782,749.5,32.5
3.60570687418936,1021,543,-478,-782,749.5,32.5
3.60786856895806,1019,543,-476,-781,747.5,33.5
3.61003026372676,1020,543,-477,-781.5,748.5,33
3.61219195849546,1019,543,-476,-781,747.5,33.5
3.61435365326416,1017,543,-474,-780,745.5,34.5
3.61651534803286,1020,543,-477,-781.5,748.5,33
3.61867704280156,1018,543,-475,-780.5,746.5,34
3.62083873757026,1014,543,-471,-778.5,742.5,36
3.62300043233895,1018,543,-475,-780.5,746.5,34
3.62516212710765,1022,543,-479,-782.5,750.5,32
3.62732382187635,1021,543,-478,-782,749.5,32.5
3.62948551664505,1021,543,-478,-782,749.5,32.5
3.63164721141375,1022,543,-479,-782.5,750.5,32
3.63380890618245,1022,543,-479,-782.5,750.5,32
3.63597060095115,1023,543,-480,-783,751.5,31.5
3.63813229571984,1019,543,-476,-781,747.5,33.5
3.64029399048854,1016,543,-473,-779.5,744.5,35
3.64245568525724,1012,543,-469,-777.5,740.5,37
3.64461738002594,1005,543,-462,-774,733.5,40.5
3.64677907479464,1006,543,-463,-774.5,734.5,40
3.64894076956334,1018,542,-476,-780,747,33
3.65110246433204,1023,542,-481,-782.5,752,30.5
3.65326415910073,1020,543,-477,-781.5,748.5,33
3.65542585386943,1021,543,-478,-782,749.5,32.5
3.65758754863813,1021,543,-478,-782,749.5,32.5
3.65974924340683,1020,543,-477,-781.5,748.5,33
3.66191093817553,1020,543,-477,-781.5,748.5,33
3.66407263294423,1021,543,-478,-782,749.5,32.5
3.66623432771293,1022,543,-479,-782.5,750.5,32
3.66839602248163,1020,543,-477,-781.5,748.5,33
3.67055771725032,1023,543,-480,-783,751.5,31.5
3.67271941201902,1022,543,-479,-782.5,750.5,32
3.67488110678772,1022,543,-479,-782.5,750.5,32
3.67704280155642,1021,543,-478,-782,749.5,32.5
3.67920449632512,1022,543,-479,-782.5,750.5,32
3.68136619109382,1022,543,-479,-782.5,750.5,32
3.68352788586252,1023,543,-480,-783,751.5,31.5
3.68568958063121,1022,543,-479,-782.5,750.5,32
3.68785127539991,1022,543,-479,-782.5,750.5,32
3.69001297016861,1021,543,-478,-782,749.5,32.5
3.69217466493731,1020,543,-477,-781.5,748.5,33
3.69433635970601,1022,543,-479,-782.5,750.5,32
3.69649805447471,1020,542,-478,-781,749,32
3.69865974924341,1023,543,-480,-783,751.5,31.5
3.70082144401211,1023,543,-480,-783,751.5,31.5
3.7029831387808,1022,543,-479,-782.5,750.5,32
3.7051448335495,1021,543,-478,-782,749.5,32.5
3.7073065283182,1020,543,-477,-781.5,748.5,33
3.7094682230869,1021,543,-478,-782,749.5,32.5
3.7116299178556,1022,542,-480,-782,751,31
3.7137916126243,1021,543,-478,-782,749.5,32.5
3.715953307393,1022,543,-479,-782.5,750.5,32
3.71811500216169,1022,543,-479,-782.5,750.5,32
3.72027669693039,1022,543,-479,-782.5,750.5,32
3.72243839169909,1022,543,-479,-782.5,750.5,32
3.72460008646779,1023,543,-480,-783,751.5,31.5
3.72676178123649,1021,543,-478,-782,749.5,32.5
3.72892347600519,1022,542,-480,-782,751,31
3.73108517077389,1023,543,-480,-783,751.5,31.5
3.73324686554259,1021,543,-478,-782,749.5,32.5
3.73540856031128,1021,543,-478,-782,749.5,32.5
3.73757025507998,1022,543,-479,-782.5,750.5,32
3.73973194984868,1021,543,-478,-782,749.5,32.5
3.74189364461738,1021,543,-478,-782,749.5,32.5
3.74405533938608,1021,543,-478,-782,749.5,32.5
3.74621703415478,1021,543,-478,-782,749.5,32.5
3.74837872892348,1022,543,-479,-782.5,750.5,32
3.75054042369217,1018,543,-475,-780.5,746.5,34
3.75270211846087,1013,543,-470,-778,741.5,36.5
3.75486381322957,1011,543,-468,-777,739.5,37.5
3.75702550799827,1004,543,-461,-773.5,732.5,41
3.75918720276697,1000,543,-457,-771.5,728.5,43
3.76134889753567,1001,543,-458,-772,729.5,42.5
3.76351059230437,1003,543,-460,-773,731.5,41.5
3.76567228707307,1007,543,-464,-775,735.5,39.5
3.76783398184176,1010,543,-467,-776.5,738.5,38
3.76999567661046,1010,543,-467,-776.5,738.5,38
3.77215737137916,1012,543,-469,-777.5,740.5,37
3.77431906614786,1014,542,-472,-778,743,35
3.77648076091656,1015,543,-472,-779,743.5,35.5
3.77864245568526,1014,543,-471,-778.5,742.5,36
3.78080415045396,1015,543,-472,-779,743.5,35.5
3.78296584522265,1018,543,-475,-780.5,746.5,34
3.78512753999135,1021,543,-478,-782,749.5,32.5
3.78728923476005,1021,542,-479,-781.5,750,31.5
3.78945092952875,1018,543,-475,-780.5,746.5,34
3.79161262429745,1015,543,-472,-779,743.5,35.5
3.79377431906615,1015,543,-472,-779,743.5,35.5
3.79593601383485,1022,542,-480,-782,751,31
3.79809770860355,1022,543,-479,-782.5,750.5,32
3.80025940337224,1022,543,-479,-782.5,750.5,32
3.80242109814094,1023,542,-481,-782.5,752,30.5
3.80458279290964,1022,543,-479,-782.5,750.5,32
3.80674448767834,1015,543,-472,-779,743.5,35.5
3.80890618244704,994,543,-451,-768.5,722.5,46
3.81106787721574,985,543,-442,-764,713.5,50.5
3.81322957198444,980,543,-437,-761.5,708.5,53
3.81539126675313,976,543,-433,-759.5,704.5,55
3.81755296152183,981,543,-438,-762,709.5,52.5
3.81971465629053,988,543,-445,-765.5,716.5,49
3.82187635105923,1002,543,-459,-772.5,730.5,42
3.82403804582793,1014,543,-471,-778.5,742.5,36
3.82619974059663,1015,543,-472,-779,743.5,35.5
3.82836143536533,1013,543,-470,-778,741.5,36.5
3.83052313013402,1017,542,-475,-779.5,746,33.5
3.83268482490272,1021,543,-478,-782,749.5,32.5
3.83484651967142,1022,543,-479,-782.5,750.5,32
3.83700821444012,1021,542,-479,-781.5,750,31.5
3.83916990920882,1023,543,-480,-783,751.5,31.5
3.84133160397752,1022,543,-479,-782.5,750.5,32
3.84349329874622,1022,543,-479,-782.5,750.5,32
3.84565499351492,1021,543,-478,-782,749.5,32.5
3.84781668828361,1020,543,-477,-781.5,748.5,33
3.84997838305231,1022,543,-479,-782.5,750.5,32
3.85214007782101,1021,543,-478,-782,749.5,32.5
3.85430177258971,1021,543,-478,-782,749.5,32.5
3.85646346735841,1022,543,-479,-782.5,750.5,32
3.85862516212711,1022,542,-480,-782,751,31
3.86078685689581,1022,543,-479,-782.5,750.5,32
3.8629485516645,1023,543,-480,-783,751.5,31.5
3.8651102464332,1021,543,-478,-782,749.5,32.5
3.8672719412019,1023,543,-480,-783,751.5,31.5
3.8694336359706,1003,543,-460,-773,731.5,41.5
3.8715953307393,982,543,-439,-762.5,710.5,52
3.873757025508,975,543,-432,-759,703.5,55.5
3.8759187202767,974,543,-431,-758.5,702.5,56
3.8780804150454,975,543,-432,-759,703.5,55.5
3.88024210981409,987,543,-444,-765,715.5,49.5
3.88240380458279,991,543,-448,-767,719.5,47.5
3.88456549935149,994,543,-451,-768.5,722.5,46
3.88672719412019,994,542,-452,-768,723,45
3.88888888888889,993,543,-450,-768,721.5,46.5
3.89105058365759,995,543,-452,-769,723.5,45.5
3.89321227842629,996,543,-453,-769.5,724.5,45
3.89537397319498,1002,543,-459,-772.5,730.5,42
3.89753566796368,1005,543,-462,-774,733.5,40.5
3.89969736273238,1005,542,-463,-773.5,734,39.5
3.90185905750108,1003,543,-460,-773,731.5,41.5
3.90402075226978,1001,543,-458,-772,729.5,42.5
3.90618244703848,999,543,-456,-771,727.5,43.5
3.90834414180718,997,542,-455,-769.5,726,43.5
3.91050583657588,1003,543,-460,-773,731.5,41.5
3.91266753134457,1004,543,-461,-773.5,732.5,41
3.91482922611327,1006,543,-463,-774.5,734.5,40
3.91699092088197,1001,543,-458,-772,729.5,42.5
3.91915261565067,1000,543,-457,-771.5,728.5,43
3.92131431041937,1001,543,-458,-772,729.5,42.5
3.92347600518807,1008,543,-465,-775.5,736.5,39
3.92563769995677,1014,543,-471,-778.5,742.5,36
3.92779939472546,1017,543,-474,-780,745.5,34.5
3.92996108949416,1020,543,-477,-781.5,748.5,33
3.93212278426286,1020,543,-477,-781.5,748.5,33
3.93428447903156,1021,543,-478,-782,749.5,32.5
3.93644617380026,1021,543,-478,-782,749.5,32.5
3.93860786856896,1021,543,-478,-782,749.5,32.5
3.94076956333766,1022,543,-479,-782.5,750.5,32
3.94293125810636,1023,543,-480,-783,751.5,31.5
3.94509295287505,1020,543,-477,-781.5,748.5,33
3.94725464764375,1020,543,-477,-781.5,748.5,33
3.94941634241245,1021,543,-478,-782,749.5,32.5
3.95157803718115,1019,543,-476,-781,747.5,33.5
3.95373973194985,1016,543,-473,-779.5,744.5,35
3.95590142671855,1021,543,-478,-782,749.5,32.5
3.95806312148725,1022,543,-479,-782.5,750.5,32
3.96022481625594,1021,543,-478,-782,749.5,32.5
3.96238651102464,1021,543,-478,-782,749.5,32.5
3.96454820579334,1022,543,-479,-782.5,750.5,32
3.96670990056204,1022,543,-479,-782.5,750.5,32
3.96887159533074,1023,543,-480,-783,751.5,31.5
3.97103329009944,1023,542,-481,-782.5,752,30.5
3.97319498486814,1020,543,-477,-781.5,748.5,33
3.97535667963683,1021,543,-478,-782,749.5,32.5
3.97751837440553,1023,543,-480,-783,751.5,31.5
3.97968006917423,1021,543,-478,-782,749.5,32.5
3.98184176394293,1020,543,-477,-781.5,748.5,33
3.98400345871163,1021,543,-478,-782,749.5,32.5
3.98616515348033,1022,543,-479,-782.5,750.5,32
3.98832684824903,1020,543,-477,-781.5,748.5,33
3.99048854301773,1023,542,-481,-782.5,752,30.5
3.99265023778642,1023,543,-480,-783,751.5,31.5
3.99481193255512,1020,543,-477,-781.5,748.5,33
3.99697362732382,1022,542,-480,-782,751,31
3.99913532209252,1021,543,-478,-782,749.5,32.5
4.00129701686122,1021,543,-478,-782,749.5,32.5
4.00345871162992,1021,543,-478,-782,749.5,32.5
4.00562040639862,1022,543,-479,-782.5,750.5,32
4.00778210116732,1020,542,-478,-781,749,32
4.00994379593601,1022,543,-479,-782.5,750.5,32
4.01210549070471,1022,543,-479,-782.5,750.5,32
4.01426718547341,1020,543,-477,-781.5,748.5,33
4.01642888024211,1021,543,-478,-782,749.5,32.5
4.01859057501081,1022,543,-479,-782.5,750.5,32
4.02075226977951,1022,543,-479,-782.5,750.5,32
4.02291396454821,1021,543,-478,-782,749.5,32.5
4.0250756593169,1019,543,-476,-781,747.5,33.5
4.0272373540856,1020,543,-477,-781.5,748.5,33
4.0293990488543,1021,543,-478,-782,749.5,32.5
4.031560743623,1021,543,-478,-782,749.5,32.5
4.0337224383917,1022,543,-479,-782.5,750.5,32
4.0358841331604,1023,543,-480,-783,751.5,31.5
4.0380458279291,1021,543,-478,-782,749.5,32.5
4.04020752269779,1020,542,-478,-781,749,32
4.04236921746649,1022,543,-479,-782.5,750.5,32
4.04453091223519,1021,543,-478,-782,749.5,32.5
4.04669260700389,1022,543,-479,-782.5,750.5,32
4.04885430177259,1021,543,-478,-782,749.5,32.5
4.05101599654129,1021,543,-478,-782,749.5,32.5
4.05317769130999,1021,543,-478,-782,749.5,32.5
4.05533938607869,1022,543,-479,-782.5,750.5,32
4.05750108084738,1023,543,-480,-783,751.5,31.5
4.05966277561608,1021,543,-478,-782,749.5,32.5
4.06182447038478,1021,542,-479,-781.5,750,31.5
4.06398616515348,1022,543,-479,-782.5,750.5,32
4.06614785992218,1023,543,-480,-783,751.5,31.5
4.06830955469088,1021,543,-478,-782,749.5,32.5
4.07047124945958,1019,543,-476,-781,747.5,33.5
4.07263294422827,1019,543,-476,-781,747.5,33.5
4.07479463899697,1023,543,-480,-783,751.5,31.5
4.07695633376567,1022,543,-479,-782.5,750.5,32
4.07911802853437,1023,543,-480,-783,751.5,31.5
4.08127972330307,1022,543,-479,-782.5,750.5,32
4.08344141807177,1023,543,-480,-783,751.5,31.5
4.08560311284047,1023,543,-480,-783,751.5,31.5
4.08776480760917,1021,543,-478,-782,749.5,32.5
4.08992650237786,1022,543,-479,-782.5,750.5,32
4.09208819714656,1022,543,-479,-782.5,750.5,32
4.09424989191526,1021,543,-478,-782,749.5,32.5
4.09641158668396,1021,543,-478,-782,749.5,32.5
4.09857328145266,1023,543,-480,-783,751.5,31.5
4.10073497622136,1023,543,-480,-783,751.5,31.5
4.10289667099006,1021,543,-478,-782,749.5,32.5
4.10505836575875,1022,543,-479,-782.5,750.5,32
4.10722006052745,1023,543,-480,-783,751.5,31.5
4.10938175529615,1022,543,-479,-782.5,750.5,32
4.11154345006485,1022,543,-479,-782.5,750.5,32
4.11370514483355,1021,543,-478,-782,749.5,32.5
4.11586683960225,1022,542,-480,-782,751,31
4.11802853437095,1022,543,-479,-782.5,750.5,32
4.12019022913965,1023,543,-480,-783,751.5,31.5
4.12235192390834,1021,543,-478,-782,749.5,32.5
4.12451361867704,1022,543,-479,-782.5,750.5,32
4.12667531344574,1021,543,-478,-782,749.5,32.5
4.12883700821444,1021,543,-478,-782,749.5,32.5
4.13099870298314,1016,543,-473,-779.5,744.5,35
4.13316039775184,1008,543,-465,-775.5,736.5,39
4.13532209252054,1008,543,-465,-775.5,736.5,39
4.13748378728923,1009,543,-466,-776,737.5,38.5
4.13964548205793,1012,543,-469,-777.5,740.5,37
4.14180717682663,1013,543,-470,-778,741.5,36.5
4.14396887159533,1016,543,-473,-779.5,744.5,35
4.14613056636403,1020,543,-477,-781.5,748.5,33
4.14829226113273,1019,543,-476,-781,747.5,33.5
4.15045395590143,1016,543,-473,-779.5,744.5,35
4.15261565067012,1008,543,-465,-775.5,736.5,39
4.15477734543882,1000,543,-457,-771.5,728.5,43
4.15693904020752,1002,543,-459,-772.5,730.5,42
4.15910073497622,1015,543,-472,-779,743.5,35.5
4.16126242974492,1022,543,-479,-782.5,750.5,32
4.16342412451362,1022,543,-479,-782.5,750.5,32
4.16558581928232,1017,543,-474,-780,745.5,34.5
4.16774751405102,1011,543,-468,-777,739.5,37.5
4.16990920881971,1005,543,-462,-774,733.5,40.5
4.17207090358841,1004,543,-461,-773.5,732.5,41
4.17423259835711,1007,543,-464,-775,735.5,39.5
4.17639429312581,1005,543,-462,-774,733.5,40.5
4.17855598789451,1003,543,-460,-773,731.5,41.5
4.18071768266321,1004,543,-461,-773.5,732.5,41
4.18287937743191,1012,542,-470,-777,741,36
4.18504107220061,1015,543,-472,-779,743.5,35.5
4.1872027669693,1019,543,-476,-781,747.5,33.5
4.189364461738,1021,543,-478,-782,749.5,32.5
4.1915261565067,1021,543,-478,-782,749.5,32.5
4.1936878512754,1023,543,-480,-783,751.5,31.5
4.1958495460441,1021,543,-478,-782,749.5,32.5
4.1980112408128,1007,543,-464,-775,735.5,39.5
4.2001729355815,995,543,-452,-769,723.5,45.5
4.20233463035019,993,543,-450,-768,721.5,46.5
4.20449632511889,1000,543,-457,-771.5,728.5,43
4.20665801988759,1019,543,-476,-781,747.5,33.5
4.20881971465629,1021,543,-478,-782,749.5,32.5
4.21098140942499,1021,543,-478,-782,749.5,32.5
4.21314310419369,1022,543,-479,-782.5,750.5,32
4.21530479896239,1021,543,-478,-782,749.5,32.5
4.21746649373109,1021,543,-478,-782,749.5,32.5
4.21962818849978,1022,543,-479,-782.5,750.5,32
4.22178988326848,1017,543,-474,-780,745.5,34.5
4.22395157803718,1006,543,-463,-774.5,734.5,40
4.22611327280588,995,543,-452,-769,723.5,45.5
4.22827496757458,991,543,-448,-767,719.5,47.5
4.23043666234328,987,543,-444,-765,715.5,49.5
4.23259835711198,995,543,-452,-769,723.5,45.5
4.23476005188067,1000,543,-457,-771.5,728.5,43
4.23692174664937,1009,543,-466,-776,737.5,38.5
4.23908344141807,1023,542,-481,-782.5,752,30.5
4.24124513618677,1021,543,-478,-782,749.5,32.5
4.24340683095547,1021,543,-478,-782,749.5,32.5
4.24556852572417,1021,543,-478,-782,749.5,32.5
4.24773022049287,1022,543,-479,-782.5,750.5,32
4.24989191526157,1022,543,-479,-782.5,750.5,32
4.25205361003026,1021,543,-478,-782,749.5,32.5
4.25421530479896,1017,543,-474,-780,745.5,34.5
4.25637699956766,1008,543,-465,-775.5,736.5,39
4.25853869433636,999,543,-456,-771,727.5,43.5
4.26070038910506,995,543,-452,-769,723.5,45.5
4.26286208387376,1004,543,-461,-773.5,732.5,41
4.26502377864246,1022,543,-479,-782.5,750.5,32
4.26718547341115,1021,543,-478,-782,749.5,32.5
4.26934716817985,1022,543,-479,-782.5,750.5,32
4.27150886294855,1022,543,-479,-782.5,750.5,32
4.27367055771725,1022,543,-479,-782.5,750.5,32
4.27583225248595,1023,543,-480,-783,751.5,31.5
4.27799394725465,1020,542,-478,-781,749,32
4.28015564202335,1021,543,-478,-782,749.5,32.5
4.28231733679204,1023,543,-480,-783,751.5,31.5
4.28447903156074,1020,543,-477,-781.5,748.5,33
4.28664072632944,1021,543,-478,-782,749.5,32.5
4.28880242109814,1020,543,-477,-781.5,748.5,33
4.29096411586684,1020,543,-477,-781.5,748.5,33
4.29312581063554,1022,543,-479,-782.5,750.5,32
4.29528750540424,1020,542,-478,-781,749,32
4.29744920017294,1020,543,-477,-781.5,748.5,33
4.29961089494163,1021,543,-478,-782,749.5,32.5
4.30177258971033,1020,543,-477,-781.5,748.5,33
4.30393428447903,1021,543,-478,-782,749.5,32.5
4.30609597924773,1022,543,-479,-782.5,750.5,32
4.30825767401643,1023,543,-480,-783,751.5,31.5
4.31041936878513,1023,543,-480,-783,751.5,31.5
4.31258106355383,1019,543,-476,-781,747.5,33.5
4.31474275832252,1022,543,-479,-782.5,750.5,32
4.31690445309122,1023,543,-480,-783,751.5,31.5
4.31906614785992,1021,543,-478,-782,749.5,32.5
4.32122784262862,1022,543,-479,-782.5,750.5,32
4.32338953739732,1020,543,-477,-781.5,748.5,33
4.32555123216602,1021,543,-478,-782,749.5,32.5
4.32771292693472,1022,543,-479,-782.5,750.5,32
4.32987462170342,1021,543,-478,-782,749.5,32.5
4.33203631647211,1022,543,-479,-782.5,750.5,32
4.33419801124081,1021,543,-478,-782,749.5,32.5
4.33635970600951,1023,543,-480,-783,751.5,31.5
4.33852140077821,1022,543,-479,-782.5,750.5,32
4.34068309554691,1022,543,-479,-782.5,750.5,32
4.34284479031561,1021,543,-478,-782,749.5,32.5
4.34500648508431,1022,543,-479,-782.5,750.5,32
4.347168179853,1022,543,-479,-782.5,750.5,32
4.3493298746217,1021,543,-478,-782,749.5,32.5
4.3514915693904,1021,543,-478,-782,749.5,32.5
4.3536532641591,1022,543,-479,-782.5,750.5,32
4.3558149589278,1021,543,-478,-782,749.5,32.5
4.3579766536965,1021,543,-478,-782,749.5,32.5
4.3601383484652,1022,543,-479,-782.5,750.5,32
4.36230004323389,1021,543,-478,-782,749.5,32.5
4.36446173800259,1020,543,-477,-781.5,748.5,33
4.36662343277129,1022,543,-479,-782.5,750.5,32
4.36878512753999,1021,543,-478,-782,749.5,32.5
4.37094682230869,1019,543,-476,-781,747.5,33.5
4.37310851707739,1015,543,-472,-779,743.5,35.5
4.37527021184609,1012,543,-469,-777.5,740.5,37
4.37743190661479,1015,543,-472,-779,743.5,35.5
4.37959360138348,1015,543,-472,-779,743.5,35.5
4.38175529615218,1015,543,-472,-779,743.5,35.5
4.38391699092088,1010,543,-467,-776.5,738.5,38
4.38607868568958,1010,543,-467,-776.5,738.5,38
4.38824038045828,1006,543,-463,-774.5,734.5,40
4.39040207522698,999,543,-456,-771,727.5,43.5
4.39256376999568,995,543,-452,-769,723.5,45.5
4.39472546476437,1001,543,-458,-772,729.5,42.5
4.39688715953307,1009,543,-466,-776,737.5,38.5
4.39904885430177,1016,543,-473,-779.5,744.5,35
4.40121054907047,1017,543,-474,-780,745.5,34.5
4.40337224383917,1019,543,-476,-781,747.5,33.5
4.40553393860787,1020,543,-477,-781.5,748.5,33
4.40769563337657,1019,543,-476,-781,747.5,33.5
4.40985732814527,1017,543,-474,-780,745.5,34.5
4.41201902291396,1013,543,-470,-778,741.5,36.5
4.41418071768266,1011,543,-468,-777,739.5,37.5
4.41634241245136,1008,543,-465,-775.5,736.5,39
4.41850410722006,1004,543,-461,-773.5,732.5,41
4.42066580198876,1001,543,-458,-772,729.5,42.5
4.42282749675746,999,543,-456,-771,727.5,43.5
4.42498919152616,1002,542,-460,-772,731,41
4.42715088629485,1000,543,-457,-771.5,728.5,43
4.42931258106355,998,543,-455,-770.5,726.5,44
4.43147427583225,999,543,-456,-771,727.5,43.5
4.43363597060095,993,543,-450,-768,721.5,46.5
4.43579766536965,995,543,-452,-769,723.5,45.5
4.43795936013835,995,543,-452,-769,723.5,45.5
4.44012105490705,992,543,-449,-767.5,720.5,47
4.44228274967575,992,543,-449,-767.5,720.5,47
4.44444444444444,1004,543,-461,-773.5,732.5,41
4.44660613921314,1022,543,-479,-782.5,750.5,32
4.44876783398184,1022,543,-479,-782.5,750.5,32
4.45092952875054,1020,543,-477,-781.5,748.5,33
4.45309122351924,1020,543,-477,-781.5,748.5,33
4.45525291828794,1022,543,-479,-782.5,750.5,32
4.45741461305664,1023,543,-480,-783,751.5,31.5
4.45957630782534,1023,543,-480,-783,751.5,31.5
4.46173800259403,1022,543,-479,-782.5,750.5,32
4.46389969736273,1022,543,-479,-782.5,750.5,32
4.46606139213143,1023,543,-480,-783,751.5,31.5
4.46822308690013,1023,542,-481,-782.5,752,30.5
4.47038478166883,1022,543,-479,-782.5,750.5,32
4.47254647643753,1022,543,-479,-782.5,750.5,32
4.47470817120623,1020,543,-477,-781.5,748.5,33
4.47686986597492,1022,543,-479,-782.5,750.5,32
4.47903156074362,1021,543,-478,-782,749.5,32.5
4.48119325551232,1018,543,-475,-780.5,746.5,34
4.48335495028102,978,543,-435,-760.5,706.5,54
4.48551664504972,958,543,-415,-750.5,686.5,64
4.48767833981842,949,543,-406,-746,677.5,68.5
4.48984003458712,952,543,-409,-747.5,680.5,67
4.49200172935581,963,543,-420,-753,691.5,61.5
4.49416342412451,976,543,-433,-759.5,704.5,55
4.49632511889321,987,543,-444,-765,715.5,49.5
4.49848681366191,993,543,-450,-768,721.5,46.5
4.50064850843061,1001,543,-458,-772,729.5,42.5
4.50281020319931,998,543,-455,-770.5,726.5,44
4.50497189796801,980,542,-438,-761,709,52
4.50713359273671,964,543,-421,-753.5,692.5,61
4.5092952875054,954,542,-412,-748,683,65
4.5114569822741,961,543,-418,-752,689.5,62.5
4.5136186770428,964,542,-422,-753,693,60
4.5157803718115,973,543,-430,-758,701.5,56.5
4.5179420665802,975,543,-432,-759,703.5,55.5
4.5201037613489,984,543,-441,-763.5,712.5,51
4.5222654561176,994,542,-452,-768,723,45
4.52442715088629,1000,543,-457,-771.5,728.5,43
4.52658884565499,1005,543,-462,-774,733.5,40.5
4.52875054042369,1014,543,-471,-778.5,742.5,36
4.53091223519239,1017,543,-474,-780,745.5,34.5
4.53307392996109,1014,543,-471,-778.5,742.5,36
4.53523562472979,1011,543,-468,-777,739.5,37.5
4.53739731949849,1005,543,-462,-774,733.5,40.5
4.53955901426719,997,543,-454,-770,725.5,44.5
4.54172070903588,995,543,-452,-769,723.5,45.5
4.54388240380458,993,543,-450,-768,721.5,46.5
4.54604409857328,997,543,-454,-770,725.5,44.5
4.54820579334198,996,543,-453,-769.5,724.5,45
4.55036748811068,999,543,-456,-771,727.5,43.5
4.55252918287938,1011,543,-468,-777,739.5,37.5
4.55469087764808,1021,543,-478,-782,749.5,32.5
4.55685257241677,1022,542,-480,-782,751,31
4.55901426718547,1022,543,-479,-782.5,750.5,32
4.56117596195417,1022,543,-479,-782.5,750.5,32
4.56333765672287,1022,543,-479,-782.5,750.5,32
4.56549935149157,1021,543,-478,-782,749.5,32.5
4.56766104626027,1019,543,-476,-781,747.5,33.5
4.56982274102897,1009,543,-466,-776,737.5,38.5
4.57198443579767,1002,543,-459,-772.5,730.5,42
4.57414613056636,1004,543,-461,-773.5,732.5,41
4.57630782533506,1011,543,-468,-777,739.5,37.5
4.57846952010376,1021,542,-479,-781.5,750,31.5
4.58063121487246,1021,543,-478,-782,749.5,32.5
4.58279290964116,1022,543,-479,-782.5,750.5,32
4.58495460440986,1022,543,-479,-782.5,750.5,32
4.58711629917856,1020,543,-477,-781.5,748.5,33
4.58927799394725,1020,543,-477,-781.5,748.5,33
4.59143968871595,1022,543,-479,-782.5,750.5,32
4.59360138348465,1022,542,-480,-782,751,31
4.59576307825335,1022,543,-479,-782.5,750.5,32
4.59792477302205,1021,543,-478,-782,749.5,32.5
4.60008646779075,1019,543,-476,-781,747.5,33.5
4.60224816255945,1022,543,-479,-782.5,750.5,32
4.60440985732814,1022,543,-479,-782.5,750.5,32
4.60657155209684,1022,543,-479,-782.5,750.5,32
4.60873324686554,1022,543,-479,-782.5,750.5,32
4.61089494163424,1021,543,-478,-782,749.5,32.5
4.61305663640294,1021,543,-478,-782,749.5,32.5
4.61521833117164,1021,543,-478,-782,749.5,32.5
4.61738002594034,1021,543,-478,-782,749.5,32.5
4.61954172070904,1021,543,-478,-782,749.5,32.5
4.62170341547773,1020,542,-478,-781,749,32
4.62386511024643,1022,543,-479,-782.5,750.5,32
4.62602680501513,1021,543,-478,-782,749.5,32.5
4.62818849978383,1020,543,-477,-781.5,748.5,33
4.63035019455253,1020,542,-478,-781,749,32
4.63251188932123,1021,543,-478,-782,749.5,32.5
4.63467358408993,1021,543,-478,-782,749.5,32.5
4.63683527885862,1022,543,-479,-782.5,750.5,32
4.63899697362732,1020,543,-477,-781.5,748.5,33
4.64115866839602,1019,543,-476,-781,747.5,33.5
4.64332036316472,1022,543,-479,-782.5,750.5,32
4.64548205793342,1021,543,-478,-782,749.5,32.5
4.64764375270212,1023,542,-481,-782.5,752,30.5
4.64980544747082,1022,543,-479,-782.5,750.5,32
4.65196714223952,1020,543,-477,-781.5,748.5,33
4.65412883700821,1021,543,-478,-782,749.5,32.5
4.65629053177691,1021,543,-478,-782,749.5,32.5
4.65845222654561,1022,543,-479,-782.5,750.5,32
4.66061392131431,1021,543,-478,-782,749.5,32.5
4.66277561608301,1021,543,-478,-782,749.5,32.5
4.66493731085171,1021,543,-478,-782,749.5,32.5
4.66709900562041,1020,543,-477,-781.5,748.5,33
4.6692607003891,1021,543,-478,-782,749.5,32.5
4.6714223951578,1022,543,-479,-782.5,750.5,32
4.6735840899265,1023,543,-480,-783,751.5,31.5
4.6757457846952,1022,543,-479,-782.5,750.5,32
4.6779074794639,1023,543,-480,-783,751.5,31.5
4.6800691742326,1023,543,-480,-783,751.5,31.5
4.6822308690013,1022,543,-479,-782.5,750.5,32
4.68439256377,1022,543,-479,-782.5,750.5,32
4.68655425853869,1021,543,-478,-782,749.5,32.5
4.68871595330739,1021,542,-479,-781.5,750,31.5
4.69087764807609,1020,543,-477,-781.5,748.5,33
4.69303934284479,1022,543,-479,-782.5,750.5,32
4.69520103761349,1022,542,-480,-782,751,31
4.69736273238219,1022,543,-479,-782.5,750.5,32
4.69952442715089,1022,543,-479,-782.5,750.5,32
4.70168612191959,1023,543,-480,-783,751.5,31.5
4.70384781668828,1021,543,-478,-782,749.5,32.5
4.70600951145698,1022,543,-479,-782.5,750.5,32
4.70817120622568,1021,543,-478,-782,749.5,32.5
4.71033290099438,1021,543,-478,-782,749.5,32.5
4.71249459576308,1022,543,-479,-782.5,750.5,32
4.71465629053178,1021,543,-478,-782,749.5,32.5
4.71681798530048,1019,543,-476,-781,747.5,33.5
4.71897968006917,1022,543,-479,-782.5,750.5,32
4.72114137483787,1022,543,-479,-782.5,750.5,32
4.72330306960657,1021,543,-478,-782,749.5,32.5
4.72546476437527,1022,543,-479,-782.5,750.5,32
4.72762645914397,1023,543,-480,-783,751.5,31.5
4.72978815391267,1023,542,-481,-782.5,752,30.5
4.73194984868137,1022,543,-479,-782.5,750.5,32
4.73411154345006,1021,543,-478,-782,749.5,32.5
4.73627323821876,1021,543,-478,-782,749.5,32.5
4.73843493298746,1022,542,-480,-782,751,31
4.74059662775616,1006,543,-463,-774.5,734.5,40
4.74275832252486,1002,543,-459,-772.5,730.5,42
4.74492001729356,1007,543,-464,-775,735.5,39.5
4.74708171206226,1019,543,-476,-781,747.5,33.5
4.74924340683096,1022,543,-479,-782.5,750.5,32
4.75140510159965,1021,543,-478,-782,749.5,32.5
4.75356679636835,1021,543,-478,-782,749.5,32.5
4.75572849113705,1023,543,-480,-783,751.5,31.5
4.75789018590575,1023,542,-481,-782.5,752,30.5
4.76005188067445,1014,542,-472,-778,743,35
4.76221357544315,1003,543,-460,-773,731.5,41.5
4.76437527021185,998,543,-455,-770.5,726.5,44
4.76653696498054,999,543,-456,-771,727.5,43.5
4.76869865974924,1003,543,-460,-773,731.5,41.5
4.77086035451794,1008,543,-465,-775.5,736.5,39
4.77302204928664,1005,543,-462,-774,733.5,40.5
4.77518374405534,1004,543,-461,-773.5,732.5,41
4.77734543882404,1004,543,-461,-773.5,732.5,41
4.77950713359274,998,543,-455,-770.5,726.5,44
4.78166882836144,1001,543,-458,-772,729.5,42.5
4.78383052313013,1003,543,-460,-773,731.5,41.5
4.78599221789883,1003,543,-460,-773,731.5,41.5
4.78815391266753,1005,543,-462,-774,733.5,40.5
4.79031560743623,1012,543,-469,-777.5,740.5,37
4.79247730220493,1016,543,-473,-779.5,744.5,35
4.79463899697363,1017,543,-474,-780,745.5,34.5
4.79680069174233,1011,543,-468,-777,739.5,37.5
4.79896238651102,1009,543,-466,-776,737.5,38.5
4.80112408127972,1006,543,-463,-774.5,734.5,40
4.80328577604842,1007,543,-464,-775,735.5,39.5
4.80544747081712,1010,543,-467,-776.5,738.5,38
4.80760916558582,1011,543,-468,-777,739.5,37.5
4.80977086035452,1015,543,-472,-779,743.5,35.5
4.81193255512322,1020,543,-477,-781.5,748.5,33
4.81409424989192,1015,543,-472,-779,743.5,35.5
4.81625594466061,1012,543,-469,-777.5,740.5,37
4.81841763942931,1008,543,-465,-775.5,736.5,39
4.82057933419801,1004,543,-461,-773.5,732.5,41
4.82274102896671,1005,542,-463,-773.5,734,39.5
4.82490272373541,1010,543,-467,-776.5,738.5,38
4.82706441850411,1014,542,-472,-778,743,35
4.82922611327281,1017,543,-474,-780,745.5,34.5
4.8313878080415,1021,543,-478,-782,749.5,32.5
4.8335495028102,1020,543,-477,-781.5,748.5,33
4.8357111975789,1021,543,-478,-782,749.5,32.5
4.8378728923476,1020,543,-477,-781.5,748.5,33
4.8400345871163,1020,543,-477,-781.5,748.5,33
4.842196281885,1022,543,-479,-782.5,750.5,32
4.8443579766537,1022,543,-479,-782.5,750.5,32
4.84651967142239,1023,543,-480,-783,751.5,31.5
4.84868136619109,1023,543,-480,-783,751.5,31.5
4.85084306095979,1021,543,-478,-782,749.5,32.5
4.85300475572849,1020,543,-477,-781.5,748.5,33
4.85516645049719,1019,543,-476,-781,747.5,33.5
4.85732814526589,1013,543,-470,-778,741.5,36.5
4.85948984003459,1008,543,-465,-775.5,736.5,39
4.86165153480329,1002,543,-459,-772.5,730.5,42
4.86381322957198,998,543,-455,-770.5,726.5,44
4.86597492434068,999,543,-456,-771,727.5,43.5
4.86813661910938,1006,543,-463,-774.5,734.5,40
4.87029831387808,1019,543,-476,-781,747.5,33.5
4.87246000864678,1022,543,-479,-782.5,750.5,32
4.87462170341548,1023,543,-480,-783,751.5,31.5
4.87678339818418,1021,543,-478,-782,749.5,32.5
4.87894509295287,1020,543,-477,-781.5,748.5,33
4.88110678772157,1021,543,-478,-782,749.5,32.5
4.88326848249027,1022,543,-479,-782.5,750.5,32
4.88543017725897,1020,543,-477,-781.5,748.5,33
4.88759187202767,1008,543,-465,-775.5,736.5,39
4.88975356679637,1000,543,-457,-771.5,728.5,43
4.89191526156507,1002,543,-459,-772.5,730.5,42
4.89407695633377,1013,543,-470,-778,741.5,36.5
4.89623865110246,1022,543,-479,-782.5,750.5,32
4.89840034587116,1021,543,-478,-782,749.5,32.5
4.90056204063986,1022,543,-479,-782.5,750.5,32
4.90272373540856,1021,543,-478,-782,749.5,32.5
4.90488543017726,1021,542,-479,-781.5,750,31.5
4.90704712494596,1021,543,-478,-782,749.5,32.5
4.90920881971466,1022,543,-479,-782.5,750.5,32
4.91137051448335,1021,543,-478,-782,749.5,32.5
4.91353220925205,1022,543,-479,-782.5,750.5,32
4.91569390402075,1022,543,-479,-782.5,750.5,32
4.91785559878945,1023,543,-480,-783,751.5,31.5
4.92001729355815,1021,543,-478,-782,749.5,32.5
4.92217898832685,1022,543,-479,-782.5,750.5,32
4.92434068309555,1023,543,-480,-783,751.5,31.5
4.92650237786424,1022,542,-480,-782,751,31
4.92866407263294,1023,543,-480,-783,751.5,31.5
4.93082576740164,1023,543,-480,-783,751.5,31.5
4.93298746217034,1023,543,-480,-783,751.5,31.5
4.93514915693904,1022,543,-479,-782.5,750.5,32
4.93731085170774,1023,543,-480,-783,751.5,31.5
4.93947254647644,1023,542,-481,-782.5,752,30.5
4.94163424124514,1021,543,-478,-782,749.5,32.5
4.94379593601384,1021,543,-478,-782,749.5,32.5
4.94595763078253,1021,543,-478,-782,749.5,32.5
4.94811932555123,1021,543,-478,-782,749.5,32.5
4.95028102031993,1022,543,-479,-782.5,750.5,32
4.95244271508863,1022,543,-479,-782.5,750.5,32
4.95460440985733,1021,543,-478,-782,749.5,32.5
4.95676610462603,1021,543,-478,-782,749.5,32.5
4.95892779939473,1023,543,-480,-783,751.5,31.5
4.96108949416342,1021,543,-478,-782,749.5,32.5
4.96325118893212,1022,543,-479,-782.5,750.5,32
4.96541288370082,1022,543,-479,-782.5,750.5,32
4.96757457846952,1021,542,-479,-781.5,750,31.5
4.96973627323822,1021,543,-478,-782,749.5,32.5
4.97189796800692,1021,543,-478,-782,749.5,32.5
4.97405966277562,1021,542,-479,-781.5,750,31.5
4.97622135754431,1022,543,-479,-782.5,750.5,32
4.97838305231301,1022,543,-479,-782.5,750.5,32
4.98054474708171,1023,543,-480,-783,751.5,31.5
4.98270644185041,1021,543,-478,-782,749.5,32.5
4.98486813661911,1019,543,-476,-781,747.5,33.5
4.98702983138781,1014,543,-471,-778.5,742.5,36
4.98919152615651,1013,543,-470,-778,741.5,36.5
4.99135322092521,1013,543,-470,-778,741.5,36.5
4.9935149156939,1016,543,-473,-779.5,744.5,35
4.9956766104626,1018,543,-475,-780.5,746.5,34
4.9978383052313,1016,543,-473,-779.5,744.5,35
5,1015,543,-472,-779,743.5,35.5
5.0021616947687,1016,543,-473,-779.5,744.5,35
5.0043233895374,1019,543,-476,-781,747.5,33.5
5.0064850843061,1021,543,-478,-782,749.5,32.5
5.00864677907479,1021,543,-478,-782,749.5,32.5
5.01080847384349,1017,543,-474,-780,745.5,34.5
5.01297016861219,1013,543,-470,-778,741.5,36.5
5.01513186338089,1004,543,-461,-773.5,732.5,41
5.01729355814959,1007,543,-464,-775,735.5,39.5
5.01945525291829,1005,543,-462,-774,733.5,40.5
5.02161694768699,1005,543,-462,-774,733.5,40.5
5.02377864245569,1000,543,-457,-771.5,728.5,43
5.02594033722438,995,543,-452,-769,723.5,45.5
5.02810203199308,995,543,-452,-769,723.5,45.5
5.03026372676178,995,543,-452,-769,723.5,45.5
5.03242542153048,1001,543,-458,-772,729.5,42.5
5.03458711629918,1010,543,-467,-776.5,738.5,38
5.03674881106788,1022,542,-480,-782,751,31
5.03891050583658,1021,543,-478,-782,749.5,32.5
5.04107220060527,1022,543,-479,-782.5,750.5,32
5.04323389537397,1022,543,-479,-782.5,750.5,32
5.04539559014267,1020,543,-477,-781.5,748.5,33
5.04755728491137,1008,543,-465,-775.5,736.5,39
5.04971897968007,998,543,-455,-770.5,726.5,44
5.05188067444877,991,543,-448,-767,719.5,47.5
5.05404236921747,988,543,-445,-765.5,716.5,49
5.05620406398616,988,543,-445,-765.5,716.5,49
5.05836575875486,993,543,-450,-768,721.5,46.5
5.06052745352356,995,543,-452,-769,723.5,45.5
5.06268914829226,1002,543,-459,-772.5,730.5,42
5.06485084306096,1018,543,-475,-780.5,746.5,34
5.06701253782966,1021,543,-478,-782,749.5,32.5
5.06917423259836,1022,543,-479,-782.5,750.5,32
5.07133592736706,1022,542,-480,-782,751,31
5.07349762213575,1021,543,-478,-782,749.5,32.5
5.07565931690445,1021,543,-478,-782,749.5,32.5
5.07782101167315,1023,543,-480,-783,751.5,31.5
5.07998270644185,1021,542,-479,-781.5,750,31.5
5.08214440121055,1022,543,-479,-782.5,750.5,32
5.08430609597925,1023,543,-480,-783,751.5,31.5
5.08646779074795,1023,543,-480,-783,751.5,31.5
5.08862948551664,1022,543,-479,-782.5,750.5,32
5.09079118028534,1022,543,-479,-782.5,750.5,32
5.09295287505404,1021,543,-478,-782,749.5,32.5
5.09511456982274,1021,543,-478,-782,749.5,32.5
5.09727626459144,1023,543,-480,-783,751.5,31.5
5.09943795936014,1021,543,-478,-782,749.5,32.5
5.10159965412884,1022,543,-479,-782.5,750.5,32
5.10376134889754,993,542,-451,-767.5,722,45.5
5.10592304366623,968,543,-425,-755.5,696.5,59
5.10808473843493,951,543,-408,-747,679.5,67.5
5.11024643320363,942,543,-399,-742.5,670.5,72
5.11240812797233,946,543,-403,-744.5,674.5,70
5.11456982274103,955,543,-412,-749,683.5,65.5
5.11673151750973,962,543,-419,-752.5,690.5,62
5.11889321227843,975,543,-432,-759,703.5,55.5
5.12105490704712,982,543,-439,-762.5,710.5,52
5.12321660181582,991,543,-448,-767,719.5,47.5
5.12537829658452,998,543,-455,-770.5,726.5,44
5.12753999135322,998,543,-455,-770.5,726.5,44
5.12970168612192,995,543,-452,-769,723.5,45.5
5.13186338089062,992,543,-449,-767.5,720.5,47
5.13402507565932,990,543,-447,-766.5,718.5,48
5.13618677042802,986,543,-443,-764.5,714.5,50
5.13834846519671,984,543,-441,-763.5,712.5,51
5.14051015996541,988,543,-445,-765.5,716.5,49
5.14267185473411,991,543,-448,-767,719.5,47.5
5.14483354950281,992,543,-449,-767.5,720.5,47
5.14699524427151,991,543,-448,-767,719.5,47.5
5.14915693904021,997,543,-454,-770,725.5,44.5
5.15131863380891,997,543,-454,-770,725.5,44.5
5.1534803285776,1000,543,-457,-771.5,728.5,43
5.1556420233463,1006,543,-463,-774.5,734.5,40
5.157803718115,1005,543,-462,-774,733.5,40.5
5.1599654128837,1010,543,-467,-776.5,738.5,38
5.1621271076524,1011,543,-468,-777,739.5,37.5
5.1642888024211,1010,543,-467,-776.5,738.5,38
5.1664504971898,1003,543,-460,-773,731.5,41.5
5.16861219195849,1000,543,-457,-771.5,728.5,43
5.17077388672719,1002,543,-459,-772.5,730.5,42
5.17293558149589,1004,543,-461,-773.5,732.5,41
5.17509727626459,1005,543,-462,-774,733.5,40.5
5.17725897103329,1005,543,-462,-774,733.5,40.5
5.17942066580199,1009,543,-466,-776,737.5,38.5
5.18158236057069,1022,543,-479,-782.5,750.5,32
5.18374405533939,1021,543,-478,-782,749.5,32.5
5.18590575010808,1021,543,-478,-782,749.5,32.5
5.18806744487678,1020,543,-477,-781.5,748.5,33
5.19022913964548,1023,542,-481,-782.5,752,30.5
5.19239083441418,1022,543,-479,-782.5,750.5,32
5.19455252918288,1022,543,-479,-782.5,750.5,32
5.19671422395158,1021,543,-478,-782,749.5,32.5
5.19887591872028,1021,543,-478,-782,749.5,32.5
5.20103761348898,1020,543,-477,-781.5,748.5,33
5.20319930825767,1021,543,-478,-782,749.5,32.5
5.20536100302637,1017,543,-474,-780,745.5,34.5
5.20752269779507,1022,543,-479,-782.5,750.5,32
5.20968439256377,1023,543,-480,-783,751.5,31.5
5.21184608733247,1021,543,-478,-782,749.5,32.5
5.21400778210117,1022,543,-479,-782.5,750.5,32
5.21616947686987,1021,543,-478,-782,749.5,32.5
5.21833117163856,1021,543,-478,-782,749.5,32.5
5.22049286640726,1021,543,-478,-782,749.5,32.5
5.22265456117596,1023,543,-480,-783,751.5,31.5
5.22481625594466,1021,543,-478,-782,749.5,32.5
5.22697795071336,1021,543,-478,-782,749.5,32.5
5.22913964548206,1021,543,-478,-782,749.5,32.5
5.23130134025076,1021,543,-478,-782,749.5,32.5
5.23346303501946,1020,543,-477,-781.5,748.5,33
5.23562472978815,1022,543,-479,-782.5,750.5,32
5.23778642455685,1022,543,-479,-782.5,750.5,32
5.23994811932555,1021,543,-478,-782,749.5,32.5
5.24210981409425,1020,543,-477,-781.5,748.5,33
5.24427150886295,1021,543,-478,-782,749.5,32.5
5.24643320363165,1022,543,-479,-782.5,750.5,32
5.24859489840035,1023,543,-480,-783,751.5,31.5
5.25075659316904,1021,543,-478,-782,749.5,32.5
5.25291828793774,1023,542,-481,-782.5,752,30.5
5.25507998270644,1021,543,-478,-782,749.5,32.5
5.25724167747514,1022,543,-479,-782.5,750.5,32
5.25940337224384,1023,543,-480,-783,751.5,31.5
5.26156506701254,1022,543,-479,-782.5,750.5,32
5.26372676178124,1021,543,-478,-782,749.5,32.5
5.26588845654994,1022,543,-479,-782.5,750.5,32
5.26805015131863,1023,543,-480,-783,751.5,31.5
5.27021184608733,1022,543,-479,-782.5,750.5,32
5.27237354085603,1021,543,-478,-782,749.5,32.5
5.27453523562473,1022,543,-479,-782.5,750.5,32
5.27669693039343,1020,543,-477,-781.5,748.5,33
5.27885862516213,1022,543,-479,-782.5,750.5,32
5.28102031993083,1022,543,-479,-782.5,750.5,32
5.28318201469952,1022,543,-479,-782.5,750.5,32
5.28534370946822,1022,543,-479,-782.5,750.5,32
5.28750540423692,1021,543,-478,-782,749.5,32.5
5.28966709900562,1022,543,-479,-782.5,750.5,32
5.29182879377432,1021,543,-478,-782,749.5,32.5
5.29399048854302,1021,543,-478,-782,749.5,32.5
5.29615218331172,1022,543,-479,-782.5,750.5,32
5.29831387808041,1021,543,-478,-782,749.5,32.5
5.30047557284911,1022,543,-479,-782.5,750.5,32
5.30263726761781,1023,542,-481,-782.5,752,30.5
5.30479896238651,1023,543,-480,-783,751.5,31.5
5.30696065715521,1022,543,-479,-782.5,750.5,32
5.30912235192391,1021,543,-478,-782,749.5,32.5
5.31128404669261,1023,543,-480,-783,751.5,31.5
5.31344574146131,1021,543,-478,-782,749.5,32.5
5.31560743623,1023,543,-480,-783,751.5,31.5
5.3177691309987,1021,543,-478,-782,749.5,32.5
5.3199308257674,1022,543,-479,-782.5,750.5,32
5.3220925205361,1021,543,-478,-782,749.5,32.5
5.3242542153048,1020,543,-477,-781.5,748.5,33
5.3264159100735,1021,543,-478,-782,749.5,32.5
5.3285776048422,1023,543,-480,-783,751.5,31.5
5.33073929961089,1021,543,-478,-782,749.5,32.5
5.33290099437959,1022,543,-479,-782.5,750.5,32
5.33506268914829,1022,543,-479,-782.5,750.5,32
5.33722438391699,1022,543,-479,-782.5,750.5,32
5.33938607868569,1022,543,-479,-782.5,750.5,32
5.34154777345439,1023,543,-480,-783,751.5,31.5
5.34370946822309,1022,543,-479,-782.5,750.5,32
5.34587116299179,1022,543,-479,-782.5,750.5,32
5.34803285776048,1021,543,-478,-782,749.5,32.5
5.35019455252918,1021,543,-478,-782,749.5,32.5
5.35235624729788,1022,543,-479,-782.5,750.5,32
5.35451794206658,1022,543,-479,-782.5,750.5,32
5.35667963683528,1022,543,-479,-782.5,750.5,32
5.35884133160398,1021,543,-478,-782,749.5,32.5
5.36100302637268,1021,543,-478,-782,749.5,32.5
5.36316472114137,1018,543,-475,-780.5,746.5,34
5.36532641591007,1019,543,-476,-781,747.5,33.5
5.36748811067877,1019,543,-476,-781,747.5,33.5
5.36964980544747,1014,543,-471,-778.5,742.5,36
5.37181150021617,1013,543,-470,-778,741.5,36.5
5.37397319498487,1015,543,-472,-779,743.5,35.5
5.37613488975357,1017,543,-474,-780,745.5,34.5
5.37829658452227,1022,543,-479,-782.5,750.5,32
5.38045827929096,1021,543,-478,-782,749.5,32.5
5.38261997405966,1016,543,-473,-779.5,744.5,35
5.38478166882836,1009,543,-466,-776,737.5,38.5
5.38694336359706,1007,543,-464,-775,735.5,39.5
5.38910505836576,1008,543,-465,-775.5,736.5,39
5.39126675313446,1010,543,-467,-776.5,738.5,38
5.39342844790316,1010,543,-467,-776.5,738.5,38
5.39559014267185,1006,543,-463,-774.5,734.5,40
5.39775183744055,1006,543,-463,-774.5,734.5,40
5.39991353220925,1005,543,-462,-774,733.5,40.5
5.40207522697795,1009,543,-466,-776,737.5,38.5
5.40423692174665,1010,542,-468,-776,739,37
5.40639861651535,1009,543,-466,-776,737.5,38.5
5.40856031128405,1013,543,-470,-778,741.5,36.5
5.41072200605274,1014,543,-471,-778.5,742.5,36
5.41288370082144,1007,543,-464,-775,735.5,39.5
5.41504539559014,1000,542,-458,-771,729,42
5.41720709035884,999,543,-456,-771,727.5,43.5
5.41936878512754,995,543,-452,-769,723.5,45.5
5.42153047989624,993,542,-451,-767.5,722,45.5
5.42369217466494,1002,543,-459,-772.5,730.5,42
5.42585386943364,1011,543,-468,-777,739.5,37.5
5.42801556420233,1018,543,-475,-780.5,746.5,34
5.43017725897103,1020,543,-477,-781.5,748.5,33
5.43233895373973,1021,543,-478,-782,749.5,32.5
5.43450064850843,1021,543,-478,-782,749.5,32.5
5.43666234327713,1022,543,-479,-782.5,750.5,32
5.43882403804583,1020,543,-477,-781.5,748.5,33
5.44098573281453,1021,543,-478,-782,749.5,32.5
5.44314742758322,1022,543,-479,-782.5,750.5,32
5.44530912235192,1021,543,-478,-782,749.5,32.5
5.44747081712062,1019,543,-476,-781,747.5,33.5
5.44963251188932,1019,543,-476,-781,747.5,33.5
5.45179420665802,1016,543,-473,-779.5,744.5,35
5.45395590142672,1015,543,-472,-779,743.5,35.5
5.45611759619542,1008,543,-465,-775.5,736.5,39
5.45827929096412,1003,543,-460,-773,731.5,41.5
5.46044098573281,1003,543,-460,-773,731.5,41.5
5.46260268050151,1011,543,-468,-777,739.5,37.5
5.46476437527021,1021,543,-478,-782,749.5,32.5
5.46692607003891,1021,543,-478,-782,749.5,32.5
5.46908776480761,1021,543,-478,-782,749.5,32.5
5.47124945957631,1021,543,-478,-782,749.5,32.5
5.47341115434501,1019,543,-476,-781,747.5,33.5
5.47557284911371,1021,543,-478,-782,749.5,32.5
5.4777345438824,1021,543,-478,-782,749.5,32.5
5.4798962386511,1021,543,-478,-782,749.5,32.5
5.4820579334198,1020,543,-477,-781.5,748.5,33
5.4842196281885,1020,542,-478,-781,749,32
5.4863813229572,1021,543,-478,-782,749.5,32.5
5.4885430177259,1021,543,-478,-782,749.5,32.5
5.4907047124946,1023,543,-480,-783,751.5,31.5
5.49286640726329,1022,543,-479,-782.5,750.5,32
5.49502810203199,1021,543,-478,-782,749.5,32.5
5.49718979680069,1020,543,-477,-781.5,748.5,33
5.49935149156939,1022,543,-479,-782.5,750.5,32
5.50151318633809,1021,543,-478,-782,749.5,32.5
5.50367488110679,1017,543,-474,-780,745.5,34.5
5.50583657587549,1011,543,-468,-777,739.5,37.5
5.50799827064419,1008,543,-465,-775.5,736.5,39
5.51015996541288,1004,542,-462,-773,733,40
5.51232166018158,1005,543,-462,-774,733.5,40.5
5.51448335495028,1022,543,-479,-782.5,750.5,32
5.51664504971898,1021,543,-478,-782,749.5,32.5
5.51880674448768,1022,543,-479,-782.5,750.5,32
5.52096843925638,1022,543,-479,-782.5,750.5,32
5.52313013402508,1019,543,-476,-781,747.5,33.5
5.52529182879377,1020,543,-477,-781.5,748.5,33
5.52745352356247,1022,543,-479,-782.5,750.5,32
5.52961521833117,1022,542,-480,-782,751,31
5.53177691309987,1023,543,-480,-783,751.5,31.5
5.53393860786857,1022,543,-479,-782.5,750.5,32
5.53610030263727,1021,543,-478,-782,749.5,32.5
5.53826199740597,1022,543,-479,-782.5,750.5,32
5.54042369217466,1022,542,-480,-782,751,31
5.54258538694336,1020,543,-477,-781.5,748.5,33
5.54474708171206,1021,543,-478,-782,749.5,32.5
5.54690877648076,1022,543,-479,-782.5,750.5,32
5.54907047124946,1020,543,-477,-781.5,748.5,33
5.55123216601816,1022,543,-479,-782.5,750.5,32
5.55339386078686,1022,543,-479,-782.5,750.5,32
5.55555555555556,1022,543,-479,-782.5,750.5,32
5.55771725032425,1021,543,-478,-782,749.5,32.5
5.55987894509295,1021,543,-478,-782,749.5,32.5
5.56204063986165,1019,543,-476,-781,747.5,33.5
5.56420233463035,1022,543,-479,-782.5,750.5,32
5.56636402939905,1019,543,-476,-781,747.5,33.5
5.56852572416775,1021,543,-478,-782,749.5,32.5
5.57068741893645,1023,543,-480,-783,751.5,31.5
5.57284911370514,1023,543,-480,-783,751.5,31.5
5.57501080847384,1021,543,-478,-782,749.5,32.5
5.57717250324254,1021,543,-478,-782,749.5,32.5
5.57933419801124,1021,543,-478,-782,749.5,32.5
5.58149589277994,1021,542,-479,-781.5,750,31.5
5.58365758754864,1022,543,-479,-782.5,750.5,32
5.58581928231734,1022,543,-479,-782.5,750.5,32
5.58798097708604,1019,543,-476,-781,747.5,33.5
5.59014267185473,1022,543,-479,-782.5,750.5,32
5.59230436662343,1021,543,-478,-782,749.5,32.5
5.59446606139213,1021,543,-478,-782,749.5,32.5
5.59662775616083,1020,543,-477,-781.5,748.5,33
5.59878945092953,1020,543,-477,-781.5,748.5,33
5.60095114569823,1022,542,-480,-782,751,31
5.60311284046693,1019,543,-476,-781,747.5,33.5
5.60527453523562,1008,543,-465,-775.5,736.5,39
5.60743623000432,1004,542,-462,-773,733,40
5.60959792477302,1000,543,-457,-771.5,728.5,43
5.61175961954172,995,543,-452,-769,723.5,45.5
5.61392131431042,998,543,-455,-770.5,726.5,44
5.61608300907912,1008,543,-465,-775.5,736.5,39
5.61824470384782,1019,543,-476,-781,747.5,33.5
5.62040639861651,1022,543,-479,-782.5,750.5,32
5.62256809338521,1021,543,-478,-782,749.5,32.5
5.62472978815391,1022,543,-479,-782.5,750.5,32
5.62689148292261,1017,543,-474,-780,745.5,34.5
5.62905317769131,1019,543,-476,-781,747.5,33.5
5.63121487246001,1015,543,-472,-779,743.5,35.5
5.63337656722871,1016,543,-473,-779.5,744.5,35
5.63553826199741,1018,542,-476,-780,747,33
5.6376999567661,1020,542,-478,-781,749,32
5.6398616515348,1022,543,-479,-782.5,750.5,32
5.6420233463035,1020,543,-477,-781.5,748.5,33
5.6441850410722,1022,543,-479,-782.5,750.5,32
5.6463467358409,1020,543,-477,-781.5,748.5,33
5.6485084306096,1006,542,-464,-774,735,39
5.6506701253783,1003,543,-460,-773,731.5,41.5
5.65283182014699,1002,543,-459,-772.5,730.5,42
5.65499351491569,1006,543,-463,-774.5,734.5,40
5.65715520968439,1011,543,-468,-777,739.5,37.5
5.65931690445309,1013,543,-470,-778,741.5,36.5
5.66147859922179,1009,543,-466,-776,737.5,38.5
5.66364029399049,1004,543,-461,-773.5,732.5,41
5.66580198875919,1002,543,-459,-772.5,730.5,42
5.66796368352789,1000,543,-457,-771.5,728.5,43
5.67012537829658,1002,543,-459,-772.5,730.5,42
5.67228707306528,1004,543,-461,-773.5,732.5,41
5.67444876783398,1008,542,-466,-775,737,38
5.67661046260268,1006,542,-464,-774,735,39
5.67877215737138,1011,543,-468,-777,739.5,37.5
5.68093385214008,1018,543,-475,-780.5,746.5,34
5.68309554690878,1021,543,-478,-782,749.5,32.5
5.68525724167747,1022,543,-479,-782.5,750.5,32
5.68741893644617,1023,543,-480,-783,751.5,31.5
5.68958063121487,1022,543,-479,-782.5,750.5,32
5.69174232598357,1022,543,-479,-782.5,750.5,32
5.69390402075227,1022,543,-479,-782.5,750.5,32
5.69606571552097,1021,543,-478,-782,749.5,32.5
5.69822741028967,1021,543,-478,-782,749.5,32.5
5.70038910505837,1023,543,-480,-783,751.5,31.5
5.70255079982706,1021,543,-478,-782,749.5,32.5
5.70471249459576,1021,543,-478,-782,749.5,32.5
5.70687418936446,1022,543,-479,-782.5,750.5,32
5.70903588413316,1021,543,-478,-782,749.5,32.5
5.71119757890186,1021,543,-478,-782,749.5,32.5
5.71335927367056,1022,543,-479,-782.5,750.5,32
5.71552096843926,1022,543,-479,-782.5,750.5,32
5.71768266320796,1010,543,-467,-776.5,738.5,38
5.71984435797665,979,543,-436,-761,707.5,53.5
5.72200605274535,958,543,-415,-750.5,686.5,64
5.72416774751405,949,543,-406,-746,677.5,68.5
5.72632944228275,953,543,-410,-748,681.5,66.5
5.72849113705145,965,543,-422,-754,693.5,60.5
5.73065283182015,981,543,-438,-762,709.5,52.5
5.73281452658885,995,543,-452,-769,723.5,45.5
5.73497622135754,1001,543,-458,-772,729.5,42.5
5.73713791612624,1001,543,-458,-772,729.5,42.5
5.73929961089494,992,543,-449,-767.5,720.5,47
5.74146130566364,987,543,-444,-765,715.5,49.5
5.74362300043234,984,543,-441,-763.5,712.5,51
5.74578469520104,987,543,-444,-765,715.5,49.5
5.74794638996974,986,543,-443,-764.5,714.5,50
5.75010808473843,988,543,-445,-765.5,716.5,49
5.75226977950713,989,543,-446,-766,717.5,48.5
5.75443147427583,988,543,-445,-765.5,716.5,49
5.75659316904453,995,543,-452,-769,723.5,45.5
5.75875486381323,998,542,-456,-770,727,43
5.76091655858193,1005,543,-462,-774,733.5,40.5
5.76307825335063,1000,543,-457,-771.5,728.5,43
5.76523994811933,994,543,-451,-768.5,722.5,46
5.76740164288802,991,543,-448,-767,719.5,47.5
5.76956333765672,987,543,-444,-765,715.5,49.5
5.77172503242542,995,543,-452,-769,723.5,45.5
5.77388672719412,1010,542,-468,-776,739,37
5.77604842196282,1019,543,-476,-781,747.5,33.5
5.77821011673152,1021,543,-478,-782,749.5,32.5
5.78037181150022,1018,543,-475,-780.5,746.5,34
5.78253350626891,1015,543,-472,-779,743.5,35.5
5.78469520103761,1006,542,-464,-774,735,39
5.78685689580631,995,543,-452,-769,723.5,45.5
5.78901859057501,991,543,-448,-767,719.5,47.5
5.79118028534371,994,543,-451,-768.5,722.5,46
5.79334198011241,1003,543,-460,-773,731.5,41.5
5.79550367488111,1017,543,-474,-780,745.5,34.5
5.79766536964981,1021,543,-478,-782,749.5,32.5
5.7998270644185,1020,543,-477,-781.5,748.5,33
5.8019887591872,1020,542,-478,-781,749,32
5.8041504539559,1022,543,-479,-782.5,750.5,32
5.8063121487246,1022,543,-479,-782.5,750.5,32
5.8084738434933,1023,543,-480,-783,751.5,31.5
5.810635538262,1023,543,-480,-783,751.5,31.5
5.8127972330307,1018,543,-475,-780.5,746.5,34
5.81495892779939,1010,543,-467,-776.5,738.5,38
5.81712062256809,1005,543,-462,-774,733.5,40.5
5.81928231733679,1002,543,-459,-772.5,730.5,42
5.82144401210549,1014,543,-471,-778.5,742.5,36
5.82360570687419,1022,543,-479,-782.5,750.5,32
5.82576740164289,1021,543,-478,-782,749.5,32.5
5.82792909641159,1021,542,-479,-781.5,750,31.5
5.83009079118029,1020,543,-477,-781.5,748.5,33
5.83225248594898,1022,542,-480,-782,751,31
5.83441418071768,1021,543,-478,-782,749.5,32.5
5.83657587548638,1020,543,-477,-781.5,748.5,33
5.83873757025508,1022,543,-479,-782.5,750.5,32
5.84089926502378,1022,543,-479,-782.5,750.5,32
5.84306095979248,1020,543,-477,-781.5,748.5,33
5.84522265456118,1022,543,-479,-782.5,750.5,32
5.84738434932987,1021,543,-478,-782,749.5,32.5
5.84954604409857,1021,542,-479,-781.5,750,31.5
5.85170773886727,1020,543,-477,-781.5,748.5,33
5.85386943363597,1022,543,-479,-782.5,750.5,32
5.85603112840467,1022,543,-479,-782.5,750.5,32
5.85819282317337,1022,543,-479,-782.5,750.5,32
5.86035451794207,1022,543,-479,-782.5,750.5,32
5.86251621271076,1022,543,-479,-782.5,750.5,32
5.86467790747946,1020,543,-477,-781.5,748.5,33
5.86683960224816,1022,543,-479,-782.5,750.5,32
5.86900129701686,1021,543,-478,-782,749.5,32.5
5.87116299178556,1019,543,-476,-781,747.5,33.5
5.87332468655426,1022,543,-479,-782.5,750.5,32
5.87548638132296,1022,543,-479,-782.5,750.5,32
5.87764807609166,1021,543,-478,-782,749.5,32.5
5.87980977086035,1022,543,-479,-782.5,750.5,32
5.88197146562905,1020,543,-477,-781.5,748.5,33
5.88413316039775,1022,543,-479,-782.5,750.5,32
5.88629485516645,1022,543,-479,-782.5,750.5,32
5.88845654993515,1022,543,-479,-782.5,750.5,32
5.89061824470385,1023,543,-480,-783,751.5,31.5
5.89277993947255,1023,542,-481,-782.5,752,30.5
5.89494163424124,1020,543,-477,-781.5,748.5,33
5.89710332900994,1021,543,-478,-782,749.5,32.5
5.89926502377864,1021,543,-478,-782,749.5,32.5
5.90142671854734,1022,543,-479,-782.5,750.5,32
5.90358841331604,1021,543,-478,-782,749.5,32.5
5.90575010808474,1021,543,-478,-782,749.5,32.5
5.90791180285344,1022,543,-479,-782.5,750.5,32
5.91007349762214,1021,543,-478,-782,749.5,32.5
5.91223519239083,1021,543,-478,-782,749.5,32.5
5.91439688715953,1022,543,-479,-782.5,750.5,32
5.91655858192823,1021,543,-478,-782,749.5,32.5
5.91872027669693,1020,542,-478,-781,749,32
5.92088197146563,1022,543,-479,-782.5,750.5,32
5.92304366623433,1023,543,-480,-783,751.5,31.5
5.92520536100303,1022,543,-479,-782.5,750.5,32
5.92736705577172,1021,543,-478,-782,749.5,32.5
5.92952875054042,1023,543,-480,-783,751.5,31.5
5.93169044530912,1021,543,-478,-782,749.5,32.5
5.93385214007782,1021,543,-478,-782,749.5,32.5
5.93601383484652,1021,543,-478,-782,749.5,32.5
5.93817552961522,1021,543,-478,-782,749.5,32.5
5.94033722438392,1021,543,-478,-782,749.5,32.5
5.94249891915261,1021,543,-478,-782,749.5,32.5
5.94466061392131,1023,543,-480,-783,751.5,31.5
5.94682230869001,1022,543,-479,-782.5,750.5,32
5.94898400345871,1019,543,-476,-781,747.5,33.5
5.95114569822741,1023,543,-480,-783,751.5,31.5
5.95330739299611,1023,542,-481,-782.5,752,30.5
5.95546908776481,1022,543,-479,-782.5,750.5,32
5.95763078253351,1022,543,-479,-782.5,750.5,32
5.95979247730221,1021,543,-478,-782,749.5,32.5
5.9619541720709,1023,543,-480,-783,751.5,31.5
5.9641158668396,1023,542,-481,-782.5,752,30.5
5.9662775616083,1023,543,-480,-783,751.5,31.5
5.968439256377,1021,543,-478,-782,749.5,32.5
5.9706009511457,1022,543,-479,-782.5,750.5,32
5.9727626459144,1021,543,-478,-782,749.5,32.5
5.9749243406831,1022,542,-480,-782,751,31
5.97708603545179,1022,543,-479,-782.5,750.5,32
5.97924773022049,1018,543,-475,-780.5,746.5,34
5.98140942498919,1010,542,-468,-776,739,37
5.98357111975789,1004,543,-461,-773.5,732.5,41
5.98573281452659,1010,543,-467,-776.5,738.5,38
5.98789450929529,1017,542,-475,-779.5,746,33.5
5.99005620406399,1021,543,-478,-782,749.5,32.5
5.99221789883268,1022,543,-479,-782.5,750.5,32
5.99437959360138,1021,543,-478,-782,749.5,32.5
5.99654128837008,1015,543,-472,-779,743.5,35.5
5.99870298313878,1009,543,-466,-776,737.5,38.5
6.00086467790748,1006,542,-464,-774,735,39
6.00302637267618,999,543,-456,-771,727.5,43.5
6.00518806744488,1000,543,-457,-771.5,728.5,43
6.00734976221358,1001,543,-458,-772,729.5,42.5
6.00951145698227,1010,542,-468,-776,739,37
6.01167315175097,1016,543,-473,-779.5,744.5,35
6.01383484651967,1019,543,-476,-781,747.5,33.5
6.01599654128837,1021,543,-478,-782,749.5,32.5
6.01815823605707,1011,543,-468,-777,739.5,37.5
6.02031993082577,1007,543,-464,-775,735.5,39.5
6.02248162559447,1012,543,-469,-777.5,740.5,37
6.02464332036316,1020,543,-477,-781.5,748.5,33
6.02680501513186,1022,543,-479,-782.5,750.5,32
6.02896670990056,1018,543,-475,-780.5,746.5,34
6.03112840466926,1010,543,-467,-776.5,738.5,38
6.03329009943796,1006,543,-463,-774.5,734.5,40
6.03545179420666,1009,543,-466,-776,737.5,38.5
6.03761348897536,1008,543,-465,-775.5,736.5,39
6.03977518374406,1008,543,-465,-775.5,736.5,39
6.04193687851275,1012,543,-469,-777.5,740.5,37
6.04409857328145,1009,543,-466,-776,737.5,38.5
6.04626026805015,1005,543,-462,-774,733.5,40.5
6.04842196281885,1005,543,-462,-774,733.5,40.5
6.05058365758755,1011,543,-468,-777,739.5,37.5
6.05274535235625,1019,543,-476,-781,747.5,33.5
6.05490704712495,1020,543,-477,-781.5,748.5,33
6.05706874189364,1021,543,-478,-782,749.5,32.5
6.05923043666234,1021,543,-478,-782,749.5,32.5
6.06139213143104,1017,543,-474,-780,745.5,34.5
6.06355382619974,1011,543,-468,-777,739.5,37.5
6.06571552096844,1013,543,-470,-778,741.5,36.5
6.06787721573714,1020,543,-477,-781.5,748.5,33
6.07003891050584,1017,543,-474,-780,745.5,34.5
6.07220060527453,1018,542,-476,-780,747,33
6.07436230004323,1014,543,-471,-778.5,742.5,36
6.07652399481193,1014,543,-471,-778.5,742.5,36
6.07868568958063,1008,543,-465,-775.5,736.5,39
6.08084738434933,1005,542,-463,-773.5,734,39.5
6.08300907911803,1012,543,-469,-777.5,740.5,37
6.08517077388673,1023,543,-480,-783,751.5,31.5
6.08733246865543,1021,543,-478,-782,749.5,32.5
6.08949416342412,1022,543,-479,-782.5,750.5,32
6.09165585819282,1022,543,-479,-782.5,750.5,32
6.09381755296152,1023,542,-481,-782.5,752,30.5
6.09597924773022,1023,543,-480,-783,751.5,31.5
6.09814094249892,1022,543,-479,-782.5,750.5,32
6.10030263726762,1022,543,-479,-782.5,750.5,32
6.10246433203632,1021,543,-478,-782,749.5,32.5
6.10462602680501,1021,543,-478,-782,749.5,32.5
6.10678772157371,1023,542,-481,-782.5,752,30.5
6.10894941634241,1021,543,-478,-782,749.5,32.5
6.11111111111111,1023,542,-481,-782.5,752,30.5
6.11327280587981,1021,543,-478,-782,749.5,32.5
6.11543450064851,1020,543,-477,-781.5,748.5,33
6.11759619541721,1022,542,-480,-782,751,31
6.11975789018591,1023,543,-480,-783,751.5,31.5
6.1219195849546,1022,542,-480,-782,751,31
6.1240812797233,1022,543,-479,-782.5,750.5,32
6.126242974492,1022,543,-479,-782.5,750.5,32
6.1284046692607,1021,543,-478,-782,749.5,32.5
6.1305663640294,1022,543,-479,-782.5,750.5,32
6.1327280587981,1022,543,-479,-782.5,750.5,32
6.1348897535668,1023,542,-481,-782.5,752,30.5
6.13705144833549,1021,543,-478,-782,749.5,32.5
6.13921314310419,1022,543,-479,-782.5,750.5,32
6.14137483787289,1021,543,-478,-782,749.5,32.5
6.14353653264159,1022,543,-479,-782.5,750.5,32
6.14569822741029,1022,543,-479,-782.5,750.5,32
6.14785992217899,1022,542,-480,-782,751,31
6.15002161694769,1021,543,-478,-782,749.5,32.5
6.15218331171639,1022,543,-479,-782.5,750.5,32
6.15434500648508,1021,543,-478,-782,749.5,32.5
6.15650670125378,1021,543,-478,-782,749.5,32.5
6.15866839602248,1022,543,-479,-782.5,750.5,32
6.16083009079118,1022,543,-479,-782.5,750.5,32
6.16299178555988,1023,543,-480,-783,751.5,31.5
6.16515348032858,1022,543,-479,-782.5,750.5,32
6.16731517509728,1022,543,-479,-782.5,750.5,32
6.16947686986597,1021,543,-478,-782,749.5,32.5
6.17163856463467,1022,543,-479,-782.5,750.5,32
6.17380025940337,1022,543,-479,-782.5,750.5,32
6.17596195417207,1021,543,-478,-782,749.5,32.5
6.17812364894077,1021,543,-478,-782,749.5,32.5
6.18028534370947,1022,543,-479,-782.5,750.5,32
6.18244703847817,1021,543,-478,-782,749.5,32.5
6.18460873324686,1021,543,-478,-782,749.5,32.5
6.18677042801556,1022,543,-479,-782.5,750.5,32
6.18893212278426,1021,543,-478,-782,749.5,32.5
6.19109381755296,1021,543,-478,-782,749.5,32.5
6.19325551232166,1022,543,-479,-782.5,750.5,32
6.19541720709036,1022,543,-479,-782.5,750.5,32
6.19757890185906,1022,543,-479,-782.5,750.5,32
6.19974059662776,1023,543,-480,-783,751.5,31.5
6.20190229139645,1021,543,-478,-782,749.5,32.5
6.20406398616515,1021,543,-478,-782,749.5,32.5
6.20622568093385,1021,543,-478,-782,749.5,32.5
6.20838737570255,1022,543,-479,-782.5,750.5,32
6.21054907047125,1021,543,-478,-782,749.5,32.5
6.21271076523995,1021,542,-479,-781.5,750,31.5
6.21487246000865,1020,543,-477,-781.5,748.5,33
6.21703415477735,1017,543,-474,-780,745.5,34.5
6.21919584954604,1019,543,-476,-781,747.5,33.5
6.22135754431474,1022,543,-479,-782.5,750.5,32
6.22351923908344,1022,543,-479,-782.5,750.5,32
6.22568093385214,1019,543,-476,-781,747.5,33.5
6.22784262862084,1022,543,-479,-782.5,750.5,32
6.23000432338954,1022,543,-479,-782.5,750.5,32
6.23216601815824,1019,543,-476,-781,747.5,33.5
6.23432771292693,1016,543,-473,-779.5,744.5,35
6.23648940769563,1009,543,-466,-776,737.5,38.5
6.23865110246433,1005,543,-462,-774,733.5,40.5
6.24081279723303,1001,543,-458,-772,729.5,42.5
6.24297449200173,1000,543,-457,-771.5,728.5,43
6.24513618677043,1003,543,-460,-773,731.5,41.5
6.24729788153913,1015,543,-472,-779,743.5,35.5
6.24945957630783,1022,543,-479,-782.5,750.5,32
6.25162127107652,1020,543,-477,-781.5,748.5,33
6.25378296584522,1022,543,-479,-782.5,750.5,32
6.25594466061392,1020,542,-478,-781,749,32
6.25810635538262,1020,542,-478,-781,749,32
6.26026805015132,1022,542,-480,-782,751,31
6.26242974492002,1019,543,-476,-781,747.5,33.5
6.26459143968872,1009,543,-466,-776,737.5,38.5
6.26675313445741,997,543,-454,-770,725.5,44.5
6.26891482922611,992,543,-449,-767.5,720.5,47
6.27107652399481,993,543,-450,-768,721.5,46.5
6.27323821876351,995,543,-452,-769,723.5,45.5
6.27539991353221,1004,543,-461,-773.5,732.5,41
6.27756160830091,1007,543,-464,-775,735.5,39.5
6.27972330306961,1013,543,-470,-778,741.5,36.5
6.28188499783831,1020,542,-478,-781,749,32
6.284046692607,1021,543,-478,-782,749.5,32.5
6.2862083873757,1023,543,-480,-783,751.5,31.5
6.2883700821444,1019,543,-476,-781,747.5,33.5
6.2905317769131,1022,543,-479,-782.5,750.5,32
6.2926934716818,1023,543,-480,-783,751.5,31.5
6.2948551664505,1022,543,-479,-782.5,750.5,32
6.2970168612192,1021,543,-478,-782,749.5,32.5
6.29917855598789,1020,543,-477,-781.5,748.5,33
6.30134025075659,1022,543,-479,-782.5,750.5,32
6.30350194552529,1022,543,-479,-782.5,750.5,32
6.30566364029399,1023,543,-480,-783,751.5,31.5
6.30782533506269,1023,543,-480,-783,751.5,31.5
6.30998702983139,1022,543,-479,-782.5,750.5,32
6.31214872460009,1022,543,-479,-782.5,750.5,32
6.31431041936878,1022,543,-479,-782.5,750.5,32
6.31647211413748,1020,542,-478,-781,749,32
6.31863380890618,1021,543,-478,-782,749.5,32.5
6.32079550367488,1021,543,-478,-782,749.5,32.5
6.32295719844358,1023,543,-480,-783,751.5,31.5
6.32511889321228,1007,543,-464,-775,735.5,39.5
6.32728058798098,987,543,-444,-765,715.5,49.5
6.32944228274968,981,542,-439,-761.5,710,51.5
6.33160397751837,979,543,-436,-761,707.5,53.5
6.33376567228707,986,543,-443,-764.5,714.5,50
6.33592736705577,987,543,-444,-765,715.5,49.5
6.33808906182447,989,543,-446,-766,717.5,48.5
6.34025075659317,988,543,-445,-765.5,716.5,49
6.34241245136187,982,543,-439,-762.5,710.5,52
6.34457414613057,983,543,-440,-763,711.5,51.5
6.34673584089926,982,543,-439,-762.5,710.5,52
6.34889753566796,990,543,-447,-766.5,718.5,48
6.35105923043666,993,543,-450,-768,721.5,46.5
6.35322092520536,1003,543,-460,-773,731.5,41.5
6.35538261997406,1008,543,-465,-775.5,736.5,39
6.35754431474276,1009,543,-466,-776,737.5,38.5
6.35970600951146,1005,543,-462,-774,733.5,40.5
6.36186770428016,1003,543,-460,-773,731.5,41.5
6.36402939904885,999,543,-456,-771,727.5,43.5
6.36619109381755,997,543,-454,-770,725.5,44.5
6.36835278858625,998,543,-455,-770.5,726.5,44
6.37051448335495,993,543,-450,-768,721.5,46.5
6.37267617812365,987,543,-444,-765,715.5,49.5
6.37483787289235,989,543,-446,-766,717.5,48.5
6.37699956766105,995,543,-452,-769,723.5,45.5
6.37916126242974,1003,543,-460,-773,731.5,41.5
6.38132295719844,1014,543,-471,-778.5,742.5,36
6.38348465196714,1022,543,-479,-782.5,750.5,32
6.38564634673584,1021,543,-478,-782,749.5,32.5
6.38780804150454,1022,543,-479,-782.5,750.5,32
6.38996973627324,1021,543,-478,-782,749.5,32.5
6.39213143104194,1020,542,-478,-781,749,32
6.39429312581064,1018,543,-475,-780.5,746.5,34
6.39645482057933,1019,543,-476,-781,747.5,33.5
6.39861651534803,1019,543,-476,-781,747.5,33.5
6.40077821011673,1017,543,-474,-780,745.5,34.5
6.40293990488543,1016,543,-473,-779.5,744.5,35
6.40510159965413,1016,543,-473,-779.5,744.5,35
6.40726329442283,1021,543,-478,-782,749.5,32.5
6.40942498919153,1021,543,-478,-782,749.5,32.5
6.41158668396022,1021,543,-478,-782,749.5,32.5
6.41374837872892,1023,542,-481,-782.5,752,30.5
6.41591007349762,1020,543,-477,-781.5,748.5,33
6.41807176826632,1021,543,-478,-782,749.5,32.5
6.42023346303502,1021,543,-478,-782,749.5,32.5
6.42239515780372,1020,543,-477,-781.5,748.5,33
6.42455685257242,1022,543,-479,-782.5,750.5,32
6.42671854734111,1021,543,-478,-782,749.5,32.5
6.42888024210981,1020,543,-477,-781.5,748.5,33
6.43104193687851,1021,543,-478,-782,749.5,32.5
6.43320363164721,1021,543,-478,-782,749.5,32.5
6.43536532641591,1021,543,-478,-782,749.5,32.5
6.43752702118461,1021,543,-478,-782,749.5,32.5
6.43968871595331,1021,543,-478,-782,749.5,32.5
6.44185041072201,1021,543,-478,-782,749.5,32.5
6.4440121054907,1023,543,-480,-783,751.5,31.5
6.4461738002594,1021,543,-478,-782,749.5,32.5
6.4483354950281,1019,543,-476,-781,747.5,33.5
6.4504971897968,1022,543,-479,-782.5,750.5,32
6.4526588845655,1022,543,-479,-782.5,750.5,32
6.4548205793342,1021,543,-478,-782,749.5,32.5
6.4569822741029,1022,543,-479,-782.5,750.5,32
6.45914396887159,1022,543,-479,-782.5,750.5,32
6.46130566364029,1020,543,-477,-781.5,748.5,33
6.46346735840899,1022,543,-479,-782.5,750.5,32
6.46562905317769,1022,543,-479,-782.5,750.5,32
6.46779074794639,1021,543,-478,-782,749.5,32.5
6.46995244271509,1023,543,-480,-783,751.5,31.5
6.47211413748379,1023,543,-480,-783,751.5,31.5
6.47427583225249,1021,543,-478,-782,749.5,32.5
6.47643752702118,1022,543,-479,-782.5,750.5,32
6.47859922178988,1022,543,-479,-782.5,750.5,32
6.48076091655858,1020,543,-477,-781.5,748.5,33
6.48292261132728,1022,543,-479,-782.5,750.5,32
6.48508430609598,1020,543,-477,-781.5,748.5,33
6.48724600086468,1021,543,-478,-782,749.5,32.5
6.48940769563338,1021,543,-478,-782,749.5,32.5
6.49156939040208,1022,543,-479,-782.5,750.5,32
6.49373108517077,1022,542,-480,-782,751,31
6.49589277993947,1021,543,-478,-782,749.5,32.5
6.49805447470817,1022,543,-479,-782.5,750.5,32
6.50021616947687,1021,543,-478,-782,749.5,32.5
6.50237786424557,1022,542,-480,-782,751,31
6.50453955901427,1023,543,-480,-783,751.5,31.5
6.50670125378297,1022,543,-479,-782.5,750.5,32
6.50886294855166,1023,543,-480,-783,751.5,31.5
6.51102464332036,1023,542,-481,-782.5,752,30.5
6.51318633808906,1023,543,-480,-783,751.5,31.5
6.51534803285776,1020,543,-477,-781.5,748.5,33
6.51750972762646,1021,543,-478,-782,749.5,32.5
6.51967142239516,1022,543,-479,-782.5,750.5,32
6.52183311716386,1023,543,-480,-783,751.5,31.5
6.52399481193256,1023,543,-480,-783,751.5,31.5
6.52615650670125,1020,543,-477,-781.5,748.5,33
6.52831820146995,1022,542,-480,-782,751,31
6.53047989623865,1021,543,-478,-782,749.5,32.5
6.53264159100735,1022,543,-479,-782.5,750.5,32
6.53480328577605,1022,543,-479,-782.5,750.5,32
6.53696498054475,1021,543,-478,-782,749.5,32.5
6.53912667531345,1022,543,-479,-782.5,750.5,32
6.54128837008214,1022,543,-479,-782.5,750.5,32
6.54345006485084,1022,543,-479,-782.5,750.5,32
6.54561175961954,1022,542,-480,-782,751,31
6.54777345438824,1022,542,-480,-782,751,31
6.54993514915694,1021,543,-478,-782,749.5,32.5
6.55209684392564,1021,543,-478,-782,749.5,32.5
6.55425853869434,1022,543,-479,-782.5,750.5,32
6.55642023346303,1022,543,-479,-782.5,750.5,32
6.55858192823173,1022,543,-479,-782.5,750.5,32
6.56074362300043,1021,543,-478,-782,749.5,32.5
6.56290531776913,1019,543,-476,-781,747.5,33.5
6.56506701253783,1021,543,-478,-782,749.5,32.5
6.56722870730653,1019,542,-477,-780.5,748,32.5
6.56939040207523,1022,543,-479,-782.5,750.5,32
6.57155209684393,1019,543,-476,-781,747.5,33.5
6.57371379161262,1023,543,-480,-783,751.5,31.5
6.57587548638132,1021,543,-478,-782,749.5,32.5
6.57803718115002,1021,543,-478,-782,749.5,32.5
6.58019887591872,1020,543,-477,-781.5,748.5,33
6.58236057068742,1020,543,-477,-781.5,748.5,33
6.58452226545612,1020,543,-477,-781.5,748.5,33
6.58668396022482,1021,543,-478,-782,749.5,32.5
6.58884565499351,1022,543,-479,-782.5,750.5,32
6.59100734976221,1020,543,-477,-781.5,748.5,33
6.59316904453091,1015,543,-472,-779,743.5,35.5
6.59533073929961,1011,543,-468,-777,739.5,37.5
6.59749243406831,1017,543,-474,-780,745.5,34.5
6.59965412883701,1021,543,-478,-782,749.5,32.5
6.60181582360571,1021,543,-478,-782,749.5,32.5
6.60397751837441,1015,543,-472,-779,743.5,35.5
6.6061392131431,1010,543,-467,-776.5,738.5,38
6.6083009079118,1009,543,-466,-776,737.5,38.5
6.6104626026805,1009,543,-466,-776,737.5,38.5
6.6126242974492,1012,543,-469,-777.5,740.5,37
6.6147859922179,1010,543,-467,-776.5,738.5,38
6.6169476869866,1006,542,-464,-774,735,39
6.6191093817553,1004,542,-462,-773,733,40
6.62127107652399,999,543,-456,-771,727.5,43.5
6.62343277129269,995,543,-452,-769,723.5,45.5
6.62559446606139,993,542,-451,-767.5,722,45.5
6.62775616083009,991,543,-448,-767,719.5,47.5
6.62991785559879,997,543,-454,-770,725.5,44.5
6.63207955036749,1004,543,-461,-773.5,732.5,41
6.63424124513619,1013,543,-470,-778,741.5,36.5
6.63640293990488,1023,543,-480,-783,751.5,31.5
6.63856463467358,1021,543,-478,-782,749.5,32.5
6.64072632944228,1022,543,-479,-782.5,750.5,32
6.64288802421098,1020,543,-477,-781.5,748.5,33
6.64504971897968,1012,543,-469,-777.5,740.5,37
6.64721141374838,1000,543,-457,-771.5,728.5,43
6.64937310851708,992,542,-450,-767,721,46
6.65153480328578,993,543,-450,-768,721.5,46.5
6.65369649805447,1000,543,-457,-771.5,728.5,43
6.65585819282317,1009,543,-466,-776,737.5,38.5
6.65801988759187,1019,543,-476,-781,747.5,33.5
6.66018158236057,1022,543,-479,-782.5,750.5,32
6.66234327712927,1022,542,-480,-782,751,31
6.66450497189797,1020,543,-477,-781.5,748.5,33
6.66666666666667,1021,543,-478,-782,749.5,32.5
6.66882836143536,1023,543,-480,-783,751.5,31.5
6.67099005620406,1023,543,-480,-783,751.5,31.5
6.67315175097276,1020,543,-477,-781.5,748.5,33
6.67531344574146,1020,542,-478,-781,749,32
6.67747514051016,1021,543,-478,-782,749.5,32.5
6.67963683527886,1022,543,-479,-782.5,750.5,32
6.68179853004756,1022,543,-479,-782.5,750.5,32
6.68396022481626,1023,543,-480,-783,751.5,31.5
6.68612191958495,1021,543,-478,-782,749.5,32.5
6.68828361435365,1022,543,-479,-782.5,750.5,32
6.69044530912235,1022,543,-479,-782.5,750.5,32
6.69260700389105,1021,543,-478,-782,749.5,32.5
6.69476869865975,1020,543,-477,-781.5,748.5,33
6.69693039342845,1017,543,-474,-780,745.5,34.5
6.69909208819715,1015,543,-472,-779,743.5,35.5
6.70125378296584,1014,543,-471,-778.5,742.5,36
6.70341547773454,1020,543,-477,-781.5,748.5,33
6.70557717250324,1022,543,-479,-782.5,750.5,32
6.70773886727194,1021,543,-478,-782,749.5,32.5
6.70990056204064,1023,542,-481,-782.5,752,30.5
6.71206225680934,1020,542,-478,-781,749,32
6.71422395157804,1022,542,-480,-782,751,31
6.71638564634674,1021,543,-478,-782,749.5,32.5
6.71854734111543,1022,543,-479,-782.5,750.5,32
6.72070903588413,1021,543,-478,-782,749.5,32.5
6.72287073065283,1023,543,-480,-783,751.5,31.5
6.72503242542153,1021,543,-478,-782,749.5,32.5
6.72719412019023,1021,543,-478,-782,749.5,32.5
6.72935581495893,1023,543,-480,-783,751.5,31.5
6.73151750972763,1022,543,-479,-782.5,750.5,32
6.73367920449633,1021,543,-478,-782,749.5,32.5
6.73584089926502,1021,543,-478,-782,749.5,32.5
6.73800259403372,1022,543,-479,-782.5,750.5,32
6.74016428880242,1021,543,-478,-782,749.5,32.5
6.74232598357112,1021,543,-478,-782,749.5,32.5
6.74448767833982,1022,543,-479,-782.5,750.5,32
6.74664937310852,1021,543,-478,-782,749.5,32.5
6.74881106787722,1021,543,-478,-782,749.5,32.5
6.75097276264591,1022,543,-479,-782.5,750.5,32
6.75313445741461,1021,543,-478,-782,749.5,32.5
6.75529615218331,1021,543,-478,-782,749.5,32.5
6.75745784695201,1020,543,-477,-781.5,748.5,33
6.75961954172071,1022,543,-479,-782.5,750.5,32
6.76178123648941,1021,543,-478,-782,749.5,32.5
6.76394293125811,1022,543,-479,-782.5,750.5,32
6.7661046260268,1020,543,-477,-781.5,748.5,33
6.7682663207955,1020,543,-477,-781.5,748.5,33
6.7704280155642,1021,542,-479,-781.5,750,31.5
6.7725897103329,1022,543,-479,-782.5,750.5,32
6.7747514051016,1021,543,-478,-782,749.5,32.5
6.7769130998703,1020,543,-477,-781.5,748.5,33
6.779074794639,1022,543,-479,-782.5,750.5,32
6.7812364894077,1023,543,-480,-783,751.5,31.5
6.78339818417639,1023,542,-481,-782.5,752,30.5
6.78555987894509,1021,543,-478,-782,749.5,32.5
6.78772157371379,1021,543,-478,-782,749.5,32.5
6.78988326848249,1021,543,-478,-782,749.5,32.5
6.79204496325119,1022,543,-479,-782.5,750.5,32
6.79420665801989,1022,543,-479,-782.5,750.5,32
6.79636835278859,1022,543,-479,-782.5,750.5,32
6.79853004755728,1022,543,-479,-782.5,750.5,32
6.80069174232598,1023,543,-480,-783,751.5,31.5
6.80285343709468,1021,543,-478,-782,749.5,32.5
6.80501513186338,1022,543,-479,-782.5,750.5,32
6.80717682663208,1021,543,-478,-782,749.5,32.5
6.80933852140078,1021,543,-478,-782,749.5,32.5
6.81150021616948,1021,543,-478,-782,749.5,32.5
6.81366191093818,1023,543,-480,-783,751.5,31.5
6.81582360570687,1011,543,-468,-777,739.5,37.5
6.81798530047557,998,543,-455,-770.5,726.5,44
6.82014699524427,996,543,-453,-769.5,724.5,45
6.82230869001297,998,543,-455,-770.5,726.5,44
6.82447038478167,1005,543,-462,-774,733.5,40.5
6.82663207955037,1011,543,-468,-777,739.5,37.5
6.82879377431907,1019,543,-476,-781,747.5,33.5
6.83095546908776,1021,543,-478,-782,749.5,32.5
6.83311716385646,1023,543,-480,-783,751.5,31.5
6.83527885862516,1021,543,-478,-782,749.5,32.5
6.83744055339386,1022,543,-479,-782.5,750.5,32
6.83960224816256,1019,543,-476,-781,747.5,33.5
6.84176394293126,1017,543,-474,-780,745.5,34.5
6.84392563769996,1019,543,-476,-781,747.5,33.5
6.84608733246866,1020,543,-477,-781.5,748.5,33
6.84824902723735,1017,543,-474,-780,745.5,34.5
6.85041072200605,1008,543,-465,-775.5,736.5,39
6.85257241677475,1005,543,-462,-774,733.5,40.5
6.85473411154345,1003,543,-460,-773,731.5,41.5
6.85689580631215,1003,543,-460,-773,731.5,41.5
6.85905750108085,1006,543,-463,-774.5,734.5,40
6.86121919584955,1015,542,-473,-778.5,744,34.5
6.86338089061824,1018,543,-475,-780.5,746.5,34
6.86554258538694,1022,542,-480,-782,751,31
6.86770428015564,1020,543,-477,-781.5,748.5,33
6.86986597492434,1021,543,-478,-782,749.5,32.5
6.87202766969304,1022,543,-479,-782.5,750.5,32
6.87418936446174,1016,543,-473,-779.5,744.5,35
6.87635105923044,998,543,-455,-770.5,726.5,44
6.87851275399913,984,543,-441,-763.5,712.5,51
6.88067444876783,976,543,-433,-759.5,704.5,55
6.88283614353653,976,543,-433,-759.5,704.5,55
6.88499783830523,988,543,-445,-765.5,716.5,49
6.88715953307393,999,543,-456,-771,727.5,43.5
6.88932122784263,1006,542,-464,-774,735,39
6.89148292261133,1014,543,-471,-778.5,742.5,36
6.89364461738003,1021,543,-478,-782,749.5,32.5
6.89580631214872,1021,543,-478,-782,749.5,32.5
6.89796800691742,1021,543,-478,-782,749.5,32.5
6.90012970168612,1022,543,-479,-782.5,750.5,32
6.90229139645482,1021,543,-478,-782,749.5,32.5
6.90445309122352,1022,543,-479,-782.5,750.5,32
6.90661478599222,1021,543,-478,-782,749.5,32.5
6.90877648076092,1023,543,-480,-783,751.5,31.5
6.91093817552961,1022,543,-479,-782.5,750.5,32
6.91309987029831,1022,543,-479,-782.5,750.5,32
6.91526156506701,1020,543,-477,-781.5,748.5,33
6.91742325983571,1021,543,-478,-782,749.5,32.5
6.91958495460441,1022,543,-479,-782.5,750.5,32
6.92174664937311,1021,543,-478,-782,749.5,32.5
6.92390834414181,1022,543,-479,-782.5,750.5,32
6.92607003891051,1022,543,-479,-782.5,750.5,32
6.9282317336792,1022,543,-479,-782.5,750.5,32
6.9303934284479,1023,543,-480,-783,751.5,31.5
6.9325551232166,1013,542,-471,-777.5,742,35.5
6.9347168179853,999,543,-456,-771,727.5,43.5
6.936878512754,989,543,-446,-766,717.5,48.5
6.9390402075227,990,543,-447,-766.5,718.5,48
6.9412019022914,989,543,-446,-766,717.5,48.5
6.94336359706009,986,543,-443,-764.5,714.5,50
6.94552529182879,980,543,-437,-761.5,708.5,53
6.94768698659749,974,543,-431,-758.5,702.5,56
6.94984868136619,975,543,-432,-759,703.5,55.5
6.95201037613489,985,543,-442,-764,713.5,50.5
6.95417207090359,995,543,-452,-769,723.5,45.5
6.95633376567229,998,543,-455,-770.5,726.5,44
6.95849546044098,1001,543,-458,-772,729.5,42.5
6.96065715520968,1006,543,-463,-774.5,734.5,40
6.96281884997838,1002,543,-459,-772.5,730.5,42
6.96498054474708,999,543,-456,-771,727.5,43.5
6.96714223951578,993,543,-450,-768,721.5,46.5
6.96930393428448,987,543,-444,-765,715.5,49.5
6.97146562905318,983,543,-440,-763,711.5,51.5
6.97362732382188,980,543,-437,-761.5,708.5,53
6.97578901859058,981,543,-438,-762,709.5,52.5
6.97795071335927,987,543,-444,-765,715.5,49.5
6.98011240812797,992,542,-450,-767,721,46
6.98227410289667,1002,543,-459,-772.5,730.5,42
6.98443579766537,1007,542,-465,-774.5,736,38.5
6.98659749243407,1016,543,-473,-779.5,744.5,35
6.98875918720277,1015,543,-472,-779,743.5,35.5
6.99092088197147,1019,543,-476,-781,747.5,33.5
6.99308257674016,1019,543,-476,-781,747.5,33.5
6.99524427150886,1015,543,-472,-779,743.5,35.5
6.99740596627756,1006,543,-463,-774.5,734.5,40
6.99956766104626,1001,543,-458,-772,729.5,42.5
7.00172935581496,1001,543,-458,-772,729.5,42.5
7.00389105058366,1002,543,-459,-772.5,730.5,42
7.00605274535236,1010,542,-468,-776,739,37
7.00821444012105,1016,543,-473,-779.5,744.5,35
7.01037613488975,1021,543,-478,-782,749.5,32.5
7.01253782965845,1022,543,-479,-782.5,750.5,32
7.01469952442715,1022,543,-479,-782.5,750.5,32
7.01686121919585,1022,543,-479,-782.5,750.5,32
7.01902291396455,1021,543,-478,-782,749.5,32.5
7.02118460873325,1023,543,-480,-783,751.5,31.5
7.02334630350195,1017,543,-474,-780,745.5,34.5
7.02550799827064,1021,543,-478,-782,749.5,32.5
7.02766969303934,1021,543,-478,-782,749.5,32.5
7.02983138780804,1022,543,-479,-782.5,750.5,32
7.03199308257674,1022,543,-479,-782.5,750.5,32
7.03415477734544,1021,543,-478,-782,749.5,32.5
7.03631647211414,1022,543,-479,-782.5,750.5,32
7.03847816688284,1021,543,-478,-782,749.5,32.5
7.04063986165153,1022,543,-479,-782.5,750.5,32
7.04280155642023,1021,543,-478,-782,749.5,32.5
7.04496325118893,1022,543,-479,-782.5,750.5,32
7.04712494595763,1023,543,-480,-783,751.5,31.5
7.04928664072633,1021,543,-478,-782,749.5,32.5
7.05144833549503,1021,543,-478,-782,749.5,32.5
7.05361003026373,1021,543,-478,-782,749.5,32.5
7.05577172503243,1021,543,-478,-782,749.5,32.5
7.05793341980112,1022,543,-479,-782.5,750.5,32
7.06009511456982,1021,543,-478,-782,749.5,32.5
7.06225680933852,1021,543,-478,-782,749.5,32.5
7.06441850410722,1021,543,-478,-782,749.5,32.5
7.06658019887592,1021,543,-478,-782,749.5,32.5
7.06874189364462,1021,543,-478,-782,749.5,32.5
7.07090358841332,1019,543,-476,-781,747.5,33.5
7.07306528318201,1022,543,-479,-782.5,750.5,32
7.07522697795071,1022,543,-479,-782.5,750.5,32
7.07738867271941,1020,543,-477,-781.5,748.5,33
7.07955036748811,1021,542,-479,-781.5,750,31.5
7.08171206225681,1021,543,-478,-782,749.5,32.5
7.08387375702551,1022,543,-479,-782.5,750.5,32
7.08603545179421,1023,543,-480,-783,751.5,31.5
7.08819714656291,1022,543,-479,-782.5,750.5,32
7.0903588413316,1022,543,-479,-782.5,750.5,32
7.0925205361003,1023,543,-480,-783,751.5,31.5
7.094682230869,1022,543,-479,-782.5,750.5,32
7.0968439256377,1021,543,-478,-782,749.5,32.5
7.0990056204064,1021,543,-478,-782,749.5,32.5
7.1011673151751,1022,543,-479,-782.5,750.5,32
7.1033290099438,1020,543,-477,-781.5,748.5,33
7.10549070471249,1021,543,-478,-782,749.5,32.5
7.10765239948119,1022,543,-479,-782.5,750.5,32
7.10981409424989,1021,543,-478,-782,749.5,32.5
7.11197578901859,1023,543,-480,-783,751.5,31.5
7.11413748378729,1022,543,-479,-782.5,750.5,32
7.11629917855599,1020,542,-478,-781,749,32
7.11846087332469,1020,542,-478,-781,749,32
7.12062256809338,1022,543,-479,-782.5,750.5,32
7.12278426286208,1020,542,-478,-781,749,32
7.12494595763078,1022,543,-479,-782.5,750.5,32
7.12710765239948,1021,543,-478,-782,749.5,32.5
7.12926934716818,1022,543,-479,-782.5,750.5,32
7.13143104193688,1023,543,-480,-783,751.5,31.5
7.13359273670558,1021,543,-478,-782,749.5,32.5
7.13575443147428,1020,543,-477,-781.5,748.5,33
7.13791612624297,1023,543,-480,-783,751.5,31.5
7.14007782101167,1023,542,-481,-782.5,752,30.5
7.14223951578037,1020,543,-477,-781.5,748.5,33
7.14440121054907,1021,543,-478,-782,749.5,32.5
7.14656290531777,1021,543,-478,-782,749.5,32.5
7.14872460008647,1021,543,-478,-782,749.5,32.5
7.15088629485517,1021,543,-478,-782,749.5,32.5
7.15304798962386,1022,543,-479,-782.5,750.5,32
7.15520968439256,1022,543,-479,-782.5,750.5,32
7.15737137916126,1023,542,-481,-782.5,752,30.5
7.15953307392996,1023,543,-480,-783,751.5,31.5
7.16169476869866,1022,543,-479,-782.5,750.5,32
7.16385646346736,1022,543,-479,-782.5,750.5,32
7.16601815823606,1023,543,-480,-783,751.5,31.5
7.16817985300476,1021,543,-478,-782,749.5,32.5
7.17034154777345,1022,543,-479,-782.5,750.5,32
7.17250324254215,1021,543,-478,-782,749.5,32.5
7.17466493731085,1023,542,-481,-782.5,752,30.5
7.17682663207955,1022,543,-479,-782.5,750.5,32
7.17898832684825,1022,543,-479,-782.5,750.5,32
7.18115002161695,1022,542,-480,-782,751,31
7.18331171638565,1020,543,-477,-781.5,748.5,33
7.18547341115434,1023,543,-480,-783,751.5,31.5
7.18763510592304,1021,543,-478,-782,749.5,32.5
7.18979680069174,1022,543,-479,-782.5,750.5,32
7.19195849546044,1021,542,-479,-781.5,750,31.5
7.19412019022914,1022,542,-480,-782,751,31
7.19628188499784,1019,543,-476,-781,747.5,33.5
7.19844357976654,1015,543,-472,-779,743.5,35.5
7.20060527453523,1015,543,-472,-779,743.5,35.5
7.20276696930393,1013,543,-470,-778,741.5,36.5
7.20492866407263,1016,543,-473,-779.5,744.5,35
7.20709035884133,1019,543,-476,-781,747.5,33.5
7.20925205361003,1021,543,-478,-782,749.5,32.5
7.21141374837873,1021,543,-478,-782,749.5,32.5
7.21357544314743,1021,543,-478,-782,749.5,32.5
7.21573713791613,1021,543,-478,-782,749.5,32.5
7.21789883268482,1021,543,-478,-782,749.5,32.5
7.22006052745352,1021,543,-478,-782,749.5,32.5
7.22222222222222,1021,543,-478,-782,749.5,32.5
7.22438391699092,1021,543,-478,-782,749.5,32.5
7.22654561175962,1018,543,-475,-780.5,746.5,34
7.22870730652832,1012,543,-469,-777.5,740.5,37
7.23086900129702,1003,543,-460,-773,731.5,41.5
7.23303069606572,996,543,-453,-769.5,724.5,45
7.23519239083441,995,543,-452,-769,723.5,45.5
7.23735408560311,999,543,-456,-771,727.5,43.5
7.23951578037181,1004,543,-461,-773.5,732.5,41
7.24167747514051,1013,543,-470,-778,741.5,36.5
7.24383916990921,1019,543,-476,-781,747.5,33.5
7.24600086467791,1021,542,-479,-781.5,750,31.5
7.24816255944661,1022,543,-479,-782.5,750.5,32
7.2503242542153,1021,543,-478,-782,749.5,32.5
7.252485948984,1023,543,-480,-783,751.5,31.5
7.2546476437527,1022,542,-480,-782,751,31
7.2568093385214,1023,542,-481,-782.5,752,30.5
7.2589710332901,1014,543,-471,-778.5,742.5,36
7.2611327280588,1009,543,-466,-776,737.5,38.5
7.2632944228275,1005,543,-462,-774,733.5,40.5
7.2654561175962,1012,542,-470,-777,741,36
7.26761781236489,1018,543,-475,-780.5,746.5,34
7.26977950713359,1023,543,-480,-783,751.5,31.5
7.27194120190229,1021,543,-478,-782,749.5,32.5
7.27410289667099,1022,543,-479,-782.5,750.5,32
7.27626459143969,1020,543,-477,-781.5,748.5,33
7.27842628620839,1012,543,-469,-777.5,740.5,37
7.28058798097709,1021,543,-478,-782,749.5,32.5
7.28274967574578,1021,543,-478,-782,749.5,32.5
7.28491137051448,1023,543,-480,-783,751.5,31.5
7.28707306528318,1022,543,-479,-782.5,750.5,32
7.28923476005188,1019,543,-476,-781,747.5,33.5
7.29139645482058,1021,543,-478,-782,749.5,32.5
7.29355814958928,1023,543,-480,-783,751.5,31.5
7.29571984435798,1022,543,-479,-782.5,750.5,32
7.29788153912668,1022,542,-480,-782,751,31
7.30004323389537,1021,543,-478,-782,749.5,32.5
7.30220492866407,1022,543,-479,-782.5,750.5,32
7.30436662343277,1022,543,-479,-782.5,750.5,32
7.30652831820147,1023,542,-481,-782.5,752,30.5
7.30869001297017,1021,543,-478,-782,749.5,32.5
7.31085170773887,1022,543,-479,-782.5,750.5,32
7.31301340250757,1021,543,-478,-782,749.5,32.5
7.31517509727626,1022,543,-479,-782.5,750.5,32
7.31733679204496,1022,543,-479,-782.5,750.5,32
7.31949848681366,1022,543,-479,-782.5,750.5,32
7.32166018158236,1023,543,-480,-783,751.5,31.5
7.32382187635106,1021,543,-478,-782,749.5,32.5
7.32598357111976,1019,543,-476,-781,747.5,33.5
7.32814526588846,1023,543,-480,-783,751.5,31.5
7.33030696065715,1023,543,-480,-783,751.5,31.5
7.33246865542585,1021,543,-478,-782,749.5,32.5
7.33463035019455,1023,543,-480,-783,751.5,31.5
7.33679204496325,1021,543,-478,-782,749.5,32.5
7.33895373973195,1022,543,-479,-782.5,750.5,32
7.34111543450065,1018,543,-475,-780.5,746.5,34
7.34327712926935,1021,543,-478,-782,749.5,32.5
7.34543882403805,1022,543,-479,-782.5,750.5,32
7.34760051880674,1021,543,-478,-782,749.5,32.5
7.34976221357544,1021,543,-478,-782,749.5,32.5
7.35192390834414,1022,543,-479,-782.5,750.5,32
7.35408560311284,1023,543,-480,-783,751.5,31.5
7.35624729788154,1021,543,-478,-782,749.5,32.5
7.35840899265024,1021,543,-478,-782,749.5,32.5
7.36057068741894,1021,543,-478,-782,749.5,32.5
7.36273238218763,1021,543,-478,-782,749.5,32.5
7.36489407695633,1021,543,-478,-782,749.5,32.5
7.36705577172503,1022,543,-479,-782.5,750.5,32
7.36921746649373,1021,543,-478,-782,749.5,32.5
7.37137916126243,1022,543,-479,-782.5,750.5,32
7.37354085603113,1022,543,-479,-782.5,750.5,32
7.37570255079983,1022,543,-479,-782.5,750.5,32
7.37786424556853,1021,543,-478,-782,749.5,32.5
7.38002594033722,1022,543,-479,-782.5,750.5,32
7.38218763510592,1021,543,-478,-782,749.5,32.5
7.38434932987462,1021,542,-479,-781.5,750,31.5
7.38651102464332,1023,543,-480,-783,751.5,31.5
7.38867271941202,1022,543,-479,-782.5,750.5,32
7.39083441418072,1022,543,-479,-782.5,750.5,32
7.39299610894942,1022,543,-479,-782.5,750.5,32
7.39515780371811,1022,543,-479,-782.5,750.5,32
7.39731949848681,1023,543,-480,-783,751.5,31.5
7.39948119325551,1022,543,-479,-782.5,750.5,32
7.40164288802421,1021,543,-478,-782,749.5,32.5
7.40380458279291,1021,543,-478,-782,749.5,32.5
7.40596627756161,1023,542,-481,-782.5,752,30.5
7.40812797233031,1023,543,-480,-783,751.5,31.5
7.41028966709901,1021,543,-478,-782,749.5,32.5
7.4124513618677,1021,543,-478,-782,749.5,32.5
7.4146130566364,1022,543,-479,-782.5,750.5,32
7.4167747514051,1022,543,-479,-782.5,750.5,32
7.4189364461738,1021,543,-478,-782,749.5,32.5
7.4210981409425,1023,543,-480,-783,751.5,31.5
7.4232598357112,1021,543,-478,-782,749.5,32.5
7.4254215304799,1021,543,-478,-782,749.5,32.5
7.42758322524859,1022,543,-479,-782.5,750.5,32
7.42974492001729,1020,543,-477,-781.5,748.5,33
7.43190661478599,1022,543,-479,-782.5,750.5,32
7.43406830955469,1021,543,-478,-782,749.5,32.5
7.43623000432339,1020,543,-477,-781.5,748.5,33
7.43839169909209,1023,543,-480,-783,751.5,31.5
7.44055339386079,1021,543,-478,-782,749.5,32.5
7.44271508862948,1022,543,-479,-782.5,750.5,32
7.44487678339818,1021,543,-478,-782,749.5,32.5
7.44703847816688,1015,543,-472,-779,743.5,35.5
7.44920017293558,1018,542,-476,-780,747,33
7.45136186770428,1014,543,-471,-778.5,742.5,36
7.45352356247298,1019,543,-476,-781,747.5,33.5
7.45568525724168,1023,543,-480,-783,751.5,31.5
7.45784695201038,1022,543,-479,-782.5,750.5,32
7.46000864677907,1023,543,-480,-783,751.5,31.5
7.46217034154777,1019,543,-476,-781,747.5,33.5
7.46433203631647,1004,543,-461,-773.5,732.5,41
7.46649373108517,1001,543,-458,-772,729.5,42.5
7.46865542585387,1003,543,-460,-773,731.5,41.5
7.47081712062257,1008,543,-465,-775.5,736.5,39
7.47297881539127,1011,543,-468,-777,739.5,37.5
7.47514051015996,1015,543,-472,-779,743.5,35.5
7.47730220492866,1016,543,-473,-779.5,744.5,35
7.47946389969736,1020,543,-477,-781.5,748.5,33
7.48162559446606,1021,543,-478,-782,749.5,32.5
7.48378728923476,1022,543,-479,-782.5,750.5,32
7.48594898400346,1020,543,-477,-781.5,748.5,33
7.48811067877216,1021,543,-478,-782,749.5,32.5
7.49027237354086,1015,543,-472,-779,743.5,35.5
7.49243406830955,1009,543,-466,-776,737.5,38.5
7.49459576307825,1007,543,-464,-775,735.5,39.5
7.49675745784695,1007,543,-464,-775,735.5,39.5
7.49891915261565,1009,543,-466,-776,737.5,38.5
7.50108084738435,1014,542,-472,-778,743,35
7.50324254215305,1013,543,-470,-778,741.5,36.5
7.50540423692175,1014,543,-471,-778.5,742.5,36
7.50756593169045,1008,543,-465,-775.5,736.5,39
7.50972762645914,1002,543,-459,-772.5,730.5,42
7.51188932122784,997,543,-454,-770,725.5,44.5
7.51405101599654,997,543,-454,-770,725.5,44.5
7.51621271076524,999,543,-456,-771,727.5,43.5
7.51837440553394,1013,543,-470,-778,741.5,36.5
7.52053610030264,1020,543,-477,-781.5,748.5,33
7.52269779507134,1021,543,-478,-782,749.5,32.5
7.52485948984003,1020,543,-477,-781.5,748.5,33
7.52702118460873,1021,543,-478,-782,749.5,32.5
7.52918287937743,1021,543,-478,-782,749.5,32.5
7.53134457414613,1022,543,-479,-782.5,750.5,32
7.53350626891483,1021,543,-478,-782,749.5,32.5
7.53566796368353,1021,543,-478,-782,749.5,32.5
7.53782965845223,1021,543,-478,-782,749.5,32.5
7.53999135322093,1022,543,-479,-782.5,750.5,32
7.54215304798962,1021,543,-478,-782,749.5,32.5
7.54431474275832,1022,543,-479,-782.5,750.5,32
7.54647643752702,1022,543,-479,-782.5,750.5,32
7.54863813229572,1020,542,-478,-781,749,32
7.55079982706442,1023,542,-481,-782.5,752,30.5
7.55296152183312,1022,543,-479,-782.5,750.5,32
7.55512321660182,1021,543,-478,-782,749.5,32.5
7.55728491137051,1021,543,-478,-782,749.5,32.5
7.55944660613921,1017,543,-474,-780,745.5,34.5
7.56160830090791,998,543,-455,-770.5,726.5,44
7.56376999567661,982,543,-439,-762.5,710.5,52
7.56593169044531,973,543,-430,-758,701.5,56.5
7.56809338521401,974,543,-431,-758.5,702.5,56
7.57025507998271,977,543,-434,-760,705.5,54.5
7.5724167747514,983,543,-440,-763,711.5,51.5
7.5745784695201,993,543,-450,-768,721.5,46.5
7.5767401642888,1006,543,-463,-774.5,734.5,40
7.5789018590575,1014,542,-472,-778,743,35
7.5810635538262,1017,543,-474,-780,745.5,34.5
7.5832252485949,1010,543,-467,-776.5,738.5,38
7.5853869433636,1006,543,-463,-774.5,734.5,40
7.5875486381323,1002,543,-459,-772.5,730.5,42
7.58971033290099,989,543,-446,-766,717.5,48.5
7.59187202766969,984,543,-441,-763.5,712.5,51
7.59403372243839,977,543,-434,-760,705.5,54.5
7.59619541720709,982,543,-439,-762.5,710.5,52
7.59835711197579,987,543,-444,-765,715.5,49.5
7.60051880674449,996,543,-453,-769.5,724.5,45
7.60268050151319,1002,543,-459,-772.5,730.5,42
7.60484219628188,1004,543,-461,-773.5,732.5,41
7.60700389105058,1002,543,-459,-772.5,730.5,42
7.60916558581928,999,543,-456,-771,727.5,43.5
7.61132728058798,996,543,-453,-769.5,724.5,45
7.61348897535668,995,543,-452,-769,723.5,45.5
7.61565067012538,995,543,-452,-769,723.5,45.5
7.61781236489408,1000,543,-457,-771.5,728.5,43
7.61997405966278,1004,543,-461,-773.5,732.5,41
7.62213575443147,1012,543,-469,-777.5,740.5,37
7.62429744920017,1014,543,-471,-778.5,742.5,36
7.62645914396887,1022,543,-479,-782.5,750.5,32
7.62862083873757,1021,542,-479,-781.5,750,31.5
7.63078253350627,1021,543,-478,-782,749.5,32.5
7.63294422827497,1023,543,-480,-783,751.5,31.5
7.63510592304367,1017,543,-474,-780,745.5,34.5
7.63726761781236,1015,543,-472,-779,743.5,35.5
7.63942931258106,1020,543,-477,-781.5,748.5,33
7.64159100734976,1021,543,-478,-782,749.5,32.5
7.64375270211846,1021,543,-478,-782,749.5,32.5
7.64591439688716,1021,543,-478,-782,749.5,32.5
7.64807609165586,1021,543,-478,-782,749.5,32.5
7.65023778642456,1022,543,-479,-782.5,750.5,32
7.65239948119325,1021,543,-478,-782,749.5,32.5
7.65456117596195,1022,543,-479,-782.5,750.5,32
7.65672287073065,1022,543,-479,-782.5,750.5,32
7.65888456549935,1022,543,-479,-782.5,750.5,32
7.66104626026805,1021,543,-478,-782,749.5,32.5
7.66320795503675,1021,543,-478,-782,749.5,32.5
7.66536964980545,1013,543,-470,-778,741.5,36.5
7.66753134457415,1014,543,-471,-778.5,742.5,36
7.66969303934284,1017,543,-474,-780,745.5,34.5
7.67185473411154,1020,543,-477,-781.5,748.5,33
7.67401642888024,1021,543,-478,-782,749.5,32.5
7.67617812364894,1021,543,-478,-782,749.5,32.5
7.67833981841764,1023,543,-480,-783,751.5,31.5
7.68050151318634,1023,543,-480,-783,751.5,31.5
7.68266320795504,1020,542,-478,-781,749,32
7.68482490272373,1022,543,-479,-782.5,750.5,32
7.68698659749243,1023,543,-480,-783,751.5,31.5
7.68914829226113,1022,543,-479,-782.5,750.5,32
7.69130998702983,1021,543,-478,-782,749.5,32.5
7.69347168179853,1022,543,-479,-782.5,750.5,32
7.69563337656723,1023,543,-480,-783,751.5,31.5
7.69779507133593,1022,542,-480,-782,751,31
7.69995676610463,1022,543,-479,-782.5,750.5,32
7.70211846087332,1021,543,-478,-782,749.5,32.5
7.70428015564202,1021,543,-478,-782,749.5,32.5
7.70644185041072,1022,543,-479,-782.5,750.5,32
7.70860354517942,1022,543,-479,-782.5,750.5,32
7.71076523994812,1021,543,-478,-782,749.5,32.5
7.71292693471682,1021,543,-478,-782,749.5,32.5
7.71508862948552,1021,543,-478,-782,749.5,32.5
7.71725032425421,1021,543,-478,-782,749.5,32.5
7.71941201902291,1022,543,-479,-782.5,750.5,32
7.72157371379161,1022,543,-479,-782.5,750.5,32
7.72373540856031,1021,543,-478,-782,749.5,32.5
7.72589710332901,1021,543,-478,-782,749.5,32.5
7.72805879809771,1022,543,-479,-782.5,750.5,32
7.73022049286641,1021,543,-478,-782,749.5,32.5
7.73238218763511,1022,543,-479,-782.5,750.5,32
7.7345438824038,1020,543,-477,-781.5,748.5,33
7.7367055771725,1023,543,-480,-783,751.5,31.5
7.7388672719412,1020,543,-477,-781.5,748.5,33
7.7410289667099,1022,543,-479,-782.5,750.5,32
7.7431906614786,1022,543,-479,-782.5,750.5,32
7.7453523562473,1023,543,-480,-783,751.5,31.5
7.747514051016,1022,543,-479,-782.5,750.5,32
7.7496757457847,1023,543,-480,-783,751.5,31.5
7.75183744055339,1021,543,-478,-782,749.5,32.5
7.75399913532209,1020,543,-477,-781.5,748.5,33
7.75616083009079,1021,543,-478,-782,749.5,32.5
7.75832252485949,1022,543,-479,-782.5,750.5,32
7.76048421962819,1021,543,-478,-782,749.5,32.5
7.76264591439689,1022,543,-479,-782.5,750.5,32
7.76480760916559,1023,543,-480,-783,751.5,31.5
7.76696930393428,1021,543,-478,-782,749.5,32.5
7.76913099870298,1023,543,-480,-783,751.5,31.5
7.77129269347168,1020,543,-477,-781.5,748.5,33
7.77345438824038,1023,542,-481,-782.5,752,30.5
7.77561608300908,1022,543,-479,-782.5,750.5,32
7.77777777777778,1021,543,-478,-782,749.5,32.5
7.77993947254648,1021,543,-478,-782,749.5,32.5
7.78210116731517,1022,543,-479,-782.5,750.5,32
7.78426286208387,1021,543,-478,-782,749.5,32.5
7.78642455685257,1023,543,-480,-783,751.5,31.5
7.78858625162127,1021,543,-478,-782,749.5,32.5
7.79074794638997,1022,543,-479,-782.5,750.5,32
7.79290964115867,1023,543,-480,-783,751.5,31.5
7.79507133592737,1022,543,-479,-782.5,750.5,32
7.79723303069607,1022,543,-479,-782.5,750.5,32
7.79939472546476,1021,543,-478,-782,749.5,32.5
7.80155642023346,1023,542,-481,-782.5,752,30.5
7.80371811500216,1022,543,-479,-782.5,750.5,32
7.80587980977086,1020,543,-477,-781.5,748.5,33
7.80804150453956,1021,543,-478,-782,749.5,32.5
7.81020319930826,1020,543,-477,-781.5,748.5,33
7.81236489407696,1021,543,-478,-782,749.5,32.5
7.81452658884565,1021,543,-478,-782,749.5,32.5
7.81668828361435,1021,543,-478,-782,749.5,32.5
7.81884997838305,1021,543,-478,-782,749.5,32.5
7.82101167315175,1023,543,-480,-783,751.5,31.5
7.82317336792045,1021,543,-478,-782,749.5,32.5
7.82533506268915,1010,543,-467,-776.5,738.5,38
7.82749675745785,1001,543,-458,-772,729.5,42.5
7.82965845222655,1001,543,-458,-772,729.5,42.5
7.83182014699524,1000,543,-457,-771.5,728.5,43
7.83398184176394,1006,543,-463,-774.5,734.5,40
7.83614353653264,1013,542,-471,-777.5,742,35.5
7.83830523130134,1016,543,-473,-779.5,744.5,35
7.84046692607004,1020,543,-477,-781.5,748.5,33
7.84262862083874,1018,543,-475,-780.5,746.5,34
7.84479031560744,1018,543,-475,-780.5,746.5,34
7.84695201037613,1017,543,-474,-780,745.5,34.5
7.84911370514483,1016,543,-473,-779.5,744.5,35
7.85127539991353,1015,543,-472,-779,743.5,35.5
7.85343709468223,1016,543,-473,-779.5,744.5,35
7.85559878945093,1015,543,-472,-779,743.5,35.5
7.85776048421963,1011,543,-468,-777,739.5,37.5
7.85992217898833,1003,543,-460,-773,731.5,41.5
7.86208387375703,997,543,-454,-770,725.5,44.5
7.86424556852572,997,543,-454,-770,725.5,44.5
7.86640726329442,1002,543,-459,-772.5,730.5,42
7.86856895806312,1008,543,-465,-775.5,736.5,39
7.87073065283182,1019,543,-476,-781,747.5,33.5
7.87289234760052,1023,542,-481,-782.5,752,30.5
7.87505404236922,1022,543,-479,-782.5,750.5,32
7.87721573713792,1021,543,-478,-782,749.5,32.5
7.87937743190661,1022,542,-480,-782,751,31
7.88153912667531,1022,543,-479,-782.5,750.5,32
7.88370082144401,1020,543,-477,-781.5,748.5,33
7.88586251621271,1018,543,-475,-780.5,746.5,34
7.88802421098141,1011,543,-468,-777,739.5,37.5
7.89018590575011,1007,543,-464,-775,735.5,39.5
7.89234760051881,1010,543,-467,-776.5,738.5,38
7.8945092952875,1013,543,-470,-778,741.5,36.5
7.8966709900562,1014,543,-471,-778.5,742.5,36
7.8988326848249,1020,543,-477,-781.5,748.5,33
7.9009943795936,1021,543,-478,-782,749.5,32.5
7.9031560743623,1021,543,-478,-782,749.5,32.5
7.905317769131,1019,543,-476,-781,747.5,33.5
7.9074794638997,1020,543,-477,-781.5,748.5,33
7.9096411586684,1021,543,-478,-782,749.5,32.5
7.91180285343709,1022,543,-479,-782.5,750.5,32
7.91396454820579,1021,543,-478,-782,749.5,32.5
7.91612624297449,1022,543,-479,-782.5,750.5,32
7.91828793774319,1021,543,-478,-782,749.5,32.5
7.92044963251189,1021,543,-478,-782,749.5,32.5
7.92261132728059,1022,543,-479,-782.5,750.5,32
7.92477302204929,1020,542,-478,-781,749,32
7.92693471681798,1019,543,-476,-781,747.5,33.5
7.92909641158668,1022,543,-479,-782.5,750.5,32
7.93125810635538,1023,543,-480,-783,751.5,31.5
7.93341980112408,1021,543,-478,-782,749.5,32.5
7.93558149589278,1019,543,-476,-781,747.5,33.5
7.93774319066148,1022,543,-479,-782.5,750.5,32
7.93990488543018,1021,543,-478,-782,749.5,32.5
7.94206658019888,1019,543,-476,-781,747.5,33.5
7.94422827496757,1022,543,-479,-782.5,750.5,32
7.94638996973627,1021,543,-478,-782,749.5,32.5
7.94855166450497,1020,543,-477,-781.5,748.5,33
7.95071335927367,1022,543,-479,-782.5,750.5,32
7.95287505404237,1021,543,-478,-782,749.5,32.5
7.95503674881107,1021,543,-478,-782,749.5,32.5
7.95719844357977,1022,543,-479,-782.5,750.5,32
7.95936013834846,1021,543,-478,-782,749.5,32.5
7.96152183311716,1023,542,-481,-782.5,752,30.5
7.96368352788586,1022,543,-479,-782.5,750.5,32
7.96584522265456,1021,543,-478,-782,749.5,32.5
7.96800691742326,1023,542,-481,-782.5,752,30.5
7.97016861219196,1018,543,-475,-780.5,746.5,34
7.97233030696066,1022,543,-479,-782.5,750.5,32
7.97449200172936,1023,542,-481,-782.5,752,30.5
7.97665369649805,1021,543,-478,-782,749.5,32.5
7.97881539126675,1022,543,-479,-782.5,750.5,32
7.98097708603545,1020,543,-477,-781.5,748.5,33
7.98313878080415,1020,543,-477,-781.5,748.5,33
7.98530047557285,1020,543,-477,-781.5,748.5,33
7.98746217034155,1021,543,-478,-782,749.5,32.5
7.98962386511025,1021,543,-478,-782,749.5,32.5
7.99178555987895,1021,543,-478,-782,749.5,32.5
7.99394725464764,1016,543,-473,-779.5,744.5,35
7.99610894941634,1016,542,-474,-779,745,34
7.99827064418504,1022,543,-479,-782.5,750.5,32
8.00043233895374,1021,543,-478,-782,749.5,32.5
8.00259403372244,1022,543,-479,-782.5,750.5,32
8.00475572849114,1022,543,-479,-782.5,750.5,32
8.00691742325984,1022,543,-479,-782.5,750.5,32
8.00907911802853,1021,543,-478,-782,749.5,32.5
8.01124081279723,1022,543,-479,-782.5,750.5,32
8.01340250756593,1022,543,-479,-782.5,750.5,32
8.01556420233463,1021,543,-478,-782,749.5,32.5
8.01772589710333,1021,543,-478,-782,749.5,32.5
8.01988759187203,1022,543,-479,-782.5,750.5,32
8.02204928664073,1023,543,-480,-783,751.5,31.5
8.02421098140942,1021,543,-478,-782,749.5,32.5
8.02637267617812,1022,543,-479,-782.5,750.5,32
8.02853437094682,1022,543,-479,-782.5,750.5,32
8.03069606571552,1021,543,-478,-782,749.5,32.5
8.03285776048422,1022,543,-479,-782.5,750.5,32
8.03501945525292,1021,543,-478,-782,749.5,32.5
8.03718115002162,1022,542,-480,-782,751,31
8.03934284479032,1022,543,-479,-782.5,750.5,32
8.04150453955901,1022,543,-479,-782.5,750.5,32
8.04366623432771,1022,543,-479,-782.5,750.5,32
8.04582792909641,1021,542,-479,-781.5,750,31.5
8.04798962386511,1022,543,-479,-782.5,750.5,32
8.05015131863381,1021,543,-478,-782,749.5,32.5
8.05231301340251,1021,543,-478,-782,749.5,32.5
8.05447470817121,1022,543,-479,-782.5,750.5,32
8.0566364029399,1021,543,-478,-782,749.5,32.5
8.0587980977086,1023,543,-480,-783,751.5,31.5
8.0609597924773,1023,543,-480,-783,751.5,31.5
8.063121487246,1021,543,-478,-782,749.5,32.5
8.0652831820147,1021,542,-479,-781.5,750,31.5
8.0674448767834,1023,543,-480,-783,751.5,31.5
8.0696065715521,1023,543,-480,-783,751.5,31.5
8.0717682663208,1019,543,-476,-781,747.5,33.5
8.07392996108949,1021,543,-478,-782,749.5,32.5
8.07609165585819,1021,543,-478,-782,749.5,32.5
8.07825335062689,1022,543,-479,-782.5,750.5,32
8.08041504539559,1020,543,-477,-781.5,748.5,33
8.08257674016429,1021,543,-478,-782,749.5,32.5
8.08473843493299,1021,543,-478,-782,749.5,32.5
8.08690012970169,1021,542,-479,-781.5,750,31.5
8.08906182447038,1022,543,-479,-782.5,750.5,32
8.09122351923908,1022,543,-479,-782.5,750.5,32
8.09338521400778,1021,543,-478,-782,749.5,32.5
8.09554690877648,1020,542,-478,-781,749,32
8.09770860354518,1017,543,-474,-780,745.5,34.5
8.09987029831388,1009,543,-466,-776,737.5,38.5
8.10203199308258,1000,543,-457,-771.5,728.5,43
8.10419368785128,998,543,-455,-770.5,726.5,44
8.10635538261997,1003,543,-460,-773,731.5,41.5
8.10851707738867,1006,543,-463,-774.5,734.5,40
8.11067877215737,1007,543,-464,-775,735.5,39.5
8.11284046692607,1008,543,-465,-775.5,736.5,39
8.11500216169477,1013,543,-470,-778,741.5,36.5
8.11716385646347,1014,543,-471,-778.5,742.5,36
8.11932555123217,1014,543,-471,-778.5,742.5,36
8.12148724600086,1018,543,-475,-780.5,746.5,34
8.12364894076956,1014,543,-471,-778.5,742.5,36
8.12581063553826,1007,543,-464,-775,735.5,39.5
8.12797233030696,999,543,-456,-771,727.5,43.5
8.13013402507566,1000,543,-457,-771.5,728.5,43
8.13229571984436,1001,543,-458,-772,729.5,42.5
8.13445741461306,1005,543,-462,-774,733.5,40.5
8.13661910938175,1011,543,-468,-777,739.5,37.5
8.13878080415045,1013,543,-470,-778,741.5,36.5
8.14094249891915,1020,543,-477,-781.5,748.5,33
8.14310419368785,1020,543,-477,-781.5,748.5,33
8.14526588845655,1022,543,-479,-782.5,750.5,32
8.14742758322525,1022,543,-479,-782.5,750.5,32
8.14958927799395,1023,542,-481,-782.5,752,30.5
8.15175097276265,1020,543,-477,-781.5,748.5,33
8.15391266753134,1015,543,-472,-779,743.5,35.5
8.15607436230004,1016,543,-473,-779.5,744.5,35
8.15823605706874,1016,542,-474,-779,745,34
8.16039775183744,1013,543,-470,-778,741.5,36.5
8.16255944660614,1003,543,-460,-773,731.5,41.5
8.16472114137484,995,543,-452,-769,723.5,45.5
8.16688283614354,988,543,-445,-765.5,716.5,49
8.16904453091223,987,543,-444,-765,715.5,49.5
8.17120622568093,993,543,-450,-768,721.5,46.5
8.17336792044963,996,543,-453,-769.5,724.5,45
8.17552961521833,999,543,-456,-771,727.5,43.5
8.17769130998703,1013,543,-470,-778,741.5,36.5
8.17985300475573,1022,543,-479,-782.5,750.5,32
8.18201469952443,1021,543,-478,-782,749.5,32.5
8.18417639429313,1021,543,-478,-782,749.5,32.5
8.18633808906182,1022,543,-479,-782.5,750.5,32
8.18849978383052,1021,543,-478,-782,749.5,32.5
8.19066147859922,1021,543,-478,-782,749.5,32.5
8.19282317336792,1021,543,-478,-782,749.5,32.5
8.19498486813662,1022,543,-479,-782.5,750.5,32
8.19714656290532,1021,543,-478,-782,749.5,32.5
8.19930825767402,1022,543,-479,-782.5,750.5,32
8.20146995244271,1023,543,-480,-783,751.5,31.5
8.20363164721141,1021,543,-478,-782,749.5,32.5
8.20579334198011,1022,543,-479,-782.5,750.5,32
8.20795503674881,1020,543,-477,-781.5,748.5,33
8.21011673151751,1020,543,-477,-781.5,748.5,33
8.21227842628621,1021,543,-478,-782,749.5,32.5
8.21444012105491,1022,543,-479,-782.5,750.5,32
8.2166018158236,1009,543,-466,-776,737.5,38.5
8.2187635105923,993,543,-450,-768,721.5,46.5
8.220925205361,979,543,-436,-761,707.5,53.5
8.2230869001297,975,543,-432,-759,703.5,55.5
8.2252485948984,973,542,-431,-757.5,702,55.5
8.2274102896671,973,543,-430,-758,701.5,56.5
8.2295719844358,982,543,-439,-762.5,710.5,52
8.2317336792045,990,543,-447,-766.5,718.5,48
8.23389537397319,994,543,-451,-768.5,722.5,46
8.23605706874189,990,543,-447,-766.5,718.5,48
8.23821876351059,985,543,-442,-764,713.5,50.5
8.24038045827929,986,543,-443,-764.5,714.5,50
8.24254215304799,991,543,-448,-767,719.5,47.5
8.24470384781669,992,543,-449,-767.5,720.5,47
8.24686554258539,990,543,-447,-766.5,718.5,48
8.24902723735408,995,543,-452,-769,723.5,45.5
8.25118893212278,993,543,-450,-768,721.5,46.5
8.25335062689148,991,543,-448,-767,719.5,47.5
8.25551232166018,990,543,-447,-766.5,718.5,48
8.25767401642888,992,543,-449,-767.5,720.5,47
8.25983571119758,992,542,-450,-767,721,46
8.26199740596628,995,543,-452,-769,723.5,45.5
8.26415910073498,997,543,-454,-770,725.5,44.5
8.26632079550367,996,543,-453,-769.5,724.5,45
8.26848249027237,998,543,-455,-770.5,726.5,44
8.27064418504107,997,543,-454,-770,725.5,44.5
8.27280587980977,1003,543,-460,-773,731.5,41.5
8.27496757457847,1009,543,-466,-776,737.5,38.5
8.27712926934717,1020,542,-478,-781,749,32
8.27929096411587,1022,543,-479,-782.5,750.5,32
8.28145265888456,1023,542,-481,-782.5,752,30.5
8.28361435365326,1020,543,-477,-781.5,748.5,33
8.28577604842196,1021,543,-478,-782,749.5,32.5
8.28793774319066,1012,542,-470,-777,741,36
8.29009943795936,1006,543,-463,-774.5,734.5,40
8.29226113272806,1002,543,-459,-772.5,730.5,42
8.29442282749676,1005,543,-462,-774,733.5,40.5
8.29658452226546,1012,543,-469,-777.5,740.5,37
8.29874621703415,1015,543,-472,-779,743.5,35.5
8.30090791180285,1016,543,-473,-779.5,744.5,35
8.30306960657155,1017,543,-474,-780,745.5,34.5
8.30523130134025,1021,543,-478,-782,749.5,32.5
8.30739299610895,1021,543,-478,-782,749.5,32.5
8.30955469087765,1022,543,-479,-782.5,750.5,32
8.31171638564635,1022,543,-479,-782.5,750.5,32
8.31387808041504,1021,543,-478,-782,749.5,32.5
8.31603977518374,1021,543,-478,-782,749.5,32.5
8.31820146995244,1016,543,-473,-779.5,744.5,35
8.32036316472114,1019,543,-476,-781,747.5,33.5
8.32252485948984,1022,542,-480,-782,751,31
8.32468655425854,1020,543,-477,-781.5,748.5,33
8.32684824902724,1021,543,-478,-782,749.5,32.5
8.32900994379593,1021,543,-478,-782,749.5,32.5
8.33117163856463,1020,543,-477,-781.5,748.5,33
8.33333333333333,1021,543,-478,-782,749.5,32.5
8.33549502810203,1022,543,-479,-782.5,750.5,32
8.33765672287073,1022,543,-479,-782.5,750.5,32
8.33981841763943,1023,543,-480,-783,751.5,31.5
8.34198011240813,1022,543,-479,-782.5,750.5,32
8.34414180717683,1021,543,-478,-782,749.5,32.5
8.34630350194552,1021,543,-478,-782,749.5,32.5
8.34846519671422,1022,543,-479,-782.5,750.5,32
8.35062689148292,1020,543,-477,-781.5,748.5,33
8.35278858625162,1021,543,-478,-782,749.5,32.5
8.35495028102032,1021,543,-478,-782,749.5,32.5
8.35711197578902,1021,543,-478,-782,749.5,32.5
8.35927367055772,1023,543,-480,-783,751.5,31.5
8.36143536532641,1022,543,-479,-782.5,750.5,32
8.36359706009511,1022,543,-479,-782.5,750.5,32
8.36575875486381,1021,543,-478,-782,749.5,32.5
8.36792044963251,1020,542,-478,-781,749,32
8.37008214440121,1022,543,-479,-782.5,750.5,32
8.37224383916991,1021,543,-478,-782,749.5,32.5
8.37440553393861,1021,543,-478,-782,749.5,32.5
8.37656722870731,1022,543,-479,-782.5,750.5,32
8.37872892347601,1023,543,-480,-783,751.5,31.5
8.3808906182447,1021,542,-479,-781.5,750,31.5
8.3830523130134,1022,543,-479,-782.5,750.5,32
8.3852140077821,1021,543,-478,-782,749.5,32.5
8.3873757025508,1022,543,-479,-782.5,750.5,32
8.3895373973195,1022,543,-479,-782.5,750.5,32
8.3916990920882,1022,543,-479,-782.5,750.5,32
8.3938607868569,1021,543,-478,-782,749.5,32.5
8.39602248162559,1022,543,-479,-782.5,750.5,32
8.39818417639429,1022,543,-479,-782.5,750.5,32
8.40034587116299,1021,543,-478,-782,749.5,32.5
8.40250756593169,1020,543,-477,-781.5,748.5,33
8.40466926070039,1023,542,-481,-782.5,752,30.5
8.40683095546909,1023,543,-480,-783,751.5,31.5
8.40899265023779,1021,543,-478,-782,749.5,32.5
8.41115434500649,1022,543,-479,-782.5,750.5,32
8.41331603977518,1023,543,-480,-783,751.5,31.5
8.41547773454388,1023,542,-481,-782.5,752,30.5
8.41763942931258,1022,543,-479,-782.5,750.5,32
8.41980112408128,1021,543,-478,-782,749.5,32.5
8.42196281884998,1021,543,-478,-782,749.5,32.5
8.42412451361868,1020,543,-477,-781.5,748.5,33
8.42628620838738,1021,543,-478,-782,749.5,32.5
8.42844790315607,1022,543,-479,-782.5,750.5,32
8.43060959792477,1022,543,-479,-782.5,750.5,32
8.43277129269347,1022,543,-479,-782.5,750.5,32
8.43493298746217,1021,543,-478,-782,749.5,32.5
8.43709468223087,1021,543,-478,-782,749.5,32.5
8.43925637699957,1022,542,-480,-782,751,31
8.44141807176827,1021,543,-478,-782,749.5,32.5
8.44357976653697,1022,543,-479,-782.5,750.5,32
8.44574146130566,1020,543,-477,-781.5,748.5,33
8.44790315607436,1021,543,-478,-782,749.5,32.5
8.45006485084306,1021,543,-478,-782,749.5,32.5
8.45222654561176,1022,543,-479,-782.5,750.5,32
8.45438824038046,1022,543,-479,-782.5,750.5,32
8.45654993514916,1021,543,-478,-782,749.5,32.5
8.45871162991786,1022,543,-479,-782.5,750.5,32
8.46087332468655,1021,543,-478,-782,749.5,32.5
8.46303501945525,1022,543,-479,-782.5,750.5,32
8.46519671422395,1020,542,-478,-781,749,32
8.46735840899265,1021,543,-478,-782,749.5,32.5
8.46952010376135,1020,543,-477,-781.5,748.5,33
8.47168179853005,1021,543,-478,-782,749.5,32.5
8.47384349329875,1021,543,-478,-782,749.5,32.5
8.47600518806744,1020,543,-477,-781.5,748.5,33
8.47816688283614,1022,542,-480,-782,751,31
8.48032857760484,1022,543,-479,-782.5,750.5,32
8.48249027237354,1022,543,-479,-782.5,750.5,32
8.48465196714224,1023,543,-480,-783,751.5,31.5
8.48681366191094,1022,543,-479,-782.5,750.5,32
8.48897535667964,1019,543,-476,-781,747.5,33.5
8.49113705144834,1009,543,-466,-776,737.5,38.5
8.49329874621703,995,542,-453,-768.5,724,44.5
8.49546044098573,985,543,-442,-764,713.5,50.5
8.49762213575443,979,543,-436,-761,707.5,53.5
8.49978383052313,983,543,-440,-763,711.5,51.5
8.50194552529183,996,543,-453,-769.5,724.5,45
8.50410722006053,1007,543,-464,-775,735.5,39.5
8.50626891482923,1015,543,-472,-779,743.5,35.5
8.50843060959792,1011,543,-468,-777,739.5,37.5
8.51059230436662,1009,543,-466,-776,737.5,38.5
8.51275399913532,1007,543,-464,-775,735.5,39.5
8.51491569390402,1008,543,-465,-775.5,736.5,39
8.51707738867272,1008,543,-465,-775.5,736.5,39
8.51923908344142,1007,543,-464,-775,735.5,39.5
8.52140077821012,1001,543,-458,-772,729.5,42.5
8.52356247297882,1000,543,-457,-771.5,728.5,43
8.52572416774751,999,543,-456,-771,727.5,43.5
8.52788586251621,998,543,-455,-770.5,726.5,44
8.53004755728491,998,543,-455,-770.5,726.5,44
8.53220925205361,1003,543,-460,-773,731.5,41.5
8.53437094682231,1004,543,-461,-773.5,732.5,41
8.53653264159101,1004,543,-461,-773.5,732.5,41
8.53869433635971,1004,543,-461,-773.5,732.5,41
8.5408560311284,1011,543,-468,-777,739.5,37.5
8.5430177258971,1015,543,-472,-779,743.5,35.5
8.5451794206658,1018,543,-475,-780.5,746.5,34
8.5473411154345,1016,543,-473,-779.5,744.5,35
8.5495028102032,1011,543,-468,-777,739.5,37.5
8.5516645049719,1005,543,-462,-774,733.5,40.5
8.5538261997406,1000,543,-457,-771.5,728.5,43
8.5559878945093,1003,543,-460,-773,731.5,41.5
8.55814958927799,1003,543,-460,-773,731.5,41.5
8.56031128404669,1008,542,-466,-775,737,38
8.56247297881539,1013,543,-470,-778,741.5,36.5
8.56463467358409,1021,543,-478,-782,749.5,32.5
8.56679636835279,1022,542,-480,-782,751,31
8.56895806312149,1022,543,-479,-782.5,750.5,32
8.57111975789019,1021,543,-478,-782,749.5,32.5
8.57328145265888,1021,543,-478,-782,749.5,32.5
8.57544314742758,1022,543,-479,-782.5,750.5,32
8.57760484219628,1020,543,-477,-781.5,748.5,33
8.57976653696498,1017,543,-474,-780,745.5,34.5
8.58192823173368,1018,542,-476,-780,747,33
8.58408992650238,1023,543,-480,-783,751.5,31.5
8.58625162127108,1021,543,-478,-782,749.5,32.5
8.58841331603977,1019,542,-477,-780.5,748,32.5
8.59057501080847,1013,542,-471,-777.5,742,35.5
8.59273670557717,1015,543,-472,-779,743.5,35.5
8.59489840034587,1018,543,-475,-780.5,746.5,34
8.59706009511457,1019,543,-476,-781,747.5,33.5
8.59922178988327,1020,542,-478,-781,749,32
8.60138348465197,1016,543,-473,-779.5,744.5,35
8.60354517942067,1014,542,-472,-778,743,35
8.60570687418936,1015,543,-472,-779,743.5,35.5
8.60786856895806,1016,543,-473,-779.5,744.5,35
8.61003026372676,1016,543,-473,-779.5,744.5,35
8.61219195849546,1020,543,-477,-781.5,748.5,33
8.61435365326416,1022,543,-479,-782.5,750.5,32
8.61651534803286,1021,543,-478,-782,749.5,32.5
8.61867704280156,1022,543,-479,-782.5,750.5,32
8.62083873757025,1022,543,-479,-782.5,750.5,32
8.62300043233895,1022,543,-479,-782.5,750.5,32
8.62516212710765,1023,543,-480,-783,751.5,31.5
8.62732382187635,1022,543,-479,-782.5,750.5,32
8.62948551664505,1021,543,-478,-782,749.5,32.5
8.63164721141375,1021,543,-478,-782,749.5,32.5
8.63380890618245,1022,543,-479,-782.5,750.5,32
8.63597060095115,1021,543,-478,-782,749.5,32.5
8.63813229571984,1021,543,-478,-782,749.5,32.5
8.64029399048854,1021,543,-478,-782,749.5,32.5
8.64245568525724,1020,543,-477,-781.5,748.5,33
8.64461738002594,1022,542,-480,-782,751,31
8.64677907479464,1022,543,-479,-782.5,750.5,32
8.64894076956334,1022,543,-479,-782.5,750.5,32
8.65110246433204,1022,543,-479,-782.5,750.5,32
8.65326415910073,1020,543,-477,-781.5,748.5,33
8.65542585386943,1016,543,-473,-779.5,744.5,35
8.65758754863813,1016,543,-473,-779.5,744.5,35
8.65974924340683,1021,543,-478,-782,749.5,32.5
8.66191093817553,1021,543,-478,-782,749.5,32.5
8.66407263294423,1020,543,-477,-781.5,748.5,33
8.66623432771293,1021,543,-478,-782,749.5,32.5
8.66839602248162,1022,543,-479,-782.5,750.5,32
8.67055771725032,1021,543,-478,-782,749.5,32.5
8.67271941201902,1022,542,-480,-782,751,31
8.67488110678772,1020,543,-477,-781.5,748.5,33
8.67704280155642,1013,543,-470,-778,741.5,36.5
8.67920449632512,1011,543,-468,-777,739.5,37.5
8.68136619109382,1010,543,-467,-776.5,738.5,38
8.68352788586252,1007,542,-465,-774.5,736,38.5
8.68568958063121,1005,543,-462,-774,733.5,40.5
8.68785127539991,1014,542,-472,-778,743,35
8.69001297016861,1020,543,-477,-781.5,748.5,33
8.69217466493731,1022,543,-479,-782.5,750.5,32
8.69433635970601,1021,543,-478,-782,749.5,32.5
8.69649805447471,1022,543,-479,-782.5,750.5,32
8.69865974924341,1022,543,-479,-782.5,750.5,32
8.7008214440121,1021,543,-478,-782,749.5,32.5
8.7029831387808,1021,543,-478,-782,749.5,32.5
8.7051448335495,1021,543,-478,-782,749.5,32.5
8.7073065283182,1020,543,-477,-781.5,748.5,33
8.7094682230869,1021,543,-478,-782,749.5,32.5
8.7116299178556,1021,543,-478,-782,749.5,32.5
8.7137916126243,1020,543,-477,-781.5,748.5,33
8.715953307393,1021,543,-478,-782,749.5,32.5
8.71811500216169,1020,543,-477,-781.5,748.5,33
8.72027669693039,1021,543,-478,-782,749.5,32.5
8.72243839169909,1022,543,-479,-782.5,750.5,32
8.72460008646779,1022,543,-479,-782.5,750.5,32
8.72676178123649,1021,543,-478,-782,749.5,32.5
8.72892347600519,1021,543,-478,-782,749.5,32.5
8.73108517077389,1023,543,-480,-783,751.5,31.5
8.73324686554258,1021,543,-478,-782,749.5,32.5
8.73540856031128,1021,543,-478,-782,749.5,32.5
8.73757025507998,1022,543,-479,-782.5,750.5,32
8.73973194984868,1022,543,-479,-782.5,750.5,32
8.74189364461738,1021,543,-478,-782,749.5,32.5
8.74405533938608,1023,542,-481,-782.5,752,30.5
8.74621703415478,1023,543,-480,-783,751.5,31.5
8.74837872892348,1021,543,-478,-782,749.5,32.5
8.75054042369217,1022,543,-479,-782.5,750.5,32
8.75270211846087,1022,543,-479,-782.5,750.5,32
8.75486381322957,1021,543,-478,-782,749.5,32.5
8.75702550799827,1021,543,-478,-782,749.5,32.5
8.75918720276697,1022,543,-479,-782.5,750.5,32
8.76134889753567,1023,543,-480,-783,751.5,31.5
8.76351059230437,1020,542,-478,-781,749,32
8.76567228707306,1022,543,-479,-782.5,750.5,32
8.76783398184176,1023,543,-480,-783,751.5,31.5
8.76999567661046,1021,543,-478,-782,749.5,32.5
8.77215737137916,1022,543,-479,-782.5,750.5,32
8.77431906614786,1022,543,-479,-782.5,750.5,32
8.77648076091656,1019,543,-476,-781,747.5,33.5
8.77864245568526,1020,543,-477,-781.5,748.5,33
8.78080415045395,1021,543,-478,-782,749.5,32.5
8.78296584522265,1021,543,-478,-782,749.5,32.5
8.78512753999135,1022,543,-479,-782.5,750.5,32
8.78728923476005,1022,543,-479,-782.5,750.5,32
8.78945092952875,1021,543,-478,-782,749.5,32.5
8.79161262429745,1021,543,-478,-782,749.5,32.5
8.79377431906615,1022,543,-479,-782.5,750.5,32
8.79593601383485,1021,543,-478,-782,749.5,32.5
8.79809770860354,1016,542,-474,-779,745,34
8.80025940337224,1006,542,-464,-774,735,39
8.80242109814094,1011,543,-468,-777,739.5,37.5
8.80458279290964,1006,542,-464,-774,735,39
8.80674448767834,1013,543,-470,-778,741.5,36.5
8.80890618244704,1009,543,-466,-776,737.5,38.5
8.81106787721574,1011,543,-468,-777,739.5,37.5
8.81322957198443,1010,543,-467,-776.5,738.5,38
8.81539126675313,1012,543,-469,-777.5,740.5,37
8.81755296152183,1013,543,-470,-778,741.5,36.5
8.81971465629053,1013,543,-470,-778,741.5,36.5
8.82187635105923,1008,543,-465,-775.5,736.5,39
8.82403804582793,1001,543,-458,-772,729.5,42.5
8.82619974059663,999,543,-456,-771,727.5,43.5
8.82836143536533,999,543,-456,-771,727.5,43.5
8.83052313013402,1006,542,-464,-774,735,39
8.83268482490272,1014,543,-471,-778.5,742.5,36
8.83484651967142,1018,543,-475,-780.5,746.5,34
8.83700821444012,1021,542,-479,-781.5,750,31.5
8.83916990920882,1021,543,-478,-782,749.5,32.5
8.84133160397752,1020,543,-477,-781.5,748.5,33
8.84349329874622,1020,543,-477,-781.5,748.5,33
8.84565499351491,1020,542,-478,-781,749,32
8.84781668828361,1023,543,-480,-783,751.5,31.5
8.84997838305231,1010,543,-467,-776.5,738.5,38
8.85214007782101,996,542,-454,-769,725,44
8.85430177258971,981,543,-438,-762,709.5,52.5
8.85646346735841,974,543,-431,-758.5,702.5,56
8.85862516212711,978,543,-435,-760.5,706.5,54
8.86078685689581,993,543,-450,-768,721.5,46.5
8.8629485516645,1002,543,-459,-772.5,730.5,42
8.8651102464332,1009,543,-466,-776,737.5,38.5
8.8672719412019,1014,543,-471,-778.5,742.5,36
8.8694336359706,1021,543,-478,-782,749.5,32.5
8.8715953307393,1021,542,-479,-781.5,750,31.5
8.873757025508,1022,543,-479,-782.5,750.5,32
8.8759187202767,1021,543,-478,-782,749.5,32.5
8.8780804150454,1023,543,-480,-783,751.5,31.5
8.88024210981409,1022,543,-479,-782.5,750.5,32
8.88240380458279,1022,543,-479,-782.5,750.5,32
8.88456549935149,1022,543,-479,-782.5,750.5,32
8.88672719412019,1022,543,-479,-782.5,750.5,32
8.88888888888889,1021,543,-478,-782,749.5,32.5
8.89105058365759,1021,543,-478,-782,749.5,32.5
8.89321227842629,1022,543,-479,-782.5,750.5,32
8.89537397319499,1022,542,-480,-782,751,31
8.89753566796368,1023,543,-480,-783,751.5,31.5
8.89969736273238,1023,543,-480,-783,751.5,31.5
8.90185905750108,1023,542,-481,-782.5,752,30.5
8.90402075226978,1022,542,-480,-782,751,31
8.90618244703848,1023,542,-481,-782.5,752,30.5
8.90834414180718,986,543,-443,-764.5,714.5,50
8.91050583657588,961,543,-418,-752,689.5,62.5
8.91266753134457,950,543,-407,-746.5,678.5,68
8.91482922611327,947,543,-404,-745,675.5,69.5
8.91699092088197,951,543,-408,-747,679.5,67.5
8.91915261565067,961,543,-418,-752,689.5,62.5
8.92131431041937,971,543,-428,-757,699.5,57.5
8.92347600518807,979,543,-436,-761,707.5,53.5
8.92563769995677,987,543,-444,-765,715.5,49.5
8.92779939472547,992,543,-449,-767.5,720.5,47
8.92996108949416,994,543,-451,-768.5,722.5,46
8.93212278426286,1001,543,-458,-772,729.5,42.5
8.93428447903156,1003,543,-460,-773,731.5,41.5
8.93644617380026,1009,543,-466,-776,737.5,38.5
8.93860786856896,1013,543,-470,-778,741.5,36.5
8.94076956333766,1007,543,-464,-775,735.5,39.5
8.94293125810636,995,543,-452,-769,723.5,45.5
8.94509295287505,984,542,-442,-763,713,50
8.94725464764375,979,543,-436,-761,707.5,53.5
8.94941634241245,987,543,-444,-765,715.5,49.5
8.95157803718115,997,543,-454,-770,725.5,44.5
8.95373973194985,1009,543,-466,-776,737.5,38.5
8.95590142671855,1021,543,-478,-782,749.5,32.5
8.95806312148725,1022,543,-479,-782.5,750.5,32
8.96022481625594,1021,543,-478,-782,749.5,32.5
8.96238651102464,1015,543,-472,-779,743.5,35.5
8.96454820579334,1006,543,-463,-774.5,734.5,40
8.96670990056204,1000,543,-457,-771.5,728.5,43
8.96887159533074,1000,543,-457,-771.5,728.5,43
8.97103329009944,1004,543,-461,-773.5,732.5,41
8.97319498486814,1013,543,-470,-778,741.5,36.5
8.97535667963684,1016,543,-473,-779.5,744.5,35
8.97751837440553,1019,543,-476,-781,747.5,33.5
8.97968006917423,1019,543,-476,-781,747.5,33.5
8.98184176394293,1016,543,-473,-779.5,744.5,35
8.98400345871163,1007,543,-464,-775,735.5,39.5
8.98616515348033,1007,543,-464,-775,735.5,39.5
8.98832684824903,1007,543,-464,-775,735.5,39.5
8.99048854301773,1003,543,-460,-773,731.5,41.5
8.99265023778642,1012,543,-469,-777.5,740.5,37
8.99481193255512,1020,543,-477,-781.5,748.5,33
8.99697362732382,1022,543,-479,-782.5,750.5,32
8.99913532209252,1021,543,-478,-782,749.5,32.5
9.00129701686122,1021,543,-478,-782,749.5,32.5
9.00345871162992,1022,543,-479,-782.5,750.5,32
9.00562040639862,1022,543,-479,-782.5,750.5,32
9.00778210116732,1021,543,-478,-782,749.5,32.5
9.00994379593601,1020,542,-478,-781,749,32
9.01210549070471,1020,543,-477,-781.5,748.5,33
9.01426718547341,1021,543,-478,-782,749.5,32.5
9.01642888024211,1021,543,-478,-782,749.5,32.5
9.01859057501081,1022,543,-479,-782.5,750.5,32
9.02075226977951,1023,542,-481,-782.5,752,30.5
9.02291396454821,1021,543,-478,-782,749.5,32.5
9.0250756593169,1022,543,-479,-782.5,750.5,32
9.0272373540856,1021,543,-478,-782,749.5,32.5
9.0293990488543,1021,543,-478,-782,749.5,32.5
9.031560743623,1022,543,-479,-782.5,750.5,32
9.0337224383917,1021,543,-478,-782,749.5,32.5
9.0358841331604,1022,543,-479,-782.5,750.5,32
9.0380458279291,1021,543,-478,-782,749.5,32.5
9.04020752269779,1021,543,-478,-782,749.5,32.5
9.04236921746649,1021,543,-478,-782,749.5,32.5
9.04453091223519,1022,543,-479,-782.5,750.5,32
9.04669260700389,1021,543,-478,-782,749.5,32.5
9.04885430177259,1021,543,-478,-782,749.5,32.5
9.05101599654129,1021,543,-478,-782,749.5,32.5
9.05317769130999,1023,543,-480,-783,751.5,31.5
9.05533938607869,1021,543,-478,-782,749.5,32.5
9.05750108084738,1021,543,-478,-782,749.5,32.5
9.05966277561608,1020,543,-477,-781.5,748.5,33
9.06182447038478,1023,542,-481,-782.5,752,30.5
9.06398616515348,1021,543,-478,-782,749.5,32.5
9.06614785992218,1022,543,-479,-782.5,750.5,32
9.06830955469088,1021,543,-478,-782,749.5,32.5
9.07047124945958,1021,543,-478,-782,749.5,32.5
9.07263294422827,1022,543,-479,-782.5,750.5,32
9.07479463899697,1022,543,-479,-782.5,750.5,32
9.07695633376567,1023,543,-480,-783,751.5,31.5
9.07911802853437,1021,543,-478,-782,749.5,32.5
9.08127972330307,1023,543,-480,-783,751.5,31.5
9.08344141807177,1019,543,-476,-781,747.5,33.5
9.08560311284047,1021,543,-478,-782,749.5,32.5
9.08776480760917,1023,543,-480,-783,751.5,31.5
9.08992650237786,1021,543,-478,-782,749.5,32.5
9.09208819714656,1020,543,-477,-781.5,748.5,33
9.09424989191526,1020,543,-477,-781.5,748.5,33
9.09641158668396,1021,543,-478,-782,749.5,32.5
9.09857328145266,1022,543,-479,-782.5,750.5,32
9.10073497622136,1022,543,-479,-782.5,750.5,32
9.10289667099006,1023,543,-480,-783,751.5,31.5
9.10505836575875,1020,543,-477,-781.5,748.5,33
9.10722006052745,1022,543,-479,-782.5,750.5,32
9.10938175529615,1022,543,-479,-782.5,750.5,32
9.11154345006485,1021,543,-478,-782,749.5,32.5
9.11370514483355,1022,543,-479,-782.5,750.5,32
9.11586683960225,1022,543,-479,-782.5,750.5,32
9.11802853437095,1021,543,-478,-782,749.5,32.5
9.12019022913965,1023,542,-481,-782.5,752,30.5
9.12235192390834,1021,543,-478,-782,749.5,32.5
9.12451361867704,1023,542,-481,-782.5,752,30.5
9.12667531344574,1021,543,-478,-782,749.5,32.5
9.12883700821444,1021,543,-478,-782,749.5,32.5
9.13099870298314,1020,543,-477,-781.5,748.5,33
9.13316039775184,1022,542,-480,-782,751,31
9.13532209252054,1022,543,-479,-782.5,750.5,32
9.13748378728923,1021,543,-478,-782,749.5,32.5
9.13964548205793,1022,543,-479,-782.5,750.5,32
9.14180717682663,1022,543,-479,-782.5,750.5,32
9.14396887159533,1020,543,-477,-781.5,748.5,33
9.14613056636403,1021,543,-478,-782,749.5,32.5
9.14829226113273,1022,543,-479,-782.5,750.5,32
9.15045395590143,1022,543,-479,-782.5,750.5,32
9.15261565067012,1021,543,-478,-782,749.5,32.5
9.15477734543882,1021,543,-478,-782,749.5,32.5
9.15693904020752,1022,543,-479,-782.5,750.5,32
9.15910073497622,1021,543,-478,-782,749.5,32.5
9.16126242974492,1021,543,-478,-782,749.5,32.5
9.16342412451362,1022,543,-479,-782.5,750.5,32
9.16558581928232,1021,543,-478,-782,749.5,32.5
9.16774751405102,1021,543,-478,-782,749.5,32.5
9.16990920881971,1022,543,-479,-782.5,750.5,32
9.17207090358841,1014,543,-471,-778.5,742.5,36
9.17423259835711,1009,543,-466,-776,737.5,38.5
9.17639429312581,1010,543,-467,-776.5,738.5,38
9.17855598789451,1018,543,-475,-780.5,746.5,34
9.18071768266321,1018,543,-475,-780.5,746.5,34
9.18287937743191,1017,542,-475,-779.5,746,33.5
9.1850410722006,1021,543,-478,-782,749.5,32.5
9.1872027669693,1023,542,-481,-782.5,752,30.5
9.189364461738,1022,542,-480,-782,751,31
9.1915261565067,1022,543,-479,-782.5,750.5,32
9.1936878512754,1021,543,-478,-782,749.5,32.5
9.1958495460441,1023,543,-480,-783,751.5,31.5
9.1980112408128,1021,543,-478,-782,749.5,32.5
9.2001729355815,1020,543,-477,-781.5,748.5,33
9.20233463035019,1017,543,-474,-780,745.5,34.5
9.20449632511889,1018,543,-475,-780.5,746.5,34
9.20665801988759,1019,543,-476,-781,747.5,33.5
9.20881971465629,1016,543,-473,-779.5,744.5,35
9.21098140942499,1013,543,-470,-778,741.5,36.5
9.21314310419369,1008,543,-465,-775.5,736.5,39
9.21530479896239,1007,543,-464,-775,735.5,39.5
9.21746649373108,1003,543,-460,-773,731.5,41.5
9.21962818849978,1004,543,-461,-773.5,732.5,41
9.22178988326848,1007,543,-464,-775,735.5,39.5
9.22395157803718,1015,543,-472,-779,743.5,35.5
9.22611327280588,1023,543,-480,-783,751.5,31.5
9.22827496757458,1021,543,-478,-782,749.5,32.5
9.23043666234328,1017,543,-474,-780,745.5,34.5
9.23259835711197,1012,543,-469,-777.5,740.5,37
9.23476005188067,1012,543,-469,-777.5,740.5,37
9.23692174664937,1017,543,-474,-780,745.5,34.5
9.23908344141807,1021,542,-479,-781.5,750,31.5
9.24124513618677,1021,543,-478,-782,749.5,32.5
9.24340683095547,1022,543,-479,-782.5,750.5,32
9.24556852572417,1021,543,-478,-782,749.5,32.5
9.24773022049287,1022,543,-479,-782.5,750.5,32
9.24989191526156,1019,543,-476,-781,747.5,33.5
9.25205361003026,1019,543,-476,-781,747.5,33.5
9.25421530479896,1015,543,-472,-779,743.5,35.5
9.25637699956766,1011,543,-468,-777,739.5,37.5
9.25853869433636,1012,543,-469,-777.5,740.5,37
9.26070038910506,1015,543,-472,-779,743.5,35.5
9.26286208387376,1017,543,-474,-780,745.5,34.5
9.26502377864245,1021,543,-478,-782,749.5,32.5
9.26718547341115,1021,543,-478,-782,749.5,32.5
9.26934716817985,1023,543,-480,-783,751.5,31.5
9.27150886294855,1021,543,-478,-782,749.5,32.5
9.27367055771725,1021,543,-478,-782,749.5,32.5
9.27583225248595,1023,542,-481,-782.5,752,30.5
9.27799394725465,1020,543,-477,-781.5,748.5,33
9.28015564202335,1021,543,-478,-782,749.5,32.5
9.28231733679204,1022,543,-479,-782.5,750.5,32
9.28447903156074,1023,543,-480,-783,751.5,31.5
9.28664072632944,1021,543,-478,-782,749.5,32.5
9.28880242109814,1022,543,-479,-782.5,750.5,32
9.29096411586684,1021,543,-478,-782,749.5,32.5
9.29312581063554,1021,543,-478,-782,749.5,32.5
9.29528750540424,1022,543,-479,-782.5,750.5,32
9.29744920017293,1021,543,-478,-782,749.5,32.5
9.29961089494163,1021,543,-478,-782,749.5,32.5
9.30177258971033,1022,543,-479,-782.5,750.5,32
9.30393428447903,1021,543,-478,-782,749.5,32.5
9.30609597924773,1022,542,-480,-782,751,31
9.30825767401643,1022,543,-479,-782.5,750.5,32
9.31041936878513,1022,542,-480,-782,751,31
9.31258106355383,1022,543,-479,-782.5,750.5,32
9.31474275832252,1021,543,-478,-782,749.5,32.5
9.31690445309122,1022,543,-479,-782.5,750.5,32
9.31906614785992,1022,543,-479,-782.5,750.5,32
9.32122784262862,1021,543,-478,-782,749.5,32.5
9.32338953739732,1023,543,-480,-783,751.5,31.5
9.32555123216602,1022,543,-479,-782.5,750.5,32
9.32771292693472,1023,543,-480,-783,751.5,31.5
9.32987462170341,1021,543,-478,-782,749.5,32.5
9.33203631647211,1021,543,-478,-782,749.5,32.5
9.33419801124081,1021,543,-478,-782,749.5,32.5
9.33635970600951,1019,543,-476,-781,747.5,33.5
9.33852140077821,1022,543,-479,-782.5,750.5,32
9.34068309554691,1021,543,-478,-782,749.5,32.5
9.34284479031561,1020,543,-477,-781.5,748.5,33
9.3450064850843,1021,543,-478,-782,749.5,32.5
9.347168179853,1021,543,-478,-782,749.5,32.5
9.3493298746217,1020,543,-477,-781.5,748.5,33
9.3514915693904,1021,543,-478,-782,749.5,32.5
9.3536532641591,1020,543,-477,-781.5,748.5,33
9.3558149589278,1021,543,-478,-782,749.5,32.5
9.3579766536965,1022,543,-479,-782.5,750.5,32
9.3601383484652,1022,543,-479,-782.5,750.5,32
9.36230004323389,1023,543,-480,-783,751.5,31.5
9.36446173800259,1020,543,-477,-781.5,748.5,33
9.36662343277129,1022,543,-479,-782.5,750.5,32
9.36878512753999,1020,543,-477,-781.5,748.5,33
9.37094682230869,1021,543,-478,-782,749.5,32.5
9.37310851707739,1021,543,-478,-782,749.5,32.5
9.37527021184609,1021,543,-478,-782,749.5,32.5
9.37743190661478,1022,543,-479,-782.5,750.5,32
9.37959360138348,1022,543,-479,-782.5,750.5,32
9.38175529615218,1022,543,-479,-782.5,750.5,32
9.38391699092088,1021,543,-478,-782,749.5,32.5
9.38607868568958,1020,543,-477,-781.5,748.5,33
9.38824038045828,1022,543,-479,-782.5,750.5,32
9.39040207522698,1021,543,-478,-782,749.5,32.5
9.39256376999568,1022,543,-479,-782.5,750.5,32
9.39472546476438,1022,543,-479,-782.5,750.5,32
9.39688715953307,1020,543,-477,-781.5,748.5,33
9.39904885430177,1021,543,-478,-782,749.5,32.5
9.40121054907047,1022,543,-479,-782.5,750.5,32
9.40337224383917,1021,543,-478,-782,749.5,32.5
9.40553393860787,1022,543,-479,-782.5,750.5,32
9.40769563337657,1021,543,-478,-782,749.5,32.5
9.40985732814527,1022,543,-479,-782.5,750.5,32
9.41201902291396,1021,543,-478,-782,749.5,32.5
9.41418071768266,1021,543,-478,-782,749.5,32.5
9.41634241245136,1022,543,-479,-782.5,750.5,32
9.41850410722006,1020,543,-477,-781.5,748.5,33
9.42066580198876,1022,543,-479,-782.5,750.5,32
9.42282749675746,1022,543,-479,-782.5,750.5,32
9.42498919152616,1021,543,-478,-782,749.5,32.5
9.42715088629486,1021,543,-478,-782,749.5,32.5
9.42931258106355,1023,543,-480,-783,751.5,31.5
9.43147427583225,1023,543,-480,-783,751.5,31.5
9.43363597060095,1022,543,-479,-782.5,750.5,32
9.43579766536965,1022,543,-479,-782.5,750.5,32
9.43795936013835,1022,543,-479,-782.5,750.5,32
9.44012105490705,1021,543,-478,-782,749.5,32.5
9.44228274967575,1022,543,-479,-782.5,750.5,32
9.44444444444444,1021,543,-478,-782,749.5,32.5
9.44660613921314,1020,543,-477,-781.5,748.5,33
9.44876783398184,1021,543,-478,-782,749.5,32.5
9.45092952875054,1021,543,-478,-782,749.5,32.5
9.45309122351924,1022,543,-479,-782.5,750.5,32
9.45525291828794,1021,542,-479,-781.5,750,31.5
9.45741461305664,1022,543,-479,-782.5,750.5,32
9.45957630782534,1021,543,-478,-782,749.5,32.5
9.46173800259403,1021,543,-478,-782,749.5,32.5
9.46389969736273,1022,543,-479,-782.5,750.5,32
9.46606139213143,1021,543,-478,-782,749.5,32.5
9.46822308690013,1021,543,-478,-782,749.5,32.5
9.47038478166883,1013,542,-471,-777.5,742,35.5
9.47254647643753,1013,543,-470,-778,741.5,36.5
9.47470817120623,1013,543,-470,-778,741.5,36.5
9.47686986597492,1018,543,-475,-780.5,746.5,34
9.47903156074362,1017,543,-474,-780,745.5,34.5
9.48119325551232,1018,543,-475,-780.5,746.5,34
9.48335495028102,1023,542,-481,-782.5,752,30.5
9.48551664504972,1018,542,-476,-780,747,33
9.48767833981842,1018,543,-475,-780.5,746.5,34
9.48984003458712,1019,543,-476,-781,747.5,33.5
9.49200172935581,1020,543,-477,-781.5,748.5,33
9.49416342412451,1022,543,-479,-782.5,750.5,32
9.49632511889321,1021,543,-478,-782,749.5,32.5
9.49848681366191,1021,543,-478,-782,749.5,32.5
9.50064850843061,1022,543,-479,-782.5,750.5,32
9.50281020319931,1016,543,-473,-779.5,744.5,35
9.50497189796801,1009,543,-466,-776,737.5,38.5
9.50713359273671,1008,543,-465,-775.5,736.5,39
9.5092952875054,1008,543,-465,-775.5,736.5,39
9.5114569822741,1009,543,-466,-776,737.5,38.5
9.5136186770428,1010,543,-467,-776.5,738.5,38
9.5157803718115,1007,543,-464,-775,735.5,39.5
9.5179420665802,1005,543,-462,-774,733.5,40.5
9.5201037613489,1001,543,-458,-772,729.5,42.5
9.5222654561176,1006,543,-463,-774.5,734.5,40
9.52442715088629,1013,543,-470,-778,741.5,36.5
9.52658884565499,1020,543,-477,-781.5,748.5,33
9.52875054042369,1021,543,-478,-782,749.5,32.5
9.53091223519239,1017,543,-474,-780,745.5,34.5
9.53307392996109,1020,543,-477,-781.5,748.5,33
9.53523562472979,1021,543,-478,-782,749.5,32.5
9.53739731949849,1022,542,-480,-782,751,31
9.53955901426719,1020,543,-477,-781.5,748.5,33
9.54172070903588,1021,543,-478,-782,749.5,32.5
9.54388240380458,1023,543,-480,-783,751.5,31.5
9.54604409857328,1023,543,-480,-783,751.5,31.5
9.54820579334198,1023,543,-480,-783,751.5,31.5
9.55036748811068,1022,543,-479,-782.5,750.5,32
9.55252918287938,1020,542,-478,-781,749,32
9.55469087764808,1022,543,-479,-782.5,750.5,32
9.55685257241677,1021,543,-478,-782,749.5,32.5
9.55901426718547,1023,542,-481,-782.5,752,30.5
9.56117596195417,1021,543,-478,-782,749.5,32.5
9.56333765672287,1022,543,-479,-782.5,750.5,32
9.56549935149157,1022,543,-479,-782.5,750.5,32
9.56766104626027,1020,543,-477,-781.5,748.5,33
9.56982274102897,1020,543,-477,-781.5,748.5,33
9.57198443579767,989,543,-446,-766,717.5,48.5
9.57414613056636,965,543,-422,-754,693.5,60.5
9.57630782533506,951,543,-408,-747,679.5,67.5
9.57846952010376,947,543,-404,-745,675.5,69.5
9.58063121487246,956,543,-413,-749.5,684.5,65
9.58279290964116,969,543,-426,-756,697.5,58.5
9.58495460440986,979,543,-436,-761,707.5,53.5
9.58711629917856,992,543,-449,-767.5,720.5,47
9.58927799394725,999,543,-456,-771,727.5,43.5
9.59143968871595,1000,543,-457,-771.5,728.5,43
9.59360138348465,998,543,-455,-770.5,726.5,44
9.59576307825335,992,543,-449,-767.5,720.5,47
9.59792477302205,994,543,-451,-768.5,722.5,46
9.60008646779075,997,543,-454,-770,725.5,44.5
9.60224816255945,997,543,-454,-770,725.5,44.5
9.60440985732814,999,543,-456,-771,727.5,43.5
9.60657155209684,1000,543,-457,-771.5,728.5,43
9.60873324686554,1000,543,-457,-771.5,728.5,43
9.61089494163424,1000,543,-457,-771.5,728.5,43
9.61305663640294,998,543,-455,-770.5,726.5,44
9.61521833117164,1000,543,-457,-771.5,728.5,43
9.61738002594034,1005,543,-462,-774,733.5,40.5
9.61954172070904,1001,543,-458,-772,729.5,42.5
9.62170341547773,1001,543,-458,-772,729.5,42.5
9.62386511024643,1002,543,-459,-772.5,730.5,42
9.62602680501513,1002,543,-459,-772.5,730.5,42
9.62818849978383,999,543,-456,-771,727.5,43.5
9.63035019455253,993,543,-450,-768,721.5,46.5
9.63251188932123,994,543,-451,-768.5,722.5,46
9.63467358408993,1000,543,-457,-771.5,728.5,43
9.63683527885862,1014,542,-472,-778,743,35
9.63899697362732,1022,543,-479,-782.5,750.5,32
9.64115866839602,1021,543,-478,-782,749.5,32.5
9.64332036316472,1022,543,-479,-782.5,750.5,32
9.64548205793342,1018,543,-475,-780.5,746.5,34
9.64764375270212,1018,543,-475,-780.5,746.5,34
9.64980544747082,1016,543,-473,-779.5,744.5,35
9.65196714223952,1012,542,-470,-777,741,36
9.65412883700821,1019,543,-476,-781,747.5,33.5
9.65629053177691,1021,543,-478,-782,749.5,32.5
9.65845222654561,1023,543,-480,-783,751.5,31.5
9.66061392131431,1020,543,-477,-781.5,748.5,33
9.66277561608301,1021,543,-478,-782,749.5,32.5
9.66493731085171,1023,543,-480,-783,751.5,31.5
9.66709900562041,1023,543,-480,-783,751.5,31.5
9.6692607003891,1021,543,-478,-782,749.5,32.5
9.6714223951578,1023,543,-480,-783,751.5,31.5
9.6735840899265,1020,543,-477,-781.5,748.5,33
9.6757457846952,1021,543,-478,-782,749.5,32.5
9.6779074794639,1021,543,-478,-782,749.5,32.5
9.6800691742326,1022,543,-479,-782.5,750.5,32
9.6822308690013,1022,543,-479,-782.5,750.5,32
9.68439256377,1023,542,-481,-782.5,752,30.5
9.68655425853869,1022,543,-479,-782.5,750.5,32
9.68871595330739,1021,543,-478,-782,749.5,32.5
9.69087764807609,1021,543,-478,-782,749.5,32.5
9.69303934284479,1022,543,-479,-782.5,750.5,32
9.69520103761349,1022,542,-480,-782,751,31
9.69736273238219,1021,543,-478,-782,749.5,32.5
9.69952442715089,1021,543,-478,-782,749.5,32.5
9.70168612191958,1021,543,-478,-782,749.5,32.5
9.70384781668828,1022,542,-480,-782,751,31
9.70600951145698,1022,543,-479,-782.5,750.5,32
9.70817120622568,1022,543,-479,-782.5,750.5,32
9.71033290099438,1022,543,-479,-782.5,750.5,32
9.71249459576308,1023,543,-480,-783,751.5,31.5
9.71465629053178,1022,543,-479,-782.5,750.5,32
9.71681798530047,1023,543,-480,-783,751.5,31.5
9.71897968006917,1023,543,-480,-783,751.5,31.5
9.72114137483787,1021,543,-478,-782,749.5,32.5
9.72330306960657,1021,543,-478,-782,749.5,32.5
9.72546476437527,1021,543,-478,-782,749.5,32.5
9.72762645914397,1022,543,-479,-782.5,750.5,32
9.72978815391267,1023,543,-480,-783,751.5,31.5
9.73194984868137,1021,543,-478,-782,749.5,32.5
9.73411154345006,1022,543,-479,-782.5,750.5,32
9.73627323821876,1022,543,-479,-782.5,750.5,32
9.73843493298746,1021,543,-478,-782,749.5,32.5
9.74059662775616,1022,543,-479,-782.5,750.5,32
9.74275832252486,1022,543,-479,-782.5,750.5,32
9.74492001729356,1020,543,-477,-781.5,748.5,33
9.74708171206226,1022,543,-479,-782.5,750.5,32
9.74924340683095,1022,543,-479,-782.5,750.5,32
9.75140510159965,1023,542,-481,-782.5,752,30.5
9.75356679636835,1022,543,-479,-782.5,750.5,32
9.75572849113705,1020,543,-477,-781.5,748.5,33
9.75789018590575,1021,543,-478,-782,749.5,32.5
9.76005188067445,1022,542,-480,-782,751,31
9.76221357544315,1023,543,-480,-783,751.5,31.5
9.76437527021185,1020,543,-477,-781.5,748.5,33
9.76653696498054,1021,543,-478,-782,749.5,32.5
9.76869865974924,1022,543,-479,-782.5,750.5,32
9.77086035451794,1022,543,-479,-782.5,750.5,32
9.77302204928664,1021,543,-478,-782,749.5,32.5
9.77518374405534,1022,543,-479,-782.5,750.5,32
9.77734543882404,1020,543,-477,-781.5,748.5,33
9.77950713359274,1021,543,-478,-782,749.5,32.5
9.78166882836143,1021,543,-478,-782,749.5,32.5
9.78383052313013,1020,543,-477,-781.5,748.5,33
9.78599221789883,1022,543,-479,-782.5,750.5,32
9.78815391266753,1021,543,-478,-782,749.5,32.5
9.79031560743623,1022,543,-479,-782.5,750.5,32
9.79247730220493,1020,543,-477,-781.5,748.5,33
9.79463899697363,1021,543,-478,-782,749.5,32.5
9.79680069174232,1021,543,-478,-782,749.5,32.5
9.79896238651102,1023,543,-480,-783,751.5,31.5
9.80112408127972,1021,543,-478,-782,749.5,32.5
9.80328577604842,1020,543,-477,-781.5,748.5,33
9.80544747081712,1022,543,-479,-782.5,750.5,32
9.80760916558582,1022,542,-480,-782,751,31
9.80977086035452,1023,543,-480,-783,751.5,31.5
9.81193255512322,1022,543,-479,-782.5,750.5,32
9.81409424989191,1022,543,-479,-782.5,750.5,32
9.81625594466061,1022,543,-479,-782.5,750.5,32
9.81841763942931,1022,543,-479,-782.5,750.5,32
9.82057933419801,1021,543,-478,-782,749.5,32.5
9.82274102896671,1021,543,-478,-782,749.5,32.5
9.82490272373541,1023,543,-480,-783,751.5,31.5
9.82706441850411,1014,543,-471,-778.5,742.5,36
9.8292261132728,1019,543,-476,-781,747.5,33.5
9.8313878080415,1022,543,-479,-782.5,750.5,32
9.8335495028102,1021,543,-478,-782,749.5,32.5
9.8357111975789,1020,543,-477,-781.5,748.5,33
9.8378728923476,1019,543,-476,-781,747.5,33.5
9.8400345871163,1020,543,-477,-781.5,748.5,33
9.842196281885,1015,543,-472,-779,743.5,35.5
9.8443579766537,1003,543,-460,-773,731.5,41.5
9.84651967142239,998,543,-455,-770.5,726.5,44
9.84868136619109,1001,543,-458,-772,729.5,42.5
9.85084306095979,1013,543,-470,-778,741.5,36.5
9.85300475572849,1021,543,-478,-782,749.5,32.5
9.85516645049719,1022,543,-479,-782.5,750.5,32
9.85732814526589,1018,543,-475,-780.5,746.5,34
9.85948984003459,1012,543,-469,-777.5,740.5,37
9.86165153480328,1006,543,-463,-774.5,734.5,40
9.86381322957198,1010,543,-467,-776.5,738.5,38
9.86597492434068,1016,543,-473,-779.5,744.5,35
9.86813661910938,1021,543,-478,-782,749.5,32.5
9.87029831387808,1021,543,-478,-782,749.5,32.5
9.87246000864678,1019,543,-476,-781,747.5,33.5
9.87462170341548,1011,543,-468,-777,739.5,37.5
9.87678339818418,1003,543,-460,-773,731.5,41.5
9.87894509295287,1003,543,-460,-773,731.5,41.5
9.88110678772157,1009,543,-466,-776,737.5,38.5
9.88326848249027,1016,543,-473,-779.5,744.5,35
9.88543017725897,1014,543,-471,-778.5,742.5,36
9.88759187202767,1011,543,-468,-777,739.5,37.5
9.88975356679637,1016,543,-473,-779.5,744.5,35
9.89191526156507,1016,543,-473,-779.5,744.5,35
9.89407695633377,1012,542,-470,-777,741,36
9.89623865110246,1003,543,-460,-773,731.5,41.5
9.89840034587116,999,543,-456,-771,727.5,43.5
9.90056204063986,994,543,-451,-768.5,722.5,46
9.90272373540856,996,543,-453,-769.5,724.5,45
9.90488543017726,1004,543,-461,-773.5,732.5,41
9.90704712494596,1012,543,-469,-777.5,740.5,37
9.90920881971466,1021,543,-478,-782,749.5,32.5
9.91137051448336,1020,543,-477,-781.5,748.5,33
9.91353220925205,1021,543,-478,-782,749.5,32.5
9.91569390402075,1021,543,-478,-782,749.5,32.5
9.91785559878945,1021,543,-478,-782,749.5,32.5
9.92001729355815,1020,543,-477,-781.5,748.5,33
9.92217898832685,1015,543,-472,-779,743.5,35.5
9.92434068309555,1008,543,-465,-775.5,736.5,39
9.92650237786425,1008,543,-465,-775.5,736.5,39
9.92866407263294,1002,543,-459,-772.5,730.5,42
9.93082576740164,1001,543,-458,-772,729.5,42.5
9.93298746217034,1002,543,-459,-772.5,730.5,42
9.93514915693904,1006,542,-464,-774,735,39
9.93731085170774,1020,543,-477,-781.5,748.5,33
9.93947254647644,1021,543,-478,-782,749.5,32.5
9.94163424124514,1023,543,-480,-783,751.5,31.5
9.94379593601384,1023,543,-480,-783,751.5,31.5
9.94595763078253,1022,543,-479,-782.5,750.5,32
9.94811932555123,1022,542,-480,-782,751,31
9.95028102031993,1018,543,-475,-780.5,746.5,34
9.95244271508863,1015,543,-472,-779,743.5,35.5
9.95460440985733,1006,543,-463,-774.5,734.5,40
9.95676610462603,997,543,-454,-770,725.5,44.5
9.95892779939473,995,543,-452,-769,723.5,45.5
9.96108949416342,997,543,-454,-770,725.5,44.5
9.96325118893212,1009,543,-466,-776,737.5,38.5
9.96541288370082,1021,542,-479,-781.5,750,31.5
9.96757457846952,1021,543,-478,-782,749.5,32.5
9.96973627323822,1022,543,-479,-782.5,750.5,32
9.97189796800692,1023,542,-481,-782.5,752,30.5
9.97405966277562,1021,543,-478,-782,749.5,32.5
9.97622135754431,1021,543,-478,-782,749.5,32.5
9.97838305231301,1021,543,-478,-782,749.5,32.5
9.98054474708171,1022,543,-479,-782.5,750.5,32
9.98270644185041,1019,543,-476,-781,747.5,33.5
9.98486813661911,1017,543,-474,-780,745.5,34.5
9.98702983138781,1021,543,-478,-782,749.5,32.5
9.98919152615651,1021,543,-478,-782,749.5,32.5
9.99135322092521,1020,542,-478,-781,749,32
9.9935149156939,1023,543,-480,-783,751.5,31.5
9.9956766104626,1023,543,-480,-783,751.5,31.5
9.9978383052313,1021,543,-478,-782,749.5,32.5
10,1020,543,-477,-781.5,748.5,33
10.0021616947687,1021,543,-478,-782,749.5,32.5
10.0043233895374,1021,543,-478,-782,749.5,32.5
10.0064850843061,1021,543,-478,-782,749.5,32.5
10.0086467790748,1021,543,-478,-782,749.5,32.5
10.0108084738435,1021,543,-478,-782,749.5,32.5
10.0129701686122,1021,543,-478,-782,749.5,32.5
10.0151318633809,1020,543,-477,-781.5,748.5,33
10.0172935581496,1022,543,-479,-782.5,750.5,32
10.0194552529183,1021,543,-478,-782,749.5,32.5
10.021616947687,1020,542,-478,-781,749,32
10.0237786424557,1021,543,-478,-782,749.5,32.5
10.0259403372244,1021,542,-479,-781.5,750,31.5
10.0281020319931,1023,543,-480,-783,751.5,31.5
10.0302637267618,1020,543,-477,-781.5,748.5,33
10.0324254215305,1023,542,-481,-782.5,752,30.5
10.0345871162992,1022,543,-479,-782.5,750.5,32
10.0367488110679,1022,543,-479,-782.5,750.5,32
10.0389105058366,1021,543,-478,-782,749.5,32.5
10.0410722006053,1022,543,-479,-782.5,750.5,32
10.043233895374,1023,543,-480,-783,751.5,31.5
10.0453955901427,1020,543,-477,-781.5,748.5,33
10.0475572849114,1021,543,-478,-782,749.5,32.5
10.0497189796801,1022,543,-479,-782.5,750.5,32
10.0518806744488,1021,543,-478,-782,749.5,32.5
10.0540423692175,1021,543,-478,-782,749.5,32.5
10.0562040639862,1023,543,-480,-783,751.5,31.5
10.0583657587549,1021,543,-478,-782,749.5,32.5
10.0605274535236,1021,543,-478,-782,749.5,32.5
10.0626891482923,1022,543,-479,-782.5,750.5,32
10.064850843061,1022,543,-479,-782.5,750.5,32
10.0670125378297,1023,543,-480,-783,751.5,31.5
10.0691742325984,1022,543,-479,-782.5,750.5,32
10.0713359273671,1020,543,-477,-781.5,748.5,33
10.0734976221358,1022,543,-479,-782.5,750.5,32
10.0756593169045,1020,543,-477,-781.5,748.5,33
10.0778210116732,1008,543,-465,-775.5,736.5,39
10.0799827064419,1000,543,-457,-771.5,728.5,43
10.0821444012105,997,543,-454,-770,725.5,44.5
10.0843060959792,1005,543,-462,-774,733.5,40.5
10.0864677907479,1018,543,-475,-780.5,746.5,34
10.0886294855166,1021,543,-478,-782,749.5,32.5
10.0907911802853,1022,543,-479,-782.5,750.5,32
10.092952875054,1021,543,-478,-782,749.5,32.5
10.0951145698227,1021,543,-478,-782,749.5,32.5
10.0972762645914,1020,543,-477,-781.5,748.5,33
10.0994379593601,1010,543,-467,-776.5,738.5,38
10.1015996541288,998,543,-455,-770.5,726.5,44
10.1037613488975,993,543,-450,-768,721.5,46.5
10.1059230436662,991,543,-448,-767,719.5,47.5
10.1080847384349,991,543,-448,-767,719.5,47.5
10.1102464332036,1002,543,-459,-772.5,730.5,42
10.1124081279723,1013,543,-470,-778,741.5,36.5
10.114569822741,1021,543,-478,-782,749.5,32.5
10.1167315175097,1021,543,-478,-782,749.5,32.5
10.1188932122784,1022,543,-479,-782.5,750.5,32
10.1210549070471,1022,543,-479,-782.5,750.5,32
10.1232166018158,1017,543,-474,-780,745.5,34.5
10.1253782965845,1008,543,-465,-775.5,736.5,39
10.1275399913532,1004,543,-461,-773.5,732.5,41
10.1297016861219,998,542,-456,-770,727,43
10.1318633808906,994,543,-451,-768.5,722.5,46
10.1340250756593,995,543,-452,-769,723.5,45.5
10.136186770428,993,543,-450,-768,721.5,46.5
10.1383484651967,992,543,-449,-767.5,720.5,47
10.1405101599654,995,543,-452,-769,723.5,45.5
10.1426718547341,997,543,-454,-770,725.5,44.5
10.1448335495028,996,543,-453,-769.5,724.5,45
10.1469952442715,996,542,-454,-769,725,44
10.1491569390402,999,543,-456,-771,727.5,43.5
10.1513186338089,1000,543,-457,-771.5,728.5,43
10.1534803285776,1000,543,-457,-771.5,728.5,43
10.1556420233463,1000,543,-457,-771.5,728.5,43
10.157803718115,1008,543,-465,-775.5,736.5,39
10.1599654128837,1022,543,-479,-782.5,750.5,32
10.1621271076524,1022,543,-479,-782.5,750.5,32
10.1642888024211,1021,543,-478,-782,749.5,32.5
10.1664504971898,1022,543,-479,-782.5,750.5,32
10.1686121919585,1022,543,-479,-782.5,750.5,32
10.1707738867272,1020,543,-477,-781.5,748.5,33
10.1729355814959,1022,543,-479,-782.5,750.5,32
10.1750972762646,1022,543,-479,-782.5,750.5,32
10.1772589710333,1021,543,-478,-782,749.5,32.5
10.179420665802,1021,543,-478,-782,749.5,32.5
10.1815823605707,1022,543,-479,-782.5,750.5,32
10.1837440553394,1021,543,-478,-782,749.5,32.5
10.1859057501081,1021,543,-478,-782,749.5,32.5
10.1880674448768,1023,543,-480,-783,751.5,31.5
10.1902291396455,1021,543,-478,-782,749.5,32.5
10.1923908344142,1020,542,-478,-781,749,32
10.1945525291829,1019,543,-476,-781,747.5,33.5
10.1967142239516,992,543,-449,-767.5,720.5,47
10.1988759187203,974,543,-431,-758.5,702.5,56
10.201037613489,957,542,-415,-749.5,686,63.5
10.2031993082577,949,543,-406,-746,677.5,68.5
10.2053610030264,947,543,-404,-745,675.5,69.5
10.2075226977951,956,543,-413,-749.5,684.5,65
10.2096843925638,964,543,-421,-753.5,692.5,61
10.2118460873325,966,543,-423,-754.5,694.5,60
10.2140077821012,967,543,-424,-755,695.5,59.5
10.2161694768699,968,543,-425,-755.5,696.5,59
10.2183311716386,974,543,-431,-758.5,702.5,56
10.2204928664073,983,543,-440,-763,711.5,51.5
10.222654561176,990,543,-447,-766.5,718.5,48
10.2248162559447,1000,543,-457,-771.5,728.5,43
10.2269779507134,1006,543,-463,-774.5,734.5,40
10.2291396454821,1009,543,-466,-776,737.5,38.5
10.2313013402508,1004,543,-461,-773.5,732.5,41
10.2334630350195,997,543,-454,-770,725.5,44.5
10.2356247297882,988,543,-445,-765.5,716.5,49
10.2377864245569,980,542,-438,-761,709,52
10.2399481193256,979,543,-436,-761,707.5,53.5
10.2421098140942,980,542,-438,-761,709,52
10.2442715088629,974,543,-431,-758.5,702.5,56
10.2464332036316,975,543,-432,-759,703.5,55.5
10.2485948984003,978,543,-435,-760.5,706.5,54
10.250756593169,973,543,-430,-758,701.5,56.5
10.2529182879377,974,543,-431,-758.5,702.5,56
10.2550799827064,979,543,-436,-761,707.5,53.5
10.2572416774751,992,543,-449,-767.5,720.5,47
10.2594033722438,1000,543,-457,-771.5,728.5,43
10.2615650670125,1014,542,-472,-778,743,35
10.2637267617812,1022,543,-479,-782.5,750.5,32
10.2658884565499,1020,543,-477,-781.5,748.5,33
10.2680501513186,1021,543,-478,-782,749.5,32.5
10.2702118460873,1018,543,-475,-780.5,746.5,34
10.272373540856,1010,543,-467,-776.5,738.5,38
10.2745352356247,1002,543,-459,-772.5,730.5,42
10.2766969303934,998,543,-455,-770.5,726.5,44
10.2788586251621,993,543,-450,-768,721.5,46.5
10.2810203199308,996,543,-453,-769.5,724.5,45
10.2831820146995,1007,543,-464,-775,735.5,39.5
10.2853437094682,1018,543,-475,-780.5,746.5,34
10.2875054042369,1021,543,-478,-782,749.5,32.5
10.2896670990056,1023,543,-480,-783,751.5,31.5
10.2918287937743,1022,543,-479,-782.5,750.5,32
10.293990488543,1021,543,-478,-782,749.5,32.5
10.2961521833117,1021,543,-478,-782,749.5,32.5
10.2983138780804,1022,543,-479,-782.5,750.5,32
10.3004755728491,1020,543,-477,-781.5,748.5,33
10.3026372676178,1021,543,-478,-782,749.5,32.5
10.3047989623865,1022,543,-479,-782.5,750.5,32
10.3069606571552,1022,543,-479,-782.5,750.5,32
10.3091223519239,1021,543,-478,-782,749.5,32.5
10.3112840466926,1021,543,-478,-782,749.5,32.5
10.3134457414613,1021,542,-479,-781.5,750,31.5
10.31560743623,1022,542,-480,-782,751,31
10.3177691309987,1022,543,-479,-782.5,750.5,32
10.3199308257674,1023,543,-480,-783,751.5,31.5
10.3220925205361,1021,543,-478,-782,749.5,32.5
10.3242542153048,1021,543,-478,-782,749.5,32.5
10.3264159100735,1021,543,-478,-782,749.5,32.5
10.3285776048422,1023,543,-480,-783,751.5,31.5
10.3307392996109,1023,543,-480,-783,751.5,31.5
10.3329009943796,1023,543,-480,-783,751.5,31.5
10.3350626891483,1021,543,-478,-782,749.5,32.5
10.337224383917,1022,543,-479,-782.5,750.5,32
10.3393860786857,1023,543,-480,-783,751.5,31.5
10.3415477734544,1023,543,-480,-783,751.5,31.5
10.3437094682231,1021,543,-478,-782,749.5,32.5
10.3458711629918,1021,543,-478,-782,749.5,32.5
10.3480328577605,1021,543,-478,-782,749.5,32.5
10.3501945525292,1022,543,-479,-782.5,750.5,32
10.3523562472979,1022,543,-479,-782.5,750.5,32
10.3545179420666,1021,543,-478,-782,749.5,32.5
10.3566796368353,1023,543,-480,-783,751.5,31.5
10.358841331604,1022,543,-479,-782.5,750.5,32
10.3610030263727,1021,543,-478,-782,749.5,32.5
10.3631647211414,1022,543,-479,-782.5,750.5,32
10.3653264159101,1022,543,-479,-782.5,750.5,32
10.3674881106788,1021,543,-478,-782,749.5,32.5
10.3696498054475,1022,543,-479,-782.5,750.5,32
10.3718115002162,1023,543,-480,-783,751.5,31.5
10.3739731949849,1022,543,-479,-782.5,750.5,32
10.3761348897536,1022,543,-479,-782.5,750.5,32
10.3782965845223,1022,543,-479,-782.5,750.5,32
10.380458279291,1021,543,-478,-782,749.5,32.5
10.3826199740597,1021,543,-478,-782,749.5,32.5
10.3847816688284,1022,543,-479,-782.5,750.5,32
10.3869433635971,1022,543,-479,-782.5,750.5,32
10.3891050583658,1021,543,-478,-782,749.5,32.5
10.3912667531345,1022,543,-479,-782.5,750.5,32
10.3934284479032,1021,543,-478,-782,749.5,32.5
10.3955901426719,1021,543,-478,-782,749.5,32.5
10.3977518374406,1023,543,-480,-783,751.5,31.5
10.3999135322093,1022,543,-479,-782.5,750.5,32
10.402075226978,1021,543,-478,-782,749.5,32.5
10.4042369217466,1022,543,-479,-782.5,750.5,32
10.4063986165153,1023,543,-480,-783,751.5,31.5
10.408560311284,1022,543,-479,-782.5,750.5,32
10.4107220060527,1021,543,-478,-782,749.5,32.5
10.4128837008214,1022,543,-479,-782.5,750.5,32
10.4150453955901,1021,543,-478,-782,749.5,32.5
10.4172070903588,1021,543,-478,-782,749.5,32.5
10.4193687851275,1023,543,-480,-783,751.5,31.5
10.4215304798962,1022,543,-479,-782.5,750.5,32
10.4236921746649,1021,543,-478,-782,749.5,32.5
10.4258538694336,1022,543,-479,-782.5,750.5,32
10.4280155642023,1022,543,-479,-782.5,750.5,32
10.430177258971,1021,543,-478,-782,749.5,32.5
10.4323389537397,1023,542,-481,-782.5,752,30.5
10.4345006485084,1020,543,-477,-781.5,748.5,33
10.4366623432771,1021,543,-478,-782,749.5,32.5
10.4388240380458,1023,542,-481,-782.5,752,30.5
10.4409857328145,1019,543,-476,-781,747.5,33.5
10.4431474275832,1021,543,-478,-782,749.5,32.5
10.4453091223519,1023,543,-480,-783,751.5,31.5
10.4474708171206,1022,542,-480,-782,751,31
10.4496325118893,1020,543,-477,-781.5,748.5,33
10.451794206658,1021,543,-478,-782,749.5,32.5
10.4539559014267,1021,543,-478,-782,749.5,32.5
10.4561175961954,1019,543,-476,-781,747.5,33.5
10.4582792909641,1011,543,-468,-777,739.5,37.5
10.4604409857328,1013,543,-470,-778,741.5,36.5
10.4626026805015,1019,543,-476,-781,747.5,33.5
10.4647643752702,1021,543,-478,-782,749.5,32.5
10.4669260700389,1021,543,-478,-782,749.5,32.5
10.4690877648076,1022,543,-479,-782.5,750.5,32
10.4712494595763,1023,542,-481,-782.5,752,30.5
10.473411154345,1022,543,-479,-782.5,750.5,32
10.4755728491137,1015,543,-472,-779,743.5,35.5
10.4777345438824,1014,542,-472,-778,743,35
10.4798962386511,1014,543,-471,-778.5,742.5,36
10.4820579334198,1009,543,-466,-776,737.5,38.5
10.4842196281885,1016,543,-473,-779.5,744.5,35
10.4863813229572,1019,543,-476,-781,747.5,33.5
10.4885430177259,1014,543,-471,-778.5,742.5,36
10.4907047124946,1013,543,-470,-778,741.5,36.5
10.4928664072633,1016,542,-474,-779,745,34
10.495028102032,1006,543,-463,-774.5,734.5,40
10.4971897968007,1004,543,-461,-773.5,732.5,41
10.4993514915694,1005,543,-462,-774,733.5,40.5
10.5015131863381,1010,543,-467,-776.5,738.5,38
10.5036748811068,1012,543,-469,-777.5,740.5,37
10.5058365758755,1011,543,-468,-777,739.5,37.5
10.5079982706442,1011,543,-468,-777,739.5,37.5
10.5101599654129,1014,543,-471,-778.5,742.5,36
10.5123216601816,1017,543,-474,-780,745.5,34.5
10.5144833549503,1021,543,-478,-782,749.5,32.5
10.516645049719,1022,543,-479,-782.5,750.5,32
10.5188067444877,1022,543,-479,-782.5,750.5,32
10.5209684392564,1023,543,-480,-783,751.5,31.5
10.5231301340251,1022,543,-479,-782.5,750.5,32
10.5252918287938,1021,543,-478,-782,749.5,32.5
10.5274535235625,1021,543,-478,-782,749.5,32.5
10.5296152183312,1021,543,-478,-782,749.5,32.5
10.5317769130999,1021,543,-478,-782,749.5,32.5
10.5339386078686,1017,543,-474,-780,745.5,34.5
10.5361003026373,1013,543,-470,-778,741.5,36.5
10.538261997406,1012,543,-469,-777.5,740.5,37
10.5404236921747,1014,542,-472,-778,743,35
10.5425853869434,1020,543,-477,-781.5,748.5,33
10.5447470817121,1022,543,-479,-782.5,750.5,32
10.5469087764808,1022,542,-480,-782,751,31
10.5490704712495,1023,542,-481,-782.5,752,30.5
10.5512321660182,1022,543,-479,-782.5,750.5,32
10.5533938607869,1022,542,-480,-782,751,31
10.5555555555556,1021,543,-478,-782,749.5,32.5
10.5577172503243,1020,543,-477,-781.5,748.5,33
10.559878945093,1022,543,-479,-782.5,750.5,32
10.5620406398617,1021,543,-478,-782,749.5,32.5
10.5642023346303,1022,542,-480,-782,751,31
10.566364029399,1021,543,-478,-782,749.5,32.5
10.5685257241677,1019,543,-476,-781,747.5,33.5
10.5706874189364,1015,542,-473,-778.5,744,34.5
10.5728491137051,1019,543,-476,-781,747.5,33.5
10.5750108084738,1022,543,-479,-782.5,750.5,32
10.5771725032425,1021,543,-478,-782,749.5,32.5
10.5793341980112,1019,543,-476,-781,747.5,33.5
10.5814958927799,1021,543,-478,-782,749.5,32.5
10.5836575875486,1023,543,-480,-783,751.5,31.5
10.5858192823173,1021,543,-478,-782,749.5,32.5
10.587980977086,1022,543,-479,-782.5,750.5,32
10.5901426718547,1021,543,-478,-782,749.5,32.5
10.5923043666234,1021,543,-478,-782,749.5,32.5
10.5944660613921,1021,542,-479,-781.5,750,31.5
10.5966277561608,1021,543,-478,-782,749.5,32.5
10.5987894509295,1021,543,-478,-782,749.5,32.5
10.6009511456982,1022,543,-479,-782.5,750.5,32
10.6031128404669,1021,543,-478,-782,749.5,32.5
10.6052745352356,1021,543,-478,-782,749.5,32.5
10.6074362300043,1022,543,-479,-782.5,750.5,32
10.609597924773,1021,543,-478,-782,749.5,32.5
10.6117596195417,1021,543,-478,-782,749.5,32.5
10.6139213143104,1021,543,-478,-782,749.5,32.5
10.6160830090791,1021,543,-478,-782,749.5,32.5
10.6182447038478,1021,543,-478,-782,749.5,32.5
10.6204063986165,1022,543,-479,-782.5,750.5,32
10.6225680933852,1022,543,-479,-782.5,750.5,32
10.6247297881539,1022,543,-479,-782.5,750.5,32
10.6268914829226,1021,542,-479,-781.5,750,31.5
10.6290531776913,1022,543,-479,-782.5,750.5,32
10.63121487246,1021,543,-478,-782,749.5,32.5
10.6333765672287,1021,543,-478,-782,749.5,32.5
10.6355382619974,1020,543,-477,-781.5,748.5,33
10.6376999567661,1020,543,-477,-781.5,748.5,33
10.6398616515348,1021,543,-478,-782,749.5,32.5
10.6420233463035,1022,543,-479,-782.5,750.5,32
10.6441850410722,1021,543,-478,-782,749.5,32.5
10.6463467358409,1021,543,-478,-782,749.5,32.5
10.6485084306096,1022,543,-479,-782.5,750.5,32
10.6506701253783,1023,543,-480,-783,751.5,31.5
10.652831820147,1022,543,-479,-782.5,750.5,32
10.6549935149157,1022,543,-479,-782.5,750.5,32
10.6571552096844,1020,543,-477,-781.5,748.5,33
10.6593169044531,1021,543,-478,-782,749.5,32.5
10.6614785992218,1021,543,-478,-782,749.5,32.5
10.6636402939905,1022,543,-479,-782.5,750.5,32
10.6658019887592,1022,543,-479,-782.5,750.5,32
10.6679636835279,1021,543,-478,-782,749.5,32.5
10.6701253782966,1022,543,-479,-782.5,750.5,32
10.6722870730653,1021,543,-478,-782,749.5,32.5
10.674448767834,1020,542,-478,-781,749,32
10.6766104626027,1023,543,-480,-783,751.5,31.5
10.6787721573714,1022,543,-479,-782.5,750.5,32
10.6809338521401,1021,543,-478,-782,749.5,32.5
10.6830955469088,1022,543,-479,-782.5,750.5,32
10.6852572416775,1021,543,-478,-782,749.5,32.5
10.6874189364462,1023,542,-481,-782.5,752,30.5
10.6895806312149,1022,543,-479,-782.5,750.5,32
10.6917423259836,1022,542,-480,-782,751,31
10.6939040207523,1023,542,-481,-782.5,752,30.5
10.696065715521,1020,543,-477,-781.5,748.5,33
10.6982274102897,1022,543,-479,-782.5,750.5,32
10.7003891050584,1022,543,-479,-782.5,750.5,32
10.7025507998271,1021,543,-478,-782,749.5,32.5
10.7047124945958,1022,543,-479,-782.5,750.5,32
10.7068741893645,1020,543,-477,-781.5,748.5,33
10.7090358841332,1021,543,-478,-782,749.5,32.5
10.7111975789019,1022,543,-479,-782.5,750.5,32
10.7133592736706,1021,543,-478,-782,749.5,32.5
10.7155209684393,1021,542,-479,-781.5,750,31.5
10.717682663208,1022,543,-479,-782.5,750.5,32
10.7198443579767,1020,543,-477,-781.5,748.5,33
10.7220060527454,1021,543,-478,-782,749.5,32.5
10.7241677475141,1021,542,-479,-781.5,750,31.5
10.7263294422827,1021,543,-478,-782,749.5,32.5
10.7284911370514,1021,543,-478,-782,749.5,32.5
10.7306528318201,1022,543,-479,-782.5,750.5,32
10.7328145265888,1021,543,-478,-782,749.5,32.5
10.7349762213575,1018,543,-475,-780.5,746.5,34
10.7371379161262,1018,543,-475,-780.5,746.5,34
10.7392996108949,1016,543,-473,-779.5,744.5,35
10.7414613056636,1020,542,-478,-781,749,32
10.7436230004323,1021,543,-478,-782,749.5,32.5
10.745784695201,1022,543,-479,-782.5,750.5,32
10.7479463899697,1021,543,-478,-782,749.5,32.5
10.7501080847384,1021,542,-479,-781.5,750,31.5
10.7522697795071,1022,543,-479,-782.5,750.5,32
10.7544314742758,1023,542,-481,-782.5,752,30.5
10.7565931690445,1023,542,-481,-782.5,752,30.5
10.7587548638132,1021,543,-478,-782,749.5,32.5
10.7609165585819,1016,543,-473,-779.5,744.5,35
10.7630782533506,1013,543,-470,-778,741.5,36.5
10.7652399481193,1009,543,-466,-776,737.5,38.5
10.767401642888,1015,543,-472,-779,743.5,35.5
10.7695633376567,1021,543,-478,-782,749.5,32.5
10.7717250324254,1021,543,-478,-782,749.5,32.5
10.7738867271941,1022,543,-479,-782.5,750.5,32
10.7760484219628,1021,543,-478,-782,749.5,32.5
10.7782101167315,1023,543,-480,-783,751.5,31.5
10.7803718115002,1022,543,-479,-782.5,750.5,32
10.7825335062689,1021,543,-478,-782,749.5,32.5
10.7846952010376,1022,543,-479,-782.5,750.5,32
10.7868568958063,1023,543,-480,-783,751.5,31.5
10.789018590575,1022,543,-479,-782.5,750.5,32
10.7911802853437,1021,543,-478,-782,749.5,32.5
10.7933419801124,1022,543,-479,-782.5,750.5,32
10.7955036748811,1022,543,-479,-782.5,750.5,32
10.7976653696498,1022,543,-479,-782.5,750.5,32
10.7998270644185,1020,542,-478,-781,749,32
10.8019887591872,1020,543,-477,-781.5,748.5,33
10.8041504539559,1021,543,-478,-782,749.5,32.5
10.8063121487246,1022,543,-479,-782.5,750.5,32
10.8084738434933,1022,543,-479,-782.5,750.5,32
10.810635538262,1021,543,-478,-782,749.5,32.5
10.8127972330307,1023,543,-480,-783,751.5,31.5
10.8149589277994,1022,543,-479,-782.5,750.5,32
10.8171206225681,1021,543,-478,-782,749.5,32.5
10.8192823173368,1009,543,-466,-776,737.5,38.5
10.8214440121055,994,543,-451,-768.5,722.5,46
10.8236057068742,990,543,-447,-766.5,718.5,48
10.8257674016429,997,543,-454,-770,725.5,44.5
10.8279290964116,1003,543,-460,-773,731.5,41.5
10.8300907911803,1008,543,-465,-775.5,736.5,39
10.832252485949,1012,543,-469,-777.5,740.5,37
10.8344141807177,1011,543,-468,-777,739.5,37.5
10.8365758754864,1006,543,-463,-774.5,734.5,40
10.8387375702551,1004,543,-461,-773.5,732.5,41
10.8408992650238,1011,543,-468,-777,739.5,37.5
10.8430609597925,1016,542,-474,-779,745,34
10.8452226545612,1020,543,-477,-781.5,748.5,33
10.8473843493299,1021,543,-478,-782,749.5,32.5
10.8495460440986,1019,543,-476,-781,747.5,33.5
10.8517077388673,1018,543,-475,-780.5,746.5,34
10.853869433636,1018,543,-475,-780.5,746.5,34
10.8560311284047,1019,543,-476,-781,747.5,33.5
10.8581928231734,1022,543,-479,-782.5,750.5,32
10.8603545179421,1020,543,-477,-781.5,748.5,33
10.8625162127108,1022,542,-480,-782,751,31
10.8646779074795,1018,543,-475,-780.5,746.5,34
10.8668396022482,1015,543,-472,-779,743.5,35.5
10.8690012970169,1011,543,-468,-777,739.5,37.5
10.8711629917856,1003,543,-460,-773,731.5,41.5
10.8733246865543,1001,543,-458,-772,729.5,42.5
10.875486381323,1009,543,-466,-776,737.5,38.5
10.8776480760917,1012,543,-469,-777.5,740.5,37
10.8798097708604,1020,543,-477,-781.5,748.5,33
10.8819714656291,1014,543,-471,-778.5,742.5,36
10.8841331603978,1005,543,-462,-774,733.5,40.5
10.8862948551664,995,543,-452,-769,723.5,45.5
10.8884565499351,995,543,-452,-769,723.5,45.5
10.8906182447038,1006,543,-463,-774.5,734.5,40
10.8927799394725,1019,543,-476,-781,747.5,33.5
10.8949416342412,1021,543,-478,-782,749.5,32.5
10.8971033290099,1021,543,-478,-782,749.5,32.5
10.8992650237786,1022,543,-479,-782.5,750.5,32
10.9014267185473,1022,543,-479,-782.5,750.5,32
10.903588413316,1021,543,-478,-782,749.5,32.5
10.9057501080847,1020,543,-477,-781.5,748.5,33
10.9079118028534,1022,543,-479,-782.5,750.5,32
10.9100734976221,1019,543,-476,-781,747.5,33.5
10.9122351923908,1021,543,-478,-782,749.5,32.5
10.9143968871595,1022,543,-479,-782.5,750.5,32
10.9165585819282,1022,543,-479,-782.5,750.5,32
10.9187202766969,1020,543,-477,-781.5,748.5,33
10.9208819714656,1022,543,-479,-782.5,750.5,32
10.9230436662343,1023,543,-480,-783,751.5,31.5
10.925205361003,1021,543,-478,-782,749.5,32.5
10.9273670557717,1021,543,-478,-782,749.5,32.5
10.9295287505404,1022,543,-479,-782.5,750.5,32
10.9316904453091,1023,543,-480,-783,751.5,31.5
10.9338521400778,1022,543,-479,-782.5,750.5,32
10.9360138348465,1022,543,-479,-782.5,750.5,32
10.9381755296152,1022,542,-480,-782,751,31
10.9403372243839,1021,543,-478,-782,749.5,32.5
10.9424989191526,1022,543,-479,-782.5,750.5,32
10.9446606139213,1022,543,-479,-782.5,750.5,32
10.94682230869,1023,543,-480,-783,751.5,31.5
10.9489840034587,1020,543,-477,-781.5,748.5,33
10.9511456982274,1022,543,-479,-782.5,750.5,32
10.9533073929961,1020,542,-478,-781,749,32
10.9554690877648,1023,543,-480,-783,751.5,31.5
10.9576307825335,1022,543,-479,-782.5,750.5,32
10.9597924773022,1021,543,-478,-782,749.5,32.5
10.9619541720709,1023,542,-481,-782.5,752,30.5
10.9641158668396,1022,543,-479,-782.5,750.5,32
10.9662775616083,1021,543,-478,-782,749.5,32.5
10.968439256377,1021,543,-478,-782,749.5,32.5
10.9706009511457,1022,543,-479,-782.5,750.5,32
10.9727626459144,1021,543,-478,-782,749.5,32.5
10.9749243406831,1023,543,-480,-783,751.5,31.5
10.9770860354518,1022,543,-479,-782.5,750.5,32
10.9792477302205,1020,543,-477,-781.5,748.5,33
10.9814094249892,1021,543,-478,-782,749.5,32.5
10.9835711197579,1023,543,-480,-783,751.5,31.5
10.9857328145266,1022,543,-479,-782.5,750.5,32
10.9878945092953,1023,543,-480,-783,751.5,31.5
10.990056204064,1022,543,-479,-782.5,750.5,32
10.9922178988327,1021,543,-478,-782,749.5,32.5
10.9943795936014,1021,543,-478,-782,749.5,32.5
10.9965412883701,1022,543,-479,-782.5,750.5,32
10.9987029831388,1022,543,-479,-782.5,750.5,32
11.0008646779075,1023,542,-481,-782.5,752,30.5
11.0030263726762,1023,543,-480,-783,751.5,31.5
11.0051880674449,1023,543,-480,-783,751.5,31.5
11.0073497622136,1023,543,-480,-783,751.5,31.5
11.0095114569823,1023,543,-480,-783,751.5,31.5
11.011673151751,1020,543,-477,-781.5,748.5,33
11.0138348465197,1021,543,-478,-782,749.5,32.5
11.0159965412884,1019,543,-476,-781,747.5,33.5
11.0181582360571,1022,543,-479,-782.5,750.5,32
11.0203199308258,1022,543,-479,-782.5,750.5,32
11.0224816255945,1020,543,-477,-781.5,748.5,33
11.0246433203632,1020,543,-477,-781.5,748.5,33
11.0268050151319,1022,543,-479,-782.5,750.5,32
11.0289667099006,1022,543,-479,-782.5,750.5,32
11.0311284046693,1022,543,-479,-782.5,750.5,32
11.033290099438,1022,543,-479,-782.5,750.5,32
11.0354517942067,1021,543,-478,-782,749.5,32.5
11.0376134889754,1022,543,-479,-782.5,750.5,32
11.0397751837441,1023,543,-480,-783,751.5,31.5
11.0419368785128,1021,543,-478,-782,749.5,32.5
11.0440985732815,1022,543,-479,-782.5,750.5,32
11.0462602680502,1023,543,-480,-783,751.5,31.5
11.0484219628188,1020,543,-477,-781.5,748.5,33
11.0505836575875,1021,543,-478,-782,749.5,32.5
11.0527453523562,1022,543,-479,-782.5,750.5,32
11.0549070471249,1021,543,-478,-782,749.5,32.5
11.0570687418936,1020,543,-477,-781.5,748.5,33
11.0592304366623,1022,543,-479,-782.5,750.5,32
11.061392131431,1022,543,-479,-782.5,750.5,32
11.0635538261997,1021,543,-478,-782,749.5,32.5
11.0657155209684,1021,543,-478,-782,749.5,32.5
11.0678772157371,1023,543,-480,-783,751.5,31.5
11.0700389105058,1020,543,-477,-781.5,748.5,33
11.0722006052745,1021,543,-478,-782,749.5,32.5
11.0743623000432,1022,543,-479,-782.5,750.5,32
11.0765239948119,1021,543,-478,-782,749.5,32.5
11.0786856895806,1021,543,-478,-782,749.5,32.5
11.0808473843493,1016,543,-473,-779.5,744.5,35
11.083009079118,1012,543,-469,-777.5,740.5,37
11.0851707738867,1022,542,-480,-782,751,31
11.0873324686554,1023,543,-480,-783,751.5,31.5
11.0894941634241,1023,543,-480,-783,751.5,31.5
11.0916558581928,1020,543,-477,-781.5,748.5,33
11.0938175529615,1022,543,-479,-782.5,750.5,32
11.0959792477302,1021,543,-478,-782,749.5,32.5
11.0981409424989,1021,543,-478,-782,749.5,32.5
11.1003026372676,1021,542,-479,-781.5,750,31.5
11.1024643320363,1021,542,-479,-781.5,750,31.5
11.104626026805,1013,543,-470,-778,741.5,36.5
11.1067877215737,1007,543,-464,-775,735.5,39.5
11.1089494163424,1000,543,-457,-771.5,728.5,43
11.1111111111111,995,543,-452,-769,723.5,45.5
11.1132728058798,1000,543,-457,-771.5,728.5,43
11.1154345006485,1004,543,-461,-773.5,732.5,41
11.1175961954172,1009,543,-466,-776,737.5,38.5
11.1197578901859,1013,543,-470,-778,741.5,36.5
11.1219195849546,1019,543,-476,-781,747.5,33.5
11.1240812797233,1020,543,-477,-781.5,748.5,33
11.126242974492,1021,543,-478,-782,749.5,32.5
11.1284046692607,1023,543,-480,-783,751.5,31.5
11.1305663640294,1022,543,-479,-782.5,750.5,32
11.1327280587981,1012,543,-469,-777.5,740.5,37
11.1348897535668,1008,543,-465,-775.5,736.5,39
11.1370514483355,1011,543,-468,-777,739.5,37.5
11.1392131431042,1016,543,-473,-779.5,744.5,35
11.1413748378729,1023,542,-481,-782.5,752,30.5
11.1435365326416,1022,543,-479,-782.5,750.5,32
11.1456982274103,1021,543,-478,-782,749.5,32.5
11.147859922179,1021,543,-478,-782,749.5,32.5
11.1500216169477,1022,543,-479,-782.5,750.5,32
11.1521833117164,1022,543,-479,-782.5,750.5,32
11.1543450064851,1020,543,-477,-781.5,748.5,33
11.1565067012538,1021,543,-478,-782,749.5,32.5
11.1586683960225,1022,543,-479,-782.5,750.5,32
11.1608300907912,1019,543,-476,-781,747.5,33.5
11.1629917855599,1023,543,-480,-783,751.5,31.5
11.1651534803286,1023,543,-480,-783,751.5,31.5
11.1673151750973,1023,543,-480,-783,751.5,31.5
11.169476869866,1021,543,-478,-782,749.5,32.5
11.1716385646347,1022,543,-479,-782.5,750.5,32
11.1738002594034,1021,543,-478,-782,749.5,32.5
11.1759619541721,1023,542,-481,-782.5,752,30.5
11.1781236489408,1021,543,-478,-782,749.5,32.5
11.1802853437095,1021,543,-478,-782,749.5,32.5
11.1824470384782,1021,543,-478,-782,749.5,32.5
11.1846087332469,1022,543,-479,-782.5,750.5,32
11.1867704280156,1023,543,-480,-783,751.5,31.5
11.1889321227843,1021,543,-478,-782,749.5,32.5
11.191093817553,1021,543,-478,-782,749.5,32.5
11.1932555123217,1021,543,-478,-782,749.5,32.5
11.1954172070904,1021,543,-478,-782,749.5,32.5
11.1975789018591,1019,543,-476,-781,747.5,33.5
11.1997405966278,1022,543,-479,-782.5,750.5,32
11.2019022913965,1022,543,-479,-782.5,750.5,32
11.2040639861652,1021,543,-478,-782,749.5,32.5
11.2062256809339,1021,543,-478,-782,749.5,32.5
11.2083873757026,1022,543,-479,-782.5,750.5,32
11.2105490704712,1015,543,-472,-779,743.5,35.5
11.2127107652399,1015,543,-472,-779,743.5,35.5
11.2148724600086,1015,543,-472,-779,743.5,35.5
11.2170341547773,1018,543,-475,-780.5,746.5,34
11.219195849546,1021,543,-478,-782,749.5,32.5
11.2213575443147,1022,543,-479,-782.5,750.5,32
11.2235192390834,1021,543,-478,-782,749.5,32.5
11.2256809338521,1021,543,-478,-782,749.5,32.5
11.2278426286208,1022,543,-479,-782.5,750.5,32
11.2300043233895,1022,543,-479,-782.5,750.5,32
11.2321660181582,1021,543,-478,-782,749.5,32.5
11.2343277129269,1020,543,-477,-781.5,748.5,33
11.2364894076956,1022,543,-479,-782.5,750.5,32
11.2386511024643,1023,542,-481,-782.5,752,30.5
11.240812797233,1022,543,-479,-782.5,750.5,32
11.2429744920017,1021,543,-478,-782,749.5,32.5
11.2451361867704,1023,542,-481,-782.5,752,30.5
11.2472978815391,1019,543,-476,-781,747.5,33.5
11.2494595763078,1022,543,-479,-782.5,750.5,32
11.2516212710765,1022,543,-479,-782.5,750.5,32
11.2537829658452,1021,543,-478,-782,749.5,32.5
11.2559446606139,1021,543,-478,-782,749.5,32.5
11.2581063553826,1021,543,-478,-782,749.5,32.5
11.2602680501513,1022,543,-479,-782.5,750.5,32
11.26242974492,1022,543,-479,-782.5,750.5,32
11.2645914396887,1023,542,-481,-782.5,752,30.5
11.2667531344574,1020,542,-478,-781,749,32
11.2689148292261,1023,543,-480,-783,751.5,31.5
11.2710765239948,1023,543,-480,-783,751.5,31.5
11.2732382187635,1021,543,-478,-782,749.5,32.5
11.2753999135322,1022,543,-479,-782.5,750.5,32
11.2775616083009,1021,543,-478,-782,749.5,32.5
11.2797233030696,1022,542,-480,-782,751,31
11.2818849978383,1019,543,-476,-781,747.5,33.5
11.284046692607,1015,543,-472,-779,743.5,35.5
11.2862083873757,1019,543,-476,-781,747.5,33.5
11.2883700821444,1022,543,-479,-782.5,750.5,32
11.2905317769131,1021,543,-478,-782,749.5,32.5
11.2926934716818,1022,543,-479,-782.5,750.5,32
11.2948551664505,1020,543,-477,-781.5,748.5,33
11.2970168612192,1022,543,-479,-782.5,750.5,32
11.2991785559879,1020,543,-477,-781.5,748.5,33
11.3013402507566,1021,543,-478,-782,749.5,32.5
11.3035019455253,1020,543,-477,-781.5,748.5,33
11.305663640294,1021,543,-478,-782,749.5,32.5
11.3078253350627,1021,543,-478,-782,749.5,32.5
11.3099870298314,1022,543,-479,-782.5,750.5,32
11.3121487246001,1021,543,-478,-782,749.5,32.5
11.3143104193688,1021,543,-478,-782,749.5,32.5
11.3164721141375,1023,543,-480,-783,751.5,31.5
11.3186338089062,1022,543,-479,-782.5,750.5,32
11.3207955036749,1021,543,-478,-782,749.5,32.5
11.3229571984436,1022,543,-479,-782.5,750.5,32
11.3251188932123,1022,543,-479,-782.5,750.5,32
11.327280587981,1023,543,-480,-783,751.5,31.5
11.3294422827497,1021,543,-478,-782,749.5,32.5
11.3316039775184,1022,543,-479,-782.5,750.5,32
11.3337656722871,1023,543,-480,-783,751.5,31.5
11.3359273670558,1021,543,-478,-782,749.5,32.5
11.3380890618245,1022,543,-479,-782.5,750.5,32
11.3402507565932,1010,543,-467,-776.5,738.5,38
11.3424124513619,1005,543,-462,-774,733.5,40.5
11.3445741461306,1011,543,-468,-777,739.5,37.5
11.3467358408993,1021,543,-478,-782,749.5,32.5
11.348897535668,1021,543,-478,-782,749.5,32.5
11.3510592304367,1020,543,-477,-781.5,748.5,33
11.3532209252054,1022,543,-479,-782.5,750.5,32
11.3553826199741,1020,543,-477,-781.5,748.5,33
11.3575443147428,1019,543,-476,-781,747.5,33.5
11.3597060095115,1022,543,-479,-782.5,750.5,32
11.3618677042802,1021,543,-478,-782,749.5,32.5
11.3640293990489,1021,543,-478,-782,749.5,32.5
11.3661910938176,1023,542,-481,-782.5,752,30.5
11.3683527885863,1022,543,-479,-782.5,750.5,32
11.3705144833549,1018,543,-475,-780.5,746.5,34
11.3726761781236,1009,543,-466,-776,737.5,38.5
11.3748378728923,1004,543,-461,-773.5,732.5,41
11.376999567661,1001,543,-458,-772,729.5,42.5
11.3791612624297,1000,543,-457,-771.5,728.5,43
11.3813229571984,996,543,-453,-769.5,724.5,45
11.3834846519671,994,542,-452,-768,723,45
11.3856463467358,997,543,-454,-770,725.5,44.5
11.3878080415045,1007,543,-464,-775,735.5,39.5
11.3899697362732,1021,543,-478,-782,749.5,32.5
11.3921314310419,1023,543,-480,-783,751.5,31.5
11.3942931258106,1023,543,-480,-783,751.5,31.5
11.3964548205793,1021,543,-478,-782,749.5,32.5
11.398616515348,1021,543,-478,-782,749.5,32.5
11.4007782101167,1015,543,-472,-779,743.5,35.5
11.4029399048854,1008,543,-465,-775.5,736.5,39
11.4051015996541,1006,542,-464,-774,735,39
11.4072632944228,1008,543,-465,-775.5,736.5,39
11.4094249891915,1011,543,-468,-777,739.5,37.5
11.4115866839602,1014,543,-471,-778.5,742.5,36
11.4137483787289,1014,543,-471,-778.5,742.5,36
11.4159100734976,1019,543,-476,-781,747.5,33.5
11.4180717682663,1023,543,-480,-783,751.5,31.5
11.420233463035,1021,543,-478,-782,749.5,32.5
11.4223951578037,1022,543,-479,-782.5,750.5,32
11.4245568525724,1021,543,-478,-782,749.5,32.5
11.4267185473411,1020,543,-477,-781.5,748.5,33
11.4288802421098,1022,543,-479,-782.5,750.5,32
11.4310419368785,1021,543,-478,-782,749.5,32.5
11.4332036316472,1022,543,-479,-782.5,750.5,32
11.4353653264159,1023,543,-480,-783,751.5,31.5
11.4375270211846,1020,543,-477,-781.5,748.5,33
11.4396887159533,1021,543,-478,-782,749.5,32.5
11.441850410722,1023,543,-480,-783,751.5,31.5
11.4440121054907,1022,543,-479,-782.5,750.5,32
11.4461738002594,1021,543,-478,-782,749.5,32.5
11.4483354950281,1022,543,-479,-782.5,750.5,32
11.4504971897968,1022,543,-479,-782.5,750.5,32
11.4526588845655,1021,543,-478,-782,749.5,32.5
11.4548205793342,1021,543,-478,-782,749.5,32.5
11.4569822741029,1018,543,-475,-780.5,746.5,34
11.4591439688716,997,543,-454,-770,725.5,44.5
11.4613056636403,987,543,-444,-765,715.5,49.5
11.463467358409,982,543,-439,-762.5,710.5,52
11.4656290531777,985,543,-442,-764,713.5,50.5
11.4677907479464,991,543,-448,-767,719.5,47.5
11.4699524427151,995,543,-452,-769,723.5,45.5
11.4721141374838,1003,543,-460,-773,731.5,41.5
11.4742758322525,1003,543,-460,-773,731.5,41.5
11.4764375270212,1004,543,-461,-773.5,732.5,41
11.4785992217899,993,543,-450,-768,721.5,46.5
11.4807609165586,983,543,-440,-763,711.5,51.5
11.4829226113273,970,543,-427,-756.5,698.5,58
11.485084306096,963,543,-420,-753,691.5,61.5
11.4872460008647,966,542,-424,-754,695,59
11.4894076956334,972,543,-429,-757.5,700.5,57
11.4915693904021,978,543,-435,-760.5,706.5,54
11.4937310851708,983,543,-440,-763,711.5,51.5
11.4958927799395,989,543,-446,-766,717.5,48.5
11.4980544747082,993,543,-450,-768,721.5,46.5
11.5002161694769,1000,543,-457,-771.5,728.5,43
11.5023778642456,1006,542,-464,-774,735,39
11.5045395590143,1010,543,-467,-776.5,738.5,38
11.506701253783,1012,543,-469,-777.5,740.5,37
11.5088629485517,1011,543,-468,-777,739.5,37.5
11.5110246433204,1007,543,-464,-775,735.5,39.5
11.5131863380891,1003,543,-460,-773,731.5,41.5
11.5153480328578,997,543,-454,-770,725.5,44.5
11.5175097276265,989,543,-446,-766,717.5,48.5
11.5196714223952,983,542,-441,-762.5,712,50.5
11.5218331171639,992,543,-449,-767.5,720.5,47
11.5239948119326,1000,543,-457,-771.5,728.5,43
11.5261565067013,1017,543,-474,-780,745.5,34.5
11.52831820147,1021,543,-478,-782,749.5,32.5
11.5304798962387,1020,542,-478,-781,749,32
11.5326415910073,1022,542,-480,-782,751,31
11.534803285776,1021,543,-478,-782,749.5,32.5
11.5369649805447,1022,543,-479,-782.5,750.5,32
11.5391266753134,1022,543,-479,-782.5,750.5,32
11.5412883700821,1016,543,-473,-779.5,744.5,35
11.5434500648508,1015,543,-472,-779,743.5,35.5
11.5456117596195,1020,543,-477,-781.5,748.5,33
11.5477734543882,1021,543,-478,-782,749.5,32.5
11.5499351491569,1022,543,-479,-782.5,750.5,32
11.5520968439256,1022,543,-479,-782.5,750.5,32
11.5542585386943,1021,543,-478,-782,749.5,32.5
11.556420233463,1022,543,-479,-782.5,750.5,32
11.5585819282317,1022,543,-479,-782.5,750.5,32
11.5607436230004,1022,543,-479,-782.5,750.5,32
11.5629053177691,1022,542,-480,-782,751,31
11.5650670125378,1022,543,-479,-782.5,750.5,32
11.5672287073065,1021,543,-478,-782,749.5,32.5
11.5693904020752,1021,543,-478,-782,749.5,32.5
11.5715520968439,1020,542,-478,-781,749,32
11.5737137916126,1021,543,-478,-782,749.5,32.5
11.5758754863813,1021,543,-478,-782,749.5,32.5
11.57803718115,1022,543,-479,-782.5,750.5,32
11.5801988759187,1022,543,-479,-782.5,750.5,32
11.5823605706874,1020,543,-477,-781.5,748.5,33
11.5845222654561,1019,543,-476,-781,747.5,33.5
11.5866839602248,1021,543,-478,-782,749.5,32.5
11.5888456549935,1019,543,-476,-781,747.5,33.5
11.5910073497622,1020,543,-477,-781.5,748.5,33
11.5931690445309,1021,543,-478,-782,749.5,32.5
11.5953307392996,1022,543,-479,-782.5,750.5,32
11.5974924340683,1021,543,-478,-782,749.5,32.5
11.599654128837,1022,543,-479,-782.5,750.5,32
11.6018158236057,1022,543,-479,-782.5,750.5,32
11.6039775183744,1021,543,-478,-782,749.5,32.5
11.6061392131431,1023,543,-480,-783,751.5,31.5
11.6083009079118,1022,543,-479,-782.5,750.5,32
11.6104626026805,1021,543,-478,-782,749.5,32.5
11.6126242974492,1021,543,-478,-782,749.5,32.5
11.6147859922179,1022,543,-479,-782.5,750.5,32
11.6169476869866,1022,543,-479,-782.5,750.5,32
11.6191093817553,1021,543,-478,-782,749.5,32.5
11.621271076524,1021,543,-478,-782,749.5,32.5
11.6234327712927,1021,543,-478,-782,749.5,32.5
11.6255944660614,1021,543,-478,-782,749.5,32.5
11.6277561608301,1022,543,-479,-782.5,750.5,32
11.6299178555988,1020,543,-477,-781.5,748.5,33
11.6320795503675,1021,542,-479,-781.5,750,31.5
11.6342412451362,1022,543,-479,-782.5,750.5,32
11.6364029399049,1022,543,-479,-782.5,750.5,32
11.6385646346736,1023,542,-481,-782.5,752,30.5
11.6407263294423,1020,543,-477,-781.5,748.5,33
11.642888024211,1022,543,-479,-782.5,750.5,32
11.6450497189797,1022,543,-479,-782.5,750.5,32
11.6472114137484,1021,543,-478,-782,749.5,32.5
11.6493731085171,1021,543,-478,-782,749.5,32.5
11.6515348032858,1021,543,-478,-782,749.5,32.5
11.6536964980545,1022,543,-479,-782.5,750.5,32
11.6558581928232,1023,543,-480,-783,751.5,31.5
11.6580198875919,1021,543,-478,-782,749.5,32.5
11.6601815823606,1022,543,-479,-782.5,750.5,32
11.6623432771293,1022,543,-479,-782.5,750.5,32
11.664504971898,1021,543,-478,-782,749.5,32.5
11.6666666666667,1021,543,-478,-782,749.5,32.5
11.6688283614354,1022,543,-479,-782.5,750.5,32
11.6709900562041,1023,543,-480,-783,751.5,31.5
11.6731517509728,1021,543,-478,-782,749.5,32.5
11.6753134457415,1021,543,-478,-782,749.5,32.5
11.6774751405102,1021,543,-478,-782,749.5,32.5
11.6796368352789,1021,543,-478,-782,749.5,32.5
11.6817985300476,1021,543,-478,-782,749.5,32.5
11.6839602248163,1020,543,-477,-781.5,748.5,33
11.686121919585,1022,542,-480,-782,751,31
11.6882836143537,1021,543,-478,-782,749.5,32.5
11.6904453091224,1020,543,-477,-781.5,748.5,33
11.692607003891,1020,543,-477,-781.5,748.5,33
11.6947686986597,1022,543,-479,-782.5,750.5,32
11.6969303934284,1023,543,-480,-783,751.5,31.5
11.6990920881971,1022,543,-479,-782.5,750.5,32
11.7012537829658,1022,543,-479,-782.5,750.5,32
11.7034154777345,1022,543,-479,-782.5,750.5,32
11.7055771725032,1022,543,-479,-782.5,750.5,32
11.7077388672719,1022,543,-479,-782.5,750.5,32
11.7099005620406,1022,543,-479,-782.5,750.5,32
11.7120622568093,1009,543,-466,-776,737.5,38.5
11.714223951578,995,543,-452,-769,723.5,45.5
11.7163856463467,984,543,-441,-763.5,712.5,51
11.7185473411154,980,543,-437,-761.5,708.5,53
11.7207090358841,979,543,-436,-761,707.5,53.5
11.7228707306528,982,542,-440,-762,711,51
11.7250324254215,997,543,-454,-770,725.5,44.5
11.7271941201902,1009,543,-466,-776,737.5,38.5
11.7293558149589,1015,543,-472,-779,743.5,35.5
11.7315175097276,1019,543,-476,-781,747.5,33.5
11.7336792044963,1017,543,-474,-780,745.5,34.5
11.735840899265,1009,543,-466,-776,737.5,38.5
11.7380025940337,1000,543,-457,-771.5,728.5,43
11.7401642888024,1001,543,-458,-772,729.5,42.5
11.7423259835711,1003,543,-460,-773,731.5,41.5
11.7444876783398,1007,543,-464,-775,735.5,39.5
11.7466493731085,1001,543,-458,-772,729.5,42.5
11.7488110678772,990,543,-447,-766.5,718.5,48
11.7509727626459,983,543,-440,-763,711.5,51.5
11.7531344574146,975,543,-432,-759,703.5,55.5
11.7552961521833,969,543,-426,-756,697.5,58.5
11.757457846952,973,543,-430,-758,701.5,56.5
11.7596195417207,983,543,-440,-763,711.5,51.5
11.7617812364894,996,543,-453,-769.5,724.5,45
11.7639429312581,1015,543,-472,-779,743.5,35.5
11.7661046260268,1021,543,-478,-782,749.5,32.5
11.7682663207955,1021,543,-478,-782,749.5,32.5
11.7704280155642,1023,542,-481,-782.5,752,30.5
11.7725897103329,1013,543,-470,-778,741.5,36.5
11.7747514051016,1007,542,-465,-774.5,736,38.5
11.7769130998703,999,543,-456,-771,727.5,43.5
11.779074794639,996,543,-453,-769.5,724.5,45
11.7812364894077,1001,543,-458,-772,729.5,42.5
11.7833981841764,1010,543,-467,-776.5,738.5,38
11.7855598789451,1018,543,-475,-780.5,746.5,34
11.7877215737138,1019,543,-476,-781,747.5,33.5
11.7898832684825,1016,543,-473,-779.5,744.5,35
11.7920449632512,1013,543,-470,-778,741.5,36.5
11.7942066580199,1013,543,-470,-778,741.5,36.5
11.7963683527886,1011,543,-468,-777,739.5,37.5
11.7985300475573,1013,543,-470,-778,741.5,36.5
11.800691742326,1018,543,-475,-780.5,746.5,34
11.8028534370947,1023,542,-481,-782.5,752,30.5
11.8050151318634,1023,542,-481,-782.5,752,30.5
11.8071768266321,1020,543,-477,-781.5,748.5,33
11.8093385214008,1022,543,-479,-782.5,750.5,32
11.8115002161695,1020,543,-477,-781.5,748.5,33
11.8136619109382,1021,542,-479,-781.5,750,31.5
11.8158236057069,1020,543,-477,-781.5,748.5,33
11.8179853004756,1020,543,-477,-781.5,748.5,33
11.8201469952443,1008,543,-465,-775.5,736.5,39
11.822308690013,1006,543,-463,-774.5,734.5,40
11.8244703847817,1012,543,-469,-777.5,740.5,37
11.8266320795504,1022,543,-479,-782.5,750.5,32
11.8287937743191,1022,543,-479,-782.5,750.5,32
11.8309554690878,1022,542,-480,-782,751,31
11.8331171638565,1021,543,-478,-782,749.5,32.5
11.8352788586252,1023,543,-480,-783,751.5,31.5
11.8374405533939,1023,543,-480,-783,751.5,31.5
11.8396022481626,1021,543,-478,-782,749.5,32.5
11.8417639429313,1021,543,-478,-782,749.5,32.5
11.8439256377,1021,543,-478,-782,749.5,32.5
11.8460873324687,1021,543,-478,-782,749.5,32.5
11.8482490272374,1022,543,-479,-782.5,750.5,32
11.8504107220061,1021,543,-478,-782,749.5,32.5
11.8525724167748,1023,543,-480,-783,751.5,31.5
11.8547341115434,1022,543,-479,-782.5,750.5,32
11.8568958063121,1021,543,-478,-782,749.5,32.5
11.8590575010808,1021,543,-478,-782,749.5,32.5
11.8612191958495,1022,543,-479,-782.5,750.5,32
11.8633808906182,1021,543,-478,-782,749.5,32.5
11.8655425853869,1022,543,-479,-782.5,750.5,32
11.8677042801556,1022,543,-479,-782.5,750.5,32
11.8698659749243,1022,543,-479,-782.5,750.5,32
11.872027669693,1021,543,-478,-782,749.5,32.5
11.8741893644617,1022,543,-479,-782.5,750.5,32
11.8763510592304,1022,543,-479,-782.5,750.5,32
11.8785127539991,1021,543,-478,-782,749.5,32.5
11.8806744487678,1022,543,-479,-782.5,750.5,32
11.8828361435365,1022,543,-479,-782.5,750.5,32
11.8849978383052,1022,543,-479,-782.5,750.5,32
11.8871595330739,1021,543,-478,-782,749.5,32.5
11.8893212278426,1023,543,-480,-783,751.5,31.5
11.8914829226113,1021,543,-478,-782,749.5,32.5
11.89364461738,1023,543,-480,-783,751.5,31.5
11.8958063121487,1020,543,-477,-781.5,748.5,33
11.8979680069174,1022,543,-479,-782.5,750.5,32
11.9001297016861,1022,543,-479,-782.5,750.5,32
11.9022913964548,1021,543,-478,-782,749.5,32.5
11.9044530912235,1021,543,-478,-782,749.5,32.5
11.9066147859922,1021,543,-478,-782,749.5,32.5
11.9087764807609,1021,543,-478,-782,749.5,32.5
11.9109381755296,1023,542,-481,-782.5,752,30.5
11.9130998702983,1020,543,-477,-781.5,748.5,33
11.915261565067,1022,543,-479,-782.5,750.5,32
11.9174232598357,1022,543,-479,-782.5,750.5,32
11.9195849546044,1021,543,-478,-782,749.5,32.5
11.9217466493731,1023,543,-480,-783,751.5,31.5
11.9239083441418,1022,543,-479,-782.5,750.5,32
11.9260700389105,1020,543,-477,-781.5,748.5,33
11.9282317336792,1021,543,-478,-782,749.5,32.5
11.9303934284479,1022,543,-479,-782.5,750.5,32
11.9325551232166,1023,543,-480,-783,751.5,31.5
11.9347168179853,1021,543,-478,-782,749.5,32.5
11.936878512754,1022,543,-479,-782.5,750.5,32
11.9390402075227,1020,543,-477,-781.5,748.5,33
11.9412019022914,1022,543,-479,-782.5,750.5,32
11.9433635970601,1021,543,-478,-782,749.5,32.5
11.9455252918288,1023,543,-480,-783,751.5,31.5
11.9476869865975,1023,542,-481,-782.5,752,30.5
11.9498486813662,1022,543,-479,-782.5,750.5,32
11.9520103761349,1022,543,-479,-782.5,750.5,32
11.9541720709036,1021,543,-478,-782,749.5,32.5
11.9563337656723,1021,543,-478,-782,749.5,32.5
11.958495460441,1022,543,-479,-782.5,750.5,32
11.9606571552097,1022,542,-480,-782,751,31
11.9628188499784,1021,543,-478,-782,749.5,32.5
11.9649805447471,1022,543,-479,-782.5,750.5,32
11.9671422395158,1020,543,-477,-781.5,748.5,33
11.9693039342845,1022,542,-480,-782,751,31
11.9714656290532,1021,543,-478,-782,749.5,32.5
11.9736273238219,1021,543,-478,-782,749.5,32.5
11.9757890185906,1021,543,-478,-782,749.5,32.5
11.9779507133593,1022,543,-479,-782.5,750.5,32
11.980112408128,1023,543,-480,-783,751.5,31.5
11.9822741028967,1021,543,-478,-782,749.5,32.5
11.9844357976654,1022,543,-479,-782.5,750.5,32
11.9865974924341,1022,543,-479,-782.5,750.5,32
11.9887591872028,1021,543,-478,-782,749.5,32.5
11.9909208819715,1022,543,-479,-782.5,750.5,32
11.9930825767402,1023,543,-480,-783,751.5,31.5
11.9952442715089,1021,543,-478,-782,749.5,32.5
11.9974059662776,1021,543,-478,-782,749.5,32.5
11.9995676610463,1022,543,-479,-782.5,750.5,32
12.001729355815,1023,543,-480,-783,751.5,31.5
12.0038910505837,1021,543,-478,-782,749.5,32.5
12.0060527453524,1022,543,-479,-782.5,750.5,32
12.0082144401211,1022,543,-479,-782.5,750.5,32
12.0103761348898,1021,543,-478,-782,749.5,32.5
12.0125378296585,1022,543,-479,-782.5,750.5,32
12.0146995244272,1021,543,-478,-782,749.5,32.5
12.0168612191958,1021,543,-478,-782,749.5,32.5
12.0190229139645,1022,543,-479,-782.5,750.5,32
12.0211846087332,1021,543,-478,-782,749.5,32.5
12.0233463035019,1021,543,-478,-782,749.5,32.5
12.0255079982706,1020,542,-478,-781,749,32
12.0276696930393,1022,543,-479,-782.5,750.5,32
12.029831387808,1021,543,-478,-782,749.5,32.5
12.0319930825767,1021,543,-478,-782,749.5,32.5
12.0341547773454,1022,543,-479,-782.5,750.5,32
12.0363164721141,1023,543,-480,-783,751.5,31.5
12.0384781668828,1023,543,-480,-783,751.5,31.5
12.0406398616515,1022,543,-479,-782.5,750.5,32
12.0428015564202,1021,543,-478,-782,749.5,32.5
12.0449632511889,1023,542,-481,-782.5,752,30.5
12.0471249459576,1020,543,-477,-781.5,748.5,33
12.0492866407263,1023,543,-480,-783,751.5,31.5
12.051448335495,1021,543,-478,-782,749.5,32.5
12.0536100302637,1022,543,-479,-782.5,750.5,32
12.0557717250324,1021,543,-478,-782,749.5,32.5
12.0579334198011,1023,542,-481,-782.5,752,30.5
12.0600951145698,1020,543,-477,-781.5,748.5,33
12.0622568093385,1022,543,-479,-782.5,750.5,32
12.0644185041072,1022,543,-479,-782.5,750.5,32
12.0665801988759,1023,543,-480,-783,751.5,31.5
12.0687418936446,1021,543,-478,-782,749.5,32.5
12.0709035884133,1021,543,-478,-782,749.5,32.5
12.073065283182,1021,543,-478,-782,749.5,32.5
12.0752269779507,1021,543,-478,-782,749.5,32.5
12.0773886727194,1021,543,-478,-782,749.5,32.5
12.0795503674881,1023,543,-480,-783,751.5,31.5
12.0817120622568,1019,543,-476,-781,747.5,33.5
12.0838737570255,1023,543,-480,-783,751.5,31.5
12.0860354517942,1023,543,-480,-783,751.5,31.5
12.0881971465629,1023,543,-480,-783,751.5,31.5
12.0903588413316,1023,543,-480,-783,751.5,31.5
12.0925205361003,1023,543,-480,-783,751.5,31.5
12.094682230869,1021,543,-478,-782,749.5,32.5
12.0968439256377,1021,543,-478,-782,749.5,32.5
12.0990056204064,1023,543,-480,-783,751.5,31.5
12.1011673151751,1023,543,-480,-783,751.5,31.5
12.1033290099438,1020,543,-477,-781.5,748.5,33
12.1054907047125,1022,543,-479,-782.5,750.5,32
12.1076523994812,1021,543,-478,-782,749.5,32.5
12.1098140942499,1022,543,-479,-782.5,750.5,32
12.1119757890186,1021,543,-478,-782,749.5,32.5
12.1141374837873,1021,543,-478,-782,749.5,32.5
12.116299178556,1022,543,-479,-782.5,750.5,32
12.1184608733247,1022,543,-479,-782.5,750.5,32
12.1206225680934,1022,543,-479,-782.5,750.5,32
12.1227842628621,1020,543,-477,-781.5,748.5,33
12.1249459576308,1020,542,-478,-781,749,32
12.1271076523995,1018,543,-475,-780.5,746.5,34
12.1292693471682,1011,543,-468,-777,739.5,37.5
12.1314310419369,1009,543,-466,-776,737.5,38.5
12.1335927367056,1013,543,-470,-778,741.5,36.5
12.1357544314743,1019,543,-476,-781,747.5,33.5
12.137916126243,1020,543,-477,-781.5,748.5,33
12.1400778210117,1021,543,-478,-782,749.5,32.5
12.1422395157804,1021,543,-478,-782,749.5,32.5
12.1444012105491,1022,543,-479,-782.5,750.5,32
12.1465629053178,1020,543,-477,-781.5,748.5,33
12.1487246000865,1021,543,-478,-782,749.5,32.5
12.1508862948552,1022,543,-479,-782.5,750.5,32
12.1530479896239,1020,542,-478,-781,749,32
12.1552096843926,1022,543,-479,-782.5,750.5,32
12.1573713791613,1022,543,-479,-782.5,750.5,32
12.15953307393,1022,543,-479,-782.5,750.5,32
12.1616947686987,1023,542,-481,-782.5,752,30.5
12.1638564634674,1022,543,-479,-782.5,750.5,32
12.1660181582361,1022,543,-479,-782.5,750.5,32
12.1681798530048,1020,543,-477,-781.5,748.5,33
12.1703415477735,1022,542,-480,-782,751,31
12.1725032425422,1021,543,-478,-782,749.5,32.5
12.1746649373109,1022,543,-479,-782.5,750.5,32
12.1768266320795,1021,543,-478,-782,749.5,32.5
12.1789883268482,1022,543,-479,-782.5,750.5,32
12.1811500216169,1020,543,-477,-781.5,748.5,33
12.1833117163856,1021,543,-478,-782,749.5,32.5
12.1854734111543,1021,543,-478,-782,749.5,32.5
12.187635105923,1022,543,-479,-782.5,750.5,32
12.1897968006917,1021,543,-478,-782,749.5,32.5
12.1919584954604,1023,543,-480,-783,751.5,31.5
12.1941201902291,1022,543,-479,-782.5,750.5,32
12.1962818849978,1021,543,-478,-782,749.5,32.5
12.1984435797665,1020,543,-477,-781.5,748.5,33
12.2006052745352,1022,543,-479,-782.5,750.5,32
12.2027669693039,1023,543,-480,-783,751.5,31.5
12.2049286640726,1022,543,-479,-782.5,750.5,32
12.2070903588413,1022,543,-479,-782.5,750.5,32
12.20925205361,1022,543,-479,-782.5,750.5,32
12.2114137483787,1020,543,-477,-781.5,748.5,33
12.2135754431474,1020,543,-477,-781.5,748.5,33
12.2157371379161,1021,543,-478,-782,749.5,32.5
12.2178988326848,1021,543,-478,-782,749.5,32.5
12.2200605274535,1021,543,-478,-782,749.5,32.5
12.2222222222222,1022,543,-479,-782.5,750.5,32
12.2243839169909,1021,543,-478,-782,749.5,32.5
12.2265456117596,1021,543,-478,-782,749.5,32.5
12.2287073065283,1022,543,-479,-782.5,750.5,32
12.230869001297,1021,543,-478,-782,749.5,32.5
12.2330306960657,1023,543,-480,-783,751.5,31.5
12.2351923908344,1023,543,-480,-783,751.5,31.5
12.2373540856031,1023,543,-480,-783,751.5,31.5
12.2395157803718,1022,543,-479,-782.5,750.5,32
12.2416774751405,1021,543,-478,-782,749.5,32.5
12.2438391699092,1023,542,-481,-782.5,752,30.5
12.2460008646779,1021,543,-478,-782,749.5,32.5
12.2481625594466,1022,543,-479,-782.5,750.5,32
12.2503242542153,1021,543,-478,-782,749.5,32.5
12.252485948984,1022,543,-479,-782.5,750.5,32
12.2546476437527,1020,543,-477,-781.5,748.5,33
12.2568093385214,1021,543,-478,-782,749.5,32.5
12.2589710332901,1021,543,-478,-782,749.5,32.5
12.2611327280588,1022,543,-479,-782.5,750.5,32
12.2632944228275,1023,543,-480,-783,751.5,31.5
12.2654561175962,1021,543,-478,-782,749.5,32.5
12.2676178123649,1022,543,-479,-782.5,750.5,32
12.2697795071336,1021,543,-478,-782,749.5,32.5
12.2719412019023,1023,543,-480,-783,751.5,31.5
12.274102896671,1022,543,-479,-782.5,750.5,32
12.2762645914397,1022,543,-479,-782.5,750.5,32
12.2784262862084,1021,543,-478,-782,749.5,32.5
12.2805879809771,1021,543,-478,-782,749.5,32.5
12.2827496757458,1022,543,-479,-782.5,750.5,32
12.2849113705145,1022,543,-479,-782.5,750.5,32
12.2870730652832,1022,543,-479,-782.5,750.5,32
12.2892347600519,1023,543,-480,-783,751.5,31.5
12.2913964548206,1020,543,-477,-781.5,748.5,33
12.2935581495893,1023,543,-480,-783,751.5,31.5
12.295719844358,1023,543,-480,-783,751.5,31.5
12.2978815391267,1021,543,-478,-782,749.5,32.5
12.3000432338954,1022,543,-479,-782.5,750.5,32
12.3022049286641,1022,543,-479,-782.5,750.5,32
12.3043666234328,1021,543,-478,-782,749.5,32.5
12.3065283182015,1022,543,-479,-782.5,750.5,32
12.3086900129702,1022,543,-479,-782.5,750.5,32
12.3108517077389,1023,543,-480,-783,751.5,31.5
12.3130134025076,1021,543,-478,-782,749.5,32.5
12.3151750972763,1022,543,-479,-782.5,750.5,32
12.317336792045,1022,543,-479,-782.5,750.5,32
12.3194984868137,1022,542,-480,-782,751,31
12.3216601815824,1022,543,-479,-782.5,750.5,32
12.3238218763511,1021,543,-478,-782,749.5,32.5
12.3259835711198,1021,543,-478,-782,749.5,32.5
12.3281452658885,1019,543,-476,-781,747.5,33.5
12.3303069606572,1021,543,-478,-782,749.5,32.5
12.3324686554259,1021,543,-478,-782,749.5,32.5
12.3346303501946,1023,543,-480,-783,751.5,31.5
12.3367920449632,1021,543,-478,-782,749.5,32.5
12.3389537397319,1022,543,-479,-782.5,750.5,32
12.3411154345006,1021,543,-478,-782,749.5,32.5
12.3432771292693,1021,543,-478,-782,749.5,32.5
12.345438824038,1022,543,-479,-782.5,750.5,32
12.3476005188067,1020,543,-477,-781.5,748.5,33
12.3497622135754,1022,543,-479,-782.5,750.5,32
12.3519239083441,1022,543,-479,-782.5,750.5,32
12.3540856031128,1021,543,-478,-782,749.5,32.5
12.3562472978815,1022,543,-479,-782.5,750.5,32
12.3584089926502,1021,543,-478,-782,749.5,32.5
12.3605706874189,1021,543,-478,-782,749.5,32.5
12.3627323821876,1021,543,-478,-782,749.5,32.5
12.3648940769563,1023,543,-480,-783,751.5,31.5
12.367055771725,1023,542,-481,-782.5,752,30.5
12.3692174664937,1021,543,-478,-782,749.5,32.5
12.3713791612624,1023,543,-480,-783,751.5,31.5
12.3735408560311,1021,543,-478,-782,749.5,32.5
12.3757025507998,1021,543,-478,-782,749.5,32.5
12.3778642455685,1021,543,-478,-782,749.5,32.5
12.3800259403372,1009,543,-466,-776,737.5,38.5
12.3821876351059,1005,543,-462,-774,733.5,40.5
12.3843493298746,1005,543,-462,-774,733.5,40.5
12.3865110246433,1004,543,-461,-773.5,732.5,41
12.388672719412,1000,543,-457,-771.5,728.5,43
12.3908344141807,1005,543,-462,-774,733.5,40.5
12.3929961089494,1006,543,-463,-774.5,734.5,40
12.3951578037181,1006,543,-463,-774.5,734.5,40
12.3973194984868,1000,543,-457,-771.5,728.5,43
12.3994811932555,988,543,-445,-765.5,716.5,49
12.4016428880242,983,543,-440,-763,711.5,51.5
12.4038045827929,980,543,-437,-761.5,708.5,53
12.4059662775616,987,543,-444,-765,715.5,49.5
12.4081279723303,993,543,-450,-768,721.5,46.5
12.410289667099,995,543,-452,-769,723.5,45.5
12.4124513618677,992,543,-449,-767.5,720.5,47
12.4146130566364,993,543,-450,-768,721.5,46.5
12.4167747514051,988,542,-446,-765,717,48
12.4189364461738,976,543,-433,-759.5,704.5,55
12.4210981409425,966,543,-423,-754.5,694.5,60
12.4232598357112,965,543,-422,-754,693.5,60.5
12.4254215304799,965,543,-422,-754,693.5,60.5
12.4275832252486,976,543,-433,-759.5,704.5,55
12.4297449200173,985,543,-442,-764,713.5,50.5
12.431906614786,995,543,-452,-769,723.5,45.5
12.4340683095547,999,543,-456,-771,727.5,43.5
12.4362300043234,996,543,-453,-769.5,724.5,45
12.4383916990921,991,543,-448,-767,719.5,47.5
12.4405533938608,985,543,-442,-764,713.5,50.5
12.4427150886295,988,542,-446,-765,717,48
12.4448767833982,985,543,-442,-764,713.5,50.5
12.4470384781669,984,543,-441,-763.5,712.5,51
12.4492001729356,981,543,-438,-762,709.5,52.5
12.4513618677043,983,542,-441,-762.5,712,50.5
12.453523562473,979,543,-436,-761,707.5,53.5
12.4556852572417,978,543,-435,-760.5,706.5,54
12.4578469520104,977,543,-434,-760,705.5,54.5
12.4600086467791,978,543,-435,-760.5,706.5,54
12.4621703415478,982,543,-439,-762.5,710.5,52
12.4643320363165,988,543,-445,-765.5,716.5,49
12.4664937310852,986,543,-443,-764.5,714.5,50
12.4686554258539,985,543,-442,-764,713.5,50.5
12.4708171206226,979,543,-436,-761,707.5,53.5
12.4729788153913,974,543,-431,-758.5,702.5,56
12.47514051016,970,543,-427,-756.5,698.5,58
12.4773022049287,979,543,-436,-761,707.5,53.5
12.4794638996974,987,542,-445,-764.5,716,48.5
12.4816255944661,987,543,-444,-765,715.5,49.5
12.4837872892348,992,543,-449,-767.5,720.5,47
12.4859489840035,993,543,-450,-768,721.5,46.5
12.4881106787722,989,543,-446,-766,717.5,48.5
12.4902723735409,986,543,-443,-764.5,714.5,50
12.4924340683096,987,543,-444,-765,715.5,49.5
12.4945957630783,988,543,-445,-765.5,716.5,49
12.496757457847,989,543,-446,-766,717.5,48.5
12.4989191526157,981,543,-438,-762,709.5,52.5
12.5010808473843,971,543,-428,-757,699.5,57.5
12.503242542153,969,543,-426,-756,697.5,58.5
12.5054042369217,969,543,-426,-756,697.5,58.5
12.5075659316904,973,543,-430,-758,701.5,56.5
12.5097276264591,984,543,-441,-763.5,712.5,51
12.5118893212278,996,543,-453,-769.5,724.5,45
12.5140510159965,1003,543,-460,-773,731.5,41.5
12.5162127107652,1005,543,-462,-774,733.5,40.5
12.5183744055339,1006,543,-463,-774.5,734.5,40
12.5205361003026,1003,543,-460,-773,731.5,41.5
12.5226977950713,1000,543,-457,-771.5,728.5,43
12.52485948984,993,543,-450,-768,721.5,46.5
12.5270211846087,991,543,-448,-767,719.5,47.5
12.5291828793774,987,543,-444,-765,715.5,49.5
12.5313445741461,991,543,-448,-767,719.5,47.5
12.5335062689148,991,543,-448,-767,719.5,47.5
12.5356679636835,993,543,-450,-768,721.5,46.5
12.5378296584522,989,543,-446,-766,717.5,48.5
12.5399913532209,983,543,-440,-763,711.5,51.5
12.5421530479896,983,543,-440,-763,711.5,51.5
12.5443147427583,991,543,-448,-767,719.5,47.5
12.546476437527,998,543,-455,-770.5,726.5,44
12.5486381322957,1007,543,-464,-775,735.5,39.5
12.5507998270644,1008,543,-465,-775.5,736.5,39
12.5529615218331,1011,543,-468,-777,739.5,37.5
12.5551232166018,1007,542,-465,-774.5,736,38.5
12.5572849113705,1004,543,-461,-773.5,732.5,41
12.5594466061392,998,543,-455,-770.5,726.5,44
12.5616083009079,992,543,-449,-767.5,720.5,47
12.5637699956766,988,543,-445,-765.5,716.5,49
12.5659316904453,990,543,-447,-766.5,718.5,48
12.568093385214,987,543,-444,-765,715.5,49.5
12.5702550799827,989,543,-446,-766,717.5,48.5
12.5724167747514,986,543,-443,-764.5,714.5,50
12.5745784695201,983,543,-440,-763,711.5,51.5
12.5767401642888,974,542,-432,-758,703,55
12.5789018590575,966,543,-423,-754.5,694.5,60
12.5810635538262,961,543,-418,-752,689.5,62.5
12.5832252485949,959,543,-416,-751,687.5,63.5
12.5853869433636,965,543,-422,-754,693.5,60.5
12.5875486381323,969,542,-427,-755.5,698,57.5
12.589710332901,978,543,-435,-760.5,706.5,54
12.5918720276697,985,543,-442,-764,713.5,50.5
12.5940337224384,992,543,-449,-767.5,720.5,47
12.5961954172071,997,543,-454,-770,725.5,44.5
12.5983571119758,995,543,-452,-769,723.5,45.5
12.6005188067445,994,543,-451,-768.5,722.5,46
12.6026805015132,990,543,-447,-766.5,718.5,48
12.6048421962819,987,543,-444,-765,715.5,49.5
12.6070038910506,991,543,-448,-767,719.5,47.5
12.6091655858193,995,543,-452,-769,723.5,45.5
12.611327280588,997,543,-454,-770,725.5,44.5
12.6134889753567,997,543,-454,-770,725.5,44.5
12.6156506701254,990,543,-447,-766.5,718.5,48
12.6178123648941,981,543,-438,-762,709.5,52.5
12.6199740596628,972,543,-429,-757.5,700.5,57
12.6221357544315,971,543,-428,-757,699.5,57.5
12.6242974492002,982,543,-439,-762.5,710.5,52
12.6264591439689,998,543,-455,-770.5,726.5,44
12.6286208387376,1007,543,-464,-775,735.5,39.5
12.6307825335063,1015,543,-472,-779,743.5,35.5
12.632944228275,1017,543,-474,-780,745.5,34.5
12.6351059230437,1011,543,-468,-777,739.5,37.5
12.6372676178124,1002,543,-459,-772.5,730.5,42
12.6394293125811,996,543,-453,-769.5,724.5,45
12.6415910073498,995,542,-453,-768.5,724,44.5
12.6437527021185,997,543,-454,-770,725.5,44.5
12.6459143968872,1007,543,-464,-775,735.5,39.5
12.6480760916559,1007,543,-464,-775,735.5,39.5
12.6502377864246,1003,543,-460,-773,731.5,41.5
12.6523994811933,997,543,-454,-770,725.5,44.5
12.654561175962,989,543,-446,-766,717.5,48.5
12.6567228707307,980,543,-437,-761.5,708.5,53
12.6588845654994,974,542,-432,-758,703,55
12.661046260268,984,543,-441,-763.5,712.5,51
12.6632079550367,1007,543,-464,-775,735.5,39.5
12.6653696498054,1021,543,-478,-782,749.5,32.5
12.6675313445741,1022,543,-479,-782.5,750.5,32
12.6696930393428,1022,543,-479,-782.5,750.5,32
12.6718547341115,1021,543,-478,-782,749.5,32.5
12.6740164288802,1021,543,-478,-782,749.5,32.5
12.6761781236489,1013,543,-470,-778,741.5,36.5
12.6783398184176,997,543,-454,-770,725.5,44.5
12.6805015131863,990,543,-447,-766.5,718.5,48
12.682663207955,990,543,-447,-766.5,718.5,48
12.6848249027237,994,543,-451,-768.5,722.5,46
12.6869865974924,996,543,-453,-769.5,724.5,45
12.6891482922611,998,543,-455,-770.5,726.5,44
12.6913099870298,998,543,-455,-770.5,726.5,44
12.6934716817985,993,543,-450,-768,721.5,46.5
12.6956333765672,985,543,-442,-764,713.5,50.5
12.6977950713359,983,543,-440,-763,711.5,51.5
12.6999567661046,977,543,-434,-760,705.5,54.5
12.7021184608733,972,543,-429,-757.5,700.5,57
12.704280155642,972,543,-429,-757.5,700.5,57
12.7064418504107,973,543,-430,-758,701.5,56.5
12.7086035451794,980,542,-438,-761,709,52
12.7107652399481,978,543,-435,-760.5,706.5,54
12.7129269347168,978,543,-435,-760.5,706.5,54
12.7150886294855,982,542,-440,-762,711,51
12.7172503242542,981,543,-438,-762,709.5,52.5
12.7194120190229,980,543,-437,-761.5,708.5,53
12.7215737137916,980,542,-438,-761,709,52
12.7237354085603,971,543,-428,-757,699.5,57.5
12.725897103329,962,543,-419,-752.5,690.5,62
12.7280587980977,954,543,-411,-748.5,682.5,66
12.7302204928664,955,543,-412,-749,683.5,65.5
12.7323821876351,960,543,-417,-751.5,688.5,63
12.7345438824038,965,543,-422,-754,693.5,60.5
12.7367055771725,966,543,-423,-754.5,694.5,60
12.7388672719412,961,543,-418,-752,689.5,62.5
12.7410289667099,965,543,-422,-754,693.5,60.5
12.7431906614786,973,542,-431,-757.5,702,55.5
12.7453523562473,984,543,-441,-763.5,712.5,51
12.747514051016,989,543,-446,-766,717.5,48.5
12.7496757457847,993,543,-450,-768,721.5,46.5
12.7518374405534,985,542,-443,-763.5,714,49.5
12.7539991353221,982,543,-439,-762.5,710.5,52
12.7561608300908,976,543,-433,-759.5,704.5,55
12.7583225248595,974,543,-431,-758.5,702.5,56
12.7604842196282,968,543,-425,-755.5,696.5,59
12.7626459143969,959,543,-416,-751,687.5,63.5
12.7648076091656,952,543,-409,-747.5,680.5,67
12.7669693039343,948,543,-405,-745.5,676.5,69
12.769130998703,951,543,-408,-747,679.5,67.5
12.7712926934717,951,543,-408,-747,679.5,67.5
12.7734543882404,948,543,-405,-745.5,676.5,69
12.7756160830091,948,542,-406,-745,677,68
12.7777777777778,962,543,-419,-752.5,690.5,62
12.7799394725465,979,543,-436,-761,707.5,53.5
12.7821011673152,1001,543,-458,-772,729.5,42.5
12.7842628620839,1021,543,-478,-782,749.5,32.5
12.7864245568526,1022,543,-479,-782.5,750.5,32
12.7885862516213,1022,543,-479,-782.5,750.5,32
12.79074794639,1022,542,-480,-782,751,31
12.7929096411587,1022,543,-479,-782.5,750.5,32
12.7950713359274,1022,543,-479,-782.5,750.5,32
12.7972330306961,1023,542,-481,-782.5,752,30.5
12.7993947254648,1022,543,-479,-782.5,750.5,32
12.8015564202335,1022,543,-479,-782.5,750.5,32
12.8037181150022,1022,543,-479,-782.5,750.5,32
12.8058798097709,1023,543,-480,-783,751.5,31.5
12.8080415045396,1020,543,-477,-781.5,748.5,33
12.8102031993083,1021,543,-478,-782,749.5,32.5
12.812364894077,1022,543,-479,-782.5,750.5,32
12.8145265888457,983,543,-440,-763,711.5,51.5
12.8166882836144,947,543,-404,-745,675.5,69.5
12.8188499783831,923,543,-380,-733,651.5,81.5
12.8210116731517,914,543,-371,-728.5,642.5,86
12.8231733679204,916,542,-374,-729,645,84
12.8253350626891,923,543,-380,-733,651.5,81.5
12.8274967574578,935,543,-392,-739,663.5,75.5
12.8296584522265,946,543,-403,-744.5,674.5,70
12.8318201469952,958,543,-415,-750.5,686.5,64
12.8339818417639,974,543,-431,-758.5,702.5,56
12.8361435365326,979,542,-437,-760.5,708,52.5
12.8383052313013,984,542,-442,-763,713,50
12.84046692607,979,543,-436,-761,707.5,53.5
12.8426286208387,972,543,-429,-757.5,700.5,57
12.8447903156074,967,543,-424,-755,695.5,59.5
12.8469520103761,963,543,-420,-753,691.5,61.5
12.8491137051448,960,543,-417,-751.5,688.5,63
12.8512753999135,957,543,-414,-750,685.5,64.5
12.8534370946822,957,543,-414,-750,685.5,64.5
12.8555987894509,955,543,-412,-749,683.5,65.5
12.8577604842196,958,543,-415,-750.5,686.5,64
12.8599221789883,960,543,-417,-751.5,688.5,63
12.862083873757,960,543,-417,-751.5,688.5,63
12.8642455685257,957,542,-415,-749.5,686,63.5
12.8664072632944,964,543,-421,-753.5,692.5,61
12.8685689580631,968,542,-426,-755,697,58
12.8707306528318,973,543,-430,-758,701.5,56.5
12.8728923476005,975,543,-432,-759,703.5,55.5
12.8750540423692,976,543,-433,-759.5,704.5,55
12.8772157371379,975,543,-432,-759,703.5,55.5
12.8793774319066,973,542,-431,-757.5,702,55.5
12.8815391266753,977,543,-434,-760,705.5,54.5
12.883700821444,984,543,-441,-763.5,712.5,51
12.8858625162127,996,543,-453,-769.5,724.5,45
12.8880242109814,1004,543,-461,-773.5,732.5,41
12.8901859057501,1007,543,-464,-775,735.5,39.5
12.8923476005188,1002,542,-460,-772,731,41
12.8945092952875,994,543,-451,-768.5,722.5,46
12.8966709900562,993,543,-450,-768,721.5,46.5
12.8988326848249,991,543,-448,-767,719.5,47.5
12.9009943795936,994,543,-451,-768.5,722.5,46
12.9031560743623,989,543,-446,-766,717.5,48.5
12.905317769131,985,543,-442,-764,713.5,50.5
12.9074794638997,982,543,-439,-762.5,710.5,52
12.9096411586684,993,543,-450,-768,721.5,46.5
12.9118028534371,1006,543,-463,-774.5,734.5,40
12.9139645482058,1022,543,-479,-782.5,750.5,32
12.9161262429745,1021,543,-478,-782,749.5,32.5
12.9182879377432,1022,543,-479,-782.5,750.5,32
12.9204496325119,1016,543,-473,-779.5,744.5,35
12.9226113272806,1012,542,-470,-777,741,36
12.9247730220493,1006,543,-463,-774.5,734.5,40
12.926934716818,1003,543,-460,-773,731.5,41.5
12.9290964115867,1003,543,-460,-773,731.5,41.5
12.9312581063554,1010,543,-467,-776.5,738.5,38
12.9334198011241,1014,543,-471,-778.5,742.5,36
12.9355814958928,1021,543,-478,-782,749.5,32.5
12.9377431906615,1020,543,-477,-781.5,748.5,33
12.9399048854302,1022,543,-479,-782.5,750.5,32
12.9420665801989,1023,543,-480,-783,751.5,31.5
12.9442282749676,1021,543,-478,-782,749.5,32.5
12.9463899697363,1022,543,-479,-782.5,750.5,32
12.948551664505,1023,543,-480,-783,751.5,31.5
12.9507133592737,1021,543,-478,-782,749.5,32.5
12.9528750540424,1021,543,-478,-782,749.5,32.5
12.9550367488111,1021,543,-478,-782,749.5,32.5
12.9571984435798,1021,543,-478,-782,749.5,32.5
12.9593601383485,1020,543,-477,-781.5,748.5,33
12.9615218331172,1021,543,-478,-782,749.5,32.5
12.9636835278859,1021,543,-478,-782,749.5,32.5
12.9658452226546,1021,543,-478,-782,749.5,32.5
12.9680069174233,1021,543,-478,-782,749.5,32.5
12.970168612192,1021,543,-478,-782,749.5,32.5
12.9723303069607,1022,543,-479,-782.5,750.5,32
12.9744920017294,1022,543,-479,-782.5,750.5,32
12.9766536964981,1022,543,-479,-782.5,750.5,32
12.9788153912668,1022,543,-479,-782.5,750.5,32
12.9809770860355,1022,543,-479,-782.5,750.5,32
12.9831387808042,1021,543,-478,-782,749.5,32.5
12.9853004755728,1022,543,-479,-782.5,750.5,32
12.9874621703415,1023,543,-480,-783,751.5,31.5
12.9896238651102,1022,543,-479,-782.5,750.5,32
12.9917855598789,1021,543,-478,-782,749.5,32.5
12.9939472546476,1022,543,-479,-782.5,750.5,32
12.9961089494163,1021,543,-478,-782,749.5,32.5
12.998270644185,1021,543,-478,-782,749.5,32.5
13.0004323389537,1020,543,-477,-781.5,748.5,33
13.0025940337224,1022,543,-479,-782.5,750.5,32
13.0047557284911,1021,543,-478,-782,749.5,32.5
13.0069174232598,1022,543,-479,-782.5,750.5,32
13.0090791180285,1023,543,-480,-783,751.5,31.5
13.0112408127972,1022,543,-479,-782.5,750.5,32
13.0134025075659,1023,543,-480,-783,751.5,31.5
13.0155642023346,1022,543,-479,-782.5,750.5,32
13.0177258971033,1021,543,-478,-782,749.5,32.5
13.019887591872,1020,543,-477,-781.5,748.5,33
13.0220492866407,1022,543,-479,-782.5,750.5,32
13.0242109814094,1021,543,-478,-782,749.5,32.5
13.0263726761781,1021,543,-478,-782,749.5,32.5
13.0285343709468,1022,543,-479,-782.5,750.5,32
13.0306960657155,1021,543,-478,-782,749.5,32.5
13.0328577604842,1021,543,-478,-782,749.5,32.5
13.0350194552529,1022,543,-479,-782.5,750.5,32
13.0371811500216,1022,543,-479,-782.5,750.5,32
13.0393428447903,1019,543,-476,-781,747.5,33.5
13.041504539559,1022,543,-479,-782.5,750.5,32
13.0436662343277,1022,543,-479,-782.5,750.5,32
13.0458279290964,1021,543,-478,-782,749.5,32.5
13.0479896238651,1022,543,-479,-782.5,750.5,32
13.0501513186338,1022,543,-479,-782.5,750.5,32
13.0523130134025,1022,543,-479,-782.5,750.5,32
13.0544747081712,1021,543,-478,-782,749.5,32.5
13.0566364029399,1021,543,-478,-782,749.5,32.5
13.0587980977086,1021,543,-478,-782,749.5,32.5
13.0609597924773,1021,543,-478,-782,749.5,32.5
13.063121487246,1022,543,-479,-782.5,750.5,32
13.0652831820147,1022,543,-479,-782.5,750.5,32
13.0674448767834,1018,543,-475,-780.5,746.5,34
13.0696065715521,1014,543,-471,-778.5,742.5,36
13.0717682663208,1012,543,-469,-777.5,740.5,37
13.0739299610895,1008,543,-465,-775.5,736.5,39
13.0760916558582,1007,543,-464,-775,735.5,39.5
13.0782533506269,1009,543,-466,-776,737.5,38.5
13.0804150453956,1008,543,-465,-775.5,736.5,39
13.0825767401643,1009,543,-466,-776,737.5,38.5
13.084738434933,1007,543,-464,-775,735.5,39.5
13.0869001297017,997,543,-454,-770,725.5,44.5
13.0890618244704,990,543,-447,-766.5,718.5,48
13.0912235192391,981,543,-438,-762,709.5,52.5
13.0933852140078,985,543,-442,-764,713.5,50.5
13.0955469087765,991,543,-448,-767,719.5,47.5
13.0977086035452,1000,543,-457,-771.5,728.5,43
13.0998702983139,1005,543,-462,-774,733.5,40.5
13.1020319930826,1005,543,-462,-774,733.5,40.5
13.1041936878513,1000,543,-457,-771.5,728.5,43
13.10635538262,998,543,-455,-770.5,726.5,44
13.1085170773887,997,543,-454,-770,725.5,44.5
13.1106787721574,997,543,-454,-770,725.5,44.5
13.1128404669261,996,543,-453,-769.5,724.5,45
13.1150021616948,1001,543,-458,-772,729.5,42.5
13.1171638564635,1007,543,-464,-775,735.5,39.5
13.1193255512322,1010,543,-467,-776.5,738.5,38
13.1214872460009,1010,543,-467,-776.5,738.5,38
13.1236489407696,1000,543,-457,-771.5,728.5,43
13.1258106355383,991,543,-448,-767,719.5,47.5
13.127972330307,986,543,-443,-764.5,714.5,50
13.1301340250757,982,542,-440,-762,711,51
13.1322957198444,977,543,-434,-760,705.5,54.5
13.1344574146131,974,543,-431,-758.5,702.5,56
13.1366191093818,977,543,-434,-760,705.5,54.5
13.1387808041505,984,543,-441,-763.5,712.5,51
13.1409424989192,994,543,-451,-768.5,722.5,46
13.1431041936879,1000,543,-457,-771.5,728.5,43
13.1452658884565,1005,543,-462,-774,733.5,40.5
13.1474275832252,1007,543,-464,-775,735.5,39.5
13.1495892779939,1005,543,-462,-774,733.5,40.5
13.1517509727626,1004,543,-461,-773.5,732.5,41
13.1539126675313,1007,543,-464,-775,735.5,39.5
13.1560743623,1010,543,-467,-776.5,738.5,38
13.1582360570687,1013,543,-470,-778,741.5,36.5
13.1603977518374,1008,543,-465,-775.5,736.5,39
13.1625594466061,1004,543,-461,-773.5,732.5,41
13.1647211413748,1011,543,-468,-777,739.5,37.5
13.1668828361435,1014,543,-471,-778.5,742.5,36
13.1690445309122,1011,543,-468,-777,739.5,37.5
13.1712062256809,1005,543,-462,-774,733.5,40.5
13.1733679204496,1004,542,-462,-773,733,40
13.1755296152183,1007,543,-464,-775,735.5,39.5
13.177691309987,1015,543,-472,-779,743.5,35.5
13.1798530047557,1020,542,-478,-781,749,32
13.1820146995244,1021,543,-478,-782,749.5,32.5
13.1841763942931,1021,543,-478,-782,749.5,32.5
13.1863380890618,1022,543,-479,-782.5,750.5,32
13.1884997838305,1021,543,-478,-782,749.5,32.5
13.1906614785992,1016,543,-473,-779.5,744.5,35
13.1928231733679,1007,543,-464,-775,735.5,39.5
13.1949848681366,1009,543,-466,-776,737.5,38.5
13.1971465629053,1015,543,-472,-779,743.5,35.5
13.199308257674,1018,542,-476,-780,747,33
13.2014699524427,1014,543,-471,-778.5,742.5,36
13.2036316472114,1008,543,-465,-775.5,736.5,39
13.2057933419801,1005,543,-462,-774,733.5,40.5
13.2079550367488,1007,543,-464,-775,735.5,39.5
13.2101167315175,999,543,-456,-771,727.5,43.5
13.2122784262862,999,543,-456,-771,727.5,43.5
13.2144401210549,1001,543,-458,-772,729.5,42.5
13.2166018158236,1011,543,-468,-777,739.5,37.5
13.2187635105923,1022,543,-479,-782.5,750.5,32
13.220925205361,1023,543,-480,-783,751.5,31.5
13.2230869001297,1022,543,-479,-782.5,750.5,32
13.2252485948984,1023,543,-480,-783,751.5,31.5
13.2274102896671,1019,543,-476,-781,747.5,33.5
13.2295719844358,1004,543,-461,-773.5,732.5,41
13.2317336792045,1000,542,-458,-771,729,42
13.2338953739732,996,543,-453,-769.5,724.5,45
13.2360570687419,998,543,-455,-770.5,726.5,44
13.2382187635106,1002,543,-459,-772.5,730.5,42
13.2403804582793,1010,543,-467,-776.5,738.5,38
13.242542153048,1017,543,-474,-780,745.5,34.5
13.2447038478167,1020,543,-477,-781.5,748.5,33
13.2468655425854,1022,542,-480,-782,751,31
13.2490272373541,1019,543,-476,-781,747.5,33.5
13.2511889321228,1015,543,-472,-779,743.5,35.5
13.2533506268915,1009,543,-466,-776,737.5,38.5
13.2555123216602,1001,543,-458,-772,729.5,42.5
13.2576740164289,1000,543,-457,-771.5,728.5,43
13.2598357111976,1007,543,-464,-775,735.5,39.5
13.2619974059663,1018,543,-475,-780.5,746.5,34
13.264159100735,1021,543,-478,-782,749.5,32.5
13.2663207955037,1021,543,-478,-782,749.5,32.5
13.2684824902724,1017,543,-474,-780,745.5,34.5
13.2706441850411,1016,543,-473,-779.5,744.5,35
13.2728058798098,1015,543,-472,-779,743.5,35.5
13.2749675745785,1020,543,-477,-781.5,748.5,33
13.2771292693472,1022,543,-479,-782.5,750.5,32
13.2792909641159,1022,543,-479,-782.5,750.5,32
13.2814526588846,1022,543,-479,-782.5,750.5,32
13.2836143536533,1021,543,-478,-782,749.5,32.5
13.285776048422,1021,543,-478,-782,749.5,32.5
13.2879377431907,1018,543,-475,-780.5,746.5,34
13.2900994379594,1018,543,-475,-780.5,746.5,34
13.2922611327281,1016,543,-473,-779.5,744.5,35
13.2944228274968,1016,543,-473,-779.5,744.5,35
13.2965845222655,1011,543,-468,-777,739.5,37.5
13.2987462170342,1009,543,-466,-776,737.5,38.5
13.3009079118029,1011,543,-468,-777,739.5,37.5
13.3030696065716,1016,543,-473,-779.5,744.5,35
13.3052313013402,1021,543,-478,-782,749.5,32.5
13.3073929961089,1021,543,-478,-782,749.5,32.5
13.3095546908776,1021,543,-478,-782,749.5,32.5
13.3117163856463,1022,543,-479,-782.5,750.5,32
13.313878080415,1022,543,-479,-782.5,750.5,32
13.3160397751837,1023,543,-480,-783,751.5,31.5
13.3182014699524,1021,543,-478,-782,749.5,32.5
13.3203631647211,1019,543,-476,-781,747.5,33.5
13.3225248594898,1021,543,-478,-782,749.5,32.5
13.3246865542585,1013,542,-471,-777.5,742,35.5
13.3268482490272,1016,543,-473,-779.5,744.5,35
13.3290099437959,1019,543,-476,-781,747.5,33.5
13.3311716385646,1022,543,-479,-782.5,750.5,32
13.3333333333333,1023,543,-480,-783,751.5,31.5
13.335495028102,1021,543,-478,-782,749.5,32.5
13.3376567228707,1021,543,-478,-782,749.5,32.5
13.3398184176394,1022,543,-479,-782.5,750.5,32
13.3419801124081,1022,543,-479,-782.5,750.5,32
13.3441418071768,1023,543,-480,-783,751.5,31.5
13.3463035019455,1021,543,-478,-782,749.5,32.5
13.3484651967142,1022,543,-479,-782.5,750.5,32
13.3506268914829,1022,543,-479,-782.5,750.5,32
13.3527885862516,1021,543,-478,-782,749.5,32.5
13.3549502810203,1021,543,-478,-782,749.5,32.5
13.357111975789,1022,543,-479,-782.5,750.5,32
13.3592736705577,1020,542,-478,-781,749,32
13.3614353653264,1021,543,-478,-782,749.5,32.5
13.3635970600951,1022,543,-479,-782.5,750.5,32
13.3657587548638,1021,543,-478,-782,749.5,32.5
13.3679204496325,1021,543,-478,-782,749.5,32.5
13.3700821444012,1022,543,-479,-782.5,750.5,32
13.3722438391699,1021,543,-478,-782,749.5,32.5
13.3744055339386,1021,543,-478,-782,749.5,32.5
13.3765672287073,1022,543,-479,-782.5,750.5,32
13.378728923476,1019,543,-476,-781,747.5,33.5
13.3808906182447,1014,542,-472,-778,743,35
13.3830523130134,1008,543,-465,-775.5,736.5,39
13.3852140077821,1009,543,-466,-776,737.5,38.5
13.3873757025508,1013,543,-470,-778,741.5,36.5
13.3895373973195,1015,543,-472,-779,743.5,35.5
13.3916990920882,1007,543,-464,-775,735.5,39.5
13.3938607868569,1002,543,-459,-772.5,730.5,42
13.3960224816256,1002,543,-459,-772.5,730.5,42
13.3981841763943,1007,543,-464,-775,735.5,39.5
13.400345871163,1011,543,-468,-777,739.5,37.5
13.4025075659317,1013,543,-470,-778,741.5,36.5
13.4046692607004,1016,543,-473,-779.5,744.5,35
13.4068309554691,1013,543,-470,-778,741.5,36.5
13.4089926502378,1013,543,-470,-778,741.5,36.5
13.4111543450065,1017,543,-474,-780,745.5,34.5
13.4133160397752,1018,543,-475,-780.5,746.5,34
13.4154777345439,1021,543,-478,-782,749.5,32.5
13.4176394293126,1020,543,-477,-781.5,748.5,33
13.4198011240813,1022,543,-479,-782.5,750.5,32
13.42196281885,1021,543,-478,-782,749.5,32.5
13.4241245136187,1018,543,-475,-780.5,746.5,34
13.4262862083874,1008,543,-465,-775.5,736.5,39
13.4284479031561,1002,543,-459,-772.5,730.5,42
13.4306095979248,995,543,-452,-769,723.5,45.5
13.4327712926935,994,543,-451,-768.5,722.5,46
13.4349329874622,994,543,-451,-768.5,722.5,46
13.4370946822309,1000,543,-457,-771.5,728.5,43
13.4392563769996,1004,543,-461,-773.5,732.5,41
13.4414180717683,1014,543,-471,-778.5,742.5,36
13.443579766537,1022,543,-479,-782.5,750.5,32
13.4457414613057,1021,543,-478,-782,749.5,32.5
13.4479031560744,1020,543,-477,-781.5,748.5,33
13.4500648508431,1013,543,-470,-778,741.5,36.5
13.4522265456118,1008,543,-465,-775.5,736.5,39
13.4543882403805,1000,543,-457,-771.5,728.5,43
13.4565499351492,998,543,-455,-770.5,726.5,44
13.4587116299179,997,543,-454,-770,725.5,44.5
13.4608733246866,1004,543,-461,-773.5,732.5,41
13.4630350194553,1013,543,-470,-778,741.5,36.5
13.465196714224,1020,543,-477,-781.5,748.5,33
13.4673584089927,1022,543,-479,-782.5,750.5,32
13.4695201037613,1022,543,-479,-782.5,750.5,32
13.47168179853,1021,543,-478,-782,749.5,32.5
13.4738434932987,1022,543,-479,-782.5,750.5,32
13.4760051880674,1022,543,-479,-782.5,750.5,32
13.4781668828361,1023,543,-480,-783,751.5,31.5
13.4803285776048,1022,543,-479,-782.5,750.5,32
13.4824902723735,1020,543,-477,-781.5,748.5,33
13.4846519671422,1022,543,-479,-782.5,750.5,32
13.4868136619109,1021,543,-478,-782,749.5,32.5
13.4889753566796,1022,543,-479,-782.5,750.5,32
13.4911370514483,1021,543,-478,-782,749.5,32.5
13.493298746217,1021,543,-478,-782,749.5,32.5
13.4954604409857,1023,543,-480,-783,751.5,31.5
13.4976221357544,1020,543,-477,-781.5,748.5,33
13.4997838305231,1022,543,-479,-782.5,750.5,32
13.5019455252918,1000,543,-457,-771.5,728.5,43
13.5041072200605,988,543,-445,-765.5,716.5,49
13.5062689148292,977,543,-434,-760,705.5,54.5
13.5084306095979,970,543,-427,-756.5,698.5,58
13.5105923043666,962,543,-419,-752.5,690.5,62
13.5127539991353,964,542,-422,-753,693,60
13.514915693904,972,543,-429,-757.5,700.5,57
13.5170773886727,986,543,-443,-764.5,714.5,50
13.5192390834414,997,543,-454,-770,725.5,44.5
13.5214007782101,1007,542,-465,-774.5,736,38.5
13.5235624729788,1006,543,-463,-774.5,734.5,40
13.5257241677475,1006,542,-464,-774,735,39
13.5278858625162,1006,543,-463,-774.5,734.5,40
13.5300475572849,1008,543,-465,-775.5,736.5,39
13.5322092520536,1006,543,-463,-774.5,734.5,40
13.5343709468223,1012,542,-470,-777,741,36
13.536532641591,1015,543,-472,-779,743.5,35.5
13.5386943363597,1020,543,-477,-781.5,748.5,33
13.5408560311284,1019,543,-476,-781,747.5,33.5
13.5430177258971,1017,542,-475,-779.5,746,33.5
13.5451794206658,1016,543,-473,-779.5,744.5,35
13.5473411154345,1014,543,-471,-778.5,742.5,36
13.5495028102032,1013,543,-470,-778,741.5,36.5
13.5516645049719,1016,543,-473,-779.5,744.5,35
13.5538261997406,1017,543,-474,-780,745.5,34.5
13.5559878945093,1019,543,-476,-781,747.5,33.5
13.558149589278,1017,543,-474,-780,745.5,34.5
13.5603112840467,1014,543,-471,-778.5,742.5,36
13.5624729788154,1011,543,-468,-777,739.5,37.5
13.5646346735841,1009,543,-466,-776,737.5,38.5
13.5667963683528,1015,543,-472,-779,743.5,35.5
13.5689580631215,1021,543,-478,-782,749.5,32.5
13.5711197578902,1021,543,-478,-782,749.5,32.5
13.5732814526589,1023,543,-480,-783,751.5,31.5
13.5754431474276,1023,543,-480,-783,751.5,31.5
13.5776048421963,1023,543,-480,-783,751.5,31.5
13.579766536965,1023,543,-480,-783,751.5,31.5
13.5819282317337,1021,543,-478,-782,749.5,32.5
13.5840899265024,1023,543,-480,-783,751.5,31.5
13.5862516212711,1021,543,-478,-782,749.5,32.5
13.5884133160398,1021,543,-478,-782,749.5,32.5
13.5905750108085,1021,543,-478,-782,749.5,32.5
13.5927367055772,1022,543,-479,-782.5,750.5,32
13.5948984003459,1021,543,-478,-782,749.5,32.5
13.5970600951146,1022,543,-479,-782.5,750.5,32
13.5992217898833,1021,543,-478,-782,749.5,32.5
13.601383484652,1022,543,-479,-782.5,750.5,32
13.6035451794207,1021,543,-478,-782,749.5,32.5
13.6057068741894,1022,543,-479,-782.5,750.5,32
13.6078685689581,1020,543,-477,-781.5,748.5,33
13.6100302637268,1020,543,-477,-781.5,748.5,33
13.6121919584955,1023,542,-481,-782.5,752,30.5
13.6143536532642,1022,542,-480,-782,751,31
13.6165153480329,1022,543,-479,-782.5,750.5,32
13.6186770428016,1021,543,-478,-782,749.5,32.5
13.6208387375703,1022,543,-479,-782.5,750.5,32
13.623000432339,1020,543,-477,-781.5,748.5,33
13.6251621271077,1021,543,-478,-782,749.5,32.5
13.6273238218764,1021,543,-478,-782,749.5,32.5
13.629485516645,1022,543,-479,-782.5,750.5,32
13.6316472114137,1021,543,-478,-782,749.5,32.5
13.6338089061824,1022,543,-479,-782.5,750.5,32
13.6359706009511,1022,543,-479,-782.5,750.5,32
13.6381322957198,1022,543,-479,-782.5,750.5,32
13.6402939904885,1022,543,-479,-782.5,750.5,32
13.6424556852572,1022,543,-479,-782.5,750.5,32
13.6446173800259,1022,543,-479,-782.5,750.5,32
13.6467790747946,1023,543,-480,-783,751.5,31.5
13.6489407695633,1021,543,-478,-782,749.5,32.5
13.651102464332,1023,543,-480,-783,751.5,31.5
13.6532641591007,1023,543,-480,-783,751.5,31.5
13.6554258538694,1021,543,-478,-782,749.5,32.5
13.6575875486381,1022,543,-479,-782.5,750.5,32
13.6597492434068,1022,542,-480,-782,751,31
13.6619109381755,1021,543,-478,-782,749.5,32.5
13.6640726329442,1023,543,-480,-783,751.5,31.5
13.6662343277129,1023,542,-481,-782.5,752,30.5
13.6683960224816,1023,543,-480,-783,751.5,31.5
13.6705577172503,1022,543,-479,-782.5,750.5,32
13.672719412019,1022,543,-479,-782.5,750.5,32
13.6748811067877,1021,543,-478,-782,749.5,32.5
13.6770428015564,1021,543,-478,-782,749.5,32.5
13.6792044963251,1022,543,-479,-782.5,750.5,32
13.6813661910938,1020,543,-477,-781.5,748.5,33
13.6835278858625,1021,543,-478,-782,749.5,32.5
13.6856895806312,1022,543,-479,-782.5,750.5,32
13.6878512753999,1021,543,-478,-782,749.5,32.5
13.6900129701686,1021,543,-478,-782,749.5,32.5
13.6921746649373,1022,543,-479,-782.5,750.5,32
13.694336359706,1022,543,-479,-782.5,750.5,32
13.6964980544747,1021,543,-478,-782,749.5,32.5
13.6986597492434,1022,543,-479,-782.5,750.5,32
13.7008214440121,1022,543,-479,-782.5,750.5,32
13.7029831387808,1023,543,-480,-783,751.5,31.5
13.7051448335495,1022,543,-479,-782.5,750.5,32
13.7073065283182,1020,543,-477,-781.5,748.5,33
13.7094682230869,1023,543,-480,-783,751.5,31.5
13.7116299178556,1021,543,-478,-782,749.5,32.5
13.7137916126243,1022,543,-479,-782.5,750.5,32
13.715953307393,1021,543,-478,-782,749.5,32.5
13.7181150021617,1022,543,-479,-782.5,750.5,32
13.7202766969304,1021,543,-478,-782,749.5,32.5
13.7224383916991,1021,543,-478,-782,749.5,32.5
13.7246000864678,1021,543,-478,-782,749.5,32.5
13.7267617812365,1022,543,-479,-782.5,750.5,32
13.7289234760052,1022,543,-479,-782.5,750.5,32
13.7310851707739,1021,543,-478,-782,749.5,32.5
13.7332468655426,1022,543,-479,-782.5,750.5,32
13.7354085603113,1022,543,-479,-782.5,750.5,32
13.73757025508,1021,543,-478,-782,749.5,32.5
13.7397319498487,1020,543,-477,-781.5,748.5,33
13.7418936446174,1021,543,-478,-782,749.5,32.5
13.7440553393861,1020,543,-477,-781.5,748.5,33
13.7462170341548,1021,543,-478,-782,749.5,32.5
13.7483787289235,1020,543,-477,-781.5,748.5,33
13.7505404236922,1022,543,-479,-782.5,750.5,32
13.7527021184609,1021,543,-478,-782,749.5,32.5
13.7548638132296,1022,543,-479,-782.5,750.5,32
13.7570255079983,1022,543,-479,-782.5,750.5,32
13.759187202767,1021,543,-478,-782,749.5,32.5
13.7613488975357,1022,543,-479,-782.5,750.5,32
13.7635105923044,1022,543,-479,-782.5,750.5,32
13.7656722870731,1022,543,-479,-782.5,750.5,32
13.7678339818418,1021,543,-478,-782,749.5,32.5
13.7699956766105,1019,543,-476,-781,747.5,33.5
13.7721573713792,1010,543,-467,-776.5,738.5,38
13.7743190661479,1001,543,-458,-772,729.5,42.5
13.7764807609166,1003,543,-460,-773,731.5,41.5
13.7786424556853,1005,543,-462,-774,733.5,40.5
13.780804150454,1001,543,-458,-772,729.5,42.5
13.7829658452227,995,543,-452,-769,723.5,45.5
13.7851275399914,993,543,-450,-768,721.5,46.5
13.7872892347601,999,542,-457,-770.5,728,42.5
13.7894509295287,995,543,-452,-769,723.5,45.5
13.7916126242974,998,543,-455,-770.5,726.5,44
13.7937743190661,999,543,-456,-771,727.5,43.5
13.7959360138348,1000,543,-457,-771.5,728.5,43
13.7980977086035,1003,543,-460,-773,731.5,41.5
13.8002594033722,1011,543,-468,-777,739.5,37.5
13.8024210981409,1016,543,-473,-779.5,744.5,35
13.8045827929096,1018,543,-475,-780.5,746.5,34
13.8067444876783,1012,543,-469,-777.5,740.5,37
13.808906182447,1008,543,-465,-775.5,736.5,39
13.8110678772157,1009,543,-466,-776,737.5,38.5
13.8132295719844,1009,543,-466,-776,737.5,38.5
13.8153912667531,1011,543,-468,-777,739.5,37.5
13.8175529615218,1016,543,-473,-779.5,744.5,35
13.8197146562905,1021,543,-478,-782,749.5,32.5
13.8218763510592,1023,542,-481,-782.5,752,30.5
13.8240380458279,1019,543,-476,-781,747.5,33.5
13.8261997405966,1014,543,-471,-778.5,742.5,36
13.8283614353653,1009,543,-466,-776,737.5,38.5
13.830523130134,1006,542,-464,-774,735,39
13.8326848249027,1010,543,-467,-776.5,738.5,38
13.8348465196714,1013,543,-470,-778,741.5,36.5
13.8370082144401,1020,542,-478,-781,749,32
13.8391699092088,1022,543,-479,-782.5,750.5,32
13.8413316039775,1022,543,-479,-782.5,750.5,32
13.8434932987462,1021,543,-478,-782,749.5,32.5
13.8456549935149,1021,543,-478,-782,749.5,32.5
13.8478166882836,1022,543,-479,-782.5,750.5,32
13.8499783830523,1021,543,-478,-782,749.5,32.5
13.852140077821,1022,543,-479,-782.5,750.5,32
13.8543017725897,1022,543,-479,-782.5,750.5,32
13.8564634673584,1017,543,-474,-780,745.5,34.5
13.8586251621271,1015,543,-472,-779,743.5,35.5
13.8607868568958,1015,543,-472,-779,743.5,35.5
13.8629485516645,1009,543,-466,-776,737.5,38.5
13.8651102464332,1014,543,-471,-778.5,742.5,36
13.8672719412019,1017,543,-474,-780,745.5,34.5
13.8694336359706,1020,543,-477,-781.5,748.5,33
13.8715953307393,1021,543,-478,-782,749.5,32.5
13.873757025508,1020,543,-477,-781.5,748.5,33
13.8759187202767,1022,543,-479,-782.5,750.5,32
13.8780804150454,1023,543,-480,-783,751.5,31.5
13.8802421098141,1021,543,-478,-782,749.5,32.5
13.8824038045828,1022,543,-479,-782.5,750.5,32
13.8845654993515,1021,543,-478,-782,749.5,32.5
13.8867271941202,1022,542,-480,-782,751,31
13.8888888888889,1022,542,-480,-782,751,31
13.8910505836576,1022,543,-479,-782.5,750.5,32
13.8932122784263,1023,543,-480,-783,751.5,31.5
13.895373973195,1022,543,-479,-782.5,750.5,32
13.8975356679637,1021,543,-478,-782,749.5,32.5
13.8996973627324,1015,543,-472,-779,743.5,35.5
13.9018590575011,1018,542,-476,-780,747,33
13.9040207522698,1022,543,-479,-782.5,750.5,32
13.9061824470385,1022,543,-479,-782.5,750.5,32
13.9083441418072,1021,543,-478,-782,749.5,32.5
13.9105058365759,1023,543,-480,-783,751.5,31.5
13.9126675313446,1022,543,-479,-782.5,750.5,32
13.9148292261133,1021,543,-478,-782,749.5,32.5
13.916990920882,1022,543,-479,-782.5,750.5,32
13.9191526156507,1021,543,-478,-782,749.5,32.5
13.9213143104194,1021,543,-478,-782,749.5,32.5
13.9234760051881,1019,543,-476,-781,747.5,33.5
13.9256376999568,1020,543,-477,-781.5,748.5,33
13.9277993947255,1015,543,-472,-779,743.5,35.5
13.9299610894942,1019,543,-476,-781,747.5,33.5
13.9321227842629,1022,543,-479,-782.5,750.5,32
13.9342844790316,1020,543,-477,-781.5,748.5,33
13.9364461738003,1019,543,-476,-781,747.5,33.5
13.938607868569,1022,543,-479,-782.5,750.5,32
13.9407695633377,1021,543,-478,-782,749.5,32.5
13.9429312581064,1021,543,-478,-782,749.5,32.5
13.9450929528751,1023,543,-480,-783,751.5,31.5
13.9472546476438,1023,542,-481,-782.5,752,30.5
13.9494163424125,1021,543,-478,-782,749.5,32.5
13.9515780371812,1022,543,-479,-782.5,750.5,32
13.9537397319498,1021,543,-478,-782,749.5,32.5
13.9559014267185,1022,543,-479,-782.5,750.5,32
13.9580631214872,1021,543,-478,-782,749.5,32.5
13.9602248162559,1020,543,-477,-781.5,748.5,33
13.9623865110246,1021,543,-478,-782,749.5,32.5
13.9645482057933,1021,543,-478,-782,749.5,32.5
13.966709900562,1023,543,-480,-783,751.5,31.5
13.9688715953307,1022,543,-479,-782.5,750.5,32
13.9710332900994,1021,543,-478,-782,749.5,32.5
13.9731949848681,1021,543,-478,-782,749.5,32.5
13.9753566796368,1023,543,-480,-783,751.5,31.5
13.9775183744055,1020,543,-477,-781.5,748.5,33
13.9796800691742,1023,543,-480,-783,751.5,31.5
13.9818417639429,1022,542,-480,-782,751,31
13.9840034587116,1020,543,-477,-781.5,748.5,33
13.9861651534803,1023,543,-480,-783,751.5,31.5
13.988326848249,1022,543,-479,-782.5,750.5,32
13.9904885430177,1022,543,-479,-782.5,750.5,32
13.9926502377864,1023,543,-480,-783,751.5,31.5
13.9948119325551,1021,543,-478,-782,749.5,32.5
13.9969736273238,1021,543,-478,-782,749.5,32.5
13.9991353220925,1021,543,-478,-782,749.5,32.5
14.0012970168612,1022,543,-479,-782.5,750.5,32
14.0034587116299,1023,543,-480,-783,751.5,31.5
14.0056204063986,1021,543,-478,-782,749.5,32.5
14.0077821011673,1022,543,-479,-782.5,750.5,32
14.009943795936,1020,543,-477,-781.5,748.5,33
14.0121054907047,1020,542,-478,-781,749,32
14.0142671854734,1020,543,-477,-781.5,748.5,33
14.0164288802421,1021,543,-478,-782,749.5,32.5
14.0185905750108,1021,543,-478,-782,749.5,32.5
14.0207522697795,1022,543,-479,-782.5,750.5,32
14.0229139645482,1017,543,-474,-780,745.5,34.5
14.0250756593169,1015,543,-472,-779,743.5,35.5
14.0272373540856,1016,543,-473,-779.5,744.5,35
14.0293990488543,1018,543,-475,-780.5,746.5,34
14.031560743623,1022,543,-479,-782.5,750.5,32
14.0337224383917,1022,543,-479,-782.5,750.5,32
14.0358841331604,1022,543,-479,-782.5,750.5,32
14.0380458279291,1018,542,-476,-780,747,33
14.0402075226978,1010,542,-468,-776,739,37
14.0423692174665,1003,543,-460,-773,731.5,41.5
14.0445309122352,998,543,-455,-770.5,726.5,44
14.0466926070039,989,543,-446,-766,717.5,48.5
14.0488543017726,986,543,-443,-764.5,714.5,50
14.0510159965413,979,543,-436,-761,707.5,53.5
14.05317769131,976,543,-433,-759.5,704.5,55
14.0553393860787,988,543,-445,-765.5,716.5,49
14.0575010808474,999,543,-456,-771,727.5,43.5
14.0596627756161,1011,543,-468,-777,739.5,37.5
14.0618244703848,1018,543,-475,-780.5,746.5,34
14.0639861651535,1017,543,-474,-780,745.5,34.5
14.0661478599222,1019,543,-476,-781,747.5,33.5
14.0683095546909,1016,543,-473,-779.5,744.5,35
14.0704712494596,1006,543,-463,-774.5,734.5,40
14.0726329442283,995,543,-452,-769,723.5,45.5
14.074794638997,983,543,-440,-763,711.5,51.5
14.0769563337657,971,543,-428,-757,699.5,57.5
14.0791180285344,971,543,-428,-757,699.5,57.5
14.0812797233031,981,543,-438,-762,709.5,52.5
14.0834414180718,996,543,-453,-769.5,724.5,45
14.0856031128405,1011,543,-468,-777,739.5,37.5
14.0877648076092,1016,542,-474,-779,745,34
14.0899265023779,1016,542,-474,-779,745,34
14.0920881971466,1018,543,-475,-780.5,746.5,34
14.0942498919153,1017,543,-474,-780,745.5,34.5
14.096411586684,1011,543,-468,-777,739.5,37.5
14.0985732814527,1009,543,-466,-776,737.5,38.5
14.1007349762214,1012,543,-469,-777.5,740.5,37
14.1028966709901,1018,543,-475,-780.5,746.5,34
14.1050583657588,1022,543,-479,-782.5,750.5,32
14.1072200605275,1022,543,-479,-782.5,750.5,32
14.1093817552962,1021,543,-478,-782,749.5,32.5
14.1115434500649,1022,543,-479,-782.5,750.5,32
14.1137051448335,1021,543,-478,-782,749.5,32.5
14.1158668396022,1021,543,-478,-782,749.5,32.5
14.1180285343709,1022,543,-479,-782.5,750.5,32
14.1201902291396,1021,543,-478,-782,749.5,32.5
14.1223519239083,1021,543,-478,-782,749.5,32.5
14.124513618677,1022,543,-479,-782.5,750.5,32
14.1266753134457,1022,543,-479,-782.5,750.5,32
14.1288370082144,1021,543,-478,-782,749.5,32.5
14.1309987029831,1023,543,-480,-783,751.5,31.5
14.1331603977518,1022,543,-479,-782.5,750.5,32
14.1353220925205,1021,543,-478,-782,749.5,32.5
14.1374837872892,1021,543,-478,-782,749.5,32.5
14.1396454820579,1019,543,-476,-781,747.5,33.5
14.1418071768266,987,543,-444,-765,715.5,49.5
14.1439688715953,958,543,-415,-750.5,686.5,64
14.146130566364,945,543,-402,-744,673.5,70.5
14.1482922611327,937,543,-394,-740,665.5,74.5
14.1504539559014,935,543,-392,-739,663.5,75.5
14.1526156506701,932,542,-390,-737,661,76
14.1547773454388,933,543,-390,-738,661.5,76.5
14.1569390402075,943,542,-401,-742.5,672,70.5
14.1591007349762,957,543,-414,-750,685.5,64.5
14.1612624297449,980,543,-437,-761.5,708.5,53
14.1634241245136,996,542,-454,-769,725,44
14.1655858192823,1004,543,-461,-773.5,732.5,41
14.167747514051,1010,543,-467,-776.5,738.5,38
14.1699092088197,1011,543,-468,-777,739.5,37.5
14.1720709035884,1014,543,-471,-778.5,742.5,36
14.1742325983571,1012,543,-469,-777.5,740.5,37
14.1763942931258,1003,543,-460,-773,731.5,41.5
14.1785559878945,991,543,-448,-767,719.5,47.5
14.1807176826632,988,543,-445,-765.5,716.5,49
14.1828793774319,990,543,-447,-766.5,718.5,48
14.1850410722006,994,543,-451,-768.5,722.5,46
14.1872027669693,999,543,-456,-771,727.5,43.5
14.189364461738,995,543,-452,-769,723.5,45.5
14.1915261565067,995,543,-452,-769,723.5,45.5
14.1936878512754,993,543,-450,-768,721.5,46.5
14.1958495460441,996,543,-453,-769.5,724.5,45
14.1980112408128,997,543,-454,-770,725.5,44.5
14.2001729355815,998,543,-455,-770.5,726.5,44
14.2023346303502,997,543,-454,-770,725.5,44.5
14.2044963251189,1000,543,-457,-771.5,728.5,43
14.2066580198876,1000,542,-458,-771,729,42
14.2088197146563,1003,543,-460,-773,731.5,41.5
14.210981409425,1001,543,-458,-772,729.5,42.5
14.2131431041937,996,543,-453,-769.5,724.5,45
14.2153047989624,990,543,-447,-766.5,718.5,48
14.2174664937311,984,543,-441,-763.5,712.5,51
14.2196281884998,989,543,-446,-766,717.5,48.5
14.2217898832685,1002,543,-459,-772.5,730.5,42
14.2239515780372,1017,543,-474,-780,745.5,34.5
14.2261132728059,1020,543,-477,-781.5,748.5,33
14.2282749675746,1022,543,-479,-782.5,750.5,32
14.2304366623433,1021,543,-478,-782,749.5,32.5
14.232598357112,1021,543,-478,-782,749.5,32.5
14.2347600518807,1020,543,-477,-781.5,748.5,33
14.2369217466494,1020,543,-477,-781.5,748.5,33
14.2390834414181,1022,543,-479,-782.5,750.5,32
14.2412451361868,1018,543,-475,-780.5,746.5,34
14.2434068309555,1015,543,-472,-779,743.5,35.5
14.2455685257242,1019,543,-476,-781,747.5,33.5
14.2477302204929,1022,543,-479,-782.5,750.5,32
14.2498919152616,1021,543,-478,-782,749.5,32.5
14.2520536100303,1022,543,-479,-782.5,750.5,32
14.254215304799,1022,543,-479,-782.5,750.5,32
14.2563769995677,1022,543,-479,-782.5,750.5,32
14.2585386943364,1021,543,-478,-782,749.5,32.5
14.2607003891051,1021,543,-478,-782,749.5,32.5
14.2628620838738,1022,543,-479,-782.5,750.5,32
14.2650237786425,1023,542,-481,-782.5,752,30.5
14.2671854734112,1022,543,-479,-782.5,750.5,32
14.2693471681799,1022,543,-479,-782.5,750.5,32
14.2715088629486,1021,543,-478,-782,749.5,32.5
14.2736705577172,1021,543,-478,-782,749.5,32.5
14.2758322524859,1022,543,-479,-782.5,750.5,32
14.2779939472546,1022,543,-479,-782.5,750.5,32
14.2801556420233,1022,543,-479,-782.5,750.5,32
14.282317336792,1022,543,-479,-782.5,750.5,32
14.2844790315607,1020,543,-477,-781.5,748.5,33
14.2866407263294,1022,543,-479,-782.5,750.5,32
14.2888024210981,1021,543,-478,-782,749.5,32.5
14.2909641158668,1022,543,-479,-782.5,750.5,32
14.2931258106355,1021,543,-478,-782,749.5,32.5
14.2952875054042,1021,543,-478,-782,749.5,32.5
14.2974492001729,1022,543,-479,-782.5,750.5,32
14.2996108949416,1023,543,-480,-783,751.5,31.5
14.3017725897103,1023,543,-480,-783,751.5,31.5
14.303934284479,1022,543,-479,-782.5,750.5,32
14.3060959792477,1023,543,-480,-783,751.5,31.5
14.3082576740164,1022,543,-479,-782.5,750.5,32
14.3104193687851,1020,543,-477,-781.5,748.5,33
14.3125810635538,1023,543,-480,-783,751.5,31.5
14.3147427583225,1021,543,-478,-782,749.5,32.5
14.3169044530912,1021,543,-478,-782,749.5,32.5
14.3190661478599,1022,543,-479,-782.5,750.5,32
14.3212278426286,1021,543,-478,-782,749.5,32.5
14.3233895373973,1022,543,-479,-782.5,750.5,32
14.325551232166,1022,543,-479,-782.5,750.5,32
14.3277129269347,1021,543,-478,-782,749.5,32.5
14.3298746217034,1023,543,-480,-783,751.5,31.5
14.3320363164721,1021,543,-478,-782,749.5,32.5
14.3341980112408,1021,543,-478,-782,749.5,32.5
14.3363597060095,1020,543,-477,-781.5,748.5,33
14.3385214007782,1021,543,-478,-782,749.5,32.5
14.3406830955469,1021,543,-478,-782,749.5,32.5
14.3428447903156,1021,542,-479,-781.5,750,31.5
14.3450064850843,1023,543,-480,-783,751.5,31.5
14.347168179853,1023,543,-480,-783,751.5,31.5
14.3493298746217,1021,543,-478,-782,749.5,32.5
14.3514915693904,1023,543,-480,-783,751.5,31.5
14.3536532641591,1020,543,-477,-781.5,748.5,33
14.3558149589278,1023,543,-480,-783,751.5,31.5
14.3579766536965,1022,543,-479,-782.5,750.5,32
14.3601383484652,1022,543,-479,-782.5,750.5,32
14.3623000432339,1023,543,-480,-783,751.5,31.5
14.3644617380026,1023,543,-480,-783,751.5,31.5
14.3666234327713,1021,543,-478,-782,749.5,32.5
14.36878512754,1022,543,-479,-782.5,750.5,32
14.3709468223087,1021,543,-478,-782,749.5,32.5
14.3731085170774,1021,543,-478,-782,749.5,32.5
14.3752702118461,1022,543,-479,-782.5,750.5,32
14.3774319066148,1021,543,-478,-782,749.5,32.5
14.3795936013835,1023,543,-480,-783,751.5,31.5
14.3817552961522,1020,543,-477,-781.5,748.5,33
14.3839169909209,1020,543,-477,-781.5,748.5,33
14.3860786856896,1022,543,-479,-782.5,750.5,32
14.3882403804583,1023,543,-480,-783,751.5,31.5
14.390402075227,1022,543,-479,-782.5,750.5,32
14.3925637699957,1022,543,-479,-782.5,750.5,32
14.3947254647644,1022,543,-479,-782.5,750.5,32
14.3968871595331,1022,543,-479,-782.5,750.5,32
14.3990488543018,1021,543,-478,-782,749.5,32.5
14.4012105490705,1021,543,-478,-782,749.5,32.5
14.4033722438392,1021,543,-478,-782,749.5,32.5
14.4055339386079,1022,543,-479,-782.5,750.5,32
14.4076956333766,1021,543,-478,-782,749.5,32.5
14.4098573281453,1022,543,-479,-782.5,750.5,32
14.412019022914,1018,542,-476,-780,747,33
14.4141807176827,1014,543,-471,-778.5,742.5,36
14.4163424124514,1011,543,-468,-777,739.5,37.5
14.4185041072201,1004,543,-461,-773.5,732.5,41
14.4206658019888,1004,542,-462,-773,733,40
14.4228274967575,1000,543,-457,-771.5,728.5,43
14.4249891915262,1001,543,-458,-772,729.5,42.5
14.4271508862949,1000,543,-457,-771.5,728.5,43
14.4293125810636,1002,543,-459,-772.5,730.5,42
14.4314742758323,997,543,-454,-770,725.5,44.5
14.4336359706009,994,543,-451,-768.5,722.5,46
14.4357976653696,996,543,-453,-769.5,724.5,45
14.4379593601383,995,543,-452,-769,723.5,45.5
14.440121054907,1003,543,-460,-773,731.5,41.5
14.4422827496757,1016,543,-473,-779.5,744.5,35
14.4444444444444,1022,543,-479,-782.5,750.5,32
14.4466061392131,1021,543,-478,-782,749.5,32.5
14.4487678339818,1021,543,-478,-782,749.5,32.5
14.4509295287505,1022,543,-479,-782.5,750.5,32
14.4530912235192,1014,543,-471,-778.5,742.5,36
14.4552529182879,1005,543,-462,-774,733.5,40.5
14.4574146130566,998,543,-455,-770.5,726.5,44
14.4595763078253,995,543,-452,-769,723.5,45.5
14.461738002594,995,543,-452,-769,723.5,45.5
14.4638996973627,1000,543,-457,-771.5,728.5,43
14.4660613921314,1008,543,-465,-775.5,736.5,39
14.4682230869001,1016,543,-473,-779.5,744.5,35
14.4703847816688,1020,543,-477,-781.5,748.5,33
14.4725464764375,1021,543,-478,-782,749.5,32.5
14.4747081712062,1020,543,-477,-781.5,748.5,33
14.4768698659749,1011,543,-468,-777,739.5,37.5
14.4790315607436,1004,543,-461,-773.5,732.5,41
14.4811932555123,1006,543,-463,-774.5,734.5,40
14.483354950281,1007,543,-464,-775,735.5,39.5
14.4855166450497,1017,543,-474,-780,745.5,34.5
14.4876783398184,1021,543,-478,-782,749.5,32.5
14.4898400345871,1021,543,-478,-782,749.5,32.5
14.4920017293558,1022,543,-479,-782.5,750.5,32
14.4941634241245,1022,543,-479,-782.5,750.5,32
14.4963251188932,1011,543,-468,-777,739.5,37.5
14.4984868136619,1000,543,-457,-771.5,728.5,43
14.5006485084306,992,543,-449,-767.5,720.5,47
14.5028102031993,989,543,-446,-766,717.5,48.5
14.504971897968,992,543,-449,-767.5,720.5,47
14.5071335927367,1002,543,-459,-772.5,730.5,42
14.5092952875054,1018,542,-476,-780,747,33
14.5114569822741,1021,543,-478,-782,749.5,32.5
14.5136186770428,1022,543,-479,-782.5,750.5,32
14.5157803718115,1022,543,-479,-782.5,750.5,32
14.5179420665802,1022,543,-479,-782.5,750.5,32
14.5201037613489,1021,543,-478,-782,749.5,32.5
14.5222654561176,1021,543,-478,-782,749.5,32.5
14.5244271508863,1018,543,-475,-780.5,746.5,34
14.526588845655,1013,543,-470,-778,741.5,36.5
14.5287505404237,1016,543,-473,-779.5,744.5,35
14.5309122351924,1021,543,-478,-782,749.5,32.5
14.5330739299611,1022,543,-479,-782.5,750.5,32
14.5352356247298,1022,543,-479,-782.5,750.5,32
14.5373973194985,1021,543,-478,-782,749.5,32.5
14.5395590142672,1022,543,-479,-782.5,750.5,32
14.5417207090359,1021,543,-478,-782,749.5,32.5
14.5438824038046,1023,542,-481,-782.5,752,30.5
14.5460440985733,1021,543,-478,-782,749.5,32.5
14.548205793342,1021,543,-478,-782,749.5,32.5
14.5503674881107,1021,543,-478,-782,749.5,32.5
14.5525291828794,1022,543,-479,-782.5,750.5,32
14.5546908776481,1021,543,-478,-782,749.5,32.5
14.5568525724168,1021,543,-478,-782,749.5,32.5
14.5590142671855,1020,543,-477,-781.5,748.5,33
14.5611759619542,1022,543,-479,-782.5,750.5,32
14.5633376567229,1021,543,-478,-782,749.5,32.5
14.5654993514916,1021,542,-479,-781.5,750,31.5
14.5676610462603,1022,543,-479,-782.5,750.5,32
14.569822741029,1022,543,-479,-782.5,750.5,32
14.5719844357977,1021,543,-478,-782,749.5,32.5
14.5741461305664,1021,543,-478,-782,749.5,32.5
14.5763078253351,1021,543,-478,-782,749.5,32.5
14.5784695201038,1019,543,-476,-781,747.5,33.5
14.5806312148725,1021,543,-478,-782,749.5,32.5
14.5827929096412,1021,543,-478,-782,749.5,32.5
14.5849546044099,1021,543,-478,-782,749.5,32.5
14.5871162991786,1019,543,-476,-781,747.5,33.5
14.5892779939473,1021,542,-479,-781.5,750,31.5
14.591439688716,1022,543,-479,-782.5,750.5,32
14.5936013834847,1023,543,-480,-783,751.5,31.5
14.5957630782534,1021,543,-478,-782,749.5,32.5
14.597924773022,1021,543,-478,-782,749.5,32.5
14.6000864677907,1023,543,-480,-783,751.5,31.5
14.6022481625594,1022,543,-479,-782.5,750.5,32
14.6044098573281,1021,543,-478,-782,749.5,32.5
14.6065715520968,1020,543,-477,-781.5,748.5,33
14.6087332468655,1022,543,-479,-782.5,750.5,32
14.6108949416342,1020,543,-477,-781.5,748.5,33
14.6130566364029,1021,543,-478,-782,749.5,32.5
14.6152183311716,1021,543,-478,-782,749.5,32.5
14.6173800259403,1021,543,-478,-782,749.5,32.5
14.619541720709,1021,543,-478,-782,749.5,32.5
14.6217034154777,1021,543,-478,-782,749.5,32.5
14.6238651102464,1022,543,-479,-782.5,750.5,32
14.6260268050151,1023,543,-480,-783,751.5,31.5
14.6281884997838,1021,543,-478,-782,749.5,32.5
14.6303501945525,1022,543,-479,-782.5,750.5,32
14.6325118893212,1021,543,-478,-782,749.5,32.5
14.6346735840899,1020,543,-477,-781.5,748.5,33
14.6368352788586,1022,543,-479,-782.5,750.5,32
14.6389969736273,1021,543,-478,-782,749.5,32.5
14.641158668396,1021,543,-478,-782,749.5,32.5
14.6433203631647,1022,543,-479,-782.5,750.5,32
14.6454820579334,1021,543,-478,-782,749.5,32.5
14.6476437527021,1020,543,-477,-781.5,748.5,33
14.6498054474708,1020,543,-477,-781.5,748.5,33
14.6519671422395,1021,543,-478,-782,749.5,32.5
14.6541288370082,1022,543,-479,-782.5,750.5,32
14.6562905317769,1020,543,-477,-781.5,748.5,33
14.6584522265456,1020,543,-477,-781.5,748.5,33
14.6606139213143,1013,543,-470,-778,741.5,36.5
14.662775616083,1007,543,-464,-775,735.5,39.5
14.6649373108517,1008,543,-465,-775.5,736.5,39
14.6670990056204,1010,543,-467,-776.5,738.5,38
14.6692607003891,1019,543,-476,-781,747.5,33.5
14.6714223951578,1022,543,-479,-782.5,750.5,32
14.6735840899265,1022,543,-479,-782.5,750.5,32
14.6757457846952,1021,543,-478,-782,749.5,32.5
14.6779074794639,1020,543,-477,-781.5,748.5,33
14.6800691742326,1022,543,-479,-782.5,750.5,32
14.6822308690013,1021,543,-478,-782,749.5,32.5
14.68439256377,1005,543,-462,-774,733.5,40.5
14.6865542585387,998,543,-455,-770.5,726.5,44
14.6887159533074,998,542,-456,-770,727,43
14.6908776480761,1013,543,-470,-778,741.5,36.5
14.6930393428448,1022,543,-479,-782.5,750.5,32
14.6952010376135,1022,543,-479,-782.5,750.5,32
14.6973627323822,1023,542,-481,-782.5,752,30.5
14.6995244271509,1022,543,-479,-782.5,750.5,32
14.7016861219196,1019,543,-476,-781,747.5,33.5
14.7038478166883,1015,543,-472,-779,743.5,35.5
14.706009511457,1013,543,-470,-778,741.5,36.5
14.7081712062257,1012,543,-469,-777.5,740.5,37
14.7103329009944,1006,543,-463,-774.5,734.5,40
14.7124945957631,1003,543,-460,-773,731.5,41.5
14.7146562905318,1000,543,-457,-771.5,728.5,43
14.7168179853005,996,543,-453,-769.5,724.5,45
14.7189796800692,993,543,-450,-768,721.5,46.5
14.7211413748379,1002,543,-459,-772.5,730.5,42
14.7233030696066,1016,543,-473,-779.5,744.5,35
14.7254647643753,1020,543,-477,-781.5,748.5,33
14.727626459144,1020,543,-477,-781.5,748.5,33
14.7297881539127,1023,543,-480,-783,751.5,31.5
14.7319498486814,1023,543,-480,-783,751.5,31.5
14.7341115434501,1021,543,-478,-782,749.5,32.5
14.7362732382188,1021,543,-478,-782,749.5,32.5
14.7384349329875,1020,543,-477,-781.5,748.5,33
14.7405966277562,1022,543,-479,-782.5,750.5,32
14.7427583225249,1021,543,-478,-782,749.5,32.5
14.7449200172936,1021,543,-478,-782,749.5,32.5
14.7470817120623,1022,543,-479,-782.5,750.5,32
14.749243406831,1021,543,-478,-782,749.5,32.5
14.7514051015997,1022,543,-479,-782.5,750.5,32
14.7535667963684,1022,543,-479,-782.5,750.5,32
14.7557284911371,1021,543,-478,-782,749.5,32.5
14.7578901859057,1021,543,-478,-782,749.5,32.5
14.7600518806744,1020,543,-477,-781.5,748.5,33
14.7622135754431,1011,543,-468,-777,739.5,37.5
14.7643752702118,997,543,-454,-770,725.5,44.5
14.7665369649805,990,543,-447,-766.5,718.5,48
14.7686986597492,984,543,-441,-763.5,712.5,51
14.7708603545179,982,543,-439,-762.5,710.5,52
14.7730220492866,984,543,-441,-763.5,712.5,51
14.7751837440553,988,543,-445,-765.5,716.5,49
14.777345438824,986,543,-443,-764.5,714.5,50
14.7795071335927,984,543,-441,-763.5,712.5,51
14.7816688283614,985,543,-442,-764,713.5,50.5
14.7838305231301,979,543,-436,-761,707.5,53.5
14.7859922178988,973,543,-430,-758,701.5,56.5
14.7881539126675,965,543,-422,-754,693.5,60.5
14.7903156074362,966,543,-423,-754.5,694.5,60
14.7924773022049,965,543,-422,-754,693.5,60.5
14.7946389969736,976,542,-434,-759,705,54
14.7968006917423,994,543,-451,-768.5,722.5,46
14.798962386511,1016,543,-473,-779.5,744.5,35
14.8011240812797,1021,543,-478,-782,749.5,32.5
14.8032857760484,1021,543,-478,-782,749.5,32.5
14.8054474708171,1022,543,-479,-782.5,750.5,32
14.8076091655858,1017,543,-474,-780,745.5,34.5
14.8097708603545,1006,543,-463,-774.5,734.5,40
14.8119325551232,995,543,-452,-769,723.5,45.5
14.8140942498919,990,542,-448,-766,719,47
14.8162559446606,992,543,-449,-767.5,720.5,47
14.8184176394293,996,542,-454,-769,725,44
14.820579334198,1005,543,-462,-774,733.5,40.5
14.8227410289667,1009,542,-467,-775.5,738,37.5
14.8249027237354,1007,543,-464,-775,735.5,39.5
14.8270644185041,1003,543,-460,-773,731.5,41.5
14.8292261132728,999,543,-456,-771,727.5,43.5
14.8313878080415,998,543,-455,-770.5,726.5,44
14.8335495028102,1003,543,-460,-773,731.5,41.5
14.8357111975789,1012,543,-469,-777.5,740.5,37
14.8378728923476,1023,543,-480,-783,751.5,31.5
14.8400345871163,1021,543,-478,-782,749.5,32.5
14.842196281885,1021,543,-478,-782,749.5,32.5
14.8443579766537,1022,542,-480,-782,751,31
14.8465196714224,1022,543,-479,-782.5,750.5,32
14.8486813661911,1022,543,-479,-782.5,750.5,32
14.8508430609598,1018,543,-475,-780.5,746.5,34
14.8530047557285,1016,543,-473,-779.5,744.5,35
14.8551664504972,1014,543,-471,-778.5,742.5,36
14.8573281452659,1017,543,-474,-780,745.5,34.5
14.8594898400346,1022,543,-479,-782.5,750.5,32
14.8616515348033,1020,543,-477,-781.5,748.5,33
14.863813229572,1021,543,-478,-782,749.5,32.5
14.8659749243407,1023,543,-480,-783,751.5,31.5
14.8681366191094,1021,543,-478,-782,749.5,32.5
14.8702983138781,1023,542,-481,-782.5,752,30.5
14.8724600086468,1022,543,-479,-782.5,750.5,32
14.8746217034155,1021,543,-478,-782,749.5,32.5
14.8767833981842,1022,543,-479,-782.5,750.5,32
14.8789450929529,1021,543,-478,-782,749.5,32.5
14.8811067877216,1020,543,-477,-781.5,748.5,33
14.8832684824903,1022,543,-479,-782.5,750.5,32
14.885430177259,1021,543,-478,-782,749.5,32.5
14.8875918720277,1022,543,-479,-782.5,750.5,32
14.8897535667964,1021,543,-478,-782,749.5,32.5
14.8919152615651,1022,542,-480,-782,751,31
14.8940769563338,1022,543,-479,-782.5,750.5,32
14.8962386511025,1022,543,-479,-782.5,750.5,32
14.8984003458712,1021,543,-478,-782,749.5,32.5
14.9005620406399,1022,543,-479,-782.5,750.5,32
14.9027237354086,1022,543,-479,-782.5,750.5,32
14.9048854301773,1021,543,-478,-782,749.5,32.5
14.907047124946,1022,543,-479,-782.5,750.5,32
14.9092088197147,1021,543,-478,-782,749.5,32.5
14.9113705144834,1022,543,-479,-782.5,750.5,32
14.9135322092521,1021,543,-478,-782,749.5,32.5
14.9156939040208,1022,542,-480,-782,751,31
14.9178555987894,1022,542,-480,-782,751,31
14.9200172935581,1021,543,-478,-782,749.5,32.5
14.9221789883268,1023,543,-480,-783,751.5,31.5
14.9243406830955,1022,543,-479,-782.5,750.5,32
14.9265023778642,1021,543,-478,-782,749.5,32.5
14.9286640726329,1023,543,-480,-783,751.5,31.5
14.9308257674016,1021,543,-478,-782,749.5,32.5
14.9329874621703,1021,543,-478,-782,749.5,32.5
14.935149156939,1022,543,-479,-782.5,750.5,32
14.9373108517077,1020,543,-477,-781.5,748.5,33
14.9394725464764,1020,543,-477,-781.5,748.5,33
14.9416342412451,1022,543,-479,-782.5,750.5,32
14.9437959360138,1021,543,-478,-782,749.5,32.5
14.9459576307825,1021,543,-478,-782,749.5,32.5
14.9481193255512,1022,543,-479,-782.5,750.5,32
14.9502810203199,1021,543,-478,-782,749.5,32.5
14.9524427150886,1021,543,-478,-782,749.5,32.5
14.9546044098573,1022,543,-479,-782.5,750.5,32
14.956766104626,1022,543,-479,-782.5,750.5,32
14.9589277993947,1021,543,-478,-782,749.5,32.5
14.9610894941634,1023,543,-480,-783,751.5,31.5
14.9632511889321,1022,543,-479,-782.5,750.5,32
14.9654128837008,1023,543,-480,-783,751.5,31.5
14.9675745784695,1021,543,-478,-782,749.5,32.5
14.9697362732382,1022,543,-479,-782.5,750.5,32
14.9718979680069,1021,543,-478,-782,749.5,32.5
14.9740596627756,1022,542,-480,-782,751,31
14.9762213575443,1022,543,-479,-782.5,750.5,32
14.978383052313,1021,543,-478,-782,749.5,32.5
14.9805447470817,1022,543,-479,-782.5,750.5,32
14.9827064418504,1022,543,-479,-782.5,750.5,32
14.9848681366191,1022,543,-479,-782.5,750.5,32
14.9870298313878,1021,543,-478,-782,749.5,32.5
14.9891915261565,1022,543,-479,-782.5,750.5,32
14.9913532209252,1022,543,-479,-782.5,750.5,32
14.9935149156939,1023,543,-480,-783,751.5,31.5
14.9956766104626,1022,543,-479,-782.5,750.5,32
14.9978383052313,1023,543,-480,-783,751.5,31.5
15,1021,543,-478,-782,749.5,32.5
15.0021616947687,1021,543,-478,-782,749.5,32.5
15.0043233895374,1022,543,-479,-782.5,750.5,32
15.0064850843061,1021,543,-478,-782,749.5,32.5
15.0086467790748,1019,543,-476,-781,747.5,33.5
15.0108084738435,1023,542,-481,-782.5,752,30.5
15.0129701686122,1012,543,-469,-777.5,740.5,37
15.0151318633809,1012,543,-469,-777.5,740.5,37
15.0172935581496,1012,542,-470,-777,741,36
15.0194552529183,1017,543,-474,-780,745.5,34.5
15.021616947687,1023,542,-481,-782.5,752,30.5
15.0237786424557,1021,543,-478,-782,749.5,32.5
15.0259403372244,1021,543,-478,-782,749.5,32.5
15.0281020319931,1021,542,-479,-781.5,750,31.5
15.0302637267618,1012,543,-469,-777.5,740.5,37
15.0324254215305,1004,543,-461,-773.5,732.5,41
15.0345871162992,1002,543,-459,-772.5,730.5,42
15.0367488110679,998,543,-455,-770.5,726.5,44
15.0389105058366,992,543,-449,-767.5,720.5,47
15.0410722006053,986,543,-443,-764.5,714.5,50
15.043233895374,982,543,-439,-762.5,710.5,52
15.0453955901427,979,543,-436,-761,707.5,53.5
15.0475572849114,984,543,-441,-763.5,712.5,51
15.0497189796801,993,543,-450,-768,721.5,46.5
15.0518806744488,1006,543,-463,-774.5,734.5,40
15.0540423692175,1022,543,-479,-782.5,750.5,32
15.0562040639862,1021,543,-478,-782,749.5,32.5
15.0583657587549,1022,543,-479,-782.5,750.5,32
15.0605274535236,1021,543,-478,-782,749.5,32.5
15.0626891482923,1022,543,-479,-782.5,750.5,32
15.064850843061,1016,543,-473,-779.5,744.5,35
15.0670125378297,1007,543,-464,-775,735.5,39.5
15.0691742325984,998,543,-455,-770.5,726.5,44
15.0713359273671,995,543,-452,-769,723.5,45.5
15.0734976221358,994,543,-451,-768.5,722.5,46
15.0756593169045,997,543,-454,-770,725.5,44.5
15.0778210116732,995,543,-452,-769,723.5,45.5
15.0799827064419,998,542,-456,-770,727,43
15.0821444012105,1004,543,-461,-773.5,732.5,41
15.0843060959792,1007,543,-464,-775,735.5,39.5
15.0864677907479,1016,543,-473,-779.5,744.5,35
15.0886294855166,1016,543,-473,-779.5,744.5,35
15.0907911802853,1015,543,-472,-779,743.5,35.5
15.092952875054,1016,543,-473,-779.5,744.5,35
15.0951145698227,1021,543,-478,-782,749.5,32.5
15.0972762645914,1021,543,-478,-782,749.5,32.5
15.0994379593601,1020,543,-477,-781.5,748.5,33
15.1015996541288,1013,543,-470,-778,741.5,36.5
15.1037613488975,1007,543,-464,-775,735.5,39.5
15.1059230436662,1002,543,-459,-772.5,730.5,42
15.1080847384349,995,543,-452,-769,723.5,45.5
15.1102464332036,996,543,-453,-769.5,724.5,45
15.1124081279723,1006,542,-464,-774,735,39
15.114569822741,1010,543,-467,-776.5,738.5,38
15.1167315175097,1016,543,-473,-779.5,744.5,35
15.1188932122784,1019,543,-476,-781,747.5,33.5
15.1210549070471,1019,543,-476,-781,747.5,33.5
15.1232166018158,1021,543,-478,-782,749.5,32.5
15.1253782965845,1018,543,-475,-780.5,746.5,34
15.1275399913532,1019,543,-476,-781,747.5,33.5
15.1297016861219,1020,543,-477,-781.5,748.5,33
15.1318633808906,1022,543,-479,-782.5,750.5,32
15.1340250756593,1020,543,-477,-781.5,748.5,33
15.136186770428,1015,543,-472,-779,743.5,35.5
15.1383484651967,1010,543,-467,-776.5,738.5,38
15.1405101599654,1005,543,-462,-774,733.5,40.5
15.1426718547341,1000,543,-457,-771.5,728.5,43
15.1448335495028,998,543,-455,-770.5,726.5,44
15.1469952442715,995,543,-452,-769,723.5,45.5
15.1491569390402,1000,543,-457,-771.5,728.5,43
15.1513186338089,1005,543,-462,-774,733.5,40.5
15.1534803285776,1015,543,-472,-779,743.5,35.5
15.1556420233463,1022,543,-479,-782.5,750.5,32
15.157803718115,1021,543,-478,-782,749.5,32.5
15.1599654128837,1021,542,-479,-781.5,750,31.5
15.1621271076524,1020,543,-477,-781.5,748.5,33
15.1642888024211,1020,543,-477,-781.5,748.5,33
15.1664504971898,1020,542,-478,-781,749,32
15.1686121919585,1013,543,-470,-778,741.5,36.5
15.1707738867272,1009,543,-466,-776,737.5,38.5
15.1729355814959,1014,543,-471,-778.5,742.5,36
15.1750972762646,1020,543,-477,-781.5,748.5,33
15.1772589710333,1022,543,-479,-782.5,750.5,32
15.179420665802,1022,543,-479,-782.5,750.5,32
15.1815823605707,1021,543,-478,-782,749.5,32.5
15.1837440553394,1022,543,-479,-782.5,750.5,32
15.1859057501081,1021,543,-478,-782,749.5,32.5
15.1880674448768,1021,543,-478,-782,749.5,32.5
15.1902291396455,1022,543,-479,-782.5,750.5,32
15.1923908344142,1021,543,-478,-782,749.5,32.5
15.1945525291829,1023,542,-481,-782.5,752,30.5
15.1967142239516,1021,543,-478,-782,749.5,32.5
15.1988759187203,1020,543,-477,-781.5,748.5,33
15.201037613489,1021,543,-478,-782,749.5,32.5
15.2031993082577,1022,543,-479,-782.5,750.5,32
15.2053610030264,1023,543,-480,-783,751.5,31.5
15.2075226977951,1023,543,-480,-783,751.5,31.5
15.2096843925638,1022,543,-479,-782.5,750.5,32
15.2118460873325,1022,543,-479,-782.5,750.5,32
15.2140077821012,1022,543,-479,-782.5,750.5,32
15.2161694768699,1020,543,-477,-781.5,748.5,33
15.2183311716386,1022,543,-479,-782.5,750.5,32
15.2204928664073,1022,543,-479,-782.5,750.5,32
15.222654561176,1021,543,-478,-782,749.5,32.5
15.2248162559447,1022,543,-479,-782.5,750.5,32
15.2269779507134,1022,543,-479,-782.5,750.5,32
15.2291396454821,1021,543,-478,-782,749.5,32.5
15.2313013402508,1023,543,-480,-783,751.5,31.5
15.2334630350195,1021,543,-478,-782,749.5,32.5
15.2356247297882,1021,543,-478,-782,749.5,32.5
15.2377864245569,1020,543,-477,-781.5,748.5,33
15.2399481193256,1022,543,-479,-782.5,750.5,32
15.2421098140942,1020,543,-477,-781.5,748.5,33
15.2442715088629,1022,543,-479,-782.5,750.5,32
15.2464332036316,1022,543,-479,-782.5,750.5,32
15.2485948984003,1021,543,-478,-782,749.5,32.5
15.250756593169,1021,543,-478,-782,749.5,32.5
15.2529182879377,1022,543,-479,-782.5,750.5,32
15.2550799827064,1020,543,-477,-781.5,748.5,33
15.2572416774751,1021,543,-478,-782,749.5,32.5
15.2594033722438,1023,543,-480,-783,751.5,31.5
15.2615650670125,1021,543,-478,-782,749.5,32.5
15.2637267617812,1021,543,-478,-782,749.5,32.5
15.2658884565499,1021,543,-478,-782,749.5,32.5
15.2680501513186,1020,543,-477,-781.5,748.5,33
15.2702118460873,1022,543,-479,-782.5,750.5,32
15.272373540856,1020,542,-478,-781,749,32
15.2745352356247,1022,543,-479,-782.5,750.5,32
15.2766969303934,1023,542,-481,-782.5,752,30.5
15.2788586251621,1019,543,-476,-781,747.5,33.5
15.2810203199308,1015,543,-472,-779,743.5,35.5
15.2831820146995,1012,543,-469,-777.5,740.5,37
15.2853437094682,1009,543,-466,-776,737.5,38.5
15.2875054042369,1015,543,-472,-779,743.5,35.5
15.2896670990056,1021,543,-478,-782,749.5,32.5
15.2918287937743,1021,543,-478,-782,749.5,32.5
15.293990488543,1021,543,-478,-782,749.5,32.5
15.2961521833117,1013,543,-470,-778,741.5,36.5
15.2983138780804,1009,543,-466,-776,737.5,38.5
15.3004755728491,1009,543,-466,-776,737.5,38.5
15.3026372676178,1007,543,-464,-775,735.5,39.5
15.3047989623865,1004,543,-461,-773.5,732.5,41
15.3069606571552,1001,543,-458,-772,729.5,42.5
15.3091223519239,1001,543,-458,-772,729.5,42.5
15.3112840466926,1005,543,-462,-774,733.5,40.5
15.3134457414613,1011,543,-468,-777,739.5,37.5
15.31560743623,1014,543,-471,-778.5,742.5,36
15.3177691309987,1015,543,-472,-779,743.5,35.5
15.3199308257674,1011,543,-468,-777,739.5,37.5
15.3220925205361,1008,543,-465,-775.5,736.5,39
15.3242542153048,1007,543,-464,-775,735.5,39.5
15.3264159100735,1010,543,-467,-776.5,738.5,38
15.3285776048422,1013,543,-470,-778,741.5,36.5
15.3307392996109,1011,543,-468,-777,739.5,37.5
15.3329009943796,1004,542,-462,-773,733,40
15.3350626891483,999,543,-456,-771,727.5,43.5
15.337224383917,996,543,-453,-769.5,724.5,45
15.3393860786857,998,543,-455,-770.5,726.5,44
15.3415477734544,1005,542,-463,-773.5,734,39.5
15.3437094682231,1008,543,-465,-775.5,736.5,39
15.3458711629918,1016,543,-473,-779.5,744.5,35
15.3480328577605,1016,543,-473,-779.5,744.5,35
15.3501945525292,1007,543,-464,-775,735.5,39.5
15.3523562472979,998,543,-455,-770.5,726.5,44
15.3545179420666,996,543,-453,-769.5,724.5,45
15.3566796368353,1011,543,-468,-777,739.5,37.5
15.358841331604,1022,543,-479,-782.5,750.5,32
15.3610030263727,1021,543,-478,-782,749.5,32.5
15.3631647211414,1022,543,-479,-782.5,750.5,32
15.3653264159101,1022,543,-479,-782.5,750.5,32
15.3674881106788,1021,543,-478,-782,749.5,32.5
15.3696498054475,1022,543,-479,-782.5,750.5,32
15.3718115002162,1023,543,-480,-783,751.5,31.5
15.3739731949849,1021,543,-478,-782,749.5,32.5
15.3761348897536,1021,543,-478,-782,749.5,32.5
15.3782965845223,1020,543,-477,-781.5,748.5,33
15.380458279291,1021,543,-478,-782,749.5,32.5
15.3826199740597,1021,543,-478,-782,749.5,32.5
15.3847816688284,1023,543,-480,-783,751.5,31.5
15.3869433635971,1022,543,-479,-782.5,750.5,32
15.3891050583658,1020,543,-477,-781.5,748.5,33
15.3912667531345,1021,543,-478,-782,749.5,32.5
15.3934284479032,993,543,-450,-768,721.5,46.5
15.3955901426719,968,542,-426,-755,697,58
15.3977518374406,955,543,-412,-749,683.5,65.5
15.3999135322093,951,543,-408,-747,679.5,67.5
15.4020752269779,959,543,-416,-751,687.5,63.5
15.4042369217466,968,543,-425,-755.5,696.5,59
15.4063986165153,976,543,-433,-759.5,704.5,55
15.408560311284,989,543,-446,-766,717.5,48.5
15.4107220060527,999,543,-456,-771,727.5,43.5
15.4128837008214,1005,543,-462,-774,733.5,40.5
15.4150453955901,1003,543,-460,-773,731.5,41.5
15.4172070903588,999,543,-456,-771,727.5,43.5
15.4193687851275,992,543,-449,-767.5,720.5,47
15.4215304798962,986,542,-444,-764,715,49
15.4236921746649,989,543,-446,-766,717.5,48.5
15.4258538694336,989,543,-446,-766,717.5,48.5
15.4280155642023,990,543,-447,-766.5,718.5,48
15.430177258971,989,543,-446,-766,717.5,48.5
15.4323389537397,987,543,-444,-765,715.5,49.5
15.4345006485084,989,543,-446,-766,717.5,48.5
15.4366623432771,988,543,-445,-765.5,716.5,49
15.4388240380458,992,543,-449,-767.5,720.5,47
15.4409857328145,995,543,-452,-769,723.5,45.5
15.4431474275832,1000,543,-457,-771.5,728.5,43
15.4453091223519,1008,543,-465,-775.5,736.5,39
15.4474708171206,1015,543,-472,-779,743.5,35.5
15.4496325118893,1018,543,-475,-780.5,746.5,34
15.451794206658,1019,543,-476,-781,747.5,33.5
15.4539559014267,1022,543,-479,-782.5,750.5,32
15.4561175961954,1021,543,-478,-782,749.5,32.5
15.4582792909641,1023,543,-480,-783,751.5,31.5
15.4604409857328,1021,543,-478,-782,749.5,32.5
15.4626026805015,1017,543,-474,-780,745.5,34.5
15.4647643752702,1013,543,-470,-778,741.5,36.5
15.4669260700389,1010,543,-467,-776.5,738.5,38
15.4690877648076,1009,543,-466,-776,737.5,38.5
15.4712494595763,1016,543,-473,-779.5,744.5,35
15.473411154345,1020,542,-478,-781,749,32
15.4755728491137,1021,543,-478,-782,749.5,32.5
15.4777345438824,1021,543,-478,-782,749.5,32.5
15.4798962386511,1021,542,-479,-781.5,750,31.5
15.4820579334198,1021,543,-478,-782,749.5,32.5
15.4842196281885,1022,543,-479,-782.5,750.5,32
15.4863813229572,1021,543,-478,-782,749.5,32.5
15.4885430177259,1020,543,-477,-781.5,748.5,33
15.4907047124946,1021,543,-478,-782,749.5,32.5
15.4928664072633,1021,543,-478,-782,749.5,32.5
15.495028102032,1022,543,-479,-782.5,750.5,32
15.4971897968007,1021,543,-478,-782,749.5,32.5
15.4993514915694,1021,543,-478,-782,749.5,32.5
15.5015131863381,1022,543,-479,-782.5,750.5,32
15.5036748811068,1022,543,-479,-782.5,750.5,32
15.5058365758755,1021,543,-478,-782,749.5,32.5
15.5079982706442,1022,543,-479,-782.5,750.5,32
15.5101599654129,1022,543,-479,-782.5,750.5,32
15.5123216601816,1021,543,-478,-782,749.5,32.5
15.5144833549503,1023,543,-480,-783,751.5,31.5
15.516645049719,1021,543,-478,-782,749.5,32.5
15.5188067444877,1022,543,-479,-782.5,750.5,32
15.5209684392564,1022,543,-479,-782.5,750.5,32
15.5231301340251,1022,543,-479,-782.5,750.5,32
15.5252918287938,1023,543,-480,-783,751.5,31.5
15.5274535235625,1022,543,-479,-782.5,750.5,32
15.5296152183312,1022,543,-479,-782.5,750.5,32
15.5317769130999,1021,543,-478,-782,749.5,32.5
15.5339386078686,1021,543,-478,-782,749.5,32.5
15.5361003026373,1022,543,-479,-782.5,750.5,32
15.538261997406,1022,543,-479,-782.5,750.5,32
15.5404236921747,1021,543,-478,-782,749.5,32.5
15.5425853869434,1023,543,-480,-783,751.5,31.5
15.5447470817121,1021,543,-478,-782,749.5,32.5
15.5469087764808,1021,543,-478,-782,749.5,32.5
15.5490704712495,1021,543,-478,-782,749.5,32.5
15.5512321660182,1022,543,-479,-782.5,750.5,32
15.5533938607869,1021,543,-478,-782,749.5,32.5
15.5555555555556,1020,543,-477,-781.5,748.5,33
15.5577172503243,1022,543,-479,-782.5,750.5,32
15.559878945093,1023,543,-480,-783,751.5,31.5
15.5620406398617,1021,543,-478,-782,749.5,32.5
15.5642023346303,1022,543,-479,-782.5,750.5,32
15.566364029399,1023,543,-480,-783,751.5,31.5
15.5685257241677,1021,543,-478,-782,749.5,32.5
15.5706874189364,1021,543,-478,-782,749.5,32.5
15.5728491137051,1023,543,-480,-783,751.5,31.5
15.5750108084738,1020,543,-477,-781.5,748.5,33
15.5771725032425,1023,543,-480,-783,751.5,31.5
15.5793341980112,1022,543,-479,-782.5,750.5,32
15.5814958927799,1023,543,-480,-783,751.5,31.5
15.5836575875486,1020,543,-477,-781.5,748.5,33
15.5858192823173,1022,543,-479,-782.5,750.5,32
15.587980977086,1023,543,-480,-783,751.5,31.5
15.5901426718547,1019,543,-476,-781,747.5,33.5
15.5923043666234,1020,543,-477,-781.5,748.5,33
15.5944660613921,1021,543,-478,-782,749.5,32.5
15.5966277561608,1021,542,-479,-781.5,750,31.5
15.5987894509295,1022,543,-479,-782.5,750.5,32
15.6009511456982,1020,543,-477,-781.5,748.5,33
15.6031128404669,1021,543,-478,-782,749.5,32.5
15.6052745352356,1021,543,-478,-782,749.5,32.5
15.6074362300043,1022,543,-479,-782.5,750.5,32
15.609597924773,1023,543,-480,-783,751.5,31.5
15.6117596195417,1023,543,-480,-783,751.5,31.5
15.6139213143104,1021,543,-478,-782,749.5,32.5
15.6160830090791,1021,543,-478,-782,749.5,32.5
15.6182447038478,1019,543,-476,-781,747.5,33.5
15.6204063986165,1022,543,-479,-782.5,750.5,32
15.6225680933852,1021,543,-478,-782,749.5,32.5
15.6247297881539,1021,543,-478,-782,749.5,32.5
15.6268914829226,1022,543,-479,-782.5,750.5,32
15.6290531776913,1021,543,-478,-782,749.5,32.5
15.63121487246,1023,543,-480,-783,751.5,31.5
15.6333765672287,1023,543,-480,-783,751.5,31.5
15.6355382619974,1021,543,-478,-782,749.5,32.5
15.6376999567661,1021,543,-478,-782,749.5,32.5
15.6398616515348,1022,543,-479,-782.5,750.5,32
15.6420233463035,1022,543,-479,-782.5,750.5,32
15.6441850410722,1021,543,-478,-782,749.5,32.5
15.6463467358409,1022,543,-479,-782.5,750.5,32
15.6485084306096,1021,543,-478,-782,749.5,32.5
15.6506701253783,1021,543,-478,-782,749.5,32.5
15.652831820147,1021,543,-478,-782,749.5,32.5
15.6549935149157,1022,543,-479,-782.5,750.5,32
15.6571552096844,1021,543,-478,-782,749.5,32.5
15.6593169044531,1021,543,-478,-782,749.5,32.5
15.6614785992218,1021,542,-479,-781.5,750,31.5
15.6636402939905,1021,543,-478,-782,749.5,32.5
15.6658019887592,1021,543,-478,-782,749.5,32.5
15.6679636835279,1022,543,-479,-782.5,750.5,32
15.6701253782966,1021,543,-478,-782,749.5,32.5
15.6722870730653,1021,543,-478,-782,749.5,32.5
15.674448767834,1015,543,-472,-779,743.5,35.5
15.6766104626027,1013,543,-470,-778,741.5,36.5
15.6787721573714,1011,543,-468,-777,739.5,37.5
15.6809338521401,1006,543,-463,-774.5,734.5,40
15.6830955469088,1008,543,-465,-775.5,736.5,39
15.6852572416775,1010,543,-467,-776.5,738.5,38
15.6874189364462,1010,543,-467,-776.5,738.5,38
15.6895806312149,1009,543,-466,-776,737.5,38.5
15.6917423259836,1006,543,-463,-774.5,734.5,40
15.6939040207523,1008,543,-465,-775.5,736.5,39
15.696065715521,1011,543,-468,-777,739.5,37.5
15.6982274102897,1018,543,-475,-780.5,746.5,34
15.7003891050584,1021,543,-478,-782,749.5,32.5
15.7025507998271,1020,543,-477,-781.5,748.5,33
15.7047124945958,1016,542,-474,-779,745,34
15.7068741893645,1008,543,-465,-775.5,736.5,39
15.7090358841332,1004,542,-462,-773,733,40
15.7111975789019,1010,543,-467,-776.5,738.5,38
15.7133592736706,1021,543,-478,-782,749.5,32.5
15.7155209684393,1020,543,-477,-781.5,748.5,33
15.717682663208,1022,543,-479,-782.5,750.5,32
15.7198443579767,1023,543,-480,-783,751.5,31.5
15.7220060527454,1023,543,-480,-783,751.5,31.5
15.7241677475141,1021,543,-478,-782,749.5,32.5
15.7263294422827,1016,543,-473,-779.5,744.5,35
15.7284911370514,1008,543,-465,-775.5,736.5,39
15.7306528318201,1001,543,-458,-772,729.5,42.5
15.7328145265888,999,543,-456,-771,727.5,43.5
15.7349762213575,997,543,-454,-770,725.5,44.5
15.7371379161262,996,543,-453,-769.5,724.5,45
15.7392996108949,1001,543,-458,-772,729.5,42.5
15.7414613056636,1011,543,-468,-777,739.5,37.5
15.7436230004323,1016,543,-473,-779.5,744.5,35
15.745784695201,1014,543,-471,-778.5,742.5,36
15.7479463899697,1018,542,-476,-780,747,33
15.7501080847384,1021,543,-478,-782,749.5,32.5
15.7522697795071,1022,543,-479,-782.5,750.5,32
15.7544314742758,1021,543,-478,-782,749.5,32.5
15.7565931690445,1023,543,-480,-783,751.5,31.5
15.7587548638132,1020,543,-477,-781.5,748.5,33
15.7609165585819,1021,543,-478,-782,749.5,32.5
15.7630782533506,1021,543,-478,-782,749.5,32.5
15.7652399481193,1022,543,-479,-782.5,750.5,32
15.767401642888,1021,543,-478,-782,749.5,32.5
15.7695633376567,1017,543,-474,-780,745.5,34.5
15.7717250324254,1015,543,-472,-779,743.5,35.5
15.7738867271941,1019,543,-476,-781,747.5,33.5
15.7760484219628,1019,543,-476,-781,747.5,33.5
15.7782101167315,1022,543,-479,-782.5,750.5,32
15.7803718115002,1022,543,-479,-782.5,750.5,32
15.7825335062689,1021,543,-478,-782,749.5,32.5
15.7846952010376,1022,543,-479,-782.5,750.5,32
15.7868568958063,1023,543,-480,-783,751.5,31.5
15.789018590575,1023,542,-481,-782.5,752,30.5
15.7911802853437,1020,543,-477,-781.5,748.5,33
15.7933419801124,1020,543,-477,-781.5,748.5,33
15.7955036748811,1022,543,-479,-782.5,750.5,32
15.7976653696498,1020,543,-477,-781.5,748.5,33
15.7998270644185,1022,543,-479,-782.5,750.5,32
15.8019887591872,1021,543,-478,-782,749.5,32.5
15.8041504539559,1020,543,-477,-781.5,748.5,33
15.8063121487246,1019,543,-476,-781,747.5,33.5
15.8084738434933,1020,542,-478,-781,749,32
15.810635538262,1021,542,-479,-781.5,750,31.5
15.8127972330307,1022,543,-479,-782.5,750.5,32
15.8149589277994,1022,543,-479,-782.5,750.5,32
15.8171206225681,1020,543,-477,-781.5,748.5,33
15.8192823173368,1021,543,-478,-782,749.5,32.5
15.8214440121055,1021,543,-478,-782,749.5,32.5
15.8236057068742,1023,542,-481,-782.5,752,30.5
15.8257674016429,1021,543,-478,-782,749.5,32.5
15.8279290964116,1023,543,-480,-783,751.5,31.5
15.8300907911803,1022,543,-479,-782.5,750.5,32
15.832252485949,1020,542,-478,-781,749,32
15.8344141807177,1020,543,-477,-781.5,748.5,33
15.8365758754864,1019,543,-476,-781,747.5,33.5
15.8387375702551,1014,543,-471,-778.5,742.5,36
15.8408992650238,1007,543,-464,-775,735.5,39.5
15.8430609597925,1004,543,-461,-773.5,732.5,41
15.8452226545612,1010,543,-467,-776.5,738.5,38
15.8473843493299,1017,543,-474,-780,745.5,34.5
15.8495460440986,1022,543,-479,-782.5,750.5,32
15.8517077388673,1023,543,-480,-783,751.5,31.5
15.853869433636,1021,543,-478,-782,749.5,32.5
15.8560311284047,1022,543,-479,-782.5,750.5,32
15.8581928231734,1022,543,-479,-782.5,750.5,32
15.8603545179421,1021,543,-478,-782,749.5,32.5
15.8625162127108,1020,543,-477,-781.5,748.5,33
15.8646779074795,1023,543,-480,-783,751.5,31.5
15.8668396022482,1023,543,-480,-783,751.5,31.5
15.8690012970169,1022,543,-479,-782.5,750.5,32
15.8711629917856,1022,543,-479,-782.5,750.5,32
15.8733246865543,1022,543,-479,-782.5,750.5,32
15.875486381323,1021,543,-478,-782,749.5,32.5
15.8776480760917,1021,543,-478,-782,749.5,32.5
15.8798097708604,1021,543,-478,-782,749.5,32.5
15.8819714656291,1021,542,-479,-781.5,750,31.5
15.8841331603978,1022,543,-479,-782.5,750.5,32
15.8862948551664,1021,543,-478,-782,749.5,32.5
15.8884565499351,1022,543,-479,-782.5,750.5,32
15.8906182447038,1022,543,-479,-782.5,750.5,32
15.8927799394725,1022,543,-479,-782.5,750.5,32
15.8949416342412,1023,543,-480,-783,751.5,31.5
15.8971033290099,1022,543,-479,-782.5,750.5,32
15.8992650237786,1021,543,-478,-782,749.5,32.5
15.9014267185473,1021,543,-478,-782,749.5,32.5
15.903588413316,1021,543,-478,-782,749.5,32.5
15.9057501080847,1022,543,-479,-782.5,750.5,32
15.9079118028534,1022,543,-479,-782.5,750.5,32
15.9100734976221,1021,543,-478,-782,749.5,32.5
15.9122351923908,1022,543,-479,-782.5,750.5,32
15.9143968871595,1021,543,-478,-782,749.5,32.5
15.9165585819282,1023,542,-481,-782.5,752,30.5
15.9187202766969,1023,543,-480,-783,751.5,31.5
15.9208819714656,1023,543,-480,-783,751.5,31.5
15.9230436662343,1021,543,-478,-782,749.5,32.5
15.925205361003,1022,543,-479,-782.5,750.5,32
15.9273670557717,1020,543,-477,-781.5,748.5,33
15.9295287505404,1021,543,-478,-782,749.5,32.5
15.9316904453091,1023,543,-480,-783,751.5,31.5
15.9338521400778,1022,543,-479,-782.5,750.5,32
15.9360138348465,1022,543,-479,-782.5,750.5,32
15.9381755296152,1022,543,-479,-782.5,750.5,32
15.9403372243839,1021,543,-478,-782,749.5,32.5
15.9424989191526,1014,543,-471,-778.5,742.5,36
15.9446606139213,1013,543,-470,-778,741.5,36.5
15.94682230869,1013,543,-470,-778,741.5,36.5
15.9489840034587,1012,543,-469,-777.5,740.5,37
15.9511456982274,1014,543,-471,-778.5,742.5,36
15.9533073929961,1015,543,-472,-779,743.5,35.5
15.9554690877648,1017,543,-474,-780,745.5,34.5
15.9576307825335,1013,543,-470,-778,741.5,36.5
15.9597924773022,1010,543,-467,-776.5,738.5,38
15.9619541720709,1011,543,-468,-777,739.5,37.5
15.9641158668396,1011,543,-468,-777,739.5,37.5
15.9662775616083,1014,543,-471,-778.5,742.5,36
15.968439256377,1017,543,-474,-780,745.5,34.5
15.9706009511457,1017,543,-474,-780,745.5,34.5
15.9727626459144,1020,543,-477,-781.5,748.5,33
15.9749243406831,1018,543,-475,-780.5,746.5,34
15.9770860354518,1015,543,-472,-779,743.5,35.5
15.9792477302205,1008,543,-465,-775.5,736.5,39
15.9814094249892,1005,543,-462,-774,733.5,40.5
15.9835711197579,1008,543,-465,-775.5,736.5,39
15.9857328145266,1007,542,-465,-774.5,736,38.5
15.9878945092953,1008,543,-465,-775.5,736.5,39
15.990056204064,1008,543,-465,-775.5,736.5,39
15.9922178988327,1008,543,-465,-775.5,736.5,39
15.9943795936014,1008,543,-465,-775.5,736.5,39
15.9965412883701,1007,543,-464,-775,735.5,39.5
15.9987029831388,1005,543,-462,-774,733.5,40.5
16.0008646779075,1003,543,-460,-773,731.5,41.5
16.0030263726762,1001,543,-458,-772,729.5,42.5
16.0051880674449,1001,543,-458,-772,729.5,42.5
16.0073497622136,1005,543,-462,-774,733.5,40.5
16.0095114569823,1007,543,-464,-775,735.5,39.5
16.011673151751,1008,543,-465,-775.5,736.5,39
16.0138348465197,1023,542,-481,-782.5,752,30.5
16.0159965412884,1021,543,-478,-782,749.5,32.5
16.0181582360571,1021,543,-478,-782,749.5,32.5
16.0203199308258,1022,543,-479,-782.5,750.5,32
16.0224816255945,1022,543,-479,-782.5,750.5,32
16.0246433203632,1022,543,-479,-782.5,750.5,32
16.0268050151319,1022,543,-479,-782.5,750.5,32
16.0289667099006,1022,543,-479,-782.5,750.5,32
16.0311284046693,1021,543,-478,-782,749.5,32.5
16.033290099438,1021,543,-478,-782,749.5,32.5
16.0354517942067,1021,542,-479,-781.5,750,31.5
16.0376134889754,1022,543,-479,-782.5,750.5,32
16.0397751837441,1023,543,-480,-783,751.5,31.5
16.0419368785128,1022,543,-479,-782.5,750.5,32
16.0440985732815,1022,543,-479,-782.5,750.5,32
16.0462602680502,1021,543,-478,-782,749.5,32.5
16.0484219628188,1022,543,-479,-782.5,750.5,32
16.0505836575875,1022,543,-479,-782.5,750.5,32
16.0527453523562,1022,543,-479,-782.5,750.5,32
16.0549070471249,993,543,-450,-768,721.5,46.5
16.0570687418936,976,543,-433,-759.5,704.5,55
16.0592304366623,962,543,-419,-752.5,690.5,62
16.061392131431,956,542,-414,-749,685,64
16.0635538261997,960,543,-417,-751.5,688.5,63
16.0657155209684,972,543,-429,-757.5,700.5,57
16.0678772157371,983,543,-440,-763,711.5,51.5
16.0700389105058,994,543,-451,-768.5,722.5,46
16.0722006052745,996,543,-453,-769.5,724.5,45
16.0743623000432,999,543,-456,-771,727.5,43.5
16.0765239948119,1003,543,-460,-773,731.5,41.5
16.0786856895806,1012,543,-469,-777.5,740.5,37
16.0808473843493,1019,543,-476,-781,747.5,33.5
16.083009079118,1021,543,-478,-782,749.5,32.5
16.0851707738867,1020,543,-477,-781.5,748.5,33
16.0873324686554,1021,542,-479,-781.5,750,31.5
16.0894941634241,1021,543,-478,-782,749.5,32.5
16.0916558581928,1023,542,-481,-782.5,752,30.5
16.0938175529615,1022,543,-479,-782.5,750.5,32
16.0959792477302,1020,543,-477,-781.5,748.5,33
16.0981409424989,1016,543,-473,-779.5,744.5,35
16.1003026372676,1017,543,-474,-780,745.5,34.5
16.1024643320363,1017,543,-474,-780,745.5,34.5
16.104626026805,1020,543,-477,-781.5,748.5,33
16.1067877215737,1023,543,-480,-783,751.5,31.5
16.1089494163424,1021,543,-478,-782,749.5,32.5
16.1111111111111,1022,543,-479,-782.5,750.5,32
16.1132728058798,1022,543,-479,-782.5,750.5,32
16.1154345006485,1022,543,-479,-782.5,750.5,32
16.1175961954172,1021,543,-478,-782,749.5,32.5
16.1197578901859,1022,543,-479,-782.5,750.5,32
16.1219195849546,1022,543,-479,-782.5,750.5,32
16.1240812797233,1021,543,-478,-782,749.5,32.5
16.126242974492,1022,543,-479,-782.5,750.5,32
16.1284046692607,1021,543,-478,-782,749.5,32.5
16.1305663640294,1021,543,-478,-782,749.5,32.5
16.1327280587981,1022,543,-479,-782.5,750.5,32
16.1348897535668,1022,543,-479,-782.5,750.5,32
16.1370514483355,1023,543,-480,-783,751.5,31.5
16.1392131431042,1022,543,-479,-782.5,750.5,32
16.1413748378729,1022,543,-479,-782.5,750.5,32
16.1435365326416,1021,543,-478,-782,749.5,32.5
16.1456982274103,1021,543,-478,-782,749.5,32.5
16.147859922179,1022,543,-479,-782.5,750.5,32
16.1500216169477,1021,543,-478,-782,749.5,32.5
16.1521833117164,1021,543,-478,-782,749.5,32.5
16.1543450064851,1022,543,-479,-782.5,750.5,32
16.1565067012538,1022,543,-479,-782.5,750.5,32
16.1586683960225,1020,543,-477,-781.5,748.5,33
16.1608300907912,1022,543,-479,-782.5,750.5,32
16.1629917855599,1021,543,-478,-782,749.5,32.5
16.1651534803286,1021,543,-478,-782,749.5,32.5
16.1673151750973,1022,543,-479,-782.5,750.5,32
16.169476869866,1022,543,-479,-782.5,750.5,32
16.1716385646347,1022,543,-479,-782.5,750.5,32
16.1738002594034,1022,543,-479,-782.5,750.5,32
16.1759619541721,1022,543,-479,-782.5,750.5,32
16.1781236489408,1021,543,-478,-782,749.5,32.5
16.1802853437095,1021,543,-478,-782,749.5,32.5
16.1824470384782,1022,543,-479,-782.5,750.5,32
16.1846087332469,1022,543,-479,-782.5,750.5,32
16.1867704280156,1021,543,-478,-782,749.5,32.5
16.1889321227843,1021,543,-478,-782,749.5,32.5
16.191093817553,1022,543,-479,-782.5,750.5,32
16.1932555123217,1019,543,-476,-781,747.5,33.5
16.1954172070904,1023,543,-480,-783,751.5,31.5
16.1975789018591,1022,543,-479,-782.5,750.5,32
16.1997405966278,1021,543,-478,-782,749.5,32.5
16.2019022913965,1022,543,-479,-782.5,750.5,32
16.2040639861652,1021,543,-478,-782,749.5,32.5
16.2062256809339,1023,543,-480,-783,751.5,31.5
16.2083873757026,1021,543,-478,-782,749.5,32.5
16.2105490704712,1021,543,-478,-782,749.5,32.5
16.2127107652399,1021,543,-478,-782,749.5,32.5
16.2148724600086,1022,543,-479,-782.5,750.5,32
16.2170341547773,1022,543,-479,-782.5,750.5,32
16.219195849546,1021,543,-478,-782,749.5,32.5
16.2213575443147,1021,543,-478,-782,749.5,32.5
16.2235192390834,1022,543,-479,-782.5,750.5,32
16.2256809338521,1022,543,-479,-782.5,750.5,32
16.2278426286208,1022,543,-479,-782.5,750.5,32
16.2300043233895,1023,543,-480,-783,751.5,31.5
16.2321660181582,1022,543,-479,-782.5,750.5,32
16.2343277129269,1023,543,-480,-783,751.5,31.5
16.2364894076956,1021,543,-478,-782,749.5,32.5
16.2386511024643,1022,542,-480,-782,751,31
16.240812797233,1023,542,-481,-782.5,752,30.5
16.2429744920017,1021,543,-478,-782,749.5,32.5
16.2451361867704,1021,543,-478,-782,749.5,32.5
16.2472978815391,1021,543,-478,-782,749.5,32.5
16.2494595763078,1022,543,-479,-782.5,750.5,32
16.2516212710765,1022,543,-479,-782.5,750.5,32
16.2537829658452,1023,543,-480,-783,751.5,31.5
16.2559446606139,1020,543,-477,-781.5,748.5,33
16.2581063553826,1021,543,-478,-782,749.5,32.5
16.2602680501513,1023,543,-480,-783,751.5,31.5
16.26242974492,1022,543,-479,-782.5,750.5,32
16.2645914396887,1022,543,-479,-782.5,750.5,32
16.2667531344574,1021,543,-478,-782,749.5,32.5
16.2689148292261,1021,543,-478,-782,749.5,32.5
16.2710765239948,1020,543,-477,-781.5,748.5,33
16.2732382187635,1020,543,-477,-781.5,748.5,33
16.2753999135322,1021,543,-478,-782,749.5,32.5
16.2775616083009,1021,543,-478,-782,749.5,32.5
16.2797233030696,1021,543,-478,-782,749.5,32.5
16.2818849978383,1021,543,-478,-782,749.5,32.5
16.284046692607,1022,543,-479,-782.5,750.5,32
16.2862083873757,1022,543,-479,-782.5,750.5,32
16.2883700821444,1023,543,-480,-783,751.5,31.5
16.2905317769131,1022,543,-479,-782.5,750.5,32
16.2926934716818,1021,543,-478,-782,749.5,32.5
16.2948551664505,1021,542,-479,-781.5,750,31.5
16.2970168612192,1023,542,-481,-782.5,752,30.5
16.2991785559879,1020,542,-478,-781,749,32
16.3013402507566,1021,543,-478,-782,749.5,32.5
16.3035019455253,1021,543,-478,-782,749.5,32.5
16.305663640294,1022,543,-479,-782.5,750.5,32
16.3078253350627,1022,543,-479,-782.5,750.5,32
16.3099870298314,1021,543,-478,-782,749.5,32.5
16.3121487246001,1022,543,-479,-782.5,750.5,32
16.3143104193688,1022,543,-479,-782.5,750.5,32
16.3164721141375,1022,543,-479,-782.5,750.5,32
16.3186338089062,1021,543,-478,-782,749.5,32.5
16.3207955036749,1021,543,-478,-782,749.5,32.5
16.3229571984436,1021,543,-478,-782,749.5,32.5
16.3251188932123,1022,543,-479,-782.5,750.5,32
16.327280587981,1023,543,-480,-783,751.5,31.5
16.3294422827497,1020,543,-477,-781.5,748.5,33
16.3316039775184,1023,543,-480,-783,751.5,31.5
16.3337656722871,1023,543,-480,-783,751.5,31.5
16.3359273670558,1022,543,-479,-782.5,750.5,32
16.3380890618245,1017,543,-474,-780,745.5,34.5
16.3402507565932,1011,543,-468,-777,739.5,37.5
16.3424124513619,1010,543,-467,-776.5,738.5,38
16.3445741461306,1010,543,-467,-776.5,738.5,38
16.3467358408993,1011,543,-468,-777,739.5,37.5
16.348897535668,1015,543,-472,-779,743.5,35.5
16.3510592304367,1022,543,-479,-782.5,750.5,32
16.3532209252054,1021,543,-478,-782,749.5,32.5
16.3553826199741,1022,543,-479,-782.5,750.5,32
16.3575443147428,1021,543,-478,-782,749.5,32.5
16.3597060095115,1021,543,-478,-782,749.5,32.5
16.3618677042802,1022,543,-479,-782.5,750.5,32
16.3640293990489,1019,543,-476,-781,747.5,33.5
16.3661910938176,1019,543,-476,-781,747.5,33.5
16.3683527885863,1020,542,-478,-781,749,32
16.3705144833549,1021,543,-478,-782,749.5,32.5
16.3726761781236,1019,543,-476,-781,747.5,33.5
16.3748378728923,1022,543,-479,-782.5,750.5,32
16.376999567661,1019,543,-476,-781,747.5,33.5
16.3791612624297,1013,543,-470,-778,741.5,36.5
16.3813229571984,1016,542,-474,-779,745,34
16.3834846519671,1011,543,-468,-777,739.5,37.5
16.3856463467358,1009,543,-466,-776,737.5,38.5
16.3878080415045,1010,543,-467,-776.5,738.5,38
16.3899697362732,1016,543,-473,-779.5,744.5,35
16.3921314310419,1021,543,-478,-782,749.5,32.5
16.3942931258106,1021,543,-478,-782,749.5,32.5
16.3964548205793,1022,543,-479,-782.5,750.5,32
16.398616515348,1019,543,-476,-781,747.5,33.5
16.4007782101167,1015,543,-472,-779,743.5,35.5
16.4029399048854,1014,543,-471,-778.5,742.5,36
16.4051015996541,1017,543,-474,-780,745.5,34.5
16.4072632944228,1023,543,-480,-783,751.5,31.5
16.4094249891915,1022,543,-479,-782.5,750.5,32
16.4115866839602,1021,543,-478,-782,749.5,32.5
16.4137483787289,1021,543,-478,-782,749.5,32.5
16.4159100734976,1020,543,-477,-781.5,748.5,33
16.4180717682663,1023,543,-480,-783,751.5,31.5
16.420233463035,1023,543,-480,-783,751.5,31.5
16.4223951578037,1020,543,-477,-781.5,748.5,33
16.4245568525724,1023,543,-480,-783,751.5,31.5
16.4267185473411,1021,543,-478,-782,749.5,32.5
16.4288802421098,1021,543,-478,-782,749.5,32.5
16.4310419368785,1021,543,-478,-782,749.5,32.5
16.4332036316472,1022,543,-479,-782.5,750.5,32
16.4353653264159,1020,543,-477,-781.5,748.5,33
16.4375270211846,1021,543,-478,-782,749.5,32.5
16.4396887159533,1021,543,-478,-782,749.5,32.5
16.441850410722,1023,542,-481,-782.5,752,30.5
16.4440121054907,1023,542,-481,-782.5,752,30.5
16.4461738002594,1022,543,-479,-782.5,750.5,32
16.4483354950281,1021,543,-478,-782,749.5,32.5
16.4504971897968,1022,543,-479,-782.5,750.5,32
16.4526588845655,1022,543,-479,-782.5,750.5,32
16.4548205793342,1021,542,-479,-781.5,750,31.5
16.4569822741029,1021,543,-478,-782,749.5,32.5
16.4591439688716,1022,543,-479,-782.5,750.5,32
16.4613056636403,1020,543,-477,-781.5,748.5,33
16.463467358409,1020,543,-477,-781.5,748.5,33
16.4656290531777,1022,543,-479,-782.5,750.5,32
16.4677907479464,1021,543,-478,-782,749.5,32.5
16.4699524427151,1023,542,-481,-782.5,752,30.5
16.4721141374838,1022,543,-479,-782.5,750.5,32
16.4742758322525,1021,543,-478,-782,749.5,32.5
16.4764375270212,1021,543,-478,-782,749.5,32.5
16.4785992217899,1022,543,-479,-782.5,750.5,32
16.4807609165586,1020,543,-477,-781.5,748.5,33
16.4829226113273,1021,543,-478,-782,749.5,32.5
16.485084306096,1023,543,-480,-783,751.5,31.5
16.4872460008647,1021,543,-478,-782,749.5,32.5
16.4894076956334,1023,543,-480,-783,751.5,31.5
16.4915693904021,1023,543,-480,-783,751.5,31.5
16.4937310851708,1021,543,-478,-782,749.5,32.5
16.4958927799395,1022,543,-479,-782.5,750.5,32
16.4980544747082,1020,543,-477,-781.5,748.5,33
16.5002161694769,1023,543,-480,-783,751.5,31.5
16.5023778642456,1021,543,-478,-782,749.5,32.5
16.5045395590143,1021,543,-478,-782,749.5,32.5
16.506701253783,1022,543,-479,-782.5,750.5,32
16.5088629485517,1020,543,-477,-781.5,748.5,33
16.5110246433204,1020,542,-478,-781,749,32
16.5131863380891,1022,543,-479,-782.5,750.5,32
16.5153480328578,1023,543,-480,-783,751.5,31.5
16.5175097276265,1023,543,-480,-783,751.5,31.5
16.5196714223952,1022,543,-479,-782.5,750.5,32
16.5218331171639,1023,543,-480,-783,751.5,31.5
16.5239948119326,1022,542,-480,-782,751,31
16.5261565067013,1022,542,-480,-782,751,31
16.52831820147,1021,543,-478,-782,749.5,32.5
16.5304798962386,1023,543,-480,-783,751.5,31.5
16.5326415910073,1020,543,-477,-781.5,748.5,33
16.534803285776,1023,543,-480,-783,751.5,31.5
16.5369649805447,1023,543,-480,-783,751.5,31.5
16.5391266753134,1020,543,-477,-781.5,748.5,33
16.5412883700821,1023,543,-480,-783,751.5,31.5
16.5434500648508,1023,543,-480,-783,751.5,31.5
16.5456117596195,1023,543,-480,-783,751.5,31.5
16.5477734543882,1020,543,-477,-781.5,748.5,33
16.5499351491569,1023,543,-480,-783,751.5,31.5
16.5520968439256,1022,543,-479,-782.5,750.5,32
16.5542585386943,1023,543,-480,-783,751.5,31.5
16.556420233463,1023,543,-480,-783,751.5,31.5
16.5585819282317,1021,542,-479,-781.5,750,31.5
16.5607436230004,1023,543,-480,-783,751.5,31.5
16.5629053177691,1023,543,-480,-783,751.5,31.5
16.5650670125378,1020,543,-477,-781.5,748.5,33
16.5672287073065,1021,543,-478,-782,749.5,32.5
16.5693904020752,1020,542,-478,-781,749,32
16.5715520968439,1021,543,-478,-782,749.5,32.5
16.5737137916126,1020,542,-478,-781,749,32
16.5758754863813,1021,543,-478,-782,749.5,32.5
16.57803718115,1022,543,-479,-782.5,750.5,32
16.5801988759187,1023,543,-480,-783,751.5,31.5
16.5823605706874,1021,543,-478,-782,749.5,32.5
16.5845222654561,1023,543,-480,-783,751.5,31.5
16.5866839602248,1021,542,-479,-781.5,750,31.5
16.5888456549935,1019,543,-476,-781,747.5,33.5
16.5910073497622,1019,543,-476,-781,747.5,33.5
16.5931690445309,1014,543,-471,-778.5,742.5,36
16.5953307392996,1020,543,-477,-781.5,748.5,33
16.5974924340683,1015,543,-472,-779,743.5,35.5
16.599654128837,1012,543,-469,-777.5,740.5,37
16.6018158236057,1011,543,-468,-777,739.5,37.5
16.6039775183744,1008,543,-465,-775.5,736.5,39
16.6061392131431,1005,543,-462,-774,733.5,40.5
16.6083009079118,1005,543,-462,-774,733.5,40.5
16.6104626026805,1004,543,-461,-773.5,732.5,41
16.6126242974492,1004,543,-461,-773.5,732.5,41
16.6147859922179,1005,543,-462,-774,733.5,40.5
16.6169476869866,1014,543,-471,-778.5,742.5,36
16.6191093817553,1019,543,-476,-781,747.5,33.5
16.621271076524,1019,543,-476,-781,747.5,33.5
16.6234327712927,1021,543,-478,-782,749.5,32.5
16.6255944660614,1018,542,-476,-780,747,33
16.6277561608301,1016,543,-473,-779.5,744.5,35
16.6299178555988,1017,542,-475,-779.5,746,33.5
16.6320795503675,1013,543,-470,-778,741.5,36.5
16.6342412451362,1020,542,-478,-781,749,32
16.6364029399049,1019,543,-476,-781,747.5,33.5
16.6385646346736,1022,543,-479,-782.5,750.5,32
16.6407263294423,1021,543,-478,-782,749.5,32.5
16.642888024211,1021,543,-478,-782,749.5,32.5
16.6450497189797,1019,543,-476,-781,747.5,33.5
16.6472114137484,1011,543,-468,-777,739.5,37.5
16.6493731085171,1002,543,-459,-772.5,730.5,42
16.6515348032858,996,542,-454,-769,725,44
16.6536964980545,990,543,-447,-766.5,718.5,48
16.6558581928232,989,543,-446,-766,717.5,48.5
16.6580198875919,988,543,-445,-765.5,716.5,49
16.6601815823606,990,543,-447,-766.5,718.5,48
16.6623432771293,1000,543,-457,-771.5,728.5,43
16.664504971898,1020,542,-478,-781,749,32
16.6666666666667,1022,543,-479,-782.5,750.5,32
16.6688283614354,1021,543,-478,-782,749.5,32.5
16.6709900562041,1022,543,-479,-782.5,750.5,32
16.6731517509728,1022,543,-479,-782.5,750.5,32
16.6753134457415,1022,542,-480,-782,751,31
16.6774751405102,1021,543,-478,-782,749.5,32.5
16.6796368352789,1023,542,-481,-782.5,752,30.5
16.6817985300476,1022,543,-479,-782.5,750.5,32
16.6839602248163,1022,543,-479,-782.5,750.5,32
16.686121919585,1023,543,-480,-783,751.5,31.5
16.6882836143537,1023,543,-480,-783,751.5,31.5
16.6904453091223,1021,543,-478,-782,749.5,32.5
16.692607003891,1021,543,-478,-782,749.5,32.5
16.6947686986597,1021,543,-478,-782,749.5,32.5
16.6969303934284,1020,543,-477,-781.5,748.5,33
16.6990920881971,1020,542,-478,-781,749,32
16.7012537829658,1000,543,-457,-771.5,728.5,43
16.7034154777345,967,543,-424,-755,695.5,59.5
16.7055771725032,945,543,-402,-744,673.5,70.5
16.7077388672719,943,543,-400,-743,671.5,71.5
16.7099005620406,948,543,-405,-745.5,676.5,69
16.7120622568093,957,543,-414,-750,685.5,64.5
16.714223951578,973,543,-430,-758,701.5,56.5
16.7163856463467,982,542,-440,-762,711,51
16.7185473411154,991,543,-448,-767,719.5,47.5
16.7207090358841,1000,543,-457,-771.5,728.5,43
16.7228707306528,1003,543,-460,-773,731.5,41.5
16.7250324254215,1007,543,-464,-775,735.5,39.5
16.7271941201902,1005,543,-462,-774,733.5,40.5
16.7293558149589,1011,543,-468,-777,739.5,37.5
16.7315175097276,1018,542,-476,-780,747,33
16.7336792044963,1020,543,-477,-781.5,748.5,33
16.735840899265,1012,543,-469,-777.5,740.5,37
16.7380025940337,999,543,-456,-771,727.5,43.5
16.7401642888024,982,542,-440,-762,711,51
16.7423259835711,968,542,-426,-755,697,58
16.7444876783398,962,543,-419,-752.5,690.5,62
16.7466493731085,964,543,-421,-753.5,692.5,61
16.7488110678772,977,543,-434,-760,705.5,54.5
16.7509727626459,989,543,-446,-766,717.5,48.5
16.7531344574146,1004,543,-461,-773.5,732.5,41
16.7552961521833,1014,543,-471,-778.5,742.5,36
16.757457846952,1013,543,-470,-778,741.5,36.5
16.7596195417207,1017,543,-474,-780,745.5,34.5
16.7617812364894,1019,543,-476,-781,747.5,33.5
16.7639429312581,1019,543,-476,-781,747.5,33.5
16.7661046260268,1012,543,-469,-777.5,740.5,37
16.7682663207955,1005,543,-462,-774,733.5,40.5
16.7704280155642,1003,543,-460,-773,731.5,41.5
16.7725897103329,1010,543,-467,-776.5,738.5,38
16.7747514051016,1011,543,-468,-777,739.5,37.5
16.7769130998703,1006,543,-463,-774.5,734.5,40
16.779074794639,999,543,-456,-771,727.5,43.5
16.7812364894077,996,542,-454,-769,725,44
16.7833981841764,1000,543,-457,-771.5,728.5,43
16.7855598789451,1020,542,-478,-781,749,32
16.7877215737138,1023,543,-480,-783,751.5,31.5
16.7898832684825,1021,543,-478,-782,749.5,32.5
16.7920449632512,1021,543,-478,-782,749.5,32.5
16.7942066580199,1020,543,-477,-781.5,748.5,33
16.7963683527886,1021,543,-478,-782,749.5,32.5
16.7985300475573,1020,543,-477,-781.5,748.5,33
16.800691742326,1022,543,-479,-782.5,750.5,32
16.8028534370947,1022,543,-479,-782.5,750.5,32
16.8050151318634,1021,543,-478,-782,749.5,32.5
16.8071768266321,1021,543,-478,-782,749.5,32.5
16.8093385214008,1022,543,-479,-782.5,750.5,32
16.8115002161695,1022,543,-479,-782.5,750.5,32
16.8136619109382,1023,543,-480,-783,751.5,31.5
16.8158236057069,1023,543,-480,-783,751.5,31.5
16.8179853004756,1019,543,-476,-781,747.5,33.5
16.8201469952443,1022,542,-480,-782,751,31
16.822308690013,1021,543,-478,-782,749.5,32.5
16.8244703847817,1022,542,-480,-782,751,31
16.8266320795504,1023,543,-480,-783,751.5,31.5
16.8287937743191,1022,543,-479,-782.5,750.5,32
16.8309554690878,1021,543,-478,-782,749.5,32.5
16.8331171638565,1021,542,-479,-781.5,750,31.5
16.8352788586252,1021,543,-478,-782,749.5,32.5
16.8374405533939,1022,543,-479,-782.5,750.5,32
16.8396022481626,1022,543,-479,-782.5,750.5,32
16.8417639429313,1021,543,-478,-782,749.5,32.5
16.8439256377,1022,543,-479,-782.5,750.5,32
16.8460873324687,1022,543,-479,-782.5,750.5,32
16.8482490272374,1020,542,-478,-781,749,32
16.8504107220061,1021,543,-478,-782,749.5,32.5
16.8525724167748,1022,543,-479,-782.5,750.5,32
16.8547341115435,1021,543,-478,-782,749.5,32.5
16.8568958063121,1021,543,-478,-782,749.5,32.5
16.8590575010808,1020,543,-477,-781.5,748.5,33
16.8612191958495,1023,543,-480,-783,751.5,31.5
16.8633808906182,1021,543,-478,-782,749.5,32.5
16.8655425853869,1022,543,-479,-782.5,750.5,32
16.8677042801556,1021,543,-478,-782,749.5,32.5
16.8698659749243,1021,543,-478,-782,749.5,32.5
16.872027669693,1020,543,-477,-781.5,748.5,33
16.8741893644617,1022,543,-479,-782.5,750.5,32
16.8763510592304,1021,543,-478,-782,749.5,32.5
16.8785127539991,1022,543,-479,-782.5,750.5,32
16.8806744487678,1022,543,-479,-782.5,750.5,32
16.8828361435365,1023,543,-480,-783,751.5,31.5
16.8849978383052,1020,543,-477,-781.5,748.5,33
16.8871595330739,1022,543,-479,-782.5,750.5,32
16.8893212278426,1021,543,-478,-782,749.5,32.5
16.8914829226113,1020,543,-477,-781.5,748.5,33
16.89364461738,1023,543,-480,-783,751.5,31.5
16.8958063121487,1021,543,-478,-782,749.5,32.5
16.8979680069174,1020,543,-477,-781.5,748.5,33
16.9001297016861,1023,543,-480,-783,751.5,31.5
16.9022913964548,1020,543,-477,-781.5,748.5,33
16.9044530912235,1021,543,-478,-782,749.5,32.5
16.9066147859922,1022,543,-479,-782.5,750.5,32
16.9087764807609,1021,543,-478,-782,749.5,32.5
16.9109381755296,1022,543,-479,-782.5,750.5,32
16.9130998702983,1023,543,-480,-783,751.5,31.5
16.915261565067,1022,543,-479,-782.5,750.5,32
16.9174232598357,1021,543,-478,-782,749.5,32.5
16.9195849546044,1022,543,-479,-782.5,750.5,32
16.9217466493731,1020,543,-477,-781.5,748.5,33
16.9239083441418,1023,542,-481,-782.5,752,30.5
16.9260700389105,1021,543,-478,-782,749.5,32.5
16.9282317336792,1023,543,-480,-783,751.5,31.5
16.9303934284479,1021,543,-478,-782,749.5,32.5
16.9325551232166,1021,543,-478,-782,749.5,32.5
16.9347168179853,1023,543,-480,-783,751.5,31.5
16.936878512754,1020,542,-478,-781,749,32
16.9390402075227,1021,543,-478,-782,749.5,32.5
16.9412019022914,1022,543,-479,-782.5,750.5,32
16.9433635970601,1023,543,-480,-783,751.5,31.5
16.9455252918288,1021,543,-478,-782,749.5,32.5
16.9476869865975,1022,543,-479,-782.5,750.5,32
16.9498486813662,1022,543,-479,-782.5,750.5,32
16.9520103761349,1021,543,-478,-782,749.5,32.5
16.9541720709036,1020,543,-477,-781.5,748.5,33
16.9563337656723,1022,543,-479,-782.5,750.5,32
16.958495460441,1021,543,-478,-782,749.5,32.5
16.9606571552097,1021,543,-478,-782,749.5,32.5
16.9628188499784,1021,543,-478,-782,749.5,32.5
16.9649805447471,1021,543,-478,-782,749.5,32.5
16.9671422395158,1016,543,-473,-779.5,744.5,35
16.9693039342845,1011,543,-468,-777,739.5,37.5
16.9714656290532,1010,543,-467,-776.5,738.5,38
16.9736273238219,1007,543,-464,-775,735.5,39.5
16.9757890185906,1008,543,-465,-775.5,736.5,39
16.9779507133593,1009,543,-466,-776,737.5,38.5
16.980112408128,1006,543,-463,-774.5,734.5,40
16.9822741028967,1003,543,-460,-773,731.5,41.5
16.9844357976654,1006,543,-463,-774.5,734.5,40
16.9865974924341,1009,543,-466,-776,737.5,38.5
16.9887591872028,1010,543,-467,-776.5,738.5,38
16.9909208819715,1012,542,-470,-777,741,36
16.9930825767402,1002,542,-460,-772,731,41
16.9952442715089,997,543,-454,-770,725.5,44.5
16.9974059662776,993,543,-450,-768,721.5,46.5
16.9995676610463,997,543,-454,-770,725.5,44.5
17.001729355815,1000,543,-457,-771.5,728.5,43
17.0038910505837,1003,543,-460,-773,731.5,41.5
17.0060527453524,1005,543,-462,-774,733.5,40.5
17.0082144401211,1005,543,-462,-774,733.5,40.5
17.0103761348898,1010,543,-467,-776.5,738.5,38
17.0125378296585,1016,543,-473,-779.5,744.5,35
17.0146995244272,1016,543,-473,-779.5,744.5,35
17.0168612191958,1017,543,-474,-780,745.5,34.5
17.0190229139645,1013,543,-470,-778,741.5,36.5
17.0211846087332,1009,543,-466,-776,737.5,38.5
17.0233463035019,1004,543,-461,-773.5,732.5,41
17.0255079982706,995,543,-452,-769,723.5,45.5
17.0276696930393,991,543,-448,-767,719.5,47.5
17.029831387808,992,543,-449,-767.5,720.5,47
17.0319930825767,995,543,-452,-769,723.5,45.5
17.0341547773454,1001,543,-458,-772,729.5,42.5
17.0363164721141,1013,543,-470,-778,741.5,36.5
17.0384781668828,1023,542,-481,-782.5,752,30.5
17.0406398616515,1020,543,-477,-781.5,748.5,33
17.0428015564202,1020,543,-477,-781.5,748.5,33
17.0449632511889,1021,543,-478,-782,749.5,32.5
17.0471249459576,1022,543,-479,-782.5,750.5,32
17.0492866407263,1015,543,-472,-779,743.5,35.5
17.051448335495,1008,543,-465,-775.5,736.5,39
17.0536100302637,1001,543,-458,-772,729.5,42.5
17.0557717250324,1003,543,-460,-773,731.5,41.5
17.0579334198011,1011,543,-468,-777,739.5,37.5
17.0600951145698,1020,543,-477,-781.5,748.5,33
17.0622568093385,1023,542,-481,-782.5,752,30.5
17.0644185041072,1022,543,-479,-782.5,750.5,32
17.0665801988759,1021,543,-478,-782,749.5,32.5
17.0687418936446,1019,543,-476,-781,747.5,33.5
17.0709035884133,1022,543,-479,-782.5,750.5,32
17.073065283182,1019,543,-476,-781,747.5,33.5
17.0752269779507,1023,543,-480,-783,751.5,31.5
17.0773886727194,1019,543,-476,-781,747.5,33.5
17.0795503674881,1019,543,-476,-781,747.5,33.5
17.0817120622568,1023,543,-480,-783,751.5,31.5
17.0838737570255,1021,543,-478,-782,749.5,32.5
17.0860354517942,1022,543,-479,-782.5,750.5,32
17.0881971465629,1021,543,-478,-782,749.5,32.5
17.0903588413316,1022,543,-479,-782.5,750.5,32
17.0925205361003,1023,543,-480,-783,751.5,31.5
17.094682230869,1015,543,-472,-779,743.5,35.5
17.0968439256377,1003,543,-460,-773,731.5,41.5
17.0990056204064,995,543,-452,-769,723.5,45.5
17.1011673151751,994,543,-451,-768.5,722.5,46
17.1033290099438,998,543,-455,-770.5,726.5,44
17.1054907047125,1002,543,-459,-772.5,730.5,42
17.1076523994812,1016,543,-473,-779.5,744.5,35
17.1098140942499,1023,543,-480,-783,751.5,31.5
17.1119757890186,1022,543,-479,-782.5,750.5,32
17.1141374837873,1021,543,-478,-782,749.5,32.5
17.116299178556,1020,543,-477,-781.5,748.5,33
17.1184608733247,1021,543,-478,-782,749.5,32.5
17.1206225680934,1023,542,-481,-782.5,752,30.5
17.1227842628621,1022,543,-479,-782.5,750.5,32
17.1249459576308,1022,543,-479,-782.5,750.5,32
17.1271076523995,1023,543,-480,-783,751.5,31.5
17.1292693471682,1022,543,-479,-782.5,750.5,32
17.1314310419369,1015,543,-472,-779,743.5,35.5
17.1335927367056,1009,543,-466,-776,737.5,38.5
17.1357544314743,1013,543,-470,-778,741.5,36.5
17.137916126243,1021,543,-478,-782,749.5,32.5
17.1400778210117,1022,543,-479,-782.5,750.5,32
17.1422395157804,1021,543,-478,-782,749.5,32.5
17.1444012105491,1021,543,-478,-782,749.5,32.5
17.1465629053178,1021,543,-478,-782,749.5,32.5
17.1487246000865,1021,543,-478,-782,749.5,32.5
17.1508862948552,1022,543,-479,-782.5,750.5,32
17.1530479896239,1022,543,-479,-782.5,750.5,32
17.1552096843926,1021,543,-478,-782,749.5,32.5
17.1573713791613,1023,542,-481,-782.5,752,30.5
17.15953307393,1021,543,-478,-782,749.5,32.5
17.1616947686987,1019,543,-476,-781,747.5,33.5
17.1638564634674,1022,543,-479,-782.5,750.5,32
17.1660181582361,1022,543,-479,-782.5,750.5,32
17.1681798530048,1021,543,-478,-782,749.5,32.5
17.1703415477735,1022,543,-479,-782.5,750.5,32
17.1725032425422,1022,543,-479,-782.5,750.5,32
17.1746649373109,1021,543,-478,-782,749.5,32.5
17.1768266320795,1021,543,-478,-782,749.5,32.5
17.1789883268482,1021,542,-479,-781.5,750,31.5
17.1811500216169,1023,543,-480,-783,751.5,31.5
17.1833117163856,1022,543,-479,-782.5,750.5,32
17.1854734111543,1023,543,-480,-783,751.5,31.5
17.187635105923,1021,543,-478,-782,749.5,32.5
17.1897968006917,1022,543,-479,-782.5,750.5,32
17.1919584954604,1022,543,-479,-782.5,750.5,32
17.1941201902291,1022,543,-479,-782.5,750.5,32
17.1962818849978,1021,543,-478,-782,749.5,32.5
17.1984435797665,1019,543,-476,-781,747.5,33.5
17.2006052745352,1016,543,-473,-779.5,744.5,35
17.2027669693039,1017,543,-474,-780,745.5,34.5
17.2049286640726,1020,543,-477,-781.5,748.5,33
17.2070903588413,1021,543,-478,-782,749.5,32.5
17.20925205361,1023,542,-481,-782.5,752,30.5
17.2114137483787,1021,543,-478,-782,749.5,32.5
17.2135754431474,1019,543,-476,-781,747.5,33.5
17.2157371379161,1013,543,-470,-778,741.5,36.5
17.2178988326848,1004,543,-461,-773.5,732.5,41
17.2200605274535,996,543,-453,-769.5,724.5,45
17.2222222222222,992,543,-449,-767.5,720.5,47
17.2243839169909,987,543,-444,-765,715.5,49.5
17.2265456117596,981,543,-438,-762,709.5,52.5
17.2287073065283,981,543,-438,-762,709.5,52.5
17.230869001297,981,543,-438,-762,709.5,52.5
17.2330306960657,980,543,-437,-761.5,708.5,53
17.2351923908344,990,543,-447,-766.5,718.5,48
17.2373540856031,996,543,-453,-769.5,724.5,45
17.2395157803718,1003,543,-460,-773,731.5,41.5
17.2416774751405,1004,543,-461,-773.5,732.5,41
17.2438391699092,1000,543,-457,-771.5,728.5,43
17.2460008646779,994,543,-451,-768.5,722.5,46
17.2481625594466,983,543,-440,-763,711.5,51.5
17.2503242542153,979,543,-436,-761,707.5,53.5
17.252485948984,973,543,-430,-758,701.5,56.5
17.2546476437527,979,543,-436,-761,707.5,53.5
17.2568093385214,984,543,-441,-763.5,712.5,51
17.2589710332901,995,543,-452,-769,723.5,45.5
17.2611327280588,1008,543,-465,-775.5,736.5,39
17.2632944228275,1013,543,-470,-778,741.5,36.5
17.2654561175962,1013,543,-470,-778,741.5,36.5
17.2676178123649,1007,543,-464,-775,735.5,39.5
17.2697795071336,999,543,-456,-771,727.5,43.5
17.2719412019023,995,543,-452,-769,723.5,45.5
17.274102896671,993,543,-450,-768,721.5,46.5
17.2762645914397,989,543,-446,-766,717.5,48.5
17.2784262862084,991,542,-449,-766.5,720,46.5
17.2805879809771,993,543,-450,-768,721.5,46.5
17.2827496757458,985,543,-442,-764,713.5,50.5
17.2849113705145,983,543,-440,-763,711.5,51.5
17.2870730652832,979,543,-436,-761,707.5,53.5
17.2892347600519,985,543,-442,-764,713.5,50.5
17.2913964548206,994,543,-451,-768.5,722.5,46
17.2935581495893,1006,542,-464,-774,735,39
17.295719844358,1023,543,-480,-783,751.5,31.5
17.2978815391267,1021,543,-478,-782,749.5,32.5
17.3000432338954,1022,543,-479,-782.5,750.5,32
17.3022049286641,1022,543,-479,-782.5,750.5,32
17.3043666234328,1022,543,-479,-782.5,750.5,32
17.3065283182015,1023,543,-480,-783,751.5,31.5
17.3086900129702,1021,543,-478,-782,749.5,32.5
17.3108517077389,1023,543,-480,-783,751.5,31.5
17.3130134025076,1021,543,-478,-782,749.5,32.5
17.3151750972763,1021,543,-478,-782,749.5,32.5
17.317336792045,1021,543,-478,-782,749.5,32.5
17.3194984868137,1022,542,-480,-782,751,31
17.3216601815824,1021,543,-478,-782,749.5,32.5
17.3238218763511,1023,543,-480,-783,751.5,31.5
17.3259835711198,1019,543,-476,-781,747.5,33.5
17.3281452658885,1022,543,-479,-782.5,750.5,32
17.3303069606572,1008,543,-465,-775.5,736.5,39
17.3324686554259,987,543,-444,-765,715.5,49.5
17.3346303501946,974,543,-431,-758.5,702.5,56
17.3367920449632,965,542,-423,-753.5,694,59.5
17.3389537397319,961,543,-418,-752,689.5,62.5
17.3411154345006,960,543,-417,-751.5,688.5,63
17.3432771292693,967,543,-424,-755,695.5,59.5
17.345438824038,974,543,-431,-758.5,702.5,56
17.3476005188067,974,543,-431,-758.5,702.5,56
17.3497622135754,968,543,-425,-755.5,696.5,59
17.3519239083441,968,543,-425,-755.5,696.5,59
17.3540856031128,974,543,-431,-758.5,702.5,56
17.3562472978815,993,543,-450,-768,721.5,46.5
17.3584089926502,1012,543,-469,-777.5,740.5,37
17.3605706874189,1018,543,-475,-780.5,746.5,34
17.3627323821876,1015,543,-472,-779,743.5,35.5
17.3648940769563,1006,543,-463,-774.5,734.5,40
17.367055771725,998,543,-455,-770.5,726.5,44
17.3692174664937,996,543,-453,-769.5,724.5,45
17.3713791612624,999,543,-456,-771,727.5,43.5
17.3735408560311,1003,543,-460,-773,731.5,41.5
17.3757025507998,1007,543,-464,-775,735.5,39.5
17.3778642455685,1008,543,-465,-775.5,736.5,39
17.3800259403372,1000,543,-457,-771.5,728.5,43
17.3821876351059,987,542,-445,-764.5,716,48.5
17.3843493298746,979,543,-436,-761,707.5,53.5
17.3865110246433,977,543,-434,-760,705.5,54.5
17.388672719412,979,543,-436,-761,707.5,53.5
17.3908344141807,988,542,-446,-765,717,48
17.3929961089494,998,543,-455,-770.5,726.5,44
17.3951578037181,1005,543,-462,-774,733.5,40.5
17.3973194984868,1004,543,-461,-773.5,732.5,41
17.3994811932555,1003,543,-460,-773,731.5,41.5
17.4016428880242,1013,543,-470,-778,741.5,36.5
17.4038045827929,1021,543,-478,-782,749.5,32.5
17.4059662775616,1021,543,-478,-782,749.5,32.5
17.4081279723303,1023,542,-481,-782.5,752,30.5
17.410289667099,1021,543,-478,-782,749.5,32.5
17.4124513618677,1021,543,-478,-782,749.5,32.5
17.4146130566364,1022,543,-479,-782.5,750.5,32
17.4167747514051,1023,543,-480,-783,751.5,31.5
17.4189364461738,1021,543,-478,-782,749.5,32.5
17.4210981409425,1019,543,-476,-781,747.5,33.5
17.4232598357112,1021,543,-478,-782,749.5,32.5
17.4254215304799,1022,543,-479,-782.5,750.5,32
17.4275832252486,1021,543,-478,-782,749.5,32.5
17.4297449200173,1022,543,-479,-782.5,750.5,32
17.431906614786,1021,543,-478,-782,749.5,32.5
17.4340683095547,1020,543,-477,-781.5,748.5,33
17.4362300043234,1021,543,-478,-782,749.5,32.5
17.4383916990921,1022,543,-479,-782.5,750.5,32
17.4405533938608,1023,543,-480,-783,751.5,31.5
17.4427150886295,1022,543,-479,-782.5,750.5,32
17.4448767833982,1022,543,-479,-782.5,750.5,32
17.4470384781669,1022,543,-479,-782.5,750.5,32
17.4492001729356,1021,543,-478,-782,749.5,32.5
17.4513618677043,1023,543,-480,-783,751.5,31.5
17.453523562473,1020,543,-477,-781.5,748.5,33
17.4556852572417,1020,543,-477,-781.5,748.5,33
17.4578469520104,1021,543,-478,-782,749.5,32.5
17.4600086467791,1022,543,-479,-782.5,750.5,32
17.4621703415478,1022,543,-479,-782.5,750.5,32
17.4643320363165,1021,543,-478,-782,749.5,32.5
17.4664937310852,1021,543,-478,-782,749.5,32.5
17.4686554258539,1022,543,-479,-782.5,750.5,32
17.4708171206226,1023,542,-481,-782.5,752,30.5
17.4729788153913,1021,543,-478,-782,749.5,32.5
17.47514051016,1022,543,-479,-782.5,750.5,32
17.4773022049287,1020,543,-477,-781.5,748.5,33
17.4794638996974,1022,543,-479,-782.5,750.5,32
17.4816255944661,1022,543,-479,-782.5,750.5,32
17.4837872892348,1021,543,-478,-782,749.5,32.5
17.4859489840035,1022,543,-479,-782.5,750.5,32
17.4881106787722,1022,543,-479,-782.5,750.5,32
17.4902723735409,1021,543,-478,-782,749.5,32.5
17.4924340683096,1022,543,-479,-782.5,750.5,32
17.4945957630783,1023,543,-480,-783,751.5,31.5
17.496757457847,1021,543,-478,-782,749.5,32.5
17.4989191526156,1021,543,-478,-782,749.5,32.5
17.5010808473843,1022,543,-479,-782.5,750.5,32
17.503242542153,1022,543,-479,-782.5,750.5,32
17.5054042369217,1023,542,-481,-782.5,752,30.5
17.5075659316904,1022,543,-479,-782.5,750.5,32
17.5097276264591,1021,543,-478,-782,749.5,32.5
17.5118893212278,1021,543,-478,-782,749.5,32.5
17.5140510159965,1022,543,-479,-782.5,750.5,32
17.5162127107652,1022,543,-479,-782.5,750.5,32
17.5183744055339,1020,543,-477,-781.5,748.5,33
17.5205361003026,1022,543,-479,-782.5,750.5,32
17.5226977950713,1020,543,-477,-781.5,748.5,33
17.52485948984,1021,543,-478,-782,749.5,32.5
17.5270211846087,1022,543,-479,-782.5,750.5,32
17.5291828793774,1022,543,-479,-782.5,750.5,32
17.5313445741461,1022,543,-479,-782.5,750.5,32
17.5335062689148,1021,543,-478,-782,749.5,32.5
17.5356679636835,1022,543,-479,-782.5,750.5,32
17.5378296584522,1021,543,-478,-782,749.5,32.5
17.5399913532209,1023,543,-480,-783,751.5,31.5
17.5421530479896,1022,543,-479,-782.5,750.5,32
17.5443147427583,1021,543,-478,-782,749.5,32.5
17.546476437527,1020,543,-477,-781.5,748.5,33
17.5486381322957,1020,543,-477,-781.5,748.5,33
17.5507998270644,1020,543,-477,-781.5,748.5,33
17.5529615218331,1023,543,-480,-783,751.5,31.5
17.5551232166018,1023,543,-480,-783,751.5,31.5
17.5572849113705,1022,543,-479,-782.5,750.5,32
17.5594466061392,1021,543,-478,-782,749.5,32.5
17.5616083009079,1021,543,-478,-782,749.5,32.5
17.5637699956766,1021,543,-478,-782,749.5,32.5
17.5659316904453,1022,543,-479,-782.5,750.5,32
17.568093385214,1022,542,-480,-782,751,31
17.5702550799827,1022,543,-479,-782.5,750.5,32
17.5724167747514,1022,543,-479,-782.5,750.5,32
17.5745784695201,1022,543,-479,-782.5,750.5,32
17.5767401642888,1021,543,-478,-782,749.5,32.5
17.5789018590575,1021,543,-478,-782,749.5,32.5
17.5810635538262,1023,543,-480,-783,751.5,31.5
17.5832252485949,1022,543,-479,-782.5,750.5,32
17.5853869433636,1022,543,-479,-782.5,750.5,32
17.5875486381323,1018,543,-475,-780.5,746.5,34
17.589710332901,1013,543,-470,-778,741.5,36.5
17.5918720276697,1009,543,-466,-776,737.5,38.5
17.5940337224384,1008,543,-465,-775.5,736.5,39
17.5961954172071,1007,543,-464,-775,735.5,39.5
17.5983571119758,1007,543,-464,-775,735.5,39.5
17.6005188067445,1011,543,-468,-777,739.5,37.5
17.6026805015132,1014,542,-472,-778,743,35
17.6048421962819,1012,543,-469,-777.5,740.5,37
17.6070038910506,1012,543,-469,-777.5,740.5,37
17.6091655858193,1015,543,-472,-779,743.5,35.5
17.611327280588,1008,542,-466,-775,737,38
17.6134889753567,1006,543,-463,-774.5,734.5,40
17.6156506701254,999,543,-456,-771,727.5,43.5
17.6178123648941,992,543,-449,-767.5,720.5,47
17.6199740596628,985,543,-442,-764,713.5,50.5
17.6221357544315,983,543,-440,-763,711.5,51.5
17.6242974492002,993,543,-450,-768,721.5,46.5
17.6264591439689,1008,543,-465,-775.5,736.5,39
17.6286208387376,1020,543,-477,-781.5,748.5,33
17.6307825335063,1022,543,-479,-782.5,750.5,32
17.632944228275,1016,543,-473,-779.5,744.5,35
17.6351059230437,1012,543,-469,-777.5,740.5,37
17.6372676178124,1012,543,-469,-777.5,740.5,37
17.6394293125811,1016,543,-473,-779.5,744.5,35
17.6415910073498,1014,543,-471,-778.5,742.5,36
17.6437527021185,1000,543,-457,-771.5,728.5,43
17.6459143968872,994,543,-451,-768.5,722.5,46
17.6480760916559,986,543,-443,-764.5,714.5,50
17.6502377864246,984,543,-441,-763.5,712.5,51
17.6523994811933,989,543,-446,-766,717.5,48.5
17.654561175962,1002,543,-459,-772.5,730.5,42
17.6567228707307,1009,543,-466,-776,737.5,38.5
17.6588845654993,1007,543,-464,-775,735.5,39.5
17.661046260268,1003,543,-460,-773,731.5,41.5
17.6632079550367,1003,543,-460,-773,731.5,41.5
17.6653696498054,1015,542,-473,-778.5,744,34.5
17.6675313445741,1022,543,-479,-782.5,750.5,32
17.6696930393428,1020,542,-478,-781,749,32
17.6718547341115,1021,543,-478,-782,749.5,32.5
17.6740164288802,1017,543,-474,-780,745.5,34.5
17.6761781236489,1016,543,-473,-779.5,744.5,35
17.6783398184176,1015,543,-472,-779,743.5,35.5
17.6805015131863,1011,543,-468,-777,739.5,37.5
17.682663207955,1008,543,-465,-775.5,736.5,39
17.6848249027237,1004,542,-462,-773,733,40
17.6869865974924,1004,543,-461,-773.5,732.5,41
17.6891482922611,1001,542,-459,-771.5,730,41.5
17.6913099870298,1010,543,-467,-776.5,738.5,38
17.6934716817985,1015,543,-472,-779,743.5,35.5
17.6956333765672,1022,543,-479,-782.5,750.5,32
17.6977950713359,1021,543,-478,-782,749.5,32.5
17.6999567661046,1021,543,-478,-782,749.5,32.5
17.7021184608733,1023,543,-480,-783,751.5,31.5
17.704280155642,1021,543,-478,-782,749.5,32.5
17.7064418504107,1022,543,-479,-782.5,750.5,32
17.7086035451794,1022,543,-479,-782.5,750.5,32
17.7107652399481,1021,543,-478,-782,749.5,32.5
17.7129269347168,1023,543,-480,-783,751.5,31.5
17.7150886294855,1013,543,-470,-778,741.5,36.5
17.7172503242542,1006,543,-463,-774.5,734.5,40
17.7194120190229,1002,543,-459,-772.5,730.5,42
17.7215737137916,1005,543,-462,-774,733.5,40.5
17.7237354085603,1016,543,-473,-779.5,744.5,35
17.725897103329,1021,543,-478,-782,749.5,32.5
17.7280587980977,1022,543,-479,-782.5,750.5,32
17.7302204928664,1022,543,-479,-782.5,750.5,32
17.7323821876351,1021,543,-478,-782,749.5,32.5
17.7345438824038,1022,543,-479,-782.5,750.5,32
17.7367055771725,1021,543,-478,-782,749.5,32.5
17.7388672719412,1022,542,-480,-782,751,31
17.7410289667099,1023,543,-480,-783,751.5,31.5
17.7431906614786,1022,543,-479,-782.5,750.5,32
17.7453523562473,1021,543,-478,-782,749.5,32.5
17.747514051016,1021,543,-478,-782,749.5,32.5
17.7496757457847,1022,543,-479,-782.5,750.5,32
17.7518374405534,1016,543,-473,-779.5,744.5,35
17.7539991353221,1012,543,-469,-777.5,740.5,37
17.7561608300908,1012,543,-469,-777.5,740.5,37
17.7583225248595,1020,543,-477,-781.5,748.5,33
17.7604842196282,1022,542,-480,-782,751,31
17.7626459143969,1021,543,-478,-782,749.5,32.5
17.7648076091656,1022,543,-479,-782.5,750.5,32
17.7669693039343,1022,543,-479,-782.5,750.5,32
17.769130998703,1022,543,-479,-782.5,750.5,32
17.7712926934717,1021,543,-478,-782,749.5,32.5
17.7734543882404,1023,543,-480,-783,751.5,31.5
17.7756160830091,1020,543,-477,-781.5,748.5,33
17.7777777777778,1022,543,-479,-782.5,750.5,32
17.7799394725465,1021,543,-478,-782,749.5,32.5
17.7821011673152,1021,543,-478,-782,749.5,32.5
17.7842628620839,1021,543,-478,-782,749.5,32.5
17.7864245568526,1020,543,-477,-781.5,748.5,33
17.7885862516213,1021,543,-478,-782,749.5,32.5
17.79074794639,1022,543,-479,-782.5,750.5,32
17.7929096411587,1020,543,-477,-781.5,748.5,33
17.7950713359274,1020,543,-477,-781.5,748.5,33
17.7972330306961,1023,543,-480,-783,751.5,31.5
17.7993947254648,1022,543,-479,-782.5,750.5,32
17.8015564202335,1021,543,-478,-782,749.5,32.5
17.8037181150022,1022,543,-479,-782.5,750.5,32
17.8058798097709,1020,543,-477,-781.5,748.5,33
17.8080415045396,1022,542,-480,-782,751,31
17.8102031993083,1023,543,-480,-783,751.5,31.5
17.812364894077,1021,543,-478,-782,749.5,32.5
17.8145265888457,1023,543,-480,-783,751.5,31.5
17.8166882836144,1022,543,-479,-782.5,750.5,32
17.8188499783831,1021,543,-478,-782,749.5,32.5
17.8210116731518,1022,543,-479,-782.5,750.5,32
17.8231733679205,1023,543,-480,-783,751.5,31.5
17.8253350626891,1023,543,-480,-783,751.5,31.5
17.8274967574578,1023,543,-480,-783,751.5,31.5
17.8296584522265,1022,543,-479,-782.5,750.5,32
17.8318201469952,1022,543,-479,-782.5,750.5,32
17.8339818417639,1023,542,-481,-782.5,752,30.5
17.8361435365326,1020,543,-477,-781.5,748.5,33
17.8383052313013,1021,543,-478,-782,749.5,32.5
17.84046692607,1023,543,-480,-783,751.5,31.5
17.8426286208387,1020,543,-477,-781.5,748.5,33
17.8447903156074,1022,543,-479,-782.5,750.5,32
17.8469520103761,1022,543,-479,-782.5,750.5,32
17.8491137051448,1020,543,-477,-781.5,748.5,33
17.8512753999135,1021,543,-478,-782,749.5,32.5
17.8534370946822,1022,543,-479,-782.5,750.5,32
17.8555987894509,1021,543,-478,-782,749.5,32.5
17.8577604842196,1022,542,-480,-782,751,31
17.8599221789883,1023,543,-480,-783,751.5,31.5
17.862083873757,1021,543,-478,-782,749.5,32.5
17.8642455685257,1023,543,-480,-783,751.5,31.5
17.8664072632944,1019,543,-476,-781,747.5,33.5
17.8685689580631,1017,543,-474,-780,745.5,34.5
17.8707306528318,1017,543,-474,-780,745.5,34.5
17.8728923476005,1011,543,-468,-777,739.5,37.5
17.8750540423692,1002,543,-459,-772.5,730.5,42
17.8772157371379,997,543,-454,-770,725.5,44.5
17.8793774319066,1002,543,-459,-772.5,730.5,42
17.8815391266753,1003,543,-460,-773,731.5,41.5
17.883700821444,1007,543,-464,-775,735.5,39.5
17.8858625162127,1016,543,-473,-779.5,744.5,35
17.8880242109814,1023,543,-480,-783,751.5,31.5
17.8901859057501,1021,543,-478,-782,749.5,32.5
17.8923476005188,1021,543,-478,-782,749.5,32.5
17.8945092952875,1013,543,-470,-778,741.5,36.5
17.8966709900562,1014,543,-471,-778.5,742.5,36
17.8988326848249,1010,542,-468,-776,739,37
17.9009943795936,1014,543,-471,-778.5,742.5,36
17.9031560743623,1009,543,-466,-776,737.5,38.5
17.905317769131,1004,543,-461,-773.5,732.5,41
17.9074794638997,1005,543,-462,-774,733.5,40.5
17.9096411586684,1006,543,-463,-774.5,734.5,40
17.9118028534371,1005,543,-462,-774,733.5,40.5
17.9139645482058,1001,543,-458,-772,729.5,42.5
17.9161262429745,989,543,-446,-766,717.5,48.5
17.9182879377432,984,543,-441,-763.5,712.5,51
17.9204496325119,986,543,-443,-764.5,714.5,50
17.9226113272806,987,543,-444,-765,715.5,49.5
17.9247730220493,996,543,-453,-769.5,724.5,45
17.926934716818,1011,543,-468,-777,739.5,37.5
17.9290964115867,1020,543,-477,-781.5,748.5,33
17.9312581063554,1021,543,-478,-782,749.5,32.5
17.9334198011241,1021,543,-478,-782,749.5,32.5
17.9355814958928,1021,543,-478,-782,749.5,32.5
17.9377431906615,1022,543,-479,-782.5,750.5,32
17.9399048854302,1021,543,-478,-782,749.5,32.5
17.9420665801989,1021,543,-478,-782,749.5,32.5
17.9442282749676,1021,543,-478,-782,749.5,32.5
17.9463899697363,1023,542,-481,-782.5,752,30.5
17.948551664505,1022,543,-479,-782.5,750.5,32
17.9507133592737,1022,543,-479,-782.5,750.5,32
17.9528750540424,1023,543,-480,-783,751.5,31.5
17.9550367488111,1020,543,-477,-781.5,748.5,33
17.9571984435798,1022,543,-479,-782.5,750.5,32
17.9593601383485,1021,543,-478,-782,749.5,32.5
17.9615218331172,1021,543,-478,-782,749.5,32.5
17.9636835278859,1023,543,-480,-783,751.5,31.5
17.9658452226546,1021,543,-478,-782,749.5,32.5
17.9680069174233,1022,543,-479,-782.5,750.5,32
17.970168612192,1022,543,-479,-782.5,750.5,32
17.9723303069607,1021,543,-478,-782,749.5,32.5
17.9744920017294,1023,542,-481,-782.5,752,30.5
17.9766536964981,990,543,-447,-766.5,718.5,48
17.9788153912668,959,543,-416,-751,687.5,63.5
17.9809770860355,942,543,-399,-742.5,670.5,72
17.9831387808042,937,543,-394,-740,665.5,74.5
17.9853004755728,944,543,-401,-743.5,672.5,71
17.9874621703415,959,543,-416,-751,687.5,63.5
17.9896238651102,975,543,-432,-759,703.5,55.5
17.9917855598789,982,543,-439,-762.5,710.5,52
17.9939472546476,989,543,-446,-766,717.5,48.5
17.9961089494163,995,543,-452,-769,723.5,45.5
17.998270644185,999,543,-456,-771,727.5,43.5
18.0004323389537,995,543,-452,-769,723.5,45.5
18.0025940337224,989,543,-446,-766,717.5,48.5
18.0047557284911,985,543,-442,-764,713.5,50.5
18.0069174232598,987,543,-444,-765,715.5,49.5
18.0090791180285,989,543,-446,-766,717.5,48.5
18.0112408127972,990,543,-447,-766.5,718.5,48
18.0134025075659,991,543,-448,-767,719.5,47.5
18.0155642023346,990,543,-447,-766.5,718.5,48
18.0177258971033,995,543,-452,-769,723.5,45.5
18.019887591872,998,543,-455,-770.5,726.5,44
18.0220492866407,995,543,-452,-769,723.5,45.5
18.0242109814094,993,543,-450,-768,721.5,46.5
18.0263726761781,993,543,-450,-768,721.5,46.5
18.0285343709468,996,543,-453,-769.5,724.5,45
18.0306960657155,1002,543,-459,-772.5,730.5,42
18.0328577604842,1010,543,-467,-776.5,738.5,38
18.0350194552529,1014,542,-472,-778,743,35
18.0371811500216,1010,543,-467,-776.5,738.5,38
18.0393428447903,1011,543,-468,-777,739.5,37.5
18.041504539559,1012,543,-469,-777.5,740.5,37
18.0436662343277,1016,543,-473,-779.5,744.5,35
18.0458279290964,1015,543,-472,-779,743.5,35.5
18.0479896238651,1011,543,-468,-777,739.5,37.5
18.0501513186338,1003,543,-460,-773,731.5,41.5
18.0523130134025,998,543,-455,-770.5,726.5,44
18.0544747081712,991,543,-448,-767,719.5,47.5
18.0566364029399,995,543,-452,-769,723.5,45.5
18.0587980977086,1004,543,-461,-773.5,732.5,41
18.0609597924773,1023,543,-480,-783,751.5,31.5
18.063121487246,1023,543,-480,-783,751.5,31.5
18.0652831820147,1023,543,-480,-783,751.5,31.5
18.0674448767834,1023,543,-480,-783,751.5,31.5
18.0696065715521,1021,543,-478,-782,749.5,32.5
18.0717682663208,1021,543,-478,-782,749.5,32.5
18.0739299610895,1021,543,-478,-782,749.5,32.5
18.0760916558582,1023,543,-480,-783,751.5,31.5
18.0782533506269,1020,543,-477,-781.5,748.5,33
18.0804150453956,1020,543,-477,-781.5,748.5,33
18.0825767401643,1021,543,-478,-782,749.5,32.5
18.084738434933,1021,543,-478,-782,749.5,32.5
18.0869001297017,1022,543,-479,-782.5,750.5,32
18.0890618244704,1021,543,-478,-782,749.5,32.5
18.0912235192391,1023,542,-481,-782.5,752,30.5
18.0933852140078,1021,543,-478,-782,749.5,32.5
18.0955469087765,1023,542,-481,-782.5,752,30.5
18.0977086035452,1020,543,-477,-781.5,748.5,33
18.0998702983139,1020,542,-478,-781,749,32
18.1020319930826,1023,543,-480,-783,751.5,31.5
18.1041936878513,1021,543,-478,-782,749.5,32.5
18.10635538262,1020,543,-477,-781.5,748.5,33
18.1085170773887,1020,542,-478,-781,749,32
18.1106787721574,1023,543,-480,-783,751.5,31.5
18.1128404669261,1021,543,-478,-782,749.5,32.5
18.1150021616948,1022,543,-479,-782.5,750.5,32
18.1171638564635,1021,543,-478,-782,749.5,32.5
18.1193255512322,1021,543,-478,-782,749.5,32.5
18.1214872460009,1022,543,-479,-782.5,750.5,32
18.1236489407696,1021,543,-478,-782,749.5,32.5
18.1258106355383,1021,543,-478,-782,749.5,32.5
18.127972330307,1022,543,-479,-782.5,750.5,32
18.1301340250757,1023,543,-480,-783,751.5,31.5
18.1322957198444,1021,543,-478,-782,749.5,32.5
18.1344574146131,1022,543,-479,-782.5,750.5,32
18.1366191093818,1021,543,-478,-782,749.5,32.5
18.1387808041505,1021,543,-478,-782,749.5,32.5
18.1409424989192,1022,543,-479,-782.5,750.5,32
18.1431041936879,1021,543,-478,-782,749.5,32.5
18.1452658884565,1023,543,-480,-783,751.5,31.5
18.1474275832252,1023,543,-480,-783,751.5,31.5
18.1495892779939,1022,543,-479,-782.5,750.5,32
18.1517509727626,1022,543,-479,-782.5,750.5,32
18.1539126675313,1022,543,-479,-782.5,750.5,32
18.1560743623,1023,543,-480,-783,751.5,31.5
18.1582360570687,1022,543,-479,-782.5,750.5,32
18.1603977518374,1020,543,-477,-781.5,748.5,33
18.1625594466061,1022,543,-479,-782.5,750.5,32
18.1647211413748,1023,543,-480,-783,751.5,31.5
18.1668828361435,1023,542,-481,-782.5,752,30.5
18.1690445309122,1021,542,-479,-781.5,750,31.5
18.1712062256809,1021,543,-478,-782,749.5,32.5
18.1733679204496,1021,543,-478,-782,749.5,32.5
18.1755296152183,1022,543,-479,-782.5,750.5,32
18.177691309987,1020,543,-477,-781.5,748.5,33
18.1798530047557,1023,542,-481,-782.5,752,30.5
18.1820146995244,1020,543,-477,-781.5,748.5,33
18.1841763942931,1021,543,-478,-782,749.5,32.5
18.1863380890618,1021,543,-478,-782,749.5,32.5
18.1884997838305,1022,543,-479,-782.5,750.5,32
18.1906614785992,1023,543,-480,-783,751.5,31.5
18.1928231733679,1020,543,-477,-781.5,748.5,33
18.1949848681366,1022,543,-479,-782.5,750.5,32
18.1971465629053,1022,543,-479,-782.5,750.5,32
18.199308257674,1023,543,-480,-783,751.5,31.5
18.2014699524427,1021,543,-478,-782,749.5,32.5
18.2036316472114,1022,543,-479,-782.5,750.5,32
18.2057933419801,1022,543,-479,-782.5,750.5,32
18.2079550367488,1021,543,-478,-782,749.5,32.5
18.2101167315175,1022,543,-479,-782.5,750.5,32
18.2122784262862,1021,543,-478,-782,749.5,32.5
18.2144401210549,1023,542,-481,-782.5,752,30.5
18.2166018158236,1023,543,-480,-783,751.5,31.5
18.2187635105923,1020,543,-477,-781.5,748.5,33
18.220925205361,1022,542,-480,-782,751,31
18.2230869001297,1022,543,-479,-782.5,750.5,32
18.2252485948984,1020,543,-477,-781.5,748.5,33
18.2274102896671,1021,543,-478,-782,749.5,32.5
18.2295719844358,1020,543,-477,-781.5,748.5,33
18.2317336792045,1023,543,-480,-783,751.5,31.5
18.2338953739732,1017,543,-474,-780,745.5,34.5
18.2360570687419,1011,543,-468,-777,739.5,37.5
18.2382187635106,1009,543,-466,-776,737.5,38.5
18.2403804582793,1011,543,-468,-777,739.5,37.5
18.242542153048,1015,543,-472,-779,743.5,35.5
18.2447038478167,1022,543,-479,-782.5,750.5,32
18.2468655425854,1021,543,-478,-782,749.5,32.5
18.2490272373541,1022,543,-479,-782.5,750.5,32
18.2511889321228,1022,543,-479,-782.5,750.5,32
18.2533506268915,1009,543,-466,-776,737.5,38.5
18.2555123216602,993,543,-450,-768,721.5,46.5
18.2576740164289,987,543,-444,-765,715.5,49.5
18.2598357111976,993,543,-450,-768,721.5,46.5
18.2619974059663,1000,543,-457,-771.5,728.5,43
18.264159100735,1004,543,-461,-773.5,732.5,41
18.2663207955037,1000,543,-457,-771.5,728.5,43
18.2684824902724,1004,542,-462,-773,733,40
18.2706441850411,1008,543,-465,-775.5,736.5,39
18.2728058798098,1014,543,-471,-778.5,742.5,36
18.2749675745785,1022,542,-480,-782,751,31
18.2771292693472,1021,543,-478,-782,749.5,32.5
18.2792909641159,1021,543,-478,-782,749.5,32.5
18.2814526588846,1013,543,-470,-778,741.5,36.5
18.2836143536533,1006,543,-463,-774.5,734.5,40
18.285776048422,1000,543,-457,-771.5,728.5,43
18.2879377431907,995,543,-452,-769,723.5,45.5
18.2900994379594,997,543,-454,-770,725.5,44.5
18.2922611327281,1003,543,-460,-773,731.5,41.5
18.2944228274968,1007,542,-465,-774.5,736,38.5
18.2965845222655,1015,543,-472,-779,743.5,35.5
18.2987462170342,1020,543,-477,-781.5,748.5,33
18.3009079118029,1021,543,-478,-782,749.5,32.5
18.3030696065716,1016,542,-474,-779,745,34
18.3052313013402,1013,543,-470,-778,741.5,36.5
18.3073929961089,1011,543,-468,-777,739.5,37.5
18.3095546908776,1006,543,-463,-774.5,734.5,40
18.3117163856463,998,543,-455,-770.5,726.5,44
18.313878080415,998,543,-455,-770.5,726.5,44
18.3160397751837,999,543,-456,-771,727.5,43.5
18.3182014699524,1013,543,-470,-778,741.5,36.5
18.3203631647211,1021,543,-478,-782,749.5,32.5
18.3225248594898,1023,542,-481,-782.5,752,30.5
18.3246865542585,1022,543,-479,-782.5,750.5,32
18.3268482490272,1022,543,-479,-782.5,750.5,32
18.3290099437959,1022,543,-479,-782.5,750.5,32
18.3311716385646,1020,543,-477,-781.5,748.5,33
18.3333333333333,1017,543,-474,-780,745.5,34.5
18.335495028102,1000,543,-457,-771.5,728.5,43
18.3376567228707,991,542,-449,-766.5,720,46.5
18.3398184176394,986,543,-443,-764.5,714.5,50
18.3419801124081,991,543,-448,-767,719.5,47.5
18.3441418071768,1004,543,-461,-773.5,732.5,41
18.3463035019455,1020,542,-478,-781,749,32
18.3484651967142,1020,543,-477,-781.5,748.5,33
18.3506268914829,1021,543,-478,-782,749.5,32.5
18.3527885862516,1020,543,-477,-781.5,748.5,33
18.3549502810203,1022,543,-479,-782.5,750.5,32
18.357111975789,1022,543,-479,-782.5,750.5,32
18.3592736705577,1022,543,-479,-782.5,750.5,32
18.3614353653264,1022,543,-479,-782.5,750.5,32
18.3635970600951,1023,543,-480,-783,751.5,31.5
18.3657587548638,1020,542,-478,-781,749,32
18.3679204496325,1021,543,-478,-782,749.5,32.5
18.3700821444012,1022,543,-479,-782.5,750.5,32
18.3722438391699,1021,543,-478,-782,749.5,32.5
18.3744055339386,1022,543,-479,-782.5,750.5,32
18.3765672287073,1021,543,-478,-782,749.5,32.5
18.378728923476,1021,543,-478,-782,749.5,32.5
18.3808906182447,1022,543,-479,-782.5,750.5,32
18.3830523130134,1020,542,-478,-781,749,32
18.3852140077821,1022,543,-479,-782.5,750.5,32
18.3873757025508,1022,543,-479,-782.5,750.5,32
18.3895373973195,1021,543,-478,-782,749.5,32.5
18.3916990920882,1021,543,-478,-782,749.5,32.5
18.3938607868569,1018,543,-475,-780.5,746.5,34
18.3960224816256,1018,543,-475,-780.5,746.5,34
18.3981841763943,1020,543,-477,-781.5,748.5,33
18.400345871163,1020,543,-477,-781.5,748.5,33
18.4025075659317,1022,543,-479,-782.5,750.5,32
18.4046692607004,1021,543,-478,-782,749.5,32.5
18.4068309554691,1021,543,-478,-782,749.5,32.5
18.4089926502378,1022,543,-479,-782.5,750.5,32
18.4111543450065,1023,543,-480,-783,751.5,31.5
18.4133160397752,1022,543,-479,-782.5,750.5,32
18.4154777345439,1022,543,-479,-782.5,750.5,32
18.4176394293126,1022,543,-479,-782.5,750.5,32
18.4198011240813,1021,543,-478,-782,749.5,32.5
18.42196281885,1019,543,-476,-781,747.5,33.5
18.4241245136187,1021,543,-478,-782,749.5,32.5
18.4262862083874,1021,543,-478,-782,749.5,32.5
18.4284479031561,1022,543,-479,-782.5,750.5,32
18.4306095979248,1023,543,-480,-783,751.5,31.5
18.4327712926935,1021,543,-478,-782,749.5,32.5
18.4349329874622,1020,542,-478,-781,749,32
18.4370946822309,1022,543,-479,-782.5,750.5,32
18.4392563769996,1022,543,-479,-782.5,750.5,32
18.4414180717683,1021,543,-478,-782,749.5,32.5
18.443579766537,1022,543,-479,-782.5,750.5,32
18.4457414613057,1022,543,-479,-782.5,750.5,32
18.4479031560744,1021,543,-478,-782,749.5,32.5
18.4500648508431,1021,543,-478,-782,749.5,32.5
18.4522265456118,1021,543,-478,-782,749.5,32.5
18.4543882403805,1021,543,-478,-782,749.5,32.5
18.4565499351492,1022,543,-479,-782.5,750.5,32
18.4587116299179,1022,543,-479,-782.5,750.5,32
18.4608733246866,1022,543,-479,-782.5,750.5,32
18.4630350194553,1021,543,-478,-782,749.5,32.5
18.4651967142239,1021,543,-478,-782,749.5,32.5
18.4673584089926,1022,543,-479,-782.5,750.5,32
18.4695201037613,1022,543,-479,-782.5,750.5,32
18.47168179853,1023,543,-480,-783,751.5,31.5
18.4738434932987,1021,543,-478,-782,749.5,32.5
18.4760051880674,1023,543,-480,-783,751.5,31.5
18.4781668828361,1022,543,-479,-782.5,750.5,32
18.4803285776048,1019,542,-477,-780.5,748,32.5
18.4824902723735,1022,543,-479,-782.5,750.5,32
18.4846519671422,1023,543,-480,-783,751.5,31.5
18.4868136619109,1022,543,-479,-782.5,750.5,32
18.4889753566796,1020,543,-477,-781.5,748.5,33
18.4911370514483,1022,543,-479,-782.5,750.5,32
18.493298746217,1021,543,-478,-782,749.5,32.5
18.4954604409857,1021,543,-478,-782,749.5,32.5
18.4976221357544,1022,543,-479,-782.5,750.5,32
18.4997838305231,1022,543,-479,-782.5,750.5,32
18.5019455252918,1023,542,-481,-782.5,752,30.5
18.5041072200605,1021,543,-478,-782,749.5,32.5
18.5062689148292,1022,542,-480,-782,751,31
18.5084306095979,1022,543,-479,-782.5,750.5,32
18.5105923043666,1022,543,-479,-782.5,750.5,32
18.5127539991353,1021,543,-478,-782,749.5,32.5
18.514915693904,1021,543,-478,-782,749.5,32.5
18.5170773886727,1022,543,-479,-782.5,750.5,32
18.5192390834414,1021,543,-478,-782,749.5,32.5
18.5214007782101,1021,543,-478,-782,749.5,32.5
18.5235624729788,1022,543,-479,-782.5,750.5,32
18.5257241677475,1021,543,-478,-782,749.5,32.5
18.5278858625162,1021,543,-478,-782,749.5,32.5
18.5300475572849,1020,543,-477,-781.5,748.5,33
18.5322092520536,1022,543,-479,-782.5,750.5,32
18.5343709468223,1023,543,-480,-783,751.5,31.5
18.536532641591,1023,542,-481,-782.5,752,30.5
18.5386943363597,1022,543,-479,-782.5,750.5,32
18.5408560311284,1021,543,-478,-782,749.5,32.5
18.5430177258971,1019,543,-476,-781,747.5,33.5
18.5451794206658,1015,543,-472,-779,743.5,35.5
18.5473411154345,1008,543,-465,-775.5,736.5,39
18.5495028102032,1012,542,-470,-777,741,36
18.5516645049719,1014,543,-471,-778.5,742.5,36
18.5538261997406,1016,543,-473,-779.5,744.5,35
18.5559878945093,1013,542,-471,-777.5,742,35.5
18.558149589278,1011,543,-468,-777,739.5,37.5
18.5603112840467,1003,543,-460,-773,731.5,41.5
18.5624729788154,999,543,-456,-771,727.5,43.5
18.5646346735841,1000,543,-457,-771.5,728.5,43
18.5667963683528,1002,543,-459,-772.5,730.5,42
18.5689580631215,1006,543,-463,-774.5,734.5,40
18.5711197578902,1005,543,-462,-774,733.5,40.5
18.5732814526589,1008,543,-465,-775.5,736.5,39
18.5754431474276,1012,543,-469,-777.5,740.5,37
18.5776048421963,1012,543,-469,-777.5,740.5,37
18.579766536965,1006,543,-463,-774.5,734.5,40
18.5819282317337,1003,543,-460,-773,731.5,41.5
18.5840899265024,1002,543,-459,-772.5,730.5,42
18.5862516212711,1003,543,-460,-773,731.5,41.5
18.5884133160398,1005,543,-462,-774,733.5,40.5
18.5905750108085,1003,543,-460,-773,731.5,41.5
18.5927367055772,998,543,-455,-770.5,726.5,44
18.5948984003459,994,543,-451,-768.5,722.5,46
18.5970600951146,990,543,-447,-766.5,718.5,48
18.5992217898833,987,543,-444,-765,715.5,49.5
18.601383484652,983,543,-440,-763,711.5,51.5
18.6035451794207,985,543,-442,-764,713.5,50.5
18.6057068741894,987,543,-444,-765,715.5,49.5
18.6078685689581,992,543,-449,-767.5,720.5,47
18.6100302637268,988,542,-446,-765,717,48
18.6121919584955,980,543,-437,-761.5,708.5,53
18.6143536532642,974,543,-431,-758.5,702.5,56
18.6165153480329,971,543,-428,-757,699.5,57.5
18.6186770428016,973,543,-430,-758,701.5,56.5
18.6208387375703,976,543,-433,-759.5,704.5,55
18.623000432339,982,542,-440,-762,711,51
18.6251621271077,988,542,-446,-765,717,48
18.6273238218763,1003,543,-460,-773,731.5,41.5
18.629485516645,1021,543,-478,-782,749.5,32.5
18.6316472114137,1021,543,-478,-782,749.5,32.5
18.6338089061824,1022,543,-479,-782.5,750.5,32
18.6359706009511,1022,543,-479,-782.5,750.5,32
18.6381322957198,1020,543,-477,-781.5,748.5,33
18.6402939904885,1022,543,-479,-782.5,750.5,32
18.6424556852572,1023,543,-480,-783,751.5,31.5
18.6446173800259,1021,543,-478,-782,749.5,32.5
18.6467790747946,1022,543,-479,-782.5,750.5,32
18.6489407695633,1022,543,-479,-782.5,750.5,32
18.651102464332,1021,543,-478,-782,749.5,32.5
18.6532641591007,1022,543,-479,-782.5,750.5,32
18.6554258538694,1022,543,-479,-782.5,750.5,32
18.6575875486381,1023,543,-480,-783,751.5,31.5
18.6597492434068,1022,542,-480,-782,751,31
18.6619109381755,1023,543,-480,-783,751.5,31.5
18.6640726329442,984,543,-441,-763.5,712.5,51
18.6662343277129,953,543,-410,-748,681.5,66.5
18.6683960224816,942,543,-399,-742.5,670.5,72
18.6705577172503,937,543,-394,-740,665.5,74.5
18.672719412019,943,543,-400,-743,671.5,71.5
18.6748811067877,951,543,-408,-747,679.5,67.5
18.6770428015564,957,543,-414,-750,685.5,64.5
18.6792044963251,961,543,-418,-752,689.5,62.5
18.6813661910938,959,543,-416,-751,687.5,63.5
18.6835278858625,958,543,-415,-750.5,686.5,64
18.6856895806312,958,542,-416,-750,687,63
18.6878512753999,961,543,-418,-752,689.5,62.5
18.6900129701686,963,543,-420,-753,691.5,61.5
18.6921746649373,960,542,-418,-751,689,62
18.694336359706,958,542,-416,-750,687,63
18.6964980544747,953,542,-411,-747.5,682,65.5
18.6986597492434,956,543,-413,-749.5,684.5,65
18.7008214440121,955,543,-412,-749,683.5,65.5
18.7029831387808,955,543,-412,-749,683.5,65.5
18.7051448335495,961,543,-418,-752,689.5,62.5
18.7073065283182,964,542,-422,-753,693,60
18.7094682230869,963,543,-420,-753,691.5,61.5
18.7116299178556,963,543,-420,-753,691.5,61.5
18.7137916126243,961,543,-418,-752,689.5,62.5
18.715953307393,958,543,-415,-750.5,686.5,64
18.7181150021617,960,543,-417,-751.5,688.5,63
18.7202766969304,961,543,-418,-752,689.5,62.5
18.7224383916991,961,543,-418,-752,689.5,62.5
18.7246000864678,968,543,-425,-755.5,696.5,59
18.7267617812365,976,543,-433,-759.5,704.5,55
18.7289234760052,978,543,-435,-760.5,706.5,54
18.7310851707739,981,543,-438,-762,709.5,52.5
18.7332468655426,984,543,-441,-763.5,712.5,51
18.7354085603113,988,543,-445,-765.5,716.5,49
18.73757025508,993,543,-450,-768,721.5,46.5
18.7397319498487,995,543,-452,-769,723.5,45.5
18.7418936446174,995,543,-452,-769,723.5,45.5
18.7440553393861,991,543,-448,-767,719.5,47.5
18.7462170341548,990,543,-447,-766.5,718.5,48
18.7483787289235,987,543,-444,-765,715.5,49.5
18.7505404236922,983,543,-440,-763,711.5,51.5
18.7527021184609,987,543,-444,-765,715.5,49.5
18.7548638132296,994,542,-452,-768,723,45
18.7570255079983,1001,543,-458,-772,729.5,42.5
18.759187202767,1013,543,-470,-778,741.5,36.5
18.7613488975357,1019,543,-476,-781,747.5,33.5
18.7635105923044,1021,543,-478,-782,749.5,32.5
18.7656722870731,1023,542,-481,-782.5,752,30.5
18.7678339818418,1020,543,-477,-781.5,748.5,33
18.7699956766105,1019,543,-476,-781,747.5,33.5
18.7721573713792,1013,543,-470,-778,741.5,36.5
18.7743190661479,1002,543,-459,-772.5,730.5,42
18.7764807609166,998,543,-455,-770.5,726.5,44
18.7786424556853,997,543,-454,-770,725.5,44.5
18.780804150454,1000,543,-457,-771.5,728.5,43
18.7829658452227,1008,543,-465,-775.5,736.5,39
18.7851275399914,1015,543,-472,-779,743.5,35.5
18.7872892347601,1021,543,-478,-782,749.5,32.5
18.7894509295288,1021,543,-478,-782,749.5,32.5
18.7916126242974,1020,542,-478,-781,749,32
18.7937743190661,1022,543,-479,-782.5,750.5,32
18.7959360138348,1021,543,-478,-782,749.5,32.5
18.7980977086035,1021,543,-478,-782,749.5,32.5
18.8002594033722,1022,542,-480,-782,751,31
18.8024210981409,1021,543,-478,-782,749.5,32.5
18.8045827929096,1022,543,-479,-782.5,750.5,32
18.8067444876783,1023,543,-480,-783,751.5,31.5
18.808906182447,1023,543,-480,-783,751.5,31.5
18.8110678772157,1021,543,-478,-782,749.5,32.5
18.8132295719844,1019,543,-476,-781,747.5,33.5
18.8153912667531,1021,543,-478,-782,749.5,32.5
18.8175529615218,1023,543,-480,-783,751.5,31.5
18.8197146562905,1023,543,-480,-783,751.5,31.5
18.8218763510592,1021,543,-478,-782,749.5,32.5
18.8240380458279,1022,543,-479,-782.5,750.5,32
18.8261997405966,1023,543,-480,-783,751.5,31.5
18.8283614353653,1022,543,-479,-782.5,750.5,32
18.830523130134,1021,543,-478,-782,749.5,32.5
18.8326848249027,1021,543,-478,-782,749.5,32.5
18.8348465196714,1022,543,-479,-782.5,750.5,32
18.8370082144401,1021,543,-478,-782,749.5,32.5
18.8391699092088,1022,543,-479,-782.5,750.5,32
18.8413316039775,1022,543,-479,-782.5,750.5,32
18.8434932987462,1023,543,-480,-783,751.5,31.5
18.8456549935149,1021,543,-478,-782,749.5,32.5
18.8478166882836,1022,543,-479,-782.5,750.5,32
18.8499783830523,1021,543,-478,-782,749.5,32.5
18.852140077821,1020,543,-477,-781.5,748.5,33
18.8543017725897,1022,543,-479,-782.5,750.5,32
18.8564634673584,1022,543,-479,-782.5,750.5,32
18.8586251621271,1022,543,-479,-782.5,750.5,32
18.8607868568958,1022,543,-479,-782.5,750.5,32
18.8629485516645,1022,543,-479,-782.5,750.5,32
18.8651102464332,1023,542,-481,-782.5,752,30.5
18.8672719412019,1021,543,-478,-782,749.5,32.5
18.8694336359706,1022,543,-479,-782.5,750.5,32
18.8715953307393,1021,543,-478,-782,749.5,32.5
18.873757025508,1021,543,-478,-782,749.5,32.5
18.8759187202767,1022,543,-479,-782.5,750.5,32
18.8780804150454,1022,543,-479,-782.5,750.5,32
18.8802421098141,1023,542,-481,-782.5,752,30.5
18.8824038045828,1020,543,-477,-781.5,748.5,33
18.8845654993515,1022,543,-479,-782.5,750.5,32
18.8867271941202,1022,543,-479,-782.5,750.5,32
18.8888888888889,1022,543,-479,-782.5,750.5,32
18.8910505836576,1021,543,-478,-782,749.5,32.5
18.8932122784263,1021,543,-478,-782,749.5,32.5
18.895373973195,1020,543,-477,-781.5,748.5,33
18.8975356679637,1022,543,-479,-782.5,750.5,32
18.8996973627324,1021,543,-478,-782,749.5,32.5
18.9018590575011,1023,543,-480,-783,751.5,31.5
18.9040207522698,1020,543,-477,-781.5,748.5,33
18.9061824470385,1022,543,-479,-782.5,750.5,32
18.9083441418072,1023,543,-480,-783,751.5,31.5
18.9105058365759,1022,543,-479,-782.5,750.5,32
18.9126675313446,1021,543,-478,-782,749.5,32.5
18.9148292261133,1021,543,-478,-782,749.5,32.5
18.916990920882,1022,543,-479,-782.5,750.5,32
18.9191526156507,1021,543,-478,-782,749.5,32.5
18.9213143104194,1022,542,-480,-782,751,31
18.9234760051881,1020,543,-477,-781.5,748.5,33
18.9256376999568,1022,543,-479,-782.5,750.5,32
18.9277993947255,1021,543,-478,-782,749.5,32.5
18.9299610894942,1022,543,-479,-782.5,750.5,32
18.9321227842629,1020,542,-478,-781,749,32
18.9342844790316,1015,543,-472,-779,743.5,35.5
18.9364461738003,1014,543,-471,-778.5,742.5,36
18.938607868569,1016,543,-473,-779.5,744.5,35
18.9407695633377,1021,543,-478,-782,749.5,32.5
18.9429312581064,1022,543,-479,-782.5,750.5,32
18.9450929528751,1021,543,-478,-782,749.5,32.5
18.9472546476438,1019,543,-476,-781,747.5,33.5
18.9494163424125,1019,543,-476,-781,747.5,33.5
18.9515780371812,1009,543,-466,-776,737.5,38.5
18.9537397319498,1010,543,-467,-776.5,738.5,38
18.9559014267185,1015,543,-472,-779,743.5,35.5
18.9580631214872,1018,543,-475,-780.5,746.5,34
18.9602248162559,1019,543,-476,-781,747.5,33.5
18.9623865110246,1022,542,-480,-782,751,31
18.9645482057933,1022,543,-479,-782.5,750.5,32
18.966709900562,1021,543,-478,-782,749.5,32.5
18.9688715953307,1021,543,-478,-782,749.5,32.5
18.9710332900994,1023,543,-480,-783,751.5,31.5
18.9731949848681,1022,543,-479,-782.5,750.5,32
18.9753566796368,1021,543,-478,-782,749.5,32.5
18.9775183744055,1019,543,-476,-781,747.5,33.5
18.9796800691742,1015,543,-472,-779,743.5,35.5
18.9818417639429,1009,543,-466,-776,737.5,38.5
18.9840034587116,1003,543,-460,-773,731.5,41.5
18.9861651534803,1004,543,-461,-773.5,732.5,41
18.988326848249,1006,543,-463,-774.5,734.5,40
18.9904885430177,1010,543,-467,-776.5,738.5,38
18.9926502377864,1018,543,-475,-780.5,746.5,34
18.9948119325551,1020,543,-477,-781.5,748.5,33
18.9969736273238,1021,543,-478,-782,749.5,32.5
18.9991353220925,1022,543,-479,-782.5,750.5,32
19.0012970168612,1021,543,-478,-782,749.5,32.5
19.0034587116299,1021,543,-478,-782,749.5,32.5
19.0056204063986,1022,543,-479,-782.5,750.5,32
19.0077821011673,1020,543,-477,-781.5,748.5,33
19.009943795936,1023,542,-481,-782.5,752,30.5
19.0121054907047,1016,542,-474,-779,745,34
19.0142671854734,1011,543,-468,-777,739.5,37.5
19.0164288802421,1008,543,-465,-775.5,736.5,39
19.0185905750108,1014,543,-471,-778.5,742.5,36
19.0207522697795,1019,543,-476,-781,747.5,33.5
19.0229139645482,1021,543,-478,-782,749.5,32.5
19.0250756593169,1020,543,-477,-781.5,748.5,33
19.0272373540856,1021,542,-479,-781.5,750,31.5
19.0293990488543,1021,543,-478,-782,749.5,32.5
19.031560743623,1021,543,-478,-782,749.5,32.5
19.0337224383917,1021,543,-478,-782,749.5,32.5
19.0358841331604,1023,543,-480,-783,751.5,31.5
19.0380458279291,1021,543,-478,-782,749.5,32.5
19.0402075226978,1020,543,-477,-781.5,748.5,33
19.0423692174665,1021,543,-478,-782,749.5,32.5
19.0445309122352,1021,543,-478,-782,749.5,32.5
19.0466926070039,1018,543,-475,-780.5,746.5,34
19.0488543017726,1013,543,-470,-778,741.5,36.5
19.0510159965413,1014,543,-471,-778.5,742.5,36
19.05317769131,1023,543,-480,-783,751.5,31.5
19.0553393860787,1019,543,-476,-781,747.5,33.5
19.0575010808474,1023,543,-480,-783,751.5,31.5
19.0596627756161,1021,543,-478,-782,749.5,32.5
19.0618244703848,1021,543,-478,-782,749.5,32.5
19.0639861651535,1022,543,-479,-782.5,750.5,32
19.0661478599222,1021,543,-478,-782,749.5,32.5
19.0683095546909,1023,543,-480,-783,751.5,31.5
19.0704712494596,1020,543,-477,-781.5,748.5,33
19.0726329442283,1022,543,-479,-782.5,750.5,32
19.074794638997,1022,543,-479,-782.5,750.5,32
19.0769563337657,1023,543,-480,-783,751.5,31.5
19.0791180285344,1021,543,-478,-782,749.5,32.5
19.0812797233031,1021,543,-478,-782,749.5,32.5
19.0834414180718,1020,543,-477,-781.5,748.5,33
19.0856031128405,1021,543,-478,-782,749.5,32.5
19.0877648076092,1021,543,-478,-782,749.5,32.5
19.0899265023779,1022,543,-479,-782.5,750.5,32
19.0920881971466,1022,543,-479,-782.5,750.5,32
19.0942498919153,1023,543,-480,-783,751.5,31.5
19.096411586684,1022,543,-479,-782.5,750.5,32
19.0985732814527,1023,543,-480,-783,751.5,31.5
19.1007349762214,1021,543,-478,-782,749.5,32.5
19.1028966709901,1021,543,-478,-782,749.5,32.5
19.1050583657588,1020,543,-477,-781.5,748.5,33
19.1072200605275,1022,543,-479,-782.5,750.5,32
19.1093817552962,1023,542,-481,-782.5,752,30.5
19.1115434500649,1023,543,-480,-783,751.5,31.5
19.1137051448335,1022,543,-479,-782.5,750.5,32
19.1158668396022,1019,543,-476,-781,747.5,33.5
19.1180285343709,1023,543,-480,-783,751.5,31.5
19.1201902291396,1022,543,-479,-782.5,750.5,32
19.1223519239083,1021,543,-478,-782,749.5,32.5
19.124513618677,1020,543,-477,-781.5,748.5,33
19.1266753134457,1020,543,-477,-781.5,748.5,33
19.1288370082144,1021,543,-478,-782,749.5,32.5
19.1309987029831,1022,543,-479,-782.5,750.5,32
19.1331603977518,1021,543,-478,-782,749.5,32.5
19.1353220925205,1022,543,-479,-782.5,750.5,32
19.1374837872892,1021,542,-479,-781.5,750,31.5
19.1396454820579,1021,543,-478,-782,749.5,32.5
19.1418071768266,1021,543,-478,-782,749.5,32.5
19.1439688715953,1022,543,-479,-782.5,750.5,32
19.146130566364,1022,543,-479,-782.5,750.5,32
19.1482922611327,1021,543,-478,-782,749.5,32.5
19.1504539559014,1021,543,-478,-782,749.5,32.5
19.1526156506701,1022,543,-479,-782.5,750.5,32
19.1547773454388,1020,543,-477,-781.5,748.5,33
19.1569390402075,1021,543,-478,-782,749.5,32.5
19.1591007349762,1022,543,-479,-782.5,750.5,32
19.1612624297449,1021,543,-478,-782,749.5,32.5
19.1634241245136,1021,543,-478,-782,749.5,32.5
19.1655858192823,1023,543,-480,-783,751.5,31.5
19.167747514051,1020,543,-477,-781.5,748.5,33
19.1699092088197,1021,543,-478,-782,749.5,32.5
19.1720709035884,1022,543,-479,-782.5,750.5,32
19.1742325983571,1022,543,-479,-782.5,750.5,32
19.1763942931258,1023,542,-481,-782.5,752,30.5
19.1785559878945,1021,543,-478,-782,749.5,32.5
19.1807176826632,1022,543,-479,-782.5,750.5,32
19.1828793774319,1021,543,-478,-782,749.5,32.5
19.1850410722006,1022,543,-479,-782.5,750.5,32
19.1872027669693,1022,543,-479,-782.5,750.5,32
19.189364461738,1022,543,-479,-782.5,750.5,32
19.1915261565067,1020,543,-477,-781.5,748.5,33
19.1936878512754,1022,543,-479,-782.5,750.5,32
19.1958495460441,1022,543,-479,-782.5,750.5,32
19.1980112408128,1021,542,-479,-781.5,750,31.5
19.2001729355815,1022,543,-479,-782.5,750.5,32
19.2023346303502,1021,543,-478,-782,749.5,32.5
19.2044963251189,1022,543,-479,-782.5,750.5,32
19.2066580198876,1022,543,-479,-782.5,750.5,32
19.2088197146563,1022,543,-479,-782.5,750.5,32
19.210981409425,1021,543,-478,-782,749.5,32.5
19.2131431041937,1022,543,-479,-782.5,750.5,32
19.2153047989624,1023,543,-480,-783,751.5,31.5
19.2174664937311,1021,543,-478,-782,749.5,32.5
19.2196281884998,1022,543,-479,-782.5,750.5,32
19.2217898832685,1022,543,-479,-782.5,750.5,32
19.2239515780372,1021,543,-478,-782,749.5,32.5
19.2261132728059,1021,542,-479,-781.5,750,31.5
19.2282749675746,1022,543,-479,-782.5,750.5,32
19.2304366623433,1021,543,-478,-782,749.5,32.5
19.232598357112,1021,543,-478,-782,749.5,32.5
19.2347600518807,1022,543,-479,-782.5,750.5,32
19.2369217466494,1021,543,-478,-782,749.5,32.5
19.2390834414181,1023,542,-481,-782.5,752,30.5
19.2412451361868,1022,543,-479,-782.5,750.5,32
19.2434068309555,1020,543,-477,-781.5,748.5,33
19.2455685257242,1019,543,-476,-781,747.5,33.5
19.2477302204929,1020,543,-477,-781.5,748.5,33
19.2498919152616,1020,543,-477,-781.5,748.5,33
19.2520536100303,1021,543,-478,-782,749.5,32.5
19.254215304799,1022,543,-479,-782.5,750.5,32
19.2563769995677,1021,543,-478,-782,749.5,32.5
19.2585386943364,1021,543,-478,-782,749.5,32.5
19.2607003891051,1022,543,-479,-782.5,750.5,32
19.2628620838738,1021,543,-478,-782,749.5,32.5
19.2650237786425,1019,543,-476,-781,747.5,33.5
19.2671854734112,1015,543,-472,-779,743.5,35.5
19.2693471681799,1008,543,-465,-775.5,736.5,39
19.2715088629486,1006,543,-463,-774.5,734.5,40
19.2736705577172,1010,543,-467,-776.5,738.5,38
19.2758322524859,1006,543,-463,-774.5,734.5,40
19.2779939472546,1010,543,-467,-776.5,738.5,38
19.2801556420233,1011,543,-468,-777,739.5,37.5
19.282317336792,1016,543,-473,-779.5,744.5,35
19.2844790315607,1021,543,-478,-782,749.5,32.5
19.2866407263294,1021,543,-478,-782,749.5,32.5
19.2888024210981,1022,543,-479,-782.5,750.5,32
19.2909641158668,1022,543,-479,-782.5,750.5,32
19.2931258106355,1022,543,-479,-782.5,750.5,32
19.2952875054042,1021,543,-478,-782,749.5,32.5
19.2974492001729,1019,543,-476,-781,747.5,33.5
19.2996108949416,1022,543,-479,-782.5,750.5,32
19.3017725897103,1022,543,-479,-782.5,750.5,32
19.303934284479,1022,543,-479,-782.5,750.5,32
19.3060959792477,1019,543,-476,-781,747.5,33.5
19.3082576740164,1012,543,-469,-777.5,740.5,37
19.3104193687851,1005,543,-462,-774,733.5,40.5
19.3125810635538,1001,543,-458,-772,729.5,42.5
19.3147427583225,994,543,-451,-768.5,722.5,46
19.3169044530912,997,543,-454,-770,725.5,44.5
19.3190661478599,1003,543,-460,-773,731.5,41.5
19.3212278426286,1003,543,-460,-773,731.5,41.5
19.3233895373973,1007,543,-464,-775,735.5,39.5
19.325551232166,1004,543,-461,-773.5,732.5,41
19.3277129269347,998,543,-455,-770.5,726.5,44
19.3298746217034,998,543,-455,-770.5,726.5,44
19.3320363164721,1004,542,-462,-773,733,40
19.3341980112408,1021,543,-478,-782,749.5,32.5
19.3363597060095,1022,542,-480,-782,751,31
19.3385214007782,1022,543,-479,-782.5,750.5,32
19.3406830955469,1021,543,-478,-782,749.5,32.5
19.3428447903156,1023,543,-480,-783,751.5,31.5
19.3450064850843,1022,543,-479,-782.5,750.5,32
19.347168179853,1021,543,-478,-782,749.5,32.5
19.3493298746217,1021,543,-478,-782,749.5,32.5
19.3514915693904,1023,542,-481,-782.5,752,30.5
19.3536532641591,1020,543,-477,-781.5,748.5,33
19.3558149589278,1021,543,-478,-782,749.5,32.5
19.3579766536965,1021,543,-478,-782,749.5,32.5
19.3601383484652,1022,543,-479,-782.5,750.5,32
19.3623000432339,1022,543,-479,-782.5,750.5,32
19.3644617380026,1023,543,-480,-783,751.5,31.5
19.3666234327713,1021,543,-478,-782,749.5,32.5
19.36878512754,1016,543,-473,-779.5,744.5,35
19.3709468223087,979,543,-436,-761,707.5,53.5
19.3731085170774,960,543,-417,-751.5,688.5,63
19.3752702118461,961,543,-418,-752,689.5,62.5
19.3774319066148,971,543,-428,-757,699.5,57.5
19.3795936013835,981,543,-438,-762,709.5,52.5
19.3817552961522,994,543,-451,-768.5,722.5,46
19.3839169909209,1004,542,-462,-773,733,40
19.3860786856896,1013,543,-470,-778,741.5,36.5
19.3882403804583,1014,543,-471,-778.5,742.5,36
19.390402075227,1010,543,-467,-776.5,738.5,38
19.3925637699957,1001,543,-458,-772,729.5,42.5
19.3947254647644,999,543,-456,-771,727.5,43.5
19.3968871595331,998,543,-455,-770.5,726.5,44
19.3990488543018,999,543,-456,-771,727.5,43.5
19.4012105490705,1000,543,-457,-771.5,728.5,43
19.4033722438392,998,543,-455,-770.5,726.5,44
19.4055339386079,1001,543,-458,-772,729.5,42.5
19.4076956333766,1003,543,-460,-773,731.5,41.5
19.4098573281453,1007,543,-464,-775,735.5,39.5
19.412019022914,1010,542,-468,-776,739,37
19.4141807176827,1011,543,-468,-777,739.5,37.5
19.4163424124514,1012,543,-469,-777.5,740.5,37
19.4185041072201,1012,543,-469,-777.5,740.5,37
19.4206658019888,1015,543,-472,-779,743.5,35.5
19.4228274967575,1011,543,-468,-777,739.5,37.5
19.4249891915262,1001,543,-458,-772,729.5,42.5
19.4271508862949,995,543,-452,-769,723.5,45.5
19.4293125810636,995,543,-452,-769,723.5,45.5
19.4314742758323,998,543,-455,-770.5,726.5,44
19.4336359706009,1012,542,-470,-777,741,36
19.4357976653696,1020,543,-477,-781.5,748.5,33
19.4379593601383,1023,543,-480,-783,751.5,31.5
19.440121054907,1021,543,-478,-782,749.5,32.5
19.4422827496757,1023,543,-480,-783,751.5,31.5
19.4444444444444,1021,543,-478,-782,749.5,32.5
19.4466061392131,1023,542,-481,-782.5,752,30.5
19.4487678339818,1021,543,-478,-782,749.5,32.5
19.4509295287505,1018,543,-475,-780.5,746.5,34
19.4530912235192,1019,543,-476,-781,747.5,33.5
19.4552529182879,1020,543,-477,-781.5,748.5,33
19.4574146130566,1021,543,-478,-782,749.5,32.5
19.4595763078253,1021,543,-478,-782,749.5,32.5
19.461738002594,1021,543,-478,-782,749.5,32.5
19.4638996973627,1022,543,-479,-782.5,750.5,32
19.4660613921314,1021,543,-478,-782,749.5,32.5
19.4682230869001,1021,543,-478,-782,749.5,32.5
19.4703847816688,1022,543,-479,-782.5,750.5,32
19.4725464764375,1021,543,-478,-782,749.5,32.5
19.4747081712062,1021,543,-478,-782,749.5,32.5
19.4768698659749,1023,543,-480,-783,751.5,31.5
19.4790315607436,1020,542,-478,-781,749,32
19.4811932555123,1021,543,-478,-782,749.5,32.5
19.483354950281,1021,543,-478,-782,749.5,32.5
19.4855166450497,1022,543,-479,-782.5,750.5,32
19.4876783398184,1023,543,-480,-783,751.5,31.5
19.4898400345871,1019,543,-476,-781,747.5,33.5
19.4920017293558,1021,543,-478,-782,749.5,32.5
19.4941634241245,1021,543,-478,-782,749.5,32.5
19.4963251188932,1022,543,-479,-782.5,750.5,32
19.4984868136619,1022,543,-479,-782.5,750.5,32
19.5006485084306,1023,542,-481,-782.5,752,30.5
19.5028102031993,1021,543,-478,-782,749.5,32.5
19.504971897968,1022,543,-479,-782.5,750.5,32
19.5071335927367,1023,543,-480,-783,751.5,31.5
19.5092952875054,1021,543,-478,-782,749.5,32.5
19.5114569822741,1022,543,-479,-782.5,750.5,32
19.5136186770428,1021,543,-478,-782,749.5,32.5
19.5157803718115,1023,542,-481,-782.5,752,30.5
19.5179420665802,1022,543,-479,-782.5,750.5,32
19.5201037613489,1022,543,-479,-782.5,750.5,32
19.5222654561176,1021,543,-478,-782,749.5,32.5
19.5244271508863,1023,543,-480,-783,751.5,31.5
19.526588845655,1021,543,-478,-782,749.5,32.5
19.5287505404237,1021,543,-478,-782,749.5,32.5
19.5309122351924,1021,543,-478,-782,749.5,32.5
19.5330739299611,1022,543,-479,-782.5,750.5,32
19.5352356247298,1021,543,-478,-782,749.5,32.5
19.5373973194985,1021,543,-478,-782,749.5,32.5
19.5395590142672,1022,543,-479,-782.5,750.5,32
19.5417207090359,1020,543,-477,-781.5,748.5,33
19.5438824038046,1021,543,-478,-782,749.5,32.5
19.5460440985733,1021,542,-479,-781.5,750,31.5
19.548205793342,1022,543,-479,-782.5,750.5,32
19.5503674881107,1022,542,-480,-782,751,31
19.5525291828794,1022,542,-480,-782,751,31
19.5546908776481,1023,543,-480,-783,751.5,31.5
19.5568525724168,1021,543,-478,-782,749.5,32.5
19.5590142671855,1020,543,-477,-781.5,748.5,33
19.5611759619542,1021,543,-478,-782,749.5,32.5
19.5633376567229,1021,543,-478,-782,749.5,32.5
19.5654993514916,1022,543,-479,-782.5,750.5,32
19.5676610462603,1022,543,-479,-782.5,750.5,32
19.569822741029,1022,543,-479,-782.5,750.5,32
19.5719844357977,1020,543,-477,-781.5,748.5,33
19.5741461305664,1020,543,-477,-781.5,748.5,33
19.5763078253351,1023,543,-480,-783,751.5,31.5
19.5784695201038,1021,543,-478,-782,749.5,32.5
19.5806312148725,1023,543,-480,-783,751.5,31.5
19.5827929096412,1021,543,-478,-782,749.5,32.5
19.5849546044099,1021,543,-478,-782,749.5,32.5
19.5871162991786,1020,543,-477,-781.5,748.5,33
19.5892779939473,1022,543,-479,-782.5,750.5,32
19.591439688716,1021,543,-478,-782,749.5,32.5
19.5936013834846,1023,542,-481,-782.5,752,30.5
19.5957630782533,1023,543,-480,-783,751.5,31.5
19.597924773022,1020,543,-477,-781.5,748.5,33
19.6000864677907,1021,543,-478,-782,749.5,32.5
19.6022481625594,1022,543,-479,-782.5,750.5,32
19.6044098573281,1022,543,-479,-782.5,750.5,32
19.6065715520968,1021,543,-478,-782,749.5,32.5
19.6087332468655,1021,543,-478,-782,749.5,32.5
19.6108949416342,1020,543,-477,-781.5,748.5,33
19.6130566364029,1021,543,-478,-782,749.5,32.5
19.6152183311716,1022,543,-479,-782.5,750.5,32
19.6173800259403,1021,543,-478,-782,749.5,32.5
19.619541720709,1022,543,-479,-782.5,750.5,32
19.6217034154777,1021,543,-478,-782,749.5,32.5
19.6238651102464,1021,543,-478,-782,749.5,32.5
19.6260268050151,1021,543,-478,-782,749.5,32.5
19.6281884997838,1022,543,-479,-782.5,750.5,32
19.6303501945525,1022,543,-479,-782.5,750.5,32
19.6325118893212,1022,543,-479,-782.5,750.5,32
19.6346735840899,1023,542,-481,-782.5,752,30.5
19.6368352788586,1019,542,-477,-780.5,748,32.5
19.6389969736273,1020,543,-477,-781.5,748.5,33
19.641158668396,1021,543,-478,-782,749.5,32.5
19.6433203631647,1021,543,-478,-782,749.5,32.5
19.6454820579334,1022,543,-479,-782.5,750.5,32
19.6476437527021,1021,543,-478,-782,749.5,32.5
19.6498054474708,1021,543,-478,-782,749.5,32.5
19.6519671422395,1023,542,-481,-782.5,752,30.5
19.6541288370082,1021,543,-478,-782,749.5,32.5
19.6562905317769,1016,543,-473,-779.5,744.5,35
19.6584522265456,1015,543,-472,-779,743.5,35.5
19.6606139213143,1015,543,-472,-779,743.5,35.5
19.662775616083,1021,543,-478,-782,749.5,32.5
19.6649373108517,1022,543,-479,-782.5,750.5,32
19.6670990056204,1021,543,-478,-782,749.5,32.5
19.6692607003891,1020,543,-477,-781.5,748.5,33
19.6714223951578,1022,543,-479,-782.5,750.5,32
19.6735840899265,1022,543,-479,-782.5,750.5,32
19.6757457846952,1020,543,-477,-781.5,748.5,33
19.6779074794639,1022,543,-479,-782.5,750.5,32
19.6800691742326,1022,543,-479,-782.5,750.5,32
19.6822308690013,1023,543,-480,-783,751.5,31.5
19.68439256377,1022,543,-479,-782.5,750.5,32
19.6865542585387,1022,543,-479,-782.5,750.5,32
19.6887159533074,1021,543,-478,-782,749.5,32.5
19.6908776480761,1021,543,-478,-782,749.5,32.5
19.6930393428448,1022,543,-479,-782.5,750.5,32
19.6952010376135,1021,543,-478,-782,749.5,32.5
19.6973627323822,1021,543,-478,-782,749.5,32.5
19.6995244271509,1015,543,-472,-779,743.5,35.5
19.7016861219196,1012,543,-469,-777.5,740.5,37
19.7038478166883,1012,543,-469,-777.5,740.5,37
19.706009511457,1021,543,-478,-782,749.5,32.5
19.7081712062257,1023,543,-480,-783,751.5,31.5
19.7103329009944,1023,543,-480,-783,751.5,31.5
19.7124945957631,1020,543,-477,-781.5,748.5,33
19.7146562905318,1021,543,-478,-782,749.5,32.5
19.7168179853005,1021,543,-478,-782,749.5,32.5
19.7189796800692,1022,543,-479,-782.5,750.5,32
19.7211413748379,1020,543,-477,-781.5,748.5,33
19.7233030696066,1021,543,-478,-782,749.5,32.5
19.7254647643753,1021,543,-478,-782,749.5,32.5
19.727626459144,1021,543,-478,-782,749.5,32.5
19.7297881539127,1021,543,-478,-782,749.5,32.5
19.7319498486814,1022,543,-479,-782.5,750.5,32
19.7341115434501,1021,543,-478,-782,749.5,32.5
19.7362732382188,1022,543,-479,-782.5,750.5,32
19.7384349329875,1021,543,-478,-782,749.5,32.5
19.7405966277562,1022,543,-479,-782.5,750.5,32
19.7427583225249,1021,543,-478,-782,749.5,32.5
19.7449200172936,1021,543,-478,-782,749.5,32.5
19.7470817120623,1022,543,-479,-782.5,750.5,32
19.749243406831,1021,543,-478,-782,749.5,32.5
19.7514051015997,1021,543,-478,-782,749.5,32.5
19.7535667963684,1021,543,-478,-782,749.5,32.5
19.755728491137,1021,543,-478,-782,749.5,32.5
19.7578901859057,1021,543,-478,-782,749.5,32.5
19.7600518806744,1022,543,-479,-782.5,750.5,32
19.7622135754431,1021,543,-478,-782,749.5,32.5
19.7643752702118,1023,542,-481,-782.5,752,30.5
19.7665369649805,1022,543,-479,-782.5,750.5,32
19.7686986597492,1022,543,-479,-782.5,750.5,32
19.7708603545179,1021,543,-478,-782,749.5,32.5
19.7730220492866,1021,543,-478,-782,749.5,32.5
19.7751837440553,1022,543,-479,-782.5,750.5,32
19.777345438824,1020,543,-477,-781.5,748.5,33
19.7795071335927,1022,543,-479,-782.5,750.5,32
19.7816688283614,1022,543,-479,-782.5,750.5,32
19.7838305231301,1022,543,-479,-782.5,750.5,32
19.7859922178988,1022,542,-480,-782,751,31
19.7881539126675,1021,543,-478,-782,749.5,32.5
19.7903156074362,1016,543,-473,-779.5,744.5,35
19.7924773022049,1018,542,-476,-780,747,33
19.7946389969736,1021,543,-478,-782,749.5,32.5
19.7968006917423,1019,543,-476,-781,747.5,33.5
19.798962386511,1023,543,-480,-783,751.5,31.5
19.8011240812797,1023,543,-480,-783,751.5,31.5
19.8032857760484,1019,543,-476,-781,747.5,33.5
19.8054474708171,1023,543,-480,-783,751.5,31.5
19.8076091655858,1020,542,-478,-781,749,32
19.8097708603545,1023,543,-480,-783,751.5,31.5
19.8119325551232,1022,543,-479,-782.5,750.5,32
19.8140942498919,1021,543,-478,-782,749.5,32.5
19.8162559446606,1023,543,-480,-783,751.5,31.5
19.8184176394293,1020,543,-477,-781.5,748.5,33
19.820579334198,1021,543,-478,-782,749.5,32.5
19.8227410289667,1021,543,-478,-782,749.5,32.5
19.8249027237354,1022,543,-479,-782.5,750.5,32
19.8270644185041,1022,543,-479,-782.5,750.5,32
19.8292261132728,1021,543,-478,-782,749.5,32.5
19.8313878080415,1020,543,-477,-781.5,748.5,33
19.8335495028102,1021,543,-478,-782,749.5,32.5
19.8357111975789,1022,542,-480,-782,751,31
19.8378728923476,1022,543,-479,-782.5,750.5,32
19.8400345871163,1022,543,-479,-782.5,750.5,32
19.842196281885,1023,542,-481,-782.5,752,30.5
19.8443579766537,1022,543,-479,-782.5,750.5,32
19.8465196714224,1022,543,-479,-782.5,750.5,32
19.8486813661911,1022,543,-479,-782.5,750.5,32
19.8508430609598,1022,543,-479,-782.5,750.5,32
19.8530047557285,1022,543,-479,-782.5,750.5,32
19.8551664504972,1020,543,-477,-781.5,748.5,33
19.8573281452659,1022,543,-479,-782.5,750.5,32
19.8594898400346,1022,543,-479,-782.5,750.5,32
19.8616515348033,1023,542,-481,-782.5,752,30.5
19.863813229572,1023,542,-481,-782.5,752,30.5
19.8659749243407,1020,542,-478,-781,749,32
19.8681366191094,1021,543,-478,-782,749.5,32.5
19.8702983138781,1020,543,-477,-781.5,748.5,33
19.8724600086468,1020,543,-477,-781.5,748.5,33
19.8746217034155,1020,543,-477,-781.5,748.5,33
19.8767833981842,1021,543,-478,-782,749.5,32.5
19.8789450929529,1023,543,-480,-783,751.5,31.5
19.8811067877216,1022,543,-479,-782.5,750.5,32
19.8832684824903,1021,543,-478,-782,749.5,32.5
19.885430177259,1022,543,-479,-782.5,750.5,32
19.8875918720277,1021,543,-478,-782,749.5,32.5
19.8897535667964,1021,543,-478,-782,749.5,32.5
19.8919152615651,1022,543,-479,-782.5,750.5,32
19.8940769563338,1021,543,-478,-782,749.5,32.5
19.8962386511025,1023,543,-480,-783,751.5,31.5
19.8984003458712,1022,543,-479,-782.5,750.5,32
19.9005620406399,1021,543,-478,-782,749.5,32.5
19.9027237354086,1021,543,-478,-782,749.5,32.5
19.9048854301773,1023,543,-480,-783,751.5,31.5
19.907047124946,1022,543,-479,-782.5,750.5,32
19.9092088197147,1023,543,-480,-783,751.5,31.5
19.9113705144834,1022,543,-479,-782.5,750.5,32
19.9135322092521,1023,543,-480,-783,751.5,31.5
19.9156939040208,1021,543,-478,-782,749.5,32.5
19.9178555987895,1022,543,-479,-782.5,750.5,32
19.9200172935581,1021,543,-478,-782,749.5,32.5
19.9221789883268,1021,543,-478,-782,749.5,32.5
19.9243406830955,1022,543,-479,-782.5,750.5,32
19.9265023778642,1022,543,-479,-782.5,750.5,32
19.9286640726329,1021,543,-478,-782,749.5,32.5
19.9308257674016,1021,543,-478,-782,749.5,32.5
19.9329874621703,1020,543,-477,-781.5,748.5,33
19.935149156939,1021,543,-478,-782,749.5,32.5
19.9373108517077,1022,543,-479,-782.5,750.5,32
19.9394725464764,1020,543,-477,-781.5,748.5,33
19.9416342412451,1022,543,-479,-782.5,750.5,32
19.9437959360138,1021,543,-478,-782,749.5,32.5
19.9459576307825,1022,543,-479,-782.5,750.5,32
19.9481193255512,1021,543,-478,-782,749.5,32.5
19.9502810203199,1021,543,-478,-782,749.5,32.5
19.9524427150886,1020,543,-477,-781.5,748.5,33
19.9546044098573,1022,543,-479,-782.5,750.5,32
19.956766104626,1021,543,-478,-782,749.5,32.5
19.9589277993947,1021,543,-478,-782,749.5,32.5
19.9610894941634,1022,543,-479,-782.5,750.5,32
19.9632511889321,1021,543,-478,-782,749.5,32.5
19.9654128837008,1023,542,-481,-782.5,752,30.5
19.9675745784695,1022,543,-479,-782.5,750.5,32
19.9697362732382,1020,543,-477,-781.5,748.5,33
19.9718979680069,1022,543,-479,-782.5,750.5,32
19.9740596627756,1022,543,-479,-782.5,750.5,32
19.9762213575443,1022,543,-479,-782.5,750.5,32
19.978383052313,1021,543,-478,-782,749.5,32.5
19.9805447470817,1022,543,-479,-782.5,750.5,32
19.9827064418504,1020,543,-477,-781.5,748.5,33
19.9848681366191,1021,543,-478,-782,749.5,32.5
19.9870298313878,1021,543,-478,-782,749.5,32.5
19.9891915261565,1022,543,-479,-782.5,750.5,32
19.9913532209252,1020,543,-477,-781.5,748.5,33
19.9935149156939,1020,543,-477,-781.5,748.5,33
19.9956766104626,1019,543,-476,-781,747.5,33.5
19.9978383052313,1014,543,-471,-778.5,742.5,36
