t,leadI,leadII,leadIII,aVR,aVL,aVF
0,510,512,2,-511,254,257
0.00215331610680448,509,512,3,-510.5,253,257.5
0.00430663221360896,509,512,3,-510.5,253,257.5
0.00645994832041344,508,508,0,-508,254,254
0.00861326442721792,507,505,-2,-506,254.5,251.5
0.0107665805340224,507,503,-4,-505,255.5,249.5
0.0129198966408269,506,507,1,-506.5,252.5,254
0.0150732127476314,510,505,-5,-507.5,257.5,250
0.0172265288544358,510,507,-3,-508.5,256.5,252
0.0193798449612403,511,508,-3,-509.5,257,252.5
0.0215331610680448,511,508,-3,-509.5,257,252.5
0.0236864771748493,514,506,-8,-510,261,249
0.0258397932816537,515,507,-8,-511,261.5,249.5
0.0279931093884582,518,509,-9,-513.5,263.5,250
0.0301464254952627,521,512,-9,-516.5,265,251.5
0.0322997416020672,519,511,-8,-515,263.5,251.5
0.0344530577088717,517,512,-5,-514.5,261,253.5
0.0366063738156761,517,512,-5,-514.5,261,253.5
0.0387596899224806,515,514,-1,-514.5,258,256.5
0.0409130060292851,512,509,-3,-510.5,257.5,253
0.0430663221360896,512,507,-5,-509.5,258.5,251
0.0452196382428941,513,505,-8,-509,260.5,248.5
0.0473729543496985,511,506,-5,-508.5,258,250.5
0.049526270456503,513,509,-4,-511,258.5,252.5
0.0516795865633075,510,508,-2,-509,256,253
0.053832902670112,510,507,-3,-508.5,256.5,252
0.0559862187769165,507,508,1,-507.5,253,254.5
0.0581395348837209,507,508,1,-507.5,253,254.5
0.0602928509905254,504,501,-3,-502.5,253.5,249
0.0624461670973299,499,498,-1,-498.5,250,248.5
0.0645994832041344,497,497,0,-497,248.5,248.5
0.0667527993109388,497,498,1,-497.5,248,249.5
0.0689061154177433,496,498,2,-497,247,250
0.0710594315245478,494,497,3,-495.5,245.5,250
0.0732127476313523,497,496,-1,-496.5,249,247.5
0.0753660637381568,493,496,3,-494.5,245,249.5
0.0775193798449612,495,495,0,-495,247.5,247.5
0.0796726959517657,494,493,-1,-493.5,247.5,246
0.0818260120585702,490,488,-2,-489,246,243
0.0839793281653747,485,491,6,-488,239.5,248.5
0.0861326442721792,484,489,5,-486.5,239.5,247
0.0882859603789836,484,489,5,-486.5,239.5,247
0.0904392764857881,488,491,3,-489.5,242.5,247
0.0925925925925926,491,492,1,-491.5,245,246.5
0.0947459086993971,494,490,-4,-492,249,243
0.0968992248062016,494,489,-5,-491.5,249.5,242
0.099052540913006,494,488,-6,-491,250,241
0.101205857019811,491,488,-3,-489.5,247,242.5
0.103359173126615,491,489,-2,-490,246.5,243.5
0.105512489233419,490,488,-2,-489,246,243
0.107665805340224,491,489,-2,-490,246.5,243.5
0.109819121447028,490,491,1,-490.5,244.5,246
0.111972437553833,488,487,-1,-487.5,244.5,243
0.114125753660637,487,485,-2,-486,244.5,241.5
0.116279069767442,486,484,-2,-485,244,241
0.118432385874246,483,483,0,-483,241.5,241.5
0.120585701981051,482,482,0,-482,241,241
0.122739018087855,477,481,4,-479,236.5,242.5
0.12489233419466,478,482,4,-480,237,243
0.127045650301464,484,485,1,-484.5,241.5,243
0.129198966408269,488,485,-3,-486.5,245.5,241
0.131352282515073,489,484,-5,-486.5,247,239.5
0.133505598621878,493,486,-7,-489.5,250,239.5
0.135658914728682,502,488,-14,-495,258,237
0.137812230835487,513,495,-18,-504,265.5,238.5
0.139965546942291,528,501,-27,-514.5,277.5,237
0.142118863049096,546,513,-33,-529.5,289.5,240
0.1442721791559,568,526,-42,-547,305,242
0.146425495262705,591,537,-54,-564,322.5,241.5
0.148578811369509,610,549,-61,-579.5,335.5,244
0.150732127476314,624,557,-67,-590.5,345.5,245
0.152885443583118,631,565,-66,-598,348.5,249.5
0.155038759689922,623,570,-53,-596.5,338,258.5
0.157192075796727,609,570,-39,-589.5,324,265.5
0.159345391903531,589,565,-24,-577,306.5,270.5
0.161498708010336,560,555,-5,-557.5,282.5,275
0.16365202411714,536,549,13,-542.5,261.5,281
0.165805340223945,518,537,19,-527.5,249.5,278
0.167958656330749,506,528,22,-517,242,275
0.170111972437554,493,518,25,-505.5,234,271.5
0.172265288544358,485,512,27,-498.5,229,269.5
0.174418604651163,480,508,28,-494,226,268
0.176571920757967,480,506,26,-493,227,266
0.178725236864772,482,506,24,-494,229,265
0.180878552971576,492,508,16,-500,238,262
0.183031869078381,502,508,6,-505,248,257
0.185185185185185,510,510,0,-510,255,255
0.18733850129199,509,508,-1,-508.5,255,253.5
0.189491817398794,508,508,0,-508,254,254
0.191645133505599,504,504,0,-504,252,252
0.193798449612403,500,503,3,-501.5,248.5,253
0.195951765719208,496,503,7,-499.5,244.5,255
0.198105081826012,489,500,11,-494.5,239,255.5
0.200258397932817,489,497,8,-493,240.5,252.5
0.202411714039621,485,495,10,-490,237.5,252.5
0.204565030146425,485,492,7,-488.5,239,249.5
0.20671834625323,490,492,2,-491,244,247
0.208871662360034,492,493,1,-492.5,245.5,247
0.211024978466839,493,494,1,-493.5,246,247.5
0.213178294573643,490,491,1,-490.5,244.5,246
0.215331610680448,490,493,3,-491.5,243.5,248
0.217484926787252,488,491,3,-489.5,242.5,247
0.219638242894057,485,490,5,-487.5,240,247.5
0.221791559000861,485,486,1,-485.5,242,243.5
0.223944875107666,485,485,0,-485,242.5,242.5
0.22609819121447,488,486,-2,-487,245,242
0.228251507321275,487,486,-1,-486.5,244,242.5
0.230404823428079,488,486,-2,-487,245,242
0.232558139534884,490,489,-1,-489.5,245.5,244
0.234711455641688,486,487,1,-486.5,242.5,244
0.236864771748493,487,487,0,-487,243.5,243.5
0.239018087855297,490,486,-4,-488,247,241
0.241171403962102,493,484,-9,-488.5,251,237.5
0.243324720068906,496,487,-9,-491.5,252.5,239
0.245478036175711,499,489,-10,-494,254.5,239.5
0.247631352282515,499,490,-9,-494.5,254,240.5
0.24978466838932,498,491,-7,-494.5,252.5,242
0.251937984496124,498,495,-3,-496.5,250.5,246
0.254091300602929,496,492,-4,-494,250,244
0.256244616709733,497,490,-7,-493.5,252,241.5
0.258397932816538,501,492,-9,-496.5,255,241.5
0.260551248923342,504,490,-14,-497,259,238
0.262704565030146,501,492,-9,-496.5,255,241.5
0.264857881136951,505,495,-10,-500,257.5,242.5
0.267011197243755,506,497,-9,-501.5,257.5,244
0.26916451335056,508,498,-10,-503,259,244
0.271317829457364,510,500,-10,-505,260,245
0.273471145564169,508,499,-9,-503.5,258.5,245
0.275624461670973,504,495,-9,-499.5,256.5,243
0.277777777777778,503,497,-6,-500,254.5,245.5
0.279931093884582,504,495,-9,-499.5,256.5,243
0.282084409991387,504,496,-8,-500,256,244
0.284237726098191,507,498,-9,-502.5,258,244.5
0.286391042204996,507,499,-8,-503,257.5,245.5
0.2885443583118,507,500,-7,-503.5,257,246.5
0.290697674418605,503,498,-5,-500.5,254,246.5
0.292850990525409,504,498,-6,-501,255,246
0.295004306632214,503,498,-5,-500.5,254,246.5
0.297157622739018,508,498,-10,-503,259,244
0.299310938845823,507,499,-8,-503,257.5,245.5
0.301464254952627,505,500,-5,-502.5,255,247.5
0.303617571059432,505,501,-4,-503,254.5,248.5
0.305770887166236,500,499,-1,-499.5,250.5,249
0.30792420327304,500,499,-1,-499.5,250.5,249
0.310077519379845,510,503,-7,-506.5,258.5,248
0.312230835486649,519,505,-14,-512,266.5,245.5
0.314384151593454,524,507,-17,-515.5,270.5,245
0.316537467700258,528,510,-18,-519,273,246
0.318690783807063,528,512,-16,-520,272,248
0.320844099913867,530,514,-16,-522,273,249
0.322997416020672,526,517,-9,-521.5,267.5,254
0.325150732127476,528,517,-11,-522.5,269.5,253
0.327304048234281,529,517,-12,-523,270.5,252.5
0.329457364341085,528,515,-13,-521.5,270.5,251
0.33161068044789,530,516,-14,-523,272,251
0.333763996554694,529,514,-15,-521.5,272,249.5
0.335917312661499,529,518,-11,-523.5,270,253.5
0.338070628768303,528,517,-11,-522.5,269.5,253
0.340223944875108,525,520,-5,-522.5,265,257.5
0.342377260981912,524,518,-6,-521,265,256
0.344530577088717,524,518,-6,-521,265,256
0.346683893195521,525,518,-7,-521.5,266,255.5
0.348837209302326,531,519,-12,-525,271.5,253.5
0.35099052540913,533,521,-12,-527,272.5,254.5
0.353143841515935,539,523,-16,-531,277.5,253.5
0.355297157622739,538,524,-14,-531,276,255
0.357450473729544,533,525,-8,-529,270.5,258.5
0.359603789836348,528,525,-3,-526.5,265.5,261
0.361757105943152,529,524,-5,-526.5,267,259.5
0.363910422049957,524,522,-2,-523,263,260
0.366063738156761,527,522,-5,-524.5,266,258.5
0.368217054263566,526,520,-6,-523,266,257
0.37037037037037,529,523,-6,-526,267.5,258.5
0.372523686477175,531,524,-7,-527.5,269,258.5
0.374677002583979,526,522,-4,-524,265,259
0.376830318690784,525,521,-4,-523,264.5,258.5
0.378983634797588,518,520,2,-519,258,261
0.381136950904393,515,519,4,-517,255.5,261.5
0.383290267011197,521,519,-2,-520,261.5,258.5
0.385443583118002,527,519,-8,-523,267.5,255.5
0.387596899224806,532,520,-12,-526,272,254
0.389750215331611,534,524,-10,-529,272,257
0.391903531438415,532,525,-7,-528.5,269.5,259
0.39405684754522,529,522,-7,-525.5,268,257.5
0.396210163652024,525,522,-3,-523.5,264,259.5
0.398363479758829,520,521,1,-520.5,259.5,261
0.400516795865633,520,518,-2,-519,261,258
0.402670111972438,516,515,-1,-515.5,258.5,257
0.404823428079242,513,512,-1,-512.5,257,255.5
0.406976744186047,510,513,3,-511.5,253.5,258
0.409130060292851,510,512,2,-511,254,257
0.411283376399656,511,512,1,-511.5,255,256.5
0.41343669250646,510,512,2,-511,254,257
0.415590008613264,510,513,3,-511.5,253.5,258
0.417743324720069,511,510,-1,-510.5,256,254.5
0.419896640826873,510,510,0,-510,255,255
0.422049956933678,504,506,2,-505,251,254
0.424203273040482,502,505,3,-503.5,249.5,254
0.426356589147287,498,504,6,-501,246,255
0.428509905254091,493,502,9,-497.5,242,255.5
0.430663221360896,490,499,9,-494.5,240.5,254
0.4328165374677,495,502,7,-498.5,244,254.5
0.434969853574505,498,501,3,-499.5,247.5,252
0.437123169681309,501,500,-1,-500.5,251,249.5
0.439276485788114,504,498,-6,-501,255,246
0.441429801894918,503,499,-4,-501,253.5,247.5
0.443583118001723,500,497,-3,-498.5,251.5,247
0.445736434108527,499,498,-1,-498.5,250,248.5
0.447889750215332,499,498,-1,-498.5,250,248.5
0.450043066322136,496,498,2,-497,247,250
0.452196382428941,497,497,0,-497,248.5,248.5
0.454349698535745,495,495,0,-495,247.5,247.5
0.45650301464255,494,492,-2,-493,248,245
0.458656330749354,495,492,-3,-493.5,249,244.5
0.460809646856158,495,493,-2,-494,248.5,245.5
0.462962962962963,494,493,-1,-493.5,247.5,246
0.465116279069767,493,492,-1,-492.5,247,245.5
0.467269595176572,495,494,-1,-494.5,248,246.5
0.469422911283376,495,494,-1,-494.5,248,246.5
0.471576227390181,497,496,-1,-496.5,249,247.5
0.473729543496985,499,493,-6,-496,252.5,243.5
0.47588285960379,499,493,-6,-496,252.5,243.5
0.478036175710594,500,492,-8,-496,254,242
0.480189491817399,498,495,-3,-496.5,250.5,246
0.482342807924203,496,493,-3,-494.5,249.5,245
0.484496124031008,498,494,-4,-496,251,245
0.486649440137812,503,496,-7,-499.5,255,244.5
0.488802756244617,505,499,-6,-502,255.5,246.5
0.490956072351421,505,498,-7,-501.5,256,245.5
0.493109388458226,505,495,-10,-500,257.5,242.5
0.49526270456503,503,495,-8,-499,255.5,243.5
0.497416020671835,502,496,-6,-499,254,245
0.499569336778639,497,495,-2,-496,249.5,246.5
0.501722652885444,492,492,0,-492,246,246
0.503875968992248,491,493,2,-492,244.5,247.5
0.506029285099053,493,494,1,-493.5,246,247.5
0.508182601205857,493,492,-1,-492.5,247,245.5
0.510335917312661,496,491,-5,-493.5,250.5,243
0.512489233419466,500,492,-8,-496,254,242
0.514642549526271,504,494,-10,-499,257,242
0.516795865633075,504,496,-8,-500,256,244
0.518949181739879,508,499,-9,-503.5,258.5,245
0.521102497846684,508,499,-9,-503.5,258.5,245
0.523255813953488,505,500,-5,-502.5,255,247.5
0.525409130060293,501,497,-4,-499,252.5,246.5
0.527562446167097,498,494,-4,-496,251,245
0.529715762273902,499,495,-4,-497,251.5,245.5
0.531869078380706,499,495,-4,-497,251.5,245.5
0.534022394487511,501,498,-3,-499.5,252,247.5
0.536175710594315,506,499,-7,-502.5,256.5,246
0.53832902670112,508,501,-7,-504.5,257.5,247
0.540482342807924,507,502,-5,-504.5,256,248.5
0.542635658914729,507,502,-5,-504.5,256,248.5
0.544788975021533,509,500,-9,-504.5,259,245.5
0.546942291128338,511,499,-12,-505,261.5,243.5
0.549095607235142,508,500,-8,-504,258,246
0.551248923341947,506,501,-5,-503.5,255.5,248
0.553402239448751,505,501,-4,-503,254.5,248.5
0.555555555555556,502,499,-3,-500.5,252.5,248
0.55770887166236,503,503,0,-503,251.5,251.5
0.559862187769165,509,504,-5,-506.5,257,249.5
0.562015503875969,514,505,-9,-509.5,261.5,248
0.564168819982773,521,505,-16,-513,268.5,244.5
0.566322136089578,522,505,-17,-513.5,269.5,244
0.568475452196382,523,509,-14,-516,268.5,247.5
0.570628768303187,522,509,-13,-515.5,267.5,248
0.572782084409991,520,511,-9,-515.5,264.5,251
0.574935400516796,517,510,-7,-513.5,262,251.5
0.5770887166236,509,508,-1,-508.5,255,253.5
0.579242032730405,503,504,1,-503.5,251,252.5
0.581395348837209,506,504,-2,-505,254,251
0.583548664944014,511,502,-9,-506.5,260,246.5
0.585701981050818,516,507,-9,-511.5,262.5,249
0.587855297157623,517,507,-10,-512,263.5,248.5
0.590008613264427,518,511,-7,-514.5,262.5,252
0.592161929371232,516,510,-6,-513,261,252
0.594315245478036,512,510,-2,-511,257,254
0.596468561584841,511,511,0,-511,255.5,255.5
0.598621877691645,507,504,-3,-505.5,255,250.5
0.60077519379845,503,502,-1,-502.5,252,250.5
0.602928509905254,500,499,-1,-499.5,250.5,249
0.605081826012059,501,500,-1,-500.5,251,249.5
0.607235142118863,500,500,0,-500,250,250
0.609388458225668,497,500,3,-498.5,247,251.5
0.611541774332472,498,500,2,-499,248,251
0.613695090439277,499,501,2,-500,248.5,251.5
0.615848406546081,499,497,-2,-498,250.5,247.5
0.618001722652885,497,495,-2,-496,249.5,246.5
0.62015503875969,488,492,4,-490,242,248
0.622308354866494,490,491,1,-490.5,244.5,246
0.624461670973299,491,491,0,-491,245.5,245.5
0.626614987080103,491,490,-1,-490.5,246,244.5
0.628768303186908,489,492,3,-490.5,243,247.5
0.630921619293712,490,493,3,-491.5,243.5,248
0.633074935400517,487,488,1,-487.5,243,244.5
0.635228251507321,489,487,-2,-488,245.5,242.5
0.637381567614126,490,487,-3,-488.5,246.5,242
0.63953488372093,494,491,-3,-492.5,248.5,244
0.641688199827735,494,489,-5,-491.5,249.5,242
0.643841515934539,488,488,0,-488,244,244
0.645994832041344,487,488,1,-487.5,243,244.5
0.648148148148148,487,489,2,-488,242.5,245.5
0.650301464254953,489,488,-1,-488.5,245,243.5
0.652454780361757,491,485,-6,-488,248.5,239.5
0.654608096468562,489,485,-4,-487,246.5,240.5
0.656761412575366,489,486,-3,-487.5,246,241.5
0.658914728682171,488,486,-2,-487,245,242
0.661068044788975,487,485,-2,-486,244.5,241.5
0.66322136089578,485,484,-1,-484.5,243,241.5
0.665374677002584,483,485,2,-484,240.5,243.5
0.667527993109388,481,483,2,-482,239.5,242.5
0.669681309216193,480,480,0,-480,240,240
0.671834625322997,483,479,-4,-481,243.5,237.5
0.673987941429802,484,478,-6,-481,245,236
0.676141257536606,491,482,-9,-486.5,250,236.5
0.678294573643411,505,489,-16,-497,260.5,236.5
0.680447889750215,526,499,-27,-512.5,276.5,236
0.68260120585702,547,512,-35,-529.5,291,238.5
0.684754521963824,571,526,-45,-548.5,308,240.5
0.686907838070629,597,538,-59,-567.5,328,239.5
0.689061154177433,617,550,-67,-583.5,342,241.5
0.691214470284238,633,562,-71,-597.5,352,245.5
0.693367786391042,638,571,-67,-604.5,352.5,252
0.695521102497847,632,574,-58,-603,345,258
0.697674418604651,620,576,-44,-598,332,266
0.699827734711456,601,572,-29,-586.5,315,271.5
0.70198105081826,579,568,-11,-573.5,295,278.5
0.704134366925065,558,559,1,-558.5,278.5,280
0.706287683031869,533,544,11,-538.5,261,277.5
0.708440999138674,514,532,18,-523,248,275
0.710594315245478,501,528,27,-514.5,237,277.5
0.712747631352283,499,525,26,-512,236.5,275.5
0.714900947459087,496,520,24,-508,236,272
0.717054263565892,499,518,19,-508.5,240,268.5
0.719207579672696,503,519,16,-511,243.5,267.5
0.7213608957795,506,519,13,-512.5,246.5,266
0.723514211886305,512,518,6,-515,253,262
0.725667527993109,514,516,2,-515,256,259
0.727820844099914,509,513,4,-511,252.5,258.5
0.729974160206718,499,508,9,-503.5,245,258.5
0.732127476313523,486,502,16,-494,235,259
0.734280792420327,479,500,21,-489.5,229,260.5
0.736434108527132,480,498,18,-489,231,258
0.738587424633936,488,500,12,-494,238,256
0.740740740740741,491,497,6,-494,242.5,251.5
0.742894056847545,494,496,2,-495,246,249
0.74504737295435,490,494,4,-492,243,249
0.747200689061154,489,493,4,-491,242.5,248.5
0.749354005167959,489,492,3,-490.5,243,247.5
0.751507321274763,492,494,2,-493,245,248
0.753660637381568,489,493,4,-491,242.5,248.5
0.755813953488372,486,492,6,-489,240,249
0.757967269595177,482,488,6,-485,238,247
0.760120585701981,481,485,4,-483,238.5,244.5
0.762273901808786,483,484,1,-483.5,241,242.5
0.76442721791559,486,485,-1,-485.5,243.5,242
0.766580534022395,489,488,-1,-488.5,245,243.5
0.768733850129199,492,487,-5,-489.5,248.5,241
0.770887166236004,491,489,-2,-490,246.5,243.5
0.773040482342808,491,490,-1,-490.5,246,244.5
0.775193798449612,493,489,-4,-491,248.5,242.5
0.777347114556417,492,488,-4,-490,248,242
0.779500430663221,490,487,-3,-488.5,246.5,242
0.781653746770026,492,485,-7,-488.5,249.5,239
0.78380706287683,494,487,-7,-490.5,250.5,240
0.785960378983635,492,490,-2,-491,247,244
0.788113695090439,492,490,-2,-491,247,244
0.790267011197244,489,490,1,-489.5,244,245.5
0.792420327304048,490,488,-2,-489,246,243
0.794573643410853,489,485,-4,-487,246.5,240.5
0.796726959517657,490,486,-4,-488,247,241
0.798880275624462,494,488,-6,-491,250,241
0.801033591731266,498,487,-11,-492.5,254.5,238
0.803186907838071,499,491,-8,-495,253.5,241.5
0.805340223944875,502,492,-10,-497,256,241
0.80749354005168,501,494,-7,-497.5,254,243.5
0.809646856158484,501,495,-6,-498,253.5,244.5
0.811800172265289,499,494,-5,-496.5,252,244.5
0.813953488372093,500,493,-7,-496.5,253.5,243
0.816106804478897,500,489,-11,-494.5,255.5,239
0.818260120585702,499,490,-9,-494.5,254,240.5
0.820413436692507,504,494,-10,-499,257,242
0.822566752799311,503,494,-9,-498.5,256,242.5
0.824720068906115,506,497,-9,-501.5,257.5,244
0.82687338501292,505,499,-6,-502,255.5,246.5
0.829026701119724,507,499,-8,-503,257.5,245.5
0.831180017226529,503,497,-6,-500,254.5,245.5
0.833333333333333,498,494,-4,-496,251,245
0.835486649440138,500,492,-8,-496,254,242
0.837639965546942,504,495,-9,-499.5,256.5,243
0.839793281653747,509,498,-11,-503.5,260,243.5
0.841946597760551,511,500,-11,-505.5,261,244.5
0.844099913867356,515,504,-11,-509.5,263,246.5
0.84625322997416,518,506,-12,-512,265,247
0.848406546080965,519,507,-12,-513,265.5,247.5
0.850559862187769,521,506,-15,-513.5,268,245.5
0.852713178294574,519,506,-13,-512.5,266,246.5
0.854866494401378,516,506,-10,-511,263,248
0.857019810508183,519,508,-11,-513.5,265,248.5
0.859173126614987,521,510,-11,-515.5,266,249.5
0.861326442721792,524,513,-11,-518.5,267.5,251
0.863479758828596,526,515,-11,-520.5,268.5,252
0.865633074935401,526,516,-10,-521,268,253
0.867786391042205,531,516,-15,-523.5,273,250.5
0.869939707149009,529,514,-15,-521.5,272,249.5
0.872093023255814,524,512,-12,-518,268,250
0.874246339362619,522,514,-8,-518,265,253
0.876399655469423,522,514,-8,-518,265,253
0.878552971576227,526,518,-8,-522,267,255
0.880706287683032,529,518,-11,-523.5,270,253.5
0.882859603789836,531,519,-12,-525,271.5,253.5
0.885012919896641,532,520,-12,-526,272,254
0.887166236003445,530,519,-11,-524.5,270.5,254
0.88931955211025,531,518,-13,-524.5,272,252.5
0.891472868217054,529,518,-11,-523.5,270,253.5
0.893626184323859,530,520,-10,-525,270,255
0.895779500430663,529,521,-8,-525,268.5,256.5
0.897932816537468,530,522,-8,-526,269,257
0.900086132644272,530,523,-7,-526.5,268.5,258
0.902239448751077,526,521,-5,-523.5,265.5,258
0.904392764857881,526,520,-6,-523,266,257
0.906546080964686,523,517,-6,-520,264.5,255.5
0.90869939707149,523,517,-6,-520,264.5,255.5
0.910852713178295,525,519,-6,-522,265.5,256.5
0.913006029285099,528,523,-5,-525.5,266.5,259
0.915159345391904,529,522,-7,-525.5,268,257.5
0.917312661498708,529,524,-5,-526.5,267,259.5
0.919465977605513,529,524,-5,-526.5,267,259.5
0.921619293712317,529,523,-6,-526,267.5,258.5
0.923772609819121,526,518,-8,-522,267,255
0.925925925925926,526,518,-8,-522,267,255
0.92807924203273,527,521,-6,-524,266.5,257.5
0.930232558139535,526,521,-5,-523.5,265.5,258
0.932385874246339,525,522,-3,-523.5,264,259.5
0.934539190353144,522,520,-2,-521,262,259
0.936692506459948,523,521,-2,-522,262.5,259.5
0.938845822566753,518,516,-2,-517,260,257
0.940999138673557,514,513,-1,-513.5,257.5,256
0.943152454780362,511,511,0,-511,255.5,255.5
0.945305770887166,511,511,0,-511,255.5,255.5
0.947459086993971,510,510,0,-510,255,255
0.949612403100775,510,511,1,-510.5,254.5,256
0.95176571920758,506,510,4,-508,251,257
0.953919035314384,508,510,2,-509,253,256
0.956072351421189,509,508,-1,-508.5,255,253.5
0.958225667527993,509,507,-2,-508,255.5,252.5
0.960378983634798,509,507,-2,-508,255.5,252.5
0.962532299741602,509,507,-2,-508,255.5,252.5
0.964685615848407,508,507,-1,-507.5,254.5,253
0.966838931955211,507,507,0,-507,253.5,253.5
0.968992248062016,506,506,0,-506,253,253
0.97114556416882,502,506,4,-504,249,255
0.973298880275625,495,505,10,-500,242.5,257.5
0.975452196382429,495,498,3,-496.5,246,250.5
0.977605512489233,489,495,6,-492,241.5,250.5
0.979758828596038,491,494,3,-492.5,244,248.5
0.981912144702842,491,497,6,-494,242.5,251.5
0.984065460809647,496,497,1,-496.5,247.5,249
0.986218776916451,495,495,0,-495,247.5,247.5
0.988372093023256,495,495,0,-495,247.5,247.5
0.99052540913006,496,497,1,-496.5,247.5,249
0.992678725236865,499,494,-5,-496.5,252,244.5
0.994832041343669,503,494,-9,-498.5,256,242.5
0.996985357450474,500,491,-9,-495.5,254.5,241
0.999138673557278,497,496,-1,-496.5,249,247.5
1.00129198966408,494,493,-1,-493.5,247.5,246
1.00344530577089,497,495,-2,-496,249.5,246.5
1.00559862187769,497,494,-3,-495.5,250,245.5
1.0077519379845,498,495,-3,-496.5,250.5,246
1.0099052540913,500,496,-4,-498,252,246
1.01205857019811,501,493,-8,-497,254.5,242.5
1.01421188630491,502,494,-8,-498,255,243
1.01636520241171,502,494,-8,-498,255,243
1.01851851851852,503,497,-6,-500,254.5,245.5
1.02067183462532,504,497,-7,-500.5,255.5,245
1.02282515073213,498,496,-2,-497,250,247
1.02497846683893,496,496,0,-496,248,248
1.02713178294574,491,496,5,-493.5,243,250.5
1.02928509905254,489,491,2,-490,243.5,246.5
1.03143841515935,488,489,1,-488.5,243.5,245
1.03359173126615,496,490,-6,-493,251,242
1.03574504737295,502,496,-6,-499,254,245
1.03789836347976,505,496,-9,-500.5,257,243.5
1.04005167958656,509,499,-10,-504,259.5,244.5
1.04220499569337,506,499,-7,-502.5,256.5,246
1.04435831180017,502,498,-4,-500,253,247
1.04651162790698,503,497,-6,-500,254.5,245.5
1.04866494401378,501,494,-7,-497.5,254,243.5
1.05081826012059,500,492,-8,-496,254,242
1.05297157622739,500,496,-4,-498,252,246
1.05512489233419,501,496,-5,-498.5,253,245.5
1.057278208441,499,495,-4,-497,251.5,245.5
1.0594315245478,503,499,-4,-501,253.5,247.5
1.06158484065461,506,500,-6,-503,256,247
1.06373815676141,510,499,-11,-504.5,260.5,244
1.06589147286822,511,501,-10,-506,260.5,245.5
1.06804478897502,508,498,-10,-503,259,244
1.07019810508183,505,498,-7,-501.5,256,245.5
1.07235142118863,505,500,-5,-502.5,255,247.5
1.07450473729544,509,502,-7,-505.5,258,247.5
1.07665805340224,510,503,-7,-506.5,258.5,248
1.07881136950904,508,503,-5,-505.5,256.5,249
1.08096468561585,508,503,-5,-505.5,256.5,249
1.08311800172265,508,501,-7,-504.5,257.5,247
1.08527131782946,506,499,-7,-502.5,256.5,246
1.08742463393626,510,501,-9,-505.5,259.5,246
1.08957795004307,512,503,-9,-507.5,260.5,247
1.09173126614987,514,506,-8,-510,261,249
1.09388458225668,516,507,-9,-511.5,262.5,249
1.09603789836348,521,511,-10,-516,265.5,250.5
1.09819121447028,524,514,-10,-519,267,252
1.10034453057709,525,511,-14,-518,269.5,248.5
1.10249784668389,524,509,-15,-516.5,269.5,247
1.1046511627907,524,509,-15,-516.5,269.5,247
1.1068044788975,522,513,-9,-517.5,265.5,252
1.10895779500431,521,511,-10,-516,265.5,250.5
1.11111111111111,519,512,-7,-515.5,263,252.5
1.11326442721792,512,511,-1,-511.5,256.5,255
1.11541774332472,512,512,0,-512,256,256
1.11757105943152,511,508,-3,-509.5,257,252.5
1.11972437553833,510,506,-4,-508,257,251
1.12187769164513,508,505,-3,-506.5,255.5,251
1.12403100775194,509,505,-4,-507,256.5,250.5
1.12618432385874,508,506,-2,-507,255,252
1.12833763996555,510,508,-2,-509,256,253
1.13049095607235,514,509,-5,-511.5,259.5,252
1.13264427217916,513,511,-2,-512,257.5,254.5
1.13479758828596,510,509,-1,-509.5,255.5,254
1.13695090439276,508,505,-3,-506.5,255.5,251
1.13910422049957,504,503,-1,-503.5,252.5,251
1.14125753660637,501,502,1,-501.5,250,251.5
1.14341085271318,495,499,4,-497,245.5,251.5
1.14556416881998,495,499,4,-497,245.5,251.5
1.14771748492679,493,496,3,-494.5,245,249.5
1.14987080103359,493,498,5,-495.5,244,251.5
1.1520241171404,494,496,2,-495,246,249
1.1541774332472,493,493,0,-493,246.5,246.5
1.15633074935401,494,491,-3,-492.5,248.5,244
1.15848406546081,496,493,-3,-494.5,249.5,245
1.16063738156761,497,493,-4,-495,250.5,244.5
1.16279069767442,498,494,-4,-496,251,245
1.16494401378122,498,495,-3,-496.5,250.5,246
1.16709732988803,496,496,0,-496,248,248
1.16925064599483,494,494,0,-494,247,247
1.17140396210164,494,492,-2,-493,248,245
1.17355727820844,496,493,-3,-494.5,249.5,245
1.17571059431525,495,490,-5,-492.5,250,242.5
1.17786391042205,490,488,-2,-489,246,243
1.18001722652885,490,490,0,-490,245,245
1.18217054263566,486,489,3,-487.5,241.5,246
1.18432385874246,486,487,1,-486.5,242.5,244
1.18647717484927,487,490,3,-488.5,242,246.5
1.18863049095607,490,489,-1,-489.5,245.5,244
1.19078380706288,488,486,-2,-487,245,242
1.19293712316968,485,481,-4,-483,244.5,238.5
1.19509043927649,480,479,-1,-479.5,240.5,239
1.19724375538329,481,482,1,-481.5,240,241.5
1.19939707149009,483,483,0,-483,241.5,241.5
1.2015503875969,485,484,-1,-484.5,243,241.5
1.2037037037037,490,487,-3,-488.5,246.5,242
1.20585701981051,487,486,-1,-486.5,244,242.5
1.20801033591731,491,484,-7,-487.5,249,238.5
1.21016365202412,500,485,-15,-492.5,257.5,235
1.21231696813092,510,492,-18,-501,264,237
1.21447028423773,528,499,-29,-513.5,278.5,235
1.21662360034453,547,511,-36,-529,291.5,237.5
1.21877691645134,568,523,-45,-545.5,306.5,239
1.22093023255814,590,537,-53,-563.5,321.5,242
1.22308354866494,613,550,-63,-581.5,338,243.5
1.22523686477175,634,564,-70,-599,352,247
1.22739018087855,645,574,-71,-609.5,358,251.5
1.22954349698536,647,580,-67,-613.5,357,256.5
1.23169681309216,637,581,-56,-609,346.5,262.5
1.23385012919897,615,581,-34,-598,324.5,273.5
1.23600344530577,588,573,-15,-580.5,301.5,279
1.23815676141258,561,563,2,-562,279.5,282.5
1.24031007751938,531,550,19,-540.5,256,284.5
1.24246339362618,504,536,32,-520,236,284
1.24461670973299,491,526,35,-508.5,228,280.5
1.24677002583979,486,519,33,-502.5,226.5,276
1.2489233419466,493,518,25,-505.5,234,271.5
1.2510766580534,498,518,20,-508,239,269
1.25322997416021,502,518,16,-510,243,267
1.25538329026701,507,520,13,-513.5,247,266.5
1.25753660637382,507,516,9,-511.5,249,262.5
1.25968992248062,510,517,7,-513.5,251.5,262
1.26184323858742,509,513,4,-511,252.5,258.5
1.26399655469423,506,508,2,-507,252,255
1.26614987080103,500,507,7,-503.5,246.5,257
1.26830318690784,498,503,5,-500.5,246.5,254
1.27045650301464,495,503,8,-499,243.5,255.5
1.27260981912145,489,501,12,-495,238.5,256.5
1.27476313522825,487,498,11,-492.5,238,254.5
1.27691645133506,487,497,10,-492,238.5,253.5
1.27906976744186,488,495,7,-491.5,240.5,251
1.28122308354867,489,493,4,-491,242.5,248.5
1.28337639965547,490,493,3,-491.5,243.5,248
1.28552971576227,486,490,4,-488,241,247
1.28768303186908,483,489,6,-486,238.5,247.5
1.28983634797588,484,490,6,-487,239,248
1.29198966408269,482,490,8,-486,237,249
1.29414298018949,486,489,3,-487.5,241.5,246
1.2962962962963,485,489,4,-487,240.5,246.5
1.2984496124031,489,488,-1,-488.5,245,243.5
1.30060292850991,491,489,-2,-490,246.5,243.5
1.30275624461671,488,487,-1,-487.5,244.5,243
1.30490956072351,488,487,-1,-487.5,244.5,243
1.30706287683032,486,486,0,-486,243,243
1.30921619293712,487,486,-1,-486.5,244,242.5
1.31136950904393,486,486,0,-486,243,243
1.31352282515073,487,487,0,-487,243.5,243.5
1.31567614125754,494,488,-6,-491,250,241
1.31782945736434,497,489,-8,-493,252.5,240.5
1.31998277347115,498,487,-11,-492.5,254.5,238
1.32213608957795,498,490,-8,-494,253,241
1.32428940568475,496,491,-5,-493.5,250.5,243
1.32644272179156,491,491,0,-491,245.5,245.5
1.32859603789836,492,489,-3,-490.5,247.5,243
1.33074935400517,495,491,-4,-493,249.5,243.5
1.33290267011197,499,492,-7,-495.5,253,242.5
1.33505598621878,502,493,-9,-497.5,255.5,242
1.33720930232558,502,492,-10,-497,256,241
1.33936261843239,502,491,-11,-496.5,256.5,240
1.34151593453919,497,491,-6,-494,251.5,242.5
1.34366925064599,496,493,-3,-494.5,249.5,245
1.3458225667528,496,492,-4,-494,250,244
1.3479758828596,498,494,-4,-496,251,245
1.35012919896641,501,495,-6,-498,253.5,244.5
1.35228251507321,504,496,-8,-500,256,244
1.35443583118002,507,495,-12,-501,259.5,241.5
1.35658914728682,508,496,-12,-502,260,242
1.35874246339363,506,497,-9,-501.5,257.5,244
1.36089577950043,507,498,-9,-502.5,258,244.5
1.36304909560724,510,501,-9,-505.5,259.5,246
1.36520241171404,515,504,-11,-509.5,263,246.5
1.36735572782084,510,504,-6,-507,258,249
1.36950904392765,511,502,-9,-506.5,260,246.5
1.37166236003445,508,499,-9,-503.5,258.5,245
1.37381567614126,507,498,-9,-502.5,258,244.5
1.37596899224806,507,500,-7,-503.5,257,246.5
1.37812230835487,506,499,-7,-502.5,256.5,246
1.38027562446167,509,503,-6,-506,257.5,248.5
1.38242894056848,511,504,-7,-507.5,259,248.5
1.38458225667528,513,504,-9,-508.5,261,247.5
1.38673557278208,515,505,-10,-510,262.5,247.5
1.38888888888889,513,505,-8,-509,260.5,248.5
1.39104220499569,518,504,-14,-511,266,245
1.3931955211025,521,504,-17,-512.5,269,243.5
1.3953488372093,523,509,-14,-516,268.5,247.5
1.39750215331611,525,512,-13,-518.5,269,249.5
1.39965546942291,526,515,-11,-520.5,268.5,252
1.40180878552972,525,514,-11,-519.5,268,251.5
1.40396210163652,522,513,-9,-517.5,265.5,252
1.40611541774332,525,514,-11,-519.5,268,251.5
1.40826873385013,524,513,-11,-518.5,267.5,251
1.41042204995693,526,513,-13,-519.5,269.5,250
1.41257536606374,529,516,-13,-522.5,271,251.5
1.41472868217054,528,518,-10,-523,269,254
1.41688199827735,528,519,-9,-523.5,268.5,255
1.41903531438415,531,521,-10,-526,270.5,255.5
1.42118863049096,537,524,-13,-530.5,275,255.5
1.42334194659776,538,526,-12,-532,275,257
1.42549526270457,540,522,-18,-531,279,252
1.42764857881137,537,524,-13,-530.5,275,255.5
1.42980189491817,536,524,-12,-530,274,256
1.43195521102498,533,527,-6,-530,269.5,260.5
1.43410852713178,531,524,-7,-527.5,269,258.5
1.43626184323859,531,525,-6,-528,268.5,259.5
1.43841515934539,534,526,-8,-530,271,259
1.4405684754522,532,525,-7,-528.5,269.5,259
1.442721791559,532,524,-8,-528,270,258
1.44487510766581,529,522,-7,-525.5,268,257.5
1.44702842377261,527,521,-6,-524,266.5,257.5
1.44918173987941,528,522,-6,-525,267,258
1.45133505598622,527,523,-4,-525,265.5,259.5
1.45348837209302,524,523,-1,-523.5,262.5,261
1.45564168819983,522,522,0,-522,261,261
1.45779500430663,527,523,-4,-525,265.5,259.5
1.45994832041344,530,524,-6,-527,268,259
1.46210163652024,529,521,-8,-525,268.5,256.5
1.46425495262705,528,523,-5,-525.5,266.5,259
1.46640826873385,529,524,-5,-526.5,267,259.5
1.46856158484065,526,522,-4,-524,265,259
1.47071490094746,527,523,-4,-525,265.5,259.5
1.47286821705426,524,522,-2,-523,263,260
1.47502153316107,522,523,1,-522.5,260.5,262
1.47717484926787,516,519,3,-517.5,256.5,261
1.47932816537468,512,514,2,-513,255,258
1.48148148148148,507,510,3,-508.5,252,256.5
1.48363479758829,504,510,6,-507,249,258
1.48578811369509,503,510,7,-506.5,248,258.5
1.48794142980189,501,505,4,-503,248.5,254.5
1.4900947459087,502,506,4,-504,249,255
1.4922480620155,500,506,6,-503,247,256
1.49440137812231,498,503,5,-500.5,246.5,254
1.49655469422911,499,499,0,-499,249.5,249.5
1.49870801033592,497,498,1,-497.5,248,249.5
1.50086132644272,502,500,-2,-501,252,249
1.50301464254953,504,503,-1,-503.5,252.5,251
1.50516795865633,506,505,-1,-505.5,253.5,252
1.50732127476314,509,505,-4,-507,256.5,250.5
1.50947459086994,507,504,-3,-505.5,255,250.5
1.51162790697674,505,503,-2,-504,253.5,250.5
1.51378122308355,499,498,-1,-498.5,250,248.5
1.51593453919035,497,496,-1,-496.5,249,247.5
1.51808785529716,494,494,0,-494,247,247
1.52024117140396,495,496,1,-495.5,247,248.5
1.52239448751077,495,495,0,-495,247.5,247.5
1.52454780361757,495,496,1,-495.5,247,248.5
1.52670111972438,497,497,0,-497,248.5,248.5
1.52885443583118,497,500,3,-498.5,247,251.5
1.53100775193798,498,497,-1,-497.5,249.5,248
1.53316106804479,498,494,-4,-496,251,245
1.53531438415159,498,493,-5,-495.5,251.5,244
1.5374677002584,498,496,-2,-497,250,247
1.5396210163652,499,495,-4,-497,251.5,245.5
1.54177433247201,501,494,-7,-497.5,254,243.5
1.54392764857881,501,497,-4,-499,252.5,246.5
1.54608096468562,502,499,-3,-500.5,252.5,248
1.54823428079242,500,497,-3,-498.5,251.5,247
1.55038759689922,500,494,-6,-497,253,244
1.55254091300603,498,494,-4,-496,251,245
1.55469422911283,501,492,-9,-496.5,255,241.5
1.55684754521964,501,496,-5,-498.5,253,245.5
1.55900086132644,501,497,-4,-499,252.5,246.5
1.56115417743325,495,495,0,-495,247.5,247.5
1.56330749354005,494,495,1,-494.5,246.5,248
1.56546080964686,494,495,1,-494.5,246.5,248
1.56761412575366,495,492,-3,-493.5,249,244.5
1.56976744186047,494,492,-2,-493,248,245
1.57192075796727,500,493,-7,-496.5,253.5,243
1.57407407407407,501,495,-6,-498,253.5,244.5
1.57622739018088,501,495,-6,-498,253.5,244.5
1.57838070628768,497,493,-4,-495,250.5,244.5
1.58053402239449,496,495,-1,-495.5,248.5,247
1.58268733850129,494,494,0,-494,247,247
1.5848406546081,495,492,-3,-493.5,249,244.5
1.5869939707149,497,491,-6,-494,251.5,242.5
1.58914728682171,500,492,-8,-496,254,242
1.59130060292851,504,496,-8,-500,256,244
1.59345391903531,508,497,-11,-502.5,259.5,243
1.59560723514212,510,499,-11,-504.5,260.5,244
1.59776055124892,512,501,-11,-506.5,261.5,245
1.59991386735573,510,503,-7,-506.5,258.5,248
1.60206718346253,509,501,-8,-505,258.5,246.5
1.60422049956934,507,498,-9,-502.5,258,244.5
1.60637381567614,506,498,-8,-502,257,245
1.60852713178295,510,501,-9,-505.5,259.5,246
1.61068044788975,511,501,-10,-506,260.5,245.5
1.61283376399655,513,503,-10,-508,261.5,246.5
1.61498708010336,514,504,-10,-509,262,247
1.61714039621016,514,508,-6,-511,260,251
1.61929371231697,513,506,-7,-509.5,260,249.5
1.62144702842377,511,503,-8,-507,259.5,247.5
1.62360034453058,512,503,-9,-507.5,260.5,247
1.62575366063738,511,502,-9,-506.5,260,246.5
1.62790697674419,511,503,-8,-507,259.5,247.5
1.63006029285099,513,506,-7,-509.5,260,249.5
1.63221360895779,510,507,-3,-508.5,256.5,252
1.6343669250646,514,508,-6,-511,260,251
1.6365202411714,516,509,-7,-512.5,261.5,251
1.63867355727821,518,510,-8,-514,263,251
1.64082687338501,522,508,-14,-515,268,247
1.64298018949182,521,508,-13,-514.5,267,247.5
1.64513350559862,521,512,-9,-516.5,265,251.5
1.64728682170543,519,511,-8,-515,263.5,251.5
1.64944013781223,515,508,-7,-511.5,261,250.5
1.65159345391904,514,510,-4,-512,259,253
1.65374677002584,513,510,-3,-511.5,258,253.5
1.65590008613264,514,508,-6,-511,260,251
1.65805340223945,507,505,-2,-506,254.5,251.5
1.66020671834625,507,503,-4,-505,255.5,249.5
1.66236003445306,506,503,-3,-504.5,254.5,250
1.66451335055986,514,507,-7,-510.5,260.5,250
1.66666666666667,514,508,-6,-511,260,251
1.66881998277347,511,507,-4,-509,257.5,251.5
1.67097329888028,508,507,-1,-507.5,254.5,253
1.67312661498708,508,506,-2,-507,255,252
1.67527993109388,508,504,-4,-506,256,250
1.67743324720069,507,503,-4,-505,255.5,249.5
1.67958656330749,504,504,0,-504,252,252
1.6817398794143,503,503,0,-503,251.5,251.5
1.6838931955211,502,503,1,-502.5,250.5,252
1.68604651162791,501,502,1,-501.5,250,251.5
1.68819982773471,499,503,4,-501,247.5,253.5
1.69035314384152,498,502,4,-500,247,253
1.69250645994832,493,497,4,-495,244.5,250.5
1.69465977605512,490,493,3,-491.5,243.5,248
1.69681309216193,486,492,6,-489,240,249
1.69896640826873,488,490,2,-489,243,246
1.70111972437554,490,491,1,-490.5,244.5,246
1.70327304048234,495,493,-2,-494,248.5,245.5
1.70542635658915,494,495,1,-494.5,246.5,248
1.70757967269595,494,494,0,-494,247,247
1.70973298880276,494,492,-2,-493,248,245
1.71188630490956,491,488,-3,-489.5,247,242.5
1.71403962101637,490,487,-3,-488.5,246.5,242
1.71619293712317,489,488,-1,-488.5,245,243.5
1.71834625322997,489,487,-2,-488,245.5,242.5
1.72049956933678,488,486,-2,-487,245,242
1.72265288544358,491,490,-1,-490.5,246,244.5
1.72480620155039,489,488,-1,-488.5,245,243.5
1.72695951765719,490,489,-1,-489.5,245.5,244
1.729112833764,490,487,-3,-488.5,246.5,242
1.7312661498708,488,485,-3,-486.5,245.5,241
1.73341946597761,487,484,-3,-485.5,245,240.5
1.73557278208441,488,485,-3,-486.5,245.5,241
1.73772609819121,486,485,-1,-485.5,243.5,242
1.73987941429802,487,486,-1,-486.5,244,242.5
1.74203273040482,482,486,4,-484,239,245
1.74418604651163,484,485,1,-484.5,241.5,243
1.74633936261843,489,484,-5,-486.5,247,239.5
1.74849267872524,497,486,-11,-491.5,254,237.5
1.75064599483204,503,487,-16,-495,259.5,235.5
1.75279931093885,514,494,-20,-504,267,237
1.75495262704565,530,503,-27,-516.5,278.5,238
1.75710594315245,553,516,-37,-534.5,295,239.5
1.75925925925926,578,531,-47,-554.5,312.5,242
1.76141257536606,603,543,-60,-573,331.5,241.5
1.76356589147287,626,558,-68,-592,347,245
1.76571920757967,639,567,-72,-603,355.5,247.5
1.76787252368648,639,575,-64,-607,351.5,255.5
1.77002583979328,622,574,-48,-598,335,263
1.77217915590009,605,570,-35,-587.5,320,267.5
1.77433247200689,579,564,-15,-571.5,297,274.5
1.7764857881137,556,556,0,-556,278,278
1.7786391042205,536,548,12,-542,262,280
1.7807924203273,516,536,20,-526,248,278
1.78294573643411,501,527,26,-514,237.5,276.5
1.78509905254091,490,519,29,-504.5,230.5,274
1.78725236864772,490,514,24,-502,233,269
1.78940568475452,489,512,23,-500.5,233,267.5
1.79155900086133,493,512,19,-502.5,237,265.5
1.79371231696813,499,515,16,-507,241.5,265.5
1.79586563307494,503,513,10,-508,246.5,261.5
1.79801894918174,504,512,8,-508,248,260
1.80017226528854,505,512,7,-508.5,249,259.5
1.80232558139535,505,507,2,-506,251.5,254.5
1.80447889750215,504,504,0,-504,252,252
1.80663221360896,501,505,4,-503,248.5,254.5
1.80878552971576,497,504,7,-500.5,245,255.5
1.81093884582257,494,501,7,-497.5,243.5,254
1.81309216192937,494,500,6,-497,244,253
1.81524547803618,489,498,9,-493.5,240,253.5
1.81739879414298,489,496,7,-492.5,241,251.5
1.81955211024978,490,491,1,-490.5,244.5,246
1.82170542635659,490,491,1,-490.5,244.5,246
1.82385874246339,489,490,1,-489.5,244,245.5
1.8260120585702,494,493,-1,-493.5,247.5,246
1.828165374677,494,492,-2,-493,248,245
1.83031869078381,495,496,1,-495.5,247,248.5
1.83247200689061,492,493,1,-492.5,245.5,247
1.83462532299742,488,491,3,-489.5,242.5,247
1.83677863910422,483,487,4,-485,239.5,245.5
1.83893195521103,486,487,1,-486.5,242.5,244
1.84108527131783,488,487,-1,-487.5,244.5,243
1.84323858742463,491,489,-2,-490,246.5,243.5
1.84539190353144,491,487,-4,-489,247.5,241.5
1.84754521963824,494,492,-2,-493,248,245
1.84969853574505,497,494,-3,-495.5,250,245.5
1.85185185185185,498,492,-6,-495,252,243
1.85400516795866,498,492,-6,-495,252,243
1.85615848406546,494,491,-3,-492.5,248.5,244
1.85831180017227,494,488,-6,-491,250,241
1.86046511627907,491,490,-1,-490.5,246,244.5
1.86261843238587,491,489,-2,-490,246.5,243.5
1.86477174849268,495,493,-2,-494,248.5,245.5
1.86692506459948,499,494,-5,-496.5,252,244.5
1.86907838070629,499,494,-5,-496.5,252,244.5
1.87123169681309,497,493,-4,-495,250.5,244.5
1.8733850129199,497,490,-7,-493.5,252,241.5
1.8755383290267,497,487,-10,-492,253.5,238.5
1.87769164513351,499,492,-7,-495.5,253,242.5
1.87984496124031,502,493,-9,-497.5,255.5,242
1.88199827734711,503,498,-5,-500.5,254,246.5
1.88415159345392,506,497,-9,-501.5,257.5,244
1.88630490956072,504,498,-6,-501,255,246
1.88845822566753,506,500,-6,-503,256,247
1.89061154177433,508,497,-11,-502.5,259.5,243
1.89276485788114,506,496,-10,-501,258,243
1.89491817398794,503,495,-8,-499,255.5,243.5
1.89707149009475,502,496,-6,-499,254,245
1.89922480620155,503,497,-6,-500,254.5,245.5
1.90137812230836,505,499,-6,-502,255.5,246.5
1.90353143841516,508,502,-6,-505,257,248
1.90568475452196,508,501,-7,-504.5,257.5,247
1.90783807062877,509,502,-7,-505.5,258,247.5
1.90999138673557,504,500,-4,-502,254,248
1.91214470284238,508,500,-8,-504,258,246
1.91429801894918,511,502,-9,-506.5,260,246.5
1.91645133505599,513,504,-9,-508.5,261,247.5
1.91860465116279,516,506,-10,-511,263,248
1.9207579672696,513,505,-8,-509,260.5,248.5
1.9229112833764,516,508,-8,-512,262,250
1.9250645994832,513,505,-8,-509,260.5,248.5
1.92721791559001,510,503,-7,-506.5,258.5,248
1.92937123169681,506,498,-8,-502,257,245
1.93152454780362,504,499,-5,-501.5,254.5,247
1.93367786391042,507,502,-5,-504.5,256,248.5
1.93583118001723,516,507,-9,-511.5,262.5,249
1.93798449612403,520,507,-13,-513.5,266.5,247
1.94013781223084,518,509,-9,-513.5,263.5,250
1.94229112833764,514,507,-7,-510.5,260.5,250
1.94444444444444,517,507,-10,-512,263.5,248.5
1.94659776055125,522,508,-14,-515,268,247
1.94875107665805,524,510,-14,-517,269,248
1.95090439276486,529,514,-15,-521.5,272,249.5
1.95305770887166,531,517,-14,-524,272.5,251.5
1.95521102497847,533,518,-15,-525.5,274,251.5
1.95736434108527,537,522,-15,-529.5,276,253.5
1.95951765719208,539,524,-15,-531.5,277,254.5
1.96167097329888,539,525,-14,-532,276.5,255.5
1.96382428940568,537,522,-15,-529.5,276,253.5
1.96597760551249,538,523,-15,-530.5,276.5,254
1.96813092161929,535,524,-11,-529.5,273,256.5
1.9702842377261,531,525,-6,-528,268.5,259.5
1.9724375538329,529,523,-6,-526,267.5,258.5
1.97459086993971,529,524,-5,-526.5,267,259.5
1.97674418604651,527,524,-3,-525.5,265,260.5
1.97889750215332,529,524,-5,-526.5,267,259.5
1.98105081826012,531,522,-9,-526.5,270,256.5
1.98320413436693,527,520,-7,-523.5,267,256.5
1.98535745047373,531,522,-9,-526.5,270,256.5
1.98751076658053,531,524,-7,-527.5,269,258.5
1.98966408268734,535,527,-8,-531,271.5,259.5
1.99181739879414,537,527,-10,-532,273.5,258.5
1.99397071490095,535,527,-8,-531,271.5,259.5
1.99612403100775,532,526,-6,-529,269,260
1.99827734711456,529,525,-4,-527,266.5,260.5
2.00043066322136,529,521,-8,-525,268.5,256.5
2.00258397932817,526,522,-4,-524,265,259
2.00473729543497,527,522,-5,-524.5,266,258.5
2.00689061154177,530,525,-5,-527.5,267.5,260
2.00904392764858,528,523,-5,-525.5,266.5,259
2.01119724375538,524,525,1,-524.5,261.5,263
2.01335055986219,521,522,1,-521.5,260,261.5
2.01550387596899,522,521,-1,-521.5,261.5,260
2.0176571920758,521,518,-3,-519.5,262,257.5
2.0198105081826,519,516,-3,-517.5,261,256.5
2.02196382428941,510,514,4,-512,253,259
2.02411714039621,508,515,7,-511.5,250.5,261
2.02627045650301,506,511,5,-508.5,250.5,258
2.02842377260982,504,511,7,-507.5,248.5,259
2.03057708871662,505,510,5,-507.5,250,257.5
2.03273040482343,504,509,5,-506.5,249.5,257
2.03488372093023,504,505,1,-504.5,251.5,253
2.03703703703704,506,504,-2,-505,254,251
2.03919035314384,508,504,-4,-506,256,250
2.04134366925065,506,505,-1,-505.5,253.5,252
2.04349698535745,503,503,0,-503,251.5,251.5
2.04565030146426,497,502,5,-499.5,246,253.5
2.04780361757106,495,501,6,-498,244.5,253.5
2.04995693367786,496,501,5,-498.5,245.5,253
2.05211024978467,499,500,1,-499.5,249,250.5
2.05426356589147,504,498,-6,-501,255,246
2.05641688199828,501,497,-4,-499,252.5,246.5
2.05857019810508,503,500,-3,-501.5,253,248.5
2.06072351421189,500,501,1,-500.5,249.5,251
2.06287683031869,499,499,0,-499,249.5,249.5
2.0650301464255,495,499,4,-497,245.5,251.5
2.0671834625323,496,497,1,-496.5,247.5,249
2.0693367786391,497,494,-3,-495.5,250,245.5
2.07149009474591,494,493,-1,-493.5,247.5,246
2.07364341085271,494,494,0,-494,247,247
2.07579672695952,498,496,-2,-497,250,247
2.07795004306632,499,497,-2,-498,250.5,247.5
2.08010335917313,499,497,-2,-498,250.5,247.5
2.08225667527993,497,497,0,-497,248.5,248.5
2.08440999138674,498,499,1,-498.5,248.5,250
2.08656330749354,496,495,-1,-495.5,248.5,247
2.08871662360034,497,493,-4,-495,250.5,244.5
2.09086993970715,499,492,-7,-495.5,253,242.5
2.09302325581395,499,492,-7,-495.5,253,242.5
2.09517657192076,500,494,-6,-497,253,244
2.09732988802756,497,496,-1,-496.5,249,247.5
2.09948320413437,495,496,1,-495.5,247,248.5
2.10163652024117,497,496,-1,-496.5,249,247.5
2.10378983634798,495,493,-2,-494,248.5,245.5
2.10594315245478,494,491,-3,-492.5,248.5,244
2.10809646856158,494,490,-4,-492,249,243
2.11024978466839,497,492,-5,-494.5,251,243.5
2.11240310077519,497,494,-3,-495.5,250,245.5
2.114556416882,498,492,-6,-495,252,243
2.1167097329888,499,493,-6,-496,252.5,243.5
2.11886304909561,501,496,-5,-498.5,253,245.5
2.12101636520241,500,497,-3,-498.5,251.5,247
2.12316968130922,498,495,-3,-496.5,250.5,246
2.12532299741602,498,494,-4,-496,251,245
2.12747631352283,501,494,-7,-497.5,254,243.5
2.12962962962963,502,496,-6,-499,254,245
2.13178294573643,502,496,-6,-499,254,245
2.13393626184324,504,498,-6,-501,255,246
2.13608957795004,502,500,-2,-501,252,249
2.13824289405685,502,499,-3,-500.5,252.5,248
2.14039621016365,500,497,-3,-498.5,251.5,247
2.14254952627046,497,493,-4,-495,250.5,244.5
2.14470284237726,497,493,-4,-495,250.5,244.5
2.14685615848407,495,491,-4,-493,249.5,243.5
2.14900947459087,496,494,-2,-495,249,246
2.15116279069767,495,493,-2,-494,248.5,245.5
2.15331610680448,493,492,-1,-492.5,247,245.5
2.15546942291128,497,496,-1,-496.5,249,247.5
2.15762273901809,500,497,-3,-498.5,251.5,247
2.15977605512489,503,495,-8,-499,255.5,243.5
2.1619293712317,504,495,-9,-499.5,256.5,243
2.1640826873385,504,495,-9,-499.5,256.5,243
2.16623600344531,502,496,-6,-499,254,245
2.16838931955211,502,496,-6,-499,254,245
2.17054263565892,502,498,-4,-500,253,247
2.17269595176572,497,498,1,-497.5,248,249.5
2.17484926787252,499,495,-4,-497,251.5,245.5
2.17700258397933,501,496,-5,-498.5,253,245.5
2.17915590008613,507,497,-10,-502,258.5,243.5
2.18130921619294,512,497,-15,-504.5,263.5,241
2.18346253229974,515,502,-13,-508.5,264,244.5
2.18561584840655,518,505,-13,-511.5,265.5,246
2.18776916451335,518,505,-13,-511.5,265.5,246
2.18992248062015,515,508,-7,-511.5,261,250.5
2.19207579672696,515,509,-6,-512,260.5,251.5
2.19422911283376,517,509,-8,-513,262.5,250.5
2.19638242894057,515,506,-9,-510.5,262,248.5
2.19853574504737,518,507,-11,-512.5,264.5,248
2.20068906115418,515,507,-8,-511,261.5,249.5
2.20284237726098,516,508,-8,-512,262,250
2.20499569336779,514,508,-6,-511,260,251
2.20714900947459,519,510,-9,-514.5,264,250.5
2.2093023255814,518,511,-7,-514.5,262.5,252
2.2114556416882,518,512,-6,-515,262,253
2.213608957795,515,508,-7,-511.5,261,250.5
2.21576227390181,516,507,-9,-511.5,262.5,249
2.21791559000861,514,506,-8,-510,261,249
2.22006890611542,513,507,-6,-510,259.5,250.5
2.22222222222222,516,510,-6,-513,261,252
2.22437553832903,514,512,-2,-513,258,255
2.22652885443583,517,510,-7,-513.5,262,251.5
2.22868217054264,512,509,-3,-510.5,257.5,253
2.23083548664944,505,506,1,-505.5,252,253.5
2.23298880275624,499,502,3,-500.5,248,252.5
2.23514211886305,496,499,3,-497.5,246.5,251
2.23729543496985,491,497,6,-494,242.5,251.5
2.23944875107666,490,498,8,-494,241,253
2.24160206718346,489,496,7,-492.5,241,251.5
2.24375538329027,490,496,6,-493,242,251
2.24590869939707,486,494,8,-490,239,251
2.24806201550388,482,490,8,-486,237,249
2.25021533161068,480,487,7,-483.5,236.5,247
2.25236864771749,482,487,5,-484.5,238.5,246
2.25452196382429,486,486,0,-486,243,243
2.25667527993109,491,490,-1,-490.5,246,244.5
2.2588285960379,497,493,-4,-495,250.5,244.5
2.2609819121447,494,493,-1,-493.5,247.5,246
2.26313522825151,493,490,-3,-491.5,248,243.5
2.26528854435831,488,489,1,-488.5,243.5,245
2.26744186046512,481,484,3,-482.5,239,243.5
2.26959517657192,481,483,2,-482,239.5,242.5
2.27174849267873,484,483,-1,-483.5,242.5,241
2.27390180878553,489,485,-4,-487,246.5,240.5
2.27605512489233,491,486,-5,-488.5,248,240.5
2.27820844099914,490,488,-2,-489,246,243
2.28036175710594,490,485,-5,-487.5,247.5,240
2.28251507321275,484,485,1,-484.5,241.5,243
2.28466838931955,487,484,-3,-485.5,245,240.5
2.28682170542636,488,486,-2,-487,245,242
2.28897502153316,485,481,-4,-483,244.5,238.5
2.29112833763997,482,480,-2,-481,242,239
2.29328165374677,481,481,0,-481,240.5,240.5
2.29543496985357,482,484,2,-483,240,243
2.29758828596038,482,481,-1,-481.5,241.5,240
2.29974160206718,485,483,-2,-484,243.5,240.5
2.30189491817399,486,482,-4,-484,245,239
2.30404823428079,488,483,-5,-485.5,246.5,239
2.3062015503876,490,482,-8,-486,249,237
2.3083548664944,499,486,-13,-492.5,256,236.5
2.31050818260121,512,494,-18,-503,265,238
2.31266149870801,531,503,-28,-517,279.5,237.5
2.31481481481481,550,513,-37,-531.5,293.5,238
2.31696813092162,568,524,-44,-546,306,240
2.31912144702842,590,537,-53,-563.5,321.5,242
2.32127476313523,609,548,-61,-578.5,335,243.5
2.32342807924203,620,556,-64,-588,342,246
2.32558139534884,623,562,-61,-592.5,342,250.5
2.32773471145564,614,565,-49,-589.5,331.5,258
2.32988802756245,599,564,-35,-581.5,317,264.5
2.33204134366925,578,560,-18,-569,298,271
2.33419465977606,557,552,-5,-554.5,281,273.5
2.33634797588286,538,544,6,-541,266,275
2.33850129198966,521,536,15,-528.5,253,275.5
2.34065460809647,502,523,21,-512.5,240.5,272
2.34280792420327,483,513,30,-498,226.5,271.5
2.34496124031008,476,508,32,-492,222,270
2.34711455641688,478,507,29,-492.5,224.5,268
2.34926787252369,483,507,24,-495,229.5,265.5
2.35142118863049,493,506,13,-499.5,240,259.5
2.3535745047373,501,510,9,-505.5,246,259.5
2.3557278208441,507,511,4,-509,251.5,257.5
2.3578811369509,510,509,-1,-509.5,255.5,254
2.36003445305771,508,507,-1,-507.5,254.5,253
2.36218776916451,503,504,1,-503.5,251,252.5
2.36434108527132,498,502,4,-500,247,253
2.36649440137812,493,499,6,-496,243.5,252.5
2.36864771748493,489,497,8,-493,240.5,252.5
2.37080103359173,487,496,9,-491.5,239,252.5
2.37295434969854,488,493,5,-490.5,241.5,249
2.37510766580534,486,493,7,-489.5,239.5,250
2.37726098191214,482,488,6,-485,238,247
2.37941429801895,480,485,5,-482.5,237.5,245
2.38156761412575,482,486,4,-484,239,245
2.38372093023256,482,488,6,-485,238,247
2.38587424633936,484,488,4,-486,240,246
2.38802756244617,488,488,0,-488,244,244
2.39018087855297,489,490,1,-489.5,244,245.5
2.39233419465978,488,488,0,-488,244,244
2.39448751076658,490,485,-5,-487.5,247.5,240
2.39664082687338,489,483,-6,-486,247.5,238.5
2.39879414298019,490,486,-4,-488,247,241
2.40094745908699,490,489,-1,-489.5,245.5,244
2.4031007751938,487,486,-1,-486.5,244,242.5
2.4052540913006,487,486,-1,-486.5,244,242.5
2.40740740740741,490,488,-2,-489,246,243
2.40956072351421,494,488,-6,-491,250,241
2.41171403962102,495,485,-10,-490,252.5,237.5
2.41386735572782,495,487,-8,-491,251.5,239.5
2.41602067183463,494,487,-7,-490.5,250.5,240
2.41817398794143,498,490,-8,-494,253,241
2.42032730404823,497,492,-5,-494.5,251,243.5
2.42248062015504,495,488,-7,-491.5,251,240.5
2.42463393626184,495,491,-4,-493,249.5,243.5
2.42678725236865,498,492,-6,-495,252,243
2.42894056847545,500,492,-8,-496,254,242
2.43109388458226,499,490,-9,-494.5,254,240.5
2.43324720068906,499,493,-6,-496,252.5,243.5
2.43540051679587,502,494,-8,-498,255,243
2.43755383290267,505,495,-10,-500,257.5,242.5
2.43970714900947,509,497,-12,-503,260.5,242.5
2.44186046511628,508,499,-9,-503.5,258.5,245
2.44401378122308,503,498,-5,-500.5,254,246.5
2.44616709732989,502,497,-5,-499.5,253.5,246
2.44832041343669,500,493,-7,-496.5,253.5,243
2.4504737295435,499,492,-7,-495.5,253,242.5
2.4526270456503,497,493,-4,-495,250.5,244.5
2.45478036175711,502,498,-4,-500,253,247
2.45693367786391,507,498,-9,-502.5,258,244.5
2.45908699397072,510,502,-8,-506,259,247
2.46124031007752,508,502,-6,-505,257,248
2.46339362618432,507,502,-5,-504.5,256,248.5
2.46554694229113,504,497,-7,-500.5,255.5,245
2.46770025839793,508,498,-10,-503,259,244
2.46985357450474,507,500,-7,-503.5,257,246.5
2.47200689061154,508,503,-5,-505.5,256.5,249
2.47416020671835,505,499,-6,-502,255.5,246.5
2.47631352282515,507,500,-7,-503.5,257,246.5
2.47846683893196,514,505,-9,-509.5,261.5,248
2.48062015503876,518,507,-11,-512.5,264.5,248
2.48277347114556,520,508,-12,-514,266,248
2.48492678725237,525,508,-17,-516.5,271,245.5
2.48708010335917,524,508,-16,-516,270,246
2.48923341946598,520,509,-11,-514.5,265.5,249
2.49138673557278,517,509,-8,-513,262.5,250.5
2.49354005167959,519,510,-9,-514.5,264,250.5
2.49569336778639,519,511,-8,-515,263.5,251.5
2.4978466838932,524,513,-11,-518.5,267.5,251
2.5,528,516,-12,-522,270,252
2.5021533161068,531,516,-15,-523.5,273,250.5
2.50430663221361,534,516,-18,-525,276,249
2.50645994832041,532,519,-13,-525.5,272.5,253
2.50861326442722,533,522,-11,-527.5,272,255.5
2.51076658053402,534,521,-13,-527.5,273.5,254
2.51291989664083,530,523,-7,-526.5,268.5,258
2.51507321274763,528,522,-6,-525,267,258
2.51722652885444,525,521,-4,-523,264.5,258.5
2.51937984496124,523,516,-7,-519.5,265,254.5
2.52153316106804,523,516,-7,-519.5,265,254.5
2.52368647717485,527,518,-9,-522.5,268,254.5
2.52583979328165,528,519,-9,-523.5,268.5,255
2.52799310938846,534,523,-11,-528.5,272.5,256
2.53014642549526,539,525,-14,-532,276.5,255.5
2.53229974160207,537,526,-11,-531.5,274,257.5
2.53445305770887,533,526,-7,-529.5,270,259.5
2.53660637381568,533,524,-9,-528.5,271,257.5
2.53875968992248,535,523,-12,-529,273.5,255.5
2.54091300602929,537,525,-12,-531,274.5,256.5
2.54306632213609,536,527,-9,-531.5,272.5,259
2.54521963824289,532,525,-7,-528.5,269.5,259
2.5473729543497,527,526,-1,-526.5,264,262.5
2.5495262704565,530,527,-3,-528.5,266.5,262
2.55167958656331,529,527,-2,-528,265.5,262.5
2.55383290267011,531,525,-6,-528,268.5,259.5
2.55598621877692,527,522,-5,-524.5,266,258.5
2.55813953488372,528,523,-5,-525.5,266.5,259
2.56029285099053,528,525,-3,-526.5,265.5,261
2.56244616709733,529,525,-4,-527,266.5,260.5
2.56459948320413,526,523,-3,-524.5,264.5,260
2.56675279931094,526,524,-2,-525,264,261
2.56890611541774,521,524,3,-522.5,259,263.5
2.57105943152455,520,520,0,-520,260,260
2.57321274763135,518,515,-3,-516.5,260.5,256
2.57536606373816,515,514,-1,-514.5,258,256.5
2.57751937984496,511,515,4,-513,253.5,259.5
2.57967269595177,508,513,5,-510.5,251.5,259
2.58182601205857,504,510,6,-507,249,258
2.58397932816537,505,512,7,-508.5,249,259.5
2.58613264427218,512,513,1,-512.5,255.5,257
2.58828596037898,515,515,0,-515,257.5,257.5
2.59043927648579,517,511,-6,-514,261.5,252.5
2.59259259259259,514,510,-4,-512,259,253
2.5947459086994,510,506,-4,-508,257,251
2.5968992248062,503,504,1,-503.5,251,252.5
2.59905254091301,500,503,3,-501.5,248.5,253
2.60120585701981,498,503,5,-500.5,246.5,254
2.60335917312662,498,504,6,-501,246,255
2.60551248923342,501,506,5,-503.5,248,255.5
2.60766580534022,501,501,0,-501,250.5,250.5
2.60981912144703,503,501,-2,-502,252.5,249.5
2.61197243755383,503,499,-4,-501,253.5,247.5
2.61412575366064,505,502,-3,-503.5,254,249.5
2.61627906976744,503,501,-2,-502,252.5,249.5
2.61843238587425,501,501,0,-501,250.5,250.5
2.62058570198105,500,500,0,-500,250,250
2.62273901808786,501,503,2,-502,249.5,252.5
2.62489233419466,502,500,-2,-501,252,249
2.62704565030146,500,495,-5,-497.5,252.5,245
2.62919896640827,495,495,0,-495,247.5,247.5
2.63135228251507,493,494,1,-493.5,246,247.5
2.63350559862188,491,493,2,-492,244.5,247.5
2.63565891472868,491,493,2,-492,244.5,247.5
2.63781223083549,490,492,2,-491,244,247
2.63996554694229,495,495,0,-495,247.5,247.5
2.6421188630491,499,495,-4,-497,251.5,245.5
2.6442721791559,499,493,-6,-496,252.5,243.5
2.6464254952627,502,494,-8,-498,255,243
2.64857881136951,500,493,-7,-496.5,253.5,243
2.65073212747631,499,494,-5,-496.5,252,244.5
2.65288544358312,495,496,1,-495.5,247,248.5
2.65503875968992,494,494,0,-494,247,247
2.65719207579673,496,495,-1,-495.5,248.5,247
2.65934539190353,496,493,-3,-494.5,249.5,245
2.66149870801034,498,494,-4,-496,251,245
2.66365202411714,495,490,-5,-492.5,250,242.5
2.66580534022395,494,490,-4,-492,249,243
2.66795865633075,494,493,-1,-493.5,247.5,246
2.67011197243755,499,493,-6,-496,252.5,243.5
2.67226528854436,500,494,-6,-497,253,244
2.67441860465116,502,497,-5,-499.5,253.5,246
2.67657192075797,503,500,-3,-501.5,253,248.5
2.67872523686477,501,496,-5,-498.5,253,245.5
2.68087855297158,500,494,-6,-497,253,244
2.68303186907838,500,494,-6,-497,253,244
2.68518518518519,499,494,-5,-496.5,252,244.5
2.68733850129199,497,495,-2,-496,249.5,246.5
2.68949181739879,497,494,-3,-495.5,250,245.5
2.6916451335056,500,496,-4,-498,252,246
2.6937984496124,500,498,-2,-499,251,248
2.69595176571921,499,496,-3,-497.5,251,246.5
2.69810508182601,495,492,-3,-493.5,249,244.5
2.70025839793282,497,492,-5,-494.5,251,243.5
2.70241171403962,497,491,-6,-494,251.5,242.5
2.70456503014643,493,490,-3,-491.5,248,243.5
2.70671834625323,494,491,-3,-492.5,248.5,244
2.70887166236003,490,491,1,-490.5,244.5,246
2.71102497846684,488,491,3,-489.5,242.5,247
2.71317829457364,491,491,0,-491,245.5,245.5
2.71533161068045,495,491,-4,-493,249.5,243.5
2.71748492678725,503,492,-11,-497.5,257,240.5
2.71963824289406,504,492,-12,-498,258,240
2.72179155900086,503,495,-8,-499,255.5,243.5
2.72394487510767,501,496,-5,-498.5,253,245.5
2.72609819121447,502,497,-5,-499.5,253.5,246
2.72825150732127,505,499,-6,-502,255.5,246.5
2.73040482342808,503,499,-4,-501,253.5,247.5
2.73255813953488,505,498,-7,-501.5,256,245.5
2.73471145564169,511,498,-13,-504.5,262,242.5
2.73686477174849,509,498,-11,-503.5,260,243.5
2.7390180878553,510,498,-12,-504,261,243
2.7411714039621,512,502,-10,-507,261,246
2.74332472006891,511,502,-9,-506.5,260,246.5
2.74547803617571,509,502,-7,-505.5,258,247.5
2.74763135228252,509,503,-6,-506,257.5,248.5
2.74978466838932,508,503,-5,-505.5,256.5,249
2.75193798449612,511,502,-9,-506.5,260,246.5
2.75409130060293,513,505,-8,-509,260.5,248.5
2.75624461670973,518,503,-15,-510.5,266.5,244
2.75839793281654,522,506,-16,-514,269,245
2.76055124892334,522,510,-12,-516,267,249
2.76270456503015,519,509,-10,-514,264.5,249.5
2.76485788113695,519,512,-7,-515.5,263,252.5
2.76701119724376,517,510,-7,-513.5,262,251.5
2.76916451335056,517,510,-7,-513.5,262,251.5
2.77131782945736,516,509,-7,-512.5,261.5,251
2.77347114556417,518,507,-11,-512.5,264.5,248
2.77562446167097,518,509,-9,-513.5,263.5,250
2.77777777777778,520,512,-8,-516,264,252
2.77993109388458,518,511,-7,-514.5,262.5,252
2.78208440999139,515,513,-2,-514,258.5,255.5
2.78423772609819,514,511,-3,-512.5,258.5,254
2.786391042205,513,510,-3,-511.5,258,253.5
2.7885443583118,512,508,-4,-510,258,252
2.7906976744186,511,507,-4,-509,257.5,251.5
2.79285099052541,507,505,-2,-506,254.5,251.5
2.79500430663221,503,505,2,-504,250.5,253.5
2.79715762273902,501,504,3,-502.5,249,253.5
2.79931093884582,500,503,3,-501.5,248.5,253
2.80146425495263,501,503,2,-502,249.5,252.5
2.80361757105943,501,502,1,-501.5,250,251.5
2.80577088716624,500,499,-1,-499.5,250.5,249
2.80792420327304,498,497,-1,-497.5,249.5,248
2.81007751937985,496,493,-3,-494.5,249.5,245
2.81223083548665,495,494,-1,-494.5,248,246.5
2.81438415159345,492,493,1,-492.5,245.5,247
2.81653746770026,491,495,4,-493,243.5,249.5
2.81869078380706,488,492,4,-490,242,248
2.82084409991387,489,491,2,-490,243.5,246.5
2.82299741602067,495,493,-2,-494,248.5,245.5
2.82515073212748,499,495,-4,-497,251.5,245.5
2.82730404823428,501,493,-8,-497,254.5,242.5
2.82945736434109,501,494,-7,-497.5,254,243.5
2.83161068044789,498,494,-4,-496,251,245
2.83376399655469,495,495,0,-495,247.5,247.5
2.8359173126615,492,493,1,-492.5,245.5,247
2.8380706287683,487,491,4,-489,241.5,247.5
2.84022394487511,487,490,3,-488.5,242,246.5
2.84237726098191,489,489,0,-489,244.5,244.5
2.84453057708872,487,484,-3,-485.5,245,240.5
2.84668389319552,484,484,0,-484,242,242
2.84883720930233,487,486,-1,-486.5,244,242.5
2.85099052540913,488,486,-2,-487,245,242
2.85314384151593,491,489,-2,-490,246.5,243.5
2.85529715762274,492,489,-3,-490.5,247.5,243
2.85745047372954,489,487,-2,-488,245.5,242.5
2.85960378983635,488,484,-4,-486,246,240
2.86175710594315,484,481,-3,-482.5,243.5,239
2.86391042204996,487,481,-6,-484,246.5,237.5
2.86606373815676,484,481,-3,-482.5,243.5,239
2.86821705426357,482,481,-1,-481.5,241.5,240
2.87037037037037,481,485,4,-483,238.5,244.5
2.87252368647717,491,485,-6,-488,248.5,239.5
2.87467700258398,499,489,-10,-494,254.5,239.5
2.87683031869078,510,493,-17,-501.5,263.5,238
2.87898363479759,525,501,-24,-513,274.5,238.5
2.88113695090439,545,508,-37,-526.5,291,235.5
2.8832902670112,571,522,-49,-546.5,310,236.5
2.885443583118,593,536,-57,-564.5,325,239.5
2.88759689922481,614,551,-63,-582.5,338.5,244
2.88975021533161,628,561,-67,-594.5,347.5,247
2.89190353143842,628,569,-59,-598.5,343.5,255
2.89405684754522,617,569,-48,-593,332.5,260.5
2.89621016365202,605,566,-39,-585.5,322,263.5
2.89836347975883,584,559,-25,-571.5,304.5,267
2.90051679586563,558,551,-7,-554.5,282.5,272
2.90267011197244,535,543,8,-539,263.5,275.5
2.90482342807924,511,533,22,-522,244.5,277.5
2.90697674418605,495,522,27,-508.5,234,274.5
2.90913006029285,481,516,35,-498.5,223,275.5
2.91128337639966,477,509,32,-493,222.5,270.5
2.91343669250646,475,503,28,-489,223.5,265.5
2.91559000861326,477,499,22,-488,227.5,260.5
2.91774332472007,480,496,16,-488,232,256
2.91989664082687,488,499,11,-493.5,238.5,255
2.92204995693368,496,501,5,-498.5,245.5,253
2.92420327304048,503,503,0,-503,251.5,251.5
2.92635658914729,505,503,-2,-504,253.5,250.5
2.92850990525409,502,502,0,-502,251,251
2.9306632213609,499,501,2,-500,248.5,251.5
2.9328165374677,492,497,5,-494.5,243.5,251
2.93496985357451,490,492,2,-491,244,247
2.93712316968131,490,492,2,-491,244,247
2.93927648578811,486,492,6,-489,240,249
2.94142980189492,491,493,2,-492,244.5,247.5
2.94358311800172,493,492,-1,-492.5,247,245.5
2.94573643410853,494,494,0,-494,247,247
2.94788975021533,491,492,1,-491.5,245,246.5
2.95004306632214,488,488,0,-488,244,244
2.95219638242894,485,488,3,-486.5,241,245.5
2.95434969853575,485,487,2,-486,241.5,244.5
2.95650301464255,490,488,-2,-489,246,243
2.95865633074935,488,489,1,-488.5,243.5,245
2.96080964685616,487,487,0,-487,243.5,243.5
2.96296296296296,481,485,4,-483,238.5,244.5
2.96511627906977,483,486,3,-484.5,240,244.5
2.96726959517657,487,485,-2,-486,244.5,241.5
2.96942291128338,490,484,-6,-487,248,239
2.97157622739018,490,485,-5,-487.5,247.5,240
2.97372954349699,493,486,-7,-489.5,250,239.5
2.97588285960379,495,489,-6,-492,250.5,241.5
2.97803617571059,494,487,-7,-490.5,250.5,240
2.9801894918174,495,489,-6,-492,250.5,241.5
2.9823428079242,495,490,-5,-492.5,250,242.5
2.98449612403101,495,492,-3,-493.5,249,244.5
2.98664944013781,498,489,-9,-493.5,253.5,240
2.98880275624462,496,488,-8,-492,252,240
2.99095607235142,498,490,-8,-494,253,241
2.99310938845823,500,494,-6,-497,253,244
2.99526270456503,501,494,-7,-497.5,254,243.5
2.99741602067183,503,495,-8,-499,255.5,243.5
2.99956933677864,504,497,-7,-500.5,255.5,245
3.00172265288544,501,495,-6,-498,253.5,244.5
3.00387596899225,502,492,-10,-497,256,241
3.00602928509905,499,492,-7,-495.5,253,242.5
3.00818260120586,497,492,-5,-494.5,251,243.5
3.01033591731266,493,493,0,-493,246.5,246.5
3.01248923341947,495,493,-2,-494,248.5,245.5
3.01464254952627,495,493,-2,-494,248.5,245.5
3.01679586563308,497,494,-3,-495.5,250,245.5
3.01894918173988,503,498,-5,-500.5,254,246.5
3.02110249784668,503,494,-9,-498.5,256,242.5
3.02325581395349,503,494,-9,-498.5,256,242.5
3.02540913006029,506,495,-11,-500.5,258.5,242
3.0275624461671,505,497,-8,-501,256.5,244.5
3.0297157622739,502,498,-4,-500,253,247
3.03186907838071,503,497,-6,-500,254.5,245.5
3.03402239448751,502,499,-3,-500.5,252.5,248
3.03617571059432,502,499,-3,-500.5,252.5,248
3.03832902670112,506,497,-9,-501.5,257.5,244
3.04048234280792,510,499,-11,-504.5,260.5,244
3.04263565891473,515,500,-15,-507.5,265,242.5
3.04478897502153,517,503,-14,-510,265.5,244.5
3.04694229112834,516,506,-10,-511,263,248
3.04909560723514,516,506,-10,-511,263,248
3.05124892334195,515,508,-7,-511.5,261,250.5
3.05340223944875,517,508,-9,-512.5,263,249.5
3.05555555555556,519,508,-11,-513.5,265,248.5
3.05770887166236,519,508,-11,-513.5,265,248.5
3.05986218776916,516,506,-10,-511,263,248
3.06201550387597,516,507,-9,-511.5,262.5,249
3.06416881998277,514,508,-6,-511,260,251
3.06632213608958,516,508,-8,-512,262,250
3.06847545219638,519,510,-9,-514.5,264,250.5
3.07062876830319,527,515,-12,-521,269.5,251.5
3.07278208440999,531,518,-13,-524.5,272,252.5
3.0749354005168,528,513,-15,-520.5,271.5,249
3.0770887166236,529,511,-18,-520,273.5,246.5
3.0792420327304,528,513,-15,-520.5,271.5,249
3.08139534883721,530,518,-12,-524,271,253
3.08354866494401,532,518,-14,-525,273,252
3.08570198105082,530,518,-12,-524,271,253
3.08785529715762,528,518,-10,-523,269,254
3.09000861326443,531,522,-9,-526.5,270,256.5
3.09216192937123,531,519,-12,-525,271.5,253.5
3.09431524547804,530,519,-11,-524.5,270.5,254
3.09646856158484,533,519,-14,-526,273.5,252.5
3.09862187769165,531,520,-11,-525.5,271,254.5
3.10077519379845,528,521,-7,-524.5,267.5,257
3.10292850990525,525,521,-4,-523,264.5,258.5
3.10508182601206,525,521,-4,-523,264.5,258.5
3.10723514211886,527,523,-4,-525,265.5,259.5
3.10938845822567,529,522,-7,-525.5,268,257.5
3.11154177433247,530,521,-9,-525.5,269.5,256
3.11369509043928,531,521,-10,-526,270.5,255.5
3.11584840654608,525,522,-3,-523.5,264,259.5
3.11800172265289,527,523,-4,-525,265.5,259.5
3.12015503875969,530,524,-6,-527,268,259
3.12230835486649,529,523,-6,-526,267.5,258.5
3.1244616709733,531,526,-5,-528.5,268,260.5
3.1266149870801,532,527,-5,-529.5,268.5,261
3.12876830318691,530,523,-7,-526.5,268.5,258
3.13092161929371,528,521,-7,-524.5,267.5,257
3.13307493540052,526,520,-6,-523,266,257
3.13522825150732,520,520,0,-520,260,260
3.13738156761413,518,520,2,-519,258,261
3.13953488372093,516,518,2,-517,257,260
3.14168819982774,514,519,5,-516.5,254.5,262
3.14384151593454,519,518,-1,-518.5,260,258.5
3.14599483204134,521,518,-3,-519.5,262,257.5
3.14814814814815,521,517,-4,-519,262.5,256.5
3.15030146425495,518,517,-1,-517.5,259.5,258
3.15245478036176,512,511,-1,-511.5,256.5,255
3.15460809646856,503,510,7,-506.5,248,258.5
3.15676141257537,500,509,9,-504.5,245.5,259
3.15891472868217,503,511,8,-507,247.5,259.5
3.16106804478897,504,509,5,-506.5,249.5,257
3.16322136089578,506,507,1,-506.5,252.5,254
3.16537467700258,505,504,-1,-504.5,253,251.5
3.16752799310939,506,501,-5,-503.5,255.5,248
3.16968130921619,503,504,1,-503.5,251,252.5
3.171834625323,502,502,0,-502,251,251
3.1739879414298,501,502,1,-501.5,250,251.5
3.17614125753661,497,500,3,-498.5,247,251.5
3.17829457364341,492,499,7,-495.5,242.5,253
3.18044788975022,488,496,8,-492,240,252
3.18260120585702,491,494,3,-492.5,244,248.5
3.18475452196382,496,493,-3,-494.5,249.5,245
3.18690783807063,495,493,-2,-494,248.5,245.5
3.18906115417743,496,494,-2,-495,249,246
3.19121447028424,497,495,-2,-496,249.5,246.5
3.19336778639104,494,495,1,-494.5,246.5,248
3.19552110249785,495,494,-1,-494.5,248,246.5
3.19767441860465,492,493,1,-492.5,245.5,247
3.19982773471146,494,491,-3,-492.5,248.5,244
3.20198105081826,496,491,-5,-493.5,250.5,243
3.20413436692506,499,491,-8,-495,253.5,241.5
3.20628768303187,497,490,-7,-493.5,252,241.5
3.20844099913867,496,492,-4,-494,250,244
3.21059431524548,496,494,-2,-495,249,246
3.21274763135228,493,492,-1,-492.5,247,245.5
3.21490094745909,494,493,-1,-493.5,247.5,246
3.21705426356589,496,494,-2,-495,249,246
3.2192075796727,497,491,-6,-494,251.5,242.5
3.2213608957795,500,491,-9,-495.5,254.5,241
3.22351421188631,502,493,-9,-497.5,255.5,242
3.22566752799311,502,495,-7,-498.5,254.5,244
3.22782084409991,499,495,-4,-497,251.5,245.5
3.22997416020672,495,493,-2,-494,248.5,245.5
3.23212747631352,492,495,3,-493.5,244.5,249
3.23428079242033,495,494,-1,-494.5,248,246.5
3.23643410852713,496,491,-5,-493.5,250.5,243
3.23858742463394,496,492,-4,-494,250,244
3.24074074074074,491,487,-4,-489,247.5,241.5
3.24289405684755,492,489,-3,-490.5,247.5,243
3.24504737295435,491,489,-2,-490,246.5,243.5
3.24720068906115,492,490,-2,-491,247,244
3.24935400516796,495,491,-4,-493,249.5,243.5
3.25150732127476,495,491,-4,-493,249.5,243.5
3.25366063738157,497,490,-7,-493.5,252,241.5
3.25581395348837,496,490,-6,-493,251,242
3.25796726959518,497,489,-8,-493,252.5,240.5
3.26012058570198,501,494,-7,-497.5,254,243.5
3.26227390180879,500,492,-8,-496,254,242
3.26442721791559,499,496,-3,-497.5,251,246.5
3.26658053402239,498,494,-4,-496,251,245
3.2687338501292,498,494,-4,-496,251,245
3.270887166236,497,494,-3,-495.5,250,245.5
3.27304048234281,499,492,-7,-495.5,253,242.5
3.27519379844961,498,491,-7,-494.5,252.5,242
3.27734711455642,498,493,-5,-495.5,251.5,244
3.27950043066322,499,495,-4,-497,251.5,245.5
3.28165374677003,498,494,-4,-496,251,245
3.28380706287683,501,494,-7,-497.5,254,243.5
3.28596037898363,501,497,-4,-499,252.5,246.5
3.28811369509044,502,498,-4,-500,253,247
3.29026701119724,501,495,-6,-498,253.5,244.5
3.29242032730405,504,495,-9,-499.5,256.5,243
3.29457364341085,503,493,-10,-498,256.5,241.5
3.29672695951766,505,497,-8,-501,256.5,244.5
3.29888027562446,505,497,-8,-501,256.5,244.5
3.30103359173127,508,499,-9,-503.5,258.5,245
3.30318690783807,505,499,-6,-502,255.5,246.5
3.30534022394488,508,501,-7,-504.5,257.5,247
3.30749354005168,509,499,-10,-504,259.5,244.5
3.30964685615848,510,501,-9,-505.5,259.5,246
3.31180017226529,511,500,-11,-505.5,261,244.5
3.31395348837209,510,501,-9,-505.5,259.5,246
3.3161068044789,511,502,-9,-506.5,260,246.5
3.3182601205857,516,506,-10,-511,263,248
3.32041343669251,519,508,-11,-513.5,265,248.5
3.32256675279931,522,510,-12,-516,267,249
3.32472006890612,519,509,-10,-514,264.5,249.5
3.32687338501292,520,509,-11,-514.5,265.5,249
3.32902670111972,520,507,-13,-513.5,266.5,247
3.33118001722653,521,509,-12,-515,266.5,248.5
3.33333333333333,518,509,-9,-513.5,263.5,250
3.33548664944014,512,509,-3,-510.5,257.5,253
3.33763996554694,508,506,-2,-507,255,252
3.33979328165375,506,507,1,-506.5,252.5,254
3.34194659776055,504,505,1,-504.5,251.5,253
3.34409991386736,504,503,-1,-503.5,252.5,251
3.34625322997416,506,501,-5,-503.5,255.5,248
3.34840654608096,506,499,-7,-502.5,256.5,246
3.35055986218777,505,502,-3,-503.5,254,249.5
3.35271317829457,503,502,-1,-502.5,252,250.5
3.35486649440138,503,502,-1,-502.5,252,250.5
3.35701981050818,504,502,-2,-503,253,250
3.35917312661499,498,500,2,-499,248,251
3.36132644272179,497,499,2,-498,247.5,250.5
3.3634797588286,495,495,0,-495,247.5,247.5
3.3656330749354,493,492,-1,-492.5,247,245.5
3.36778639104221,493,493,0,-493,246.5,246.5
3.36993970714901,490,494,4,-492,243,249
3.37209302325581,490,492,2,-491,244,247
3.37424633936262,492,493,1,-492.5,245.5,247
3.37639965546942,495,495,0,-495,247.5,247.5
3.37855297157623,495,494,-1,-494.5,248,246.5
3.38070628768303,497,494,-3,-495.5,250,245.5
3.38285960378984,498,492,-6,-495,252,243
3.38501291989664,493,491,-2,-492,247.5,244.5
3.38716623600345,488,492,4,-490,242,248
3.38931955211025,484,489,5,-486.5,239.5,247
3.39147286821705,485,488,3,-486.5,241,245.5
3.39362618432386,483,487,4,-485,239.5,245.5
3.39577950043066,484,486,2,-485,241,244
3.39793281653747,485,485,0,-485,242.5,242.5
3.40008613264427,487,483,-4,-485,245.5,239.5
3.40223944875108,489,483,-6,-486,247.5,238.5
3.40439276485788,489,485,-4,-487,246.5,240.5
3.40654608096469,484,485,1,-484.5,241.5,243
3.40869939707149,484,484,0,-484,242,242
3.41085271317829,488,485,-3,-486.5,245.5,241
3.4130060292851,489,486,-3,-487.5,246,241.5
3.4151593453919,487,485,-2,-486,244.5,241.5
3.41731266149871,485,482,-3,-483.5,244,239.5
3.41946597760551,486,480,-6,-483,246,237
3.42161929371232,488,481,-7,-484.5,247.5,237
3.42377260981912,487,485,-2,-486,244.5,241.5
3.42592592592593,485,481,-4,-483,244.5,238.5
3.42807924203273,483,483,0,-483,241.5,241.5
3.43023255813954,491,486,-5,-488.5,248,240.5
3.43238587424634,503,493,-10,-498,256.5,241.5
3.43453919035314,522,497,-25,-509.5,273.5,236
3.43669250645995,544,507,-37,-525.5,290.5,235
3.43884582256675,571,521,-50,-546,310.5,235.5
3.44099913867356,592,537,-55,-564.5,323.5,241
3.44315245478036,613,547,-66,-580,339.5,240.5
3.44530577088717,632,563,-69,-597.5,350.5,247
3.44745908699397,638,571,-67,-604.5,352.5,252
3.44961240310078,634,576,-58,-605,346,259
3.45176571920758,622,574,-48,-598,335,263
3.45391903531438,599,567,-32,-583,315.5,267.5
3.45607235142119,572,558,-14,-565,293,272
3.45822566752799,550,553,3,-551.5,273.5,278
3.4603789836348,529,544,15,-536.5,257,279.5
3.4625322997416,511,533,22,-522,244.5,277.5
3.46468561584841,497,526,29,-511.5,234,277.5
3.46683893195521,493,522,29,-507.5,232,275.5
3.46899224806202,492,518,26,-505,233,272
3.47114556416882,493,512,19,-502.5,237,265.5
3.47329888027562,493,508,15,-500.5,239,261.5
3.47545219638243,495,509,14,-502,240.5,261.5
3.47760551248923,496,509,13,-502.5,241.5,261
3.47975882859604,498,508,10,-503,244,259
3.48191214470284,495,508,13,-501.5,241,260.5
3.48406546080965,495,505,10,-500,242.5,257.5
3.48621877691645,493,502,9,-497.5,242,255.5
3.48837209302326,492,499,7,-495.5,242.5,253
3.49052540913006,493,496,3,-494.5,245,249.5
3.49267872523686,494,497,3,-495.5,245.5,250
3.49483204134367,494,497,3,-495.5,245.5,250
3.49698535745047,490,495,5,-492.5,242.5,250
3.49913867355728,488,494,6,-491,241,250
3.50129198966408,489,496,7,-492.5,241,251.5
3.50344530577089,487,495,8,-491,239.5,251.5
3.50559862187769,485,488,3,-486.5,241,245.5
3.5077519379845,488,488,0,-488,244,244
3.5099052540913,489,489,0,-489,244.5,244.5
3.51205857019811,492,490,-2,-491,247,244
3.51421188630491,489,489,0,-489,244.5,244.5
3.51636520241171,488,488,0,-488,244,244
3.51851851851852,485,488,3,-486.5,241,245.5
3.52067183462532,485,488,3,-486.5,241,245.5
3.52282515073213,486,485,-1,-485.5,243.5,242
3.52497846683893,485,483,-2,-484,243.5,240.5
3.52713178294574,487,482,-5,-484.5,246,238.5
3.52928509905254,487,485,-2,-486,244.5,241.5
3.53143841515935,492,487,-5,-489.5,248.5,241
3.53359173126615,493,488,-5,-490.5,249,241.5
3.53574504737295,497,490,-7,-493.5,252,241.5
3.53789836347976,498,493,-5,-495.5,251.5,244
3.54005167958656,499,491,-8,-495,253.5,241.5
3.54220499569337,498,489,-9,-493.5,253.5,240
3.54435831180017,496,487,-9,-491.5,252.5,239
3.54651162790698,494,486,-8,-490,251,239
3.54866494401378,494,488,-6,-491,250,241
3.55081826012059,496,490,-6,-493,251,242
3.55297157622739,497,490,-7,-493.5,252,241.5
3.55512489233419,498,494,-4,-496,251,245
3.557278208441,496,495,-1,-495.5,248.5,247
3.5594315245478,496,490,-6,-493,251,242
3.56158484065461,497,490,-7,-493.5,252,241.5
3.56373815676141,498,490,-8,-494,253,241
3.56589147286822,504,496,-8,-500,256,244
3.56804478897502,504,494,-10,-499,257,242
3.57019810508183,502,495,-7,-498.5,254.5,244
3.57235142118863,499,496,-3,-497.5,251,246.5
3.57450473729544,497,497,0,-497,248.5,248.5
3.57665805340224,501,493,-8,-497,254.5,242.5
3.57881136950904,504,494,-10,-499,257,242
3.58096468561585,505,495,-10,-500,257.5,242.5
3.58311800172265,501,494,-7,-497.5,254,243.5
3.58527131782946,502,496,-6,-499,254,245
3.58742463393626,503,498,-5,-500.5,254,246.5
3.58957795004307,510,501,-9,-505.5,259.5,246
3.59173126614987,513,504,-9,-508.5,261,247.5
3.59388458225668,513,503,-10,-508,261.5,246.5
3.59603789836348,511,499,-12,-505,261.5,243.5
3.59819121447028,513,500,-13,-506.5,263,243.5
3.60034453057709,512,502,-10,-507,261,246
3.60249784668389,514,504,-10,-509,262,247
3.6046511627907,515,505,-10,-510,262.5,247.5
3.6068044788975,516,505,-11,-510.5,263.5,247
3.60895779500431,517,509,-8,-513,262.5,250.5
3.61111111111111,520,509,-11,-514.5,265.5,249
3.61326442721792,519,507,-12,-513,265.5,247.5
3.61541774332472,517,506,-11,-511.5,264,247.5
3.61757105943152,519,508,-11,-513.5,265,248.5
3.61972437553833,520,510,-10,-515,265,250
3.62187769164513,520,510,-10,-515,265,250
3.62403100775194,517,512,-5,-514.5,261,253.5
3.62618432385874,517,511,-6,-514,261.5,252.5
3.62833763996555,518,511,-7,-514.5,262.5,252
3.63049095607235,522,512,-10,-517,266,251
3.63264427217916,526,513,-13,-519.5,269.5,250
3.63479758828596,529,515,-14,-522,271.5,250.5
3.63695090439277,530,515,-15,-522.5,272.5,250
3.63910422049957,528,517,-11,-522.5,269.5,253
3.64125753660637,525,518,-7,-521.5,266,255.5
3.64341085271318,526,519,-7,-522.5,266.5,256
3.64556416881998,523,520,-3,-521.5,263,258.5
3.64771748492679,524,517,-7,-520.5,265.5,255
3.64987080103359,523,517,-6,-520,264.5,255.5
3.6520241171404,528,518,-10,-523,269,254
3.6541774332472,531,519,-12,-525,271.5,253.5
3.65633074935401,534,523,-11,-528.5,272.5,256
3.65848406546081,534,524,-10,-529,272,257
3.66063738156761,537,527,-10,-532,273.5,258.5
3.66279069767442,535,529,-6,-532,270.5,261.5
3.66494401378122,535,527,-8,-531,271.5,259.5
3.66709732988803,529,523,-6,-526,267.5,258.5
3.66925064599483,527,521,-6,-524,266.5,257.5
3.67140396210164,523,522,-1,-522.5,262,260.5
3.67355727820844,523,521,-2,-522,262.5,259.5
3.67571059431525,519,519,0,-519,259.5,259.5
3.67786391042205,517,518,1,-517.5,258,259.5
3.68001722652885,517,521,4,-519,256.5,262.5
3.68217054263566,523,521,-2,-522,262.5,259.5
3.68432385874246,525,519,-6,-522,265.5,256.5
3.68647717484927,531,520,-11,-525.5,271,254.5
3.68863049095607,531,521,-10,-526,270.5,255.5
3.69078380706288,528,520,-8,-524,268,256
3.69293712316968,523,519,-4,-521,263.5,257.5
3.69509043927649,521,520,-1,-520.5,261,259.5
3.69724375538329,519,520,1,-519.5,259,260.5
3.6993970714901,517,517,0,-517,258.5,258.5
3.7015503875969,518,517,-1,-517.5,259.5,258
3.7037037037037,511,512,1,-511.5,255,256.5
3.70585701981051,502,509,7,-505.5,247.5,258
3.70801033591731,496,503,7,-499.5,244.5,255
3.71016365202412,496,504,8,-500,244,256
3.71231696813092,501,505,4,-503,248.5,254.5
3.71447028423773,508,508,0,-508,254,254
3.71662360034453,508,509,1,-508.5,253.5,255
3.71877691645134,508,507,-1,-507.5,254.5,253
3.72093023255814,501,504,3,-502.5,249,253.5
3.72308354866494,499,500,1,-499.5,249,250.5
3.72523686477175,499,498,-1,-498.5,250,248.5
3.72739018087855,496,499,3,-497.5,246.5,251
3.72954349698536,495,497,2,-496,246.5,249.5
3.73169681309216,495,499,4,-497,245.5,251.5
3.73385012919897,496,501,5,-498.5,245.5,253
3.73600344530577,495,500,5,-497.5,245,252.5
3.73815676141258,498,497,-1,-497.5,249.5,248
3.74031007751938,495,494,-1,-494.5,248,246.5
3.74246339362618,497,495,-2,-496,249.5,246.5
3.74461670973299,496,493,-3,-494.5,249.5,245
3.74677002583979,496,493,-3,-494.5,249.5,245
3.7489233419466,492,494,2,-493,245,248
3.7510766580534,493,495,2,-494,245.5,248.5
3.75322997416021,494,494,0,-494,247,247
3.75538329026701,497,494,-3,-495.5,250,245.5
3.75753660637382,499,494,-5,-496.5,252,244.5
3.75968992248062,497,492,-5,-494.5,251,243.5
3.76184323858742,498,491,-7,-494.5,252.5,242
3.76399655469423,500,495,-5,-497.5,252.5,245
3.76614987080103,499,493,-6,-496,252.5,243.5
3.76830318690784,496,495,-1,-495.5,248.5,247
3.77045650301464,497,494,-3,-495.5,250,245.5
3.77260981912145,497,493,-4,-495,250.5,244.5
3.77476313522825,498,493,-5,-495.5,251.5,244
3.77691645133506,494,491,-3,-492.5,248.5,244
3.77906976744186,496,491,-5,-493.5,250.5,243
3.78122308354867,494,491,-3,-492.5,248.5,244
3.78337639965547,494,491,-3,-492.5,248.5,244
3.78552971576227,495,493,-2,-494,248.5,245.5
3.78768303186908,494,491,-3,-492.5,248.5,244
3.78983634797588,497,493,-4,-495,250.5,244.5
3.79198966408269,504,495,-9,-499.5,256.5,243
3.79414298018949,506,496,-10,-501,258,243
3.7962962962963,506,493,-13,-499.5,259.5,240
3.7984496124031,506,495,-11,-500.5,258.5,242
3.80060292850991,505,496,-9,-500.5,257,243.5
3.80275624461671,504,499,-5,-501.5,254.5,247
3.80490956072351,504,497,-7,-500.5,255.5,245
3.80706287683032,501,499,-2,-500,251.5,248.5
3.80921619293712,503,497,-6,-500,254.5,245.5
3.81136950904393,501,495,-6,-498,253.5,244.5
3.81352282515073,504,495,-9,-499.5,256.5,243
3.81567614125754,502,496,-6,-499,254,245
3.81782945736434,507,498,-9,-502.5,258,244.5
3.81998277347115,510,501,-9,-505.5,259.5,246
3.82213608957795,512,505,-7,-508.5,259.5,249
3.82428940568475,511,504,-7,-507.5,259,248.5
3.82644272179156,512,505,-7,-508.5,259.5,249
3.82859603789836,512,504,-8,-508,260,248
3.83074935400517,510,503,-7,-506.5,258.5,248
3.83290267011197,507,501,-6,-504,256.5,247.5
3.83505598621878,505,502,-3,-503.5,254,249.5
3.83720930232558,505,503,-2,-504,253.5,250.5
3.83936261843239,510,505,-5,-507.5,257.5,250
3.84151593453919,509,505,-4,-507,256.5,250.5
3.84366925064599,507,505,-2,-506,254.5,251.5
3.8458225667528,507,503,-4,-505,255.5,249.5
3.8479758828596,510,502,-8,-506,259,247
3.85012919896641,514,502,-12,-508,263,245
3.85228251507321,517,505,-12,-511,264.5,246.5
3.85443583118002,520,507,-13,-513.5,266.5,247
3.85658914728682,524,510,-14,-517,269,248
3.85874246339363,520,510,-10,-515,265,250
3.86089577950043,517,509,-8,-513,262.5,250.5
3.86304909560724,516,509,-7,-512.5,261.5,251
3.86520241171404,515,510,-5,-512.5,260,252.5
3.86735572782084,512,506,-6,-509,259,250
3.86950904392765,514,506,-8,-510,261,249
3.87166236003445,513,508,-5,-510.5,259,251.5
3.87381567614126,514,510,-4,-512,259,253
3.87596899224806,513,509,-4,-511,258.5,252.5
3.87812230835487,511,509,-2,-510,256.5,253.5
3.88027562446167,513,511,-2,-512,257.5,254.5
3.88242894056848,514,511,-3,-512.5,258.5,254
3.88458225667528,516,508,-8,-512,262,250
3.88673557278208,516,508,-8,-512,262,250
3.88888888888889,514,508,-6,-511,260,251
3.89104220499569,512,509,-3,-510.5,257.5,253
3.8931955211025,509,506,-3,-507.5,256,251.5
3.8953488372093,510,508,-2,-509,256,253
3.89750215331611,508,507,-1,-507.5,254.5,253
3.89965546942291,506,504,-2,-505,254,251
3.90180878552972,505,499,-6,-502,255.5,246.5
3.90396210163652,502,501,-1,-501.5,251.5,250
3.90611541774333,498,498,0,-498,249,249
3.90826873385013,492,498,6,-495,243,252
3.91042204995693,493,497,4,-495,244.5,250.5
3.91257536606374,494,497,3,-495.5,245.5,250
3.91472868217054,497,497,0,-497,248.5,248.5
3.91688199827735,497,494,-3,-495.5,250,245.5
3.91903531438415,495,494,-1,-494.5,248,246.5
3.92118863049096,492,492,0,-492,246,246
3.92334194659776,492,490,-2,-491,247,244
3.92549526270457,496,493,-3,-494.5,249.5,245
3.92764857881137,494,494,0,-494,247,247
3.92980189491817,492,493,1,-492.5,245.5,247
3.93195521102498,491,494,3,-492.5,244,248.5
3.93410852713178,492,492,0,-492,246,246
3.93626184323859,492,490,-2,-491,247,244
3.93841515934539,488,487,-1,-487.5,244.5,243
3.9405684754522,486,487,1,-486.5,242.5,244
3.942721791559,485,487,2,-486,241.5,244.5
3.94487510766581,485,489,4,-487,240.5,246.5
3.94702842377261,491,488,-3,-489.5,247,242.5
3.94918173987941,494,491,-3,-492.5,248.5,244
3.95133505598622,494,491,-3,-492.5,248.5,244
3.95348837209302,492,489,-3,-490.5,247.5,243
3.95564168819983,489,484,-5,-486.5,247,239.5
3.95779500430663,485,484,-1,-484.5,243,241.5
3.95994832041344,479,481,2,-480,238.5,241.5
3.96210163652024,475,479,4,-477,235.5,241.5
3.96425495262705,478,481,3,-479.5,237.5,242
3.96640826873385,482,482,0,-482,241,241
3.96856158484065,491,486,-5,-488.5,248,240.5
3.97071490094746,493,487,-6,-490,249.5,240.5
3.97286821705426,502,488,-14,-495,258,237
3.97502153316107,515,494,-21,-504.5,268,236.5
3.97717484926787,531,502,-29,-516.5,280,236.5
3.97932816537468,550,513,-37,-531.5,293.5,238
3.98148148148148,570,526,-44,-548,307,241
3.98363479758829,596,540,-56,-568,326,242
3.98578811369509,618,554,-64,-586,341,245
3.9879414298019,637,568,-69,-602.5,353,249.5
3.9900947459087,645,576,-69,-610.5,357,253.5
3.9922480620155,641,579,-62,-610,351.5,258.5
3.99440137812231,628,577,-51,-602.5,339.5,263
3.99655469422911,606,575,-31,-590.5,318.5,272
3.99870801033592,580,567,-13,-573.5,296.5,277
4.00086132644272,558,560,2,-559,278,281
4.00301464254953,537,551,14,-544,261.5,282.5
4.00516795865633,517,542,25,-529.5,246,283.5
4.00732127476314,505,534,29,-519.5,238,281.5
4.00947459086994,496,522,26,-509,235,274
4.01162790697674,488,515,27,-501.5,230.5,271
4.01378122308355,489,514,25,-501.5,232,269.5
4.01593453919035,493,513,20,-503,236.5,266.5
4.01808785529716,500,513,13,-506.5,243.5,263
4.02024117140396,505,514,9,-509.5,248,261.5
4.02239448751077,513,517,4,-515,254.5,260.5
4.02454780361757,514,515,1,-514.5,256.5,258
4.02670111972438,513,513,0,-513,256.5,256.5
4.02885443583118,509,510,1,-509.5,254,255.5
4.03100775193798,503,508,5,-505.5,249,256.5
4.03316106804479,497,506,9,-501.5,244,257.5
4.03531438415159,492,503,11,-497.5,240.5,257
4.0374677002584,488,501,13,-494.5,237.5,257
4.0396210163652,484,498,14,-491,235,256
4.04177433247201,475,494,19,-484.5,228,256.5
4.04392764857881,478,489,11,-483.5,233.5,250
4.04608096468562,483,488,5,-485.5,239,246.5
4.04823428079242,490,488,-2,-489,246,243
4.05038759689922,492,492,0,-492,246,246
4.05254091300603,492,491,-1,-491.5,246.5,245
4.05469422911283,490,491,1,-490.5,244.5,246
4.05684754521964,486,492,6,-489,240,249
4.05900086132644,488,492,4,-490,242,248
4.06115417743325,488,487,-1,-487.5,244.5,243
4.06330749354005,486,485,-1,-485.5,243.5,242
4.06546080964686,488,484,-4,-486,246,240
4.06761412575366,490,488,-2,-489,246,243
4.06976744186047,496,489,-7,-492.5,251.5,241
4.07192075796727,501,492,-9,-496.5,255,241.5
4.07407407407407,501,493,-8,-497,254.5,242.5
4.07622739018088,498,494,-4,-496,251,245
4.07838070628768,498,492,-6,-495,252,243
4.08053402239449,492,487,-5,-489.5,248.5,241
4.08268733850129,490,485,-5,-487.5,247.5,240
4.0848406546081,486,486,0,-486,243,243
4.0869939707149,487,487,0,-487,243.5,243.5
4.08914728682171,490,486,-4,-488,247,241
4.09130060292851,494,488,-6,-491,250,241
4.09345391903531,502,493,-9,-497.5,255.5,242
4.09560723514212,503,495,-8,-499,255.5,243.5
4.09776055124892,502,493,-9,-497.5,255.5,242
4.09991386735573,504,492,-12,-498,258,240
4.10206718346253,504,493,-11,-498.5,257.5,241
4.10422049956934,503,497,-6,-500,254.5,245.5
4.10637381567614,499,493,-6,-496,252.5,243.5
4.10852713178295,501,495,-6,-498,253.5,244.5
4.11068044788975,501,495,-6,-498,253.5,244.5
4.11283376399656,501,497,-4,-499,252.5,246.5
4.11498708010336,501,496,-5,-498.5,253,245.5
4.11714039621016,503,494,-9,-498.5,256,242.5
4.11929371231697,503,494,-9,-498.5,256,242.5
4.12144702842377,505,498,-7,-501.5,256,245.5
4.12360034453058,506,497,-9,-501.5,257.5,244
4.12575366063738,507,498,-9,-502.5,258,244.5
4.12790697674419,508,499,-9,-503.5,258.5,245
4.13006029285099,506,501,-5,-503.5,255.5,248
4.1322136089578,509,501,-8,-505,258.5,246.5
4.1343669250646,511,500,-11,-505.5,261,244.5
4.1365202411714,512,499,-13,-505.5,262.5,243
4.13867355727821,516,503,-13,-509.5,264.5,245
4.14082687338501,516,503,-13,-509.5,264.5,245
4.14298018949182,518,506,-12,-512,265,247
4.14513350559862,518,508,-10,-513,264,249
4.14728682170543,517,511,-6,-514,261.5,252.5
4.14944013781223,522,511,-11,-516.5,266.5,250
4.15159345391904,522,509,-13,-515.5,267.5,248
4.15374677002584,522,509,-13,-515.5,267.5,248
4.15590008613264,523,512,-11,-517.5,267,250.5
4.15805340223945,521,512,-9,-516.5,265,251.5
4.16020671834625,523,513,-10,-518,266.5,251.5
4.16236003445306,522,514,-8,-518,265,253
4.16451335055986,520,515,-5,-517.5,262.5,255
4.16666666666667,520,514,-6,-517,263,254
4.16881998277347,524,512,-12,-518,268,250
4.17097329888028,526,512,-14,-519,270,249
4.17312661498708,526,512,-14,-519,270,249
4.17527993109388,528,516,-12,-522,270,252
4.17743324720069,528,516,-12,-522,270,252
4.17958656330749,529,520,-9,-524.5,269,255.5
4.1817398794143,527,521,-6,-524,266.5,257.5
4.1838931955211,524,519,-5,-521.5,264.5,257
4.18604651162791,528,519,-9,-523.5,268.5,255
4.18819982773471,531,520,-11,-525.5,271,254.5
4.19035314384152,533,520,-13,-526.5,273,253.5
4.19250645994832,537,523,-14,-530,275.5,254.5
4.19465977605512,537,527,-10,-532,273.5,258.5
4.19681309216193,539,528,-11,-533.5,275,258.5
4.19896640826873,536,527,-9,-531.5,272.5,259
4.20111972437554,535,531,-4,-533,269.5,263.5
4.20327304048234,537,529,-8,-533,272.5,260.5
4.20542635658915,533,527,-6,-530,269.5,260.5
4.20757967269595,532,525,-7,-528.5,269.5,259
4.20973298880276,531,526,-5,-528.5,268,260.5
4.21188630490956,532,526,-6,-529,269,260
4.21403962101637,533,527,-6,-530,269.5,260.5
4.21619293712317,531,526,-5,-528.5,268,260.5
4.21834625322997,530,528,-2,-529,266,263
4.22049956933678,530,530,0,-530,265,265
4.22265288544358,529,525,-4,-527,266.5,260.5
4.22480620155039,531,526,-5,-528.5,268,260.5
4.22695951765719,532,523,-9,-527.5,270.5,257
4.229112833764,530,524,-6,-527,268,259
4.2312661498708,526,523,-3,-524.5,264.5,260
4.23341946597761,524,526,2,-525,261,264
4.23557278208441,519,521,2,-520,258.5,261.5
4.23772609819121,518,520,2,-519,258,261
4.23987941429802,516,518,2,-517,257,260
4.24203273040482,515,519,4,-517,255.5,261.5
4.24418604651163,513,515,2,-514,255.5,258.5
4.24633936261843,512,513,1,-512.5,255.5,257
4.24849267872524,512,513,1,-512.5,255.5,257
4.25064599483204,510,512,2,-511,254,257
4.25279931093885,511,514,3,-512.5,254,258.5
4.25495262704565,511,512,1,-511.5,255,256.5
4.25710594315245,507,512,5,-509.5,251,258.5
4.25925925925926,503,505,2,-504,250.5,253.5
4.26141257536606,496,503,7,-499.5,244.5,255
4.26356589147287,499,502,3,-500.5,248,252.5
4.26571920757967,505,504,-1,-504.5,253,251.5
4.26787252368648,504,505,1,-504.5,251.5,253
4.27002583979328,508,506,-2,-507,255,252
4.27217915590009,507,505,-2,-506,254.5,251.5
4.27433247200689,505,503,-2,-504,253.5,250.5
4.2764857881137,501,502,1,-501.5,250,251.5
4.2786391042205,494,498,4,-496,245,251
4.2807924203273,493,495,2,-494,245.5,248.5
4.28294573643411,489,495,6,-492,241.5,250.5
4.28509905254091,493,495,2,-494,245.5,248.5
4.28725236864772,498,498,0,-498,249,249
4.28940568475452,502,498,-4,-500,253,247
4.29155900086133,501,497,-4,-499,252.5,246.5
4.29371231696813,502,499,-3,-500.5,252.5,248
4.29586563307494,498,496,-2,-497,250,247
4.29801894918174,497,493,-4,-495,250.5,244.5
4.30017226528854,492,493,1,-492.5,245.5,247
4.30232558139535,492,492,0,-492,246,246
4.30447889750215,493,494,1,-493.5,246,247.5
4.30663221360896,495,492,-3,-493.5,249,244.5
4.30878552971576,500,497,-3,-498.5,251.5,247
4.31093884582257,506,499,-7,-502.5,256.5,246
4.31309216192937,505,499,-6,-502,255.5,246.5
4.31524547803618,506,496,-10,-501,258,243
4.31739879414298,503,495,-8,-499,255.5,243.5
4.31955211024979,501,497,-4,-499,252.5,246.5
4.32170542635659,502,497,-5,-499.5,253.5,246
4.32385874246339,500,497,-3,-498.5,251.5,247
4.3260120585702,497,495,-2,-496,249.5,246.5
4.328165374677,498,497,-1,-497.5,249.5,248
4.33031869078381,498,497,-1,-497.5,249.5,248
4.33247200689061,500,493,-7,-496.5,253.5,243
4.33462532299742,505,495,-10,-500,257.5,242.5
4.33677863910422,504,498,-6,-501,255,246
4.33893195521103,506,498,-8,-502,257,245
4.34108527131783,503,500,-3,-501.5,253,248.5
4.34323858742463,500,497,-3,-498.5,251.5,247
4.34539190353144,503,497,-6,-500,254.5,245.5
4.34754521963824,501,499,-2,-500,251.5,248.5
4.34969853574505,501,495,-6,-498,253.5,244.5
4.35185185185185,502,495,-7,-498.5,254.5,244
4.35400516795866,502,493,-9,-497.5,255.5,242
4.35615848406546,498,496,-2,-497,250,247
4.35831180017227,500,497,-3,-498.5,251.5,247
4.36046511627907,504,499,-5,-501.5,254.5,247
4.36261843238587,505,500,-5,-502.5,255,247.5
4.36477174849268,506,501,-5,-503.5,255.5,248
4.36692506459948,508,501,-7,-504.5,257.5,247
4.36907838070629,510,500,-10,-505,260,245
4.37123169681309,512,501,-11,-506.5,261.5,245
4.3733850129199,512,502,-10,-507,261,246
4.3755383290267,512,505,-7,-508.5,259.5,249
4.37769164513351,509,502,-7,-505.5,258,247.5
4.37984496124031,508,504,-4,-506,256,250
4.38199827734711,511,507,-4,-509,257.5,251.5
4.38415159345392,510,506,-4,-508,257,251
4.38630490956072,513,503,-10,-508,261.5,246.5
4.38845822566753,513,503,-10,-508,261.5,246.5
4.39061154177433,514,505,-9,-509.5,261.5,248
4.39276485788114,512,505,-7,-508.5,259.5,249
4.39491817398794,514,507,-7,-510.5,260.5,250
4.39707149009475,516,510,-6,-513,261,252
4.39922480620155,520,512,-8,-516,264,252
4.40137812230835,520,512,-8,-516,264,252
4.40353143841516,516,509,-7,-512.5,261.5,251
4.40568475452196,514,507,-7,-510.5,260.5,250
4.40783807062877,514,507,-7,-510.5,260.5,250
4.40999138673557,518,510,-8,-514,263,251
4.41214470284238,516,510,-6,-513,261,252
4.41429801894918,517,513,-4,-515,260.5,254.5
4.41645133505599,517,512,-5,-514.5,261,253.5
4.41860465116279,517,514,-3,-515.5,260,255.5
4.4207579672696,515,509,-6,-512,260.5,251.5
4.4229112833764,513,508,-5,-510.5,259,251.5
4.4250645994832,511,506,-5,-508.5,258,250.5
4.42721791559001,513,506,-7,-509.5,260,249.5
4.42937123169681,509,509,0,-509,254.5,254.5
4.43152454780362,511,508,-3,-509.5,257,252.5
4.43367786391042,507,508,1,-507.5,253,254.5
4.43583118001723,506,508,2,-507,252,255
4.43798449612403,502,503,1,-502.5,250.5,252
4.44013781223084,498,499,1,-498.5,248.5,250
4.44229112833764,495,496,1,-495.5,247,248.5
4.44444444444444,490,494,4,-492,243,249
4.44659776055125,490,497,7,-493.5,241.5,252
4.44875107665805,490,494,4,-492,243,249
4.45090439276486,494,495,1,-494.5,246.5,248
4.45305770887166,495,496,1,-495.5,247,248.5
4.45521102497847,494,494,0,-494,247,247
4.45736434108527,488,489,1,-488.5,243.5,245
4.45951765719208,484,485,1,-484.5,241.5,243
4.46167097329888,484,488,4,-486,240,246
4.46382428940568,492,492,0,-492,246,246
4.46597760551249,492,490,-2,-491,247,244
4.46813092161929,494,491,-3,-492.5,248.5,244
4.4702842377261,494,491,-3,-492.5,248.5,244
4.4724375538329,495,492,-3,-493.5,249,244.5
4.47459086993971,497,490,-7,-493.5,252,241.5
4.47674418604651,493,489,-4,-491,248.5,242.5
4.47889750215332,490,488,-2,-489,246,243
4.48105081826012,491,489,-2,-490,246.5,243.5
4.48320413436693,489,489,0,-489,244.5,244.5
4.48535745047373,490,488,-2,-489,246,243
4.48751076658053,488,488,0,-488,244,244
4.48966408268734,487,490,3,-488.5,242,246.5
4.49181739879414,482,485,3,-483.5,239.5,244
4.49397071490095,481,480,-1,-480.5,241,239.5
4.49612403100775,479,479,0,-479,239.5,239.5
4.49827734711456,483,483,0,-483,241.5,241.5
4.50043066322136,484,482,-2,-483,243,240
4.50258397932817,484,482,-2,-483,243,240
4.50473729543497,487,484,-3,-485.5,245,240.5
4.50689061154177,488,486,-2,-487,245,242
4.50904392764858,497,489,-8,-493,252.5,240.5
4.51119724375538,511,490,-21,-500.5,266,234.5
4.51335055986219,528,499,-29,-513.5,278.5,235
4.51550387596899,547,508,-39,-527.5,293,234.5
4.5176571920758,562,519,-43,-540.5,302.5,238
4.5198105081826,585,533,-52,-559,318.5,240.5
4.52196382428941,608,547,-61,-577.5,334.5,243
4.52411714039621,629,563,-66,-596,347.5,248.5
4.52627045650302,637,572,-65,-604.5,351,253.5
4.52842377260982,632,574,-58,-603,345,258
4.53057708871662,617,571,-46,-594,331.5,262.5
4.53273040482343,594,566,-28,-580,311,269
4.53488372093023,570,560,-10,-565,290,275
4.53703703703704,544,550,6,-547,269,278
4.53919035314384,527,542,15,-534.5,256,278.5
4.54134366925065,509,534,25,-521.5,242,279.5
4.54349698535745,496,527,31,-511.5,232.5,279
4.54565030146426,485,515,30,-500,227.5,272.5
4.54780361757106,481,510,29,-495.5,226,269.5
4.54995693367786,484,507,23,-495.5,230.5,265
4.55211024978467,486,507,21,-496.5,232.5,264
4.55426356589147,494,507,13,-500.5,240.5,260
4.55641688199828,502,509,7,-505.5,247.5,258
4.55857019810508,508,511,3,-509.5,252.5,257
4.56072351421189,511,514,3,-512.5,254,258.5
4.56287683031869,507,510,3,-508.5,252,256.5
4.5650301464255,502,505,3,-503.5,249.5,254
4.5671834625323,498,502,4,-500,247,253
4.5693367786391,497,501,4,-499,246.5,252.5
4.57149009474591,494,500,6,-497,244,253
4.57364341085271,488,498,10,-493,239,254
4.57579672695952,486,495,9,-490.5,238.5,252
4.57795004306632,487,495,8,-491,239.5,251.5
4.58010335917313,487,494,7,-490.5,240,250.5
4.58225667527993,490,493,3,-491.5,243.5,248
4.58440999138674,490,490,0,-490,245,245
4.58656330749354,492,490,-2,-491,247,244
4.58871662360034,494,492,-2,-493,248,245
4.59086993970715,491,491,0,-491,245.5,245.5
4.59302325581395,493,491,-2,-492,247.5,244.5
4.59517657192076,489,493,4,-491,242.5,248.5
4.59732988802756,491,491,0,-491,245.5,245.5
4.59948320413437,488,487,-1,-487.5,244.5,243
4.60163652024117,488,486,-2,-487,245,242
4.60378983634798,490,486,-4,-488,247,241
4.60594315245478,492,488,-4,-490,248,242
4.60809646856158,494,488,-6,-491,250,241
4.61024978466839,493,488,-5,-490.5,249,241.5
4.61240310077519,491,488,-3,-489.5,247,242.5
4.614556416882,489,488,-1,-488.5,245,243.5
4.6167097329888,487,486,-1,-486.5,244,242.5
4.61886304909561,487,484,-3,-485.5,245,240.5
4.62101636520241,493,486,-7,-489.5,250,239.5
4.62316968130922,497,487,-10,-492,253.5,238.5
4.62532299741602,497,488,-9,-492.5,253,239.5
4.62747631352283,494,488,-6,-491,250,241
4.62962962962963,492,488,-4,-490,248,242
4.63178294573643,492,489,-3,-490.5,247.5,243
4.63393626184324,494,490,-4,-492,249,243
4.63608957795004,498,492,-6,-495,252,243
4.63824289405685,503,490,-13,-496.5,258,238.5
4.64039621016365,506,494,-12,-500,259,241
4.64254952627046,509,496,-13,-502.5,261,241.5
4.64470284237726,511,499,-12,-505,261.5,243.5
4.64685615848407,510,498,-12,-504,261,243
4.64900947459087,506,500,-6,-503,256,247
4.65116279069767,505,499,-6,-502,255.5,246.5
4.65331610680448,505,498,-7,-501.5,256,245.5
4.65546942291128,504,495,-9,-499.5,256.5,243
4.65762273901809,505,495,-10,-500,257.5,242.5
4.65977605512489,508,498,-10,-503,259,244
4.6619293712317,508,500,-8,-504,258,246
4.6640826873385,509,501,-8,-505,258.5,246.5
4.66623600344531,509,502,-7,-505.5,258,247.5
4.66838931955211,513,504,-9,-508.5,261,247.5
4.67054263565892,511,502,-9,-506.5,260,246.5
4.67269595176572,510,501,-9,-505.5,259.5,246
4.67484926787252,513,502,-11,-507.5,262,245.5
4.67700258397933,516,502,-14,-509,265,244
4.67915590008613,516,505,-11,-510.5,263.5,247
4.68130921619294,516,506,-10,-511,263,248
4.68346253229974,517,506,-11,-511.5,264,247.5
4.68561584840655,518,508,-10,-513,264,249
4.68776916451335,516,509,-7,-512.5,261.5,251
4.68992248062016,518,508,-10,-513,264,249
4.69207579672696,522,507,-15,-514.5,268.5,246
4.69422911283376,525,510,-15,-517.5,270,247.5
4.69638242894057,526,513,-13,-519.5,269.5,250
4.69853574504737,526,515,-11,-520.5,268.5,252
4.70068906115418,525,516,-9,-520.5,267,253.5
4.70284237726098,527,517,-10,-522,268.5,253.5
4.70499569336779,527,518,-9,-522.5,268,254.5
4.70714900947459,525,517,-8,-521,266.5,254.5
4.7093023255814,528,516,-12,-522,270,252
4.7114556416882,528,516,-12,-522,270,252
4.713608957795,531,519,-12,-525,271.5,253.5
4.71576227390181,534,521,-13,-527.5,273.5,254
4.71791559000861,534,521,-13,-527.5,273.5,254
4.72006890611542,533,523,-10,-528,271.5,256.5
4.72222222222222,534,524,-10,-529,272,257
4.72437553832903,533,522,-11,-527.5,272,255.5
4.72652885443583,532,520,-12,-526,272,254
4.72868217054264,532,523,-9,-527.5,270.5,257
4.73083548664944,535,522,-13,-528.5,274,254.5
4.73298880275625,531,521,-10,-526,270.5,255.5
4.73514211886305,528,525,-3,-526.5,265.5,261
4.73729543496985,531,525,-6,-528,268.5,259.5
4.73944875107666,528,523,-5,-525.5,266.5,259
4.74160206718346,532,525,-7,-528.5,269.5,259
4.74375538329027,533,524,-9,-528.5,271,257.5
4.74590869939707,533,523,-10,-528,271.5,256.5
4.74806201550388,532,523,-9,-527.5,270.5,257
4.75021533161068,528,522,-6,-525,267,258
4.75236864771749,526,522,-4,-524,265,259
4.75452196382429,526,524,-2,-525,264,261
4.75667527993109,525,523,-2,-524,263.5,260.5
4.7588285960379,527,524,-3,-525.5,265,260.5
4.7609819121447,530,524,-6,-527,268,259
4.76313522825151,527,523,-4,-525,265.5,259.5
4.76528854435831,526,519,-7,-522.5,266.5,256
4.76744186046512,524,520,-4,-522,264,258
4.76959517657192,522,521,-1,-521.5,261.5,260
4.77174849267873,517,518,1,-517.5,258,259.5
4.77390180878553,514,516,2,-515,256,259
4.77605512489233,506,515,9,-510.5,248.5,262
4.77820844099914,505,511,6,-508,249.5,258.5
4.78036175710594,505,510,5,-507.5,250,257.5
4.78251507321275,508,511,3,-509.5,252.5,257
4.78466838931955,514,512,-2,-513,258,255
4.78682170542636,520,513,-7,-516.5,263.5,253
4.78897502153316,522,515,-7,-518.5,264.5,254
4.79112833763997,516,515,-1,-515.5,258.5,257
4.79328165374677,514,512,-2,-513,258,255
4.79543496985357,505,511,6,-508,249.5,258.5
4.79758828596038,501,505,4,-503,248.5,254.5
4.79974160206718,496,501,5,-498.5,245.5,253
4.80189491817399,495,500,5,-497.5,245,252.5
4.80404823428079,499,501,2,-500,248.5,251.5
4.8062015503876,500,501,1,-500.5,249.5,251
4.8083548664944,505,505,0,-505,252.5,252.5
4.81050818260121,504,504,0,-504,252,252
4.81266149870801,503,505,2,-504,250.5,253.5
4.81481481481481,498,503,5,-500.5,246.5,254
4.81696813092162,498,499,1,-498.5,248.5,250
4.81912144702842,501,498,-3,-499.5,252,247.5
4.82127476313523,498,496,-2,-497,250,247
4.82342807924203,499,499,0,-499,249.5,249.5
4.82558139534884,504,501,-3,-502.5,253.5,249
4.82773471145564,505,502,-3,-503.5,254,249.5
4.82988802756245,503,502,-1,-502.5,252,250.5
4.83204134366925,499,499,0,-499,249.5,249.5
4.83419465977606,497,496,-1,-496.5,249,247.5
4.83634797588286,493,492,-1,-492.5,247,245.5
4.83850129198966,495,493,-2,-494,248.5,245.5
4.84065460809647,497,496,-1,-496.5,249,247.5
4.84280792420327,496,495,-1,-495.5,248.5,247
4.84496124031008,495,495,0,-495,247.5,247.5
4.84711455641688,494,495,1,-494.5,246.5,248
4.84926787252369,490,492,2,-491,244,247
4.85142118863049,493,494,1,-493.5,246,247.5
4.8535745047373,499,494,-5,-496.5,252,244.5
4.8557278208441,503,495,-8,-499,255.5,243.5
4.8578811369509,508,499,-9,-503.5,258.5,245
4.86003445305771,511,503,-8,-507,259.5,247.5
4.86218776916451,510,501,-9,-505.5,259.5,246
4.86434108527132,507,502,-5,-504.5,256,248.5
4.86649440137812,501,499,-2,-500,251.5,248.5
4.86864771748493,500,498,-2,-499,251,248
4.87080103359173,498,495,-3,-496.5,250.5,246
4.87295434969854,499,494,-5,-496.5,252,244.5
4.87510766580534,501,496,-5,-498.5,253,245.5
4.87726098191215,502,498,-4,-500,253,247
4.87941429801895,501,499,-2,-500,251.5,248.5
4.88156761412575,503,499,-4,-501,253.5,247.5
4.88372093023256,500,498,-2,-499,251,248
4.88587424633936,499,495,-4,-497,251.5,245.5
4.88802756244617,495,492,-3,-493.5,249,244.5
4.89018087855297,497,491,-6,-494,251.5,242.5
4.89233419465978,500,493,-7,-496.5,253.5,243
4.89448751076658,501,496,-5,-498.5,253,245.5
4.89664082687339,505,497,-8,-501,256.5,244.5
4.89879414298019,506,499,-7,-502.5,256.5,246
4.90094745908699,505,501,-4,-503,254.5,248.5
4.9031007751938,506,499,-7,-502.5,256.5,246
4.9052540913006,504,501,-3,-502.5,253.5,249
4.90740740740741,505,498,-7,-501.5,256,245.5
4.90956072351421,506,496,-10,-501,258,243
4.91171403962102,505,500,-5,-502.5,255,247.5
4.91386735572782,506,500,-6,-503,256,247
4.91602067183463,507,500,-7,-503.5,257,246.5
4.91817398794143,505,502,-3,-503.5,254,249.5
4.92032730404823,505,502,-3,-503.5,254,249.5
4.92248062015504,504,503,-1,-503.5,252.5,251
4.92463393626184,506,500,-6,-503,256,247
4.92678725236865,507,499,-8,-503,257.5,245.5
4.92894056847545,510,501,-9,-505.5,259.5,246
4.93109388458226,507,504,-3,-505.5,255,250.5
4.93324720068906,510,502,-8,-506,259,247
4.93540051679587,508,504,-4,-506,256,250
4.93755383290267,510,505,-5,-507.5,257.5,250
4.93970714900948,509,504,-5,-506.5,257,249.5
4.94186046511628,514,504,-10,-509,262,247
4.94401378122308,516,502,-14,-509,265,244
4.94616709732989,521,506,-15,-513.5,268,245.5
4.94832041343669,522,509,-13,-515.5,267.5,248
4.9504737295435,522,509,-13,-515.5,267.5,248
4.9526270456503,523,512,-11,-517.5,267,250.5
4.95478036175711,521,512,-9,-516.5,265,251.5
4.95693367786391,521,511,-10,-516,265.5,250.5
4.95908699397071,520,513,-7,-516.5,263.5,253
4.96124031007752,517,509,-8,-513,262.5,250.5
4.96339362618432,516,508,-8,-512,262,250
4.96554694229113,512,510,-2,-511,257,254
4.96770025839793,513,511,-2,-512,257.5,254.5
4.96985357450474,516,512,-4,-514,260,254
4.97200689061154,515,513,-2,-514,258.5,255.5
4.97416020671835,517,514,-3,-515.5,260,255.5
4.97631352282515,515,512,-3,-513.5,259,254.5
4.97846683893196,512,506,-6,-509,259,250
4.98062015503876,507,505,-2,-506,254.5,251.5
4.98277347114556,504,505,1,-504.5,251.5,253
4.98492678725237,502,504,2,-503,250,253
4.98708010335917,500,502,2,-501,249,252
4.98923341946598,499,502,3,-500.5,248,252.5
4.99138673557278,497,502,5,-499.5,246,253.5
4.99354005167959,495,499,4,-497,245.5,251.5
4.99569336778639,492,495,3,-493.5,244.5,249
4.9978466838932,493,493,0,-493,246.5,246.5
5,499,495,-4,-497,251.5,245.5
5.0021533161068,502,499,-3,-500.5,252.5,248
5.00430663221361,502,498,-4,-500,253,247
5.00645994832041,501,499,-2,-500,251.5,248.5
5.00861326442722,498,497,-1,-497.5,249.5,248
5.01076658053402,492,498,6,-495,243,252
5.01291989664083,489,490,1,-489.5,244,245.5
5.01507321274763,488,488,0,-488,244,244
5.01722652885444,486,485,-1,-485.5,243.5,242
5.01937984496124,489,489,0,-489,244.5,244.5
5.02153316106804,490,490,0,-490,245,245
5.02368647717485,491,490,-1,-490.5,246,244.5
5.02583979328165,492,491,-1,-491.5,246.5,245
5.02799310938846,489,491,2,-490,243.5,246.5
5.03014642549526,489,488,-1,-488.5,245,243.5
5.03229974160207,486,485,-1,-485.5,243.5,242
5.03445305770887,488,485,-3,-486.5,245.5,241
5.03660637381568,487,486,-1,-486.5,244,242.5
5.03875968992248,489,486,-3,-487.5,246,241.5
5.04091300602929,487,486,-1,-486.5,244,242.5
5.04306632213609,481,483,2,-482,239.5,242.5
5.04521963824289,482,484,2,-483,240,243
5.0473729543497,482,483,1,-482.5,240.5,242
5.0495262704565,484,479,-5,-481.5,244.5,237
5.05167958656331,483,480,-3,-481.5,243,238.5
5.05383290267011,486,482,-4,-484,245,239
5.05598621877692,487,484,-3,-485.5,245,240.5
5.05813953488372,490,485,-5,-487.5,247.5,240
5.06029285099053,500,490,-10,-495,255,240
5.06244616709733,507,493,-14,-500,260.5,239.5
5.06459948320413,522,502,-20,-512,271,241
5.06675279931094,539,506,-33,-522.5,286,236.5
5.06890611541774,557,515,-42,-536,299.5,236.5
5.07105943152455,575,526,-49,-550.5,312,238.5
5.07321274763135,594,538,-56,-566,325,241
5.07536606373816,613,551,-62,-582,337.5,244.5
5.07751937984496,625,562,-63,-593.5,344,249.5
5.07967269595177,622,568,-54,-595,338,257
5.08182601205857,612,571,-41,-591.5,326.5,265
5.08397932816538,592,562,-30,-577,311,266
5.08613264427218,570,553,-17,-561.5,293.5,268
5.08828596037898,544,543,-1,-543.5,272.5,271
5.09043927648579,526,540,14,-533,256,277
5.09259259259259,508,529,21,-518.5,243.5,275
5.0947459086994,489,519,30,-504,229.5,274.5
5.0968992248062,480,513,33,-496.5,223.5,273
5.09905254091301,477,511,34,-494,221.5,272.5
5.10120585701981,478,504,26,-491,226,265
5.10335917312662,485,503,18,-494,233.5,260.5
5.10551248923342,487,500,13,-493.5,237,256.5
5.10766580534022,490,501,11,-495.5,239.5,256
5.10981912144703,489,498,9,-493.5,240,253.5
5.11197243755383,490,497,7,-493.5,241.5,252
5.11412575366064,494,500,6,-497,244,253
5.11627906976744,498,503,5,-500.5,246.5,254
5.11843238587425,499,500,1,-499.5,249,250.5
5.12058570198105,496,497,1,-496.5,247.5,249
5.12273901808786,495,494,-1,-494.5,248,246.5
5.12489233419466,490,493,3,-491.5,243.5,248
5.12704565030146,492,494,2,-493,245,248
5.12919896640827,495,494,-1,-494.5,248,246.5
5.13135228251507,493,495,2,-494,245.5,248.5
5.13350559862188,492,495,3,-493.5,244.5,249
5.13565891472868,490,494,4,-492,243,249
5.13781223083549,490,491,1,-490.5,244.5,246
5.13996554694229,489,489,0,-489,244.5,244.5
5.1421188630491,490,488,-2,-489,246,243
5.1442721791559,488,489,1,-488.5,243.5,245
5.1464254952627,491,490,-1,-490.5,246,244.5
5.14857881136951,487,488,1,-487.5,243,244.5
5.15073212747631,488,488,0,-488,244,244
5.15288544358312,491,492,1,-491.5,245,246.5
5.15503875968992,492,489,-3,-490.5,247.5,243
5.15719207579673,491,487,-4,-489,247.5,241.5
5.15934539190353,489,483,-6,-486,247.5,238.5
5.16149870801034,491,486,-5,-488.5,248,240.5
5.16365202411714,494,488,-6,-491,250,241
5.16580534022394,494,489,-5,-491.5,249.5,242
5.16795865633075,493,488,-5,-490.5,249,241.5
5.17011197243755,493,491,-2,-492,247.5,244.5
5.17226528854436,493,489,-4,-491,248.5,242.5
5.17441860465116,495,489,-6,-492,250.5,241.5
5.17657192075797,497,488,-9,-492.5,253,239.5
5.17872523686477,501,491,-10,-496,255.5,240.5
5.18087855297158,501,492,-9,-496.5,255,241.5
5.18303186907838,503,493,-10,-498,256.5,241.5
5.18518518518519,504,495,-9,-499.5,256.5,243
5.18733850129199,503,499,-4,-501,253.5,247.5
5.18949181739879,498,494,-4,-496,251,245
5.1916451335056,494,491,-3,-492.5,248.5,244
5.1937984496124,495,489,-6,-492,250.5,241.5
5.19595176571921,500,493,-7,-496.5,253.5,243
5.19810508182601,502,494,-8,-498,255,243
5.20025839793282,504,495,-9,-499.5,256.5,243
5.20241171403962,503,497,-6,-500,254.5,245.5
5.20456503014643,504,499,-5,-501.5,254.5,247
5.20671834625323,500,496,-4,-498,252,246
5.20887166236003,499,496,-3,-497.5,251,246.5
5.21102497846684,497,491,-6,-494,251.5,242.5
5.21317829457364,499,492,-7,-495.5,253,242.5
5.21533161068045,502,493,-9,-497.5,255.5,242
5.21748492678725,508,495,-13,-501.5,260.5,241
5.21963824289406,509,498,-11,-503.5,260,243.5
5.22179155900086,512,501,-11,-506.5,261.5,245
5.22394487510767,514,504,-10,-509,262,247
5.22609819121447,513,502,-11,-507.5,262,245.5
5.22825150732127,515,502,-13,-508.5,264,244.5
5.23040482342808,515,501,-14,-508,264.5,243.5
5.23255813953488,517,505,-12,-511,264.5,246.5
5.23471145564169,521,506,-15,-513.5,268,245.5
5.23686477174849,520,508,-12,-514,266,248
5.2390180878553,519,507,-12,-513,265.5,247.5
5.2411714039621,516,510,-6,-513,261,252
5.24332472006891,514,508,-6,-511,260,251
5.24547803617571,515,507,-8,-511,261.5,249.5
5.24763135228252,515,506,-9,-510.5,262,248.5
5.24978466838932,519,507,-12,-513,265.5,247.5
5.25193798449612,522,510,-12,-516,267,249
5.25409130060293,528,514,-14,-521,271,250
5.25624461670973,529,514,-15,-521.5,272,249.5
5.25839793281654,524,517,-7,-520.5,265.5,255
5.26055124892334,524,515,-9,-519.5,266.5,253
5.26270456503015,523,515,-8,-519,265.5,253.5
5.26485788113695,525,514,-11,-519.5,268,251.5
5.26701119724376,527,515,-12,-521,269.5,251.5
5.26916451335056,527,515,-12,-521,269.5,251.5
5.27131782945736,529,517,-12,-523,270.5,252.5
5.27347114556417,530,518,-12,-524,271,253
5.27562446167097,531,522,-9,-526.5,270,256.5
5.27777777777778,531,522,-9,-526.5,270,256.5
5.27993109388458,531,522,-9,-526.5,270,256.5
5.28208440999139,530,519,-11,-524.5,270.5,254
5.28423772609819,532,522,-10,-527,271,256
5.286391042205,533,521,-12,-527,272.5,254.5
5.2885443583118,531,521,-10,-526,270.5,255.5
5.29069767441861,531,523,-8,-527,269.5,257.5
5.29285099052541,530,525,-5,-527.5,267.5,260
5.29500430663221,528,524,-4,-526,266,260
5.29715762273902,526,522,-4,-524,265,259
5.29931093884582,522,519,-3,-520.5,262.5,258
5.30146425495263,523,521,-2,-522,262.5,259.5
5.30361757105943,524,519,-5,-521.5,264.5,257
5.30577088716624,528,521,-7,-524.5,267.5,257
5.30792420327304,529,522,-7,-525.5,268,257.5
5.31007751937985,529,523,-6,-526,267.5,258.5
5.31223083548665,529,523,-6,-526,267.5,258.5
5.31438415159345,527,523,-4,-525,265.5,259.5
5.31653746770026,522,522,0,-522,261,261
5.31869078380706,523,520,-3,-521.5,263,258.5
5.32084409991387,520,514,-6,-517,263,254
5.32299741602067,517,514,-3,-515.5,260,255.5
5.32515073212748,514,517,3,-515.5,255.5,260
5.32730404823428,516,517,1,-516.5,257.5,259
5.32945736434109,515,514,-1,-514.5,258,256.5
5.33161068044789,518,515,-3,-516.5,260.5,256
5.33376399655469,514,512,-2,-513,258,255
5.3359173126615,510,512,2,-511,254,257
5.3380706287683,503,506,3,-504.5,250,254.5
5.34022394487511,502,503,1,-502.5,250.5,252
5.34237726098191,501,505,4,-503,248.5,254.5
5.34453057708872,501,506,5,-503.5,248,255.5
5.34668389319552,505,505,0,-505,252.5,252.5
5.34883720930233,504,507,3,-505.5,250.5,255
5.35099052540913,501,505,4,-503,248.5,254.5
5.35314384151593,502,504,2,-503,250,253
5.35529715762274,498,498,0,-498,249,249
5.35745047372954,497,499,2,-498,247.5,250.5
5.35960378983635,499,499,0,-499,249.5,249.5
5.36175710594315,501,502,1,-501.5,250,251.5
5.36391042204996,499,499,0,-499,249.5,249.5
5.36606373815676,496,498,2,-497,247,250
5.36821705426357,493,500,7,-496.5,243,253.5
5.37037037037037,494,497,3,-495.5,245.5,250
5.37252368647717,490,492,2,-491,244,247
5.37467700258398,492,490,-2,-491,247,244
5.37683031869078,488,491,3,-489.5,242.5,247
5.37898363479759,490,492,2,-491,244,247
5.38113695090439,492,492,0,-492,246,246
5.3832902670112,490,490,0,-490,245,245
5.385443583118,492,491,-1,-491.5,246.5,245
5.38759689922481,493,492,-1,-492.5,247,245.5
5.38975021533161,496,490,-6,-493,251,242
5.39190353143842,499,490,-9,-494.5,254,240.5
5.39405684754522,499,490,-9,-494.5,254,240.5
5.39621016365202,498,491,-7,-494.5,252.5,242
5.39836347975883,494,491,-3,-492.5,248.5,244
5.40051679586563,492,492,0,-492,246,246
5.40267011197244,489,489,0,-489,244.5,244.5
5.40482342807924,489,492,3,-490.5,243,247.5
5.40697674418605,497,493,-4,-495,250.5,244.5
5.40913006029285,501,491,-10,-496,255.5,240.5
5.41128337639966,507,493,-14,-500,260.5,239.5
5.41343669250646,504,495,-9,-499.5,256.5,243
5.41559000861326,504,496,-8,-500,256,244
5.41774332472007,498,494,-4,-496,251,245
5.41989664082687,497,494,-3,-495.5,250,245.5
5.42204995693368,495,494,-1,-494.5,248,246.5
5.42420327304048,495,494,-1,-494.5,248,246.5
5.42635658914729,496,489,-7,-492.5,251.5,241
5.42850990525409,495,491,-4,-493,249.5,243.5
5.4306632213609,497,491,-6,-494,251.5,242.5
5.4328165374677,501,494,-7,-497.5,254,243.5
5.43496985357451,499,495,-4,-497,251.5,245.5
5.43712316968131,502,494,-8,-498,255,243
5.43927648578811,498,494,-4,-496,251,245
5.44142980189492,499,497,-2,-498,250.5,247.5
5.44358311800172,498,493,-5,-495.5,251.5,244
5.44573643410853,493,489,-4,-491,248.5,242.5
5.44788975021533,491,486,-5,-488.5,248,240.5
5.45004306632214,492,490,-2,-491,247,244
5.45219638242894,491,490,-1,-490.5,246,244.5
5.45434969853575,493,490,-3,-491.5,248,243.5
5.45650301464255,493,490,-3,-491.5,248,243.5
5.45865633074935,497,493,-4,-495,250.5,244.5
5.46080964685616,499,493,-6,-496,252.5,243.5
5.46296296296296,500,492,-8,-496,254,242
5.46511627906977,502,491,-11,-496.5,256.5,240
5.46726959517657,500,493,-7,-496.5,253.5,243
5.46942291128338,500,493,-7,-496.5,253.5,243
5.47157622739018,498,493,-5,-495.5,251.5,244
5.47372954349699,500,494,-6,-497,253,244
5.47588285960379,500,497,-3,-498.5,251.5,247
5.47803617571059,501,496,-5,-498.5,253,245.5
5.4801894918174,499,492,-7,-495.5,253,242.5
5.4823428079242,497,490,-7,-493.5,252,241.5
5.48449612403101,497,491,-6,-494,251.5,242.5
5.48664944013781,497,495,-2,-496,249.5,246.5
5.48880275624462,502,495,-7,-498.5,254.5,244
5.49095607235142,501,496,-5,-498.5,253,245.5
5.49310938845823,505,499,-6,-502,255.5,246.5
5.49526270456503,506,500,-6,-503,256,247
5.49741602067184,511,499,-12,-505,261.5,243.5
5.49956933677864,512,499,-13,-505.5,262.5,243
5.50172265288544,512,499,-13,-505.5,262.5,243
5.50387596899225,515,504,-11,-509.5,263,246.5
5.50602928509905,516,504,-12,-510,264,246
5.50818260120586,516,505,-11,-510.5,263.5,247
5.51033591731266,518,508,-10,-513,264,249
5.51248923341947,518,509,-9,-513.5,263.5,250
5.51464254952627,517,507,-10,-512,263.5,248.5
5.51679586563308,517,505,-12,-511,264.5,246.5
5.51894918173988,514,506,-8,-510,261,249
5.52110249784668,513,506,-7,-509.5,260,249.5
5.52325581395349,515,508,-7,-511.5,261,250.5
5.52540913006029,512,509,-3,-510.5,257.5,253
5.5275624461671,515,509,-6,-512,260.5,251.5
5.5297157622739,512,511,-1,-511.5,256.5,255
5.53186907838071,510,507,-3,-508.5,256.5,252
5.53402239448751,513,503,-10,-508,261.5,246.5
5.53617571059432,508,505,-3,-506.5,255.5,251
5.53832902670112,511,506,-5,-508.5,258,250.5
5.54048234280792,513,508,-5,-510.5,259,251.5
5.54263565891473,516,507,-9,-511.5,262.5,249
5.54478897502153,513,507,-6,-510,259.5,250.5
5.54694229112834,508,508,0,-508,254,254
5.54909560723514,502,503,1,-502.5,250.5,252
5.55124892334195,499,500,1,-499.5,249,250.5
5.55340223944875,494,495,1,-494.5,246.5,248
5.55555555555556,494,496,2,-495,246,249
5.55770887166236,495,496,1,-495.5,247,248.5
5.55986218776916,497,496,-1,-496.5,249,247.5
5.56201550387597,496,496,0,-496,248,248
5.56416881998277,493,495,2,-494,245.5,248.5
5.56632213608958,488,492,4,-490,242,248
5.56847545219638,484,489,5,-486.5,239.5,247
5.57062876830319,484,487,3,-485.5,240.5,245
5.57278208440999,485,485,0,-485,242.5,242.5
5.5749354005168,484,487,3,-485.5,240.5,245
5.5770887166236,485,486,1,-485.5,242,243.5
5.5792420327304,483,486,3,-484.5,240,244.5
5.58139534883721,485,487,2,-486,241.5,244.5
5.58354866494401,489,491,2,-490,243.5,246.5
5.58570198105082,493,490,-3,-491.5,248,243.5
5.58785529715762,496,489,-7,-492.5,251.5,241
5.59000861326443,495,487,-8,-491,251.5,239.5
5.59216192937123,495,489,-6,-492,250.5,241.5
5.59431524547804,494,488,-6,-491,250,241
5.59646856158484,492,488,-4,-490,248,242
5.59862187769165,490,487,-3,-488.5,246.5,242
5.60077519379845,486,487,1,-486.5,242.5,244
5.60292850990525,483,484,1,-483.5,241,242.5
5.60508182601206,484,484,0,-484,242,242
5.60723514211886,483,481,-2,-482,242.5,239.5
5.60938845822567,483,484,1,-483.5,241,242.5
5.61154177433247,484,482,-2,-483,243,240
5.61369509043928,483,484,1,-483.5,241,242.5
5.61584840654608,479,481,2,-480,238.5,241.5
5.61800172265289,479,481,2,-480,238.5,241.5
5.62015503875969,477,477,0,-477,238.5,238.5
5.62230835486649,473,475,2,-474,235.5,238.5
5.6244616709733,480,475,-5,-477.5,242.5,235
5.6266149870801,486,480,-6,-483,246,237
5.62876830318691,495,483,-12,-489,253.5,235.5
5.63092161929371,507,488,-19,-497.5,263,234.5
5.63307493540052,525,499,-26,-512,275.5,236.5
5.63522825150732,544,512,-32,-528,288,240
5.63738156761413,561,520,-41,-540.5,301,239.5
5.63953488372093,580,532,-48,-556,314,242
5.64168819982774,596,540,-56,-568,326,242
5.64384151593454,612,550,-62,-581,337,244
5.64599483204134,618,557,-61,-587.5,339.5,248
5.64814814814815,615,562,-53,-588.5,334,254.5
5.65030146425495,604,562,-42,-583,323,260
5.65245478036176,584,559,-25,-571.5,304.5,267
5.65460809646856,559,552,-7,-555.5,283,272.5
5.65676141257537,535,542,7,-538.5,264,274.5
5.65891472868217,512,529,17,-520.5,247.5,273
5.66106804478898,493,517,24,-505,234.5,270.5
5.66322136089578,480,509,29,-494.5,225.5,269
5.66537467700258,477,506,29,-491.5,224,267.5
5.66752799310939,474,501,27,-487.5,223.5,264
5.66968130921619,481,502,21,-491.5,230,261.5
5.671834625323,487,504,17,-495.5,235,260.5
5.6739879414298,491,502,11,-496.5,240,256.5
5.67614125753661,493,500,7,-496.5,243,253.5
5.67829457364341,496,498,2,-497,247,250
5.68044788975022,498,499,1,-498.5,248.5,250
5.68260120585702,499,498,-1,-498.5,250,248.5
5.68475452196382,498,498,0,-498,249,249
5.68690783807063,495,498,3,-496.5,246,250.5
5.68906115417743,490,498,8,-494,241,253
5.69121447028424,483,493,10,-488,236.5,251.5
5.69336778639104,480,491,11,-485.5,234.5,251
5.69552110249785,478,484,6,-481,236,245
5.69767441860465,480,483,3,-481.5,238.5,243
5.69982773471146,483,484,1,-483.5,241,242.5
5.70198105081826,483,485,2,-484,240.5,243.5
5.70413436692507,484,486,2,-485,241,244
5.70628768303187,487,487,0,-487,243.5,243.5
5.70844099913867,493,489,-4,-491,248.5,242.5
5.71059431524548,494,489,-5,-491.5,249.5,242
5.71274763135228,496,489,-7,-492.5,251.5,241
5.71490094745909,495,487,-8,-491,251.5,239.5
5.71705426356589,494,486,-8,-490,251,239
5.7192075796727,489,486,-3,-487.5,246,241.5
5.7213608957795,487,486,-1,-486.5,244,242.5
5.72351421188631,489,488,-1,-488.5,245,243.5
5.72566752799311,490,488,-2,-489,246,243
5.72782084409991,490,487,-3,-488.5,246.5,242
5.72997416020672,491,486,-5,-488.5,248,240.5
5.73212747631352,493,487,-6,-490,249.5,240.5
5.73428079242033,492,484,-8,-488,250,238
5.73643410852713,493,486,-7,-489.5,250,239.5
5.73858742463394,493,488,-5,-490.5,249,241.5
5.74074074074074,493,489,-4,-491,248.5,242.5
5.74289405684755,497,489,-8,-493,252.5,240.5
5.74504737295435,496,490,-6,-493,251,242
5.74720068906115,496,489,-7,-492.5,251.5,241
5.74935400516796,497,489,-8,-493,252.5,240.5
5.75150732127476,498,488,-10,-493,254,239
5.75366063738157,497,490,-7,-493.5,252,241.5
5.75581395348837,498,492,-6,-495,252,243
5.75796726959518,501,493,-8,-497,254.5,242.5
5.76012058570198,500,493,-7,-496.5,253.5,243
5.76227390180879,502,495,-7,-498.5,254.5,244
5.76442721791559,498,494,-4,-496,251,245
5.76658053402239,497,492,-5,-494.5,251,243.5
5.7687338501292,497,490,-7,-493.5,252,241.5
5.770887166236,499,489,-10,-494,254.5,239.5
5.77304048234281,497,492,-5,-494.5,251,243.5
5.77519379844961,499,491,-8,-495,253.5,241.5
5.77734711455642,497,495,-2,-496,249.5,246.5
5.77950043066322,496,493,-3,-494.5,249.5,245
5.78165374677003,499,493,-6,-496,252.5,243.5
5.78380706287683,501,493,-8,-497,254.5,242.5
5.78596037898363,503,496,-7,-499.5,255,244.5
5.78811369509044,509,496,-13,-502.5,261,241.5
5.79026701119724,512,497,-15,-504.5,263.5,241
5.79242032730405,511,501,-10,-506,260.5,245.5
5.79457364341085,510,502,-8,-506,259,247
5.79672695951766,507,500,-7,-503.5,257,246.5
5.79888027562446,504,502,-2,-503,253,250
5.80103359173127,510,503,-7,-506.5,258.5,248
5.80318690783807,516,503,-13,-509.5,264.5,245
5.80534022394488,523,504,-19,-513.5,271,242.5
5.80749354005168,522,507,-15,-514.5,268.5,246
5.80964685615848,519,507,-12,-513,265.5,247.5
5.81180017226529,518,510,-8,-514,263,251
5.81395348837209,519,509,-10,-514,264.5,249.5
5.8161068044789,522,512,-10,-517,266,251
5.8182601205857,523,512,-11,-517.5,267,250.5
5.82041343669251,524,513,-11,-518.5,267.5,251
5.82256675279931,526,511,-15,-518.5,270.5,248
5.82472006890612,528,512,-16,-520,272,248
5.82687338501292,530,516,-14,-523,272,251
5.82902670111972,526,515,-11,-520.5,268.5,252
5.83118001722653,526,516,-10,-521,268,253
5.83333333333333,524,516,-8,-520,266,254
5.83548664944014,526,517,-9,-521.5,267.5,254
5.83763996554694,529,517,-12,-523,270.5,252.5
5.83979328165375,529,518,-11,-523.5,270,253.5
5.84194659776055,529,518,-11,-523.5,270,253.5
5.84409991386736,528,518,-10,-523,269,254
5.84625322997416,529,520,-9,-524.5,269,255.5
5.84840654608097,529,524,-5,-526.5,267,259.5
5.85055986218777,534,522,-12,-528,273,255
5.85271317829457,528,525,-3,-526.5,265.5,261
5.85486649440138,527,523,-4,-525,265.5,259.5
5.85701981050818,524,520,-4,-522,264,258
5.85917312661499,526,518,-8,-522,267,255
5.86132644272179,527,520,-7,-523.5,267,256.5
5.8634797588286,529,522,-7,-525.5,268,257.5
5.8656330749354,532,525,-7,-528.5,269.5,259
5.86778639104221,532,524,-8,-528,270,258
5.86993970714901,533,526,-7,-529.5,270,259.5
5.87209302325581,531,525,-6,-528,268.5,259.5
5.87424633936262,529,524,-5,-526.5,267,259.5
5.87639965546942,525,519,-6,-522,265.5,256.5
5.87855297157623,520,518,-2,-519,261,258
5.88070628768303,518,519,1,-518.5,258.5,260
5.88285960378984,518,516,-2,-517,260,257
5.88501291989664,517,519,2,-518,257.5,260.5
5.88716623600345,520,519,-1,-519.5,260.5,259
5.88931955211025,523,519,-4,-521,263.5,257.5
5.89147286821705,524,516,-8,-520,266,254
5.89362618432386,523,516,-7,-519.5,265,254.5
5.89577950043066,523,515,-8,-519,265.5,253.5
5.89793281653747,524,517,-7,-520.5,265.5,255
5.90008613264427,518,517,-1,-517.5,259.5,258
5.90223944875108,517,517,0,-517,258.5,258.5
5.90439276485788,513,515,2,-514,255.5,258.5
5.90654608096469,506,511,5,-508.5,250.5,258
5.90869939707149,505,514,9,-509.5,248,261.5
5.9108527131783,507,508,1,-507.5,253,254.5
5.9130060292851,508,507,-1,-507.5,254.5,253
5.9151593453919,503,505,2,-504,250.5,253.5
5.91731266149871,502,506,4,-504,249,255
5.91946597760551,499,503,4,-501,247.5,253.5
5.92161929371232,499,502,3,-500.5,248,252.5
5.92377260981912,500,504,4,-502,248,254
5.92592592592593,504,503,-1,-503.5,252.5,251
5.92807924203273,501,500,-1,-500.5,251,249.5
5.93023255813953,502,498,-4,-500,253,247
5.93238587424634,501,498,-3,-499.5,252,247.5
5.93453919035314,496,496,0,-496,248,248
5.93669250645995,495,496,1,-495.5,247,248.5
5.93884582256675,496,496,0,-496,248,248
5.94099913867356,494,495,1,-494.5,246.5,248
5.94315245478036,493,495,2,-494,245.5,248.5
5.94530577088717,491,491,0,-491,245.5,245.5
5.94745908699397,487,489,2,-488,242.5,245.5
5.94961240310078,491,489,-2,-490,246.5,243.5
5.95176571920758,493,489,-4,-491,248.5,242.5
5.95391903531438,496,494,-2,-495,249,246
5.95607235142119,496,493,-3,-494.5,249.5,245
5.95822566752799,495,494,-1,-494.5,248,246.5
5.9603789836348,493,494,1,-493.5,246,247.5
5.9625322997416,496,496,0,-496,248,248
5.96468561584841,502,492,-10,-497,256,241
5.96683893195521,501,492,-9,-496.5,255,241.5
5.96899224806202,498,492,-6,-495,252,243
5.97114556416882,496,491,-5,-493.5,250.5,243
5.97329888027562,498,493,-5,-495.5,251.5,244
5.97545219638243,497,493,-4,-495,250.5,244.5
5.97760551248923,497,494,-3,-495.5,250,245.5
5.97975882859604,499,495,-4,-497,251.5,245.5
5.98191214470284,495,492,-3,-493.5,249,244.5
5.98406546080965,495,489,-6,-492,250.5,241.5
5.98621877691645,497,490,-7,-493.5,252,241.5
5.98837209302326,497,491,-6,-494,251.5,242.5
5.99052540913006,500,494,-6,-497,253,244
5.99267872523686,500,496,-4,-498,252,246
5.99483204134367,500,494,-6,-497,253,244
5.99698535745047,496,495,-1,-495.5,248.5,247
5.99913867355728,494,491,-3,-492.5,248.5,244
6.00129198966408,492,489,-3,-490.5,247.5,243
6.00344530577089,492,489,-3,-490.5,247.5,243
6.00559862187769,494,489,-5,-491.5,249.5,242
6.0077519379845,492,491,-1,-491.5,246.5,245
6.0099052540913,495,491,-4,-493,249.5,243.5
6.01205857019811,495,494,-1,-494.5,248,246.5
6.01421188630491,497,493,-4,-495,250.5,244.5
6.01636520241171,499,493,-6,-496,252.5,243.5
6.01851851851852,500,492,-8,-496,254,242
6.02067183462532,501,491,-10,-496,255.5,240.5
6.02282515073213,502,493,-9,-497.5,255.5,242
6.02497846683893,501,493,-8,-497,254.5,242.5
6.02713178294574,499,494,-5,-496.5,252,244.5
6.02928509905254,499,494,-5,-496.5,252,244.5
6.03143841515935,498,496,-2,-497,250,247
6.03359173126615,498,495,-3,-496.5,250.5,246
6.03574504737295,498,493,-5,-495.5,251.5,244
6.03789836347976,497,491,-6,-494,251.5,242.5
6.04005167958656,495,490,-5,-492.5,250,242.5
6.04220499569337,495,493,-2,-494,248.5,245.5
6.04435831180017,496,493,-3,-494.5,249.5,245
6.04651162790698,501,494,-7,-497.5,254,243.5
6.04866494401378,502,495,-7,-498.5,254.5,244
6.05081826012059,502,499,-3,-500.5,252.5,248
6.05297157622739,502,496,-6,-499,254,245
6.0551248923342,500,491,-9,-495.5,254.5,241
6.057278208441,498,492,-6,-495,252,243
6.0594315245478,500,494,-6,-497,253,244
6.06158484065461,500,495,-5,-497.5,252.5,245
6.06373815676141,500,495,-5,-497.5,252.5,245
6.06589147286822,499,494,-5,-496.5,252,244.5
6.06804478897502,501,498,-3,-499.5,252,247.5
6.07019810508183,501,496,-5,-498.5,253,245.5
6.07235142118863,505,496,-9,-500.5,257,243.5
6.07450473729544,507,496,-11,-501.5,259,242.5
6.07665805340224,509,499,-10,-504,259.5,244.5
6.07881136950904,509,500,-9,-504.5,259,245.5
6.08096468561585,513,501,-12,-507,262.5,244.5
6.08311800172265,519,505,-14,-512,266.5,245.5
6.08527131782946,519,508,-11,-513.5,265,248.5
6.08742463393626,520,508,-12,-514,266,248
6.08957795004307,519,506,-13,-512.5,266,246.5
6.09173126614987,518,505,-13,-511.5,265.5,246
6.09388458225668,515,503,-12,-509,263.5,245.5
6.09603789836348,518,508,-10,-513,264,249
6.09819121447028,517,506,-11,-511.5,264,247.5
6.10034453057709,518,509,-9,-513.5,263.5,250
6.10249784668389,517,510,-7,-513.5,262,251.5
6.1046511627907,518,510,-8,-514,263,251
6.1068044788975,517,509,-8,-513,262.5,250.5
6.10895779500431,519,508,-11,-513.5,265,248.5
6.11111111111111,521,509,-12,-515,266.5,248.5
6.11326442721792,521,509,-12,-515,266.5,248.5
6.11541774332472,519,511,-8,-515,263.5,251.5
6.11757105943152,518,512,-6,-515,262,253
6.11972437553833,513,511,-2,-512,257.5,254.5
6.12187769164513,513,510,-3,-511.5,258,253.5
6.12403100775194,511,510,-1,-510.5,256,254.5
6.12618432385874,510,509,-1,-509.5,255.5,254
6.12833763996555,510,507,-3,-508.5,256.5,252
6.13049095607235,510,508,-2,-509,256,253
6.13264427217916,509,508,-1,-508.5,255,253.5
6.13479758828596,507,507,0,-507,253.5,253.5
6.13695090439276,502,503,1,-502.5,250.5,252
6.13910422049957,498,505,7,-501.5,245.5,256
6.14125753660637,491,499,8,-495,241.5,253.5
6.14341085271318,490,497,7,-493.5,241.5,252
6.14556416881998,494,495,1,-494.5,246.5,248
6.14771748492679,494,492,-2,-493,248,245
6.14987080103359,495,495,0,-495,247.5,247.5
6.1520241171404,492,494,2,-493,245,248
6.1541774332472,486,493,7,-489.5,239.5,250
6.15633074935401,484,491,7,-487.5,238.5,249
6.15848406546081,485,492,7,-488.5,239,249.5
6.16063738156761,488,490,2,-489,243,246
6.16279069767442,488,488,0,-488,244,244
6.16494401378122,492,488,-4,-490,248,242
6.16709732988803,495,489,-6,-492,250.5,241.5
6.16925064599483,499,492,-7,-495.5,253,242.5
6.17140396210164,498,492,-6,-495,252,243
6.17355727820844,499,493,-6,-496,252.5,243.5
6.17571059431525,494,492,-2,-493,248,245
6.17786391042205,491,491,0,-491,245.5,245.5
6.18001722652885,487,488,1,-487.5,243,244.5
6.18217054263566,488,487,-1,-487.5,244.5,243
6.18432385874246,490,489,-1,-489.5,245.5,244
6.18647717484927,489,487,-2,-488,245.5,242.5
6.18863049095607,486,486,0,-486,243,243
6.19078380706288,486,486,0,-486,243,243
6.19293712316968,483,486,3,-484.5,240,244.5
6.19509043927649,485,486,1,-485.5,242,243.5
6.19724375538329,486,484,-2,-485,244,241
6.1993970714901,490,484,-6,-487,248,239
6.2015503875969,491,485,-6,-488,248.5,239.5
6.2037037037037,495,487,-8,-491,251.5,239.5
6.20585701981051,503,491,-12,-497,257.5,239.5
6.20801033591731,514,497,-17,-505.5,265.5,240
6.21016365202412,530,506,-24,-518,277,241
6.21231696813092,549,516,-33,-532.5,291,241.5
6.21447028423773,574,524,-50,-549,312,237
6.21662360034453,593,536,-57,-564.5,325,239.5
6.21877691645134,608,549,-59,-578.5,333.5,245
6.22093023255814,619,558,-61,-588.5,340,248.5
6.22308354866494,630,567,-63,-598.5,346.5,252
6.22523686477175,632,575,-57,-603.5,344.5,259
6.22739018087855,625,578,-47,-601.5,336,265.5
6.22954349698536,609,575,-34,-592,321.5,270.5
6.23169681309216,585,569,-16,-577,300.5,276.5
6.23385012919897,560,557,-3,-558.5,281.5,277
6.23600344530577,535,545,10,-540,262.5,277.5
6.23815676141258,514,536,22,-525,246,279
6.24031007751938,496,525,29,-510.5,233.5,277
6.24246339362618,481,518,37,-499.5,222,277.5
6.24461670973299,480,514,34,-497,223,274
6.24677002583979,488,515,27,-501.5,230.5,271
6.2489233419466,497,514,17,-505.5,240,265.5
6.2510766580534,504,514,10,-509,247,262
6.25322997416021,509,514,5,-511.5,252,259.5
6.25538329026701,512,513,1,-512.5,255.5,257
6.25753660637382,512,514,2,-513,255,258
6.25968992248062,508,510,2,-509,253,256
6.26184323858743,505,511,6,-508,249.5,258.5
6.26399655469423,501,505,4,-503,248.5,254.5
6.26614987080103,494,503,9,-498.5,242.5,256
6.26830318690784,487,499,12,-493,237.5,255.5
6.27045650301464,486,494,8,-490,239,251
6.27260981912145,482,490,8,-486,237,249
6.27476313522825,482,490,8,-486,237,249
6.27691645133506,485,491,6,-488,239.5,248.5
6.27906976744186,492,495,3,-493.5,244.5,249
6.28122308354867,494,494,0,-494,247,247
6.28337639965547,495,495,0,-495,247.5,247.5
6.28552971576227,493,494,1,-493.5,246,247.5
6.28768303186908,492,491,-1,-491.5,246.5,245
6.28983634797588,489,489,0,-489,244.5,244.5
6.29198966408269,488,488,0,-488,244,244
6.29414298018949,491,490,-1,-490.5,246,244.5
6.2962962962963,493,491,-2,-492,247.5,244.5
6.2984496124031,495,492,-3,-493.5,249,244.5
6.30060292850991,493,491,-2,-492,247.5,244.5
6.30275624461671,495,492,-3,-493.5,249,244.5
6.30490956072351,496,489,-7,-492.5,251.5,241
6.30706287683032,495,490,-5,-492.5,250,242.5
6.30921619293712,493,488,-5,-490.5,249,241.5
6.31136950904393,494,490,-4,-492,249,243
6.31352282515073,494,490,-4,-492,249,243
6.31567614125754,494,489,-5,-491.5,249.5,242
6.31782945736434,495,492,-3,-493.5,249,244.5
6.31998277347115,492,491,-1,-491.5,246.5,245
6.32213608957795,492,489,-3,-490.5,247.5,243
6.32428940568475,486,487,1,-486.5,242.5,244
6.32644272179156,487,484,-3,-485.5,245,240.5
6.32859603789836,486,486,0,-486,243,243
6.33074935400517,491,486,-5,-488.5,248,240.5
6.33290267011197,497,492,-5,-494.5,251,243.5
6.33505598621878,499,492,-7,-495.5,253,242.5
6.33720930232558,503,495,-8,-499,255.5,243.5
6.33936261843239,507,496,-11,-501.5,259,242.5
6.34151593453919,506,494,-12,-500,259,241
6.34366925064599,507,492,-15,-499.5,261,238.5
6.3458225667528,506,495,-11,-500.5,258.5,242
6.3479758828596,505,496,-9,-500.5,257,243.5
6.35012919896641,506,498,-8,-502,257,245
6.35228251507321,504,497,-7,-500.5,255.5,245
6.35443583118002,507,500,-7,-503.5,257,246.5
6.35658914728682,506,500,-6,-503,256,247
6.35874246339363,505,499,-6,-502,255.5,246.5
6.36089577950043,509,497,-12,-503,260.5,242.5
6.36304909560724,511,500,-11,-505.5,261,244.5
6.36520241171404,510,499,-11,-504.5,260.5,244
6.36735572782084,507,502,-5,-504.5,256,248.5
6.36950904392765,507,501,-6,-504,256.5,247.5
6.37166236003445,508,500,-8,-504,258,246
6.37381567614126,509,502,-7,-505.5,258,247.5
6.37596899224806,509,502,-7,-505.5,258,247.5
6.37812230835487,513,504,-9,-508.5,261,247.5
6.38027562446167,514,502,-12,-508,263,245
6.38242894056848,519,506,-13,-512.5,266,246.5
6.38458225667528,520,509,-11,-514.5,265.5,249
6.38673557278208,518,509,-9,-513.5,263.5,250
6.38888888888889,518,509,-9,-513.5,263.5,250
6.39104220499569,520,510,-10,-515,265,250
6.3931955211025,524,513,-11,-518.5,267.5,251
6.3953488372093,523,511,-12,-517,267.5,249.5
6.39750215331611,521,509,-12,-515,266.5,248.5
6.39965546942291,520,510,-10,-515,265,250
6.40180878552972,519,514,-5,-516.5,262,254.5
6.40396210163652,521,513,-8,-517,264.5,252.5
6.40611541774333,521,514,-7,-517.5,264,253.5
6.40826873385013,527,518,-9,-522.5,268,254.5
6.41042204995693,527,520,-7,-523.5,267,256.5
6.41257536606374,524,514,-10,-519,267,252
6.41472868217054,527,515,-12,-521,269.5,251.5
6.41688199827735,533,518,-15,-525.5,274,251.5
6.41903531438415,543,526,-17,-534.5,280,254.5
6.42118863049096,547,526,-21,-536.5,284,252.5
6.42334194659776,546,528,-18,-537,282,255
6.42549526270457,545,529,-16,-537,280.5,256.5
6.42764857881137,544,532,-12,-538,278,260
6.42980189491817,541,528,-13,-534.5,277,257.5
6.43195521102498,539,526,-13,-532.5,276,256.5
6.43410852713178,536,526,-10,-531,273,258
6.43626184323859,534,525,-9,-529.5,271.5,258
6.43841515934539,530,527,-3,-528.5,266.5,262
6.4405684754522,529,526,-3,-527.5,266,261.5
6.442721791559,531,526,-5,-528.5,268,260.5
6.44487510766581,530,526,-4,-528,267,261
6.44702842377261,530,526,-4,-528,267,261
6.44918173987941,529,524,-5,-526.5,267,259.5
6.45133505598622,532,523,-9,-527.5,270.5,257
6.45348837209302,534,524,-10,-529,272,257
6.45564168819983,531,527,-4,-529,267.5,261.5
6.45779500430663,529,525,-4,-527,266.5,260.5
6.45994832041344,525,526,1,-525.5,262,263.5
6.46210163652024,525,524,-1,-524.5,263,261.5
6.46425495262705,523,525,2,-524,260.5,263.5
6.46640826873385,522,521,-1,-521.5,261.5,260
6.46856158484066,522,518,-4,-520,263,257
6.47071490094746,521,519,-2,-520,261.5,258.5
6.47286821705426,520,520,0,-520,260,260
6.47502153316107,518,519,1,-518.5,258.5,260
6.47717484926787,515,517,2,-516,256.5,259.5
6.47932816537468,510,515,5,-512.5,252.5,260
6.48148148148148,506,513,7,-509.5,249.5,260
6.48363479758829,503,509,6,-506,248.5,257.5
6.48578811369509,502,506,4,-504,249,255
6.4879414298019,504,505,1,-504.5,251.5,253
6.4900947459087,507,508,1,-507.5,253,254.5
6.4922480620155,508,507,-1,-507.5,254.5,253
6.49440137812231,507,507,0,-507,253.5,253.5
6.49655469422911,503,506,3,-504.5,250,254.5
6.49870801033592,503,506,3,-504.5,250,254.5
6.50086132644272,502,504,2,-503,250,253
6.50301464254953,502,502,0,-502,251,251
6.50516795865633,503,501,-2,-502,252.5,249.5
6.50732127476314,501,501,0,-501,250.5,250.5
6.50947459086994,498,499,1,-498.5,248.5,250
6.51162790697674,496,498,2,-497,247,250
6.51378122308355,494,498,4,-496,245,251
6.51593453919035,493,500,7,-496.5,243,253.5
6.51808785529716,494,497,3,-495.5,245.5,250
6.52024117140396,496,496,0,-496,248,248
6.52239448751077,497,494,-3,-495.5,250,245.5
6.52454780361757,499,497,-2,-498,250.5,247.5
6.52670111972438,505,499,-6,-502,255.5,246.5
6.52885443583118,504,498,-6,-501,255,246
6.53100775193798,505,500,-5,-502.5,255,247.5
6.53316106804479,503,500,-3,-501.5,253,248.5
6.53531438415159,502,499,-3,-500.5,252.5,248
6.5374677002584,497,495,-2,-496,249.5,246.5
6.5396210163652,494,492,-2,-493,248,245
6.54177433247201,494,491,-3,-492.5,248.5,244
6.54392764857881,493,492,-1,-492.5,247,245.5
6.54608096468562,496,493,-3,-494.5,249.5,245
6.54823428079242,497,494,-3,-495.5,250,245.5
6.55038759689922,498,495,-3,-496.5,250.5,246
6.55254091300603,498,497,-1,-497.5,249.5,248
6.55469422911283,497,494,-3,-495.5,250,245.5
6.55684754521964,497,493,-4,-495,250.5,244.5
6.55900086132644,500,493,-7,-496.5,253.5,243
6.56115417743325,503,496,-7,-499.5,255,244.5
6.56330749354005,502,495,-7,-498.5,254.5,244
6.56546080964686,503,496,-7,-499.5,255,244.5
6.56761412575366,501,497,-4,-499,252.5,246.5
6.56976744186047,503,501,-2,-502,252.5,249.5
6.57192075796727,504,497,-7,-500.5,255.5,245
6.57407407407407,507,496,-11,-501.5,259,242.5
6.57622739018088,503,495,-8,-499,255.5,243.5
6.57838070628768,500,495,-5,-497.5,252.5,245
6.58053402239449,496,494,-2,-495,249,246
6.58268733850129,495,494,-1,-494.5,248,246.5
6.5848406546081,495,494,-1,-494.5,248,246.5
6.5869939707149,495,495,0,-495,247.5,247.5
6.58914728682171,500,496,-4,-498,252,246
6.59130060292851,504,496,-8,-500,256,244
6.59345391903531,509,497,-12,-503,260.5,242.5
6.59560723514212,509,497,-12,-503,260.5,242.5
6.59776055124892,508,497,-11,-502.5,259.5,243
6.59991386735573,508,499,-9,-503.5,258.5,245
6.60206718346253,504,499,-5,-501.5,254.5,247
6.60422049956934,500,500,0,-500,250,250
6.60637381567614,498,497,-1,-497.5,249.5,248
6.60852713178295,499,497,-2,-498,250.5,247.5
6.61068044788975,500,496,-4,-498,252,246
6.61283376399656,506,496,-10,-501,258,243
6.61498708010336,509,499,-10,-504,259.5,244.5
6.61714039621016,512,501,-11,-506.5,261.5,245
6.61929371231697,508,502,-6,-505,257,248
6.62144702842377,508,500,-8,-504,258,246
6.62360034453058,507,503,-4,-505,255.5,249.5
6.62575366063738,507,503,-4,-505,255.5,249.5
6.62790697674419,510,502,-8,-506,259,247
6.63006029285099,514,502,-12,-508,263,245
6.6322136089578,513,503,-10,-508,261.5,246.5
6.6343669250646,509,502,-7,-505.5,258,247.5
6.6365202411714,506,502,-4,-504,255,249
6.63867355727821,506,501,-5,-503.5,255.5,248
6.64082687338501,511,505,-6,-508,258.5,249.5
6.64298018949182,514,507,-7,-510.5,260.5,250
6.64513350559862,519,507,-12,-513,265.5,247.5
6.64728682170543,517,504,-13,-510.5,265,245.5
6.64944013781223,518,508,-10,-513,264,249
6.65159345391904,520,508,-12,-514,266,248
6.65374677002584,519,509,-10,-514,264.5,249.5
6.65590008613264,520,509,-11,-514.5,265.5,249
6.65805340223945,518,511,-7,-514.5,262.5,252
6.66020671834625,519,512,-7,-515.5,263,252.5
6.66236003445306,522,512,-10,-517,266,251
6.66451335055986,521,511,-10,-516,265.5,250.5
6.66666666666667,522,512,-10,-517,266,251
6.66881998277347,520,512,-8,-516,264,252
6.67097329888028,517,513,-4,-515,260.5,254.5
6.67312661498708,517,512,-5,-514.5,261,253.5
6.67527993109389,514,513,-1,-513.5,257.5,256
6.67743324720069,513,513,0,-513,256.5,256.5
6.67958656330749,517,514,-3,-515.5,260,255.5
6.6817398794143,517,510,-7,-513.5,262,251.5
6.6838931955211,516,511,-5,-513.5,260.5,253
6.68604651162791,516,507,-9,-511.5,262.5,249
6.68819982773471,514,508,-6,-511,260,251
6.69035314384152,508,507,-1,-507.5,254.5,253
6.69250645994832,504,507,3,-505.5,250.5,255
6.69465977605513,496,502,6,-499,245,254
6.69681309216193,492,500,8,-496,242,254
6.69896640826873,493,498,5,-495.5,244,251.5
6.70111972437554,497,497,0,-497,248.5,248.5
6.70327304048234,500,497,-3,-498.5,251.5,247
6.70542635658915,502,499,-3,-500.5,252.5,248
6.70757967269595,502,499,-3,-500.5,252.5,248
6.70973298880276,500,500,0,-500,250,250
6.71188630490956,497,498,1,-497.5,248,249.5
6.71403962101637,500,498,-2,-499,251,248
6.71619293712317,498,498,0,-498,249,249
6.71834625322997,497,495,-2,-496,249.5,246.5
6.72049956933678,493,494,1,-493.5,246,247.5
6.72265288544358,490,491,1,-490.5,244.5,246
6.72480620155039,489,492,3,-490.5,243,247.5
6.72695951765719,491,491,0,-491,245.5,245.5
6.729112833764,494,495,1,-494.5,246.5,248
6.7312661498708,496,495,-1,-495.5,248.5,247
6.73341946597761,498,496,-2,-497,250,247
6.73557278208441,500,494,-6,-497,253,244
6.73772609819121,497,491,-6,-494,251.5,242.5
6.73987941429802,496,491,-5,-493.5,250.5,243
6.74203273040482,495,492,-3,-493.5,249,244.5
6.74418604651163,494,492,-2,-493,248,245
6.74633936261843,493,491,-2,-492,247.5,244.5
6.74849267872524,494,492,-2,-493,248,245
6.75064599483204,490,491,1,-490.5,244.5,246
6.75279931093885,487,487,0,-487,243.5,243.5
6.75495262704565,484,487,3,-485.5,240.5,245
6.75710594315245,485,485,0,-485,242.5,242.5
6.75925925925926,487,486,-1,-486.5,244,242.5
6.76141257536606,490,487,-3,-488.5,246.5,242
6.76356589147287,490,488,-2,-489,246,243
6.76571920757967,492,489,-3,-490.5,247.5,243
6.76787252368648,497,490,-7,-493.5,252,241.5
6.77002583979328,505,494,-11,-499.5,258,241.5
6.77217915590009,522,500,-22,-511,272,239
6.77433247200689,545,509,-36,-527,290.5,236.5
6.7764857881137,570,522,-48,-546,309,237
6.7786391042205,596,538,-58,-567,327,240
6.7807924203273,620,555,-65,-587.5,342.5,245
6.78294573643411,636,567,-69,-601.5,352.5,249
6.78509905254091,643,577,-66,-610,354.5,255.5
6.78725236864772,637,581,-56,-609,346.5,262.5
6.78940568475452,625,578,-47,-601.5,336,265.5
6.79155900086133,606,574,-32,-590,319,271
6.79371231696813,581,562,-19,-571.5,300,271.5
6.79586563307494,555,557,2,-556,276.5,279.5
6.79801894918174,532,547,15,-539.5,258.5,281
6.80017226528854,513,536,23,-524.5,245,279.5
6.80232558139535,502,530,28,-516,237,279
6.80447889750215,497,526,29,-511.5,234,277.5
6.80663221360896,496,522,26,-509,235,274
6.80878552971576,498,518,20,-508,239,269
6.81093884582257,498,513,15,-505.5,241.5,264
6.81309216192937,498,512,14,-505,242,263
6.81524547803618,500,512,12,-506,244,262
6.81739879414298,504,514,10,-509,247,262
6.81955211024979,505,513,8,-509,248.5,260.5
6.82170542635659,500,509,9,-504.5,245.5,259
6.82385874246339,502,508,6,-505,248,257
6.8260120585702,498,504,6,-501,246,255
6.828165374677,491,499,8,-495,241.5,253.5
6.83031869078381,491,498,7,-494.5,242,252.5
6.83247200689061,491,498,7,-494.5,242,252.5
6.83462532299742,495,500,5,-497.5,245,252.5
6.83677863910422,497,498,1,-497.5,248,249.5
6.83893195521103,496,499,3,-497.5,246.5,251
6.84108527131783,497,500,3,-498.5,247,251.5
6.84323858742463,491,496,5,-493.5,243,250.5
6.84539190353144,491,491,0,-491,245.5,245.5
6.84754521963824,489,490,1,-489.5,244,245.5
6.84969853574505,492,492,0,-492,246,246
6.85185185185185,493,494,1,-493.5,246,247.5
6.85400516795866,494,494,0,-494,247,247
6.85615848406546,494,493,-1,-493.5,247.5,246
6.85831180017227,496,495,-1,-495.5,248.5,247
6.86046511627907,495,492,-3,-493.5,249,244.5
6.86261843238587,497,491,-6,-494,251.5,242.5
6.86477174849268,493,491,-2,-492,247.5,244.5
6.86692506459948,493,490,-3,-491.5,248,243.5
6.86907838070629,494,492,-2,-493,248,245
6.87123169681309,495,491,-4,-493,249.5,243.5
6.8733850129199,494,493,-1,-493.5,247.5,246
6.8755383290267,494,493,-1,-493.5,247.5,246
6.87769164513351,493,490,-3,-491.5,248,243.5
6.87984496124031,491,490,-1,-490.5,246,244.5
6.88199827734712,490,488,-2,-489,246,243
6.88415159345392,489,487,-2,-488,245.5,242.5
6.88630490956072,495,491,-4,-493,249.5,243.5
6.88845822566753,497,493,-4,-495,250.5,244.5
6.89061154177433,498,491,-7,-494.5,252.5,242
6.89276485788114,497,492,-5,-494.5,251,243.5
6.89491817398794,496,492,-4,-494,250,244
6.89707149009475,499,493,-6,-496,252.5,243.5
6.89922480620155,501,492,-9,-496.5,255,241.5
6.90137812230835,502,493,-9,-497.5,255.5,242
6.90353143841516,503,495,-8,-499,255.5,243.5
6.90568475452196,504,495,-9,-499.5,256.5,243
6.90783807062877,506,497,-9,-501.5,257.5,244
6.90999138673557,509,500,-9,-504.5,259,245.5
6.91214470284238,508,501,-7,-504.5,257.5,247
6.91429801894918,504,498,-6,-501,255,246
6.91645133505599,507,497,-10,-502,258.5,243.5
6.91860465116279,505,495,-10,-500,257.5,242.5
6.9207579672696,507,497,-10,-502,258.5,243.5
6.9229112833764,507,499,-8,-503,257.5,245.5
6.9250645994832,508,502,-6,-505,257,248
6.92721791559001,509,502,-7,-505.5,258,247.5
6.92937123169681,508,502,-6,-505,257,248
6.93152454780362,509,504,-5,-506.5,257,249.5
6.93367786391042,509,501,-8,-505,258.5,246.5
6.93583118001723,511,501,-10,-506,260.5,245.5
6.93798449612403,513,502,-11,-507.5,262,245.5
6.94013781223084,515,506,-9,-510.5,262,248.5
6.94229112833764,522,509,-13,-515.5,267.5,248
6.94444444444444,524,512,-12,-518,268,250
6.94659776055125,521,512,-9,-516.5,265,251.5
6.94875107665805,518,513,-5,-515.5,261.5,254
6.95090439276486,517,509,-8,-513,262.5,250.5
6.95305770887166,517,508,-9,-512.5,263,249.5
6.95521102497847,519,509,-10,-514,264.5,249.5
6.95736434108527,525,516,-9,-520.5,267,253.5
6.95951765719208,527,515,-12,-521,269.5,251.5
6.96167097329888,528,516,-12,-522,270,252
6.96382428940568,529,518,-11,-523.5,270,253.5
6.96597760551249,526,519,-7,-522.5,266.5,256
6.96813092161929,526,517,-9,-521.5,267.5,254
6.9702842377261,526,515,-11,-520.5,268.5,252
6.9724375538329,530,516,-14,-523,272,251
6.97459086993971,530,518,-12,-524,271,253
6.97674418604651,532,520,-12,-526,272,254
6.97889750215332,530,522,-8,-526,269,257
6.98105081826012,530,522,-8,-526,269,257
6.98320413436693,531,523,-8,-527,269.5,257.5
6.98535745047373,530,523,-7,-526.5,268.5,258
6.98751076658053,530,522,-8,-526,269,257
6.98966408268734,534,522,-12,-528,273,255
6.99181739879414,534,524,-10,-529,272,257
6.99397071490095,534,526,-8,-530,271,259
6.99612403100775,535,527,-8,-531,271.5,259.5
6.99827734711456,532,526,-6,-529,269,260
7.00043066322136,531,526,-5,-528.5,268,260.5
7.00258397932817,530,527,-3,-528.5,266.5,262
7.00473729543497,530,524,-6,-527,268,259
7.00689061154177,529,523,-6,-526,267.5,258.5
7.00904392764858,529,523,-6,-526,267.5,258.5
7.01119724375538,528,527,-1,-527.5,264.5,263
7.01335055986219,534,527,-7,-530.5,270.5,260
7.01550387596899,534,528,-6,-531,270,261
7.0176571920758,532,527,-5,-529.5,268.5,261
7.0198105081826,534,529,-5,-531.5,269.5,262
7.02196382428941,529,526,-3,-527.5,266,261.5
7.02411714039621,528,522,-6,-525,267,258
7.02627045650302,527,523,-4,-525,265.5,259.5
7.02842377260982,521,521,0,-521,260.5,260.5
7.03057708871662,518,519,1,-518.5,258.5,260
7.03273040482343,516,518,2,-517,257,260
7.03488372093023,516,518,2,-517,257,260
7.03703703703704,517,519,2,-518,257.5,260.5
7.03919035314384,516,516,0,-516,258,258
7.04134366925065,516,515,-1,-515.5,258.5,257
7.04349698535745,517,514,-3,-515.5,260,255.5
7.04565030146426,513,514,1,-513.5,256,257.5
7.04780361757106,508,510,2,-509,253,256
7.04995693367786,503,510,7,-506.5,248,258.5
7.05211024978467,497,507,10,-502,243.5,258.5
7.05426356589147,499,507,8,-503,245.5,257.5
7.05641688199828,495,505,10,-500,242.5,257.5
7.05857019810508,496,501,5,-498.5,245.5,253
7.06072351421189,496,499,3,-497.5,246.5,251
7.06287683031869,499,499,0,-499,249.5,249.5
7.0650301464255,504,502,-2,-503,253,250
7.0671834625323,503,501,-2,-502,252.5,249.5
7.0693367786391,500,500,0,-500,250,250
7.07149009474591,498,501,3,-499.5,247.5,252
7.07364341085271,495,502,7,-498.5,244,254.5
7.07579672695952,494,496,2,-495,246,249
7.07795004306632,495,495,0,-495,247.5,247.5
7.08010335917313,497,494,-3,-495.5,250,245.5
7.08225667527993,495,496,1,-495.5,247,248.5
7.08440999138674,499,496,-3,-497.5,251,246.5
7.08656330749354,499,495,-4,-497,251.5,245.5
7.08871662360034,496,496,0,-496,248,248
7.09086993970715,494,498,4,-496,245,251
7.09302325581395,492,494,2,-493,245,248
7.09517657192076,492,490,-2,-491,247,244
7.09732988802756,493,490,-3,-491.5,248,243.5
7.09948320413437,496,491,-5,-493.5,250.5,243
7.10163652024117,501,493,-8,-497,254.5,242.5
7.10378983634798,503,495,-8,-499,255.5,243.5
7.10594315245478,504,497,-7,-500.5,255.5,245
7.10809646856158,500,499,-1,-499.5,250.5,249
7.11024978466839,495,494,-1,-494.5,248,246.5
7.11240310077519,496,492,-4,-494,250,244
7.114556416882,494,491,-3,-492.5,248.5,244
7.1167097329888,496,493,-3,-494.5,249.5,245
7.11886304909561,499,494,-5,-496.5,252,244.5
7.12101636520241,505,496,-9,-500.5,257,243.5
7.12316968130922,504,497,-7,-500.5,255.5,245
7.12532299741602,502,498,-4,-500,253,247
7.12747631352283,501,497,-4,-499,252.5,246.5
7.12962962962963,500,494,-6,-497,253,244
7.13178294573643,497,492,-5,-494.5,251,243.5
7.13393626184324,500,495,-5,-497.5,252.5,245
7.13608957795004,503,495,-8,-499,255.5,243.5
7.13824289405685,501,492,-9,-496.5,255,241.5
7.14039621016365,500,495,-5,-497.5,252.5,245
7.14254952627046,499,497,-2,-498,250.5,247.5
7.14470284237726,501,497,-4,-499,252.5,246.5
7.14685615848407,500,496,-4,-498,252,246
7.14900947459087,497,494,-3,-495.5,250,245.5
7.15116279069767,494,491,-3,-492.5,248.5,244
7.15331610680448,498,492,-6,-495,252,243
7.15546942291128,495,494,-1,-494.5,248,246.5
7.15762273901809,498,495,-3,-496.5,250.5,246
7.15977605512489,501,495,-6,-498,253.5,244.5
7.1619293712317,503,497,-6,-500,254.5,245.5
7.1640826873385,504,497,-7,-500.5,255.5,245
7.16623600344531,505,495,-10,-500,257.5,242.5
7.16838931955211,502,493,-9,-497.5,255.5,242
7.17054263565892,505,496,-9,-500.5,257,243.5
7.17269595176572,503,495,-8,-499,255.5,243.5
7.17484926787252,503,497,-6,-500,254.5,245.5
7.17700258397933,503,497,-6,-500,254.5,245.5
7.17915590008613,500,498,-2,-499,251,248
7.18130921619294,500,499,-1,-499.5,250.5,249
7.18346253229974,504,499,-5,-501.5,254.5,247
7.18561584840655,506,497,-9,-501.5,257.5,244
7.18776916451335,508,499,-9,-503.5,258.5,245
7.18992248062016,506,497,-9,-501.5,257.5,244
7.19207579672696,509,500,-9,-504.5,259,245.5
7.19422911283376,506,500,-6,-503,256,247
7.19638242894057,504,500,-4,-502,254,248
7.19853574504737,505,500,-5,-502.5,255,247.5
7.20068906115418,510,502,-8,-506,259,247
7.20284237726098,509,501,-8,-505,258.5,246.5
7.20499569336779,515,503,-12,-509,263.5,245.5
7.20714900947459,516,504,-12,-510,264,246
7.2093023255814,519,507,-12,-513,265.5,247.5
7.2114556416882,520,509,-11,-514.5,265.5,249
7.213608957795,521,512,-9,-516.5,265,251.5
7.21576227390181,522,511,-11,-516.5,266.5,250
7.21791559000861,519,512,-7,-515.5,263,252.5
7.22006890611542,521,511,-10,-516,265.5,250.5
7.22222222222222,520,512,-8,-516,264,252
7.22437553832903,518,510,-8,-514,263,251
7.22652885443583,515,511,-4,-513,259.5,253.5
7.22868217054264,519,512,-7,-515.5,263,252.5
7.23083548664944,522,514,-8,-518,265,253
7.23298880275625,523,516,-7,-519.5,265,254.5
7.23514211886305,521,517,-4,-519,262.5,256.5
7.23729543496985,521,514,-7,-517.5,264,253.5
7.23944875107666,518,510,-8,-514,263,251
7.24160206718346,514,507,-7,-510.5,260.5,250
7.24375538329027,507,505,-2,-506,254.5,251.5
7.24590869939707,508,508,0,-508,254,254
7.24806201550388,507,506,-1,-506.5,254,252.5
7.25021533161068,508,509,1,-508.5,253.5,255
7.25236864771749,507,507,0,-507,253.5,253.5
7.25452196382429,505,505,0,-505,252.5,252.5
7.25667527993109,503,503,0,-503,251.5,251.5
7.2588285960379,499,498,-1,-498.5,250,248.5
7.2609819121447,497,498,1,-497.5,248,249.5
7.26313522825151,494,497,3,-495.5,245.5,250
7.26528854435831,489,496,7,-492.5,241,251.5
7.26744186046512,490,497,7,-493.5,241.5,252
7.26959517657192,491,497,6,-494,242.5,251.5
7.27174849267873,492,495,3,-493.5,244.5,249
7.27390180878553,490,492,2,-491,244,247
7.27605512489233,485,490,5,-487.5,240,247.5
7.27820844099914,485,487,2,-486,241.5,244.5
7.28036175710594,488,489,1,-488.5,243.5,245
7.28251507321275,491,491,0,-491,245.5,245.5
7.28466838931955,494,491,-3,-492.5,248.5,244
7.28682170542636,496,493,-3,-494.5,249.5,245
7.28897502153316,496,495,-1,-495.5,248.5,247
7.29112833763997,494,493,-1,-493.5,247.5,246
7.29328165374677,494,489,-5,-491.5,249.5,242
7.29543496985357,492,487,-5,-489.5,248.5,241
7.29758828596038,491,488,-3,-489.5,247,242.5
7.29974160206718,493,490,-3,-491.5,248,243.5
7.30189491817399,493,493,0,-493,246.5,246.5
7.30404823428079,491,490,-1,-490.5,246,244.5
7.3062015503876,491,488,-3,-489.5,247,242.5
7.3083548664944,489,490,1,-489.5,244,245.5
7.31050818260121,488,486,-2,-487,245,242
7.31266149870801,486,483,-3,-484.5,244.5,240
7.31481481481481,484,481,-3,-482.5,243.5,239
7.31696813092162,484,482,-2,-483,243,240
7.31912144702842,484,484,0,-484,242,242
7.32127476313523,484,485,1,-484.5,241.5,243
7.32342807924203,481,484,3,-482.5,239,243.5
7.32558139534884,486,483,-3,-484.5,244.5,240
7.32773471145564,493,484,-9,-488.5,251,237.5
7.32988802756245,500,487,-13,-493.5,256.5,237
7.33204134366925,514,494,-20,-504,267,237
7.33419465977606,532,504,-28,-518,280,238
7.33634797588286,550,514,-36,-532,293,239
7.33850129198966,567,523,-44,-545,305.5,239.5
7.34065460809647,590,538,-52,-564,321,243
7.34280792420327,606,549,-57,-577.5,331.5,246
7.34496124031008,622,559,-63,-590.5,342.5,248
7.34711455641688,630,566,-64,-598,347,251
7.34926787252369,622,565,-57,-593.5,339.5,254
7.35142118863049,608,567,-41,-587.5,324.5,263
7.3535745047373,592,563,-29,-577.5,310.5,267
7.3557278208441,572,560,-12,-566,292,274
7.3578811369509,551,551,0,-551,275.5,275.5
7.36003445305771,532,544,12,-538,260,278
7.36218776916451,516,534,18,-525,249,276
7.36434108527132,500,524,24,-512,238,274
7.36649440137812,488,515,27,-501.5,230.5,271
7.36864771748493,485,510,25,-497.5,230,267.5
7.37080103359173,486,509,23,-497.5,231.5,266
7.37295434969854,490,509,19,-499.5,235.5,264
7.37510766580534,494,509,15,-501.5,239.5,262
7.37726098191215,500,509,9,-504.5,245.5,259
7.37941429801895,504,509,5,-506.5,249.5,257
7.38156761412575,505,508,3,-506.5,251,255.5
7.38372093023256,505,505,0,-505,252.5,252.5
7.38587424633936,503,504,1,-503.5,251,252.5
7.38802756244617,500,503,3,-501.5,248.5,253
7.39018087855297,497,503,6,-500,245.5,254.5
7.39233419465978,493,499,6,-496,243.5,252.5
7.39448751076658,489,497,8,-493,240.5,252.5
7.39664082687339,485,494,9,-489.5,238,251.5
7.39879414298019,485,492,7,-488.5,239,249.5
7.40094745908699,488,489,1,-488.5,243.5,245
7.4031007751938,493,491,-2,-492,247.5,244.5
7.4052540913006,496,493,-3,-494.5,249.5,245
7.40740740740741,495,493,-2,-494,248.5,245.5
7.40956072351421,493,494,1,-493.5,246,247.5
7.41171403962102,487,490,3,-488.5,242,246.5
7.41386735572782,482,488,6,-485,238,247
7.41602067183463,483,486,3,-484.5,240,244.5
7.41817398794143,488,486,-2,-487,245,242
7.42032730404823,491,486,-5,-488.5,248,240.5
7.42248062015504,491,486,-5,-488.5,248,240.5
7.42463393626184,495,488,-7,-491.5,251,240.5
7.42678725236865,498,492,-6,-495,252,243
7.42894056847545,497,493,-4,-495,250.5,244.5
7.43109388458226,492,491,-1,-491.5,246.5,245
7.43324720068906,492,491,-1,-491.5,246.5,245
7.43540051679587,496,491,-5,-493.5,250.5,243
7.43755383290267,501,490,-11,-495.5,256,239.5
7.43970714900948,504,491,-13,-497.5,258.5,239
7.44186046511628,507,496,-11,-501.5,259,242.5
7.44401378122308,505,497,-8,-501,256.5,244.5
7.44616709732989,501,494,-7,-497.5,254,243.5
7.44832041343669,498,494,-4,-496,251,245
7.4504737295435,494,494,0,-494,247,247
7.4526270456503,494,492,-2,-493,248,245
7.45478036175711,493,488,-5,-490.5,249,241.5
7.45693367786391,499,491,-8,-495,253.5,241.5
7.45908699397072,502,494,-8,-498,255,243
7.46124031007752,506,496,-10,-501,258,243
7.46339362618432,507,496,-11,-501.5,259,242.5
7.46554694229113,503,497,-6,-500,254.5,245.5
7.46770025839793,500,498,-2,-499,251,248
7.46985357450474,498,495,-3,-496.5,250.5,246
7.47200689061154,501,494,-7,-497.5,254,243.5
7.47416020671835,508,496,-12,-502,260,242
7.47631352282515,510,498,-12,-504,261,243
7.47846683893196,510,501,-9,-505.5,259.5,246
7.48062015503876,513,502,-11,-507.5,262,245.5
7.48277347114556,514,505,-9,-509.5,261.5,248
7.48492678725237,512,505,-7,-508.5,259.5,249
7.48708010335917,511,505,-6,-508,258.5,249.5
7.48923341946598,509,502,-7,-505.5,258,247.5
7.49138673557278,510,500,-10,-505,260,245
7.49354005167959,509,503,-6,-506,257.5,248.5
7.49569336778639,511,504,-7,-507.5,259,248.5
7.4978466838932,511,506,-5,-508.5,258,250.5
7.5,515,507,-8,-511,261.5,249.5
7.5021533161068,519,510,-9,-514.5,264,250.5
7.50430663221361,520,513,-7,-516.5,263.5,253
7.50645994832041,521,509,-12,-515,266.5,248.5
7.50861326442722,525,510,-15,-517.5,270,247.5
7.51076658053402,524,510,-14,-517,269,248
7.51291989664083,521,510,-11,-515.5,266,249.5
7.51507321274763,523,513,-10,-518,266.5,251.5
7.51722652885444,521,513,-8,-517,264.5,252.5
7.51937984496124,521,512,-9,-516.5,265,251.5
7.52153316106804,521,515,-6,-518,263.5,254.5
7.52368647717485,523,515,-8,-519,265.5,253.5
7.52583979328165,529,516,-13,-522.5,271,251.5
7.52799310938846,532,515,-17,-523.5,274.5,249
7.53014642549526,533,520,-13,-526.5,273,253.5
7.53229974160207,533,518,-15,-525.5,274,251.5
7.53445305770887,531,520,-11,-525.5,271,254.5
7.53660637381568,528,521,-7,-524.5,267.5,257
7.53875968992248,529,524,-5,-526.5,267,259.5
7.54091300602929,535,523,-12,-529,273.5,255.5
7.54306632213609,536,523,-13,-529.5,274.5,255
7.54521963824289,533,523,-10,-528,271.5,256.5
7.5473729543497,535,525,-10,-530,272.5,257.5
7.5495262704565,534,524,-10,-529,272,257
7.55167958656331,532,525,-7,-528.5,269.5,259
7.55383290267011,532,526,-6,-529,269,260
7.55598621877692,535,528,-7,-531.5,271,260.5
7.55813953488372,532,526,-6,-529,269,260
7.56029285099053,530,525,-5,-527.5,267.5,260
7.56244616709733,530,523,-7,-526.5,268.5,258
7.56459948320413,529,525,-4,-527,266.5,260.5
7.56675279931094,534,524,-10,-529,272,257
7.56890611541774,535,527,-8,-531,271.5,259.5
7.57105943152455,535,526,-9,-530.5,272,258.5
7.57321274763135,534,525,-9,-529.5,271.5,258
7.57536606373816,532,529,-3,-530.5,267.5,263
7.57751937984496,530,525,-5,-527.5,267.5,260
7.57967269595177,529,522,-7,-525.5,268,257.5
7.58182601205857,531,523,-8,-527,269.5,257.5
7.58397932816538,529,522,-7,-525.5,268,257.5
7.58613264427218,531,524,-7,-527.5,269,258.5
7.58828596037898,528,523,-5,-525.5,266.5,259
7.59043927648579,524,523,-1,-523.5,262.5,261
7.59259259259259,522,524,2,-523,260,263
7.5947459086994,517,518,1,-517.5,258,259.5
7.5968992248062,513,515,2,-514,255.5,258.5
7.59905254091301,512,513,1,-512.5,255.5,257
7.60120585701981,508,512,4,-510,252,258
7.60335917312662,507,511,4,-509,251.5,257.5
7.60551248923342,511,512,1,-511.5,255,256.5
7.60766580534022,514,513,-1,-513.5,257.5,256
7.60981912144703,510,513,3,-511.5,253.5,258
7.61197243755383,506,511,5,-508.5,250.5,258
7.61412575366064,502,506,4,-504,249,255
7.61627906976744,502,504,2,-503,250,253
7.61843238587425,505,503,-2,-504,253.5,250.5
7.62058570198105,508,505,-3,-506.5,255.5,251
7.62273901808786,508,506,-2,-507,255,252
7.62489233419466,507,505,-2,-506,254.5,251.5
7.62704565030146,502,506,4,-504,249,255
7.62919896640827,504,505,1,-504.5,251.5,253
7.63135228251507,499,502,3,-500.5,248,252.5
7.63350559862188,499,500,1,-499.5,249,250.5
7.63565891472868,498,498,0,-498,249,249
7.63781223083549,498,496,-2,-497,250,247
7.63996554694229,497,496,-1,-496.5,249,247.5
7.6421188630491,493,495,2,-494,245.5,248.5
7.6442721791559,495,497,2,-496,246.5,249.5
7.64642549526271,496,495,-1,-495.5,248.5,247
7.64857881136951,493,496,3,-494.5,245,249.5
7.65073212747631,488,492,4,-490,242,248
7.65288544358312,489,491,2,-490,243.5,246.5
7.65503875968992,490,488,-2,-489,246,243
7.65719207579673,491,490,-1,-490.5,246,244.5
7.65934539190353,491,491,0,-491,245.5,245.5
7.66149870801034,496,493,-3,-494.5,249.5,245
7.66365202411714,498,495,-3,-496.5,250.5,246
7.66580534022395,498,496,-2,-497,250,247
7.66795865633075,498,493,-5,-495.5,251.5,244
7.67011197243755,496,490,-6,-493,251,242
7.67226528854436,496,489,-7,-492.5,251.5,241
7.67441860465116,497,490,-7,-493.5,252,241.5
7.67657192075797,497,492,-5,-494.5,251,243.5
7.67872523686477,496,492,-4,-494,250,244
7.68087855297158,495,493,-2,-494,248.5,245.5
7.68303186907838,498,493,-5,-495.5,251.5,244
7.68518518518519,499,493,-6,-496,252.5,243.5
7.68733850129199,497,490,-7,-493.5,252,241.5
7.68949181739879,496,490,-6,-493,251,242
7.6916451335056,496,489,-7,-492.5,251.5,241
7.6937984496124,492,489,-3,-490.5,247.5,243
7.69595176571921,495,491,-4,-493,249.5,243.5
7.69810508182601,500,494,-6,-497,253,244
7.70025839793282,504,496,-8,-500,256,244
7.70241171403962,507,497,-10,-502,258.5,243.5
7.70456503014643,505,496,-9,-500.5,257,243.5
7.70671834625323,503,495,-8,-499,255.5,243.5
7.70887166236003,501,494,-7,-497.5,254,243.5
7.71102497846684,501,495,-6,-498,253.5,244.5
7.71317829457364,496,494,-2,-495,249,246
7.71533161068045,496,494,-2,-495,249,246
7.71748492678725,491,492,1,-491.5,245,246.5
7.71963824289406,490,491,1,-490.5,244.5,246
7.72179155900086,493,490,-3,-491.5,248,243.5
7.72394487510767,500,493,-7,-496.5,253.5,243
7.72609819121447,503,492,-11,-497.5,257,240.5
7.72825150732127,501,493,-8,-497,254.5,242.5
7.73040482342808,501,495,-6,-498,253.5,244.5
7.73255813953488,500,496,-4,-498,252,246
7.73471145564169,502,496,-6,-499,254,245
7.73686477174849,498,495,-3,-496.5,250.5,246
7.7390180878553,493,493,0,-493,246.5,246.5
7.7411714039621,493,491,-2,-492,247.5,244.5
7.74332472006891,496,491,-5,-493.5,250.5,243
7.74547803617571,499,490,-9,-494.5,254,240.5
7.74763135228252,497,492,-5,-494.5,251,243.5
7.74978466838932,495,493,-2,-494,248.5,245.5
7.75193798449612,497,493,-4,-495,250.5,244.5
7.75409130060293,500,493,-7,-496.5,253.5,243
7.75624461670973,503,495,-8,-499,255.5,243.5
7.75839793281654,506,497,-9,-501.5,257.5,244
7.76055124892334,506,495,-11,-500.5,258.5,242
7.76270456503015,502,495,-7,-498.5,254.5,244
7.76485788113695,501,495,-6,-498,253.5,244.5
7.76701119724376,500,496,-4,-498,252,246
7.76916451335056,500,498,-2,-499,251,248
7.77131782945736,499,496,-3,-497.5,251,246.5
7.77347114556417,498,496,-2,-497,250,247
7.77562446167097,500,497,-3,-498.5,251.5,247
7.77777777777778,505,496,-9,-500.5,257,243.5
7.77993109388458,504,494,-10,-499,257,242
7.78208440999139,509,498,-11,-503.5,260,243.5
7.78423772609819,511,501,-10,-506,260.5,245.5
7.786391042205,509,503,-6,-506,257.5,248.5
7.7885443583118,507,501,-6,-504,256.5,247.5
7.79069767441861,508,501,-7,-504.5,257.5,247
7.79285099052541,509,502,-7,-505.5,258,247.5
7.79500430663221,510,501,-9,-505.5,259.5,246
7.79715762273902,513,500,-13,-506.5,263,243.5
7.79931093884582,512,500,-12,-506,262,244
7.80146425495263,513,503,-10,-508,261.5,246.5
7.80361757105943,517,507,-10,-512,263.5,248.5
7.80577088716624,521,509,-12,-515,266.5,248.5
7.80792420327304,525,512,-13,-518.5,269,249.5
7.81007751937985,526,513,-13,-519.5,269.5,250
7.81223083548665,520,512,-8,-516,264,252
7.81438415159345,517,508,-9,-512.5,263,249.5
7.81653746770026,516,508,-8,-512,262,250
7.81869078380706,516,509,-7,-512.5,261.5,251
7.82084409991387,515,511,-4,-513,259.5,253.5
7.82299741602067,513,510,-3,-511.5,258,253.5
7.82515073212748,514,510,-4,-512,259,253
7.82730404823428,514,512,-2,-513,258,255
7.82945736434109,516,512,-4,-514,260,254
7.83161068044789,517,509,-8,-513,262.5,250.5
7.8337639965547,515,508,-7,-511.5,261,250.5
7.8359173126615,512,509,-3,-510.5,257.5,253
7.8380706287683,510,509,-1,-509.5,255.5,254
7.84022394487511,506,506,0,-506,253,253
7.84237726098191,500,504,4,-502,248,254
7.84453057708872,497,502,5,-499.5,246,253.5
7.84668389319552,494,500,6,-497,244,253
7.84883720930233,488,494,6,-491,241,250
7.85099052540913,491,493,2,-492,244.5,247.5
7.85314384151594,496,496,0,-496,248,248
7.85529715762274,496,496,0,-496,248,248
7.85745047372954,497,497,0,-497,248.5,248.5
7.85960378983635,495,495,0,-495,247.5,247.5
7.86175710594315,499,498,-1,-498.5,250,248.5
7.86391042204996,495,497,2,-496,246.5,249.5
7.86606373815676,494,493,-1,-493.5,247.5,246
7.86821705426357,493,492,-1,-492.5,247,245.5
7.87037037037037,494,491,-3,-492.5,248.5,244
7.87252368647717,495,492,-3,-493.5,249,244.5
7.87467700258398,493,493,0,-493,246.5,246.5
7.87683031869078,492,492,0,-492,246,246
7.87898363479759,492,493,1,-492.5,245.5,247
7.88113695090439,488,491,3,-489.5,242.5,247
7.8832902670112,485,491,6,-488,239.5,248.5
7.885443583118,486,486,0,-486,243,243
7.88759689922481,486,485,-1,-485.5,243.5,242
7.88975021533161,481,485,4,-483,238.5,244.5
7.89190353143842,483,483,0,-483,241.5,241.5
7.89405684754522,482,484,2,-483,240,243
7.89621016365202,487,485,-2,-486,244.5,241.5
7.89836347975883,491,489,-2,-490,246.5,243.5
7.90051679586563,493,487,-6,-490,249.5,240.5
7.90267011197244,490,486,-4,-488,247,241
7.90482342807924,488,483,-5,-485.5,246.5,239
7.90697674418605,491,485,-6,-488,248.5,239.5
7.90913006029285,490,488,-2,-489,246,243
7.91128337639966,491,487,-4,-489,247.5,241.5
7.91343669250646,491,487,-4,-489,247.5,241.5
7.91559000861326,491,487,-4,-489,247.5,241.5
7.91774332472007,495,491,-4,-493,249.5,243.5
7.91989664082687,503,491,-12,-497,257.5,239.5
7.92204995693368,514,496,-18,-505,266,239
7.92420327304048,526,501,-25,-513.5,275.5,238
7.92635658914729,546,513,-33,-529.5,289.5,240
7.92850990525409,565,524,-41,-544.5,303,241.5
7.9306632213609,588,537,-51,-562.5,319.5,243
7.9328165374677,608,550,-58,-579,333,246
7.93496985357451,621,563,-58,-592,339.5,252.5
7.93712316968131,627,568,-59,-597.5,343,254.5
7.93927648578811,622,568,-54,-595,338,257
7.94142980189492,605,565,-40,-585,322.5,262.5
7.94358311800172,580,560,-20,-570,300,270
7.94573643410853,554,553,-1,-553.5,277.5,276
7.94788975021533,529,541,12,-535,258.5,276.5
7.95004306632214,509,532,23,-520.5,243,277.5
7.95219638242894,491,522,31,-506.5,230,276.5
7.95434969853575,478,514,36,-496,221,275
7.95650301464255,473,505,32,-489,220.5,268.5
7.95865633074935,473,501,28,-487,222.5,264.5
7.96080964685616,479,500,21,-489.5,229,260.5
7.96296296296296,485,500,15,-492.5,235,257.5
7.96511627906977,491,501,10,-496,240.5,255.5
7.96726959517657,495,502,7,-498.5,244,254.5
7.96942291128338,499,504,5,-501.5,247,254.5
7.97157622739018,497,502,5,-499.5,246,253.5
7.97372954349699,491,497,6,-494,242.5,251.5
7.97588285960379,488,495,7,-491.5,240.5,251
7.97803617571059,490,492,2,-491,244,247
7.9801894918174,491,494,3,-492.5,244,248.5
7.9823428079242,491,494,3,-492.5,244,248.5
7.98449612403101,493,495,2,-494,245.5,248.5
7.98664944013781,493,495,2,-494,245.5,248.5
7.98880275624462,495,494,-1,-494.5,248,246.5
7.99095607235142,492,491,-1,-491.5,246.5,245
7.99310938845823,491,490,-1,-490.5,246,244.5
7.99526270456503,490,487,-3,-488.5,246.5,242
7.99741602067184,490,491,1,-490.5,244.5,246
7.99956933677864,491,490,-1,-490.5,246,244.5
8.00172265288544,492,490,-2,-491,247,244
8.00387596899225,494,490,-4,-492,249,243
8.00602928509905,493,494,1,-493.5,246,247.5
8.00818260120586,489,490,1,-489.5,244,245.5
8.01033591731266,492,488,-4,-490,248,242
8.01248923341947,490,486,-4,-488,247,241
8.01464254952627,490,486,-4,-488,247,241
8.01679586563307,492,488,-4,-490,248,242
8.01894918173988,492,490,-2,-491,247,244
8.02110249784668,496,491,-5,-493.5,250.5,243
8.02325581395349,494,492,-2,-493,248,245
8.02540913006029,494,490,-4,-492,249,243
8.0275624461671,493,489,-4,-491,248.5,242.5
8.0297157622739,495,489,-6,-492,250.5,241.5
8.03186907838071,497,489,-8,-493,252.5,240.5
8.03402239448751,497,492,-5,-494.5,251,243.5
8.03617571059432,498,492,-6,-495,252,243
8.03832902670112,498,491,-7,-494.5,252.5,242
8.04048234280793,499,494,-5,-496.5,252,244.5
8.04263565891473,501,495,-6,-498,253.5,244.5
8.04478897502153,499,492,-7,-495.5,253,242.5
8.04694229112834,498,490,-8,-494,253,241
8.04909560723514,499,493,-6,-496,252.5,243.5
8.05124892334195,503,495,-8,-499,255.5,243.5
8.05340223944875,503,495,-8,-499,255.5,243.5
8.05555555555556,500,494,-6,-497,253,244
8.05770887166236,498,495,-3,-496.5,250.5,246
8.05986218776916,501,499,-2,-500,251.5,248.5
8.06201550387597,501,495,-6,-498,253.5,244.5
8.06416881998277,503,494,-9,-498.5,256,242.5
8.06632213608958,509,496,-13,-502.5,261,241.5
8.06847545219638,507,497,-10,-502,258.5,243.5
8.07062876830319,509,498,-11,-503.5,260,243.5
8.07278208440999,512,500,-12,-506,262,244
8.0749354005168,514,503,-11,-508.5,262.5,246
8.0770887166236,511,506,-5,-508.5,258,250.5
8.07924203273041,514,504,-10,-509,262,247
8.08139534883721,510,502,-8,-506,259,247
8.08354866494401,512,502,-10,-507,261,246
8.08570198105082,514,504,-10,-509,262,247
8.08785529715762,512,503,-9,-507.5,260.5,247
8.09000861326443,510,503,-7,-506.5,258.5,248
8.09216192937123,513,505,-8,-509,260.5,248.5
8.09431524547804,519,510,-9,-514.5,264,250.5
8.09646856158484,521,509,-12,-515,266.5,248.5
8.09862187769165,523,510,-13,-516.5,268,248.5
8.10077519379845,527,511,-16,-519,271.5,247.5
8.10292850990525,527,511,-16,-519,271.5,247.5
8.10508182601206,528,513,-15,-520.5,271.5,249
8.10723514211886,527,515,-12,-521,269.5,251.5
8.10938845822567,526,515,-11,-520.5,268.5,252
8.11154177433247,525,515,-10,-520,267.5,252.5
8.11369509043928,524,516,-8,-520,266,254
8.11584840654608,523,516,-7,-519.5,265,254.5
8.11800172265289,525,513,-12,-519,268.5,250.5
8.12015503875969,528,513,-15,-520.5,271.5,249
8.1223083548665,531,514,-17,-522.5,274,248.5
8.1244616709733,534,517,-17,-525.5,275.5,250
8.1266149870801,532,517,-15,-524.5,273.5,251
8.12876830318691,530,519,-11,-524.5,270.5,254
8.13092161929371,529,518,-11,-523.5,270,253.5
8.13307493540052,530,517,-13,-523.5,271.5,252
8.13522825150732,536,520,-16,-528,276,252
8.13738156761413,536,519,-17,-527.5,276.5,251
8.13953488372093,540,521,-19,-530.5,279.5,251
8.14168819982774,536,519,-17,-527.5,276.5,251
8.14384151593454,537,521,-16,-529,276.5,252.5
8.14599483204134,538,522,-16,-530,277,253
8.14814814814815,536,522,-14,-529,275,254
8.15030146425495,533,521,-12,-527,272.5,254.5
8.15245478036176,531,519,-12,-525,271.5,253.5
8.15460809646856,532,516,-16,-524,274,250
8.15676141257537,531,516,-15,-523.5,273,250.5
8.15891472868217,528,514,-14,-521,271,250
8.16106804478898,532,517,-15,-524.5,273.5,251
8.16322136089578,536,519,-17,-527.5,276.5,251
8.16537467700258,538,520,-18,-529,278,251
8.16752799310939,539,520,-19,-529.5,279,250.5
8.16968130921619,534,520,-14,-527,274,253
8.171834625323,534,514,-20,-524,277,247
8.1739879414298,527,515,-12,-521,269.5,251.5
8.17614125753661,524,509,-15,-516.5,269.5,247
8.17829457364341,522,510,-12,-516,267,249
8.18044788975022,524,510,-14,-517,269,248
8.18260120585702,525,512,-13,-518.5,269,249.5
8.18475452196382,525,512,-13,-518.5,269,249.5
8.18690783807063,526,510,-16,-518,271,247
8.18906115417743,520,508,-12,-514,266,248
8.19121447028424,518,504,-14,-511,266,245
8.19336778639104,518,504,-14,-511,266,245
8.19552110249785,518,503,-15,-510.5,266.5,244
8.19767441860465,515,503,-12,-509,263.5,245.5
8.19982773471146,510,502,-8,-506,259,247
8.20198105081826,506,500,-6,-503,256,247
8.20413436692506,506,500,-6,-503,256,247
8.20628768303187,507,498,-9,-502.5,258,244.5
8.20844099913867,508,495,-13,-501.5,260.5,241
8.21059431524548,505,493,-12,-499,258.5,240.5
8.21274763135228,504,494,-10,-499,257,242
8.21490094745909,498,491,-7,-494.5,252.5,242
8.21705426356589,497,490,-7,-493.5,252,241.5
8.2192075796727,495,489,-6,-492,250.5,241.5
8.2213608957795,493,488,-5,-490.5,249,241.5
8.22351421188631,490,486,-4,-488,247,241
8.22566752799311,493,485,-8,-489,250.5,238.5
8.22782084409991,494,485,-9,-489.5,251.5,238
8.22997416020672,499,485,-14,-492,256.5,235.5
8.23212747631352,502,489,-13,-495.5,257.5,238
8.23428079242033,501,487,-14,-494,257.5,236.5
8.23643410852713,502,491,-11,-496.5,256.5,240
8.23858742463394,496,487,-9,-491.5,252.5,239
8.24074074074074,495,486,-9,-490.5,252,238.5
8.24289405684755,495,485,-10,-490,252.5,237.5
8.24504737295435,496,484,-12,-490,254,236
8.24720068906115,499,485,-14,-492,256.5,235.5
8.24935400516796,499,488,-11,-493.5,255,238.5
8.25150732127476,502,488,-14,-495,258,237
8.25366063738157,502,491,-11,-496.5,256.5,240
8.25581395348837,503,490,-13,-496.5,258,238.5
8.25796726959518,500,491,-9,-495.5,254.5,241
8.26012058570198,492,489,-3,-490.5,247.5,243
8.26227390180879,491,487,-4,-489,247.5,241.5
8.26442721791559,493,483,-10,-488,251.5,236.5
8.2665805340224,496,486,-10,-491,253,238
8.2687338501292,497,488,-9,-492.5,253,239.5
8.270887166236,502,491,-11,-496.5,256.5,240
8.27304048234281,503,493,-10,-498,256.5,241.5
8.27519379844961,504,492,-12,-498,258,240
8.27734711455642,500,492,-8,-496,254,242
8.27950043066322,497,490,-7,-493.5,252,241.5
8.28165374677003,493,488,-5,-490.5,249,241.5
8.28380706287683,492,486,-6,-489,249,240
8.28596037898363,489,486,-3,-487.5,246,241.5
8.28811369509044,490,487,-3,-488.5,246.5,242
8.29026701119724,489,488,-1,-488.5,245,243.5
8.29242032730405,493,489,-4,-491,248.5,242.5
8.29457364341085,498,491,-7,-494.5,252.5,242
8.29672695951766,500,492,-8,-496,254,242
8.29888027562446,501,492,-9,-496.5,255,241.5
8.30103359173127,502,492,-10,-497,256,241
8.30318690783807,503,491,-12,-497,257.5,239.5
8.30534022394488,499,493,-6,-496,252.5,243.5
8.30749354005168,498,495,-3,-496.5,250.5,246
8.30964685615849,496,496,0,-496,248,248
8.31180017226529,494,494,0,-494,247,247
8.31395348837209,496,493,-3,-494.5,249.5,245
8.3161068044789,499,495,-4,-497,251.5,245.5
8.3182601205857,500,493,-7,-496.5,253.5,243
8.32041343669251,500,496,-4,-498,252,246
8.32256675279931,498,497,-1,-497.5,249.5,248
8.32472006890612,495,498,3,-496.5,246,250.5
8.32687338501292,494,496,2,-495,246,249
8.32902670111972,495,499,4,-497,245.5,251.5
8.33118001722653,501,499,-2,-500,251.5,248.5
8.33333333333333,499,498,-1,-498.5,250,248.5
8.33548664944014,501,495,-6,-498,253.5,244.5
8.33763996554694,497,496,-1,-496.5,249,247.5
8.33979328165375,495,496,1,-495.5,247,248.5
8.34194659776055,492,495,3,-493.5,244.5,249
8.34409991386736,489,492,3,-490.5,243,247.5
8.34625322997416,487,493,6,-490,240.5,249.5
8.34840654608096,488,493,5,-490.5,241.5,249
8.35055986218777,494,496,2,-495,246,249
8.35271317829457,502,494,-8,-498,255,243
8.35486649440138,507,498,-9,-502.5,258,244.5
8.35701981050818,510,500,-10,-505,260,245
8.35917312661499,510,503,-7,-506.5,258.5,248
8.36132644272179,506,502,-4,-504,255,249
8.3634797588286,507,503,-4,-505,255.5,249.5
8.3656330749354,501,501,0,-501,250.5,250.5
8.36778639104221,499,498,-1,-498.5,250,248.5
8.36993970714901,496,495,-1,-495.5,248.5,247
8.37209302325581,498,497,-1,-497.5,249.5,248
8.37424633936262,498,497,-1,-497.5,249.5,248
8.37639965546942,503,498,-5,-500.5,254,246.5
8.37855297157623,509,502,-7,-505.5,258,247.5
8.38070628768303,507,502,-5,-504.5,256,248.5
8.38285960378984,508,505,-3,-506.5,255.5,251
8.38501291989664,509,504,-5,-506.5,257,249.5
8.38716623600344,513,505,-8,-509,260.5,248.5
8.38931955211025,517,503,-14,-510,265.5,244.5
8.39147286821705,518,505,-13,-511.5,265.5,246
8.39362618432386,520,508,-12,-514,266,248
8.39577950043066,521,511,-10,-516,265.5,250.5
8.39793281653747,521,510,-11,-515.5,266,249.5
8.40008613264427,521,513,-8,-517,264.5,252.5
8.40223944875108,520,514,-6,-517,263,254
8.40439276485788,519,513,-6,-516,262.5,253.5
8.40654608096469,518,510,-8,-514,263,251
8.40869939707149,517,508,-9,-512.5,263,249.5
8.4108527131783,518,511,-7,-514.5,262.5,252
8.4130060292851,517,512,-5,-514.5,261,253.5
8.4151593453919,519,514,-5,-516.5,262,254.5
8.41731266149871,518,513,-5,-515.5,261.5,254
8.41946597760551,516,511,-5,-513.5,260.5,253
8.42161929371232,517,512,-5,-514.5,261,253.5
8.42377260981912,514,509,-5,-511.5,259.5,252
8.42592592592593,509,506,-3,-507.5,256,251.5
8.42807924203273,509,506,-3,-507.5,256,251.5
8.43023255813953,506,508,2,-507,252,255
8.43238587424634,501,503,2,-502,249.5,252.5
8.43453919035314,500,502,2,-501,249,252
8.43669250645995,497,502,5,-499.5,246,253.5
8.43884582256675,493,501,8,-497,242.5,254.5
8.44099913867356,497,496,-1,-496.5,249,247.5
8.44315245478036,499,495,-4,-497,251.5,245.5
8.44530577088717,499,495,-4,-497,251.5,245.5
8.44745908699397,498,496,-2,-497,250,247
8.44961240310078,496,496,0,-496,248,248
8.45176571920758,496,496,0,-496,248,248
8.45391903531439,497,497,0,-497,248.5,248.5
8.45607235142119,492,494,2,-493,245,248
8.45822566752799,492,492,0,-492,246,246
8.4603789836348,493,489,-4,-491,248.5,242.5
8.4625322997416,492,488,-4,-490,248,242
8.46468561584841,490,488,-2,-489,246,243
8.46683893195521,491,487,-4,-489,247.5,241.5
8.46899224806202,492,489,-3,-490.5,247.5,243
8.47114556416882,494,490,-4,-492,249,243
8.47329888027562,493,490,-3,-491.5,248,243.5
8.47545219638243,492,488,-4,-490,248,242
8.47760551248923,491,486,-5,-488.5,248,240.5
8.47975882859604,494,486,-8,-490,251,239
8.48191214470284,496,488,-8,-492,252,240
8.48406546080965,496,490,-6,-493,251,242
8.48621877691645,496,489,-7,-492.5,251.5,241
8.48837209302326,495,489,-6,-492,250.5,241.5
8.49052540913006,493,487,-6,-490,249.5,240.5
8.49267872523687,486,485,-1,-485.5,243.5,242
8.49483204134367,485,479,-6,-482,245.5,236.5
8.49698535745048,482,479,-3,-480.5,242.5,238
8.49913867355728,479,478,-1,-478.5,240,238.5
8.50129198966408,482,477,-5,-479.5,243.5,236
8.50344530577089,482,479,-3,-480.5,242.5,238
8.50559862187769,487,480,-7,-483.5,247,236.5
8.5077519379845,488,482,-6,-485,247,238
8.5099052540913,492,483,-9,-487.5,250.5,237
8.51205857019811,495,483,-12,-489,253.5,235.5
8.51421188630491,499,483,-16,-491,257.5,233.5
8.51636520241171,511,488,-23,-499.5,267,232.5
8.51851851851852,525,499,-26,-512,275.5,236.5
8.52067183462532,548,509,-39,-528.5,293.5,235
8.52282515073213,569,524,-45,-546.5,307,239.5
8.52497846683893,588,535,-53,-561.5,320.5,241
8.52713178294574,603,547,-56,-575,329.5,245.5
8.52928509905254,615,557,-58,-586,336.5,249.5
8.53143841515935,619,561,-58,-590,338.5,251.5
8.53359173126615,617,567,-50,-592,333.5,258.5
8.53574504737295,605,566,-39,-585.5,322,263.5
8.53789836347976,583,563,-20,-573,301.5,271.5
8.54005167958656,559,556,-3,-557.5,281,276.5
8.54220499569337,534,547,13,-540.5,260.5,280
8.54435831180017,519,538,19,-528.5,250,278.5
8.54651162790698,501,530,29,-515.5,236,279.5
8.54866494401378,489,520,31,-504.5,229,275.5
8.55081826012059,481,514,33,-497.5,224,273.5
8.55297157622739,479,510,31,-494.5,224,270.5
8.5551248923342,482,510,28,-496,227,269
8.557278208441,485,508,23,-496.5,231,265.5
8.5594315245478,490,509,19,-499.5,235.5,264
8.56158484065461,493,510,17,-501.5,238,263.5
8.56373815676141,500,508,8,-504,246,258
8.56589147286822,499,506,7,-502.5,246,256.5
8.56804478897502,499,505,6,-502,246.5,255.5
8.57019810508183,498,503,5,-500.5,246.5,254
8.57235142118863,498,503,5,-500.5,246.5,254
8.57450473729543,497,502,5,-499.5,246,253.5
8.57665805340224,491,501,10,-496,240.5,255.5
8.57881136950904,493,503,10,-498,241.5,256.5
8.58096468561585,489,498,9,-493.5,240,253.5
8.58311800172265,483,496,13,-489.5,235,254.5
8.58527131782946,486,494,8,-490,239,251
8.58742463393626,488,496,8,-492,240,252
8.58957795004307,488,492,4,-490,242,248
8.59173126614987,488,492,4,-490,242,248
8.59388458225668,487,494,7,-490.5,240,250.5
8.59603789836348,490,493,3,-491.5,243.5,248
8.59819121447029,491,496,5,-493.5,243,250.5
8.60034453057709,490,496,6,-493,242,251
8.60249784668389,496,494,-2,-495,249,246
8.6046511627907,495,494,-1,-494.5,248,246.5
8.6068044788975,495,494,-1,-494.5,248,246.5
8.60895779500431,494,496,2,-495,246,249
8.61111111111111,495,496,1,-495.5,247,248.5
8.61326442721792,492,496,4,-494,244,250
8.61541774332472,491,495,4,-493,243.5,249.5
8.61757105943152,488,495,7,-491.5,240.5,251
8.61972437553833,489,493,4,-491,242.5,248.5
8.62187769164513,490,493,3,-491.5,243.5,248
8.62403100775194,495,494,-1,-494.5,248,246.5
8.62618432385874,501,496,-5,-498.5,253,245.5
8.62833763996555,503,498,-5,-500.5,254,246.5
8.63049095607235,501,500,-1,-500.5,251,249.5
8.63264427217916,498,501,3,-499.5,247.5,252
8.63479758828596,497,499,2,-498,247.5,250.5
8.63695090439277,497,496,-1,-496.5,249,247.5
8.63910422049957,498,494,-4,-496,251,245
8.64125753660637,496,498,2,-497,247,250
8.64341085271318,497,497,0,-497,248.5,248.5
8.64556416881998,497,499,2,-498,247.5,250.5
8.64771748492679,505,503,-2,-504,253.5,250.5
8.64987080103359,504,505,1,-504.5,251.5,253
8.6520241171404,504,505,1,-504.5,251.5,253
8.6541774332472,505,505,0,-505,252.5,252.5
8.65633074935401,502,501,-1,-501.5,251.5,250
8.65848406546081,502,501,-1,-501.5,251.5,250
8.66063738156761,505,501,-4,-503,254.5,248.5
8.66279069767442,505,505,0,-505,252.5,252.5
8.66494401378122,503,505,2,-504,250.5,253.5
8.66709732988803,505,505,0,-505,252.5,252.5
8.66925064599483,503,506,3,-504.5,250,254.5
8.67140396210164,504,506,2,-505,251,254
8.67355727820844,504,503,-1,-503.5,252.5,251
8.67571059431525,505,505,0,-505,252.5,252.5
8.67786391042205,505,502,-3,-503.5,254,249.5
8.68001722652886,507,506,-1,-506.5,254,252.5
8.68217054263566,508,507,-1,-507.5,254.5,253
8.68432385874246,509,509,0,-509,254.5,254.5
8.68647717484927,508,509,1,-508.5,253.5,255
8.68863049095607,513,511,-2,-512,257.5,254.5
8.69078380706288,518,512,-6,-515,262,253
8.69293712316968,519,513,-6,-516,262.5,253.5
8.69509043927649,520,512,-8,-516,264,252
8.69724375538329,520,515,-5,-517.5,262.5,255
8.6993970714901,523,516,-7,-519.5,265,254.5
8.7015503875969,525,520,-5,-522.5,265,257.5
8.7037037037037,529,522,-7,-525.5,268,257.5
8.70585701981051,526,523,-3,-524.5,264.5,260
8.70801033591731,526,523,-3,-524.5,264.5,260
8.71016365202412,521,520,-1,-520.5,261,259.5
8.71231696813092,523,519,-4,-521,263.5,257.5
8.71447028423773,525,520,-5,-522.5,265,257.5
8.71662360034453,523,522,-1,-522.5,262,260.5
8.71877691645134,529,525,-4,-527,266.5,260.5
8.72093023255814,531,527,-4,-529,267.5,261.5
8.72308354866494,533,529,-4,-531,268.5,262.5
8.72523686477175,536,528,-8,-532,272,260
8.72739018087855,535,529,-6,-532,270.5,261.5
8.72954349698536,532,528,-4,-530,268,262
8.73169681309216,530,526,-4,-528,267,261
8.73385012919897,526,526,0,-526,263,263
8.73600344530577,531,530,-1,-530.5,266,264.5
8.73815676141258,532,530,-2,-531,267,264
8.74031007751938,536,532,-4,-534,270,264
8.74246339362618,538,534,-4,-536,271,265
8.74461670973299,537,533,-4,-535,270.5,264.5
8.74677002583979,535,531,-4,-533,269.5,263.5
8.7489233419466,534,530,-4,-532,269,263
8.7510766580534,531,528,-3,-529.5,267,262.5
8.75322997416021,530,529,-1,-529.5,265.5,264
8.75538329026701,528,530,2,-529,263,266
8.75753660637382,527,529,2,-528,262.5,265.5
8.75968992248062,528,528,0,-528,264,264
8.76184323858742,528,529,1,-528.5,263.5,265
8.76399655469423,531,528,-3,-529.5,267,262.5
8.76614987080103,532,526,-6,-529,269,260
8.76830318690784,531,527,-4,-529,267.5,261.5
8.77045650301464,535,529,-6,-532,270.5,261.5
8.77260981912145,533,529,-4,-531,268.5,262.5
8.77476313522825,531,529,-2,-530,266.5,263.5
8.77691645133506,525,526,1,-525.5,262,263.5
8.77906976744186,520,523,3,-521.5,258.5,263
8.78122308354867,518,520,2,-519,258,261
8.78337639965547,518,515,-3,-516.5,260.5,256
8.78552971576227,512,513,1,-512.5,255.5,257
8.78768303186908,510,514,4,-512,253,259
8.78983634797588,507,513,6,-510,250.5,259.5
8.79198966408269,508,510,2,-509,253,256
8.79414298018949,509,512,3,-510.5,253,257.5
8.7962962962963,513,512,-1,-512.5,257,255.5
8.7984496124031,515,513,-2,-514,258.5,255.5
8.8006029285099,514,510,-4,-512,259,253
8.80275624461671,512,507,-5,-509.5,258.5,251
8.80490956072351,509,506,-3,-507.5,256,251.5
8.80706287683032,503,504,1,-503.5,251,252.5
8.80921619293712,501,502,1,-501.5,250,251.5
8.81136950904393,498,501,3,-499.5,247.5,252
8.81352282515073,496,499,3,-497.5,246.5,251
8.81567614125754,498,500,2,-499,248,251
8.81782945736434,499,497,-2,-498,250.5,247.5
8.81998277347115,494,492,-2,-493,248,245
8.82213608957795,490,492,2,-491,244,247
8.82428940568476,490,492,2,-491,244,247
8.82644272179156,495,494,-1,-494.5,248,246.5
8.82859603789836,495,493,-2,-494,248.5,245.5
8.83074935400517,495,493,-2,-494,248.5,245.5
8.83290267011197,496,491,-5,-493.5,250.5,243
8.83505598621878,497,493,-4,-495,250.5,244.5
8.83720930232558,502,490,-12,-496,257,239
8.83936261843239,501,488,-13,-494.5,257,237.5
8.84151593453919,502,492,-10,-497,256,241
8.84366925064599,501,492,-9,-496.5,255,241.5
8.8458225667528,496,493,-3,-494.5,249.5,245
8.8479758828596,493,491,-2,-492,247.5,244.5
8.85012919896641,490,489,-1,-489.5,245.5,244
8.85228251507321,490,489,-1,-489.5,245.5,244
8.85443583118002,496,486,-10,-491,253,238
8.85658914728682,501,488,-13,-494.5,257,237.5
8.85874246339363,502,489,-13,-495.5,257.5,238
8.86089577950043,500,492,-8,-496,254,242
8.86304909560724,496,490,-6,-493,251,242
8.86520241171404,493,487,-6,-490,249.5,240.5
8.86735572782085,492,487,-5,-489.5,248.5,241
8.86950904392765,494,490,-4,-492,249,243
8.87166236003445,496,486,-10,-491,253,238
8.87381567614126,495,485,-10,-490,252.5,237.5
8.87596899224806,494,486,-8,-490,251,239
8.87812230835487,495,489,-6,-492,250.5,241.5
8.88027562446167,494,487,-7,-490.5,250.5,240
8.88242894056848,497,488,-9,-492.5,253,239.5
8.88458225667528,497,488,-9,-492.5,253,239.5
8.88673557278208,496,487,-9,-491.5,252.5,239
8.88888888888889,495,486,-9,-490.5,252,238.5
8.89104220499569,491,483,-8,-487,249.5,237.5
8.8931955211025,492,482,-10,-487,251,236
8.8953488372093,497,484,-13,-490.5,255,235.5
8.89750215331611,498,488,-10,-493,254,239
8.89965546942291,496,487,-9,-491.5,252.5,239
8.90180878552972,500,490,-10,-495,255,240
8.90396210163652,502,492,-10,-497,256,241
8.90611541774333,504,491,-13,-497.5,258.5,239
8.90826873385013,503,489,-14,-496,258.5,237.5
8.91042204995693,503,488,-15,-495.5,259,236.5
8.91257536606374,499,489,-10,-494,254.5,239.5
8.91472868217054,498,491,-7,-494.5,252.5,242
8.91688199827735,499,490,-9,-494.5,254,240.5
8.91903531438415,495,489,-6,-492,250.5,241.5
8.92118863049096,492,489,-3,-490.5,247.5,243
8.92334194659776,491,490,-1,-490.5,246,244.5
8.92549526270457,488,486,-2,-487,245,242
8.92764857881137,490,485,-5,-487.5,247.5,240
8.92980189491817,496,488,-8,-492,252,240
8.93195521102498,499,489,-10,-494,254.5,239.5
8.93410852713178,502,492,-10,-497,256,241
8.93626184323859,506,495,-11,-500.5,258.5,242
8.93841515934539,506,496,-10,-501,258,243
8.9405684754522,502,496,-6,-499,254,245
8.942721791559,496,491,-5,-493.5,250.5,243
8.94487510766581,496,488,-8,-492,252,240
8.94702842377261,504,491,-13,-497.5,258.5,239
8.94918173987941,509,495,-14,-502,261.5,240.5
8.95133505598622,509,495,-14,-502,261.5,240.5
8.95348837209302,512,500,-12,-506,262,244
8.95564168819983,511,501,-10,-506,260.5,245.5
8.95779500430663,506,499,-7,-502.5,256.5,246
8.95994832041344,505,498,-7,-501.5,256,245.5
8.96210163652024,500,497,-3,-498.5,251.5,247
8.96425495262705,498,493,-5,-495.5,251.5,244
8.96640826873385,500,497,-3,-498.5,251.5,247
8.96856158484066,501,497,-4,-499,252.5,246.5
8.97071490094746,505,500,-5,-502.5,255,247.5
8.97286821705426,512,503,-9,-507.5,260.5,247
8.97502153316107,517,506,-11,-511.5,264,247.5
8.97717484926787,520,509,-11,-514.5,265.5,249
8.97932816537468,521,507,-14,-514,267.5,246.5
8.98148148148148,520,507,-13,-513.5,266.5,247
8.98363479758829,519,509,-10,-514,264.5,249.5
8.98578811369509,520,510,-10,-515,265,250
8.98794142980189,516,511,-5,-513.5,260.5,253
8.9900947459087,516,510,-6,-513,261,252
8.9922480620155,515,511,-4,-513,259.5,253.5
8.99440137812231,514,512,-2,-513,258,255
8.99655469422911,513,506,-7,-509.5,260,249.5
8.99870801033592,510,505,-5,-507.5,257.5,250
9.00086132644272,510,505,-5,-507.5,257.5,250
9.00301464254953,509,508,-1,-508.5,255,253.5
9.00516795865633,513,508,-5,-510.5,259,251.5
9.00732127476314,513,509,-4,-511,258.5,252.5
9.00947459086994,512,510,-2,-511,257,254
9.01162790697675,511,512,1,-511.5,255,256.5
9.01378122308355,508,505,-3,-506.5,255.5,251
9.01593453919035,500,503,3,-501.5,248.5,253
9.01808785529716,492,498,6,-495,243,252
9.02024117140396,490,497,7,-493.5,241.5,252
9.02239448751077,487,495,8,-491,239.5,251.5
9.02454780361757,489,497,8,-493,240.5,252.5
9.02670111972438,495,499,4,-497,245.5,251.5
9.02885443583118,499,502,3,-500.5,248,252.5
9.03100775193798,498,500,2,-499,248,251
9.03316106804479,496,496,0,-496,248,248
9.03531438415159,494,493,-1,-493.5,247.5,246
9.0374677002584,498,499,1,-498.5,248.5,250
9.0396210163652,498,497,-1,-497.5,249.5,248
9.04177433247201,498,497,-1,-497.5,249.5,248
9.04392764857881,497,496,-1,-496.5,249,247.5
9.04608096468562,495,499,4,-497,245.5,251.5
9.04823428079242,490,496,6,-493,242,251
9.05038759689923,488,492,4,-490,242,248
9.05254091300603,483,490,7,-486.5,238,248.5
9.05469422911283,486,490,4,-488,241,247
9.05684754521964,489,489,0,-489,244.5,244.5
9.05900086132644,491,492,1,-491.5,245,246.5
9.06115417743325,493,492,-1,-492.5,247,245.5
9.06330749354005,492,493,1,-492.5,245.5,247
9.06546080964686,491,494,3,-492.5,244,248.5
9.06761412575366,491,491,0,-491,245.5,245.5
9.06976744186047,494,489,-5,-491.5,249.5,242
9.07192075796727,493,491,-2,-492,247.5,244.5
9.07407407407407,490,490,0,-490,245,245
9.07622739018088,485,488,3,-486.5,241,245.5
9.07838070628768,484,486,2,-485,241,244
9.08053402239449,482,488,6,-485,238,247
9.08268733850129,484,489,5,-486.5,239.5,247
9.0848406546081,480,487,7,-483.5,236.5,247
9.0869939707149,481,483,2,-482,239.5,242.5
9.08914728682171,486,484,-2,-485,244,241
9.09130060292851,494,488,-6,-491,250,241
9.09345391903532,502,491,-11,-496.5,256.5,240
9.09560723514212,519,501,-18,-510,268.5,241.5
9.09776055124892,538,510,-28,-524,283,241
9.09991386735573,564,525,-39,-544.5,301.5,243
9.10206718346253,593,540,-53,-566.5,323,243.5
9.10422049956934,618,553,-65,-585.5,341.5,244
9.10637381567614,639,566,-73,-602.5,356,246.5
9.10852713178295,647,576,-71,-611.5,359,252.5
9.11068044788975,646,583,-63,-614.5,354.5,260
9.11283376399656,633,584,-49,-608.5,341,267.5
9.11498708010336,614,578,-36,-596,325,271
9.11714039621016,585,574,-11,-579.5,298,281.5
9.11929371231697,557,563,6,-560,275.5,284.5
9.12144702842377,531,551,20,-541,255.5,285.5
9.12360034453058,510,538,28,-524,241,283
9.12575366063738,499,531,32,-515,233.5,281.5
9.12790697674419,494,525,31,-509.5,231.5,278
9.13006029285099,493,523,30,-508,231.5,276.5
9.1322136089578,493,520,27,-506.5,233,273.5
9.1343669250646,493,518,25,-505.5,234,271.5
9.1365202411714,498,517,19,-507.5,239.5,268
9.13867355727821,501,517,16,-509,242.5,266.5
9.14082687338501,505,514,9,-509.5,248,261.5
9.14298018949182,507,514,7,-510.5,250,260.5
9.14513350559862,506,511,5,-508.5,250.5,258
9.14728682170543,501,511,10,-506,245.5,260.5
9.14944013781223,498,506,8,-502,245,257
9.15159345391904,496,506,10,-501,243,258
9.15374677002584,491,504,13,-497.5,239,258.5
9.15590008613264,486,501,15,-493.5,235.5,258
9.15805340223945,481,494,13,-487.5,234,253.5
9.16020671834625,484,492,8,-488,238,250
9.16236003445306,487,492,5,-489.5,241,248.5
9.16451335055986,488,493,5,-490.5,241.5,249
9.16666666666667,490,493,3,-491.5,243.5,248
9.16881998277347,487,493,6,-490,240.5,249.5
9.17097329888028,487,494,7,-490.5,240,250.5
9.17312661498708,485,491,6,-488,239.5,248.5
9.17527993109388,488,491,3,-489.5,242.5,247
9.17743324720069,487,487,0,-487,243.5,243.5
9.17958656330749,487,489,2,-488,242.5,245.5
9.1817398794143,486,486,0,-486,243,243
9.1838931955211,488,488,0,-488,244,244
9.18604651162791,492,490,-2,-491,247,244
9.18819982773471,494,492,-2,-493,248,245
9.19035314384152,495,493,-2,-494,248.5,245.5
9.19250645994832,498,495,-3,-496.5,250.5,246
9.19465977605513,500,491,-9,-495.5,254.5,241
9.19681309216193,499,492,-7,-495.5,253,242.5
9.19896640826873,496,490,-6,-493,251,242
9.20111972437554,496,493,-3,-494.5,249.5,245
9.20327304048234,498,494,-4,-496,251,245
9.20542635658915,500,496,-4,-498,252,246
9.20757967269595,502,496,-6,-499,254,245
9.20973298880276,502,497,-5,-499.5,253.5,246
9.21188630490956,502,496,-6,-499,254,245
9.21403962101637,501,495,-6,-498,253.5,244.5
9.21619293712317,499,493,-6,-496,252.5,243.5
9.21834625322997,497,493,-4,-495,250.5,244.5
9.22049956933678,496,493,-3,-494.5,249.5,245
9.22265288544358,499,497,-2,-498,250.5,247.5
9.22480620155039,501,496,-5,-498.5,253,245.5
9.22695951765719,502,497,-5,-499.5,253.5,246
9.229112833764,501,496,-5,-498.5,253,245.5
9.2312661498708,500,495,-5,-497.5,252.5,245
9.23341946597761,501,493,-8,-497,254.5,242.5
9.23557278208441,499,494,-5,-496.5,252,244.5
9.23772609819122,504,498,-6,-501,255,246
9.23987941429802,505,499,-6,-502,255.5,246.5
9.24203273040482,506,498,-8,-502,257,245
9.24418604651163,505,500,-5,-502.5,255,247.5
9.24633936261843,503,499,-4,-501,253.5,247.5
9.24849267872524,507,499,-8,-503,257.5,245.5
9.25064599483204,508,499,-9,-503.5,258.5,245
9.25279931093885,509,502,-7,-505.5,258,247.5
9.25495262704565,512,504,-8,-508,260,248
9.25710594315245,514,505,-9,-509.5,261.5,248
9.25925925925926,514,504,-10,-509,262,247
9.26141257536606,512,507,-5,-509.5,258.5,251
9.26356589147287,514,507,-7,-510.5,260.5,250
9.26571920757967,518,506,-12,-512,265,247
9.26787252368648,521,506,-15,-513.5,268,245.5
9.27002583979328,521,508,-13,-514.5,267,247.5
9.27217915590009,521,510,-11,-515.5,266,249.5
9.27433247200689,525,511,-14,-518,269.5,248.5
9.2764857881137,525,514,-11,-519.5,268,251.5
9.2786391042205,525,514,-11,-519.5,268,251.5
9.28079242032731,524,514,-10,-519,267,252
9.28294573643411,523,514,-9,-518.5,266,252.5
9.28509905254091,525,514,-11,-519.5,268,251.5
9.28725236864772,525,515,-10,-520,267.5,252.5
9.28940568475452,528,515,-13,-521.5,270.5,251
9.29155900086133,529,518,-11,-523.5,270,253.5
9.29371231696813,531,519,-12,-525,271.5,253.5
9.29586563307494,531,522,-9,-526.5,270,256.5
9.29801894918174,530,522,-8,-526,269,257
9.30017226528854,530,522,-8,-526,269,257
9.30232558139535,532,522,-10,-527,271,256
9.30447889750215,534,521,-13,-527.5,273.5,254
9.30663221360896,533,522,-11,-527.5,272,255.5
9.30878552971576,537,525,-12,-531,274.5,256.5
9.31093884582257,538,527,-11,-532.5,274.5,258
9.31309216192937,539,527,-12,-533,275.5,257.5
9.31524547803618,539,528,-11,-533.5,275,258.5
9.31739879414298,538,529,-9,-533.5,273.5,260
9.31955211024978,533,527,-6,-530,269.5,260.5
9.32170542635659,533,523,-10,-528,271.5,256.5
9.32385874246339,533,524,-9,-528.5,271,257.5
9.3260120585702,532,526,-6,-529,269,260
9.328165374677,535,527,-8,-531,271.5,259.5
9.33031869078381,539,529,-10,-534,274.5,259.5
9.33247200689061,539,530,-9,-534.5,274,260.5
9.33462532299742,535,529,-6,-532,270.5,261.5
9.33677863910422,534,526,-8,-530,271,259
9.33893195521103,529,524,-5,-526.5,267,259.5
9.34108527131783,523,523,0,-523,261.5,261.5
9.34323858742463,524,521,-3,-522.5,263.5,259
9.34539190353144,524,523,-1,-523.5,262.5,261
9.34754521963824,519,521,2,-520,258.5,261.5
9.34969853574505,517,519,2,-518,257.5,260.5
9.35185185185185,515,519,4,-517,255.5,261.5
9.35400516795866,517,516,-1,-516.5,259,257.5
9.35615848406546,519,517,-2,-518,260.5,257.5
9.35831180017226,522,515,-7,-518.5,264.5,254
9.36046511627907,525,518,-7,-521.5,266,255.5
9.36261843238587,522,518,-4,-520,263,257
9.36477174849268,523,520,-3,-521.5,263,258.5
9.36692506459948,519,517,-2,-518,260.5,257.5
9.36907838070629,511,513,2,-512,254.5,257.5
9.37123169681309,508,512,4,-510,252,258
9.3733850129199,507,511,4,-509,251.5,257.5
9.3755383290267,507,506,-1,-506.5,254,252.5
9.37769164513351,506,506,0,-506,253,253
9.37984496124031,507,507,0,-507,253.5,253.5
9.38199827734712,503,504,1,-503.5,251,252.5
9.38415159345392,500,504,4,-502,248,254
9.38630490956072,499,504,5,-501.5,247,254.5
9.38845822566753,497,503,6,-500,245.5,254.5
9.39061154177433,496,500,4,-498,246,252
9.39276485788114,494,497,3,-495.5,245.5,250
9.39491817398794,496,496,0,-496,248,248
9.39707149009475,495,495,0,-495,247.5,247.5
9.39922480620155,498,499,1,-498.5,248.5,250
9.40137812230835,494,497,3,-495.5,245.5,250
9.40353143841516,494,497,3,-495.5,245.5,250
9.40568475452196,497,499,2,-498,247.5,250.5
9.40783807062877,496,498,2,-497,247,250
9.40999138673557,497,495,-2,-496,249.5,246.5
9.41214470284238,496,494,-2,-495,249,246
9.41429801894918,494,493,-1,-493.5,247.5,246
9.41645133505599,499,495,-4,-497,251.5,245.5
9.41860465116279,497,494,-3,-495.5,250,245.5
9.4207579672696,500,496,-4,-498,252,246
9.4229112833764,498,497,-1,-497.5,249.5,248
9.42506459948321,496,496,0,-496,248,248
9.42721791559001,499,495,-4,-497,251.5,245.5
9.42937123169681,497,492,-5,-494.5,251,243.5
9.43152454780362,497,491,-6,-494,251.5,242.5
9.43367786391042,492,493,1,-492.5,245.5,247
9.43583118001723,489,492,3,-490.5,243,247.5
9.43798449612403,490,489,-1,-489.5,245.5,244
9.44013781223084,491,491,0,-491,245.5,245.5
9.44229112833764,497,494,-3,-495.5,250,245.5
9.44444444444444,502,495,-7,-498.5,254.5,244
9.44659776055125,501,494,-7,-497.5,254,243.5
9.44875107665805,503,492,-11,-497.5,257,240.5
9.45090439276486,503,492,-11,-497.5,257,240.5
9.45305770887166,505,498,-7,-501.5,256,245.5
9.45521102497847,504,497,-7,-500.5,255.5,245
9.45736434108527,506,498,-8,-502,257,245
9.45951765719208,504,499,-5,-501.5,254.5,247
9.46167097329888,503,498,-5,-500.5,254,246.5
9.46382428940569,500,495,-5,-497.5,252.5,245
9.46597760551249,499,492,-7,-495.5,253,242.5
9.4681309216193,499,493,-6,-496,252.5,243.5
9.4702842377261,499,495,-4,-497,251.5,245.5
9.4724375538329,499,496,-3,-497.5,251,246.5
9.47459086993971,498,496,-2,-497,250,247
9.47674418604651,494,496,2,-495,246,249
9.47889750215332,494,493,-1,-493.5,247.5,246
9.48105081826012,493,490,-3,-491.5,248,243.5
9.48320413436693,497,490,-7,-493.5,252,241.5
9.48535745047373,499,492,-7,-495.5,253,242.5
9.48751076658053,499,496,-3,-497.5,251,246.5
9.48966408268734,502,494,-8,-498,255,243
9.49181739879414,502,495,-7,-498.5,254.5,244
9.49397071490095,502,496,-6,-499,254,245
9.49612403100775,503,498,-5,-500.5,254,246.5
9.49827734711456,505,497,-8,-501,256.5,244.5
9.50043066322136,505,496,-9,-500.5,257,243.5
9.50258397932817,505,495,-10,-500,257.5,242.5
9.50473729543497,506,497,-9,-501.5,257.5,244
9.50689061154177,506,500,-6,-503,256,247
9.50904392764858,507,501,-6,-504,256.5,247.5
9.51119724375538,508,501,-7,-504.5,257.5,247
9.51335055986219,509,503,-6,-506,257.5,248.5
9.51550387596899,509,503,-6,-506,257.5,248.5
9.5176571920758,514,503,-11,-508.5,262.5,246
9.5198105081826,516,503,-13,-509.5,264.5,245
9.52196382428941,516,504,-12,-510,264,246
9.52411714039621,514,505,-9,-509.5,261.5,248
9.52627045650302,511,505,-6,-508,258.5,249.5
9.52842377260982,509,505,-4,-507,256.5,250.5
9.53057708871662,505,503,-2,-504,253.5,250.5
9.53273040482343,506,507,1,-506.5,252.5,254
9.53488372093023,512,503,-9,-507.5,260.5,247
9.53703703703704,518,505,-13,-511.5,265.5,246
9.53919035314384,518,507,-11,-512.5,264.5,248
9.54134366925065,521,511,-10,-516,265.5,250.5
9.54349698535745,518,510,-8,-514,263,251
9.54565030146425,516,509,-7,-512.5,261.5,251
9.54780361757106,514,509,-5,-511.5,259.5,252
9.54995693367786,512,509,-3,-510.5,257.5,253
9.55211024978467,513,508,-5,-510.5,259,251.5
9.55426356589147,514,507,-7,-510.5,260.5,250
9.55641688199828,517,508,-9,-512.5,263,249.5
9.55857019810508,518,510,-8,-514,263,251
9.56072351421189,521,511,-10,-516,265.5,250.5
9.56287683031869,521,513,-8,-517,264.5,252.5
9.5650301464255,519,513,-6,-516,262.5,253.5
9.5671834625323,516,515,-1,-515.5,258.5,257
9.56933677863911,515,513,-2,-514,258.5,255.5
9.57149009474591,509,508,-1,-508.5,255,253.5
9.57364341085271,505,505,0,-505,252.5,252.5
9.57579672695952,501,504,3,-502.5,249,253.5
9.57795004306632,504,505,1,-504.5,251.5,253
9.58010335917313,504,505,1,-504.5,251.5,253
9.58225667527993,501,503,2,-502,249.5,252.5
9.58440999138674,499,503,4,-501,247.5,253.5
9.58656330749354,501,503,2,-502,249.5,252.5
9.58871662360034,500,500,0,-500,250,250
9.59086993970715,503,498,-5,-500.5,254,246.5
9.59302325581395,503,498,-5,-500.5,254,246.5
9.59517657192076,501,500,-1,-500.5,251,249.5
9.59732988802756,500,498,-2,-499,251,248
9.59948320413437,498,499,1,-498.5,248.5,250
9.60163652024117,495,497,2,-496,246.5,249.5
9.60378983634798,492,496,4,-494,244,250
9.60594315245478,491,494,3,-492.5,244,248.5
9.60809646856159,485,489,4,-487,240.5,246.5
9.61024978466839,484,488,4,-486,240,246
9.61240310077519,486,487,1,-486.5,242.5,244
9.614556416882,491,490,-1,-490.5,246,244.5
9.6167097329888,493,492,-1,-492.5,247,245.5
9.61886304909561,492,491,-1,-491.5,246.5,245
9.62101636520241,491,491,0,-491,245.5,245.5
9.62316968130922,495,491,-4,-493,249.5,243.5
9.62532299741602,495,490,-5,-492.5,250,242.5
9.62747631352283,493,487,-6,-490,249.5,240.5
9.62962962962963,492,490,-2,-491,247,244
9.63178294573643,493,488,-5,-490.5,249,241.5
9.63393626184324,491,489,-2,-490,246.5,243.5
9.63608957795004,486,489,3,-487.5,241.5,246
9.63824289405685,482,486,4,-484,239,245
9.64039621016365,480,485,5,-482.5,237.5,245
9.64254952627046,482,482,0,-482,241,241
9.64470284237726,484,482,-2,-483,243,240
9.64685615848407,484,481,-3,-482.5,243.5,239
9.64900947459087,486,482,-4,-484,245,239
9.65116279069768,491,487,-4,-489,247.5,241.5
9.65331610680448,497,491,-6,-494,251.5,242.5
9.65546942291128,504,492,-12,-498,258,240
9.65762273901809,514,497,-17,-505.5,265.5,240
9.65977605512489,530,502,-28,-516,279,237
9.6619293712317,547,513,-34,-530,290.5,239.5
9.6640826873385,568,521,-47,-544.5,307.5,237
9.66623600344531,591,533,-58,-562,324.5,237.5
9.66838931955211,611,550,-61,-580.5,336,244.5
9.67054263565892,625,562,-63,-593.5,344,249.5
9.67269595176572,632,571,-61,-601.5,346.5,255
9.67484926787252,633,576,-57,-604.5,345,259.5
9.67700258397933,620,576,-44,-598,332,266
9.67915590008613,601,569,-32,-585,316.5,268.5
9.68130921619294,575,562,-13,-568.5,294,274.5
9.68346253229974,553,553,0,-553,276.5,276.5
9.68561584840655,532,547,15,-539.5,258.5,281
9.68776916451335,518,538,20,-528,249,279
9.68992248062016,501,531,30,-516,235.5,280.5
9.69207579672696,491,525,34,-508,228.5,279.5
9.69422911283376,487,516,29,-501.5,229,272.5
9.69638242894057,485,513,28,-499,228.5,270.5
9.69853574504737,487,507,20,-497,233.5,263.5
9.70068906115418,493,508,15,-500.5,239,261.5
9.70284237726098,501,509,8,-505,246.5,258.5
9.70499569336779,505,510,5,-507.5,250,257.5
9.70714900947459,507,510,3,-508.5,252,256.5
9.7093023255814,506,509,3,-507.5,251.5,256
9.7114556416882,504,509,5,-506.5,249.5,257
9.713608957795,500,504,4,-502,248,254
9.71576227390181,494,501,7,-497.5,243.5,254
9.71791559000861,493,497,4,-495,244.5,250.5
9.72006890611542,489,495,6,-492,241.5,250.5
9.72222222222222,490,496,6,-493,242,251
9.72437553832903,489,496,7,-492.5,241,251.5
9.72652885443583,489,496,7,-492.5,241,251.5
9.72868217054264,490,496,6,-493,242,251
9.73083548664944,488,494,6,-491,241,250
9.73298880275624,485,490,5,-487.5,240,247.5
9.73514211886305,486,488,2,-487,242,245
9.73729543496985,487,488,1,-487.5,243,244.5
9.73944875107666,488,489,1,-488.5,243.5,245
9.74160206718346,488,491,3,-489.5,242.5,247
9.74375538329027,491,490,-1,-490.5,246,244.5
9.74590869939707,493,491,-2,-492,247.5,244.5
9.74806201550388,494,491,-3,-492.5,248.5,244
9.75021533161068,495,493,-2,-494,248.5,245.5
9.75236864771749,496,489,-7,-492.5,251.5,241
9.75452196382429,494,488,-6,-491,250,241
9.75667527993109,494,490,-4,-492,249,243
9.7588285960379,493,490,-3,-491.5,248,243.5
9.7609819121447,494,492,-2,-493,248,245
9.76313522825151,496,491,-5,-493.5,250.5,243
9.76528854435831,497,492,-5,-494.5,251,243.5
9.76744186046512,499,493,-6,-496,252.5,243.5
9.76959517657192,499,492,-7,-495.5,253,242.5
9.77174849267873,499,492,-7,-495.5,253,242.5
9.77390180878553,501,492,-9,-496.5,255,241.5
9.77605512489233,502,494,-8,-498,255,243
9.77820844099914,497,497,0,-497,248.5,248.5
9.78036175710594,497,494,-3,-495.5,250,245.5
9.78251507321275,493,493,0,-493,246.5,246.5
9.78466838931955,494,493,-1,-493.5,247.5,246
9.78682170542636,496,492,-4,-494,250,244
9.78897502153316,497,489,-8,-493,252.5,240.5
9.79112833763997,499,491,-8,-495,253.5,241.5
9.79328165374677,500,495,-5,-497.5,252.5,245
9.79543496985358,501,496,-5,-498.5,253,245.5
9.79758828596038,504,497,-7,-500.5,255.5,245
9.79974160206718,503,498,-5,-500.5,254,246.5
9.80189491817399,505,499,-6,-502,255.5,246.5
9.80404823428079,508,500,-8,-504,258,246
9.8062015503876,509,498,-11,-503.5,260,243.5
9.8083548664944,509,497,-12,-503,260.5,242.5
9.81050818260121,508,499,-9,-503.5,258.5,245
9.81266149870801,508,502,-6,-505,257,248
9.81481481481481,502,497,-5,-499.5,253.5,246
9.81696813092162,503,499,-4,-501,253.5,247.5
9.81912144702842,508,502,-6,-505,257,248
9.82127476313523,511,504,-7,-507.5,259,248.5
9.82342807924203,514,504,-10,-509,262,247
9.82558139534884,514,500,-14,-507,264,243
9.82773471145564,512,503,-9,-507.5,260.5,247
9.82988802756245,516,507,-9,-511.5,262.5,249
9.83204134366925,517,507,-10,-512,263.5,248.5
9.83419465977606,521,511,-10,-516,265.5,250.5
9.83634797588286,520,511,-9,-515.5,264.5,251
9.83850129198967,522,512,-10,-517,266,251
9.84065460809647,526,512,-14,-519,270,249
9.84280792420327,526,512,-14,-519,270,249
9.84496124031008,525,513,-12,-519,268.5,250.5
9.84711455641688,524,515,-9,-519.5,266.5,253
9.84926787252369,523,515,-8,-519,265.5,253.5
9.85142118863049,525,517,-8,-521,266.5,254.5
9.8535745047373,523,520,-3,-521.5,263,258.5
9.8557278208441,526,520,-6,-523,266,257
9.8578811369509,524,516,-8,-520,266,254
9.86003445305771,527,515,-12,-521,269.5,251.5
9.86218776916451,531,519,-12,-525,271.5,253.5
9.86434108527132,537,523,-14,-530,275.5,254.5
9.86649440137812,540,527,-13,-533.5,276.5,257
9.86864771748493,539,527,-12,-533,275.5,257.5
9.87080103359173,537,527,-10,-532,273.5,258.5
9.87295434969854,533,526,-7,-529.5,270,259.5
9.87510766580534,530,526,-4,-528,267,261
9.87726098191215,533,524,-9,-528.5,271,257.5
9.87941429801895,534,522,-12,-528,273,255
9.88156761412575,534,524,-10,-529,272,257
9.88372093023256,538,528,-10,-533,274,259
9.88587424633936,539,528,-11,-533.5,275,258.5
9.88802756244617,537,529,-8,-533,272.5,260.5
9.89018087855297,532,529,-3,-530.5,267.5,263
9.89233419465978,531,529,-2,-530,266.5,263.5
9.89448751076658,529,524,-5,-526.5,267,259.5
9.89664082687339,529,523,-6,-526,267.5,258.5
9.89879414298019,529,524,-5,-526.5,267,259.5
9.90094745908699,528,527,-1,-527.5,264.5,263
9.9031007751938,528,526,-2,-527,265,262
9.9052540913006,532,526,-6,-529,269,260
9.90740740740741,530,529,-1,-529.5,265.5,264
9.90956072351421,527,528,1,-527.5,263,264.5
9.91171403962102,527,525,-2,-526,264.5,261.5
9.91386735572782,525,521,-4,-523,264.5,258.5
9.91602067183463,523,521,-2,-522,262.5,259.5
9.91817398794143,520,522,2,-521,259,262
9.92032730404823,521,520,-1,-520.5,261,259.5
9.92248062015504,520,521,1,-520.5,259.5,261
9.92463393626184,521,520,-1,-520.5,261,259.5
9.92678725236865,517,520,3,-518.5,257,261.5
9.92894056847545,518,518,0,-518,259,259
9.93109388458226,514,514,0,-514,257,257
9.93324720068906,511,511,0,-511,255.5,255.5
9.93540051679587,507,509,2,-508,252.5,255.5
9.93755383290267,505,509,4,-507,250.5,256.5
9.93970714900948,504,508,4,-506,250,256
9.94186046511628,506,508,2,-507,252,255
9.94401378122308,507,510,3,-508.5,252,256.5
9.94616709732989,508,509,1,-508.5,253.5,255
9.94832041343669,504,505,1,-504.5,251.5,253
9.9504737295435,499,500,1,-499.5,249,250.5
9.9526270456503,493,498,5,-495.5,244,251.5
9.95478036175711,491,499,8,-495,241.5,253.5
9.95693367786391,492,498,6,-495,243,252
9.95908699397071,496,499,3,-497.5,246.5,251
9.96124031007752,493,499,6,-496,243.5,252.5
9.96339362618432,492,499,7,-495.5,242.5,253
9.96554694229113,490,494,4,-492,243,249
9.96770025839793,492,491,-1,-491.5,246.5,245
9.96985357450474,495,493,-2,-494,248.5,245.5
9.97200689061154,496,492,-4,-494,250,244
9.97416020671835,498,495,-3,-496.5,250.5,246
9.97631352282515,495,495,0,-495,247.5,247.5
9.97846683893196,496,496,0,-496,248,248
9.98062015503876,496,496,0,-496,248,248
9.98277347114557,497,494,-3,-495.5,250,245.5
9.98492678725237,497,491,-6,-494,251.5,242.5
9.98708010335917,494,489,-5,-491.5,249.5,242
9.98923341946598,491,491,0,-491,245.5,245.5
9.99138673557278,491,489,-2,-490,246.5,243.5
9.99354005167959,493,492,-1,-492.5,247,245.5
9.99569336778639,491,492,1,-491.5,245,246.5
9.9978466838932,492,493,1,-492.5,245.5,247
10,495,492,-3,-493.5,249,244.5
10.0021533161068,497,491,-6,-494,251.5,242.5
10.0043066322136,499,490,-9,-494.5,254,240.5
10.0064599483204,500,492,-8,-496,254,242
10.0086132644272,502,494,-8,-498,255,243
10.010766580534,501,494,-7,-497.5,254,243.5
10.0129198966408,499,495,-4,-497,251.5,245.5
10.0150732127476,501,496,-5,-498.5,253,245.5
10.0172265288544,501,497,-4,-499,252.5,246.5
10.0193798449612,500,494,-6,-497,253,244
10.021533161068,501,493,-8,-497,254.5,242.5
10.0236864771749,500,492,-8,-496,254,242
10.0258397932817,502,496,-6,-499,254,245
10.0279931093885,500,495,-5,-497.5,252.5,245
10.0301464254953,497,496,-1,-496.5,249,247.5
10.0322997416021,500,496,-4,-498,252,246
10.0344530577089,497,497,0,-497,248.5,248.5
10.0366063738157,496,493,-3,-494.5,249.5,245
10.0387596899225,496,491,-5,-493.5,250.5,243
10.0409130060293,496,490,-6,-493,251,242
10.0430663221361,492,490,-2,-491,247,244
10.0452196382429,492,489,-3,-490.5,247.5,243
10.0473729543497,494,491,-3,-492.5,248.5,244
10.0495262704565,499,494,-5,-496.5,252,244.5
10.0516795865633,499,493,-6,-496,252.5,243.5
10.0538329026701,500,494,-6,-497,253,244
10.0559862187769,497,491,-6,-494,251.5,242.5
10.0581395348837,499,490,-9,-494.5,254,240.5
10.0602928509905,500,493,-7,-496.5,253.5,243
10.0624461670973,495,490,-5,-492.5,250,242.5
10.0645994832041,498,492,-6,-495,252,243
10.0667527993109,500,494,-6,-497,253,244
10.0689061154177,502,498,-4,-500,253,247
10.0710594315245,501,496,-5,-498.5,253,245.5
10.0732127476314,497,493,-4,-495,250.5,244.5
10.0753660637382,501,492,-9,-496.5,255,241.5
10.077519379845,501,494,-7,-497.5,254,243.5
10.0796726959518,504,495,-9,-499.5,256.5,243
10.0818260120586,506,496,-10,-501,258,243
10.0839793281654,508,497,-11,-502.5,259.5,243
10.0861326442722,508,499,-9,-503.5,258.5,245
10.088285960379,511,501,-10,-506,260.5,245.5
10.0904392764858,509,500,-9,-504.5,259,245.5
10.0925925925926,509,498,-11,-503.5,260,243.5
10.0947459086994,509,500,-9,-504.5,259,245.5
10.0968992248062,510,499,-11,-504.5,260.5,244
10.099052540913,508,499,-9,-503.5,258.5,245
10.1012058570198,506,499,-7,-502.5,256.5,246
10.1033591731266,509,502,-7,-505.5,258,247.5
10.1055124892334,510,504,-6,-507,258,249
10.1076658053402,514,504,-10,-509,262,247
10.109819121447,514,501,-13,-507.5,263.5,244
10.1119724375538,515,503,-12,-509,263.5,245.5
10.1141257536606,518,506,-12,-512,265,247
10.1162790697674,516,506,-10,-511,263,248
10.1184323858742,515,508,-7,-511.5,261,250.5
10.1205857019811,515,508,-7,-511.5,261,250.5
10.1227390180879,514,511,-3,-512.5,258.5,254
10.1248923341947,518,510,-8,-514,263,251
10.1270456503015,516,510,-6,-513,261,252
10.1291989664083,520,508,-12,-514,266,248
10.1313522825151,518,509,-9,-513.5,263.5,250
10.1335055986219,516,509,-7,-512.5,261.5,251
10.1356589147287,515,509,-6,-512,260.5,251.5
10.1378122308355,516,509,-7,-512.5,261.5,251
10.1399655469423,515,511,-4,-513,259.5,253.5
10.1421188630491,512,510,-2,-511,257,254
10.1442721791559,513,507,-6,-510,259.5,250.5
10.1464254952627,510,506,-4,-508,257,251
10.1485788113695,508,504,-4,-506,256,250
10.1507321274763,500,502,2,-501,249,252
10.1528854435831,494,500,6,-497,244,253
10.1550387596899,488,497,9,-492.5,239.5,253
10.1571920757967,491,498,7,-494.5,242,252.5
10.1593453919035,496,498,2,-497,247,250
10.1614987080103,495,497,2,-496,246.5,249.5
10.1636520241171,496,494,-2,-495,249,246
10.1658053402239,494,494,0,-494,247,247
10.1679586563308,495,493,-2,-494,248.5,245.5
10.1701119724376,492,492,0,-492,246,246
10.1722652885444,493,494,1,-493.5,246,247.5
10.1744186046512,495,495,0,-495,247.5,247.5
10.176571920758,496,496,0,-496,248,248
10.1787252368648,497,496,-1,-496.5,249,247.5
10.1808785529716,492,494,2,-493,245,248
10.1830318690784,495,493,-2,-494,248.5,245.5
10.1851851851852,490,489,-1,-489.5,245.5,244
10.187338501292,488,489,1,-488.5,243.5,245
10.1894918173988,487,489,2,-488,242.5,245.5
10.1916451335056,487,489,2,-488,242.5,245.5
10.1937984496124,489,489,0,-489,244.5,244.5
10.1959517657192,490,489,-1,-489.5,245.5,244
10.198105081826,488,487,-1,-487.5,244.5,243
10.2002583979328,489,486,-3,-487.5,246,241.5
10.2024117140396,487,485,-2,-486,244.5,241.5
10.2045650301464,487,485,-2,-486,244.5,241.5
10.2067183462532,488,486,-2,-487,245,242
10.20887166236,485,484,-1,-484.5,243,241.5
10.2110249784668,484,484,0,-484,242,242
10.2131782945736,481,483,2,-482,239.5,242.5
10.2153316106804,482,482,0,-482,241,241
10.2174849267873,484,481,-3,-482.5,243.5,239
10.2196382428941,484,481,-3,-482.5,243.5,239
10.2217915590009,483,478,-5,-480.5,244,236.5
10.2239448751077,486,482,-4,-484,245,239
10.2260981912145,494,486,-8,-490,251,239
10.2282515073213,508,494,-14,-501,261,240
10.2304048234281,523,500,-23,-511.5,273,238.5
10.2325581395349,542,510,-32,-526,287,239
10.2347114556417,560,518,-42,-539,301,238
10.2368647717485,579,529,-50,-554,314.5,239.5
10.2390180878553,593,536,-57,-564.5,325,239.5
10.2411714039621,612,551,-61,-581.5,336.5,245
10.2433247200689,623,562,-61,-592.5,342,250.5
10.2454780361757,624,567,-57,-595.5,340.5,255
10.2476313522825,616,571,-45,-593.5,330.5,263
10.2497846683893,602,570,-32,-586,317,269
10.2519379844961,577,560,-17,-568.5,297,271.5
10.2540913006029,552,549,-3,-550.5,277.5,273
10.2562446167097,530,538,8,-534,261,273
10.2583979328165,507,529,22,-518,242.5,275.5
10.2605512489233,491,521,30,-506,230.5,275.5
10.2627045650301,485,516,31,-500.5,227,273.5
10.264857881137,481,512,31,-496.5,225,271.5
10.2670111972438,481,508,27,-494.5,227,267.5
10.2691645133506,484,505,21,-494.5,231.5,263
10.2713178294574,490,506,16,-498,237,261
10.2734711455642,496,504,8,-500,244,256
10.275624461671,501,505,4,-503,248.5,254.5
10.2777777777778,501,504,3,-502.5,249,253.5
10.2799310938846,504,507,3,-505.5,250.5,255
10.2820844099914,504,505,1,-504.5,251.5,253
10.2842377260982,505,508,3,-506.5,251,255.5
10.286391042205,501,505,4,-503,248.5,254.5
10.2885443583118,494,498,4,-496,245,251
10.2906976744186,492,498,6,-495,243,252
10.2928509905254,490,493,3,-491.5,243.5,248
10.2950043066322,487,492,5,-489.5,241,248.5
10.297157622739,484,491,7,-487.5,238.5,249
10.2993109388458,484,492,8,-488,238,250
10.3014642549526,486,492,6,-489,240,249
10.3036175710594,485,492,7,-488.5,239,249.5
10.3057708871662,488,489,1,-488.5,243.5,245
10.307924203273,485,487,2,-486,241.5,244.5
10.3100775193798,489,485,-4,-487,246.5,240.5
10.3122308354867,490,488,-2,-489,246,243
10.3143841515935,491,487,-4,-489,247.5,241.5
10.3165374677003,492,492,0,-492,246,246
10.3186907838071,495,493,-2,-494,248.5,245.5
10.3208440999139,500,494,-6,-497,253,244
10.3229974160207,499,493,-6,-496,252.5,243.5
10.3251507321275,498,491,-7,-494.5,252.5,242
10.3273040482343,497,489,-8,-493,252.5,240.5
10.3294573643411,497,490,-7,-493.5,252,241.5
10.3316106804479,490,489,-1,-489.5,245.5,244
10.3337639965547,489,490,1,-489.5,244,245.5
10.3359173126615,490,490,0,-490,245,245
10.3380706287683,495,491,-4,-493,249.5,243.5
10.3402239448751,497,494,-3,-495.5,250,245.5
10.3423772609819,501,494,-7,-497.5,254,243.5
10.3445305770887,503,493,-10,-498,256.5,241.5
10.3466838931955,504,495,-9,-499.5,256.5,243
10.3488372093023,505,497,-8,-501,256.5,244.5
10.3509905254091,505,498,-7,-501.5,256,245.5
10.3531438415159,503,498,-5,-500.5,254,246.5
10.3552971576227,503,500,-3,-501.5,253,248.5
10.3574504737295,503,499,-4,-501,253.5,247.5
10.3596037898363,504,498,-6,-501,255,246
10.3617571059432,499,492,-7,-495.5,253,242.5
10.36391042205,499,492,-7,-495.5,253,242.5
10.3660637381568,497,493,-4,-495,250.5,244.5
10.3682170542636,500,496,-4,-498,252,246
10.3703703703704,502,496,-6,-499,254,245
10.3725236864772,507,500,-7,-503.5,257,246.5
10.374677002584,507,500,-7,-503.5,257,246.5
10.3768303186908,508,500,-8,-504,258,246
10.3789836347976,504,497,-7,-500.5,255.5,245
10.3811369509044,507,497,-10,-502,258.5,243.5
10.3832902670112,511,499,-12,-505,261.5,243.5
10.385443583118,511,501,-10,-506,260.5,245.5
10.3875968992248,514,503,-11,-508.5,262.5,246
10.3897502153316,516,506,-10,-511,263,248
10.3919035314384,514,508,-6,-511,260,251
10.3940568475452,517,508,-9,-512.5,263,249.5
10.396210163652,514,507,-7,-510.5,260.5,250
10.3983634797588,510,502,-8,-506,259,247
10.4005167958656,505,502,-3,-503.5,254,249.5
10.4026701119724,509,503,-6,-506,257.5,248.5
10.4048234280792,510,505,-5,-507.5,257.5,250
10.406976744186,512,506,-6,-509,259,250
10.4091300602929,518,507,-11,-512.5,264.5,248
10.4112833763997,519,512,-7,-515.5,263,252.5
10.4134366925065,526,512,-14,-519,270,249
10.4155900086133,527,511,-16,-519,271.5,247.5
10.4177433247201,526,511,-15,-518.5,270.5,248
10.4198966408269,527,513,-14,-520,270.5,249.5
10.4220499569337,525,515,-10,-520,267.5,252.5
10.4242032730405,528,515,-13,-521.5,270.5,251
10.4263565891473,529,517,-12,-523,270.5,252.5
10.4285099052541,530,520,-10,-525,270,255
10.4306632213609,535,524,-11,-529.5,273,256.5
10.4328165374677,536,521,-15,-528.5,275.5,253
10.4349698535745,534,519,-15,-526.5,274.5,252
10.4371231696813,532,522,-10,-527,271,256
10.4392764857881,534,524,-10,-529,272,257
10.4414298018949,531,523,-8,-527,269.5,257.5
10.4435831180017,530,526,-4,-528,267,261
10.4457364341085,534,527,-7,-530.5,270.5,260
10.4478897502153,534,528,-6,-531,270,261
10.4500430663221,533,524,-9,-528.5,271,257.5
10.4521963824289,535,523,-12,-529,273.5,255.5
10.4543496985357,535,525,-10,-530,272.5,257.5
10.4565030146425,536,529,-7,-532.5,271.5,261
10.4586563307494,535,527,-8,-531,271.5,259.5
10.4608096468562,532,526,-6,-529,269,260
10.462962962963,532,528,-4,-530,268,262
10.4651162790698,531,529,-2,-530,266.5,263.5
10.4672695951766,529,525,-4,-527,266.5,260.5
10.4694229112834,528,523,-5,-525.5,266.5,259
10.4715762273902,526,520,-6,-523,266,257
10.473729543497,527,522,-5,-524.5,266,258.5
10.4758828596038,526,523,-3,-524.5,264.5,260
10.4780361757106,528,524,-4,-526,266,260
10.4801894918174,528,525,-3,-526.5,265.5,261
10.4823428079242,530,525,-5,-527.5,267.5,260
10.484496124031,527,524,-3,-525.5,265,260.5
10.4866494401378,525,521,-4,-523,264.5,258.5
10.4888027562446,523,519,-4,-521,263.5,257.5
10.4909560723514,521,518,-3,-519.5,262,257.5
10.4931093884582,522,520,-2,-521,262,259
10.495262704565,521,520,-1,-520.5,261,259.5
10.4974160206718,522,520,-2,-521,262,259
10.4995693367786,520,521,1,-520.5,259.5,261
10.5017226528854,518,520,2,-519,258,261
10.5038759689922,518,518,0,-518,259,259
10.5060292850991,516,514,-2,-515,259,256
10.5081826012059,510,510,0,-510,255,255
10.5103359173127,508,513,5,-510.5,251.5,259
10.5124892334195,501,508,7,-504.5,247,257.5
10.5146425495263,500,507,7,-503.5,246.5,257
10.5167958656331,502,508,6,-505,248,257
10.5189491817399,501,508,7,-504.5,247,257.5
10.5211024978467,502,502,0,-502,251,251
10.5232558139535,499,500,1,-499.5,249,250.5
10.5254091300603,501,500,-1,-500.5,251,249.5
10.5275624461671,501,501,0,-501,250.5,250.5
10.5297157622739,499,500,1,-499.5,249,250.5
10.5318690783807,499,501,2,-500,248.5,251.5
10.5340223944875,501,501,0,-501,250.5,250.5
10.5361757105943,501,501,0,-501,250.5,250.5
10.5383290267011,499,498,-1,-498.5,250,248.5
10.5404823428079,498,497,-1,-497.5,249.5,248
10.5426356589147,498,496,-2,-497,250,247
10.5447889750215,497,498,1,-497.5,248,249.5
10.5469422911283,497,495,-2,-496,249.5,246.5
10.5490956072351,495,496,1,-495.5,247,248.5
10.5512489233419,495,494,-1,-494.5,248,246.5
10.5534022394488,496,495,-1,-495.5,248.5,247
10.5555555555556,495,497,2,-496,246.5,249.5
10.5577088716624,497,494,-3,-495.5,250,245.5
10.5598621877692,496,492,-4,-494,250,244
10.562015503876,497,492,-5,-494.5,251,243.5
10.5641688199828,493,493,0,-493,246.5,246.5
10.5663221360896,496,492,-4,-494,250,244
10.5684754521964,498,495,-3,-496.5,250.5,246
10.5706287683032,502,496,-6,-499,254,245
10.57278208441,501,499,-2,-500,251.5,248.5
10.5749354005168,504,498,-6,-501,255,246
10.5770887166236,500,493,-7,-496.5,253.5,243
10.5792420327304,499,491,-8,-495,253.5,241.5
10.5813953488372,501,496,-5,-498.5,253,245.5
10.583548664944,503,496,-7,-499.5,255,244.5
10.5857019810508,502,497,-5,-499.5,253.5,246
10.5878552971576,500,496,-4,-498,252,246
10.5900086132644,500,498,-2,-499,251,248
10.5921619293712,497,494,-3,-495.5,250,245.5
10.594315245478,494,491,-3,-492.5,248.5,244
10.5964685615848,493,489,-4,-491,248.5,242.5
10.5986218776916,496,491,-5,-493.5,250.5,243
10.6007751937984,501,493,-8,-497,254.5,242.5
10.6029285099053,502,496,-6,-499,254,245
10.6050818260121,500,496,-4,-498,252,246
10.6072351421189,500,499,-1,-499.5,250.5,249
10.6093884582257,499,496,-3,-497.5,251,246.5
10.6115417743325,496,494,-2,-495,249,246
10.6136950904393,496,491,-5,-493.5,250.5,243
10.6158484065461,495,494,-1,-494.5,248,246.5
10.6180017226529,493,490,-3,-491.5,248,243.5
10.6201550387597,492,492,0,-492,246,246
10.6223083548665,493,492,-1,-492.5,247,245.5
10.6244616709733,495,496,1,-495.5,247,248.5
10.6266149870801,496,493,-3,-494.5,249.5,245
10.6287683031869,499,492,-7,-495.5,253,242.5
10.6309216192937,501,492,-9,-496.5,255,241.5
10.6330749354005,505,496,-9,-500.5,257,243.5
10.6352282515073,508,496,-12,-502,260,242
10.6373815676141,506,496,-10,-501,258,243
10.6395348837209,506,497,-9,-501.5,257.5,244
10.6416881998277,506,497,-9,-501.5,257.5,244
10.6438415159345,504,498,-6,-501,255,246
10.6459948320413,500,497,-3,-498.5,251.5,247
10.6481481481481,495,493,-2,-494,248.5,245.5
10.650301464255,496,492,-4,-494,250,244
10.6524547803618,493,490,-3,-491.5,248,243.5
10.6546080964686,494,493,-1,-493.5,247.5,246
10.6567614125754,501,495,-6,-498,253.5,244.5
10.6589147286822,503,497,-6,-500,254.5,245.5
10.661068044789,507,499,-8,-503,257.5,245.5
10.6632213608958,510,502,-8,-506,259,247
10.6653746770026,512,501,-11,-506.5,261.5,245
10.6675279931094,516,502,-14,-509,265,244
10.6696813092162,517,504,-13,-510.5,265,245.5
10.671834625323,513,505,-8,-509,260.5,248.5
10.6739879414298,513,505,-8,-509,260.5,248.5
10.6761412575366,511,503,-8,-507,259.5,247.5
10.6782945736434,510,504,-6,-507,258,249
10.6804478897502,510,504,-6,-507,258,249
10.682601205857,509,503,-6,-506,257.5,248.5
10.6847545219638,508,502,-6,-505,257,248
10.6869078380706,511,503,-8,-507,259.5,247.5
10.6890611541774,513,504,-9,-508.5,261,247.5
10.6912144702842,517,507,-10,-512,263.5,248.5
10.693367786391,518,506,-12,-512,265,247
10.6955211024978,519,510,-9,-514.5,264,250.5
10.6976744186047,514,508,-6,-511,260,251
10.6998277347115,513,508,-5,-510.5,259,251.5
10.7019810508183,511,504,-7,-507.5,259,248.5
10.7041343669251,513,507,-6,-510,259.5,250.5
10.7062876830319,515,505,-10,-510,262.5,247.5
10.7084409991387,518,508,-10,-513,264,249
10.7105943152455,517,510,-7,-513.5,262,251.5
10.7127476313523,517,512,-5,-514.5,261,253.5
10.7149009474591,514,510,-4,-512,259,253
10.7170542635659,511,511,0,-511,255.5,255.5
10.7192075796727,510,508,-2,-509,256,253
10.7213608957795,511,505,-6,-508,258.5,249.5
10.7235142118863,511,505,-6,-508,258.5,249.5
10.7256675279931,511,507,-4,-509,257.5,251.5
10.7278208440999,508,506,-2,-507,255,252
10.7299741602067,504,505,1,-504.5,251.5,253
10.7321274763135,502,505,3,-503.5,249.5,254
10.7342807924203,500,505,5,-502.5,247.5,255
10.7364341085271,498,501,3,-499.5,247.5,252
10.7385874246339,497,497,0,-497,248.5,248.5
10.7407407407407,495,494,-1,-494.5,248,246.5
10.7428940568475,496,496,0,-496,248,248
10.7450473729543,498,499,1,-498.5,248.5,250
10.7472006890612,495,497,2,-496,246.5,249.5
10.749354005168,497,496,-1,-496.5,249,247.5
10.7515073212748,495,496,1,-495.5,247,248.5
10.7536606373816,494,496,2,-495,246,249
10.7558139534884,492,492,0,-492,246,246
10.7579672695952,489,488,-1,-488.5,245,243.5
10.760120585702,492,490,-2,-491,247,244
10.7622739018088,488,489,1,-488.5,243.5,245
10.7644272179156,486,490,4,-488,241,247
10.7665805340224,486,490,4,-488,241,247
10.7687338501292,491,490,-1,-490.5,246,244.5
10.770887166236,488,491,3,-489.5,242.5,247
10.7730404823428,487,488,1,-487.5,243,244.5
10.7751937984496,482,483,1,-482.5,240.5,242
10.7773471145564,483,482,-1,-482.5,242,240.5
10.7795004306632,486,484,-2,-485,244,241
10.78165374677,487,489,2,-488,242.5,245.5
10.7838070628768,490,488,-2,-489,246,243
10.7859603789836,490,489,-1,-489.5,245.5,244
10.7881136950904,490,487,-3,-488.5,246.5,242
10.7902670111972,486,485,-1,-485.5,243.5,242
10.792420327304,483,480,-3,-481.5,243,238.5
10.7945736434109,484,480,-4,-482,244,238
10.7967269595177,484,479,-5,-481.5,244.5,237
10.7988802756245,485,483,-2,-484,243.5,240.5
10.8010335917313,486,482,-4,-484,245,239
10.8031869078381,488,485,-3,-486.5,245.5,241
10.8053402239449,490,486,-4,-488,247,241
10.8074935400517,497,488,-9,-492.5,253,239.5
10.8096468561585,508,491,-17,-499.5,262.5,237
10.8118001722653,524,497,-27,-510.5,275.5,235
10.8139534883721,545,508,-37,-526.5,291,235.5
10.8161068044789,561,518,-43,-539.5,302,237.5
10.8182601205857,578,530,-48,-554,313,241
10.8204134366925,594,541,-53,-567.5,323.5,244
10.8225667527993,604,551,-53,-577.5,328.5,249
10.8247200689061,614,560,-54,-587,334,253
10.8268733850129,616,563,-53,-589.5,334.5,255
10.8290267011197,606,562,-44,-584,325,259
10.8311800172265,588,558,-30,-573,309,264
10.8333333333333,566,553,-13,-559.5,289.5,270
10.8354866494401,539,544,5,-541.5,267,274.5
10.8376399655469,516,533,17,-524.5,249.5,275
10.8397932816537,503,526,23,-514.5,240,274.5
10.8419465977606,489,520,31,-504.5,229,275.5
10.8440999138674,479,510,31,-494.5,224,270.5
10.8462532299742,474,503,29,-488.5,222.5,266
10.848406546081,478,501,23,-489.5,227.5,262
10.8505598621878,481,501,20,-491,230.5,260.5
10.8527131782946,490,505,15,-497.5,237.5,260
10.8548664944014,495,502,7,-498.5,244,254.5
10.8570198105082,498,502,4,-500,247,253
10.859173126615,499,503,4,-501,247.5,253.5
10.8613264427218,501,502,1,-501.5,250,251.5
10.8634797588286,499,497,-2,-498,250.5,247.5
10.8656330749354,499,497,-2,-498,250.5,247.5
10.8677863910422,497,496,-1,-496.5,249,247.5
10.869939707149,497,498,1,-497.5,248,249.5
10.8720930232558,494,496,2,-495,246,249
10.8742463393626,492,496,4,-494,244,250
10.8763996554694,491,495,4,-493,243.5,249.5
10.8785529715762,487,491,4,-489,241.5,247.5
10.880706287683,488,492,4,-490,242,248
10.8828596037898,487,489,2,-488,242.5,245.5
10.8850129198966,486,486,0,-486,243,243
10.8871662360034,484,486,2,-485,241,244
10.8893195521102,486,487,1,-486.5,242.5,244
10.8914728682171,487,487,0,-487,243.5,243.5
10.8936261843239,487,487,0,-487,243.5,243.5
10.8957795004307,489,488,-1,-488.5,245,243.5
10.8979328165375,492,489,-3,-490.5,247.5,243
10.9000861326443,494,487,-7,-490.5,250.5,240
10.9022394487511,493,487,-6,-490,249.5,240.5
10.9043927648579,493,488,-5,-490.5,249,241.5
10.9065460809647,491,490,-1,-490.5,246,244.5
10.9086993970715,491,489,-2,-490,246.5,243.5
10.9108527131783,491,486,-5,-488.5,248,240.5
10.9130060292851,489,488,-1,-488.5,245,243.5
10.9151593453919,490,489,-1,-489.5,245.5,244
10.9173126614987,492,487,-5,-489.5,248.5,241
10.9194659776055,495,486,-9,-490.5,252,238.5
10.9216192937123,495,486,-9,-490.5,252,238.5
10.9237726098191,497,489,-8,-493,252.5,240.5
10.9259259259259,499,492,-7,-495.5,253,242.5
10.9280792420327,499,491,-8,-495,253.5,241.5
10.9302325581395,501,494,-7,-497.5,254,243.5
10.9323858742463,503,495,-8,-499,255.5,243.5
10.9345391903531,502,494,-8,-498,255,243
10.9366925064599,501,493,-8,-497,254.5,242.5
10.9388458225668,501,491,-10,-496,255.5,240.5
10.9409991386736,501,495,-6,-498,253.5,244.5
10.9431524547804,499,494,-5,-496.5,252,244.5
10.9453057708872,497,494,-3,-495.5,250,245.5
10.947459086994,496,495,-1,-495.5,248.5,247
10.9496124031008,495,497,2,-496,246.5,249.5
10.9517657192076,497,495,-2,-496,249.5,246.5
10.9539190353144,496,492,-4,-494,250,244
10.9560723514212,499,491,-8,-495,253.5,241.5
10.958225667528,505,496,-9,-500.5,257,243.5
10.9603789836348,505,496,-9,-500.5,257,243.5
10.9625322997416,502,495,-7,-498.5,254.5,244
10.9646856158484,506,496,-10,-501,258,243
10.9668389319552,510,500,-10,-505,260,245
10.968992248062,514,502,-12,-508,263,245
10.9711455641688,515,501,-14,-508,264.5,243.5
10.9732988802756,515,500,-15,-507.5,265,242.5
10.9754521963824,516,502,-14,-509,265,244
10.9776055124892,516,502,-14,-509,265,244
10.979758828596,517,504,-13,-510.5,265,245.5
10.9819121447028,515,507,-8,-511,261.5,249.5
10.9840654608096,514,509,-5,-511.5,259.5,252
10.9862187769165,516,508,-8,-512,262,250
10.9883720930233,514,507,-7,-510.5,260.5,250
10.9905254091301,515,505,-10,-510,262.5,247.5
10.9926787252369,516,507,-9,-511.5,262.5,249
10.9948320413437,518,511,-7,-514.5,262.5,252
10.9969853574505,521,510,-11,-515.5,266,249.5
10.9991386735573,524,513,-11,-518.5,267.5,251
11.0012919896641,527,514,-13,-520.5,270,250.5
11.0034453057709,526,520,-6,-523,266,257
11.0055986218777,527,515,-12,-521,269.5,251.5
11.0077519379845,527,515,-12,-521,269.5,251.5
11.0099052540913,528,515,-13,-521.5,270.5,251
11.0120585701981,529,518,-11,-523.5,270,253.5
11.0142118863049,528,518,-10,-523,269,254
11.0163652024117,522,517,-5,-519.5,263.5,256
11.0185185185185,521,517,-4,-519,262.5,256.5
11.0206718346253,527,520,-7,-523.5,267,256.5
11.0228251507321,532,523,-9,-527.5,270.5,257
11.0249784668389,537,522,-15,-529.5,276,253.5
11.0271317829457,540,523,-17,-531.5,278.5,253
11.0292850990525,540,526,-14,-533,277,256
11.0314384151593,538,526,-12,-532,275,257
11.0335917312662,533,525,-8,-529,270.5,258.5
11.035745047373,529,524,-5,-526.5,267,259.5
11.0378983634798,528,526,-2,-527,265,262
11.0400516795866,529,524,-5,-526.5,267,259.5
11.0422049956934,533,525,-8,-529,270.5,258.5
11.0443583118002,535,524,-11,-529.5,273,256.5
11.046511627907,532,524,-8,-528,270,258
11.0486649440138,533,526,-7,-529.5,270,259.5
11.0508182601206,533,527,-6,-530,269.5,260.5
11.0529715762274,532,526,-6,-529,269,260
11.0551248923342,532,528,-4,-530,268,262
11.057278208441,529,527,-2,-528,265.5,262.5
11.0594315245478,527,525,-2,-526,264.5,261.5
11.0615848406546,523,519,-4,-521,263.5,257.5
11.0637381567614,523,521,-2,-522,262.5,259.5
11.0658914728682,521,518,-3,-519.5,262,257.5
11.068044788975,521,519,-2,-520,261.5,258.5
11.0701981050818,520,521,1,-520.5,259.5,261
11.0723514211886,523,523,0,-523,261.5,261.5
11.0745047372954,521,521,0,-521,260.5,260.5
11.0766580534022,519,519,0,-519,259.5,259.5
11.078811369509,517,515,-2,-516,259.5,256.5
11.0809646856158,516,513,-3,-514.5,259.5,255
11.0831180017227,517,514,-3,-515.5,260,255.5
11.0852713178295,516,514,-2,-515,259,256
11.0874246339363,512,513,1,-512.5,255.5,257
11.0895779500431,510,512,2,-511,254,257
11.0917312661499,504,509,5,-506.5,249.5,257
11.0938845822567,497,505,8,-501,244.5,256.5
11.0960378983635,492,501,9,-496.5,241.5,255
11.0981912144703,492,498,6,-495,243,252
11.1003445305771,497,498,1,-497.5,248,249.5
11.1024978466839,503,501,-2,-502,252.5,249.5
11.1046511627907,505,505,0,-505,252.5,252.5
11.1068044788975,505,505,0,-505,252.5,252.5
11.1089577950043,502,503,1,-502.5,250.5,252
11.1111111111111,499,502,3,-500.5,248,252.5
11.1132644272179,499,501,2,-500,248.5,251.5
11.1154177433247,499,496,-3,-497.5,251,246.5
11.1175710594315,497,497,0,-497,248.5,248.5
11.1197243755383,497,495,-2,-496,249.5,246.5
11.1218776916451,493,495,2,-494,245.5,248.5
11.1240310077519,489,494,5,-491.5,242,249.5
11.1261843238587,490,496,6,-493,242,251
11.1283376399655,491,492,1,-491.5,245,246.5
11.1304909560724,491,494,3,-492.5,244,248.5
11.1326442721792,491,489,-2,-490,246.5,243.5
11.134797588286,494,491,-3,-492.5,248.5,244
11.1369509043928,496,490,-6,-493,251,242
11.1391042204996,498,492,-6,-495,252,243
11.1412575366064,498,492,-6,-495,252,243
11.1434108527132,498,495,-3,-496.5,250.5,246
11.14556416882,496,495,-1,-495.5,248.5,247
11.1477174849268,496,493,-3,-494.5,249.5,245
11.1498708010336,497,492,-5,-494.5,251,243.5
11.1520241171404,495,491,-4,-493,249.5,243.5
11.1541774332472,493,491,-2,-492,247.5,244.5
11.156330749354,496,491,-5,-493.5,250.5,243
11.1584840654608,496,491,-5,-493.5,250.5,243
11.1606373815676,499,494,-5,-496.5,252,244.5
11.1627906976744,500,495,-5,-497.5,252.5,245
11.1649440137812,501,495,-6,-498,253.5,244.5
11.167097329888,499,494,-5,-496.5,252,244.5
11.1692506459948,498,492,-6,-495,252,243
11.1714039621016,497,491,-6,-494,251.5,242.5
11.1735572782084,498,492,-6,-495,252,243
11.1757105943152,497,494,-3,-495.5,250,245.5
11.1778639104221,497,492,-5,-494.5,251,243.5
11.1800172265289,497,494,-3,-495.5,250,245.5
11.1821705426357,493,493,0,-493,246.5,246.5
11.1843238587425,495,493,-2,-494,248.5,245.5
11.1864771748493,494,489,-5,-491.5,249.5,242
11.1886304909561,496,490,-6,-493,251,242
11.1907838070629,495,488,-7,-491.5,251,240.5
11.1929371231697,496,490,-6,-493,251,242
11.1950904392765,495,491,-4,-493,249.5,243.5
11.1972437553833,493,494,1,-493.5,246,247.5
11.1993970714901,494,490,-4,-492,249,243
11.2015503875969,495,491,-4,-493,249.5,243.5
11.2037037037037,493,490,-3,-491.5,248,243.5
11.2058570198105,495,490,-5,-492.5,250,242.5
11.2080103359173,499,489,-10,-494,254.5,239.5
11.2101636520241,498,492,-6,-495,252,243
11.2123169681309,496,493,-3,-494.5,249.5,245
11.2144702842377,499,496,-3,-497.5,251,246.5
11.2166236003445,501,495,-6,-498,253.5,244.5
11.2187769164513,501,497,-4,-499,252.5,246.5
11.2209302325581,500,494,-6,-497,253,244
11.2230835486649,499,493,-6,-496,252.5,243.5
11.2252368647717,497,490,-7,-493.5,252,241.5
11.2273901808786,497,492,-5,-494.5,251,243.5
11.2295434969854,497,493,-4,-495,250.5,244.5
11.2316968130922,497,494,-3,-495.5,250,245.5
11.233850129199,496,493,-3,-494.5,249.5,245
11.2360034453058,498,495,-3,-496.5,250.5,246
11.2381567614126,500,496,-4,-498,252,246
11.2403100775194,498,491,-7,-494.5,252.5,242
11.2424633936262,496,490,-6,-493,251,242
11.244616709733,498,491,-7,-494.5,252.5,242
11.2467700258398,501,493,-8,-497,254.5,242.5
11.2489233419466,501,495,-6,-498,253.5,244.5
11.2510766580534,501,496,-5,-498.5,253,245.5
11.2532299741602,504,498,-6,-501,255,246
11.255383290267,503,497,-6,-500,254.5,245.5
11.2575366063738,507,498,-9,-502.5,258,244.5
11.2596899224806,512,498,-14,-505,263,242
11.2618432385874,517,500,-17,-508.5,267,241.5
11.2639965546942,521,505,-16,-513,268.5,244.5
11.266149870801,521,507,-14,-514,267.5,246.5
11.2683031869078,520,508,-12,-514,266,248
11.2704565030146,518,509,-9,-513.5,263.5,250
11.2726098191214,517,509,-8,-513,262.5,250.5
11.2747631352283,517,507,-10,-512,263.5,248.5
11.2769164513351,516,507,-9,-511.5,262.5,249
11.2790697674419,518,506,-12,-512,265,247
11.2812230835487,515,507,-8,-511,261.5,249.5
11.2833763996555,517,509,-8,-513,262.5,250.5
11.2855297157623,515,509,-6,-512,260.5,251.5
11.2876830318691,515,509,-6,-512,260.5,251.5
11.2898363479759,512,509,-3,-510.5,257.5,253
11.2919896640827,512,508,-4,-510,258,252
11.2941429801895,511,507,-4,-509,257.5,251.5
11.2962962962963,509,502,-7,-505.5,258,247.5
11.2984496124031,508,503,-5,-505.5,256.5,249
11.3006029285099,504,501,-3,-502.5,253.5,249
11.3027562446167,505,506,1,-505.5,252,253.5
11.3049095607235,500,501,1,-500.5,249.5,251
11.3070628768303,499,502,3,-500.5,248,252.5
11.3092161929371,499,501,2,-500,248.5,251.5
11.3113695090439,500,501,1,-500.5,249.5,251
11.3135228251507,496,495,-1,-495.5,248.5,247
11.3156761412575,497,493,-4,-495,250.5,244.5
11.3178294573643,497,496,-1,-496.5,249,247.5
11.3199827734711,498,498,0,-498,249,249
11.322136089578,498,497,-1,-497.5,249.5,248
11.3242894056848,497,498,1,-497.5,248,249.5
11.3264427217916,496,498,2,-497,247,250
11.3285960378984,495,497,2,-496,246.5,249.5
11.3307493540052,491,489,-2,-490,246.5,243.5
11.332902670112,490,489,-1,-489.5,245.5,244
11.3350559862188,491,491,0,-491,245.5,245.5
11.3372093023256,490,492,2,-491,244,247
11.3393626184324,492,491,-1,-491.5,246.5,245
11.3415159345392,493,490,-3,-491.5,248,243.5
11.343669250646,494,493,-1,-493.5,247.5,246
11.3458225667528,494,493,-1,-493.5,247.5,246
11.3479758828596,495,491,-4,-493,249.5,243.5
11.3501291989664,492,487,-5,-489.5,248.5,241
11.3522825150732,491,488,-3,-489.5,247,242.5
11.35443583118,489,489,0,-489,244.5,244.5
11.3565891472868,491,490,-1,-490.5,246,244.5
11.3587424633936,491,489,-2,-490,246.5,243.5
11.3608957795004,490,488,-2,-489,246,243
11.3630490956072,489,488,-1,-488.5,245,243.5
11.365202411714,487,485,-2,-486,244.5,241.5
11.3673557278208,484,483,-1,-483.5,242.5,241
11.3695090439276,482,481,-1,-481.5,241.5,240
11.3716623600345,481,482,1,-481.5,240,241.5
11.3738156761413,483,483,0,-483,241.5,241.5
11.3759689922481,486,485,-1,-485.5,243.5,242
11.3781223083549,486,483,-3,-484.5,244.5,240
11.3802756244617,486,484,-2,-485,244,241
11.3824289405685,489,487,-2,-488,245.5,242.5
11.3845822566753,496,487,-9,-491.5,252.5,239
11.3867355727821,512,492,-20,-502,266,236
11.3888888888889,533,504,-29,-518.5,281,237.5
11.3910422049957,559,518,-41,-538.5,300,238.5
11.3931955211025,581,529,-52,-555,316.5,238.5
11.3953488372093,603,543,-60,-573,331.5,241.5
11.3975021533161,620,556,-64,-588,342,246
11.3996554694229,633,568,-65,-600.5,349,251.5
11.4018087855297,636,571,-65,-603.5,350.5,253
11.4039621016365,626,572,-54,-599,340,259
11.4061154177433,610,568,-42,-589,326,263
11.4082687338501,589,567,-22,-578,305.5,272.5
11.4104220499569,564,557,-7,-560.5,285.5,275
11.4125753660637,545,551,6,-548,269.5,278.5
11.4147286821705,526,543,17,-534.5,254.5,280
11.4168819982773,509,534,25,-521.5,242,279.5
11.4190353143842,493,523,30,-508,231.5,276.5
11.421188630491,488,515,27,-501.5,230.5,271
11.4233419465978,485,512,27,-498.5,229,269.5
11.4254952627046,487,511,24,-499,231.5,267.5
11.4276485788114,491,508,17,-499.5,237,262.5
11.4298018949182,494,509,15,-501.5,239.5,262
11.431955211025,502,510,8,-506,247,259
11.4341085271318,502,511,9,-506.5,246.5,260
11.4362618432386,502,509,7,-505.5,247.5,258
11.4384151593454,502,503,1,-502.5,250.5,252
11.4405684754522,499,500,1,-499.5,249,250.5
11.442721791559,497,501,4,-499,246.5,252.5
11.4448751076658,495,502,7,-498.5,244,254.5
11.4470284237726,492,498,6,-495,243,252
11.4491817398794,487,497,10,-492,238.5,253.5
11.4513350559862,483,496,13,-489.5,235,254.5
11.453488372093,483,494,11,-488.5,236,252.5
11.4556416881998,487,488,1,-487.5,243,244.5
11.4577950043066,485,488,3,-486.5,241,245.5
11.4599483204134,485,487,2,-486,241.5,244.5
11.4621016365202,486,490,4,-488,241,247
11.464254952627,490,489,-1,-489.5,245.5,244
11.4664082687339,495,492,-3,-493.5,249,244.5
11.4685615848407,494,491,-3,-492.5,248.5,244
11.4707149009475,494,493,-1,-493.5,247.5,246
11.4728682170543,499,492,-7,-495.5,253,242.5
11.4750215331611,499,490,-9,-494.5,254,240.5
11.4771748492679,495,490,-5,-492.5,250,242.5
11.4793281653747,499,493,-6,-496,252.5,243.5
11.4814814814815,499,492,-7,-495.5,253,242.5
11.4836347975883,497,493,-4,-495,250.5,244.5
11.4857881136951,492,492,0,-492,246,246
11.4879414298019,491,494,3,-492.5,244,248.5
11.4900947459087,493,490,-3,-491.5,248,243.5
11.4922480620155,491,488,-3,-489.5,247,242.5
11.4944013781223,492,487,-5,-489.5,248.5,241
11.4965546942291,493,490,-3,-491.5,248,243.5
11.4987080103359,493,491,-2,-492,247.5,244.5
11.5008613264427,496,491,-5,-493.5,250.5,243
11.5030146425495,496,492,-4,-494,250,244
11.5051679586563,496,496,0,-496,248,248
11.5073212747631,498,493,-5,-495.5,251.5,244
11.5094745908699,501,492,-9,-496.5,255,241.5
11.5116279069767,504,492,-12,-498,258,240
11.5137812230835,506,495,-11,-500.5,258.5,242
11.5159345391904,506,497,-9,-501.5,257.5,244
11.5180878552972,504,496,-8,-500,256,244
11.520241171404,501,497,-4,-499,252.5,246.5
11.5223944875108,502,498,-4,-500,253,247
11.5245478036176,504,498,-6,-501,255,246
11.5267011197244,504,496,-8,-500,256,244
11.5288544358312,506,496,-10,-501,258,243
11.531007751938,509,496,-13,-502.5,261,241.5
11.5331610680448,506,499,-7,-502.5,256.5,246
11.5353143841516,509,501,-8,-505,258.5,246.5
11.5374677002584,507,500,-7,-503.5,257,246.5
11.5396210163652,510,504,-6,-507,258,249
11.541774332472,510,505,-5,-507.5,257.5,250
11.5439276485788,509,503,-6,-506,257.5,248.5
11.5460809646856,508,500,-8,-504,258,246
11.5482342807924,508,502,-6,-505,257,248
11.5503875968992,510,504,-6,-507,258,249
11.552540913006,511,504,-7,-507.5,259,248.5
11.5546942291128,513,506,-7,-509.5,260,249.5
11.5568475452196,514,506,-8,-510,261,249
11.5590008613264,514,511,-3,-512.5,258.5,254
11.5611541774332,514,508,-6,-511,260,251
11.5633074935401,516,506,-10,-511,263,248
11.5654608096469,515,507,-8,-511,261.5,249.5
11.5676141257537,524,511,-13,-517.5,268.5,249
11.5697674418605,526,511,-15,-518.5,270.5,248
11.5719207579673,528,514,-14,-521,271,250
11.5740740740741,528,516,-12,-522,270,252
11.5762273901809,530,518,-12,-524,271,253
11.5783807062877,533,519,-14,-526,273.5,252.5
11.5805340223945,532,518,-14,-525,273,252
11.5826873385013,532,517,-15,-524.5,273.5,251
11.5848406546081,534,520,-14,-527,274,253
11.5869939707149,532,521,-11,-526.5,271.5,255
11.5891472868217,533,522,-11,-527.5,272,255.5
11.5913006029285,535,525,-10,-530,272.5,257.5
11.5934539190353,536,526,-10,-531,273,258
11.5956072351421,536,527,-9,-531.5,272.5,259
11.5977605512489,533,526,-7,-529.5,270,259.5
11.5999138673557,536,526,-10,-531,273,258
11.6020671834625,532,525,-7,-528.5,269.5,259
11.6042204995693,535,527,-8,-531,271.5,259.5
11.6063738156761,533,526,-7,-529.5,270,259.5
11.6085271317829,532,526,-6,-529,269,260
11.6106804478898,534,527,-7,-530.5,270.5,260
11.6128337639966,537,532,-5,-534.5,271,263.5
11.6149870801034,540,531,-9,-535.5,274.5,261
11.6171403962102,538,527,-11,-532.5,274.5,258
11.619293712317,534,525,-9,-529.5,271.5,258
11.6214470284238,533,526,-7,-529.5,270,259.5
11.6236003445306,530,525,-5,-527.5,267.5,260
11.6257536606374,532,525,-7,-528.5,269.5,259
11.6279069767442,535,528,-7,-531.5,271,260.5
11.630060292851,537,530,-7,-533.5,272,261.5
11.6322136089578,535,528,-7,-531.5,271,260.5
11.6343669250646,535,527,-8,-531,271.5,259.5
11.6365202411714,529,525,-4,-527,266.5,260.5
11.6386735572782,528,525,-3,-526.5,265.5,261
11.640826873385,528,524,-4,-526,266,260
11.6429801894918,526,524,-2,-525,264,261
11.6451335055986,528,525,-3,-526.5,265.5,261
11.6472868217054,526,527,1,-526.5,262.5,264
11.6494401378122,527,526,-1,-526.5,264,262.5
11.651593453919,526,523,-3,-524.5,264.5,260
11.6537467700258,521,520,-1,-520.5,261,259.5
11.6559000861326,519,518,-1,-518.5,260,258.5
11.6580534022394,515,518,3,-516.5,256,260.5
11.6602067183463,513,516,3,-514.5,255,259.5
11.6623600344531,511,517,6,-514,252.5,261.5
11.6645133505599,511,516,5,-513.5,253,260.5
11.6666666666667,508,514,6,-511,251,260
11.6688199827735,507,512,5,-509.5,251,258.5
11.6709732988803,507,509,2,-508,252.5,255.5
11.6731266149871,510,509,-1,-509.5,255.5,254
11.6752799310939,511,508,-3,-509.5,257,252.5
11.6774332472007,507,508,1,-507.5,253,254.5
11.6795865633075,503,505,2,-504,250.5,253.5
11.6817398794143,498,504,6,-501,246,255
11.6838931955211,493,501,8,-497,242.5,254.5
11.6860465116279,494,500,6,-497,244,253
11.6881998277347,495,498,3,-496.5,246,250.5
11.6903531438415,494,496,2,-495,246,249
11.6925064599483,496,496,0,-496,248,248
11.6946597760551,494,494,0,-494,247,247
11.6968130921619,493,496,3,-494.5,245,249.5
11.6989664082687,494,497,3,-495.5,245.5,250
11.7011197243755,496,499,3,-497.5,246.5,251
11.7032730404823,494,497,3,-495.5,245.5,250
11.7054263565891,490,493,3,-491.5,243.5,248
11.707579672696,486,489,3,-487.5,241.5,246
11.7097329888028,490,491,1,-490.5,244.5,246
11.7118863049096,494,489,-5,-491.5,249.5,242
11.7140396210164,498,492,-6,-495,252,243
11.7161929371232,504,495,-9,-499.5,256.5,243
11.71834625323,502,499,-3,-500.5,252.5,248
11.7204995693368,499,496,-3,-497.5,251,246.5
11.7226528854436,497,492,-5,-494.5,251,243.5
11.7248062015504,498,492,-6,-495,252,243
11.7269595176572,500,491,-9,-495.5,254.5,241
11.729112833764,502,493,-9,-497.5,255.5,242
11.7312661498708,499,494,-5,-496.5,252,244.5
11.7334194659776,495,492,-3,-493.5,249,244.5
11.7355727820844,495,495,0,-495,247.5,247.5
11.7377260981912,497,494,-3,-495.5,250,245.5
11.739879414298,497,494,-3,-495.5,250,245.5
11.7420327304048,501,494,-7,-497.5,254,243.5
11.7441860465116,502,497,-5,-499.5,253.5,246
11.7463393626184,504,494,-10,-499,257,242
11.7484926787252,503,495,-8,-499,255.5,243.5
11.750645994832,501,496,-5,-498.5,253,245.5
11.7527993109388,502,497,-5,-499.5,253.5,246
11.7549526270457,500,497,-3,-498.5,251.5,247
11.7571059431525,503,499,-4,-501,253.5,247.5
11.7592592592593,505,498,-7,-501.5,256,245.5
11.7614125753661,510,501,-9,-505.5,259.5,246
11.7635658914729,509,498,-11,-503.5,260,243.5
11.7657192075797,505,497,-8,-501,256.5,244.5
11.7678725236865,502,498,-4,-500,253,247
11.7700258397933,501,500,-1,-500.5,251,249.5
11.7721791559001,499,495,-4,-497,251.5,245.5
11.7743324720069,494,496,2,-495,246,249
11.7764857881137,495,496,1,-495.5,247,248.5
11.7786391042205,496,494,-2,-495,249,246
11.7807924203273,497,491,-6,-494,251.5,242.5
11.7829457364341,499,493,-6,-496,252.5,243.5
11.7850990525409,499,494,-5,-496.5,252,244.5
11.7872523686477,503,497,-6,-500,254.5,245.5
11.7894056847545,501,496,-5,-498.5,253,245.5
11.7915590008613,508,499,-9,-503.5,258.5,245
11.7937123169681,509,499,-10,-504,259.5,244.5
11.7958656330749,511,499,-12,-505,261.5,243.5
11.7980189491817,512,501,-11,-506.5,261.5,245
11.8001722652885,511,501,-10,-506,260.5,245.5
11.8023255813953,508,500,-8,-504,258,246
11.8044788975022,509,502,-7,-505.5,258,247.5
11.806632213609,506,501,-5,-503.5,255.5,248
11.8087855297158,506,503,-3,-504.5,254.5,250
11.8109388458226,503,501,-2,-502,252.5,249.5
11.8130921619294,504,502,-2,-503,253,250
11.8152454780362,504,498,-6,-501,255,246
11.817398794143,506,499,-7,-502.5,256.5,246
11.8195521102498,506,502,-4,-504,255,249
11.8217054263566,509,504,-5,-506.5,257,249.5
11.8238587424634,510,503,-7,-506.5,258.5,248
11.8260120585702,511,505,-6,-508,258.5,249.5
11.828165374677,509,505,-4,-507,256.5,250.5
11.8303186907838,509,508,-1,-508.5,255,253.5
11.8324720068906,512,504,-8,-508,260,248
11.8346253229974,517,503,-14,-510,265.5,244.5
11.8367786391042,524,509,-15,-516.5,269.5,247
11.838931955211,524,513,-11,-518.5,267.5,251
11.8410852713178,520,510,-10,-515,265,250
11.8432385874246,519,511,-8,-515,263.5,251.5
11.8453919035314,518,511,-7,-514.5,262.5,252
11.8475452196382,518,512,-6,-515,262,253
11.849698535745,517,510,-7,-513.5,262,251.5
11.8518518518519,515,506,-9,-510.5,262,248.5
11.8540051679587,513,506,-7,-509.5,260,249.5
11.8561584840655,513,508,-5,-510.5,259,251.5
11.8583118001723,512,510,-2,-511,257,254
11.8604651162791,511,508,-3,-509.5,257,252.5
11.8626184323859,507,511,4,-509,251.5,257.5
11.8647717484927,510,509,-1,-509.5,255.5,254
11.8669250645995,506,508,2,-507,252,255
11.8690783807063,504,504,0,-504,252,252
11.8712316968131,504,501,-3,-502.5,253.5,249
11.8733850129199,504,502,-2,-503,253,250
11.8755383290267,503,504,1,-503.5,251,252.5
11.8776916451335,496,499,3,-497.5,246.5,251
11.8798449612403,492,498,6,-495,243,252
11.8819982773471,488,496,8,-492,240,252
11.8841515934539,486,494,8,-490,239,251
11.8863049095607,488,491,3,-489.5,242.5,247
11.8884582256675,490,490,0,-490,245,245
11.8906115417743,494,492,-2,-493,248,245
11.8927648578811,493,492,-1,-492.5,247,245.5
11.8949181739879,494,491,-3,-492.5,248.5,244
11.8970714900947,495,493,-2,-494,248.5,245.5
11.8992248062016,493,492,-1,-492.5,247,245.5
11.9013781223084,491,493,2,-492,244.5,247.5
11.9035314384152,488,489,1,-488.5,243.5,245
11.905684754522,487,486,-1,-486.5,244,242.5
11.9078380706288,485,485,0,-485,242.5,242.5
11.9099913867356,485,486,1,-485.5,242,243.5
11.9121447028424,489,486,-3,-487.5,246,241.5
11.9142980189492,492,488,-4,-490,248,242
11.916451335056,493,489,-4,-491,248.5,242.5
11.9186046511628,495,492,-3,-493.5,249,244.5
11.9207579672696,498,488,-10,-493,254,239
11.9229112833764,497,489,-8,-493,252.5,240.5
11.9250645994832,493,487,-6,-490,249.5,240.5
11.92721791559,489,488,-1,-488.5,245,243.5
11.9293712316968,483,484,1,-483.5,241,242.5
11.9315245478036,481,484,3,-482.5,239,243.5
11.9336778639104,480,484,4,-482,238,244
11.9358311800172,482,486,4,-484,239,245
11.937984496124,484,483,-1,-483.5,242.5,241
11.9401378122308,487,483,-4,-485,245.5,239.5
11.9422911283376,490,481,-9,-485.5,249.5,236
11.9444444444444,495,487,-8,-491,251.5,239.5
11.9465977605512,503,490,-13,-496.5,258,238.5
11.9487510766581,518,497,-21,-507.5,269.5,238
11.9509043927649,533,505,-28,-519,280.5,238.5
11.9530577088717,558,518,-40,-538,299,239
11.9552110249785,581,532,-49,-556.5,315,241.5
11.9573643410853,600,541,-59,-570.5,329.5,241
11.9595176571921,617,552,-65,-584.5,341,243.5
11.9616709732989,632,563,-69,-597.5,350.5,247
11.9638242894057,634,570,-64,-602,349,253
11.9659776055125,627,575,-52,-601,339.5,261.5
11.9681309216193,609,573,-36,-591,322.5,268.5
11.9702842377261,584,565,-19,-574.5,301.5,273
11.9724375538329,563,560,-3,-561.5,283,278.5
11.9745908699397,538,547,9,-542.5,264.5,278
11.9767441860465,519,536,17,-527.5,251,276.5
11.9788975021533,501,526,25,-513.5,238,275.5
11.9810508182601,487,521,34,-504,226.5,277.5
11.9832041343669,481,515,34,-498,223.5,274.5
11.9853574504737,481,511,30,-496,225.5,270.5
11.9875107665805,486,510,24,-498,231,267
11.9896640826873,491,509,18,-500,236.5,263.5
11.9918173987941,498,510,12,-504,243,261
11.9939707149009,505,508,3,-506.5,251,255.5
11.9961240310078,507,506,-1,-506.5,254,252.5
11.9982773471146,508,507,-1,-507.5,254.5,253
12.0004306632214,506,508,2,-507,252,255
12.0025839793282,503,505,2,-504,250.5,253.5
12.004737295435,501,505,4,-503,248.5,254.5
12.0068906115418,492,504,12,-498,240,258
12.0090439276486,489,498,9,-493.5,240,253.5
12.0111972437554,486,493,7,-489.5,239.5,250
12.0133505598622,485,492,7,-488.5,239,249.5
12.015503875969,485,491,6,-488,239.5,248.5
12.0176571920758,485,489,4,-487,240.5,246.5
12.0198105081826,486,490,4,-488,241,247
12.0219638242894,488,490,2,-489,243,246
12.0241171403962,490,494,4,-492,243,249
12.026270456503,495,495,0,-495,247.5,247.5
12.0284237726098,497,493,-4,-495,250.5,244.5
12.0305770887166,498,492,-6,-495,252,243
12.0327304048234,494,490,-4,-492,249,243
12.0348837209302,491,489,-2,-490,246.5,243.5
12.037037037037,488,490,2,-489,243,246
12.0391903531438,490,489,-1,-489.5,245.5,244
12.0413436692506,492,490,-2,-491,247,244
12.0434969853575,495,491,-4,-493,249.5,243.5
12.0456503014643,498,490,-8,-494,253,241
12.0478036175711,500,492,-8,-496,254,242
12.0499569336779,498,490,-8,-494,253,241
12.0521102497847,499,491,-8,-495,253.5,241.5
12.0542635658915,497,491,-6,-494,251.5,242.5
12.0564168819983,496,493,-3,-494.5,249.5,245
12.0585701981051,497,493,-4,-495,250.5,244.5
12.0607235142119,494,492,-2,-493,248,245
12.0628768303187,491,490,-1,-490.5,246,244.5
12.0650301464255,496,490,-6,-493,251,242
12.0671834625323,501,491,-10,-496,255.5,240.5
12.0693367786391,501,493,-8,-497,254.5,242.5
12.0714900947459,504,494,-10,-499,257,242
12.0736434108527,507,496,-11,-501.5,259,242.5
12.0757967269595,507,498,-9,-502.5,258,244.5
12.0779500430663,506,499,-7,-502.5,256.5,246
12.0801033591731,505,498,-7,-501.5,256,245.5
12.0822566752799,505,498,-7,-501.5,256,245.5
12.0844099913867,503,494,-9,-498.5,256,242.5
12.0865633074935,501,494,-7,-497.5,254,243.5
12.0887166236003,497,494,-3,-495.5,250,245.5
12.0908699397071,497,497,0,-497,248.5,248.5
12.093023255814,500,497,-3,-498.5,251.5,247
12.0951765719208,506,501,-5,-503.5,255.5,248
12.0973298880276,506,501,-5,-503.5,255.5,248
12.0994832041344,508,502,-6,-505,257,248
12.1016365202412,509,499,-10,-504,259.5,244.5
12.103789836348,511,499,-12,-505,261.5,243.5
12.1059431524548,511,501,-10,-506,260.5,245.5
12.1080964685616,514,504,-10,-509,262,247
12.1102497846684,517,505,-12,-511,264.5,246.5
12.1124031007752,517,507,-10,-512,263.5,248.5
12.114556416882,518,508,-10,-513,264,249
12.1167097329888,515,508,-7,-511.5,261,250.5
12.1188630490956,518,506,-12,-512,265,247
12.1210163652024,519,508,-11,-513.5,265,248.5
12.1231696813092,516,504,-12,-510,264,246
12.125322997416,518,509,-9,-513.5,263.5,250
12.1274763135228,518,510,-8,-514,263,251
12.1296296296296,518,511,-7,-514.5,262.5,252
12.1317829457364,521,514,-7,-517.5,264,253.5
12.1339362618432,524,515,-9,-519.5,266.5,253
12.13608957795,529,516,-13,-522.5,271,251.5
12.1382428940568,529,517,-12,-523,270.5,252.5
12.1403962101637,529,515,-14,-522,271.5,250.5
12.1425495262705,527,515,-12,-521,269.5,251.5
12.1447028423773,530,519,-11,-524.5,270.5,254
12.1468561584841,529,520,-9,-524.5,269,255.5
12.1490094745909,532,524,-8,-528,270,258
12.1511627906977,531,523,-8,-527,269.5,257.5
12.1533161068045,533,524,-9,-528.5,271,257.5
12.1554694229113,533,522,-11,-527.5,272,255.5
12.1576227390181,532,523,-9,-527.5,270.5,257
12.1597760551249,532,522,-10,-527,271,256
12.1619293712317,532,524,-8,-528,270,258
12.1640826873385,530,523,-7,-526.5,268.5,258
12.1662360034453,535,527,-8,-531,271.5,259.5
12.1683893195521,535,527,-8,-531,271.5,259.5
12.1705426356589,536,525,-11,-530.5,273.5,257
12.1726959517657,535,525,-10,-530,272.5,257.5
12.1748492678725,537,525,-12,-531,274.5,256.5
12.1770025839793,539,526,-13,-532.5,276,256.5
12.1791559000861,536,528,-8,-532,272,260
12.1813092161929,537,529,-8,-533,272.5,260.5
12.1834625322997,536,530,-6,-533,271,262
12.1856158484065,535,529,-6,-532,270.5,261.5
12.1877691645134,533,528,-5,-530.5,269,261.5
12.1899224806202,532,528,-4,-530,268,262
12.192075796727,528,527,-1,-527.5,264.5,263
12.1942291128338,531,525,-6,-528,268.5,259.5
12.1963824289406,532,526,-6,-529,269,260
12.1985357450474,533,528,-5,-530.5,269,261.5
12.2006890611542,533,529,-4,-531,268.5,262.5
12.202842377261,532,529,-3,-530.5,267.5,263
12.2049956933678,529,528,-1,-528.5,265,263.5
12.2071490094746,522,525,3,-523.5,259.5,264
12.2093023255814,524,523,-1,-523.5,262.5,261
12.2114556416882,524,520,-4,-522,264,258
12.213608957795,520,518,-2,-519,261,258
12.2157622739018,518,519,1,-518.5,258.5,260
12.2179155900086,514,517,3,-515.5,255.5,260
12.2200689061154,512,517,5,-514.5,253.5,261
12.2222222222222,511,517,6,-514,252.5,261.5
12.224375538329,511,515,4,-513,253.5,259.5
12.2265288544358,512,512,0,-512,256,256
12.2286821705426,508,508,0,-508,254,254
12.2308354866494,509,507,-2,-508,255.5,252.5
12.2329888027562,509,508,-1,-508.5,255,253.5
12.235142118863,506,508,2,-507,252,255
12.2372954349699,502,508,6,-505,248,257
12.2394487510767,499,505,6,-502,246.5,255.5
12.2416020671835,497,504,7,-500.5,245,255.5
12.2437553832903,497,501,4,-499,246.5,252.5
12.2459086993971,495,498,3,-496.5,246,250.5
12.2480620155039,493,495,2,-494,245.5,248.5
12.2502153316107,497,498,1,-497.5,248,249.5
12.2523686477175,497,498,1,-497.5,248,249.5
12.2545219638243,496,499,3,-497.5,246.5,251
12.2566752799311,495,498,3,-496.5,246,250.5
12.2588285960379,497,499,2,-498,247.5,250.5
12.2609819121447,496,498,2,-497,247,250
12.2631352282515,497,496,-1,-496.5,249,247.5
12.2652885443583,497,493,-4,-495,250.5,244.5
12.2674418604651,492,491,-1,-491.5,246.5,245
12.2695951765719,493,493,0,-493,246.5,246.5
12.2717484926787,498,496,-2,-497,250,247
12.2739018087855,502,496,-6,-499,254,245
12.2760551248923,502,497,-5,-499.5,253.5,246
12.2782084409991,501,498,-3,-499.5,252,247.5
12.2803617571059,501,496,-5,-498.5,253,245.5
12.2825150732127,499,493,-6,-496,252.5,243.5
12.2846683893196,497,491,-6,-494,251.5,242.5
12.2868217054264,496,494,-2,-495,249,246
12.2889750215332,498,493,-5,-495.5,251.5,244
12.29112833764,501,495,-6,-498,253.5,244.5
12.2932816537468,501,498,-3,-499.5,252,247.5
12.2954349698536,501,497,-4,-499,252.5,246.5
12.2975882859604,501,498,-3,-499.5,252,247.5
12.2997416020672,499,494,-5,-496.5,252,244.5
12.301894918174,499,492,-7,-495.5,253,242.5
12.3040482342808,496,493,-3,-494.5,249.5,245
12.3062015503876,500,495,-5,-497.5,252.5,245
12.3083548664944,500,498,-2,-499,251,248
12.3105081826012,502,497,-5,-499.5,253.5,246
12.312661498708,499,495,-4,-497,251.5,245.5
12.3148148148148,498,496,-2,-497,250,247
12.3169681309216,499,493,-6,-496,252.5,243.5
12.3191214470284,495,489,-6,-492,250.5,241.5
12.3212747631352,494,489,-5,-491.5,249.5,242
12.323428079242,494,492,-2,-493,248,245
12.3255813953488,496,495,-1,-495.5,248.5,247
12.3277347114556,498,496,-2,-497,250,247
12.3298880275624,502,496,-6,-499,254,245
12.3320413436693,502,495,-7,-498.5,254.5,244
12.3341946597761,496,494,-2,-495,249,246
12.3363479758829,495,490,-5,-492.5,250,242.5
12.3385012919897,500,492,-8,-496,254,242
12.3406546080965,502,495,-7,-498.5,254.5,244
12.3428079242033,504,496,-8,-500,256,244
12.3449612403101,502,496,-6,-499,254,245
12.3471145564169,503,496,-7,-499.5,255,244.5
12.3492678725237,498,499,1,-498.5,248.5,250
12.3514211886305,503,496,-7,-499.5,255,244.5
12.3535745047373,504,496,-8,-500,256,244
12.3557278208441,506,496,-10,-501,258,243
12.3578811369509,505,496,-9,-500.5,257,243.5
12.3600344530577,506,497,-9,-501.5,257.5,244
12.3621877691645,507,499,-8,-503,257.5,245.5
12.3643410852713,503,498,-5,-500.5,254,246.5
12.3664944013781,503,499,-4,-501,253.5,247.5
12.3686477174849,501,500,-1,-500.5,251,249.5
12.3708010335917,501,497,-4,-499,252.5,246.5
12.3729543496985,502,494,-8,-498,255,243
12.3751076658053,502,495,-7,-498.5,254.5,244
12.3772609819121,506,500,-6,-503,256,247
12.379414298019,504,499,-5,-501.5,254.5,247
12.3815676141258,504,498,-6,-501,255,246
12.3837209302326,501,500,-1,-500.5,251,249.5
12.3858742463394,506,503,-3,-504.5,254.5,250
12.3880275624462,510,501,-9,-505.5,259.5,246
12.390180878553,512,501,-11,-506.5,261.5,245
12.3923341946598,510,500,-10,-505,260,245
12.3944875107666,516,504,-12,-510,264,246
12.3966408268734,518,506,-12,-512,265,247
12.3987941429802,515,505,-10,-510,262.5,247.5
12.400947459087,512,507,-5,-509.5,258.5,251
12.4031007751938,513,507,-6,-510,259.5,250.5
12.4052540913006,518,507,-11,-512.5,264.5,248
12.4074074074074,519,508,-11,-513.5,265,248.5
12.4095607235142,519,507,-12,-513,265.5,247.5
12.411714039621,518,506,-12,-512,265,247
12.4138673557278,516,511,-5,-513.5,260.5,253
12.4160206718346,516,511,-5,-513.5,260.5,253
12.4181739879414,516,511,-5,-513.5,260.5,253
12.4203273040482,515,512,-3,-513.5,259,254.5
12.422480620155,517,513,-4,-515,260.5,254.5
12.4246339362618,515,508,-7,-511.5,261,250.5
12.4267872523686,512,506,-6,-509,259,250
12.4289405684755,513,507,-6,-510,259.5,250.5
12.4310938845823,514,510,-4,-512,259,253
12.4332472006891,514,509,-5,-511.5,259.5,252
12.4354005167959,510,508,-2,-509,256,253
12.4375538329027,506,506,0,-506,253,253
12.4397071490095,503,506,3,-504.5,250,254.5
12.4418604651163,500,500,0,-500,250,250
12.4440137812231,498,497,-1,-497.5,249.5,248
12.4461670973299,496,495,-1,-495.5,248.5,247
12.4483204134367,497,498,1,-497.5,248,249.5
12.4504737295435,497,496,-1,-496.5,249,247.5
12.4526270456503,495,497,2,-496,246.5,249.5
12.4547803617571,494,497,3,-495.5,245.5,250
12.4569336778639,493,497,4,-495,244.5,250.5
12.4590869939707,489,493,4,-491,242.5,248.5
12.4612403100775,492,492,0,-492,246,246
12.4633936261843,490,490,0,-490,245,245
12.4655469422911,490,490,0,-490,245,245
12.4677002583979,488,489,1,-488.5,243.5,245
12.4698535745047,487,489,2,-488,242.5,245.5
12.4720068906115,486,489,3,-487.5,241.5,246
12.4741602067183,487,492,5,-489.5,241,248.5
12.4763135228252,491,490,-1,-490.5,246,244.5
12.478466838932,492,488,-4,-490,248,242
12.4806201550388,494,487,-7,-490.5,250.5,240
12.4827734711456,496,488,-8,-492,252,240
12.4849267872524,495,489,-6,-492,250.5,241.5
12.4870801033592,494,490,-4,-492,249,243
12.489233419466,491,488,-3,-489.5,247,242.5
12.4913867355728,489,488,-1,-488.5,245,243.5
12.4935400516796,489,487,-2,-488,245.5,242.5
12.4956933677864,485,485,0,-485,242.5,242.5
12.4978466838932,479,480,1,-479.5,239,240.5
12.5,480,480,0,-480,240,240
12.5021533161068,482,481,-1,-481.5,241.5,240
12.5043066322136,486,482,-4,-484,245,239
12.5064599483204,489,486,-3,-487.5,246,241.5
12.5086132644272,490,485,-5,-487.5,247.5,240
12.510766580534,492,488,-4,-490,248,242
12.5129198966408,496,488,-8,-492,252,240
12.5150732127476,505,490,-15,-497.5,260,237.5
12.5172265288544,519,496,-23,-507.5,271,236.5
12.5193798449612,536,507,-29,-521.5,282.5,239
12.521533161068,550,514,-36,-532,293,239
12.5236864771749,571,528,-43,-549.5,307,242.5
12.5258397932817,594,541,-53,-567.5,323.5,244
12.5279931093885,614,556,-58,-585,336,249
12.5301464254953,626,564,-62,-595,344,251
12.5322997416021,627,567,-60,-597,343.5,253.5
12.5344530577089,617,567,-50,-592,333.5,258.5
12.5366063738157,600,565,-35,-582.5,317.5,265
12.5387596899225,574,557,-17,-565.5,295.5,270
12.5409130060293,549,550,1,-549.5,274,275.5
12.5430663221361,527,540,13,-533.5,257,276.5
12.5452196382429,511,533,22,-522,244.5,277.5
12.5473729543497,499,526,27,-512.5,236,276.5
12.5495262704565,487,516,29,-501.5,229,272.5
12.5516795865633,479,507,28,-493,225.5,267.5
12.5538329026701,478,506,28,-492,225,267
12.5559862187769,480,502,22,-491,229,262
12.5581395348837,484,501,17,-492.5,233.5,259
12.5602928509905,491,503,12,-497,239.5,257.5
12.5624461670973,497,505,8,-501,244.5,256.5
12.5645994832041,499,504,5,-501.5,247,254.5
12.5667527993109,500,502,2,-501,249,252
12.5689061154177,502,501,-1,-501.5,251.5,250
12.5710594315245,501,500,-1,-500.5,251,249.5
12.5732127476314,500,498,-2,-499,251,248
12.5753660637382,493,498,5,-495.5,244,251.5
12.577519379845,495,498,3,-496.5,246,250.5
12.5796726959518,493,497,4,-495,244.5,250.5
12.5818260120586,492,497,5,-494.5,243.5,251
12.5839793281654,494,494,0,-494,247,247
12.5861326442722,491,491,0,-491,245.5,245.5
12.588285960379,486,487,1,-486.5,242.5,244
12.5904392764858,482,485,3,-483.5,239.5,244
12.5925925925926,479,484,5,-481.5,237,244.5
12.5947459086994,484,486,2,-485,241,244
12.5968992248062,492,488,-4,-490,248,242
12.599052540913,496,491,-5,-493.5,250.5,243
12.6012058570198,498,493,-5,-495.5,251.5,244
12.6033591731266,496,490,-6,-493,251,242
12.6055124892334,494,487,-7,-490.5,250.5,240
12.6076658053402,493,487,-6,-490,249.5,240.5
12.609819121447,493,488,-5,-490.5,249,241.5
12.6119724375538,493,488,-5,-490.5,249,241.5
12.6141257536606,497,491,-6,-494,251.5,242.5
12.6162790697674,500,496,-4,-498,252,246
12.6184323858742,497,491,-6,-494,251.5,242.5
12.6205857019811,499,492,-7,-495.5,253,242.5
12.6227390180879,496,490,-6,-493,251,242
12.6248923341947,494,489,-5,-491.5,249.5,242
12.6270456503015,493,489,-4,-491,248.5,242.5
12.6291989664083,492,490,-2,-491,247,244
12.6313522825151,496,490,-6,-493,251,242
12.6335055986219,497,493,-4,-495,250.5,244.5
12.6356589147287,498,492,-6,-495,252,243
12.6378122308355,501,494,-7,-497.5,254,243.5
12.6399655469423,500,492,-8,-496,254,242
12.6421188630491,501,491,-10,-496,255.5,240.5
12.6442721791559,503,494,-9,-498.5,256,242.5
12.6464254952627,503,495,-8,-499,255.5,243.5
12.6485788113695,504,495,-9,-499.5,256.5,243
12.6507321274763,502,495,-7,-498.5,254.5,244
12.6528854435831,501,498,-3,-499.5,252,247.5
12.6550387596899,504,497,-7,-500.5,255.5,245
12.6571920757967,508,497,-11,-502.5,259.5,243
12.6593453919035,509,496,-13,-502.5,261,241.5
12.6614987080103,507,497,-10,-502,258.5,243.5
12.6636520241171,503,498,-5,-500.5,254,246.5
12.6658053402239,507,499,-8,-503,257.5,245.5
12.6679586563308,506,499,-7,-502.5,256.5,246
12.6701119724376,507,501,-6,-504,256.5,247.5
12.6722652885444,506,502,-4,-504,255,249
12.6744186046512,509,499,-10,-504,259.5,244.5
12.676571920758,507,501,-6,-504,256.5,247.5
12.6787252368648,511,500,-11,-505.5,261,244.5
12.6808785529716,512,501,-11,-506.5,261.5,245
12.6830318690784,512,503,-9,-507.5,260.5,247
12.6851851851852,512,505,-7,-508.5,259.5,249
12.687338501292,510,506,-4,-508,257,251
12.6894918173988,511,507,-4,-509,257.5,251.5
12.6916451335056,512,507,-5,-509.5,258.5,251
12.6937984496124,518,507,-11,-512.5,264.5,248
12.6959517657192,523,509,-14,-516,268.5,247.5
12.698105081826,525,510,-15,-517.5,270,247.5
12.7002583979328,527,513,-14,-520,270.5,249.5
12.7024117140396,530,516,-14,-523,272,251
12.7045650301464,529,518,-11,-523.5,270,253.5
12.7067183462532,528,518,-10,-523,269,254
12.70887166236,526,518,-8,-522,267,255
12.7110249784668,526,516,-10,-521,268,253
12.7131782945736,523,514,-9,-518.5,266,252.5
12.7153316106804,522,512,-10,-517,266,251
12.7174849267873,519,514,-5,-516.5,262,254.5
12.7196382428941,518,513,-5,-515.5,261.5,254
12.7217915590009,521,515,-6,-518,263.5,254.5
12.7239448751077,524,517,-7,-520.5,265.5,255
12.7260981912145,528,517,-11,-522.5,269.5,253
12.7282515073213,532,521,-11,-526.5,271.5,255
12.7304048234281,535,523,-12,-529,273.5,255.5
12.7325581395349,536,521,-15,-528.5,275.5,253
12.7347114556417,536,522,-14,-529,275,254
12.7368647717485,535,523,-12,-529,273.5,255.5
12.7390180878553,532,525,-7,-528.5,269.5,259
12.7411714039621,531,524,-7,-527.5,269,258.5
12.7433247200689,532,526,-6,-529,269,260
12.7454780361757,532,526,-6,-529,269,260
12.7476313522825,532,525,-7,-528.5,269.5,259
12.7497846683893,533,522,-11,-527.5,272,255.5
12.7519379844961,533,523,-10,-528,271.5,256.5
12.7540913006029,530,525,-5,-527.5,267.5,260
12.7562446167097,530,524,-6,-527,268,259
12.7583979328165,532,525,-7,-528.5,269.5,259
12.7605512489233,531,526,-5,-528.5,268,260.5
12.7627045650301,530,527,-3,-528.5,266.5,262
12.764857881137,528,523,-5,-525.5,266.5,259
12.7670111972438,522,518,-4,-520,263,257
12.7691645133506,520,517,-3,-518.5,261.5,257
12.7713178294574,523,520,-3,-521.5,263,258.5
12.7734711455642,524,522,-2,-523,263,260
12.775624461671,522,520,-2,-521,262,259
12.7777777777778,524,522,-2,-523,263,260
12.7799310938846,520,520,0,-520,260,260
12.7820844099914,517,516,-1,-516.5,259,257.5
12.7842377260982,513,515,2,-514,255.5,258.5
12.786391042205,511,510,-1,-510.5,256,254.5
12.7885443583118,510,511,1,-510.5,254.5,256
12.7906976744186,506,510,4,-508,251,257
12.7928509905254,506,511,5,-508.5,250.5,258
12.7950043066322,505,509,4,-507,250.5,256.5
12.797157622739,504,510,6,-507,249,258
12.7993109388458,499,505,6,-502,246.5,255.5
12.8014642549526,496,503,7,-499.5,244.5,255
12.8036175710594,494,498,4,-496,245,251
12.8057708871662,499,500,1,-499.5,249,250.5
12.807924203273,500,500,0,-500,250,250
12.8100775193798,502,503,1,-502.5,250.5,252
12.8122308354867,499,502,3,-500.5,248,252.5
12.8143841515935,498,501,3,-499.5,247.5,252
12.8165374677003,494,498,4,-496,245,251
12.8186907838071,488,493,5,-490.5,241.5,249
12.8208440999139,486,490,4,-488,241,247
12.8229974160207,487,488,1,-487.5,243,244.5
12.8251507321275,490,492,2,-491,244,247
12.8273040482343,495,493,-2,-494,248.5,245.5
12.8294573643411,496,495,-1,-495.5,248.5,247
12.8316106804479,498,494,-4,-496,251,245
12.8337639965547,495,496,1,-495.5,247,248.5
12.8359173126615,491,493,2,-492,244.5,247.5
12.8380706287683,491,488,-3,-489.5,247,242.5
12.8402239448751,491,488,-3,-489.5,247,242.5
12.8423772609819,491,489,-2,-490,246.5,243.5
12.8445305770887,493,491,-2,-492,247.5,244.5
12.8466838931955,491,489,-2,-490,246.5,243.5
12.8488372093023,493,492,-1,-492.5,247,245.5
12.8509905254091,494,492,-2,-493,248,245
12.8531438415159,493,492,-1,-492.5,247,245.5
12.8552971576227,496,492,-4,-494,250,244
12.8574504737295,496,488,-8,-492,252,240
12.8596037898363,496,489,-7,-492.5,251.5,241
12.8617571059432,496,492,-4,-494,250,244
12.86391042205,498,493,-5,-495.5,251.5,244
12.8660637381568,499,493,-6,-496,252.5,243.5
12.8682170542636,497,493,-4,-495,250.5,244.5
12.8703703703704,494,492,-2,-493,248,245
12.8725236864772,492,492,0,-492,246,246
12.874677002584,496,488,-8,-492,252,240
12.8768303186908,495,487,-8,-491,251.5,239.5
12.8789836347976,493,489,-4,-491,248.5,242.5
12.8811369509044,492,488,-4,-490,248,242
12.8832902670112,494,491,-3,-492.5,248.5,244
12.885443583118,497,493,-4,-495,250.5,244.5
12.8875968992248,497,494,-3,-495.5,250,245.5
12.8897502153316,493,490,-3,-491.5,248,243.5
12.8919035314384,494,488,-6,-491,250,241
12.8940568475452,497,488,-9,-492.5,253,239.5
12.896210163652,498,491,-7,-494.5,252.5,242
12.8983634797588,496,491,-5,-493.5,250.5,243
12.9005167958656,499,493,-6,-496,252.5,243.5
12.9026701119724,497,493,-4,-495,250.5,244.5
12.9048234280792,497,495,-2,-496,249.5,246.5
12.906976744186,498,492,-6,-495,252,243
12.9091300602929,498,491,-7,-494.5,252.5,242
12.9112833763997,495,487,-8,-491,251.5,239.5
12.9134366925065,495,488,-7,-491.5,251,240.5
12.9155900086133,497,492,-5,-494.5,251,243.5
12.9177433247201,494,490,-4,-492,249,243
12.9198966408269,493,489,-4,-491,248.5,242.5
12.9220499569337,498,494,-4,-496,251,245
12.9242032730405,501,495,-6,-498,253.5,244.5
12.9263565891473,501,493,-8,-497,254.5,242.5
12.9285099052541,499,490,-9,-494.5,254,240.5
12.9306632213609,500,491,-9,-495.5,254.5,241
12.9328165374677,499,493,-6,-496,252.5,243.5
12.9349698535745,502,494,-8,-498,255,243
12.9371231696813,502,495,-7,-498.5,254.5,244
12.9392764857881,502,496,-6,-499,254,245
12.9414298018949,505,500,-5,-502.5,255,247.5
12.9435831180017,506,496,-10,-501,258,243
12.9457364341085,503,495,-8,-499,255.5,243.5
12.9478897502153,506,497,-9,-501.5,257.5,244
12.9500430663221,509,500,-9,-504.5,259,245.5
12.9521963824289,511,502,-9,-506.5,260,246.5
12.9543496985357,511,501,-10,-506,260.5,245.5
12.9565030146425,508,502,-6,-505,257,248
12.9586563307494,506,504,-2,-505,254,251
12.9608096468562,504,501,-3,-502.5,253.5,249
12.962962962963,504,498,-6,-501,255,246
12.9651162790698,506,499,-7,-502.5,256.5,246
12.9672695951766,511,503,-8,-507,259.5,247.5
12.9694229112834,515,505,-10,-510,262.5,247.5
12.9715762273902,518,505,-13,-511.5,265.5,246
12.973729543497,519,507,-12,-513,265.5,247.5
12.9758828596038,516,509,-7,-512.5,261.5,251
12.9780361757106,515,509,-6,-512,260.5,251.5
12.9801894918174,516,507,-9,-511.5,262.5,249
12.9823428079242,516,505,-11,-510.5,263.5,247
12.984496124031,516,506,-10,-511,263,248
12.9866494401378,517,507,-10,-512,263.5,248.5
12.9888027562446,518,509,-9,-513.5,263.5,250
12.9909560723514,518,510,-8,-514,263,251
12.9931093884582,515,510,-5,-512.5,260,252.5
12.995262704565,509,507,-2,-508,255.5,252.5
12.9974160206718,507,504,-3,-505.5,255,250.5
12.9995693367786,508,503,-5,-505.5,256.5,249
13.0017226528854,511,504,-7,-507.5,259,248.5
13.0038759689922,511,504,-7,-507.5,259,248.5
13.0060292850991,511,506,-5,-508.5,258,250.5
13.0081826012059,511,506,-5,-508.5,258,250.5
13.0103359173127,508,504,-4,-506,256,250
13.0124892334195,503,506,3,-504.5,250,254.5
13.0146425495263,500,503,3,-501.5,248.5,253
13.0167958656331,497,499,2,-498,247.5,250.5
13.0189491817399,493,495,2,-494,245.5,248.5
13.0211024978467,492,495,3,-493.5,244.5,249
13.0232558139535,489,493,4,-491,242.5,248.5
13.0254091300603,488,492,4,-490,242,248
13.0275624461671,484,490,6,-487,239,248
13.0297157622739,487,493,6,-490,240.5,249.5
13.0318690783807,490,494,4,-492,243,249
13.0340223944875,493,491,-2,-492,247.5,244.5
13.0361757105943,495,489,-6,-492,250.5,241.5
13.0383290267011,493,489,-4,-491,248.5,242.5
13.0404823428079,491,488,-3,-489.5,247,242.5
13.0426356589147,490,489,-1,-489.5,245.5,244
13.0447889750215,490,487,-3,-488.5,246.5,242
13.0469422911283,485,489,4,-487,240.5,246.5
13.0490956072351,486,488,2,-487,242,245
13.0512489233419,486,487,1,-486.5,242.5,244
13.0534022394488,489,486,-3,-487.5,246,241.5
13.0555555555556,489,485,-4,-487,246.5,240.5
13.0577088716624,489,483,-6,-486,247.5,238.5
13.0598621877692,493,485,-8,-489,250.5,238.5
13.062015503876,493,489,-4,-491,248.5,242.5
13.0641688199828,492,491,-1,-491.5,246.5,245
13.0663221360896,489,488,-1,-488.5,245,243.5
13.0684754521964,485,486,1,-485.5,242,243.5
13.0706287683032,484,483,-1,-483.5,242.5,241
13.07278208441,483,482,-1,-482.5,242,240.5
13.0749354005168,480,479,-1,-479.5,240.5,239
13.0770887166236,477,480,3,-478.5,237,241.5
13.0792420327304,478,480,2,-479,238,241
13.0813953488372,479,481,2,-480,238.5,241.5
13.083548664944,487,485,-2,-486,244.5,241.5
13.0857019810508,492,486,-6,-489,249,240
13.0878552971576,499,487,-12,-493,255.5,237.5
13.0900086132644,512,492,-20,-502,266,236
13.0921619293712,527,498,-29,-512.5,278,234.5
13.094315245478,546,509,-37,-527.5,291.5,236
13.0964685615848,565,520,-45,-542.5,305,237.5
13.0986218776916,584,534,-50,-559,317,242
13.1007751937984,602,546,-56,-574,329,245
13.1029285099053,619,558,-61,-588.5,340,248.5
13.1050818260121,625,563,-62,-594,343.5,250.5
13.1072351421189,619,565,-54,-592,336.5,255.5
13.1093884582257,606,563,-43,-584.5,324.5,260
13.1115417743325,580,555,-25,-567.5,302.5,265
13.1136950904393,554,549,-5,-551.5,279.5,272
13.1158484065461,529,541,12,-535,258.5,276.5
13.1180017226529,507,532,25,-519.5,241,278.5
13.1201550387597,495,521,26,-508,234.5,273.5
13.1223083548665,480,513,33,-496.5,223.5,273
13.1244616709733,477,507,30,-492,223.5,268.5
13.1266149870801,477,504,27,-490.5,225,265.5
13.1287683031869,481,501,20,-491,230.5,260.5
13.1309216192937,483,503,20,-493,231.5,261.5
13.1330749354005,489,502,13,-495.5,238,257.5
13.1352282515073,492,504,12,-498,240,258
13.1373815676141,494,501,7,-497.5,243.5,254
13.1395348837209,496,501,5,-498.5,245.5,253
13.1416881998277,498,499,1,-498.5,248.5,250
13.1438415159345,501,500,-1,-500.5,251,249.5
13.1459948320413,502,498,-4,-500,253,247
13.1481481481481,499,497,-2,-498,250.5,247.5
13.150301464255,496,496,0,-496,248,248
13.1524547803618,493,497,4,-495,244.5,250.5
13.1546080964686,486,492,6,-489,240,249
13.1567614125754,487,492,5,-489.5,241,248.5
13.1589147286822,483,491,8,-487,237.5,249.5
13.161068044789,486,488,2,-487,242,245
13.1632213608958,486,485,-1,-485.5,243.5,242
13.1653746770026,486,484,-2,-485,244,241
13.1675279931094,487,487,0,-487,243.5,243.5
13.1696813092162,490,491,1,-490.5,244.5,246
13.171834625323,493,491,-2,-492,247.5,244.5
13.1739879414298,496,492,-4,-494,250,244
13.1761412575366,491,489,-2,-490,246.5,243.5
13.1782945736434,487,487,0,-487,243.5,243.5
13.1804478897502,483,484,1,-483.5,241,242.5
13.182601205857,488,483,-5,-485.5,246.5,239
13.1847545219638,490,486,-4,-488,247,241
13.1869078380706,489,485,-4,-487,246.5,240.5
13.1890611541774,489,486,-3,-487.5,246,241.5
13.1912144702842,490,487,-3,-488.5,246.5,242
13.193367786391,495,490,-5,-492.5,250,242.5
13.1955211024978,497,488,-9,-492.5,253,239.5
13.1976744186047,500,490,-10,-495,255,240
13.1998277347115,500,489,-11,-494.5,255.5,239
13.2019810508183,500,492,-8,-496,254,242
13.2041343669251,498,491,-7,-494.5,252.5,242
13.2062876830319,497,492,-5,-494.5,251,243.5
13.2084409991387,500,493,-7,-496.5,253.5,243
13.2105943152455,500,494,-6,-497,253,244
13.2127476313523,495,493,-2,-494,248.5,245.5
13.2149009474591,498,492,-6,-495,252,243
13.2170542635659,500,491,-9,-495.5,254.5,241
13.2192075796727,501,492,-9,-496.5,255,241.5
13.2213608957795,503,494,-9,-498.5,256,242.5
13.2235142118863,501,496,-5,-498.5,253,245.5
13.2256675279931,504,497,-7,-500.5,255.5,245
13.2278208440999,503,497,-6,-500,254.5,245.5
13.2299741602067,506,497,-9,-501.5,257.5,244
13.2321274763135,503,496,-7,-499.5,255,244.5
13.2342807924203,503,494,-9,-498.5,256,242.5
13.2364341085271,505,495,-10,-500,257.5,242.5
13.2385874246339,510,500,-10,-505,260,245
13.2407407407407,511,503,-8,-507,259.5,247.5
13.2428940568475,509,503,-6,-506,257.5,248.5
13.2450473729543,512,503,-9,-507.5,260.5,247
13.2472006890612,511,504,-7,-507.5,259,248.5
13.249354005168,513,505,-8,-509,260.5,248.5
13.2515073212748,512,500,-12,-506,262,244
13.2536606373816,514,502,-12,-508,263,245
13.2558139534884,513,504,-9,-508.5,261,247.5
13.2579672695952,514,505,-9,-509.5,261.5,248
13.260120585702,516,505,-11,-510.5,263.5,247
13.2622739018088,519,508,-11,-513.5,265,248.5
13.2644272179156,519,509,-10,-514,264.5,249.5
13.2665805340224,518,508,-10,-513,264,249
13.2687338501292,514,505,-9,-509.5,261.5,248
13.270887166236,511,504,-7,-507.5,259,248.5
13.2730404823428,507,502,-5,-504.5,256,248.5
13.2751937984496,509,504,-5,-506.5,257,249.5
13.2773471145564,520,511,-9,-515.5,264.5,251
13.2795004306632,527,514,-13,-520.5,270,250.5
13.28165374677,529,516,-13,-522.5,271,251.5
13.2838070628768,530,517,-13,-523.5,271.5,252
13.2859603789836,534,519,-15,-526.5,274.5,252
13.2881136950904,533,517,-16,-525,274.5,250.5
13.2902670111972,533,520,-13,-526.5,273,253.5
13.292420327304,534,522,-12,-528,273,255
13.2945736434109,531,522,-9,-526.5,270,256.5
13.2967269595177,531,522,-9,-526.5,270,256.5
13.2988802756245,532,525,-7,-528.5,269.5,259
13.3010335917313,533,526,-7,-529.5,270,259.5
13.3031869078381,534,523,-11,-528.5,272.5,256
13.3053402239449,535,523,-12,-529,273.5,255.5
13.3074935400517,529,523,-6,-526,267.5,258.5
13.3096468561585,530,523,-7,-526.5,268.5,258
13.3118001722653,531,525,-6,-528,268.5,259.5
13.3139534883721,530,524,-6,-527,268,259
13.3161068044789,528,523,-5,-525.5,266.5,259
13.3182601205857,527,523,-4,-525,265.5,259.5
13.3204134366925,527,524,-3,-525.5,265,260.5
13.3225667527993,531,522,-9,-526.5,270,256.5
13.3247200689061,532,523,-9,-527.5,270.5,257
13.3268733850129,534,523,-11,-528.5,272.5,256
13.3290267011197,534,526,-8,-530,271,259
13.3311800172265,532,527,-5,-529.5,268.5,261
13.3333333333333,533,527,-6,-530,269.5,260.5
13.3354866494401,530,527,-3,-528.5,266.5,262
13.3376399655469,528,526,-2,-527,265,262
13.3397932816537,528,523,-5,-525.5,266.5,259
13.3419465977606,527,521,-6,-524,266.5,257.5
13.3440999138674,524,520,-4,-522,264,258
13.3462532299742,524,524,0,-524,262,262
13.348406546081,521,521,0,-521,260.5,260.5
13.3505598621878,520,520,0,-520,260,260
13.3527131782946,514,518,4,-516,255,261
13.3548664944014,516,520,4,-518,256,262
13.3570198105082,518,517,-1,-517.5,259.5,258
13.359173126615,515,514,-1,-514.5,258,256.5
13.3613264427218,510,511,1,-510.5,254.5,256
13.3634797588286,510,512,2,-511,254,257
13.3656330749354,508,510,2,-509,253,256
13.3677863910422,510,510,0,-510,255,255
13.369939707149,513,510,-3,-511.5,258,253.5
13.3720930232558,510,511,1,-510.5,254.5,256
13.3742463393626,509,511,2,-510,253.5,256.5
13.3763996554694,504,506,2,-505,251,254
13.3785529715762,502,503,1,-502.5,250.5,252
13.380706287683,503,505,2,-504,250.5,253.5
13.3828596037898,506,505,-1,-505.5,253.5,252
13.3850129198966,505,504,-1,-504.5,253,251.5
13.3871662360034,500,504,4,-502,248,254
13.3893195521103,498,502,4,-500,247,253
13.3914728682171,494,499,5,-496.5,244.5,252
13.3936261843239,492,497,5,-494.5,243.5,251
13.3957795004307,493,495,2,-494,245.5,248.5
13.3979328165375,495,494,-1,-494.5,248,246.5
13.4000861326443,495,496,1,-495.5,247,248.5
13.4022394487511,495,497,2,-496,246.5,249.5
13.4043927648579,498,497,-1,-497.5,249.5,248
13.4065460809647,495,498,3,-496.5,246,250.5
13.4086993970715,498,499,1,-498.5,248.5,250
13.4108527131783,499,495,-4,-497,251.5,245.5
13.4130060292851,494,493,-1,-493.5,247.5,246
13.4151593453919,492,492,0,-492,246,246
13.4173126614987,491,493,2,-492,244.5,247.5
13.4194659776055,492,491,-1,-491.5,246.5,245
13.4216192937123,493,492,-1,-492.5,247,245.5
13.4237726098191,494,493,-1,-493.5,247.5,246
13.4259259259259,496,495,-1,-495.5,248.5,247
13.4280792420327,491,492,1,-491.5,245,246.5
13.4302325581395,493,488,-5,-490.5,249,241.5
13.4323858742463,493,487,-6,-490,249.5,240.5
13.4345391903531,491,488,-3,-489.5,247,242.5
13.4366925064599,494,489,-5,-491.5,249.5,242
13.4388458225668,493,490,-3,-491.5,248,243.5
13.4409991386736,491,490,-1,-490.5,246,244.5
13.4431524547804,493,492,-1,-492.5,247,245.5
13.4453057708872,494,490,-4,-492,249,243
13.447459086994,494,489,-5,-491.5,249.5,242
13.4496124031008,494,488,-6,-491,250,241
13.4517657192076,491,487,-4,-489,247.5,241.5
13.4539190353144,489,488,-1,-488.5,245,243.5
13.4560723514212,484,486,2,-485,241,244
13.458225667528,485,486,1,-485.5,242,243.5
13.4603789836348,493,490,-3,-491.5,248,243.5
13.4625322997416,499,493,-6,-496,252.5,243.5
13.4646856158484,505,493,-12,-499,258.5,240.5
13.4668389319552,504,492,-12,-498,258,240
13.468992248062,505,491,-14,-498,259.5,238.5
13.4711455641688,501,494,-7,-497.5,254,243.5
13.4732988802756,504,495,-9,-499.5,256.5,243
13.4754521963824,502,494,-8,-498,255,243
13.4776055124892,498,493,-5,-495.5,251.5,244
13.479758828596,497,495,-2,-496,249.5,246.5
13.4819121447028,493,492,-1,-492.5,247,245.5
13.4840654608096,496,490,-6,-493,251,242
13.4862187769165,497,489,-8,-493,252.5,240.5
13.4883720930233,494,490,-4,-492,249,243
13.4905254091301,496,491,-5,-493.5,250.5,243
13.4926787252369,498,493,-5,-495.5,251.5,244
13.4948320413437,498,493,-5,-495.5,251.5,244
13.4969853574505,496,496,0,-496,248,248
13.4991386735573,498,493,-5,-495.5,251.5,244
13.5012919896641,498,493,-5,-495.5,251.5,244
13.5034453057709,498,491,-7,-494.5,252.5,242
13.5055986218777,499,492,-7,-495.5,253,242.5
13.5077519379845,501,493,-8,-497,254.5,242.5
13.5099052540913,499,494,-5,-496.5,252,244.5
13.5120585701981,498,493,-5,-495.5,251.5,244
13.5142118863049,495,496,1,-495.5,247,248.5
13.5163652024117,497,495,-2,-496,249.5,246.5
13.5185185185185,505,495,-10,-500,257.5,242.5
13.5206718346253,510,496,-14,-503,262,241
13.5228251507321,512,500,-12,-506,262,244
13.5249784668389,511,499,-12,-505,261.5,243.5
13.5271317829457,513,502,-11,-507.5,262,245.5
13.5292850990525,511,501,-10,-506,260.5,245.5
13.5314384151593,507,501,-6,-504,256.5,247.5
13.5335917312662,506,503,-3,-504.5,254.5,250
13.535745047373,507,502,-5,-504.5,256,248.5
13.5378983634798,509,500,-9,-504.5,259,245.5
13.5400516795866,515,500,-15,-507.5,265,242.5
13.5422049956934,518,505,-13,-511.5,265.5,246
13.5443583118002,517,505,-12,-511,264.5,246.5
13.546511627907,517,507,-10,-512,263.5,248.5
13.5486649440138,518,509,-9,-513.5,263.5,250
13.5508182601206,517,509,-8,-513,262.5,250.5
13.5529715762274,515,508,-7,-511.5,261,250.5
13.5551248923342,515,507,-8,-511,261.5,249.5
13.557278208441,515,506,-9,-510.5,262,248.5
13.5594315245478,516,508,-8,-512,262,250
13.5615848406546,515,508,-7,-511.5,261,250.5
13.5637381567614,514,509,-5,-511.5,259.5,252
13.5658914728682,511,508,-3,-509.5,257,252.5
13.568044788975,508,511,3,-509.5,252.5,257
13.5701981050818,505,506,1,-505.5,252,253.5
13.5723514211886,502,503,1,-502.5,250.5,252
13.5745047372954,502,500,-2,-501,252,249
13.5766580534022,506,501,-5,-503.5,255.5,248
13.578811369509,509,503,-6,-506,257.5,248.5
13.5809646856158,509,505,-4,-507,256.5,250.5
13.5831180017227,505,503,-2,-504,253.5,250.5
13.5852713178295,507,506,-1,-506.5,254,252.5
13.5874246339363,504,502,-2,-503,253,250
13.5895779500431,503,499,-4,-501,253.5,247.5
13.5917312661499,497,496,-1,-496.5,249,247.5
13.5938845822567,497,497,0,-497,248.5,248.5
13.5960378983635,498,497,-1,-497.5,249.5,248
13.5981912144703,496,496,0,-496,248,248
13.6003445305771,493,496,3,-494.5,245,249.5
13.6024978466839,494,496,2,-495,246,249
13.6046511627907,491,495,4,-493,243.5,249.5
13.6068044788975,488,494,6,-491,241,250
13.6089577950043,489,491,2,-490,243.5,246.5
13.6111111111111,488,491,3,-489.5,242.5,247
13.6132644272179,491,489,-2,-490,246.5,243.5
13.6154177433247,489,491,2,-490,243.5,246.5
13.6175710594315,488,491,3,-489.5,242.5,247
13.6197243755383,487,490,3,-488.5,242,246.5
13.6218776916451,488,490,2,-489,243,246
13.6240310077519,492,489,-3,-490.5,247.5,243
13.6261843238587,490,487,-3,-488.5,246.5,242
13.6283376399655,492,487,-5,-489.5,248.5,241
13.6304909560724,489,485,-4,-487,246.5,240.5
13.6326442721792,484,484,0,-484,242,242
13.634797588286,482,483,1,-482.5,240.5,242
13.6369509043928,479,482,3,-480.5,238,242.5
13.6391042204996,481,485,4,-483,238.5,244.5
13.6412575366064,482,484,2,-483,240,243
13.6434108527132,480,482,2,-481,239,242
13.64556416882,477,478,1,-477.5,238,239.5
13.6477174849268,480,478,-2,-479,241,238
13.6498708010336,486,481,-5,-483.5,245.5,238
13.6520241171404,489,483,-6,-486,247.5,238.5
13.6541774332472,490,484,-6,-487,248,239
13.656330749354,493,486,-7,-489.5,250,239.5
13.6584840654608,499,488,-11,-493.5,255,238.5
13.6606373815676,508,492,-16,-500,262,238
13.6627906976744,520,498,-22,-509,271,238
13.6649440137812,535,504,-31,-519.5,283,236.5
13.667097329888,558,516,-42,-537,300,237
13.6692506459948,577,528,-49,-552.5,313,239.5
13.6714039621016,595,539,-56,-567,325.5,241.5
13.6735572782084,610,553,-57,-581.5,333.5,248
13.6757105943152,619,561,-58,-590,338.5,251.5
13.6778639104221,616,566,-50,-591,333,258
13.6800172265289,610,564,-46,-587,328,259
13.6821705426357,599,564,-35,-581.5,317,264.5
13.6843238587425,584,560,-24,-572,304,268
13.6864771748493,562,554,-8,-558,285,273
13.6886304909561,540,544,4,-542,268,274
13.6907838070629,518,537,19,-527.5,249.5,278
13.6929371231697,505,529,24,-517,240.5,276.5
13.6950904392765,496,524,28,-510,234,276
13.6972437553833,493,516,23,-504.5,235,269.5
13.6993970714901,489,512,23,-500.5,233,267.5
13.7015503875969,493,509,16,-501,238.5,262.5
13.7037037037037,497,509,12,-503,242.5,260.5
13.7058570198105,498,510,12,-504,243,261
13.7080103359173,497,508,11,-502.5,243,259.5
13.7101636520241,498,507,9,-502.5,244.5,258
13.7123169681309,499,506,7,-502.5,246,256.5
13.7144702842377,501,506,5,-503.5,248,255.5
13.7166236003445,502,503,1,-502.5,250.5,252
13.7187769164513,501,501,0,-501,250.5,250.5
13.7209302325581,495,498,3,-496.5,246,250.5
13.7230835486649,489,496,7,-492.5,241,251.5
13.7252368647717,488,496,8,-492,240,252
13.7273901808786,490,498,8,-494,241,253
13.7295434969854,490,496,6,-493,242,251
13.7316968130922,489,496,7,-492.5,241,251.5
13.733850129199,493,493,0,-493,246.5,246.5
13.7360034453058,493,493,0,-493,246.5,246.5
13.7381567614126,488,488,0,-488,244,244
13.7403100775194,486,488,2,-487,242,245
13.7424633936262,487,490,3,-488.5,242,246.5
13.744616709733,488,491,3,-489.5,242.5,247
13.7467700258398,490,490,0,-490,245,245
13.7489233419466,491,492,1,-491.5,245,246.5
13.7510766580534,492,488,-4,-490,248,242
13.7532299741602,496,492,-4,-494,250,244
13.755383290267,502,490,-12,-496,257,239
13.7575366063738,500,490,-10,-495,255,240
13.7596899224806,497,491,-6,-494,251.5,242.5
13.7618432385874,498,494,-4,-496,251,245
13.7639965546942,494,494,0,-494,247,247
13.766149870801,497,494,-3,-495.5,250,245.5
13.7683031869078,496,493,-3,-494.5,249.5,245
13.7704565030146,495,492,-3,-493.5,249,244.5
13.7726098191214,495,489,-6,-492,250.5,241.5
13.7747631352283,495,489,-6,-492,250.5,241.5
13.7769164513351,495,490,-5,-492.5,250,242.5
13.7790697674419,493,493,0,-493,246.5,246.5
13.7812230835487,497,494,-3,-495.5,250,245.5
13.7833763996555,503,497,-6,-500,254.5,245.5
13.7855297157623,502,496,-6,-499,254,245
13.7876830318691,504,497,-7,-500.5,255.5,245
13.7898363479759,505,493,-12,-499,258.5,240.5
13.7919896640827,503,495,-8,-499,255.5,243.5
13.7941429801895,506,498,-8,-502,257,245
13.7962962962963,504,499,-5,-501.5,254.5,247
13.7984496124031,505,498,-7,-501.5,256,245.5
13.8006029285099,506,500,-6,-503,256,247
13.8027562446167,504,499,-5,-501.5,254.5,247
13.8049095607235,506,499,-7,-502.5,256.5,246
13.8070628768303,506,496,-10,-501,258,243
13.8092161929371,507,497,-10,-502,258.5,243.5
13.8113695090439,509,499,-10,-504,259.5,244.5
13.8135228251507,510,500,-10,-505,260,245
13.8156761412575,512,504,-8,-508,260,248
13.8178294573643,510,504,-6,-507,258,249
13.8199827734711,505,502,-3,-503.5,254,249.5
13.822136089578,505,501,-4,-503,254.5,248.5
13.8242894056848,503,500,-3,-501.5,253,248.5
13.8264427217916,505,499,-6,-502,255.5,246.5
13.8285960378984,512,501,-11,-506.5,261.5,245
13.8307493540052,515,505,-10,-510,262.5,247.5
13.832902670112,522,509,-13,-515.5,267.5,248
13.8350559862188,524,510,-14,-517,269,248
13.8372093023256,524,513,-11,-518.5,267.5,251
13.8393626184324,526,514,-12,-520,269,251
13.8415159345392,523,512,-11,-517.5,267,250.5
13.843669250646,523,510,-13,-516.5,268,248.5
13.8458225667528,522,511,-11,-516.5,266.5,250
13.8479758828596,525,514,-11,-519.5,268,251.5
13.8501291989664,524,516,-8,-520,266,254
13.8522825150732,523,514,-9,-518.5,266,252.5
13.85443583118,524,516,-8,-520,266,254
13.8565891472868,526,518,-8,-522,267,255
13.8587424633936,525,517,-8,-521,266.5,254.5
13.8608957795004,526,514,-12,-520,269,251
13.8630490956072,529,515,-14,-522,271.5,250.5
13.865202411714,534,519,-15,-526.5,274.5,252
13.8673557278208,533,520,-13,-526.5,273,253.5
13.8695090439276,534,522,-12,-528,273,255
13.8716623600345,534,524,-10,-529,272,257
13.8738156761413,536,524,-12,-530,274,256
13.8759689922481,536,528,-8,-532,272,260
13.8781223083549,534,522,-12,-528,273,255
13.8802756244617,530,520,-10,-525,270,255
13.8824289405685,526,520,-6,-523,266,257
13.8845822566753,528,522,-6,-525,267,258
13.8867355727821,531,524,-7,-527.5,269,258.5
13.8888888888889,535,526,-9,-530.5,272,258.5
13.8910422049957,535,527,-8,-531,271.5,259.5
13.8931955211025,533,528,-5,-530.5,269,261.5
13.8953488372093,534,525,-9,-529.5,271.5,258
13.8975021533161,531,523,-8,-527,269.5,257.5
13.8996554694229,527,522,-5,-524.5,266,258.5
13.9018087855297,527,524,-3,-525.5,265,260.5
13.9039621016365,526,523,-3,-524.5,264.5,260
13.9061154177433,524,522,-2,-523,263,260
13.9082687338501,529,525,-4,-527,266.5,260.5
13.9104220499569,532,527,-5,-529.5,268.5,261
13.9125753660637,532,525,-7,-528.5,269.5,259
13.9147286821705,532,523,-9,-527.5,270.5,257
13.9168819982773,530,523,-7,-526.5,268.5,258
13.9190353143842,526,521,-5,-523.5,265.5,258
13.921188630491,527,524,-3,-525.5,265,260.5
13.9233419465978,524,521,-3,-522.5,263.5,259
13.9254952627046,520,521,1,-520.5,259.5,261
13.9276485788114,516,519,3,-517.5,256.5,261
13.9298018949182,513,517,4,-515,254.5,260.5
13.931955211025,510,513,3,-511.5,253.5,258
13.9341085271318,508,509,1,-508.5,253.5,255
13.9362618432386,512,511,-1,-511.5,256.5,255
13.9384151593454,508,511,3,-509.5,252.5,257
13.9405684754522,508,510,2,-509,253,256
13.942721791559,509,511,2,-510,253.5,256.5
13.9448751076658,508,511,3,-509.5,252.5,257
13.9470284237726,506,509,3,-507.5,251.5,256
13.9491817398794,500,505,5,-502.5,247.5,255
13.9513350559862,493,498,5,-495.5,244,251.5
13.953488372093,488,496,8,-492,240,252
13.9556416881998,488,497,9,-492.5,239.5,253
13.9577950043066,489,495,6,-492,241.5,250.5
13.9599483204134,492,494,2,-493,245,248
13.9621016365202,495,497,2,-496,246.5,249.5
13.964254952627,496,499,3,-497.5,246.5,251
13.9664082687339,495,497,2,-496,246.5,249.5
13.9685615848407,494,492,-2,-493,248,245
13.9707149009475,496,493,-3,-494.5,249.5,245
13.9728682170543,496,493,-3,-494.5,249.5,245
13.9750215331611,497,493,-4,-495,250.5,244.5
13.9771748492679,499,495,-4,-497,251.5,245.5
13.9793281653747,495,494,-1,-494.5,248,246.5
13.9814814814815,495,495,0,-495,247.5,247.5
13.9836347975883,495,494,-1,-494.5,248,246.5
13.9857881136951,495,491,-4,-493,249.5,243.5
13.9879414298019,494,490,-4,-492,249,243
13.9900947459087,491,490,-1,-490.5,246,244.5
13.9922480620155,494,493,-1,-493.5,247.5,246
13.9944013781223,496,493,-3,-494.5,249.5,245
13.9965546942291,498,495,-3,-496.5,250.5,246
13.9987080103359,499,497,-2,-498,250.5,247.5
14.0008613264427,498,496,-2,-497,250,247
14.0030146425495,497,493,-4,-495,250.5,244.5
14.0051679586563,495,490,-5,-492.5,250,242.5
14.0073212747631,497,493,-4,-495,250.5,244.5
14.0094745908699,495,490,-5,-492.5,250,242.5
14.0116279069767,491,489,-2,-490,246.5,243.5
14.0137812230835,488,489,1,-488.5,243.5,245
14.0159345391904,489,492,3,-490.5,243,247.5
14.0180878552972,492,490,-2,-491,247,244
14.020241171404,497,491,-6,-494,251.5,242.5
14.0223944875108,499,490,-9,-494.5,254,240.5
14.0245478036176,501,492,-9,-496.5,255,241.5
14.0267011197244,500,490,-10,-495,255,240
14.0288544358312,499,491,-8,-495,253.5,241.5
14.031007751938,500,492,-8,-496,254,242
14.0331610680448,498,496,-2,-497,250,247
14.0353143841516,501,494,-7,-497.5,254,243.5
14.0374677002584,498,494,-4,-496,251,245
14.0396210163652,497,491,-6,-494,251.5,242.5
14.041774332472,494,492,-2,-493,248,245
14.0439276485788,494,489,-5,-491.5,249.5,242
14.0460809646856,491,490,-1,-490.5,246,244.5
14.0482342807924,493,490,-3,-491.5,248,243.5
14.0503875968992,496,491,-5,-493.5,250.5,243
14.052540913006,496,492,-4,-494,250,244
14.0546942291128,495,494,-1,-494.5,248,246.5
14.0568475452196,498,492,-6,-495,252,243
14.0590008613264,503,493,-10,-498,256.5,241.5
14.0611541774332,507,494,-13,-500.5,260,240.5
14.0633074935401,509,497,-12,-503,260.5,242.5
14.0654608096469,508,499,-9,-503.5,258.5,245
14.0676141257537,505,498,-7,-501.5,256,245.5
14.0697674418605,507,500,-7,-503.5,257,246.5
14.0719207579673,501,498,-3,-499.5,252,247.5
14.0740740740741,502,497,-5,-499.5,253.5,246
14.0762273901809,499,494,-5,-496.5,252,244.5
14.0783807062877,496,492,-4,-494,250,244
14.0805340223945,495,494,-1,-494.5,248,246.5
14.0826873385013,500,494,-6,-497,253,244
14.0848406546081,501,496,-5,-498.5,253,245.5
14.0869939707149,504,498,-6,-501,255,246
14.0891472868217,507,500,-7,-503.5,257,246.5
14.0913006029285,513,501,-12,-507,262.5,244.5
14.0934539190353,519,501,-18,-510,268.5,241.5
14.0956072351421,519,504,-15,-511.5,267,244.5
14.0977605512489,519,503,-16,-511,267.5,243.5
14.0999138673557,516,505,-11,-510.5,263.5,247
14.1020671834625,511,506,-5,-508.5,258,250.5
14.1042204995693,514,507,-7,-510.5,260.5,250
14.1063738156761,515,506,-9,-510.5,262,248.5
14.1085271317829,514,508,-6,-511,260,251
14.1106804478898,516,506,-10,-511,263,248
14.1128337639966,517,508,-9,-512.5,263,249.5
14.1149870801034,516,507,-9,-511.5,262.5,249
14.1171403962102,519,510,-9,-514.5,264,250.5
14.119293712317,518,510,-8,-514,263,251
14.1214470284238,518,511,-7,-514.5,262.5,252
14.1236003445306,517,512,-5,-514.5,261,253.5
14.1257536606374,512,511,-1,-511.5,256.5,255
14.1279069767442,511,508,-3,-509.5,257,252.5
14.130060292851,510,505,-5,-507.5,257.5,250
14.1322136089578,512,504,-8,-508,260,248
14.1343669250646,513,506,-7,-509.5,260,249.5
14.1365202411714,513,508,-5,-510.5,259,251.5
14.1386735572782,509,507,-2,-508,255.5,252.5
14.140826873385,504,504,0,-504,252,252
14.1429801894918,498,503,5,-500.5,246.5,254
14.1451335055986,493,499,6,-496,243.5,252.5
14.1472868217054,493,497,4,-495,244.5,250.5
14.1494401378122,494,494,0,-494,247,247
14.151593453919,495,495,0,-495,247.5,247.5
14.1537467700258,492,494,2,-493,245,248
14.1559000861326,494,495,1,-494.5,246.5,248
14.1580534022394,493,496,3,-494.5,245,249.5
14.1602067183463,495,496,1,-495.5,247,248.5
14.1623600344531,494,495,1,-494.5,246.5,248
14.1645133505599,489,490,1,-489.5,244,245.5
14.1666666666667,486,488,2,-487,242,245
14.1688199827735,483,485,2,-484,240.5,243.5
14.1709732988803,483,485,2,-484,240.5,243.5
14.1731266149871,490,489,-1,-489.5,245.5,244
14.1752799310939,491,489,-2,-490,246.5,243.5
14.1774332472007,490,489,-1,-489.5,245.5,244
14.1795865633075,488,490,2,-489,243,246
14.1817398794143,489,487,-2,-488,245.5,242.5
14.1838931955211,494,488,-6,-491,250,241
14.1860465116279,498,487,-11,-492.5,254.5,238
14.1881998277347,500,490,-10,-495,255,240
14.1903531438415,499,491,-8,-495,253.5,241.5
14.1925064599483,495,493,-2,-494,248.5,245.5
14.1946597760551,494,491,-3,-492.5,248.5,244
14.1968130921619,495,490,-5,-492.5,250,242.5
14.1989664082687,494,490,-4,-492,249,243
14.2011197243755,491,489,-2,-490,246.5,243.5
14.2032730404823,489,485,-4,-487,246.5,240.5
14.2054263565891,487,484,-3,-485.5,245,240.5
14.207579672696,483,483,0,-483,241.5,241.5
14.2097329888028,485,486,1,-485.5,242,243.5
14.2118863049096,486,485,-1,-485.5,243.5,242
14.2140396210164,487,487,0,-487,243.5,243.5
14.2161929371232,487,487,0,-487,243.5,243.5
14.21834625323,496,489,-7,-492.5,251.5,241
14.2204995693368,508,491,-17,-499.5,262.5,237
14.2226528854436,526,499,-27,-512.5,276.5,236
14.2248062015504,546,511,-35,-528.5,290.5,238
14.2269595176572,567,522,-45,-544.5,306,238.5
14.229112833764,586,533,-53,-559.5,319.5,240
14.2312661498708,606,546,-60,-576,333,243
14.2334194659776,620,560,-60,-590,340,250
14.2355727820844,632,568,-64,-600,348,252
14.2377260981912,634,573,-61,-603.5,347.5,256
14.239879414298,630,575,-55,-602.5,342.5,260
14.2420327304048,613,573,-40,-593,326.5,266.5
14.2441860465116,592,569,-23,-580.5,307.5,273
14.2463393626184,569,564,-5,-566.5,287,279.5
14.2484926787252,545,553,8,-549,268.5,280.5
14.250645994832,522,543,21,-532.5,250.5,282
14.2527993109388,503,533,30,-518,236.5,281.5
14.2549526270457,492,525,33,-508.5,229.5,279
14.2571059431525,489,515,26,-502,231.5,270.5
14.2592592592593,487,512,25,-499.5,231,268.5
14.2614125753661,492,513,21,-502.5,235.5,267
14.2635658914729,495,513,18,-504,238.5,265.5
14.2657192075797,499,512,13,-505.5,243,262.5
14.2678725236865,500,511,11,-505.5,244.5,261
14.2700258397933,504,513,9,-508.5,247.5,261
14.2721791559001,507,511,4,-509,251.5,257.5
14.2743324720069,506,508,2,-507,252,255
14.2764857881137,507,506,-1,-506.5,254,252.5
14.2786391042205,502,505,3,-503.5,249.5,254
14.2807924203273,496,507,11,-501.5,242.5,259
14.2829457364341,494,501,7,-497.5,243.5,254
14.2850990525409,488,497,9,-492.5,239.5,253
14.2872523686477,482,495,13,-488.5,234.5,254
14.2894056847545,481,493,12,-487,234.5,252.5
14.2915590008613,474,486,12,-480,231,249
14.2937123169681,473,483,10,-478,231.5,246.5
14.2958656330749,478,484,6,-481,236,245
14.2980189491817,485,488,3,-486.5,241,245.5
14.3001722652885,491,489,-2,-490,246.5,243.5
14.3023255813953,497,491,-6,-494,251.5,242.5
14.3044788975022,499,492,-7,-495.5,253,242.5
14.306632213609,500,491,-9,-495.5,254.5,241
14.3087855297158,498,491,-7,-494.5,252.5,242
14.3109388458226,498,490,-8,-494,253,241
14.3130921619294,496,489,-7,-492.5,251.5,241
14.3152454780362,496,491,-5,-493.5,250.5,243
14.317398794143,496,494,-2,-495,249,246
14.3195521102498,499,494,-5,-496.5,252,244.5
14.3217054263566,496,494,-2,-495,249,246
14.3238587424634,496,494,-2,-495,249,246
14.3260120585702,498,494,-4,-496,251,245
14.328165374677,499,491,-8,-495,253.5,241.5
14.3303186907838,500,490,-10,-495,255,240
14.3324720068906,502,496,-6,-499,254,245
14.3346253229974,503,497,-6,-500,254.5,245.5
14.3367786391042,504,497,-7,-500.5,255.5,245
14.338931955211,502,496,-6,-499,254,245
14.3410852713178,502,499,-3,-500.5,252.5,248
14.3432385874246,500,496,-4,-498,252,246
14.3453919035314,499,493,-6,-496,252.5,243.5
14.3475452196382,501,493,-8,-497,254.5,242.5
14.349698535745,502,494,-8,-498,255,243
14.3518518518519,503,496,-7,-499.5,255,244.5
14.3540051679587,507,498,-9,-502.5,258,244.5
14.3561584840655,508,499,-9,-503.5,258.5,245
14.3583118001723,505,498,-7,-501.5,256,245.5
14.3604651162791,505,499,-6,-502,255.5,246.5
14.3626184323859,504,497,-7,-500.5,255.5,245
14.3647717484927,504,496,-8,-500,256,244
14.3669250645995,503,496,-7,-499.5,255,244.5
14.3690783807063,508,500,-8,-504,258,246
14.3712316968131,508,500,-8,-504,258,246
14.3733850129199,509,502,-7,-505.5,258,247.5
14.3755383290267,509,502,-7,-505.5,258,247.5
14.3776916451335,513,507,-6,-510,259.5,250.5
14.3798449612403,513,503,-10,-508,261.5,246.5
14.3819982773471,516,502,-14,-509,265,244
14.3841515934539,519,506,-13,-512.5,266,246.5
14.3863049095607,521,509,-12,-515,266.5,248.5
14.3884582256675,523,510,-13,-516.5,268,248.5
14.3906115417743,523,512,-11,-517.5,267,250.5
14.3927648578811,521,512,-9,-516.5,265,251.5
14.3949181739879,520,515,-5,-517.5,262.5,255
14.3970714900947,517,510,-7,-513.5,262,251.5
14.3992248062016,518,508,-10,-513,264,249
14.4013781223084,519,507,-12,-513,265.5,247.5
14.4035314384152,520,510,-10,-515,265,250
14.405684754522,525,513,-12,-519,268.5,250.5
14.4078380706288,526,515,-11,-520.5,268.5,252
14.4099913867356,527,517,-10,-522,268.5,253.5
14.4121447028424,531,520,-11,-525.5,271,254.5
14.4142980189492,532,521,-11,-526.5,271.5,255
14.416451335056,533,518,-15,-525.5,274,251.5
14.4186046511628,538,520,-18,-529,278,251
14.4207579672696,537,523,-14,-530,275.5,254.5
14.4229112833764,542,527,-15,-534.5,278.5,256
14.4250645994832,541,526,-15,-533.5,278,255.5
14.42721791559,539,527,-12,-533,275.5,257.5
14.4293712316968,537,527,-10,-532,273.5,258.5
14.4315245478036,536,530,-6,-533,271,262
14.4336778639104,539,528,-11,-533.5,275,258.5
14.4358311800172,537,527,-10,-532,273.5,258.5
14.437984496124,537,527,-10,-532,273.5,258.5
14.4401378122308,533,530,-3,-531.5,268,263.5
14.4422911283376,531,526,-5,-528.5,268,260.5
14.4444444444444,532,528,-4,-530,268,262
14.4465977605512,533,529,-4,-531,268.5,262.5
14.4487510766581,540,532,-8,-536,274,262
14.4509043927649,538,532,-6,-535,272,263
14.4530577088717,533,527,-6,-530,269.5,260.5
14.4552110249785,530,525,-5,-527.5,267.5,260
14.4573643410853,528,527,-1,-527.5,264.5,263
14.4595176571921,531,527,-4,-529,267.5,261.5
14.4616709732989,534,529,-5,-531.5,269.5,262
14.4638242894057,540,532,-8,-536,274,262
14.4659776055125,541,534,-7,-537.5,274,263.5
14.4681309216193,541,534,-7,-537.5,274,263.5
14.4702842377261,538,531,-7,-534.5,272.5,262
14.4724375538329,535,528,-7,-531.5,271,260.5
14.4745908699397,531,528,-3,-529.5,267,262.5
14.4767441860465,525,526,1,-525.5,262,263.5
14.4788975021533,523,526,3,-524.5,260,264.5
14.4810508182601,526,526,0,-526,263,263
14.4832041343669,527,526,-1,-526.5,264,262.5
14.4853574504737,522,524,2,-523,260,263
14.4875107665805,517,520,3,-518.5,257,261.5
14.4896640826873,511,516,5,-513.5,253,260.5
14.4918173987941,513,514,1,-513.5,256,257.5
14.4939707149009,513,518,5,-515.5,254,261.5
14.4961240310078,516,517,1,-516.5,257.5,259
14.4982773471146,516,519,3,-517.5,256.5,261
14.5004306632214,515,517,2,-516,256.5,259.5
14.5025839793282,512,516,4,-514,254,260
14.504737295435,507,511,4,-509,251.5,257.5
14.5068906115418,509,508,-1,-508.5,255,253.5
14.5090439276486,506,507,1,-506.5,252.5,254
14.5111972437554,506,508,2,-507,252,255
14.5133505598622,506,508,2,-507,252,255
14.515503875969,506,507,1,-506.5,252.5,254
14.5176571920758,506,507,1,-506.5,252.5,254
14.5198105081826,503,507,4,-505,249.5,255.5
14.5219638242894,500,503,3,-501.5,248.5,253
14.5241171403962,500,503,3,-501.5,248.5,253
14.526270456503,501,501,0,-501,250.5,250.5
14.5284237726098,500,499,-1,-499.5,250.5,249
14.5305770887166,500,499,-1,-499.5,250.5,249
14.5327304048234,496,499,3,-497.5,246.5,251
14.5348837209302,493,497,4,-495,244.5,250.5
14.537037037037,495,500,5,-497.5,245,252.5
14.5391903531438,495,497,2,-496,246.5,249.5
14.5413436692506,496,495,-1,-495.5,248.5,247
14.5434969853575,497,493,-4,-495,250.5,244.5
14.5456503014643,500,497,-3,-498.5,251.5,247
14.5478036175711,502,497,-5,-499.5,253.5,246
14.5499569336779,500,497,-3,-498.5,251.5,247
14.5521102497847,495,497,2,-496,246.5,249.5
14.5542635658915,495,499,4,-497,245.5,251.5
14.5564168819983,496,497,1,-496.5,247.5,249
14.5585701981051,500,496,-4,-498,252,246
14.5607235142119,501,494,-7,-497.5,254,243.5
14.5628768303187,504,496,-8,-500,256,244
14.5650301464255,506,496,-10,-501,258,243
14.5671834625323,508,500,-8,-504,258,246
14.5693367786391,507,501,-6,-504,256.5,247.5
14.5714900947459,504,501,-3,-502.5,253.5,249
14.5736434108527,502,499,-3,-500.5,252.5,248
14.5757967269595,499,497,-2,-498,250.5,247.5
14.5779500430663,495,493,-2,-494,248.5,245.5
14.5801033591731,499,494,-5,-496.5,252,244.5
14.5822566752799,503,494,-9,-498.5,256,242.5
14.5844099913867,502,494,-8,-498,255,243
14.5865633074935,502,499,-3,-500.5,252.5,248
14.5887166236003,503,499,-4,-501,253.5,247.5
14.5908699397071,502,498,-4,-500,253,247
14.593023255814,500,497,-3,-498.5,251.5,247
14.5951765719208,501,496,-5,-498.5,253,245.5
14.5973298880276,501,497,-4,-499,252.5,246.5
14.5994832041344,507,498,-9,-502.5,258,244.5
14.6016365202412,508,499,-9,-503.5,258.5,245
14.603789836348,510,501,-9,-505.5,259.5,246
14.6059431524548,508,499,-9,-503.5,258.5,245
14.6080964685616,508,505,-3,-506.5,255.5,251
14.6102497846684,506,501,-5,-503.5,255.5,248
14.6124031007752,509,502,-7,-505.5,258,247.5
14.614556416882,508,500,-8,-504,258,246
14.6167097329888,506,499,-7,-502.5,256.5,246
14.6188630490956,504,497,-7,-500.5,255.5,245
14.6210163652024,505,500,-5,-502.5,255,247.5
14.6231696813092,506,501,-5,-503.5,255.5,248
14.625322997416,512,503,-9,-507.5,260.5,247
14.6274763135228,516,506,-10,-511,263,248
14.6296296296296,514,505,-9,-509.5,261.5,248
14.6317829457364,515,503,-12,-509,263.5,245.5
14.6339362618432,511,502,-9,-506.5,260,246.5
14.63608957795,513,502,-11,-507.5,262,245.5
14.6382428940568,517,506,-11,-511.5,264,247.5
14.6403962101637,515,507,-8,-511,261.5,249.5
14.6425495262705,517,508,-9,-512.5,263,249.5
14.6447028423773,513,508,-5,-510.5,259,251.5
14.6468561584841,513,508,-5,-510.5,259,251.5
14.6490094745909,514,506,-8,-510,261,249
14.6511627906977,519,509,-10,-514,264.5,249.5
14.6533161068045,519,507,-12,-513,265.5,247.5
14.6554694229113,518,508,-10,-513,264,249
14.6576227390181,522,511,-11,-516.5,266.5,250
14.6597760551249,521,515,-6,-518,263.5,254.5
14.6619293712317,524,514,-10,-519,267,252
14.6640826873385,525,516,-9,-520.5,267,253.5
14.6662360034453,526,516,-10,-521,268,253
14.6683893195521,522,512,-10,-517,266,251
14.6705426356589,522,511,-11,-516.5,266.5,250
14.6726959517657,521,512,-9,-516.5,265,251.5
14.6748492678725,518,512,-6,-515,262,253
14.6770025839793,510,510,0,-510,255,255
14.6791559000861,509,508,-1,-508.5,255,253.5
14.6813092161929,508,509,1,-508.5,253.5,255
14.6834625322997,508,507,-1,-507.5,254.5,253
14.6856158484065,513,506,-7,-509.5,260,249.5
14.6877691645134,514,507,-7,-510.5,260.5,250
14.6899224806202,515,507,-8,-511,261.5,249.5
14.692075796727,518,509,-9,-513.5,263.5,250
14.6942291128338,516,508,-8,-512,262,250
14.6963824289406,511,508,-3,-509.5,257,252.5
14.6985357450474,508,508,0,-508,254,254
14.7006890611542,501,506,5,-503.5,248,255.5
14.702842377261,500,503,3,-501.5,248.5,253
14.7049956933678,499,500,1,-499.5,249,250.5
14.7071490094746,496,496,0,-496,248,248
14.7093023255814,494,496,2,-495,246,249
14.7114556416882,492,496,4,-494,244,250
14.713608957795,492,496,4,-494,244,250
14.7157622739018,497,497,0,-497,248.5,248.5
14.7179155900086,495,498,3,-496.5,246,250.5
14.7200689061154,496,496,0,-496,248,248
14.7222222222222,494,494,0,-494,247,247
14.724375538329,491,490,-1,-490.5,246,244.5
14.7265288544358,495,493,-2,-494,248.5,245.5
14.7286821705426,496,494,-2,-495,249,246
14.7308354866494,495,493,-2,-494,248.5,245.5
14.7329888027562,491,491,0,-491,245.5,245.5
14.7351421188631,488,491,3,-489.5,242.5,247
14.7372954349699,487,489,2,-488,242.5,245.5
14.7394487510767,490,487,-3,-488.5,246.5,242
14.7416020671835,494,487,-7,-490.5,250.5,240
14.7437553832903,496,490,-6,-493,251,242
14.7459086993971,498,490,-8,-494,253,241
14.7480620155039,495,493,-2,-494,248.5,245.5
14.7502153316107,491,491,0,-491,245.5,245.5
14.7523686477175,489,489,0,-489,244.5,244.5
14.7545219638243,488,490,2,-489,243,246
14.7566752799311,490,487,-3,-488.5,246.5,242
14.7588285960379,492,489,-3,-490.5,247.5,243
14.7609819121447,492,487,-5,-489.5,248.5,241
14.7631352282515,489,486,-3,-487.5,246,241.5
14.7652885443583,492,489,-3,-490.5,247.5,243
14.7674418604651,494,490,-4,-492,249,243
14.7695951765719,503,495,-8,-499,255.5,243.5
14.7717484926787,514,500,-14,-507,264,243
14.7739018087855,528,504,-24,-516,276,240
14.7760551248923,548,514,-34,-531,291,240
14.7782084409991,568,522,-46,-545,307,238
14.7803617571059,591,537,-54,-564,322.5,241.5
14.7825150732127,613,551,-62,-582,337.5,244.5
14.7846683893196,628,565,-63,-596.5,345.5,251
14.7868217054264,627,569,-58,-598,342.5,255.5
14.7889750215332,624,573,-51,-598.5,337.5,261
14.79112833764,614,572,-42,-593,328,265
14.7932816537468,598,569,-29,-583.5,313.5,270
14.7954349698536,578,560,-18,-569,298,271
14.7975882859604,558,553,-5,-555.5,281.5,274
14.7997416020672,540,548,8,-544,266,278
14.801894918174,519,538,19,-528.5,250,278.5
14.8040482342808,502,529,27,-515.5,237.5,278
14.8062015503876,488,521,33,-504.5,227.5,277
14.8083548664944,484,516,32,-500,226,274
14.8105081826012,489,514,25,-501.5,232,269.5
14.812661498708,493,510,17,-501.5,238,263.5
14.8148148148148,499,510,11,-504.5,244,260.5
14.8169681309216,502,510,8,-506,247,259
14.8191214470284,504,513,9,-508.5,247.5,261
14.8212747631352,504,511,7,-507.5,248.5,259
14.823428079242,501,510,9,-505.5,246,259.5
14.8255813953488,504,510,6,-507,249,258
14.8277347114556,502,508,6,-505,248,257
14.8298880275624,503,503,0,-503,251.5,251.5
14.8320413436693,502,502,0,-502,251,251
14.8341946597761,498,501,3,-499.5,247.5,252
14.8363479758829,494,501,7,-497.5,243.5,254
14.8385012919897,494,499,5,-496.5,244.5,252
14.8406546080965,495,499,4,-497,245.5,251.5
14.8428079242033,491,497,6,-494,242.5,251.5
14.8449612403101,489,496,7,-492.5,241,251.5
14.8471145564169,489,493,4,-491,242.5,248.5
14.8492678725237,488,489,1,-488.5,243.5,245
14.8514211886305,485,487,2,-486,241.5,244.5
14.8535745047373,480,488,8,-484,236,248
14.8557278208441,482,487,5,-484.5,238.5,246
14.8578811369509,490,491,1,-490.5,244.5,246
14.8600344530577,496,493,-3,-494.5,249.5,245
14.8621877691645,497,493,-4,-495,250.5,244.5
14.8643410852713,500,494,-6,-497,253,244
14.8664944013781,504,493,-11,-498.5,257.5,241
14.8686477174849,505,495,-10,-500,257.5,242.5
14.8708010335917,507,497,-10,-502,258.5,243.5
14.8729543496985,502,498,-4,-500,253,247
14.8751076658053,499,496,-3,-497.5,251,246.5
14.8772609819121,496,496,0,-496,248,248
14.879414298019,499,498,-1,-498.5,250,248.5
14.8815676141258,500,497,-3,-498.5,251.5,247
14.8837209302326,504,496,-8,-500,256,244
14.8858742463394,502,494,-8,-498,255,243
14.8880275624462,502,496,-6,-499,254,245
14.890180878553,502,498,-4,-500,253,247
14.8923341946598,502,497,-5,-499.5,253.5,246
14.8944875107666,504,497,-7,-500.5,255.5,245
14.8966408268734,501,500,-1,-500.5,251,249.5
14.8987941429802,501,499,-2,-500,251.5,248.5
14.900947459087,505,497,-8,-501,256.5,244.5
14.9031007751938,505,495,-10,-500,257.5,242.5
14.9052540913006,506,497,-9,-501.5,257.5,244
14.9074074074074,507,502,-5,-504.5,256,248.5
14.9095607235142,511,501,-10,-506,260.5,245.5
14.911714039621,510,502,-8,-506,259,247
14.9138673557278,510,504,-6,-507,258,249
14.9160206718346,509,503,-6,-506,257.5,248.5
14.9181739879414,505,500,-5,-502.5,255,247.5
14.9203273040482,505,498,-7,-501.5,256,245.5
14.922480620155,503,499,-4,-501,253.5,247.5
14.9246339362618,502,501,-1,-501.5,251.5,250
14.9267872523686,507,503,-4,-505,255.5,249.5
14.9289405684755,508,502,-6,-505,257,248
14.9310938845823,508,503,-5,-505.5,256.5,249
14.9332472006891,508,504,-4,-506,256,250
14.9354005167959,511,506,-5,-508.5,258,250.5
14.9375538329027,512,502,-10,-507,261,246
14.9397071490095,517,504,-13,-510.5,265,245.5
14.9418604651163,522,510,-12,-516,267,249
14.9440137812231,528,512,-16,-520,272,248
14.9461670973299,530,514,-16,-522,273,249
14.9483204134367,532,516,-16,-524,274,250
14.9504737295435,528,518,-10,-523,269,254
14.9526270456503,525,518,-7,-521.5,266,255.5
14.9547803617571,521,513,-8,-517,264.5,252.5
14.9569336778639,524,511,-13,-517.5,268.5,249
14.9590869939707,526,513,-13,-519.5,269.5,250
14.9612403100775,528,518,-10,-523,269,254
14.9633936261843,527,519,-8,-523,267.5,255.5
14.9655469422911,529,519,-10,-524,269.5,254.5
14.9677002583979,529,520,-9,-524.5,269,255.5
14.9698535745047,531,523,-8,-527,269.5,257.5
14.9720068906115,529,521,-8,-525,268.5,256.5
14.9741602067183,533,520,-13,-526.5,273,253.5
14.9763135228252,535,522,-13,-528.5,274,254.5
14.978466838932,533,522,-11,-527.5,272,255.5
14.9806201550388,532,523,-9,-527.5,270.5,257
14.9827734711456,536,525,-11,-530.5,273.5,257
14.9849267872524,538,529,-9,-533.5,273.5,260
14.9870801033592,537,531,-6,-534,271.5,262.5
14.989233419466,540,529,-11,-534.5,275.5,259
14.9913867355728,543,529,-14,-536,278.5,257.5
14.9935400516796,543,529,-14,-536,278.5,257.5
14.9956933677864,542,532,-10,-537,276,261
14.9978466838932,538,529,-9,-533.5,273.5,260
15,535,529,-6,-532,270.5,261.5
15.0021533161068,538,531,-7,-534.5,272.5,262
15.0043066322136,536,532,-4,-534,270,264
15.0064599483204,534,529,-5,-531.5,269.5,262
15.0086132644272,533,529,-4,-531,268.5,262.5
15.010766580534,535,528,-7,-531.5,271,260.5
15.0129198966408,535,528,-7,-531.5,271,260.5
15.0150732127476,532,527,-5,-529.5,268.5,261
15.0172265288544,530,527,-3,-528.5,266.5,262
15.0193798449612,530,529,-1,-529.5,265.5,264
15.021533161068,530,528,-2,-529,266,263
15.0236864771749,532,528,-4,-530,268,262
15.0258397932817,532,526,-6,-529,269,260
15.0279931093885,530,526,-4,-528,267,261
15.0301464254953,528,522,-6,-525,267,258
15.0322997416021,524,521,-3,-522.5,263.5,259
15.0344530577089,521,522,1,-521.5,260,261.5
15.0366063738157,513,519,6,-516,253.5,262.5
15.0387596899225,514,520,6,-517,254,263
15.0409130060293,512,519,7,-515.5,252.5,263
15.0430663221361,511,515,4,-513,253.5,259.5
15.0452196382429,510,512,2,-511,254,257
15.0473729543497,511,511,0,-511,255.5,255.5
15.0495262704565,510,512,2,-511,254,257
15.0516795865633,506,510,4,-508,251,257
15.0538329026701,508,510,2,-509,253,256
15.0559862187769,505,510,5,-507.5,250,257.5
15.0581395348837,505,508,3,-506.5,251,255.5
15.0602928509905,504,507,3,-505.5,250.5,255
15.0624461670973,501,502,1,-501.5,250,251.5
15.0645994832041,501,502,1,-501.5,250,251.5
15.0667527993109,500,499,-1,-499.5,250.5,249
15.0689061154177,495,501,6,-498,244.5,253.5
15.0710594315245,497,501,4,-499,246.5,252.5
15.0732127476314,496,500,4,-498,246,252
15.0753660637382,491,496,5,-493.5,243,250.5
15.077519379845,481,492,11,-486.5,235,251.5
15.0796726959518,479,487,8,-483,235.5,247.5
15.0818260120586,484,488,4,-486,240,246
15.0839793281654,490,488,-2,-489,246,243
15.0861326442722,496,492,-4,-494,250,244
15.088285960379,499,493,-6,-496,252.5,243.5
15.0904392764858,504,498,-6,-501,255,246
15.0925925925926,505,498,-7,-501.5,256,245.5
15.0947459086994,505,498,-7,-501.5,256,245.5
15.0968992248062,502,497,-5,-499.5,253.5,246
15.099052540913,500,495,-5,-497.5,252.5,245
15.1012058570198,501,494,-7,-497.5,254,243.5
15.1033591731266,500,495,-5,-497.5,252.5,245
15.1055124892334,502,497,-5,-499.5,253.5,246
15.1076658053402,501,497,-4,-499,252.5,246.5
15.109819121447,503,498,-5,-500.5,254,246.5
15.1119724375538,502,498,-4,-500,253,247
15.1141257536606,499,496,-3,-497.5,251,246.5
15.1162790697674,497,494,-3,-495.5,250,245.5
15.1184323858742,497,492,-5,-494.5,251,243.5
15.1205857019811,495,491,-4,-493,249.5,243.5
15.1227390180879,493,492,-1,-492.5,247,245.5
15.1248923341947,496,492,-4,-494,250,244
15.1270456503015,498,495,-3,-496.5,250.5,246
15.1291989664083,497,494,-3,-495.5,250,245.5
15.1313522825151,496,491,-5,-493.5,250.5,243
15.1335055986219,496,492,-4,-494,250,244
15.1356589147287,495,492,-3,-493.5,249,244.5
15.1378122308355,502,494,-8,-498,255,243
15.1399655469423,506,495,-11,-500.5,258.5,242
15.1421188630491,505,496,-9,-500.5,257,243.5
15.1442721791559,503,499,-4,-501,253.5,247.5
15.1464254952627,499,496,-3,-497.5,251,246.5
15.1485788113695,498,496,-2,-497,250,247
15.1507321274763,494,493,-1,-493.5,247.5,246
15.1528854435831,494,490,-4,-492,249,243
15.1550387596899,497,490,-7,-493.5,252,241.5
15.1571920757967,500,493,-7,-496.5,253.5,243
15.1593453919035,501,495,-6,-498,253.5,244.5
15.1614987080103,504,499,-5,-501.5,254.5,247
15.1636520241171,504,498,-6,-501,255,246
15.1658053402239,504,498,-6,-501,255,246
15.1679586563308,503,498,-5,-500.5,254,246.5
15.1701119724376,498,494,-4,-496,251,245
15.1722652885444,497,490,-7,-493.5,252,241.5
15.1744186046512,498,492,-6,-495,252,243
15.176571920758,496,493,-3,-494.5,249.5,245
15.1787252368648,498,493,-5,-495.5,251.5,244
15.1808785529716,504,497,-7,-500.5,255.5,245
15.1830318690784,505,499,-6,-502,255.5,246.5
15.1851851851852,508,500,-8,-504,258,246
15.187338501292,508,499,-9,-503.5,258.5,245
15.1894918173988,512,500,-12,-506,262,244
15.1916451335056,516,501,-15,-508.5,265.5,243
15.1937984496124,515,502,-13,-508.5,264,244.5
15.1959517657192,517,506,-11,-511.5,264,247.5
15.198105081826,514,508,-6,-511,260,251
15.2002583979328,513,507,-6,-510,259.5,250.5
15.2024117140396,512,506,-6,-509,259,250
15.2045650301464,509,503,-6,-506,257.5,248.5
15.2067183462532,512,502,-10,-507,261,246
15.20887166236,512,503,-9,-507.5,260.5,247
15.2110249784668,512,504,-8,-508,260,248
15.2131782945736,514,505,-9,-509.5,261.5,248
15.2153316106804,516,509,-7,-512.5,261.5,251
15.2174849267873,517,511,-6,-514,261.5,252.5
15.2196382428941,522,511,-11,-516.5,266.5,250
15.2217915590009,522,512,-10,-517,266,251
15.2239448751077,523,511,-12,-517,267.5,249.5
15.2260981912145,521,508,-13,-514.5,267,247.5
15.2282515073213,514,507,-7,-510.5,260.5,250
15.2304048234281,510,507,-3,-508.5,256.5,252
15.2325581395349,508,509,1,-508.5,253.5,255
15.2347114556417,510,507,-3,-508.5,256.5,252
15.2368647717485,510,508,-2,-509,256,253
15.2390180878553,512,508,-4,-510,258,252
15.2411714039621,513,506,-7,-509.5,260,249.5
15.2433247200689,515,506,-9,-510.5,262,248.5
15.2454780361757,513,506,-7,-509.5,260,249.5
15.2476313522825,509,505,-4,-507,256.5,250.5
15.2497846683893,503,504,1,-503.5,251,252.5
15.2519379844961,499,502,3,-500.5,248,252.5
15.2540913006029,498,500,2,-499,248,251
15.2562446167097,498,501,3,-499.5,247.5,252
15.2583979328165,496,498,2,-497,247,250
15.2605512489233,498,495,-3,-496.5,250.5,246
15.2627045650301,497,493,-4,-495,250.5,244.5
15.264857881137,502,498,-4,-500,253,247
15.2670111972438,502,500,-2,-501,252,249
15.2691645133506,503,498,-5,-500.5,254,246.5
15.2713178294574,499,498,-1,-498.5,250,248.5
15.2734711455642,497,498,1,-497.5,248,249.5
15.275624461671,496,497,1,-496.5,247.5,249
15.2777777777778,495,492,-3,-493.5,249,244.5
15.2799310938846,495,491,-4,-493,249.5,243.5
15.2820844099914,492,489,-3,-490.5,247.5,243
15.2842377260982,492,492,0,-492,246,246
15.286391042205,488,489,1,-488.5,243.5,245
15.2885443583118,490,490,0,-490,245,245
15.2906976744186,489,490,1,-489.5,244,245.5
15.2928509905254,489,489,0,-489,244.5,244.5
15.2950043066322,489,490,1,-489.5,244,245.5
15.297157622739,489,487,-2,-488,245.5,242.5
15.2993109388458,491,486,-5,-488.5,248,240.5
15.3014642549526,490,487,-3,-488.5,246.5,242
15.3036175710594,487,487,0,-487,243.5,243.5
15.3057708871662,488,487,-1,-487.5,244.5,243
15.307924203273,489,488,-1,-488.5,245,243.5
15.3100775193798,489,489,0,-489,244.5,244.5
15.3122308354867,486,486,0,-486,243,243
15.3143841515935,484,482,-2,-483,243,240
15.3165374677003,480,479,-1,-479.5,240.5,239
15.3186907838071,477,480,3,-478.5,237,241.5
15.3208440999139,474,480,6,-477,234,243
15.3229974160207,480,478,-2,-479,241,238
15.3251507321275,486,483,-3,-484.5,244.5,240
15.3273040482343,493,486,-7,-489.5,250,239.5
15.3294573643411,498,488,-10,-493,254,239
15.3316106804479,506,487,-19,-496.5,262.5,234
15.3337639965547,514,492,-22,-503,268,235
15.3359173126615,530,499,-31,-514.5,280.5,234
15.3380706287683,554,513,-41,-533.5,297.5,236
15.3402239448751,575,526,-49,-550.5,312,238.5
15.3423772609819,593,538,-55,-565.5,324,241.5
15.3445305770887,607,547,-60,-577,333.5,243.5
15.3466838931955,619,559,-60,-589,339.5,249.5
15.3488372093023,623,565,-58,-594,340.5,253.5
15.3509905254091,615,565,-50,-590,332.5,257.5
15.3531438415159,602,563,-39,-582.5,320.5,262
15.3552971576227,579,557,-22,-568,300.5,267.5
15.3574504737295,553,548,-5,-550.5,279,271.5
15.3596037898363,528,540,12,-534,258,276
15.3617571059432,508,530,22,-519,243,276
15.36391042205,488,522,34,-505,227,278
15.3660637381568,478,511,33,-494.5,222.5,272
15.3682170542636,471,503,32,-487,219.5,267.5
15.3703703703704,475,500,25,-487.5,225,262.5
15.3725236864772,480,501,21,-490.5,229.5,261
15.374677002584,489,503,14,-496,237.5,258.5
15.3768303186908,499,503,4,-501,247.5,253.5
15.3789836347976,503,506,3,-504.5,250,254.5
15.3811369509044,503,507,4,-505,249.5,255.5
15.3832902670112,504,504,0,-504,252,252
15.385443583118,504,502,-2,-503,253,250
15.3875968992248,501,500,-1,-500.5,251,249.5
15.3897502153316,494,498,4,-496,245,251
15.3919035314384,489,496,7,-492.5,241,251.5
15.3940568475452,485,493,8,-489,238.5,250.5
15.396210163652,484,493,9,-488.5,237.5,251
15.3983634797588,476,488,12,-482,232,250
15.4005167958656,471,486,15,-478.5,228,250.5
15.4026701119724,475,483,8,-479,233.5,245.5
15.4048234280792,486,485,-1,-485.5,243.5,242
15.406976744186,495,487,-8,-491,251.5,239.5
15.4091300602929,501,492,-9,-496.5,255,241.5
15.4112833763997,503,494,-9,-498.5,256,242.5
15.4134366925065,499,494,-5,-496.5,252,244.5
15.4155900086133,495,493,-2,-494,248.5,245.5
15.4177433247201,487,492,5,-489.5,241,248.5
15.4198966408269,487,488,1,-487.5,243,244.5
15.4220499569337,491,488,-3,-489.5,247,242.5
15.4242032730405,493,488,-5,-490.5,249,241.5
15.4263565891473,496,490,-6,-493,251,242
15.4285099052541,496,491,-5,-493.5,250.5,243
15.4306632213609,497,492,-5,-494.5,251,243.5
15.4328165374677,497,494,-3,-495.5,250,245.5
15.4349698535745,499,496,-3,-497.5,251,246.5
15.4371231696813,500,492,-8,-496,254,242
15.4392764857881,501,491,-10,-496,255.5,240.5
15.4414298018949,502,492,-10,-497,256,241
15.4435831180017,501,493,-8,-497,254.5,242.5
15.4457364341085,500,493,-7,-496.5,253.5,243
15.4478897502153,495,491,-4,-493,249.5,243.5
15.4500430663221,498,493,-5,-495.5,251.5,244
15.4521963824289,501,495,-6,-498,253.5,244.5
15.4543496985357,502,495,-7,-498.5,254.5,244
15.4565030146425,501,495,-6,-498,253.5,244.5
15.4586563307494,501,492,-9,-496.5,255,241.5
15.4608096468562,500,491,-9,-495.5,254.5,241
15.462962962963,500,493,-7,-496.5,253.5,243
15.4651162790698,504,496,-8,-500,256,244
15.4672695951766,505,498,-7,-501.5,256,245.5
15.4694229112834,505,498,-7,-501.5,256,245.5
15.4715762273902,503,499,-4,-501,253.5,247.5
15.473729543497,504,497,-7,-500.5,255.5,245
15.4758828596038,505,497,-8,-501,256.5,244.5
15.4780361757106,504,498,-6,-501,255,246
15.4801894918174,505,497,-8,-501,256.5,244.5
15.4823428079242,506,499,-7,-502.5,256.5,246
15.484496124031,505,499,-6,-502,255.5,246.5
15.4866494401378,505,499,-6,-502,255.5,246.5
15.4888027562446,505,501,-4,-503,254.5,248.5
15.4909560723514,508,501,-7,-504.5,257.5,247
15.4931093884582,509,499,-10,-504,259.5,244.5
15.495262704565,511,499,-12,-505,261.5,243.5
15.4974160206718,510,500,-10,-505,260,245
15.4995693367786,514,503,-11,-508.5,262.5,246
15.5017226528854,517,505,-12,-511,264.5,246.5
15.5038759689922,516,505,-11,-510.5,263.5,247
15.5060292850991,519,509,-10,-514,264.5,249.5
15.5081826012059,516,508,-8,-512,262,250
15.5103359173127,518,508,-10,-513,264,249
15.5124892334195,521,508,-13,-514.5,267,247.5
15.5146425495263,524,510,-14,-517,269,248
15.5167958656331,526,510,-16,-518,271,247
15.5189491817399,524,514,-10,-519,267,252
15.5211024978467,523,514,-9,-518.5,266,252.5
15.5232558139535,520,514,-6,-517,263,254
15.5254091300603,522,515,-7,-518.5,264.5,254
15.5275624461671,528,515,-13,-521.5,270.5,251
15.5297157622739,528,515,-13,-521.5,270.5,251
15.5318690783807,529,516,-13,-522.5,271,251.5
15.5340223944875,533,520,-13,-526.5,273,253.5
15.5361757105943,536,523,-13,-529.5,274.5,255
15.5383290267011,534,522,-12,-528,273,255
15.5404823428079,533,523,-10,-528,271.5,256.5
15.5426356589147,536,525,-11,-530.5,273.5,257
15.5447889750215,535,525,-10,-530,272.5,257.5
15.5469422911283,535,523,-12,-529,273.5,255.5
15.5490956072351,531,522,-9,-526.5,270,256.5
15.5512489233419,536,525,-11,-530.5,273.5,257
15.5534022394488,536,524,-12,-530,274,256
15.5555555555556,538,527,-11,-532.5,274.5,258
15.5577088716624,533,528,-5,-530.5,269,261.5
15.5598621877692,534,528,-6,-531,270,261
15.562015503876,534,526,-8,-530,271,259
15.5641688199828,529,524,-5,-526.5,267,259.5
15.5663221360896,530,522,-8,-526,269,257
15.5684754521964,530,523,-7,-526.5,268.5,258
15.5706287683032,530,524,-6,-527,268,259
15.57278208441,528,523,-5,-525.5,266.5,259
15.5749354005168,528,523,-5,-525.5,266.5,259
15.5770887166236,528,524,-4,-526,266,260
15.5792420327304,528,524,-4,-526,266,260
15.5813953488372,528,523,-5,-525.5,266.5,259
15.583548664944,524,521,-3,-522.5,263.5,259
15.5857019810508,524,523,-1,-523.5,262.5,261
15.5878552971576,522,520,-2,-521,262,259
15.5900086132644,521,520,-1,-520.5,261,259.5
15.5921619293712,521,520,-1,-520.5,261,259.5
15.594315245478,521,522,1,-521.5,260,261.5
15.5964685615848,519,520,1,-519.5,259,260.5
15.5986218776916,514,518,4,-516,255,261
15.6007751937984,511,512,1,-511.5,255,256.5
15.6029285099053,505,509,4,-507,250.5,256.5
15.6050818260121,501,507,6,-504,247.5,256.5
15.6072351421189,503,507,4,-505,249.5,255.5
15.6093884582257,502,508,6,-505,248,257
15.6115417743325,509,510,1,-509.5,254,255.5
15.6136950904393,512,509,-3,-510.5,257.5,253
15.6158484065461,514,510,-4,-512,259,253
15.6180017226529,515,508,-7,-511.5,261,250.5
15.6201550387597,506,508,2,-507,252,255
15.6223083548665,505,503,-2,-504,253.5,250.5
15.6244616709733,499,500,1,-499.5,249,250.5
15.6266149870801,495,502,7,-498.5,244,254.5
15.6287683031869,495,499,4,-497,245.5,251.5
15.6309216192937,498,500,2,-499,248,251
15.6330749354005,499,501,2,-500,248.5,251.5
15.6352282515073,498,498,0,-498,249,249
15.6373815676141,499,496,-3,-497.5,251,246.5
15.6395348837209,496,495,-1,-495.5,248.5,247
15.6416881998277,495,496,1,-495.5,247,248.5
15.6438415159345,490,495,5,-492.5,242.5,250
15.6459948320413,490,494,4,-492,243,249
15.6481481481481,488,493,5,-490.5,241.5,249
15.650301464255,491,492,1,-491.5,245,246.5
15.6524547803618,491,492,1,-491.5,245,246.5
15.6546080964686,492,489,-3,-490.5,247.5,243
15.6567614125754,493,490,-3,-491.5,248,243.5
15.6589147286822,495,489,-6,-492,250.5,241.5
15.661068044789,493,491,-2,-492,247.5,244.5
15.6632213608958,496,492,-4,-494,250,244
15.6653746770026,494,493,-1,-493.5,247.5,246
15.6675279931094,494,492,-2,-493,248,245
15.6696813092162,493,492,-1,-492.5,247,245.5
15.671834625323,494,490,-4,-492,249,243
15.6739879414298,496,490,-6,-493,251,242
15.6761412575366,496,488,-8,-492,252,240
15.6782945736434,493,487,-6,-490,249.5,240.5
15.6804478897502,495,489,-6,-492,250.5,241.5
15.682601205857,496,494,-2,-495,249,246
15.6847545219638,496,491,-5,-493.5,250.5,243
15.6869078380706,496,493,-3,-494.5,249.5,245
15.6890611541774,500,494,-6,-497,253,244
15.6912144702842,499,491,-8,-495,253.5,241.5
15.693367786391,495,488,-7,-491.5,251,240.5
15.6955211024978,494,489,-5,-491.5,249.5,242
15.6976744186047,494,490,-4,-492,249,243
15.6998277347115,493,493,0,-493,246.5,246.5
15.7019810508183,490,489,-1,-489.5,245.5,244
15.7041343669251,490,491,1,-490.5,244.5,246
15.7062876830319,493,490,-3,-491.5,248,243.5
15.7084409991387,498,492,-6,-495,252,243
15.7105943152455,498,489,-9,-493.5,253.5,240
15.7127476313523,499,490,-9,-494.5,254,240.5
15.7149009474591,497,490,-7,-493.5,252,241.5
15.7170542635659,493,490,-3,-491.5,248,243.5
15.7192075796727,490,488,-2,-489,246,243
15.7213608957795,490,489,-1,-489.5,245.5,244
15.7235142118863,490,489,-1,-489.5,245.5,244
15.7256675279931,493,487,-6,-490,249.5,240.5
15.7278208440999,493,488,-5,-490.5,249,241.5
15.7299741602067,493,486,-7,-489.5,250,239.5
15.7321274763135,496,488,-8,-492,252,240
15.7342807924203,498,490,-8,-494,253,241
15.7364341085271,500,495,-5,-497.5,252.5,245
15.7385874246339,500,494,-6,-497,253,244
15.7407407407407,500,495,-5,-497.5,252.5,245
15.7428940568475,499,492,-7,-495.5,253,242.5
15.7450473729543,498,491,-7,-494.5,252.5,242
15.7472006890612,498,491,-7,-494.5,252.5,242
15.749354005168,498,491,-7,-494.5,252.5,242
15.7515073212748,502,494,-8,-498,255,243
15.7536606373816,501,496,-5,-498.5,253,245.5
15.7558139534884,507,494,-13,-500.5,260,240.5
15.7579672695952,505,498,-7,-501.5,256,245.5
15.760120585702,505,497,-8,-501,256.5,244.5
15.7622739018088,501,496,-5,-498.5,253,245.5
15.7644272179156,496,491,-5,-493.5,250.5,243
15.7665805340224,498,492,-6,-495,252,243
15.7687338501292,498,496,-2,-497,250,247
15.770887166236,504,498,-6,-501,255,246
15.7730404823428,504,496,-8,-500,256,244
15.7751937984496,506,499,-7,-502.5,256.5,246
15.7773471145564,504,498,-6,-501,255,246
15.7795004306632,504,496,-8,-500,256,244
15.78165374677,502,495,-7,-498.5,254.5,244
15.7838070628768,502,495,-7,-498.5,254.5,244
15.7859603789836,506,497,-9,-501.5,257.5,244
15.7881136950904,508,502,-6,-505,257,248
15.7902670111972,512,503,-9,-507.5,260.5,247
15.792420327304,517,506,-11,-511.5,264,247.5
15.7945736434109,520,508,-12,-514,266,248
15.7967269595177,522,509,-13,-515.5,267.5,248
15.7988802756245,521,506,-15,-513.5,268,245.5
15.8010335917313,513,506,-7,-509.5,260,249.5
15.8031869078381,512,504,-8,-508,260,248
15.8053402239449,510,506,-4,-508,257,251
15.8074935400517,510,507,-3,-508.5,256.5,252
15.8096468561585,512,507,-5,-509.5,258.5,251
15.8118001722653,513,510,-3,-511.5,258,253.5
15.8139534883721,514,508,-6,-511,260,251
15.8161068044789,512,506,-6,-509,259,250
15.8182601205857,508,501,-7,-504.5,257.5,247
15.8204134366925,505,500,-5,-502.5,255,247.5
15.8225667527993,505,502,-3,-503.5,254,249.5
15.8247200689061,503,504,1,-503.5,251,252.5
15.8268733850129,502,501,-1,-501.5,251.5,250
15.8290267011197,502,501,-1,-501.5,251.5,250
15.8311800172265,499,500,1,-499.5,249,250.5
15.8333333333333,495,496,1,-495.5,247,248.5
15.8354866494401,494,493,-1,-493.5,247.5,246
15.8376399655469,491,491,0,-491,245.5,245.5
15.8397932816537,490,491,1,-490.5,244.5,246
15.8419465977606,489,493,4,-491,242.5,248.5
15.8440999138674,491,492,1,-491.5,245,246.5
15.8462532299742,493,493,0,-493,246.5,246.5
15.848406546081,492,492,0,-492,246,246
15.8505598621878,489,489,0,-489,244.5,244.5
15.8527131782946,491,488,-3,-489.5,247,242.5
15.8548664944014,490,486,-4,-488,247,241
15.8570198105082,486,486,0,-486,243,243
15.859173126615,484,488,4,-486,240,246
15.8613264427218,481,483,2,-482,239.5,242.5
15.8634797588286,482,485,3,-483.5,239.5,244
15.8656330749354,480,485,5,-482.5,237.5,245
15.8677863910422,484,487,3,-485.5,240.5,245
15.869939707149,484,481,-3,-482.5,243.5,239
15.8720930232558,484,479,-5,-481.5,244.5,237
15.8742463393626,482,479,-3,-480.5,242.5,238
15.8763996554694,482,483,1,-482.5,240.5,242
15.8785529715762,483,481,-2,-482,242.5,239.5
15.880706287683,485,482,-3,-483.5,244,239.5
15.8828596037898,484,482,-2,-483,243,240
15.8850129198966,484,483,-1,-483.5,242.5,241
15.8871662360034,486,480,-6,-483,246,237
15.8893195521103,486,480,-6,-483,246,237
15.8914728682171,482,477,-5,-479.5,243.5,236
15.8936261843239,480,477,-3,-478.5,241.5,237
15.8957795004307,481,479,-2,-480,241.5,238.5
15.8979328165375,485,482,-3,-483.5,244,239.5
15.9000861326443,487,483,-4,-485,245.5,239.5
15.9022394487511,488,485,-3,-486.5,245.5,241
15.9043927648579,489,482,-7,-485.5,248,237.5
15.9065460809647,493,483,-10,-488,251.5,236.5
15.9086993970715,502,487,-15,-494.5,258.5,236
15.9108527131783,514,493,-21,-503.5,267.5,236
15.9130060292851,530,503,-27,-516.5,278.5,238
15.9151593453919,547,512,-35,-529.5,291,238.5
15.9173126614987,569,524,-45,-546.5,307,239.5
15.9194659776055,593,537,-56,-565,324.5,240.5
15.9216192937123,608,548,-60,-578,334,244
15.9237726098191,621,557,-64,-589,342.5,246.5
15.9259259259259,618,559,-59,-588.5,338.5,250
15.9280792420327,610,562,-48,-586,329,257
15.9302325581395,592,561,-31,-576.5,311.5,265
15.9323858742463,567,553,-14,-560,290.5,269.5
15.9345391903531,544,545,1,-544.5,271.5,273
15.9366925064599,525,537,12,-531,256.5,274.5
15.9388458225668,508,530,22,-519,243,276
15.9409991386736,497,520,23,-508.5,237,271.5
15.9431524547804,485,512,27,-498.5,229,269.5
15.9453057708872,477,503,26,-490,225.5,264.5
15.947459086994,469,500,31,-484.5,219,265.5
15.9496124031008,469,497,28,-483,220.5,262.5
15.9517657192076,473,496,23,-484.5,225,259.5
15.9539190353144,486,499,13,-492.5,236.5,256
15.9560723514212,494,502,8,-498,243,255
15.958225667528,501,498,-3,-499.5,252,247.5
15.9603789836348,500,498,-2,-499,251,248
15.9625322997416,497,496,-1,-496.5,249,247.5
15.9646856158484,499,498,-1,-498.5,250,248.5
15.9668389319552,494,496,2,-495,246,249
15.968992248062,492,494,2,-493,245,248
15.9711455641688,489,494,5,-491.5,242,249.5
15.9732988802756,488,496,8,-492,240,252
15.9754521963824,485,490,5,-487.5,240,247.5
15.9776055124892,483,486,3,-484.5,240,244.5
15.979758828596,483,485,2,-484,240.5,243.5
15.9819121447028,482,485,3,-483.5,239.5,244
15.9840654608096,483,486,3,-484.5,240,244.5
15.9862187769165,483,485,2,-484,240.5,243.5
15.9883720930233,484,485,1,-484.5,241.5,243
15.9905254091301,489,488,-1,-488.5,245,243.5
15.9926787252369,490,488,-2,-489,246,243
15.9948320413437,492,487,-5,-489.5,248.5,241
15.9969853574505,491,483,-8,-487,249.5,237.5
15.9991386735573,489,484,-5,-486.5,247,239.5
16.0012919896641,489,485,-4,-487,246.5,240.5
16.0034453057709,492,484,-8,-488,250,238
16.0055986218777,489,484,-5,-486.5,247,239.5
16.0077519379845,489,486,-3,-487.5,246,241.5
16.0099052540913,489,487,-2,-488,245.5,242.5
16.0120585701981,487,484,-3,-485.5,245,240.5
16.0142118863049,484,483,-1,-483.5,242.5,241
16.0163652024117,489,484,-5,-486.5,247,239.5
16.0185185185185,489,485,-4,-487,246.5,240.5
16.0206718346253,490,486,-4,-488,247,241
16.0228251507321,491,487,-4,-489,247.5,241.5
16.0249784668389,495,489,-6,-492,250.5,241.5
16.0271317829457,496,492,-4,-494,250,244
16.0292850990525,501,492,-9,-496.5,255,241.5
16.0314384151593,501,488,-13,-494.5,257,237.5
16.0335917312661,501,489,-12,-495,256.5,238.5
16.035745047373,500,491,-9,-495.5,254.5,241
16.0378983634798,502,490,-12,-496,257,239
16.0400516795866,501,492,-9,-496.5,255,241.5
16.0422049956934,499,491,-8,-495,253.5,241.5
16.0443583118002,500,495,-5,-497.5,252.5,245
16.046511627907,501,494,-7,-497.5,254,243.5
16.0486649440138,502,492,-10,-497,256,241
16.0508182601206,498,491,-7,-494.5,252.5,242
16.0529715762274,502,492,-10,-497,256,241
16.0551248923342,504,494,-10,-499,257,242
16.057278208441,504,495,-9,-499.5,256.5,243
16.0594315245478,505,497,-8,-501,256.5,244.5
16.0615848406546,502,498,-4,-500,253,247
16.0637381567614,503,497,-6,-500,254.5,245.5
16.0658914728682,506,497,-9,-501.5,257.5,244
16.068044788975,510,497,-13,-503.5,261.5,242
16.0701981050818,515,499,-16,-507,265.5,241.5
16.0723514211886,517,502,-15,-509.5,266,243.5
16.0745047372954,517,504,-13,-510.5,265,245.5
16.0766580534022,516,505,-11,-510.5,263.5,247
16.078811369509,515,504,-11,-509.5,263,246.5
16.0809646856159,514,506,-8,-510,261,249
16.0831180017227,510,505,-5,-507.5,257.5,250
16.0852713178295,511,502,-9,-506.5,260,246.5
16.0874246339363,516,504,-12,-510,264,246
16.0895779500431,518,507,-11,-512.5,264.5,248
16.0917312661499,519,509,-10,-514,264.5,249.5
16.0938845822567,520,509,-11,-514.5,265.5,249
16.0960378983635,519,509,-10,-514,264.5,249.5
16.0981912144703,521,514,-7,-517.5,264,253.5
16.1003445305771,524,514,-10,-519,267,252
16.1024978466839,524,512,-12,-518,268,250
16.1046511627907,528,513,-15,-520.5,271.5,249
16.1068044788975,530,515,-15,-522.5,272.5,250
16.1089577950043,530,517,-13,-523.5,271.5,252
16.1111111111111,530,517,-13,-523.5,271.5,252
16.1132644272179,527,518,-9,-522.5,268,254.5
16.1154177433247,529,521,-8,-525,268.5,256.5
16.1175710594315,526,519,-7,-522.5,266.5,256
16.1197243755383,527,521,-6,-524,266.5,257.5
16.1218776916451,531,520,-11,-525.5,271,254.5
16.1240310077519,531,521,-10,-526,270.5,255.5
16.1261843238587,534,522,-12,-528,273,255
16.1283376399655,533,524,-9,-528.5,271,257.5
16.1304909560724,532,526,-6,-529,269,260
16.1326442721792,535,526,-9,-530.5,272,258.5
16.134797588286,532,526,-6,-529,269,260
16.1369509043928,529,526,-3,-527.5,266,261.5
16.1391042204996,528,523,-5,-525.5,266.5,259
16.1412575366064,527,520,-7,-523.5,267,256.5
16.1434108527132,525,519,-6,-522,265.5,256.5
16.14556416882,526,522,-4,-524,265,259
16.1477174849268,526,524,-2,-525,264,261
16.1498708010336,524,521,-3,-522.5,263.5,259
16.1520241171404,523,523,0,-523,261.5,261.5
16.1541774332472,528,524,-4,-526,266,260
16.156330749354,529,521,-8,-525,268.5,256.5
16.1584840654608,528,521,-7,-524.5,267.5,257
16.1606373815676,528,519,-9,-523.5,268.5,255
16.1627906976744,523,519,-4,-521,263.5,257.5
16.1649440137812,522,519,-3,-520.5,262.5,258
16.167097329888,517,518,1,-517.5,258,259.5
16.1692506459948,515,517,2,-516,256.5,259.5
16.1714039621016,517,516,-1,-516.5,259,257.5
16.1735572782084,514,516,2,-515,256,259
16.1757105943152,517,515,-2,-516,259.5,256.5
16.1778639104221,515,511,-4,-513,259.5,253.5
16.1800172265289,514,512,-2,-513,258,255
16.1821705426357,512,512,0,-512,256,256
16.1843238587425,512,512,0,-512,256,256
16.1864771748493,515,514,-1,-514.5,258,256.5
16.1886304909561,514,513,-1,-513.5,257.5,256
16.1907838070629,510,512,2,-511,254,257
16.1929371231697,508,510,2,-509,253,256
16.1950904392765,505,504,-1,-504.5,253,251.5
16.1972437553833,501,503,2,-502,249.5,252.5
16.1993970714901,499,503,4,-501,247.5,253.5
16.2015503875969,494,502,8,-498,243,255
16.2037037037037,492,500,8,-496,242,254
16.2058570198105,493,498,5,-495.5,244,251.5
16.2080103359173,492,498,6,-495,243,252
16.2101636520241,494,495,1,-494.5,246.5,248
16.2123169681309,493,491,-2,-492,247.5,244.5
16.2144702842377,494,493,-1,-493.5,247.5,246
16.2166236003445,492,493,1,-492.5,245.5,247
16.2187769164513,496,498,2,-497,247,250
16.2209302325581,499,497,-2,-498,250.5,247.5
16.2230835486649,501,497,-4,-499,252.5,246.5
16.2252368647717,501,496,-5,-498.5,253,245.5
16.2273901808786,494,496,2,-495,246,249
16.2295434969854,491,490,-1,-490.5,246,244.5
16.2316968130922,488,487,-1,-487.5,244.5,243
16.233850129199,485,487,2,-486,241.5,244.5
16.2360034453058,489,490,1,-489.5,244,245.5
16.2381567614126,496,492,-4,-494,250,244
16.2403100775194,500,494,-6,-497,253,244
16.2424633936262,499,496,-3,-497.5,251,246.5
16.244616709733,497,494,-3,-495.5,250,245.5
16.2467700258398,496,490,-6,-493,251,242
16.2489233419466,498,490,-8,-494,253,241
16.2510766580534,496,489,-7,-492.5,251.5,241
16.2532299741602,499,493,-6,-496,252.5,243.5
16.255383290267,497,493,-4,-495,250.5,244.5
16.2575366063738,497,491,-6,-494,251.5,242.5
16.2596899224806,498,493,-5,-495.5,251.5,244
16.2618432385874,496,494,-2,-495,249,246
16.2639965546942,494,492,-2,-493,248,245
16.266149870801,496,490,-6,-493,251,242
16.2683031869078,495,488,-7,-491.5,251,240.5
16.2704565030146,496,492,-4,-494,250,244
16.2726098191214,495,490,-5,-492.5,250,242.5
16.2747631352283,492,490,-2,-491,247,244
16.2769164513351,491,492,1,-491.5,245,246.5
16.2790697674419,495,492,-3,-493.5,249,244.5
16.2812230835487,498,494,-4,-496,251,245
16.2833763996555,500,492,-8,-496,254,242
16.2855297157623,503,492,-11,-497.5,257,240.5
16.2876830318691,503,495,-8,-499,255.5,243.5
16.2898363479759,501,497,-4,-499,252.5,246.5
16.2919896640827,501,494,-7,-497.5,254,243.5
16.2941429801895,498,494,-4,-496,251,245
16.2962962962963,496,495,-1,-495.5,248.5,247
16.2984496124031,495,494,-1,-494.5,248,246.5
16.3006029285099,494,491,-3,-492.5,248.5,244
16.3027562446167,493,489,-4,-491,248.5,242.5
16.3049095607235,495,491,-4,-493,249.5,243.5
16.3070628768303,499,493,-6,-496,252.5,243.5
16.3092161929371,502,495,-7,-498.5,254.5,244
16.3113695090439,501,495,-6,-498,253.5,244.5
16.3135228251507,501,496,-5,-498.5,253,245.5
16.3156761412575,497,497,0,-497,248.5,248.5
16.3178294573643,496,492,-4,-494,250,244
16.3199827734711,498,491,-7,-494.5,252.5,242
16.322136089578,499,491,-8,-495,253.5,241.5
16.3242894056848,500,495,-5,-497.5,252.5,245
16.3264427217916,504,496,-8,-500,256,244
16.3285960378984,505,497,-8,-501,256.5,244.5
16.3307493540052,503,496,-7,-499.5,255,244.5
16.332902670112,503,498,-5,-500.5,254,246.5
16.3350559862188,504,496,-8,-500,256,244
16.3372093023256,503,495,-8,-499,255.5,243.5
16.3393626184324,504,496,-8,-500,256,244
16.3415159345392,505,496,-9,-500.5,257,243.5
16.343669250646,502,496,-6,-499,254,245
16.3458225667528,501,496,-5,-498.5,253,245.5
16.3479758828596,505,500,-5,-502.5,255,247.5
16.3501291989664,507,501,-6,-504,256.5,247.5
16.3522825150732,507,500,-7,-503.5,257,246.5
16.35443583118,508,498,-10,-503,259,244
16.3565891472868,508,497,-11,-502.5,259.5,243
16.3587424633936,507,498,-9,-502.5,258,244.5
16.3608957795004,508,502,-6,-505,257,248
16.3630490956072,507,501,-6,-504,256.5,247.5
16.365202411714,510,502,-8,-506,259,247
16.3673557278208,512,505,-7,-508.5,259.5,249
16.3695090439276,512,506,-6,-509,259,250
16.3716623600345,516,503,-13,-509.5,264.5,245
16.3738156761413,516,503,-13,-509.5,264.5,245
16.3759689922481,517,505,-12,-511,264.5,246.5
16.3781223083549,514,505,-9,-509.5,261.5,248
16.3802756244617,512,504,-8,-508,260,248
16.3824289405685,511,506,-5,-508.5,258,250.5
16.3845822566753,512,508,-4,-510,258,252
16.3867355727821,515,510,-5,-512.5,260,252.5
16.3888888888889,517,509,-8,-513,262.5,250.5
16.3910422049957,517,509,-8,-513,262.5,250.5
16.3931955211025,519,507,-12,-513,265.5,247.5
16.3953488372093,515,507,-8,-511,261.5,249.5
16.3975021533161,516,509,-7,-512.5,261.5,251
16.3996554694229,518,512,-6,-515,262,253
16.4018087855297,515,511,-4,-513,259.5,253.5
16.4039621016365,515,513,-2,-514,258.5,255.5
16.4061154177433,515,511,-4,-513,259.5,253.5
16.4082687338501,511,506,-5,-508.5,258,250.5
16.4104220499569,509,505,-4,-507,256.5,250.5
16.4125753660637,509,506,-3,-507.5,256,251.5
16.4147286821705,505,504,-1,-504.5,253,251.5
16.4168819982773,503,503,0,-503,251.5,251.5
16.4190353143842,500,501,1,-500.5,249.5,251
16.421188630491,497,500,3,-498.5,247,251.5
16.4233419465978,493,500,7,-496.5,243,253.5
16.4254952627046,493,495,2,-494,245.5,248.5
16.4276485788114,494,494,0,-494,247,247
16.4298018949182,494,492,-2,-493,248,245
16.431955211025,491,492,1,-491.5,245,246.5
16.4341085271318,492,492,0,-492,246,246
16.4362618432386,493,492,-1,-492.5,247,245.5
16.4384151593454,488,492,4,-490,242,248
16.4405684754522,489,491,2,-490,243.5,246.5
16.442721791559,489,488,-1,-488.5,245,243.5
16.4448751076658,489,487,-2,-488,245.5,242.5
16.4470284237726,487,486,-1,-486.5,244,242.5
16.4491817398794,488,487,-1,-487.5,244.5,243
16.4513350559862,494,489,-5,-491.5,249.5,242
16.453488372093,493,490,-3,-491.5,248,243.5
16.4556416881998,494,490,-4,-492,249,243
16.4577950043066,487,490,3,-488.5,242,246.5
16.4599483204134,483,487,4,-485,239.5,245.5
16.4621016365202,481,483,2,-482,239.5,242.5
16.464254952627,486,484,-2,-485,244,241
16.4664082687339,490,486,-4,-488,247,241
16.4685615848407,492,488,-4,-490,248,242
16.4707149009475,490,487,-3,-488.5,246.5,242
16.4728682170543,490,486,-4,-488,247,241
16.4750215331611,488,487,-1,-487.5,244.5,243
16.4771748492679,489,487,-2,-488,245.5,242.5
16.4793281653747,487,484,-3,-485.5,245,240.5
16.4814814814815,489,484,-5,-486.5,247,239.5
16.4836347975883,490,483,-7,-486.5,248.5,238
16.4857881136951,492,485,-7,-488.5,249.5,239
16.4879414298019,496,488,-8,-492,252,240
16.4900947459087,502,491,-11,-496.5,256.5,240
16.4922480620155,517,498,-19,-507.5,268,239.5
16.4944013781223,531,506,-25,-518.5,278,240.5
16.4965546942291,554,516,-38,-535,296,239
16.4987080103359,578,528,-50,-553,314,239
16.5008613264427,597,538,-59,-567.5,328,239.5
16.5030146425495,618,552,-66,-585,342,243
16.5051679586563,633,566,-67,-599.5,350,249.5
16.5073212747631,638,575,-63,-606.5,350.5,256
16.5094745908699,630,576,-54,-603,342,261
16.5116279069767,614,575,-39,-594.5,326.5,268
16.5137812230835,591,570,-21,-580.5,306,274.5
16.5159345391904,566,559,-7,-562.5,286.5,276
16.5180878552972,546,548,2,-547,272,275
16.520241171404,528,543,15,-535.5,256.5,279
16.5223944875108,510,533,23,-521.5,243.5,278
16.5245478036176,497,525,28,-511,234.5,276.5
16.5267011197244,493,520,27,-506.5,233,273.5
16.5288544358312,494,520,26,-507,234,273
16.531007751938,497,516,19,-506.5,239,267.5
16.5331610680448,500,514,14,-507,243,264
16.5353143841516,505,514,9,-509.5,248,261.5
16.5374677002584,505,511,6,-508,249.5,258.5
16.5396210163652,504,510,6,-507,249,258
16.541774332472,506,508,2,-507,252,255
16.5439276485788,504,509,5,-506.5,249.5,257
16.5460809646856,501,508,7,-504.5,247,257.5
16.5482342807924,499,505,6,-502,246.5,255.5
16.5503875968992,498,503,5,-500.5,246.5,254
16.552540913006,498,501,3,-499.5,247.5,252
16.5546942291128,497,499,2,-498,247.5,250.5
16.5568475452196,493,496,3,-494.5,245,249.5
16.5590008613264,489,494,5,-491.5,242,249.5
16.5611541774332,488,495,7,-491.5,240.5,251
16.5633074935401,488,494,6,-491,241,250
16.5654608096469,489,495,6,-492,241.5,250.5
16.5676141257537,492,494,2,-493,245,248
16.5697674418605,493,491,-2,-492,247.5,244.5
16.5719207579673,497,493,-4,-495,250.5,244.5
16.5740740740741,495,491,-4,-493,249.5,243.5
16.5762273901809,492,491,-1,-491.5,246.5,245
16.5783807062877,494,492,-2,-493,248,245
16.5805340223945,492,493,1,-492.5,245.5,247
16.5826873385013,495,493,-2,-494,248.5,245.5
16.5848406546081,497,493,-4,-495,250.5,244.5
16.5869939707149,495,491,-4,-493,249.5,243.5
16.5891472868217,494,490,-4,-492,249,243
16.5913006029285,490,487,-3,-488.5,246.5,242
16.5934539190353,490,487,-3,-488.5,246.5,242
16.5956072351421,496,490,-6,-493,251,242
16.5977605512489,498,492,-6,-495,252,243
16.5999138673557,497,493,-4,-495,250.5,244.5
16.6020671834625,498,493,-5,-495.5,251.5,244
16.6042204995693,500,493,-7,-496.5,253.5,243
16.6063738156761,499,491,-8,-495,253.5,241.5
16.6085271317829,504,493,-11,-498.5,257.5,241
16.6106804478898,503,494,-9,-498.5,256,242.5
16.6128337639966,501,494,-7,-497.5,254,243.5
16.6149870801034,500,496,-4,-498,252,246
16.6171403962102,496,495,-1,-495.5,248.5,247
16.619293712317,493,495,2,-494,245.5,248.5
16.6214470284238,498,494,-4,-496,251,245
16.6236003445306,501,493,-8,-497,254.5,242.5
16.6257536606374,505,495,-10,-500,257.5,242.5
16.6279069767442,508,495,-13,-501.5,260.5,241
16.630060292851,509,500,-9,-504.5,259,245.5
16.6322136089578,511,500,-11,-505.5,261,244.5
16.6343669250646,512,503,-9,-507.5,260.5,247
16.6365202411714,509,501,-8,-505,258.5,246.5
16.6386735572782,505,503,-2,-504,253.5,250.5
16.640826873385,504,498,-6,-501,255,246
16.6429801894918,504,496,-8,-500,256,244
16.6451335055986,510,498,-12,-504,261,243
16.6472868217054,508,501,-7,-504.5,257.5,247
16.6494401378122,510,502,-8,-506,259,247
16.651593453919,511,505,-6,-508,258.5,249.5
16.6537467700258,515,507,-8,-511,261.5,249.5
16.6559000861326,515,508,-7,-511.5,261,250.5
16.6580534022394,515,506,-9,-510.5,262,248.5
16.6602067183463,517,506,-11,-511.5,264,247.5
16.6623600344531,516,503,-13,-509.5,264.5,245
16.6645133505599,515,507,-8,-511,261.5,249.5
16.6666666666667,517,509,-8,-513,262.5,250.5
16.6688199827735,520,514,-6,-517,263,254
16.6709732988803,522,513,-9,-517.5,265.5,252
16.6731266149871,524,516,-8,-520,266,254
16.6752799310939,526,515,-11,-520.5,268.5,252
16.6774332472007,524,513,-11,-518.5,267.5,251
16.6795865633075,526,515,-11,-520.5,268.5,252
16.6817398794143,524,514,-10,-519,267,252
16.6838931955211,523,516,-7,-519.5,265,254.5
16.6860465116279,524,517,-7,-520.5,265.5,255
16.6881998277347,524,517,-7,-520.5,265.5,255
16.6903531438415,525,518,-7,-521.5,266,255.5
16.6925064599483,528,520,-8,-524,268,256
16.6946597760551,532,520,-12,-526,272,254
16.6968130921619,533,518,-15,-525.5,274,251.5
16.6989664082687,532,519,-13,-525.5,272.5,253
16.7011197243755,532,520,-12,-526,272,254
16.7032730404823,534,522,-12,-528,273,255
16.7054263565891,535,525,-10,-530,272.5,257.5
16.707579672696,535,525,-10,-530,272.5,257.5
16.7097329888028,533,525,-8,-529,270.5,258.5
16.7118863049096,533,524,-9,-528.5,271,257.5
16.7140396210164,534,525,-9,-529.5,271.5,258
16.7161929371232,539,525,-14,-532,276.5,255.5
16.71834625323,543,528,-15,-535.5,279,256.5
16.7204995693368,546,533,-13,-539.5,279.5,260
16.7226528854436,547,535,-12,-541,279.5,261.5
16.7248062015504,541,532,-9,-536.5,275,261.5
16.7269595176572,538,532,-6,-535,272,263
16.729112833764,539,533,-6,-536,272.5,263.5
16.7312661498708,532,531,-1,-531.5,266.5,265
16.7334194659776,532,526,-6,-529,269,260
16.7355727820844,533,528,-5,-530.5,269,261.5
16.7377260981912,533,529,-4,-531,268.5,262.5
16.739879414298,530,528,-2,-529,266,263
16.7420327304048,527,527,0,-527,263.5,263.5
16.7441860465116,525,527,2,-526,261.5,264.5
16.7463393626184,523,525,2,-524,260.5,263.5
16.7484926787252,520,522,2,-521,259,262
16.750645994832,520,519,-1,-519.5,260.5,259
16.7527993109388,518,517,-1,-517.5,259.5,258
16.7549526270457,518,518,0,-518,259,259
16.7571059431525,518,519,1,-518.5,258.5,260
16.7592592592593,519,520,1,-519.5,259,260.5
16.7614125753661,520,518,-2,-519,261,258
16.7635658914729,520,519,-1,-519.5,260.5,259
16.7657192075797,518,517,-1,-517.5,259.5,258
16.7678725236865,512,514,2,-513,255,258
16.7700258397933,508,509,1,-508.5,253.5,255
16.7721791559001,503,507,4,-505,249.5,255.5
16.7743324720069,501,507,6,-504,247.5,256.5
16.7764857881137,500,507,7,-503.5,246.5,257
16.7786391042205,501,508,7,-504.5,247,257.5
16.7807924203273,504,508,4,-506,250,256
16.7829457364341,505,506,1,-505.5,252,253.5
16.7850990525409,504,503,-1,-503.5,252.5,251
16.7872523686477,503,501,-2,-502,252.5,249.5
16.7894056847545,503,502,-1,-502.5,252,250.5
16.7915590008613,499,501,2,-500,248.5,251.5
16.7937123169681,496,502,6,-499,245,254
16.7958656330749,497,499,2,-498,247.5,250.5
16.7980189491817,493,498,5,-495.5,244,251.5
16.8001722652885,492,497,5,-494.5,243.5,251
16.8023255813954,491,496,5,-493.5,243,250.5
16.8044788975022,497,493,-4,-495,250.5,244.5
16.806632213609,496,492,-4,-494,250,244
16.8087855297158,493,492,-1,-492.5,247,245.5
16.8109388458226,493,496,3,-494.5,245,249.5
16.8130921619294,491,492,1,-491.5,245,246.5
16.8152454780362,492,494,2,-493,245,248
16.817398794143,495,495,0,-495,247.5,247.5
16.8195521102498,497,495,-2,-496,249.5,246.5
16.8217054263566,500,493,-7,-496.5,253.5,243
16.8238587424634,501,491,-10,-496,255.5,240.5
16.8260120585702,501,494,-7,-497.5,254,243.5
16.828165374677,498,494,-4,-496,251,245
16.8303186907838,501,493,-8,-497,254.5,242.5
16.8324720068906,501,497,-4,-499,252.5,246.5
16.8346253229974,500,495,-5,-497.5,252.5,245
16.8367786391042,502,498,-4,-500,253,247
16.838931955211,503,495,-8,-499,255.5,243.5
16.8410852713178,500,492,-8,-496,254,242
16.8432385874246,498,492,-6,-495,252,243
16.8453919035314,497,494,-3,-495.5,250,245.5
16.8475452196382,496,491,-5,-493.5,250.5,243
16.849698535745,499,494,-5,-496.5,252,244.5
16.8518518518519,500,496,-4,-498,252,246
16.8540051679587,501,496,-5,-498.5,253,245.5
16.8561584840655,504,495,-9,-499.5,256.5,243
16.8583118001723,502,494,-8,-498,255,243
16.8604651162791,497,490,-7,-493.5,252,241.5
16.8626184323859,492,493,1,-492.5,245.5,247
16.8647717484927,495,492,-3,-493.5,249,244.5
16.8669250645995,498,494,-4,-496,251,245
16.8690783807063,503,494,-9,-498.5,256,242.5
16.8712316968131,503,498,-5,-500.5,254,246.5
16.8733850129199,504,496,-8,-500,256,244
16.8755383290267,504,495,-9,-499.5,256.5,243
16.8776916451335,502,494,-8,-498,255,243
16.8798449612403,500,494,-6,-497,253,244
16.8819982773471,499,495,-4,-497,251.5,245.5
16.8841515934539,501,495,-6,-498,253.5,244.5
16.8863049095607,503,499,-4,-501,253.5,247.5
16.8884582256675,503,499,-4,-501,253.5,247.5
16.8906115417743,505,499,-6,-502,255.5,246.5
16.8927648578811,502,495,-7,-498.5,254.5,244
16.8949181739879,498,494,-4,-496,251,245
16.8970714900947,501,494,-7,-497.5,254,243.5
16.8992248062016,505,499,-6,-502,255.5,246.5
16.9013781223084,507,499,-8,-503,257.5,245.5
16.9035314384152,510,501,-9,-505.5,259.5,246
16.905684754522,509,503,-6,-506,257.5,248.5
16.9078380706288,511,504,-7,-507.5,259,248.5
16.9099913867356,509,500,-9,-504.5,259,245.5
16.9121447028424,507,499,-8,-503,257.5,245.5
16.9142980189492,504,496,-8,-500,256,244
16.916451335056,505,501,-4,-503,254.5,248.5
16.9186046511628,503,498,-5,-500.5,254,246.5
16.9207579672696,505,500,-5,-502.5,255,247.5
16.9229112833764,510,502,-8,-506,259,247
16.9250645994832,510,504,-6,-507,258,249
16.92721791559,510,501,-9,-505.5,259.5,246
16.9293712316968,510,501,-9,-505.5,259.5,246
16.9315245478036,508,500,-8,-504,258,246
16.9336778639104,506,501,-5,-503.5,255.5,248
16.9358311800172,508,500,-8,-504,258,246
16.937984496124,512,504,-8,-508,260,248
16.9401378122308,514,508,-6,-511,260,251
16.9422911283376,517,508,-9,-512.5,263,249.5
16.9444444444444,514,509,-5,-511.5,259.5,252
16.9465977605512,515,504,-11,-509.5,263,246.5
16.9487510766581,517,505,-12,-511,264.5,246.5
16.9509043927649,519,507,-12,-513,265.5,247.5
16.9530577088717,519,511,-8,-515,263.5,251.5
16.9552110249785,522,510,-12,-516,267,249
16.9573643410853,528,514,-14,-521,271,250
16.9595176571921,528,516,-12,-522,270,252
16.9616709732989,526,518,-8,-522,267,255
16.9638242894057,521,513,-8,-517,264.5,252.5
16.9659776055125,518,510,-8,-514,263,251
16.9681309216193,517,510,-7,-513.5,262,251.5
16.9702842377261,515,512,-3,-513.5,259,254.5
16.9724375538329,511,509,-2,-510,256.5,253.5
16.9745908699397,507,507,0,-507,253.5,253.5
16.9767441860465,507,508,1,-507.5,253,254.5
16.9788975021533,507,509,2,-508,252.5,255.5
16.9810508182601,512,505,-7,-508.5,259.5,249
16.9832041343669,512,505,-7,-508.5,259.5,249
16.9853574504737,508,502,-6,-505,257,248
16.9875107665805,507,503,-4,-505,255.5,249.5
16.9896640826873,505,502,-3,-503.5,254,249.5
16.9918173987941,502,503,1,-502.5,250.5,252
16.993970714901,502,501,-1,-501.5,251.5,250
16.9961240310078,501,504,3,-502.5,249,253.5
16.9982773471146,496,499,3,-497.5,246.5,251
17.0004306632214,494,494,0,-494,247,247
17.0025839793282,493,491,-2,-492,247.5,244.5
17.004737295435,495,493,-2,-494,248.5,245.5
17.0068906115418,494,491,-3,-492.5,248.5,244
17.0090439276486,492,493,1,-492.5,245.5,247
17.0111972437554,492,492,0,-492,246,246
17.0133505598622,493,494,1,-493.5,246,247.5
17.015503875969,494,492,-2,-493,248,245
17.0176571920758,496,491,-5,-493.5,250.5,243
17.0198105081826,497,488,-9,-492.5,253,239.5
17.0219638242894,495,489,-6,-492,250.5,241.5
17.0241171403962,496,490,-6,-493,251,242
17.026270456503,493,489,-4,-491,248.5,242.5
17.0284237726098,487,487,0,-487,243.5,243.5
17.0305770887166,485,485,0,-485,242.5,242.5
17.0327304048234,486,486,0,-486,243,243
17.0348837209302,491,485,-6,-488,248.5,239.5
17.037037037037,497,485,-12,-491,254.5,236.5
17.0391903531438,497,486,-11,-491.5,254,237.5
17.0413436692506,498,489,-9,-493.5,253.5,240
17.0434969853575,496,488,-8,-492,252,240
17.0456503014643,494,489,-5,-491.5,249.5,242
17.0478036175711,493,489,-4,-491,248.5,242.5
17.0499569336779,491,490,-1,-490.5,246,244.5
17.0521102497847,490,487,-3,-488.5,246.5,242
17.0542635658915,491,486,-5,-488.5,248,240.5
17.0564168819983,490,484,-6,-487,248,239
17.0585701981051,492,485,-7,-488.5,249.5,239
17.0607235142119,497,489,-8,-493,252.5,240.5
17.0628768303187,508,494,-14,-501,261,240
17.0650301464255,523,500,-23,-511.5,273,238.5
17.0671834625323,539,510,-29,-524.5,284,240.5
17.0693367786391,558,521,-37,-539.5,297.5,242
17.0714900947459,577,530,-47,-553.5,312,241.5
17.0736434108527,601,538,-63,-569.5,332,237.5
17.0757967269595,619,554,-65,-586.5,342,244.5
17.0779500430663,632,565,-67,-598.5,349.5,249
17.0801033591731,631,573,-58,-602,344.5,257.5
17.0822566752799,627,575,-52,-601,339.5,261.5
17.0844099913867,605,572,-33,-588.5,319,269.5
17.0865633074935,580,563,-17,-571.5,298.5,273
17.0887166236003,554,550,-4,-552,279,273
17.0908699397072,530,541,11,-535.5,259.5,276
17.093023255814,518,532,14,-525,252,273
17.0951765719208,505,524,19,-514.5,243,271.5
17.0973298880276,495,520,25,-507.5,235,272.5
17.0994832041344,489,514,25,-501.5,232,269.5
17.1016365202412,489,515,26,-502,231.5,270.5
17.103789836348,489,510,21,-499.5,234,265.5
17.1059431524548,492,509,17,-500.5,237.5,263
17.1080964685616,496,505,9,-500.5,243.5,257
17.1102497846684,497,504,7,-500.5,245,255.5
17.1124031007752,502,504,2,-503,250,253
17.114556416882,504,505,1,-504.5,251.5,253
17.1167097329888,507,506,-1,-506.5,254,252.5
17.1188630490956,505,505,0,-505,252.5,252.5
17.1210163652024,503,504,1,-503.5,251,252.5
17.1231696813092,494,499,5,-496.5,244.5,252
17.125322997416,490,495,5,-492.5,242.5,250
17.1274763135228,486,491,5,-488.5,240.5,248
17.1296296296296,482,488,6,-485,238,247
17.1317829457364,486,488,2,-487,242,245
17.1339362618432,486,487,1,-486.5,242.5,244
17.13608957795,489,489,0,-489,244.5,244.5
17.1382428940568,490,492,2,-491,244,247
17.1403962101637,495,490,-5,-492.5,250,242.5
17.1425495262705,497,492,-5,-494.5,251,243.5
17.1447028423773,497,490,-7,-493.5,252,241.5
17.1468561584841,497,489,-8,-493,252.5,240.5
17.1490094745909,498,489,-9,-493.5,253.5,240
17.1511627906977,498,490,-8,-494,253,241
17.1533161068045,496,492,-4,-494,250,244
17.1554694229113,494,493,-1,-493.5,247.5,246
17.1576227390181,496,492,-4,-494,250,244
17.1597760551249,494,491,-3,-492.5,248.5,244
17.1619293712317,495,488,-7,-491.5,251,240.5
17.1640826873385,493,490,-3,-491.5,248,243.5
17.1662360034453,496,489,-7,-492.5,251.5,241
17.1683893195521,500,489,-11,-494.5,255.5,239
17.1705426356589,502,493,-9,-497.5,255.5,242
17.1726959517657,504,496,-8,-500,256,244
17.1748492678725,500,495,-5,-497.5,252.5,245
17.1770025839793,501,496,-5,-498.5,253,245.5
17.1791559000861,499,492,-7,-495.5,253,242.5
17.1813092161929,500,493,-7,-496.5,253.5,243
17.1834625322997,500,491,-9,-495.5,254.5,241
17.1856158484065,497,494,-3,-495.5,250,245.5
17.1877691645134,499,494,-5,-496.5,252,244.5
17.1899224806202,498,495,-3,-496.5,250.5,246
17.192075796727,498,493,-5,-495.5,251.5,244
17.1942291128338,503,494,-9,-498.5,256,242.5
17.1963824289406,503,494,-9,-498.5,256,242.5
17.1985357450474,504,493,-11,-498.5,257.5,241
17.2006890611542,506,495,-11,-500.5,258.5,242
17.202842377261,509,496,-13,-502.5,261,241.5
17.2049956933678,504,496,-8,-500,256,244
17.2071490094746,503,497,-6,-500,254.5,245.5
17.2093023255814,502,499,-3,-500.5,252.5,248
17.2114556416882,504,499,-5,-501.5,254.5,247
17.213608957795,505,502,-3,-503.5,254,249.5
17.2157622739018,513,501,-12,-507,262.5,244.5
17.2179155900086,516,501,-15,-508.5,265.5,243
17.2200689061154,518,503,-15,-510.5,266.5,244
17.2222222222222,519,506,-13,-512.5,266,246.5
17.224375538329,518,507,-11,-512.5,264.5,248
17.2265288544358,516,506,-10,-511,263,248
17.2286821705426,517,508,-9,-512.5,263,249.5
17.2308354866494,516,508,-8,-512,262,250
17.2329888027562,515,507,-8,-511,261.5,249.5
17.235142118863,517,505,-12,-511,264.5,246.5
17.2372954349699,519,506,-13,-512.5,266,246.5
17.2394487510767,520,507,-13,-513.5,266.5,247
17.2416020671835,523,512,-11,-517.5,267,250.5
17.2437553832903,521,510,-11,-515.5,266,249.5
17.2459086993971,519,512,-7,-515.5,263,252.5
17.2480620155039,523,512,-11,-517.5,267,250.5
17.2502153316107,525,514,-11,-519.5,268,251.5
17.2523686477175,527,513,-14,-520,270.5,249.5
17.2545219638243,530,514,-16,-522,273,249
17.2566752799311,531,517,-14,-524,272.5,251.5
17.2588285960379,531,520,-11,-525.5,271,254.5
17.2609819121447,531,519,-12,-525,271.5,253.5
17.2631352282515,534,522,-12,-528,273,255
17.2652885443583,530,521,-9,-525.5,269.5,256
17.2674418604651,530,521,-9,-525.5,269.5,256
17.2695951765719,533,521,-12,-527,272.5,254.5
17.2717484926787,531,522,-9,-526.5,270,256.5
17.2739018087855,532,521,-11,-526.5,271.5,255
17.2760551248923,535,525,-10,-530,272.5,257.5
17.2782084409991,534,524,-10,-529,272,257
17.2803617571059,534,524,-10,-529,272,257
17.2825150732127,537,527,-10,-532,273.5,258.5
17.2846683893196,536,529,-7,-532.5,271.5,261
17.2868217054264,535,526,-9,-530.5,272,258.5
17.2889750215332,533,525,-8,-529,270.5,258.5
17.29112833764,536,526,-10,-531,273,258
17.2932816537468,539,530,-9,-534.5,274,260.5
17.2954349698536,542,532,-10,-537,276,261
17.2975882859604,543,531,-12,-537,277.5,259.5
17.2997416020672,539,529,-10,-534,274.5,259.5
17.301894918174,536,529,-7,-532.5,271.5,261
17.3040482342808,531,526,-5,-528.5,268,260.5
17.3062015503876,528,524,-4,-526,266,260
17.3083548664944,526,520,-6,-523,266,257
17.3105081826012,525,522,-3,-523.5,264,259.5
17.312661498708,529,525,-4,-527,266.5,260.5
17.3148148148148,531,527,-4,-529,267.5,261.5
17.3169681309216,533,527,-6,-530,269.5,260.5
17.3191214470284,533,528,-5,-530.5,269,261.5
17.3212747631352,530,527,-3,-528.5,266.5,262
17.323428079242,527,523,-4,-525,265.5,259.5
17.3255813953488,523,519,-4,-521,263.5,257.5
17.3277347114556,520,520,0,-520,260,260
17.3298880275624,518,520,2,-519,258,261
17.3320413436692,517,519,2,-518,257.5,260.5
17.3341946597761,514,516,2,-515,256,259
17.3363479758829,513,517,4,-515,254.5,260.5
17.3385012919897,511,516,5,-513.5,253,260.5
17.3406546080965,513,511,-2,-512,257.5,254.5
17.3428079242033,510,507,-3,-508.5,256.5,252
17.3449612403101,509,507,-2,-508,255.5,252.5
17.3471145564169,503,506,3,-504.5,250,254.5
17.3492678725237,500,501,1,-500.5,249.5,251
17.3514211886305,500,502,2,-501,249,252
17.3535745047373,498,500,2,-499,248,251
17.3557278208441,501,500,-1,-500.5,251,249.5
17.3578811369509,499,497,-2,-498,250.5,247.5
17.3600344530577,498,498,0,-498,249,249
17.3621877691645,499,496,-3,-497.5,251,246.5
17.3643410852713,499,498,-1,-498.5,250,248.5
17.3664944013781,494,496,2,-495,246,249
17.3686477174849,488,492,4,-490,242,248
17.3708010335917,484,491,7,-487.5,238.5,249
17.3729543496985,482,492,10,-487,236,251
17.3751076658053,491,491,0,-491,245.5,245.5
17.3772609819121,491,489,-2,-490,246.5,243.5
17.379414298019,491,488,-3,-489.5,247,242.5
17.3815676141258,492,488,-4,-490,248,242
17.3837209302326,499,493,-6,-496,252.5,243.5
17.3858742463394,504,493,-11,-498.5,257.5,241
17.3880275624462,504,496,-8,-500,256,244
17.390180878553,504,498,-6,-501,255,246
17.3923341946598,502,497,-5,-499.5,253.5,246
17.3944875107666,503,496,-7,-499.5,255,244.5
17.3966408268734,498,491,-7,-494.5,252.5,242
17.3987941429802,501,494,-7,-497.5,254,243.5
17.400947459087,498,495,-3,-496.5,250.5,246
17.4031007751938,499,495,-4,-497,251.5,245.5
17.4052540913006,499,495,-4,-497,251.5,245.5
17.4074074074074,499,496,-3,-497.5,251,246.5
17.4095607235142,497,497,0,-497,248.5,248.5
17.411714039621,492,494,2,-493,245,248
17.4138673557278,495,492,-3,-493.5,249,244.5
17.4160206718346,496,491,-5,-493.5,250.5,243
17.4181739879414,495,491,-4,-493,249.5,243.5
17.4203273040482,496,492,-4,-494,250,244
17.422480620155,494,491,-3,-492.5,248.5,244
17.4246339362618,498,493,-5,-495.5,251.5,244
17.4267872523686,501,495,-6,-498,253.5,244.5
17.4289405684755,502,492,-10,-497,256,241
17.4310938845823,504,493,-11,-498.5,257.5,241
17.4332472006891,505,494,-11,-499.5,258,241.5
17.4354005167959,505,495,-10,-500,257.5,242.5
17.4375538329027,505,494,-11,-499.5,258,241.5
17.4397071490095,503,495,-8,-499,255.5,243.5
17.4418604651163,500,494,-6,-497,253,244
17.4440137812231,499,497,-2,-498,250.5,247.5
17.4461670973299,497,494,-3,-495.5,250,245.5
17.4483204134367,499,492,-7,-495.5,253,242.5
17.4504737295435,498,490,-8,-494,253,241
17.4526270456503,500,490,-10,-495,255,240
17.4547803617571,500,490,-10,-495,255,240
17.4569336778639,503,492,-11,-497.5,257,240.5
17.4590869939707,507,496,-11,-501.5,259,242.5
17.4612403100775,506,496,-10,-501,258,243
17.4633936261843,500,494,-6,-497,253,244
17.4655469422911,493,491,-2,-492,247.5,244.5
17.4677002583979,492,486,-6,-489,249,240
17.4698535745047,493,485,-8,-489,250.5,238.5
17.4720068906115,495,485,-10,-490,252.5,237.5
17.4741602067183,500,488,-12,-494,256,238
17.4763135228252,503,491,-12,-497,257.5,239.5
17.478466838932,506,493,-13,-499.5,259.5,240
17.4806201550388,503,494,-9,-498.5,256,242.5
17.4827734711456,504,493,-11,-498.5,257.5,241
17.4849267872524,504,492,-12,-498,258,240
17.4870801033592,503,490,-13,-496.5,258,238.5
17.489233419466,508,493,-15,-500.5,261.5,239
17.4913867355728,508,494,-14,-501,261,240
17.4935400516796,506,497,-9,-501.5,257.5,244
17.4956933677864,503,495,-8,-499,255.5,243.5
17.4978466838932,501,495,-6,-498,253.5,244.5
17.5,504,496,-8,-500,256,244
17.5021533161068,506,495,-11,-500.5,258.5,242
17.5043066322136,509,494,-15,-501.5,262,239.5
17.5064599483204,512,498,-14,-505,263,242
17.5086132644272,513,497,-16,-505,264.5,240.5
17.510766580534,511,498,-13,-504.5,262,242.5
17.5129198966408,510,496,-14,-503,262,241
17.5150732127476,508,498,-10,-503,259,244
17.5172265288544,510,497,-13,-503.5,261.5,242
17.5193798449612,509,495,-14,-502,261.5,240.5
17.521533161068,510,493,-17,-501.5,263.5,238
17.5236864771748,511,493,-18,-502,264.5,237.5
17.5258397932817,511,491,-20,-501,265.5,235.5
17.5279931093885,508,493,-15,-500.5,261.5,239
17.5301464254953,512,494,-18,-503,265,238
17.5322997416021,515,497,-18,-506,266.5,239.5
17.5344530577089,519,498,-21,-508.5,270,238.5
17.5366063738157,521,497,-24,-509,272.5,236.5
17.5387596899225,521,496,-25,-508.5,273,235.5
17.5409130060293,517,493,-24,-505,270.5,234.5
17.5430663221361,513,491,-22,-502,267.5,234.5
17.5452196382429,518,494,-24,-506,271,235
17.5473729543497,522,496,-26,-509,274,235
17.5495262704565,523,499,-24,-511,273.5,237.5
17.5516795865633,523,497,-26,-510,274.5,235.5
17.5538329026701,521,496,-25,-508.5,273,235.5
17.5559862187769,520,494,-26,-507,273,234
17.5581395348837,517,492,-25,-504.5,271,233.5
17.5602928509905,519,492,-27,-505.5,273,232.5
17.5624461670973,518,493,-25,-505.5,271.5,234
17.5645994832041,518,494,-24,-506,271,235
17.5667527993109,518,493,-25,-505.5,271.5,234
17.5689061154177,514,494,-20,-504,267,237
17.5710594315245,512,491,-21,-501.5,266.5,235
17.5732127476314,507,489,-18,-498,262.5,235.5
17.5753660637382,504,486,-18,-495,261,234
17.577519379845,506,489,-17,-497.5,261.5,236
17.5796726959518,503,487,-16,-495,259.5,235.5
17.5818260120586,500,487,-13,-493.5,256.5,237
17.5839793281654,498,487,-11,-492.5,254.5,238
17.5861326442722,500,488,-12,-494,256,238
17.588285960379,498,487,-11,-492.5,254.5,238
17.5904392764858,501,488,-13,-494.5,257,237.5
17.5925925925926,501,482,-19,-491.5,260,231.5
17.5947459086994,499,480,-19,-489.5,259,230.5
17.5968992248062,501,476,-25,-488.5,263,225.5
17.599052540913,499,475,-24,-487,261.5,225.5
17.6012058570198,496,472,-24,-484,260,224
17.6033591731266,497,475,-22,-486,259.5,226.5
17.6055124892334,495,474,-21,-484.5,258,226.5
17.6076658053402,493,474,-19,-483.5,256,227.5
17.609819121447,490,471,-19,-480.5,254.5,226
17.6119724375538,489,470,-19,-479.5,254,225.5
17.6141257536606,489,471,-18,-480,253.5,226.5
17.6162790697674,490,473,-17,-481.5,253.5,228
17.6184323858742,493,478,-15,-485.5,254,231.5
17.6205857019811,494,479,-15,-486.5,254.5,232
17.6227390180879,495,479,-16,-487,255.5,231.5
17.6248923341947,495,481,-14,-488,254.5,233.5
17.6270456503015,492,480,-12,-486,252,234
17.6291989664083,491,481,-10,-486,250.5,235.5
17.6313522825151,490,480,-10,-485,250,235
17.6335055986219,490,479,-11,-484.5,250.5,234
17.6356589147287,488,483,-5,-485.5,246.5,239
17.6378122308355,488,486,-2,-487,245,242
17.6399655469423,490,486,-4,-488,247,241
17.6421188630491,490,489,-1,-489.5,245.5,244
17.6442721791559,489,490,1,-489.5,244,245.5
17.6464254952627,492,486,-6,-489,249,240
17.6485788113695,494,489,-5,-491.5,249.5,242
17.6507321274763,498,491,-7,-494.5,252.5,242
17.6528854435831,502,495,-7,-498.5,254.5,244
17.6550387596899,509,500,-9,-504.5,259,245.5
17.6571920757967,520,505,-15,-512.5,267.5,245
17.6593453919035,541,516,-25,-528.5,283,245.5
17.6614987080103,560,527,-33,-543.5,296.5,247
17.6636520241171,578,535,-43,-556.5,310.5,246
17.6658053402239,597,546,-51,-571.5,324,247.5
17.6679586563308,617,559,-58,-588,337.5,250.5
17.6701119724376,623,571,-52,-597,337.5,259.5
17.6722652885444,621,576,-45,-598.5,333,265.5
17.6744186046512,613,575,-38,-594,325.5,268.5
17.676571920758,598,573,-25,-585.5,311.5,274
17.6787252368648,577,568,-9,-572.5,293,279.5
17.6808785529716,556,559,3,-557.5,276.5,281
17.6830318690784,535,549,14,-542,260.5,281.5
17.6851851851852,515,537,22,-526,246.5,279.5
17.687338501292,499,530,31,-514.5,234,280.5
17.6894918173988,490,527,37,-508.5,226.5,282
17.6916451335056,487,521,34,-504,226.5,277.5
17.6937984496124,486,519,33,-502.5,226.5,276
17.6959517657192,489,517,28,-503,230.5,272.5
17.698105081826,493,515,22,-504,235.5,268.5
17.7002583979328,498,515,17,-506.5,240.5,266
17.7024117140396,501,512,11,-506.5,245,261.5
17.7045650301464,504,513,9,-508.5,247.5,261
17.7067183462532,503,513,10,-508,246.5,261.5
17.70887166236,500,511,11,-505.5,244.5,261
17.7110249784668,501,511,10,-506,245.5,260.5
17.7131782945736,500,511,11,-505.5,244.5,261
17.7153316106804,498,508,10,-503,244,259
17.7174849267873,496,509,13,-502.5,241.5,261
17.7196382428941,498,503,5,-500.5,246.5,254
17.7217915590009,496,501,5,-498.5,245.5,253
17.7239448751077,496,501,5,-498.5,245.5,253
17.7260981912145,495,503,8,-499,243.5,255.5
17.7282515073213,492,498,6,-495,243,252
17.7304048234281,490,497,7,-493.5,241.5,252
17.7325581395349,484,493,9,-488.5,237.5,251
17.7347114556417,483,491,8,-487,237.5,249.5
17.7368647717485,487,490,3,-488.5,242,246.5
17.7390180878553,491,490,-1,-490.5,246,244.5
17.7411714039621,496,492,-4,-494,250,244
17.7433247200689,493,492,-1,-492.5,247,245.5
17.7454780361757,498,492,-6,-495,252,243
17.7476313522825,498,494,-4,-496,251,245
17.7497846683893,498,492,-6,-495,252,243
17.7519379844961,497,491,-6,-494,251.5,242.5
17.7540913006029,496,492,-4,-494,250,244
17.7562446167097,501,490,-11,-495.5,256,239.5
17.7583979328165,499,491,-8,-495,253.5,241.5
17.7605512489233,500,492,-8,-496,254,242
17.7627045650301,499,492,-7,-495.5,253,242.5
17.764857881137,502,495,-7,-498.5,254.5,244
17.7670111972438,503,496,-7,-499.5,255,244.5
17.7691645133506,505,497,-8,-501,256.5,244.5
17.7713178294574,505,496,-9,-500.5,257,243.5
17.7734711455642,507,494,-13,-500.5,260,240.5
17.775624461671,505,495,-10,-500,257.5,242.5
17.7777777777778,506,495,-11,-500.5,258.5,242
17.7799310938846,506,498,-8,-502,257,245
17.7820844099914,506,499,-7,-502.5,256.5,246
17.7842377260982,504,498,-6,-501,255,246
17.786391042205,506,500,-6,-503,256,247
17.7885443583118,505,497,-8,-501,256.5,244.5
17.7906976744186,506,495,-11,-500.5,258.5,242
17.7928509905254,507,494,-13,-500.5,260,240.5
17.7950043066322,510,498,-12,-504,261,243
17.797157622739,511,500,-11,-505.5,261,244.5
17.7993109388458,511,500,-11,-505.5,261,244.5
17.8014642549526,512,502,-10,-507,261,246
17.8036175710594,510,503,-7,-506.5,258.5,248
17.8057708871662,510,505,-5,-507.5,257.5,250
17.807924203273,514,503,-11,-508.5,262.5,246
17.8100775193798,515,504,-11,-509.5,263,246.5
17.8122308354867,518,504,-14,-511,266,245
17.8143841515935,517,506,-11,-511.5,264,247.5
17.8165374677003,514,505,-9,-509.5,261.5,248
17.8186907838071,515,507,-8,-511,261.5,249.5
17.8208440999139,512,507,-5,-509.5,258.5,251
17.8229974160207,512,508,-4,-510,258,252
17.8251507321275,515,506,-9,-510.5,262,248.5
17.8273040482343,517,505,-12,-511,264.5,246.5
17.8294573643411,522,507,-15,-514.5,268.5,246
17.8316106804479,527,512,-15,-519.5,271,248.5
17.8337639965547,530,515,-15,-522.5,272.5,250
17.8359173126615,529,516,-13,-522.5,271,251.5
17.8380706287683,525,515,-10,-520,267.5,252.5
17.8402239448751,523,516,-7,-519.5,265,254.5
17.8423772609819,523,515,-8,-519,265.5,253.5
17.8445305770887,522,512,-10,-517,266,251
17.8466838931955,521,511,-10,-516,265.5,250.5
17.8488372093023,525,514,-11,-519.5,268,251.5
17.8509905254091,530,517,-13,-523.5,271.5,252
17.8531438415159,534,518,-16,-526,275,251
17.8552971576227,538,525,-13,-531.5,275.5,256
17.8574504737295,543,525,-18,-534,280.5,253.5
17.8596037898363,544,529,-15,-536.5,279.5,257
17.8617571059432,542,525,-17,-533.5,279.5,254
17.86391042205,543,525,-18,-534,280.5,253.5
17.8660637381568,540,524,-16,-532,278,254
17.8682170542636,541,529,-12,-535,276.5,258.5
17.8703703703704,538,526,-12,-532,275,257
17.8725236864772,538,528,-10,-533,274,259
17.874677002584,537,529,-8,-533,272.5,260.5
17.8768303186908,538,529,-9,-533.5,273.5,260
17.8789836347976,536,527,-9,-531.5,272.5,259
17.8811369509044,537,525,-12,-531,274.5,256.5
17.8832902670112,538,525,-13,-531.5,275.5,256
17.885443583118,540,528,-12,-534,276,258
17.8875968992248,544,531,-13,-537.5,278.5,259
17.8897502153316,547,531,-16,-539,281.5,257.5
17.8919035314384,545,533,-12,-539,278.5,260.5
17.8940568475452,544,536,-8,-540,276,264
17.896210163652,542,532,-10,-537,276,261
17.8983634797588,537,530,-7,-533.5,272,261.5
17.9005167958656,536,526,-10,-531,273,258
17.9026701119724,532,526,-6,-529,269,260
17.9048234280792,530,526,-4,-528,267,261
17.906976744186,528,528,0,-528,264,264
17.9091300602929,527,527,0,-527,263.5,263.5
17.9112833763997,524,526,2,-525,261,264
17.9134366925065,525,527,2,-526,261.5,264.5
17.9155900086133,529,526,-3,-527.5,266,261.5
17.9177433247201,528,525,-3,-526.5,265.5,261
17.9198966408269,527,525,-2,-526,264.5,261.5
17.9220499569337,531,528,-3,-529.5,267,262.5
17.9242032730405,530,530,0,-530,265,265
17.9263565891473,527,529,2,-528,262.5,265.5
17.9285099052541,524,529,5,-526.5,259.5,267
17.9306632213609,520,529,9,-524.5,255.5,269
17.9328165374677,514,525,11,-519.5,251.5,268
17.9349698535745,515,521,6,-518,254.5,263.5
17.9371231696813,513,520,7,-516.5,253,263.5
17.9392764857881,512,521,9,-516.5,251.5,265
17.9414298018949,505,519,14,-512,245.5,266.5
17.9435831180017,497,515,18,-506,239.5,266.5
17.9457364341085,495,514,19,-504.5,238,266.5
17.9478897502153,499,516,17,-507.5,241,266.5
17.9500430663221,504,512,8,-508,248,260
17.9521963824289,509,515,6,-512,251.5,260.5
17.9543496985357,511,513,2,-512,254.5,257.5
17.9565030146425,509,516,7,-512.5,251,261.5
17.9586563307494,506,515,9,-510.5,248.5,262
17.9608096468562,506,514,8,-510,249,261
17.962962962963,500,514,14,-507,243,264
17.9651162790698,502,514,12,-508,245,263
17.9672695951766,499,511,12,-505,243.5,261.5
17.9694229112834,495,508,13,-501.5,241,260.5
17.9715762273902,494,505,11,-499.5,241.5,258
17.973729543497,497,508,11,-502.5,243,259.5
17.9758828596038,497,508,11,-502.5,243,259.5
17.9780361757106,500,509,9,-504.5,245.5,259
17.9801894918174,501,510,9,-505.5,246,259.5
17.9823428079242,500,513,13,-506.5,243.5,263
17.984496124031,502,512,10,-507,246,261
17.9866494401378,503,510,7,-506.5,248,258.5
17.9888027562446,505,508,3,-506.5,251,255.5
17.9909560723514,507,512,5,-509.5,251,258.5
17.9931093884582,505,509,4,-507,250.5,256.5
17.995262704565,503,510,7,-506.5,248,258.5
17.9974160206718,502,510,8,-506,247,259
17.9995693367786,503,512,9,-507.5,247,260.5
18.0017226528854,502,513,11,-507.5,245.5,262
18.0038759689922,502,511,9,-506.5,246.5,260
18.0060292850991,502,507,5,-504.5,248.5,256
18.0081826012059,502,508,6,-505,248,257
18.0103359173127,500,509,9,-504.5,245.5,259
18.0124892334195,501,509,8,-505,246.5,258.5
18.0146425495263,500,508,8,-504,246,258
18.0167958656331,497,508,11,-502.5,243,259.5
18.0189491817399,495,509,14,-502,240.5,261.5
18.0211024978467,492,504,12,-498,240,258
18.0232558139535,492,502,10,-497,241,256
18.0254091300603,494,501,7,-497.5,243.5,254
18.0275624461671,501,503,2,-502,249.5,252.5
18.0297157622739,510,509,-1,-509.5,255.5,254
18.0318690783807,512,510,-2,-511,257,254
18.0340223944875,515,513,-2,-514,258.5,255.5
18.0361757105943,517,518,1,-517.5,258,259.5
18.0383290267011,514,514,0,-514,257,257
18.0404823428079,511,512,1,-511.5,255,256.5
18.0426356589147,504,508,4,-506,250,256
18.0447889750215,497,505,8,-501,244.5,256.5
18.0469422911283,496,504,8,-500,244,256
18.0490956072351,500,506,6,-503,247,256
18.0512489233419,502,506,4,-504,249,255
18.0534022394488,506,509,3,-507.5,251.5,256
18.0555555555556,505,509,4,-507,250.5,256.5
18.0577088716624,504,506,2,-505,251,254
18.0598621877692,505,506,1,-505.5,252,253.5
18.062015503876,502,505,3,-503.5,249.5,254
18.0641688199828,503,503,0,-503,251.5,251.5
18.0663221360896,499,503,4,-501,247.5,253.5
18.0684754521964,502,504,2,-503,250,253
18.0706287683032,501,506,5,-503.5,248,255.5
18.07278208441,498,503,5,-500.5,246.5,254
18.0749354005168,500,502,2,-501,249,252
18.0770887166236,500,500,0,-500,250,250
18.0792420327304,506,502,-4,-504,255,249
18.0813953488372,507,502,-5,-504.5,256,248.5
18.083548664944,509,505,-4,-507,256.5,250.5
18.0857019810508,507,506,-1,-506.5,254,252.5
18.0878552971576,504,503,-1,-503.5,252.5,251
18.0900086132644,500,502,2,-501,249,252
18.0921619293712,501,503,2,-502,249.5,252.5
18.094315245478,503,502,-1,-502.5,252,250.5
18.0964685615848,506,502,-4,-504,255,249
18.0986218776916,506,502,-4,-504,255,249
18.1007751937985,504,502,-2,-503,253,250
18.1029285099053,506,501,-5,-503.5,255.5,248
18.1050818260121,503,502,-1,-502.5,252,250.5
18.1072351421189,503,505,2,-504,250.5,253.5
18.1093884582257,503,504,1,-503.5,251,252.5
18.1115417743325,503,501,-2,-502,252.5,249.5
18.1136950904393,504,500,-4,-502,254,248
18.1158484065461,506,501,-5,-503.5,255.5,248
18.1180017226529,505,500,-5,-502.5,255,247.5
18.1201550387597,505,502,-3,-503.5,254,249.5
18.1223083548665,502,501,-1,-501.5,251.5,250
18.1244616709733,504,505,1,-504.5,251.5,253
18.1266149870801,505,504,-1,-504.5,253,251.5
18.1287683031869,509,505,-4,-507,256.5,250.5
18.1309216192937,511,505,-6,-508,258.5,249.5
18.1330749354005,510,504,-6,-507,258,249
18.1352282515073,509,504,-5,-506.5,257,249.5
18.1373815676141,509,507,-2,-508,255.5,252.5
18.1395348837209,513,508,-5,-510.5,259,251.5
18.1416881998277,515,511,-4,-513,259.5,253.5
18.1438415159345,510,509,-1,-509.5,255.5,254
18.1459948320413,513,508,-5,-510.5,259,251.5
18.1481481481481,512,508,-4,-510,258,252
18.150301464255,514,507,-7,-510.5,260.5,250
18.1524547803618,510,506,-4,-508,257,251
18.1546080964686,513,506,-7,-509.5,260,249.5
18.1567614125754,517,510,-7,-513.5,262,251.5
18.1589147286822,519,513,-6,-516,262.5,253.5
18.161068044789,521,514,-7,-517.5,264,253.5
18.1632213608958,521,516,-5,-518.5,263,255.5
18.1653746770026,526,515,-11,-520.5,268.5,252
18.1675279931094,526,515,-11,-520.5,268.5,252
18.1696813092162,530,514,-16,-522,273,249
18.171834625323,532,519,-13,-525.5,272.5,253
18.1739879414298,533,520,-13,-526.5,273,253.5
18.1761412575366,528,518,-10,-523,269,254
18.1782945736434,527,520,-7,-523.5,267,256.5
18.1804478897502,524,519,-5,-521.5,264.5,257
18.182601205857,521,517,-4,-519,262.5,256.5
18.1847545219638,516,514,-2,-515,259,256
18.1869078380706,516,514,-2,-515,259,256
18.1890611541774,514,512,-2,-513,258,255
18.1912144702842,514,513,-1,-513.5,257.5,256
18.193367786391,516,514,-2,-515,259,256
18.1955211024978,518,517,-1,-517.5,259.5,258
18.1976744186047,522,518,-4,-520,263,257
18.1998277347115,526,520,-6,-523,266,257
18.2019810508183,523,517,-6,-520,264.5,255.5
18.2041343669251,519,514,-5,-516.5,262,254.5
18.2062876830319,517,514,-3,-515.5,260,255.5
18.2084409991387,510,512,2,-511,254,257
18.2105943152455,502,509,7,-505.5,247.5,258
18.2127476313523,500,508,8,-504,246,258
18.2149009474591,499,506,7,-502.5,246,256.5
18.2170542635659,504,505,1,-504.5,251.5,253
18.2192075796727,506,506,0,-506,253,253
18.2213608957795,504,503,-1,-503.5,252.5,251
18.2235142118863,505,502,-3,-503.5,254,249.5
18.2256675279931,505,502,-3,-503.5,254,249.5
18.2278208440999,503,502,-1,-502.5,252,250.5
18.2299741602067,501,503,2,-502,249.5,252.5
18.2321274763135,496,500,4,-498,246,252
18.2342807924203,495,497,2,-496,246.5,249.5
18.2364341085271,494,498,4,-496,245,251
18.2385874246339,495,496,1,-495.5,247,248.5
18.2407407407407,495,493,-2,-494,248.5,245.5
18.2428940568475,499,495,-4,-497,251.5,245.5
18.2450473729543,501,496,-5,-498.5,253,245.5
18.2472006890612,502,498,-4,-500,253,247
18.249354005168,501,498,-3,-499.5,252,247.5
18.2515073212748,499,498,-1,-498.5,250,248.5
18.2536606373816,497,497,0,-497,248.5,248.5
18.2558139534884,497,496,-1,-496.5,249,247.5
18.2579672695952,493,491,-2,-492,247.5,244.5
18.260120585702,489,490,1,-489.5,244,245.5
18.2622739018088,484,489,5,-486.5,239.5,247
18.2644272179156,484,489,5,-486.5,239.5,247
18.2665805340224,485,488,3,-486.5,241,245.5
18.2687338501292,489,489,0,-489,244.5,244.5
18.270887166236,496,494,-2,-495,249,246
18.2730404823428,499,495,-4,-497,251.5,245.5
18.2751937984496,503,494,-9,-498.5,256,242.5
18.2773471145564,506,492,-14,-499,260,239
18.2795004306632,506,496,-10,-501,258,243
18.28165374677,510,498,-12,-504,261,243
18.2838070628768,516,504,-12,-510,264,246
18.2859603789836,529,509,-20,-519,274.5,244.5
18.2881136950904,544,517,-27,-530.5,285.5,245
18.2902670111972,567,527,-40,-547,303.5,243.5
18.2924203273041,587,538,-49,-562.5,318,244.5
18.2945736434109,606,550,-56,-578,331,247
18.2967269595177,624,562,-62,-593,343,250
18.2988802756245,631,573,-58,-602,344.5,257.5
18.3010335917313,629,576,-53,-602.5,341,261.5
18.3031869078381,619,578,-41,-598.5,330,268.5
18.3053402239449,599,573,-26,-586,312.5,273.5
18.3074935400517,573,567,-6,-570,289.5,280.5
18.3096468561585,547,553,6,-550,270.5,279.5
18.3118001722653,525,542,17,-533.5,254,279.5
18.3139534883721,507,532,25,-519.5,241,278.5
18.3161068044789,495,526,31,-510.5,232,278.5
18.3182601205857,488,520,32,-504,228,276
18.3204134366925,485,515,30,-500,227.5,272.5
18.3225667527993,487,515,28,-501,229.5,271.5
18.3247200689061,492,516,24,-504,234,270
18.3268733850129,496,511,15,-503.5,240.5,263
18.3290267011197,500,508,8,-504,246,258
18.3311800172265,504,507,3,-505.5,250.5,255
18.3333333333333,506,509,3,-507.5,251.5,256
18.3354866494401,505,509,4,-507,250.5,256.5
18.3376399655469,497,504,7,-500.5,245,255.5
18.3397932816537,497,505,8,-501,244.5,256.5
18.3419465977606,496,504,8,-500,244,256
18.3440999138674,496,502,6,-499,245,254
18.3462532299742,494,499,5,-496.5,244.5,252
18.348406546081,495,498,3,-496.5,246,250.5
18.3505598621878,496,497,1,-496.5,247.5,249
18.3527131782946,497,498,1,-497.5,248,249.5
18.3548664944014,497,499,2,-498,247.5,250.5
18.3570198105082,498,500,2,-499,248,251
18.359173126615,496,500,4,-498,246,252
18.3613264427218,498,501,3,-499.5,247.5,252
18.3634797588286,498,498,0,-498,249,249
18.3656330749354,500,497,-3,-498.5,251.5,247
18.3677863910422,499,496,-3,-497.5,251,246.5
18.369939707149,498,499,1,-498.5,248.5,250
18.3720930232558,498,499,1,-498.5,248.5,250
18.3742463393626,498,496,-2,-497,250,247
18.3763996554694,498,498,0,-498,249,249
18.3785529715762,499,499,0,-499,249.5,249.5
18.380706287683,499,498,-1,-498.5,250,248.5
18.3828596037898,504,496,-8,-500,256,244
18.3850129198966,502,496,-6,-499,254,245
18.3871662360034,503,498,-5,-500.5,254,246.5
18.3893195521103,503,499,-4,-501,253.5,247.5
18.3914728682171,503,499,-4,-501,253.5,247.5
18.3936261843239,505,500,-5,-502.5,255,247.5
18.3957795004307,504,502,-2,-503,253,250
18.3979328165375,505,499,-6,-502,255.5,246.5
18.4000861326443,504,498,-6,-501,255,246
18.4022394487511,502,497,-5,-499.5,253.5,246
18.4043927648579,502,497,-5,-499.5,253.5,246
18.4065460809647,499,496,-3,-497.5,251,246.5
18.4086993970715,502,499,-3,-500.5,252.5,248
18.4108527131783,502,500,-2,-501,252,249
18.4130060292851,506,505,-1,-505.5,253.5,252
18.4151593453919,508,503,-5,-505.5,256.5,249
18.4173126614987,509,502,-7,-505.5,258,247.5
18.4194659776055,510,501,-9,-505.5,259.5,246
18.4216192937123,507,504,-3,-505.5,255,250.5
18.4237726098191,510,502,-8,-506,259,247
18.4259259259259,508,503,-5,-505.5,256.5,249
18.4280792420327,505,502,-3,-503.5,254,249.5
18.4302325581395,505,504,-1,-504.5,253,251.5
18.4323858742463,507,505,-2,-506,254.5,251.5
18.4345391903531,511,505,-6,-508,258.5,249.5
18.4366925064599,515,504,-11,-509.5,263,246.5
18.4388458225668,517,505,-12,-511,264.5,246.5
18.4409991386736,519,507,-12,-513,265.5,247.5
18.4431524547804,521,509,-12,-515,266.5,248.5
18.4453057708872,520,509,-11,-514.5,265.5,249
18.447459086994,519,511,-8,-515,263.5,251.5
18.4496124031008,517,513,-4,-515,260.5,254.5
18.4517657192076,518,511,-7,-514.5,262.5,252
18.4539190353144,514,508,-6,-511,260,251
18.4560723514212,515,508,-7,-511.5,261,250.5
18.458225667528,514,509,-5,-511.5,259.5,252
18.4603789836348,519,511,-8,-515,263.5,251.5
18.4625322997416,519,514,-5,-516.5,262,254.5
18.4646856158484,521,515,-6,-518,263.5,254.5
18.4668389319552,523,518,-5,-520.5,264,256.5
18.468992248062,520,516,-4,-518,262,256
18.4711455641688,521,514,-7,-517.5,264,253.5
18.4732988802756,527,513,-14,-520,270.5,249.5
18.4754521963824,535,519,-16,-527,275.5,251.5
18.4776055124892,535,521,-14,-528,274.5,253.5
18.479758828596,536,524,-12,-530,274,256
18.4819121447028,537,526,-11,-531.5,274,257.5
18.4840654608096,539,529,-10,-534,274.5,259.5
18.4862187769165,538,529,-9,-533.5,273.5,260
18.4883720930233,535,526,-9,-530.5,272,258.5
18.4905254091301,537,525,-12,-531,274.5,256.5
18.4926787252369,535,524,-11,-529.5,273,256.5
18.4948320413437,534,525,-9,-529.5,271.5,258
18.4969853574505,536,528,-8,-532,272,260
18.4991386735573,536,529,-7,-532.5,271.5,261
18.5012919896641,539,531,-8,-535,273.5,261.5
18.5034453057709,534,529,-5,-531.5,269.5,262
18.5055986218777,534,529,-5,-531.5,269.5,262
18.5077519379845,531,527,-4,-529,267.5,261.5
18.5099052540913,537,529,-8,-533,272.5,260.5
18.5120585701981,538,529,-9,-533.5,273.5,260
18.5142118863049,535,528,-7,-531.5,271,260.5
18.5163652024117,538,531,-7,-534.5,272.5,262
18.5185185185185,537,532,-5,-534.5,271,263.5
18.5206718346253,538,535,-3,-536.5,270.5,266
18.5228251507321,536,533,-3,-534.5,269.5,265
18.5249784668389,533,532,-1,-532.5,267,265.5
18.5271317829457,533,529,-4,-531,268.5,262.5
18.5292850990525,535,528,-7,-531.5,271,260.5
18.5314384151593,531,528,-3,-529.5,267,262.5
18.5335917312661,528,528,0,-528,264,264
18.535745047373,527,527,0,-527,263.5,263.5
18.5378983634798,526,528,2,-527,262,265
18.5400516795866,525,528,3,-526.5,261,265.5
18.5422049956934,524,524,0,-524,262,262
18.5443583118002,524,524,0,-524,262,262
18.546511627907,521,520,-1,-520.5,261,259.5
18.5486649440138,523,521,-2,-522,262.5,259.5
18.5508182601206,523,522,-1,-522.5,262,260.5
18.5529715762274,520,520,0,-520,260,260
18.5551248923342,518,521,3,-519.5,257.5,262
18.557278208441,515,518,3,-516.5,256,260.5
18.5594315245478,518,518,0,-518,259,259
18.5615848406546,518,517,-1,-517.5,259.5,258
18.5637381567614,518,514,-4,-516,261,255
18.5658914728682,516,514,-2,-515,259,256
18.568044788975,515,514,-1,-514.5,258,256.5
18.5701981050818,509,512,3,-510.5,253,257.5
18.5723514211886,509,514,5,-511.5,252,259.5
18.5745047372954,507,512,5,-509.5,251,258.5
18.5766580534022,503,509,6,-506,248.5,257.5
18.578811369509,504,507,3,-505.5,250.5,255
18.5809646856159,501,504,3,-502.5,249,253.5
18.5831180017227,498,502,4,-500,247,253
18.5852713178295,493,500,7,-496.5,243,253.5
18.5874246339363,490,499,9,-494.5,240.5,254
18.5895779500431,488,500,12,-494,238,256
18.5917312661499,492,499,7,-495.5,242.5,253
18.5938845822567,493,498,5,-495.5,244,251.5
18.5960378983635,495,496,1,-495.5,247,248.5
18.5981912144703,499,497,-2,-498,250.5,247.5
18.6003445305771,498,495,-3,-496.5,250.5,246
18.6024978466839,498,495,-3,-496.5,250.5,246
18.6046511627907,498,497,-1,-497.5,249.5,248
18.6068044788975,497,496,-1,-496.5,249,247.5
18.6089577950043,499,498,-1,-498.5,250,248.5
18.6111111111111,497,496,-1,-496.5,249,247.5
18.6132644272179,498,496,-2,-497,250,247
18.6154177433247,494,493,-1,-493.5,247.5,246
18.6175710594315,496,493,-3,-494.5,249.5,245
18.6197243755383,499,491,-8,-495,253.5,241.5
18.6218776916451,497,493,-4,-495,250.5,244.5
18.6240310077519,498,495,-3,-496.5,250.5,246
18.6261843238587,497,497,0,-497,248.5,248.5
18.6283376399655,502,497,-5,-499.5,253.5,246
18.6304909560724,499,498,-1,-498.5,250,248.5
18.6326442721792,499,496,-3,-497.5,251,246.5
18.634797588286,498,493,-5,-495.5,251.5,244
18.6369509043928,496,492,-4,-494,250,244
18.6391042204996,496,494,-2,-495,249,246
18.6412575366064,496,496,0,-496,248,248
18.6434108527132,498,497,-1,-497.5,249.5,248
18.64556416882,500,498,-2,-499,251,248
18.6477174849268,499,498,-1,-498.5,250,248.5
18.6498708010336,496,494,-2,-495,249,246
18.6520241171404,493,492,-1,-492.5,247,245.5
18.6541774332472,493,488,-5,-490.5,249,241.5
18.656330749354,495,490,-5,-492.5,250,242.5
18.6584840654608,496,493,-3,-494.5,249.5,245
18.6606373815676,495,497,2,-496,246.5,249.5
18.6627906976744,500,494,-6,-497,253,244
18.6649440137812,502,497,-5,-499.5,253.5,246
18.667097329888,502,497,-5,-499.5,253.5,246
18.6692506459948,502,496,-6,-499,254,245
18.6714039621016,501,492,-9,-496.5,255,241.5
18.6735572782084,501,494,-7,-497.5,254,243.5
18.6757105943152,499,494,-5,-496.5,252,244.5
18.6778639104221,497,496,-1,-496.5,249,247.5
18.6800172265289,493,493,0,-493,246.5,246.5
18.6821705426357,491,491,0,-491,245.5,245.5
18.6843238587425,492,493,1,-492.5,245.5,247
18.6864771748493,495,495,0,-495,247.5,247.5
18.6886304909561,498,492,-6,-495,252,243
18.6907838070629,501,492,-9,-496.5,255,241.5
18.6929371231697,502,496,-6,-499,254,245
18.6950904392765,504,495,-9,-499.5,256.5,243
18.6972437553833,503,498,-5,-500.5,254,246.5
18.6993970714901,497,495,-2,-496,249.5,246.5
18.7015503875969,493,495,2,-494,245.5,248.5
18.7037037037037,492,492,0,-492,246,246
18.7058570198105,494,491,-3,-492.5,248.5,244
18.7080103359173,496,488,-8,-492,252,240
18.7101636520241,500,492,-8,-496,254,242
18.7123169681309,502,495,-7,-498.5,254.5,244
18.7144702842377,500,496,-4,-498,252,246
18.7166236003445,500,495,-5,-497.5,252.5,245
18.7187769164513,500,497,-3,-498.5,251.5,247
18.7209302325581,502,496,-6,-499,254,245
18.7230835486649,501,494,-7,-497.5,254,243.5
18.7252368647717,499,492,-7,-495.5,253,242.5
18.7273901808786,503,494,-9,-498.5,256,242.5
18.7295434969854,501,496,-5,-498.5,253,245.5
18.7316968130922,501,496,-5,-498.5,253,245.5
18.733850129199,496,495,-1,-495.5,248.5,247
18.7360034453058,493,494,1,-493.5,246,247.5
18.7381567614126,490,492,2,-491,244,247
18.7403100775194,490,491,1,-490.5,244.5,246
18.7424633936262,495,489,-6,-492,250.5,241.5
18.744616709733,497,489,-8,-493,252.5,240.5
18.7467700258398,499,492,-7,-495.5,253,242.5
18.7489233419466,498,493,-5,-495.5,251.5,244
18.7510766580534,494,491,-3,-492.5,248.5,244
18.7532299741602,499,496,-3,-497.5,251,246.5
18.755383290267,502,497,-5,-499.5,253.5,246
18.7575366063738,504,496,-8,-500,256,244
18.7596899224806,507,495,-12,-501,259.5,241.5
18.7618432385874,506,493,-13,-499.5,259.5,240
18.7639965546942,504,496,-8,-500,256,244
18.766149870801,504,495,-9,-499.5,256.5,243
18.7683031869078,503,496,-7,-499.5,255,244.5
18.7704565030146,506,499,-7,-502.5,256.5,246
18.7726098191214,505,500,-5,-502.5,255,247.5
18.7747631352283,506,501,-5,-503.5,255.5,248
18.7769164513351,510,499,-11,-504.5,260.5,244
18.7790697674419,508,497,-11,-502.5,259.5,243
18.7812230835487,511,499,-12,-505,261.5,243.5
18.7833763996555,510,501,-9,-505.5,259.5,246
18.7855297157623,511,504,-7,-507.5,259,248.5
18.7876830318691,511,503,-8,-507,259.5,247.5
18.7898363479759,509,503,-6,-506,257.5,248.5
18.7919896640827,508,505,-3,-506.5,255.5,251
18.7941429801895,509,503,-6,-506,257.5,248.5
18.7962962962963,511,500,-11,-505.5,261,244.5
18.7984496124031,508,500,-8,-504,258,246
18.8006029285099,509,503,-6,-506,257.5,248.5
18.8027562446167,509,505,-4,-507,256.5,250.5
18.8049095607235,513,504,-9,-508.5,261,247.5
18.8070628768303,521,510,-11,-515.5,266,249.5
18.8092161929371,521,511,-10,-516,265.5,250.5
18.8113695090439,521,512,-9,-516.5,265,251.5
18.8135228251507,520,507,-13,-513.5,266.5,247
18.8156761412575,515,507,-8,-511,261.5,249.5
18.8178294573643,515,508,-7,-511.5,261,250.5
18.8199827734711,517,512,-5,-514.5,261,253.5
18.822136089578,518,509,-9,-513.5,263.5,250
18.8242894056848,516,510,-6,-513,261,252
18.8264427217916,514,509,-5,-511.5,259.5,252
18.8285960378984,512,507,-5,-509.5,258.5,251
18.8307493540052,514,507,-7,-510.5,260.5,250
18.832902670112,516,507,-9,-511.5,262.5,249
18.8350559862188,516,507,-9,-511.5,262.5,249
18.8372093023256,514,510,-4,-512,259,253
18.8393626184324,509,508,-1,-508.5,255,253.5
18.8415159345392,505,508,3,-506.5,251,255.5
18.843669250646,503,505,2,-504,250.5,253.5
18.8458225667528,501,505,4,-503,248.5,254.5
18.8479758828596,499,501,2,-500,248.5,251.5
18.8501291989664,493,496,3,-494.5,245,249.5
18.8522825150732,488,493,5,-490.5,241.5,249
18.85443583118,487,495,8,-491,239.5,251.5
18.8565891472868,489,493,4,-491,242.5,248.5
18.8587424633936,489,495,6,-492,241.5,250.5
18.8608957795004,493,495,2,-494,245.5,248.5
18.8630490956072,494,498,4,-496,245,251
18.865202411714,490,491,1,-490.5,244.5,246
18.8673557278208,487,488,1,-487.5,243,244.5
18.8695090439276,489,488,-1,-488.5,245,243.5
18.8716623600345,489,487,-2,-488,245.5,242.5
18.8738156761413,487,488,1,-487.5,243,244.5
18.8759689922481,489,487,-2,-488,245.5,242.5
18.8781223083549,489,489,0,-489,244.5,244.5
18.8802756244617,487,488,1,-487.5,243,244.5
18.8824289405685,488,488,0,-488,244,244
18.8845822566753,489,486,-3,-487.5,246,241.5
18.8867355727821,488,484,-4,-486,246,240
18.8888888888889,490,485,-5,-487.5,247.5,240
18.8910422049957,488,486,-2,-487,245,242
18.8931955211025,486,484,-2,-485,244,241
18.8953488372093,489,487,-2,-488,245.5,242.5
18.8975021533161,487,486,-1,-486.5,244,242.5
18.8996554694229,489,488,-1,-488.5,245,243.5
18.9018087855297,491,486,-5,-488.5,248,240.5
18.9039621016365,488,483,-5,-485.5,246.5,239
18.9061154177433,487,483,-4,-485,245.5,239.5
18.9082687338501,487,484,-3,-485.5,245,240.5
18.9104220499569,487,484,-3,-485.5,245,240.5
18.9125753660637,488,485,-3,-486.5,245.5,241
18.9147286821705,490,487,-3,-488.5,246.5,242
18.9168819982773,491,487,-4,-489,247.5,241.5
18.9190353143842,496,487,-9,-491.5,252.5,239
18.921188630491,506,489,-17,-497.5,261.5,236
18.9233419465978,521,495,-26,-508,273.5,234.5
18.9254952627046,540,507,-33,-523.5,286.5,237
18.9276485788114,564,520,-44,-542,304,238
18.9298018949182,588,533,-55,-560.5,321.5,239
18.931955211025,607,546,-61,-576.5,334,242.5
18.9341085271318,623,560,-63,-591.5,343,248.5
18.9362618432386,632,567,-65,-599.5,348.5,251
18.9384151593454,629,570,-59,-599.5,344,255.5
18.9405684754522,619,570,-49,-594.5,334,260.5
18.942721791559,600,569,-31,-584.5,315.5,269
18.9448751076658,582,563,-19,-572.5,300.5,272
18.9470284237726,557,554,-3,-555.5,280,275.5
18.9491817398794,535,546,11,-540.5,262,278.5
18.9513350559862,514,540,26,-527,244,283
18.953488372093,504,530,26,-517,239,278
18.9556416881998,493,521,28,-507,232.5,274.5
18.9577950043066,488,514,26,-501,231,270
18.9599483204134,485,511,26,-498,229.5,268.5
18.9621016365202,484,511,27,-497.5,228.5,269
18.964254952627,488,509,21,-498.5,233.5,265
18.9664082687339,489,505,16,-497,236.5,260.5
18.9685615848407,493,508,15,-500.5,239,261.5
18.9707149009475,498,506,8,-502,245,257
18.9728682170543,503,504,1,-503.5,251,252.5
18.9750215331611,503,502,-1,-502.5,252,250.5
18.9771748492679,506,503,-3,-504.5,254.5,250
18.9793281653747,506,503,-3,-504.5,254.5,250
18.9814814814815,501,502,1,-501.5,250,251.5
18.9836347975883,498,501,3,-499.5,247.5,252
18.9857881136951,492,498,6,-495,243,252
18.9879414298019,491,499,8,-495,241.5,253.5
18.9900947459087,489,494,5,-491.5,242,249.5
18.9922480620155,487,490,3,-488.5,242,246.5
18.9944013781223,489,491,2,-490,243.5,246.5
18.9965546942291,485,490,5,-487.5,240,247.5
18.9987080103359,482,488,6,-485,238,247
19.0008613264427,486,488,2,-487,242,245
19.0030146425495,487,490,3,-488.5,242,246.5
19.0051679586563,488,492,4,-490,242,248
19.0073212747631,490,490,0,-490,245,245
19.0094745908699,493,490,-3,-491.5,248,243.5
19.0116279069767,496,490,-6,-493,251,242
19.0137812230835,496,489,-7,-492.5,251.5,241
19.0159345391904,497,489,-8,-493,252.5,240.5
19.0180878552972,496,491,-5,-493.5,250.5,243
19.020241171404,498,492,-6,-495,252,243
19.0223944875108,497,492,-5,-494.5,251,243.5
19.0245478036176,497,492,-5,-494.5,251,243.5
19.0267011197244,497,493,-4,-495,250.5,244.5
19.0288544358312,497,490,-7,-493.5,252,241.5
19.031007751938,498,491,-7,-494.5,252.5,242
19.0331610680448,499,493,-6,-496,252.5,243.5
19.0353143841516,498,495,-3,-496.5,250.5,246
19.0374677002584,496,494,-2,-495,249,246
19.0396210163652,500,497,-3,-498.5,251.5,247
19.041774332472,500,496,-4,-498,252,246
19.0439276485788,501,494,-7,-497.5,254,243.5
19.0460809646856,496,492,-4,-494,250,244
19.0482342807924,494,489,-5,-491.5,249.5,242
19.0503875968992,495,490,-5,-492.5,250,242.5
19.052540913006,499,492,-7,-495.5,253,242.5
19.0546942291128,500,494,-6,-497,253,244
19.0568475452196,502,497,-5,-499.5,253.5,246
19.0590008613264,507,499,-8,-503,257.5,245.5
19.0611541774332,509,500,-9,-504.5,259,245.5
19.0633074935401,507,498,-9,-502.5,258,244.5
19.0654608096469,507,496,-11,-501.5,259,242.5
19.0676141257537,507,500,-7,-503.5,257,246.5
19.0697674418605,509,500,-9,-504.5,259,245.5
19.0719207579673,512,502,-10,-507,261,246
19.0740740740741,511,503,-8,-507,259.5,247.5
19.0762273901809,512,505,-7,-508.5,259.5,249
19.0783807062877,514,507,-7,-510.5,260.5,250
19.0805340223945,514,506,-8,-510,261,249
19.0826873385013,508,503,-5,-505.5,256.5,249
19.0848406546081,511,501,-10,-506,260.5,245.5
19.0869939707149,516,505,-11,-510.5,263.5,247
19.0891472868217,516,507,-9,-511.5,262.5,249
19.0913006029285,520,509,-11,-514.5,265.5,249
19.0934539190353,523,513,-10,-518,266.5,251.5
19.0956072351421,522,511,-11,-516.5,266.5,250
19.0977605512489,518,510,-8,-514,263,251
19.0999138673557,518,509,-9,-513.5,263.5,250
19.1020671834625,522,509,-13,-515.5,267.5,248
19.1042204995693,526,512,-14,-519,270,249
19.1063738156761,527,514,-13,-520.5,270,250.5
19.1085271317829,528,516,-12,-522,270,252
19.1106804478898,531,519,-12,-525,271.5,253.5
19.1128337639966,531,520,-11,-525.5,271,254.5
19.1149870801034,531,521,-10,-526,270.5,255.5
19.1171403962102,529,520,-9,-524.5,269,255.5
19.119293712317,531,520,-11,-525.5,271,254.5
19.1214470284238,536,520,-16,-528,276,252
19.1236003445306,536,523,-13,-529.5,274.5,255
19.1257536606374,538,525,-13,-531.5,275.5,256
19.1279069767442,539,529,-10,-534,274.5,259.5
19.130060292851,541,530,-11,-535.5,276,259.5
19.1322136089578,536,529,-7,-532.5,271.5,261
19.1343669250646,539,529,-10,-534,274.5,259.5
19.1365202411714,534,527,-7,-530.5,270.5,260
19.1386735572782,533,523,-10,-528,271.5,256.5
19.140826873385,532,525,-7,-528.5,269.5,259
19.1429801894918,538,529,-9,-533.5,273.5,260
19.1451335055986,542,531,-11,-536.5,276.5,260
19.1472868217054,545,533,-12,-539,278.5,260.5
19.1494401378122,543,533,-10,-538,276.5,261.5
19.151593453919,538,533,-5,-535.5,271.5,264
19.1537467700258,536,529,-7,-532.5,271.5,261
19.1559000861326,535,527,-8,-531,271.5,259.5
19.1580534022394,534,526,-8,-530,271,259
19.1602067183463,537,530,-7,-533.5,272,261.5
19.1623600344531,542,532,-10,-537,276,261
19.1645133505599,543,533,-10,-538,276.5,261.5
19.1666666666667,543,533,-10,-538,276.5,261.5
19.1688199827735,536,532,-4,-534,270,264
19.1709732988803,534,530,-4,-532,269,263
19.1731266149871,530,529,-1,-529.5,265.5,264
19.1752799310939,531,527,-4,-529,267.5,261.5
19.1774332472007,532,528,-4,-530,268,262
19.1795865633075,532,529,-3,-530.5,267.5,263
19.1817398794143,531,530,-1,-530.5,266,264.5
19.1838931955211,527,530,3,-528.5,262,266.5
19.1860465116279,528,528,0,-528,264,264
19.1881998277347,523,524,1,-523.5,261,262.5
19.1903531438415,518,520,2,-519,258,261
19.1925064599483,513,516,3,-514.5,255,259.5
19.1946597760551,517,517,0,-517,258.5,258.5
19.1968130921619,519,517,-2,-518,260.5,257.5
19.1989664082687,520,519,-1,-519.5,260.5,259
19.2011197243755,519,517,-2,-518,260.5,257.5
19.2032730404823,517,517,0,-517,258.5,258.5
19.2054263565891,516,517,1,-516.5,257.5,259
19.207579672696,509,512,3,-510.5,253,257.5
19.2097329888028,505,508,3,-506.5,251,255.5
19.2118863049096,502,506,4,-504,249,255
19.2140396210164,503,507,4,-505,249.5,255.5
19.2161929371232,502,508,6,-505,248,257
19.21834625323,502,505,3,-503.5,249.5,254
19.2204995693368,501,504,3,-502.5,249,253.5
19.2226528854436,496,503,7,-499.5,244.5,255
19.2248062015504,494,499,5,-496.5,244.5,252
19.2269595176572,496,495,-1,-495.5,248.5,247
19.229112833764,497,497,0,-497,248.5,248.5
19.2312661498708,499,498,-1,-498.5,250,248.5
19.2334194659776,500,499,-1,-499.5,250.5,249
19.2355727820844,499,499,0,-499,249.5,249.5
19.2377260981912,499,501,2,-500,248.5,251.5
19.239879414298,499,501,2,-500,248.5,251.5
19.2420327304048,498,497,-1,-497.5,249.5,248
19.2441860465116,492,492,0,-492,246,246
19.2463393626184,493,491,-2,-492,247.5,244.5
19.2484926787252,497,493,-4,-495,250.5,244.5
19.250645994832,500,495,-5,-497.5,252.5,245
19.2527993109388,502,496,-6,-499,254,245
19.2549526270457,503,497,-6,-500,254.5,245.5
19.2571059431525,500,498,-2,-499,251,248
19.2592592592593,496,495,-1,-495.5,248.5,247
19.2614125753661,492,494,2,-493,245,248
19.2635658914729,494,490,-4,-492,249,243
19.2657192075797,498,491,-7,-494.5,252.5,242
19.2678725236865,499,495,-4,-497,251.5,245.5
19.2700258397933,498,498,0,-498,249,249
19.2721791559001,499,496,-3,-497.5,251,246.5
19.2743324720069,496,496,0,-496,248,248
19.2764857881137,494,493,-1,-493.5,247.5,246
19.2786391042205,492,494,2,-493,245,248
19.2807924203273,497,491,-6,-494,251.5,242.5
19.2829457364341,495,490,-5,-492.5,250,242.5
19.2850990525409,499,493,-6,-496,252.5,243.5
19.2872523686477,506,497,-9,-501.5,257.5,244
19.2894056847545,507,499,-8,-503,257.5,245.5
19.2915590008613,505,499,-6,-502,255.5,246.5
19.2937123169681,503,500,-3,-501.5,253,248.5
19.2958656330749,500,497,-3,-498.5,251.5,247
19.2980189491817,501,494,-7,-497.5,254,243.5
19.3001722652885,503,495,-8,-499,255.5,243.5
19.3023255813954,506,498,-8,-502,257,245
19.3044788975022,505,499,-6,-502,255.5,246.5
19.306632213609,501,496,-5,-498.5,253,245.5
19.3087855297158,501,496,-5,-498.5,253,245.5
19.3109388458226,497,498,1,-497.5,248,249.5
19.3130921619294,497,495,-2,-496,249.5,246.5
19.3152454780362,498,493,-5,-495.5,251.5,244
19.317398794143,502,493,-9,-497.5,255.5,242
19.3195521102498,502,493,-9,-497.5,255.5,242
19.3217054263566,502,495,-7,-498.5,254.5,244
19.3238587424634,501,496,-5,-498.5,253,245.5
19.3260120585702,499,496,-3,-497.5,251,246.5
19.328165374677,499,494,-5,-496.5,252,244.5
19.3303186907838,500,496,-4,-498,252,246
19.3324720068906,502,495,-7,-498.5,254.5,244
19.3346253229974,505,495,-10,-500,257.5,242.5
19.3367786391042,504,495,-9,-499.5,256.5,243
19.338931955211,507,495,-12,-501,259.5,241.5
19.3410852713178,503,497,-6,-500,254.5,245.5
19.3432385874246,502,497,-5,-499.5,253.5,246
19.3453919035314,500,498,-2,-499,251,248
19.3475452196382,501,498,-3,-499.5,252,247.5
19.349698535745,505,501,-4,-503,254.5,248.5
19.3518518518519,506,497,-9,-501.5,257.5,244
19.3540051679587,506,497,-9,-501.5,257.5,244
19.3561584840655,507,499,-8,-503,257.5,245.5
19.3583118001723,504,501,-3,-502.5,253.5,249
19.3604651162791,503,499,-4,-501,253.5,247.5
19.3626184323859,505,500,-5,-502.5,255,247.5
19.3647717484927,508,502,-6,-505,257,248
19.3669250645995,511,503,-8,-507,259.5,247.5
19.3690783807063,511,500,-11,-505.5,261,244.5
19.3712316968131,512,501,-11,-506.5,261.5,245
19.3733850129199,510,500,-10,-505,260,245
19.3755383290267,505,501,-4,-503,254.5,248.5
19.3776916451335,505,501,-4,-503,254.5,248.5
19.3798449612403,503,502,-1,-502.5,252,250.5
19.3819982773471,501,500,-1,-500.5,251,249.5
19.3841515934539,505,501,-4,-503,254.5,248.5
19.3863049095607,508,501,-7,-504.5,257.5,247
19.3884582256675,511,501,-10,-506,260.5,245.5
19.3906115417743,512,502,-10,-507,261,246
19.3927648578811,515,504,-11,-509.5,263,246.5
19.3949181739879,516,507,-9,-511.5,262.5,249
19.3970714900947,514,505,-9,-509.5,261.5,248
19.3992248062016,513,507,-6,-510,259.5,250.5
19.4013781223084,513,509,-4,-511,258.5,252.5
19.4035314384152,514,507,-7,-510.5,260.5,250
19.405684754522,513,504,-9,-508.5,261,247.5
19.4078380706288,515,505,-10,-510,262.5,247.5
19.4099913867356,516,508,-8,-512,262,250
19.4121447028424,520,510,-10,-515,265,250
19.4142980189492,521,509,-12,-515,266.5,248.5
19.416451335056,519,511,-8,-515,263.5,251.5
19.4186046511628,521,515,-6,-518,263.5,254.5
19.4207579672696,526,515,-11,-520.5,268.5,252
19.4229112833764,523,512,-11,-517.5,267,250.5
19.4250645994832,522,511,-11,-516.5,266.5,250
19.42721791559,522,510,-12,-516,267,249
19.4293712316968,521,514,-7,-517.5,264,253.5
19.4315245478036,517,511,-6,-514,261.5,252.5
19.4336778639104,517,513,-4,-515,260.5,254.5
19.4358311800172,523,518,-5,-520.5,264,256.5
19.437984496124,528,516,-12,-522,270,252
19.4401378122308,530,519,-11,-524.5,270.5,254
19.4422911283376,531,518,-13,-524.5,272,252.5
19.4444444444444,528,519,-9,-523.5,268.5,255
19.4465977605512,524,517,-7,-520.5,265.5,255
19.4487510766581,519,516,-3,-517.5,261,256.5
19.4509043927649,516,515,-1,-515.5,258.5,257
19.4530577088717,511,516,5,-513.5,253,260.5
19.4552110249785,509,513,4,-511,252.5,258.5
19.4573643410853,508,510,2,-509,253,256
19.4595176571921,508,507,-1,-507.5,254.5,253
19.4616709732989,508,507,-1,-507.5,254.5,253
19.4638242894057,505,506,1,-505.5,252,253.5
19.4659776055125,504,507,3,-505.5,250.5,255
19.4681309216193,506,507,1,-506.5,252.5,254
19.4702842377261,507,507,0,-507,253.5,253.5
19.4724375538329,508,507,-1,-507.5,254.5,253
19.4745908699397,507,505,-2,-506,254.5,251.5
19.4767441860465,504,503,-1,-503.5,252.5,251
19.4788975021533,506,501,-5,-503.5,255.5,248
19.4810508182601,502,499,-3,-500.5,252.5,248
19.4832041343669,501,498,-3,-499.5,252,247.5
19.4853574504737,501,500,-1,-500.5,251,249.5
19.4875107665805,498,499,1,-498.5,248.5,250
19.4896640826873,496,498,2,-497,247,250
19.4918173987941,493,496,3,-494.5,245,249.5
19.493970714901,491,493,2,-492,244.5,247.5
19.4961240310078,488,490,2,-489,243,246
19.4982773471146,489,489,0,-489,244.5,244.5
19.5004306632214,496,493,-3,-494.5,249.5,245
19.5025839793282,500,496,-4,-498,252,246
19.504737295435,499,496,-3,-497.5,251,246.5
19.5068906115418,504,500,-4,-502,254,248
19.5090439276486,502,498,-4,-500,253,247
19.5111972437554,499,495,-4,-497,251.5,245.5
19.5133505598622,495,494,-1,-494.5,248,246.5
19.515503875969,494,490,-4,-492,249,243
19.5176571920758,489,490,1,-489.5,244,245.5
19.5198105081826,487,489,2,-488,242.5,245.5
19.5219638242894,489,490,1,-489.5,244,245.5
19.5241171403962,485,490,5,-487.5,240,247.5
19.526270456503,483,489,6,-486,238.5,247.5
19.5284237726098,488,489,1,-488.5,243.5,245
19.5305770887166,496,488,-8,-492,252,240
19.5327304048234,501,492,-9,-496.5,255,241.5
19.5348837209302,512,494,-18,-503,265,238
19.537037037037,528,505,-23,-516.5,275.5,241
19.5391903531438,548,513,-35,-530.5,291.5,239
19.5413436692506,571,528,-43,-549.5,307,242.5
19.5434969853575,590,538,-52,-564,321,243
19.5456503014643,609,550,-59,-579.5,334,245.5
19.5478036175711,624,559,-65,-591.5,344.5,247
19.5499569336779,635,571,-64,-603,349.5,253.5
19.5521102497847,640,575,-65,-607.5,352.5,255
19.5542635658915,636,579,-57,-607.5,346.5,261
19.5564168819983,618,578,-40,-598,329,269
19.5585701981051,597,574,-23,-585.5,310,275.5
19.5607235142119,571,567,-4,-569,287.5,281.5
19.5628768303187,549,558,9,-553.5,270,283.5
19.5650301464255,530,546,16,-538,257,281
19.5671834625323,512,536,24,-524,244,280
19.5693367786391,496,525,29,-510.5,233.5,277
19.5714900947459,485,517,32,-501,226.5,274.5
19.5736434108527,482,515,33,-498.5,224.5,274
19.5757967269595,483,512,29,-497.5,227,270.5
19.5779500430663,485,509,24,-497,230.5,266.5
19.5801033591731,490,510,20,-500,235,265
19.5822566752799,497,511,14,-504,241.5,262.5
19.5844099913867,507,510,3,-508.5,252,256.5
19.5865633074935,508,507,-1,-507.5,254.5,253
19.5887166236003,511,508,-3,-509.5,257,252.5
19.5908699397072,509,509,0,-509,254.5,254.5
19.593023255814,505,506,1,-505.5,252,253.5
19.5951765719208,502,507,5,-504.5,248.5,256
19.5973298880276,498,505,7,-501.5,245.5,256
19.5994832041344,497,503,6,-500,245.5,254.5
19.6016365202412,498,501,3,-499.5,247.5,252
19.603789836348,497,499,2,-498,247.5,250.5
19.6059431524548,495,497,2,-496,246.5,249.5
19.6080964685616,496,497,1,-496.5,247.5,249
19.6102497846684,494,498,4,-496,245,251
19.6124031007752,490,498,8,-494,241,253
19.614556416882,488,493,5,-490.5,241.5,249
19.6167097329888,490,495,5,-492.5,242.5,250
19.6188630490956,493,493,0,-493,246.5,246.5
19.6210163652024,497,495,-2,-496,249.5,246.5
19.6231696813092,498,492,-6,-495,252,243
19.625322997416,498,493,-5,-495.5,251.5,244
19.6274763135228,496,492,-4,-494,250,244
19.6296296296296,492,494,2,-493,245,248
19.6317829457364,492,492,0,-492,246,246
19.6339362618432,490,493,3,-491.5,243.5,248
19.63608957795,496,493,-3,-494.5,249.5,245
19.6382428940568,505,496,-9,-500.5,257,243.5
19.6403962101637,507,494,-13,-500.5,260,240.5
19.6425495262705,507,495,-12,-501,259.5,241.5
19.6447028423773,507,498,-9,-502.5,258,244.5
19.6468561584841,506,499,-7,-502.5,256.5,246
19.6490094745909,506,499,-7,-502.5,256.5,246
19.6511627906977,501,498,-3,-499.5,252,247.5
19.6533161068045,502,498,-4,-500,253,247
19.6554694229113,502,497,-5,-499.5,253.5,246
19.6576227390181,504,499,-5,-501.5,254.5,247
19.6597760551249,507,498,-9,-502.5,258,244.5
19.6619293712317,507,500,-7,-503.5,257,246.5
19.6640826873385,505,500,-5,-502.5,255,247.5
19.6662360034453,503,501,-2,-502,252.5,249.5
19.6683893195521,508,501,-7,-504.5,257.5,247
19.6705426356589,509,503,-6,-506,257.5,248.5
19.6726959517657,510,504,-6,-507,258,249
19.6748492678725,509,502,-7,-505.5,258,247.5
19.6770025839793,511,501,-10,-506,260.5,245.5
19.6791559000861,511,504,-7,-507.5,259,248.5
19.6813092161929,513,504,-9,-508.5,261,247.5
19.6834625322997,513,506,-7,-509.5,260,249.5
19.6856158484065,509,506,-3,-507.5,256,251.5
19.6877691645134,506,506,0,-506,253,253
19.6899224806202,509,504,-5,-506.5,257,249.5
19.692075796727,510,503,-7,-506.5,258.5,248
19.6942291128338,513,501,-12,-507,262.5,244.5
19.6963824289406,512,503,-9,-507.5,260.5,247
19.6985357450474,513,504,-9,-508.5,261,247.5
19.7006890611542,514,510,-4,-512,259,253
19.702842377261,518,508,-10,-513,264,249
19.7049956933678,519,510,-9,-514.5,264,250.5
19.7071490094746,518,509,-9,-513.5,263.5,250
19.7093023255814,522,512,-10,-517,266,251
19.7114556416882,523,510,-13,-516.5,268,248.5
19.713608957795,525,513,-12,-519,268.5,250.5
19.7157622739018,526,514,-12,-520,269,251
19.7179155900086,525,517,-8,-521,266.5,254.5
19.7200689061154,521,514,-7,-517.5,264,253.5
19.7222222222222,521,517,-4,-519,262.5,256.5
19.724375538329,524,518,-6,-521,265,256
19.7265288544358,527,520,-7,-523.5,267,256.5
19.7286821705426,533,518,-15,-525.5,274,251.5
19.7308354866494,534,518,-16,-526,275,251
19.7329888027562,538,523,-15,-530.5,276.5,254
19.735142118863,539,528,-11,-533.5,275,258.5
19.7372954349699,542,528,-14,-535,278,257
19.7394487510767,541,529,-12,-535,276.5,258.5
19.7416020671835,537,529,-8,-533,272.5,260.5
19.7437553832903,535,528,-7,-531.5,271,260.5
19.7459086993971,533,524,-9,-528.5,271,257.5
19.7480620155039,536,525,-11,-530.5,273.5,257
19.7502153316107,534,524,-10,-529,272,257
19.7523686477175,536,527,-9,-531.5,272.5,259
19.7545219638243,538,527,-11,-532.5,274.5,258
19.7566752799311,537,530,-7,-533.5,272,261.5
19.7588285960379,540,531,-9,-535.5,274.5,261
19.7609819121447,544,534,-10,-539,277,262
19.7631352282515,544,532,-12,-538,278,260
19.7652885443583,538,530,-8,-534,273,261
19.7674418604651,535,528,-7,-531.5,271,260.5
19.7695951765719,533,529,-4,-531,268.5,262.5
19.7717484926787,538,532,-6,-535,272,263
19.7739018087855,535,531,-4,-533,269.5,263.5
19.7760551248923,537,533,-4,-535,270.5,264.5
19.7782084409991,536,533,-3,-534.5,269.5,265
19.7803617571059,538,532,-6,-535,272,263
19.7825150732127,540,531,-9,-535.5,274.5,261
19.7846683893196,536,531,-5,-533.5,270.5,263
19.7868217054264,533,531,-2,-532,267.5,264.5
19.7889750215332,531,531,0,-531,265.5,265.5
19.79112833764,524,527,3,-525.5,260.5,265
19.7932816537468,519,525,6,-522,256.5,265.5
19.7954349698536,517,524,7,-520.5,255,265.5
19.7975882859604,516,525,9,-520.5,253.5,267
19.7997416020672,519,520,1,-519.5,259,260.5
19.801894918174,521,517,-4,-519,262.5,256.5
19.8040482342808,523,519,-4,-521,263.5,257.5
19.8062015503876,523,520,-3,-521.5,263,258.5
19.8083548664944,524,522,-2,-523,263,260
19.8105081826012,523,521,-2,-522,262.5,259.5
19.812661498708,519,520,1,-519.5,259,260.5
19.8148148148148,512,519,7,-515.5,252.5,263
19.8169681309216,507,511,4,-509,251.5,257.5
19.8191214470284,507,508,1,-507.5,253,254.5
19.8212747631352,503,506,3,-504.5,250,254.5
19.823428079242,499,506,7,-502.5,246,256.5
19.8255813953488,498,504,6,-501,246,255
19.8277347114556,498,504,6,-501,246,255
19.8298880275624,497,503,6,-500,245.5,254.5
19.8320413436693,501,505,4,-503,248.5,254.5
19.8341946597761,502,503,1,-502.5,250.5,252
19.8363479758829,501,501,0,-501,250.5,250.5
19.8385012919897,499,499,0,-499,249.5,249.5
19.8406546080965,496,498,2,-497,247,250
19.8428079242033,498,499,1,-498.5,248.5,250
19.8449612403101,497,499,2,-498,247.5,250.5
19.8471145564169,496,498,2,-497,247,250
19.8492678725237,494,498,4,-496,245,251
19.8514211886305,491,496,5,-493.5,243,250.5
19.8535745047373,491,492,1,-491.5,245,246.5
19.8557278208441,492,488,-4,-490,248,242
19.8578811369509,490,489,-1,-489.5,245.5,244
19.8600344530577,495,492,-3,-493.5,249,244.5
19.8621877691645,495,492,-3,-493.5,249,244.5
19.8643410852713,492,491,-1,-491.5,246.5,245
19.8664944013781,491,492,1,-491.5,245,246.5
19.8686477174849,488,489,1,-488.5,243.5,245
19.8708010335917,491,489,-2,-490,246.5,243.5
19.8729543496985,492,487,-5,-489.5,248.5,241
19.8751076658053,494,488,-6,-491,250,241
19.8772609819121,495,490,-5,-492.5,250,242.5
19.879414298019,494,489,-5,-491.5,249.5,242
19.8815676141258,498,492,-6,-495,252,243
19.8837209302326,496,493,-3,-494.5,249.5,245
19.8858742463394,500,496,-4,-498,252,246
19.8880275624462,498,492,-6,-495,252,243
19.890180878553,497,488,-9,-492.5,253,239.5
19.8923341946598,498,489,-9,-493.5,253.5,240
19.8944875107666,498,490,-8,-494,253,241
19.8966408268734,497,491,-6,-494,251.5,242.5
19.8987941429802,496,492,-4,-494,250,244
19.900947459087,494,493,-1,-493.5,247.5,246
19.9031007751938,495,495,0,-495,247.5,247.5
19.9052540913006,497,493,-4,-495,250.5,244.5
19.9074074074074,498,490,-8,-494,253,241
19.9095607235142,496,488,-8,-492,252,240
19.911714039621,494,487,-7,-490.5,250.5,240
19.9138673557278,494,491,-3,-492.5,248.5,244
19.9160206718346,493,491,-2,-492,247.5,244.5
19.9181739879414,495,493,-2,-494,248.5,245.5
19.9203273040482,498,493,-5,-495.5,251.5,244
19.922480620155,497,493,-4,-495,250.5,244.5
19.9246339362618,498,492,-6,-495,252,243
19.9267872523686,498,490,-8,-494,253,241
19.9289405684755,497,489,-8,-493,252.5,240.5
19.9310938845823,495,490,-5,-492.5,250,242.5
19.9332472006891,493,490,-3,-491.5,248,243.5
19.9354005167959,493,490,-3,-491.5,248,243.5
19.9375538329027,497,493,-4,-495,250.5,244.5
19.9397071490095,494,493,-1,-493.5,247.5,246
19.9418604651163,494,489,-5,-491.5,249.5,242
19.9440137812231,490,486,-4,-488,247,241
19.9461670973299,493,488,-5,-490.5,249,241.5
19.9483204134367,495,492,-3,-493.5,249,244.5
19.9504737295435,500,492,-8,-496,254,242
19.9526270456503,500,493,-7,-496.5,253.5,243
19.9547803617571,500,494,-6,-497,253,244
19.9569336778639,495,495,0,-495,247.5,247.5
19.9590869939707,494,492,-2,-493,248,245
19.9612403100775,494,487,-7,-490.5,250.5,240
19.9633936261843,495,489,-6,-492,250.5,241.5
19.9655469422911,496,489,-7,-492.5,251.5,241
19.9677002583979,498,491,-7,-494.5,252.5,242
19.9698535745047,500,493,-7,-496.5,253.5,243
19.9720068906115,500,493,-7,-496.5,253.5,243
19.9741602067183,504,496,-8,-500,256,244
19.9763135228252,506,497,-9,-501.5,257.5,244
19.978466838932,507,496,-11,-501.5,259,242.5
19.9806201550388,503,494,-9,-498.5,256,242.5
19.9827734711456,497,493,-4,-495,250.5,244.5
19.9849267872524,494,493,-1,-493.5,247.5,246
19.9870801033592,495,493,-2,-494,248.5,245.5
19.989233419466,496,494,-2,-495,249,246
19.9913867355728,500,498,-2,-499,251,248
19.9935400516796,499,496,-3,-497.5,251,246.5
19.9956933677864,497,493,-4,-495,250.5,244.5
19.9978466838932,495,491,-4,-493,249.5,243.5
