t,leadI,leadII,leadIII,aVR,aVL,aVF
0,826,509,-317,-667.5,571.5,96
0.00214661371686165,824,509,-315,-666.5,569.5,97
0.0042932274337233,823,509,-314,-666,568.5,97.5
0.00643984115058495,824,509,-315,-666.5,569.5,97
0.0085864548674466,826,509,-317,-667.5,571.5,96
0.0107330685843083,825,509,-316,-667,570.5,96.5
0.0128796823011699,827,509,-318,-668,572.5,95.5
0.0150262960180316,826,509,-317,-667.5,571.5,96
0.0171729097348932,826,509,-317,-667.5,571.5,96
0.0193195234517549,825,509,-316,-667,570.5,96.5
0.0214661371686165,826,509,-317,-667.5,571.5,96
0.0236127508854782,826,509,-317,-667.5,571.5,96
0.0257593646023398,827,509,-318,-668,572.5,95.5
0.0279059783192015,826,509,-317,-667.5,571.5,96
0.0300525920360631,826,509,-317,-667.5,571.5,96
0.0321992057529248,824,509,-315,-666.5,569.5,97
0.0343458194697864,821,509,-312,-665,566.5,98.5
0.0364924331866481,819,509,-310,-664,564.5,99.5
0.0386390469035097,817,509,-308,-663,562.5,100.5
0.0407856606203714,815,509,-306,-662,560.5,101.5
0.042932274337233,815,509,-306,-662,560.5,101.5
0.0450788880540947,815,508,-307,-661.5,561,100.5
0.0472255017709563,812,509,-303,-660.5,557.5,103
0.049372115487818,810,509,-301,-659.5,555.5,104
0.0515187292046796,809,509,-300,-659,554.5,104.5
0.0536653429215413,809,508,-301,-658.5,555,103.5
0.0558119566384029,808,509,-299,-658.5,553.5,105
0.0579585703552646,806,508,-298,-657,552,105
0.0601051840721262,807,508,-299,-657.5,553,104.5
0.0622517977889879,807,509,-298,-658,552.5,105.5
0.0643984115058495,807,509,-298,-658,552.5,105.5
0.0665450252227112,805,509,-296,-657,550.5,106.5
0.0686916389395728,804,509,-295,-656.5,549.5,107
0.0708382526564345,803,509,-294,-656,548.5,107.5
0.0729848663732961,803,509,-294,-656,548.5,107.5
0.0751314800901578,803,509,-294,-656,548.5,107.5
0.0772780938070194,803,509,-294,-656,548.5,107.5
0.0794247075238811,803,509,-294,-656,548.5,107.5
0.0815713212407427,805,509,-296,-657,550.5,106.5
0.0837179349576044,805,509,-296,-657,550.5,106.5
0.085864548674466,806,509,-297,-657.5,551.5,106
0.0880111623913277,807,509,-298,-658,552.5,105.5
0.0901577761081893,805,509,-296,-657,550.5,106.5
0.092304389825051,803,509,-294,-656,548.5,107.5
0.0944510035419126,803,509,-294,-656,548.5,107.5
0.0965976172587743,804,509,-295,-656.5,549.5,107
0.0987442309756359,803,509,-294,-656,548.5,107.5
0.100890844692498,805,509,-296,-657,550.5,106.5
0.103037458409359,806,508,-298,-657,552,105
0.105184072126221,806,509,-297,-657.5,551.5,106
0.107330685843083,807,509,-298,-658,552.5,105.5
0.109477299559944,806,509,-297,-657.5,551.5,106
0.111623913276806,807,509,-298,-658,552.5,105.5
0.113770526993667,809,509,-300,-659,554.5,104.5
0.115917140710529,809,509,-300,-659,554.5,104.5
0.118063754427391,810,508,-302,-659,556,103
0.120210368144252,807,509,-298,-658,552.5,105.5
0.122356981861114,806,508,-298,-657,552,105
0.124503595577976,802,509,-293,-655.5,547.5,108
0.126650209294837,802,509,-293,-655.5,547.5,108
0.128796823011699,804,509,-295,-656.5,549.5,107
0.130943436728561,805,509,-296,-657,550.5,106.5
0.133090050445422,806,509,-297,-657.5,551.5,106
0.135236664162284,806,509,-297,-657.5,551.5,106
0.137383277879146,807,509,-298,-658,552.5,105.5
0.139529891596007,807,509,-298,-658,552.5,105.5
0.141676505312869,806,509,-297,-657.5,551.5,106
0.143823119029731,806,509,-297,-657.5,551.5,106
0.145969732746592,802,509,-293,-655.5,547.5,108
0.148116346463454,801,509,-292,-655,546.5,108.5
0.150262960180316,802,508,-294,-655,548,107
0.152409573897177,803,509,-294,-656,548.5,107.5
0.154556187614039,805,509,-296,-657,550.5,106.5
0.156702801330901,808,509,-299,-658.5,553.5,105
0.158849415047762,809,509,-300,-659,554.5,104.5
0.160996028764624,809,509,-300,-659,554.5,104.5
0.163142642481485,806,509,-297,-657.5,551.5,106
0.165289256198347,805,509,-296,-657,550.5,106.5
0.167435869915209,805,509,-296,-657,550.5,106.5
0.16958248363207,803,509,-294,-656,548.5,107.5
0.171729097348932,803,509,-294,-656,548.5,107.5
0.173875711065794,802,509,-293,-655.5,547.5,108
0.176022324782655,803,509,-294,-656,548.5,107.5
0.178168938499517,803,509,-294,-656,548.5,107.5
0.180315552216379,802,509,-293,-655.5,547.5,108
0.18246216593324,801,509,-292,-655,546.5,108.5
0.184608779650102,802,509,-293,-655.5,547.5,108
0.186755393366964,805,509,-296,-657,550.5,106.5
0.188902007083825,808,509,-299,-658.5,553.5,105
0.191048620800687,808,509,-299,-658.5,553.5,105
0.193195234517549,808,509,-299,-658.5,553.5,105
0.19534184823441,808,509,-299,-658.5,553.5,105
0.197488461951272,806,509,-297,-657.5,551.5,106
0.199635075668134,806,509,-297,-657.5,551.5,106
0.201781689384995,806,509,-297,-657.5,551.5,106
0.203928303101857,805,509,-296,-657,550.5,106.5
0.206074916818718,805,509,-296,-657,550.5,106.5
0.20822153053558,806,509,-297,-657.5,551.5,106
0.210368144252442,808,509,-299,-658.5,553.5,105
0.212514757969303,808,509,-299,-658.5,553.5,105
0.214661371686165,808,509,-299,-658.5,553.5,105
0.216807985403027,809,509,-300,-659,554.5,104.5
0.218954599119888,810,509,-301,-659.5,555.5,104
0.22110121283675,810,509,-301,-659.5,555.5,104
0.223247826553612,812,509,-303,-660.5,557.5,103
0.225394440270473,811,509,-302,-660,556.5,103.5
0.227541053987335,812,509,-303,-660.5,557.5,103
0.229687667704197,812,509,-303,-660.5,557.5,103
0.231834281421058,812,509,-303,-660.5,557.5,103
0.23398089513792,812,509,-303,-660.5,557.5,103
0.236127508854782,811,509,-302,-660,556.5,103.5
0.238274122571643,809,509,-300,-659,554.5,104.5
0.240420736288505,810,509,-301,-659.5,555.5,104
0.242567350005367,809,509,-300,-659,554.5,104.5
0.244713963722228,810,509,-301,-659.5,555.5,104
0.24686057743909,810,509,-301,-659.5,555.5,104
0.249007191155951,809,509,-300,-659,554.5,104.5
0.251153804872813,809,508,-301,-658.5,555,103.5
0.253300418589675,810,509,-301,-659.5,555.5,104
0.255447032306536,810,509,-301,-659.5,555.5,104
0.257593646023398,813,509,-304,-661,558.5,102.5
0.25974025974026,814,509,-305,-661.5,559.5,102
0.261886873457121,814,509,-305,-661.5,559.5,102
0.264033487173983,813,509,-304,-661,558.5,102.5
0.266180100890845,814,509,-305,-661.5,559.5,102
0.268326714607706,814,509,-305,-661.5,559.5,102
0.270473328324568,814,509,-305,-661.5,559.5,102
0.27261994204143,813,509,-304,-661,558.5,102.5
0.274766555758291,814,509,-305,-661.5,559.5,102
0.276913169475153,814,508,-306,-661,560,101
0.279059783192015,814,509,-305,-661.5,559.5,102
0.281206396908876,815,509,-306,-662,560.5,101.5
0.283353010625738,815,509,-306,-662,560.5,101.5
0.2854996243426,815,509,-306,-662,560.5,101.5
0.287646238059461,816,509,-307,-662.5,561.5,101
0.289792851776323,818,509,-309,-663.5,563.5,100
0.291939465493185,819,509,-310,-664,564.5,99.5
0.294086079210046,821,509,-312,-665,566.5,98.5
0.296232692926908,820,509,-311,-664.5,565.5,99
0.298379306643769,821,509,-312,-665,566.5,98.5
0.300525920360631,820,509,-311,-664.5,565.5,99
0.302672534077493,817,509,-308,-663,562.5,100.5
0.304819147794354,817,509,-308,-663,562.5,100.5
0.306965761511216,817,509,-308,-663,562.5,100.5
0.309112375228078,816,509,-307,-662.5,561.5,101
0.311258988944939,818,509,-309,-663.5,563.5,100
0.313405602661801,819,509,-310,-664,564.5,99.5
0.315552216378663,820,509,-311,-664.5,565.5,99
0.317698830095524,823,509,-314,-666,568.5,97.5
0.319845443812386,824,509,-315,-666.5,569.5,97
0.321992057529248,823,509,-314,-666,568.5,97.5
0.324138671246109,823,509,-314,-666,568.5,97.5
0.326285284962971,821,509,-312,-665,566.5,98.5
0.328431898679833,820,509,-311,-664.5,565.5,99
0.330578512396694,820,508,-312,-664,566,98
0.332725126113556,819,509,-310,-664,564.5,99.5
0.334871739830418,819,509,-310,-664,564.5,99.5
0.337018353547279,818,509,-309,-663.5,563.5,100
0.339164967264141,817,509,-308,-663,562.5,100.5
0.341311580981002,815,509,-306,-662,560.5,101.5
0.343458194697864,815,509,-306,-662,560.5,101.5
0.345604808414726,813,509,-304,-661,558.5,102.5
0.347751422131587,812,509,-303,-660.5,557.5,103
0.349898035848449,812,509,-303,-660.5,557.5,103
0.352044649565311,810,509,-301,-659.5,555.5,104
0.354191263282172,811,508,-303,-659.5,557,102.5
0.356337876999034,809,509,-300,-659,554.5,104.5
0.358484490715896,808,509,-299,-658.5,553.5,105
0.360631104432757,807,508,-299,-657.5,553,104.5
0.362777718149619,806,509,-297,-657.5,551.5,106
0.364924331866481,806,509,-297,-657.5,551.5,106
0.367070945583342,803,509,-294,-656,548.5,107.5
0.369217559300204,804,509,-295,-656.5,549.5,107
0.371364173017066,806,509,-297,-657.5,551.5,106
0.373510786733927,804,509,-295,-656.5,549.5,107
0.375657400450789,805,509,-296,-657,550.5,106.5
0.377804014167651,805,509,-296,-657,550.5,106.5
0.379950627884512,804,509,-295,-656.5,549.5,107
0.382097241601374,804,509,-295,-656.5,549.5,107
0.384243855318235,803,509,-294,-656,548.5,107.5
0.386390469035097,802,509,-293,-655.5,547.5,108
0.388537082751959,801,509,-292,-655,546.5,108.5
0.39068369646882,802,509,-293,-655.5,547.5,108
0.392830310185682,802,509,-293,-655.5,547.5,108
0.394976923902544,802,509,-293,-655.5,547.5,108
0.397123537619405,803,509,-294,-656,548.5,107.5
0.399270151336267,803,509,-294,-656,548.5,107.5
0.401416765053129,805,509,-296,-657,550.5,106.5
0.40356337876999,805,509,-296,-657,550.5,106.5
0.405709992486852,806,509,-297,-657.5,551.5,106
0.407856606203714,809,508,-301,-658.5,555,103.5
0.410003219920575,806,509,-297,-657.5,551.5,106
0.412149833637437,805,509,-296,-657,550.5,106.5
0.414296447354299,805,509,-296,-657,550.5,106.5
0.41644306107116,806,509,-297,-657.5,551.5,106
0.418589674788022,806,509,-297,-657.5,551.5,106
0.420736288504884,806,509,-297,-657.5,551.5,106
0.422882902221745,807,509,-298,-658,552.5,105.5
0.425029515938607,804,509,-295,-656.5,549.5,107
0.427176129655468,804,509,-295,-656.5,549.5,107
0.42932274337233,802,509,-293,-655.5,547.5,108
0.431469357089192,800,509,-291,-654.5,545.5,109
0.433615970806053,801,508,-293,-654.5,547,107.5
0.435762584522915,802,509,-293,-655.5,547.5,108
0.437909198239777,802,509,-293,-655.5,547.5,108
0.440055811956638,802,509,-293,-655.5,547.5,108
0.4422024256735,803,509,-294,-656,548.5,107.5
0.444349039390362,806,509,-297,-657.5,551.5,106
0.446495653107223,810,509,-301,-659.5,555.5,104
0.448642266824085,820,509,-311,-664.5,565.5,99
0.450788880540947,829,509,-320,-669,574.5,94.5
0.452935494257808,841,508,-333,-674.5,587,87.5
0.45508210797467,848,509,-339,-678.5,593.5,85
0.457228721691532,853,509,-344,-681,598.5,82.5
0.459375335408393,855,509,-346,-682,600.5,81.5
0.461521949125255,860,509,-351,-684.5,605.5,79
0.463668562842117,865,509,-356,-687,610.5,76.5
0.465815176558978,865,509,-356,-687,610.5,76.5
0.46796179027584,862,508,-354,-685,608,77
0.470108403992701,860,508,-352,-684,606,78
0.472255017709563,857,509,-348,-683,602.5,80.5
0.474401631426425,853,509,-344,-681,598.5,82.5
0.476548245143286,846,509,-337,-677.5,591.5,86
0.478694858860148,835,509,-326,-672,580.5,91.5
0.48084147257701,821,509,-312,-665,566.5,98.5
0.482988086293871,806,509,-297,-657.5,551.5,106
0.485134700010733,795,509,-286,-652,540.5,111.5
0.487281313727595,789,509,-280,-649,534.5,114.5
0.489427927444456,789,509,-280,-649,534.5,114.5
0.491574541161318,791,509,-282,-650,536.5,113.5
0.49372115487818,796,508,-288,-652,542,110
0.495867768595041,801,509,-292,-655,546.5,108.5
0.498014382311903,803,509,-294,-656,548.5,107.5
0.500160996028765,806,509,-297,-657.5,551.5,106
0.502307609745626,808,509,-299,-658.5,553.5,105
0.504454223462488,808,509,-299,-658.5,553.5,105
0.50660083717935,808,508,-300,-658,554,104
0.508747450896211,808,509,-299,-658.5,553.5,105
0.510894064613073,807,509,-298,-658,552.5,105.5
0.513040678329934,808,509,-299,-658.5,553.5,105
0.515187292046796,809,509,-300,-659,554.5,104.5
0.517333905763658,809,509,-300,-659,554.5,104.5
0.519480519480519,809,509,-300,-659,554.5,104.5
0.521627133197381,808,509,-299,-658.5,553.5,105
0.523773746914243,810,509,-301,-659.5,555.5,104
0.525920360631104,811,509,-302,-660,556.5,103.5
0.528066974347966,810,509,-301,-659.5,555.5,104
0.530213588064828,810,509,-301,-659.5,555.5,104
0.532360201781689,809,509,-300,-659,554.5,104.5
0.534506815498551,808,508,-300,-658,554,104
0.536653429215413,808,509,-299,-658.5,553.5,105
0.538800042932274,807,509,-298,-658,552.5,105.5
0.540946656649136,808,509,-299,-658.5,553.5,105
0.543093270365998,810,509,-301,-659.5,555.5,104
0.545239884082859,810,509,-301,-659.5,555.5,104
0.547386497799721,812,509,-303,-660.5,557.5,103
0.549533111516583,814,509,-305,-661.5,559.5,102
0.551679725233444,816,509,-307,-662.5,561.5,101
0.553826338950306,816,509,-307,-662.5,561.5,101
0.555972952667168,815,508,-307,-661.5,561,100.5
0.558119566384029,812,509,-303,-660.5,557.5,103
0.560266180100891,813,509,-304,-661,558.5,102.5
0.562412793817752,813,509,-304,-661,558.5,102.5
0.564559407534614,812,509,-303,-660.5,557.5,103
0.566706021251476,812,509,-303,-660.5,557.5,103
0.568852634968337,814,509,-305,-661.5,559.5,102
0.570999248685199,813,509,-304,-661,558.5,102.5
0.573145862402061,814,509,-305,-661.5,559.5,102
0.575292476118922,816,509,-307,-662.5,561.5,101
0.577439089835784,816,509,-307,-662.5,561.5,101
0.579585703552646,816,508,-308,-662,562,100
0.581732317269507,815,509,-306,-662,560.5,101.5
0.583878930986369,815,509,-306,-662,560.5,101.5
0.586025544703231,816,509,-307,-662.5,561.5,101
0.588172158420092,816,509,-307,-662.5,561.5,101
0.590318772136954,817,509,-308,-663,562.5,100.5
0.592465385853816,819,509,-310,-664,564.5,99.5
0.594611999570677,817,508,-309,-662.5,563,99.5
0.596758613287539,817,509,-308,-663,562.5,100.5
0.598905227004401,818,509,-309,-663.5,563.5,100
0.601051840721262,820,509,-311,-664.5,565.5,99
0.603198454438124,821,509,-312,-665,566.5,98.5
0.605345068154985,821,508,-313,-664.5,567,97.5
0.607491681871847,822,509,-313,-665.5,567.5,98
0.609638295588709,822,509,-313,-665.5,567.5,98
0.61178490930557,822,509,-313,-665.5,567.5,98
0.613931523022432,821,508,-313,-664.5,567,97.5
0.616078136739294,821,508,-313,-664.5,567,97.5
0.618224750456155,821,509,-312,-665,566.5,98.5
0.620371364173017,822,509,-313,-665.5,567.5,98
0.622517977889879,822,509,-313,-665.5,567.5,98
0.62466459160674,821,509,-312,-665,566.5,98.5
0.626811205323602,820,509,-311,-664.5,565.5,99
0.628957819040464,821,509,-312,-665,566.5,98.5
0.631104432757325,824,509,-315,-666.5,569.5,97
0.633251046474187,824,509,-315,-666.5,569.5,97
0.635397660191049,825,509,-316,-667,570.5,96.5
0.63754427390791,825,509,-316,-667,570.5,96.5
0.639690887624772,825,509,-316,-667,570.5,96.5
0.641837501341634,825,509,-316,-667,570.5,96.5
0.643984115058495,825,509,-316,-667,570.5,96.5
0.646130728775357,825,509,-316,-667,570.5,96.5
0.648277342492218,827,509,-318,-668,572.5,95.5
0.65042395620908,830,509,-321,-669.5,575.5,94
0.652570569925942,832,509,-323,-670.5,577.5,93
0.654717183642803,833,509,-324,-671,578.5,92.5
0.656863797359665,833,509,-324,-671,578.5,92.5
0.659010411076527,831,509,-322,-670,576.5,93.5
0.661157024793388,829,509,-320,-669,574.5,94.5
0.66330363851025,828,509,-319,-668.5,573.5,95
0.665450252227112,828,509,-319,-668.5,573.5,95
0.667596865943973,829,509,-320,-669,574.5,94.5
0.669743479660835,830,509,-321,-669.5,575.5,94
0.671890093377697,831,509,-322,-670,576.5,93.5
0.674036707094558,833,509,-324,-671,578.5,92.5
0.67618332081142,835,509,-326,-672,580.5,91.5
0.678329934528282,834,509,-325,-671.5,579.5,92
0.680476548245143,833,509,-324,-671,578.5,92.5
0.682623161962005,832,509,-323,-670.5,577.5,93
0.684769775678867,834,508,-326,-671,580,91
0.686916389395728,833,509,-324,-671,578.5,92.5
0.68906300311259,835,509,-326,-672,580.5,91.5
0.691209616829451,835,509,-326,-672,580.5,91.5
0.693356230546313,833,509,-324,-671,578.5,92.5
0.695502844263175,833,509,-324,-671,578.5,92.5
0.697649457980036,834,509,-325,-671.5,579.5,92
0.699796071696898,835,509,-326,-672,580.5,91.5
0.70194268541376,834,509,-325,-671.5,579.5,92
0.704089299130621,833,509,-324,-671,578.5,92.5
0.706235912847483,833,509,-324,-671,578.5,92.5
0.708382526564345,834,509,-325,-671.5,579.5,92
0.710529140281206,831,509,-322,-670,576.5,93.5
0.712675753998068,831,509,-322,-670,576.5,93.5
0.71482236771493,831,508,-323,-669.5,577,92.5
0.716968981431791,832,509,-323,-670.5,577.5,93
0.719115595148653,831,509,-322,-670,576.5,93.5
0.721262208865515,831,509,-322,-670,576.5,93.5
0.723408822582376,831,509,-322,-670,576.5,93.5
0.725555436299238,830,509,-321,-669.5,575.5,94
0.7277020500161,828,509,-319,-668.5,573.5,95
0.729848663732961,827,508,-319,-667.5,573,94.5
0.731995277449823,823,508,-315,-665.5,569,96.5
0.734141891166684,822,509,-313,-665.5,567.5,98
0.736288504883546,822,509,-313,-665.5,567.5,98
0.738435118600408,822,508,-314,-665,568,97
0.740581732317269,821,509,-312,-665,566.5,98.5
0.742728346034131,821,509,-312,-665,566.5,98.5
0.744874959750993,819,508,-311,-663.5,565,98.5
0.747021573467854,817,509,-308,-663,562.5,100.5
0.749168187184716,817,509,-308,-663,562.5,100.5
0.751314800901578,815,509,-306,-662,560.5,101.5
0.753461414618439,816,509,-307,-662.5,561.5,101
0.755608028335301,817,508,-309,-662.5,563,99.5
0.757754642052163,816,509,-307,-662.5,561.5,101
0.759901255769024,815,509,-306,-662,560.5,101.5
0.762047869485886,813,509,-304,-661,558.5,102.5
0.764194483202748,814,509,-305,-661.5,559.5,102
0.766341096919609,813,509,-304,-661,558.5,102.5
0.768487710636471,811,509,-302,-660,556.5,103.5
0.770634324353333,813,509,-304,-661,558.5,102.5
0.772780938070194,812,509,-303,-660.5,557.5,103
0.774927551787056,811,509,-302,-660,556.5,103.5
0.777074165503918,813,509,-304,-661,558.5,102.5
0.779220779220779,813,509,-304,-661,558.5,102.5
0.781367392937641,814,509,-305,-661.5,559.5,102
0.783514006654502,815,509,-306,-662,560.5,101.5
0.785660620371364,814,509,-305,-661.5,559.5,102
0.787807234088226,812,509,-303,-660.5,557.5,103
0.789953847805087,812,509,-303,-660.5,557.5,103
0.792100461521949,814,508,-306,-661,560,101
0.794247075238811,814,509,-305,-661.5,559.5,102
0.796393688955672,816,508,-308,-662,562,100
0.798540302672534,816,509,-307,-662.5,561.5,101
0.800686916389396,816,509,-307,-662.5,561.5,101
0.802833530106257,815,509,-306,-662,560.5,101.5
0.804980143823119,815,509,-306,-662,560.5,101.5
0.807126757539981,815,509,-306,-662,560.5,101.5
0.809273371256842,817,508,-309,-662.5,563,99.5
0.811419984973704,819,509,-310,-664,564.5,99.5
0.813566598690566,819,509,-310,-664,564.5,99.5
0.815713212407427,818,508,-310,-663,564,99
0.817859826124289,817,509,-308,-663,562.5,100.5
0.820006439841151,818,509,-309,-663.5,563.5,100
0.822153053558012,818,509,-309,-663.5,563.5,100
0.824299667274874,819,509,-310,-664,564.5,99.5
0.826446280991735,819,509,-310,-664,564.5,99.5
0.828592894708597,819,509,-310,-664,564.5,99.5
0.830739508425459,821,509,-312,-665,566.5,98.5
0.83288612214232,822,509,-313,-665.5,567.5,98
0.835032735859182,821,509,-312,-665,566.5,98.5
0.837179349576044,821,509,-312,-665,566.5,98.5
0.839325963292905,822,509,-313,-665.5,567.5,98
0.841472577009767,821,509,-312,-665,566.5,98.5
0.843619190726629,821,509,-312,-665,566.5,98.5
0.84576580444349,821,509,-312,-665,566.5,98.5
0.847912418160352,821,509,-312,-665,566.5,98.5
0.850059031877214,821,509,-312,-665,566.5,98.5
0.852205645594075,822,509,-313,-665.5,567.5,98
0.854352259310937,822,509,-313,-665.5,567.5,98
0.856498873027799,822,509,-313,-665.5,567.5,98
0.85864548674466,823,509,-314,-666,568.5,97.5
0.860792100461522,824,509,-315,-666.5,569.5,97
0.862938714178384,823,509,-314,-666,568.5,97.5
0.865085327895245,823,509,-314,-666,568.5,97.5
0.867231941612107,823,509,-314,-666,568.5,97.5
0.869378555328968,824,509,-315,-666.5,569.5,97
0.87152516904583,826,509,-317,-667.5,571.5,96
0.873671782762692,825,509,-316,-667,570.5,96.5
0.875818396479554,824,509,-315,-666.5,569.5,97
0.877965010196415,824,509,-315,-666.5,569.5,97
0.880111623913277,825,509,-316,-667,570.5,96.5
0.882258237630138,825,509,-316,-667,570.5,96.5
0.884404851347,825,509,-316,-667,570.5,96.5
0.886551465063862,824,509,-315,-666.5,569.5,97
0.888698078780723,824,509,-315,-666.5,569.5,97
0.890844692497585,824,509,-315,-666.5,569.5,97
0.892991306214447,825,508,-317,-666.5,571,95.5
0.895137919931308,825,509,-316,-667,570.5,96.5
0.89728453364817,826,509,-317,-667.5,571.5,96
0.899431147365032,825,509,-316,-667,570.5,96.5
0.901577761081893,826,508,-318,-667,572,95
0.903724374798755,826,509,-317,-667.5,571.5,96
0.905870988515617,827,509,-318,-668,572.5,95.5
0.908017602232478,826,509,-317,-667.5,571.5,96
0.91016421594934,826,509,-317,-667.5,571.5,96
0.912310829666201,826,509,-317,-667.5,571.5,96
0.914457443383063,825,509,-316,-667,570.5,96.5
0.916604057099925,825,509,-316,-667,570.5,96.5
0.918750670816787,824,509,-315,-666.5,569.5,97
0.920897284533648,824,509,-315,-666.5,569.5,97
0.92304389825051,824,509,-315,-666.5,569.5,97
0.925190511967371,824,509,-315,-666.5,569.5,97
0.927337125684233,826,509,-317,-667.5,571.5,96
0.929483739401095,826,509,-317,-667.5,571.5,96
0.931630353117956,826,509,-317,-667.5,571.5,96
0.933776966834818,827,508,-319,-667.5,573,94.5
0.93592358055168,826,509,-317,-667.5,571.5,96
0.938070194268541,827,509,-318,-668,572.5,95.5
0.940216807985403,827,509,-318,-668,572.5,95.5
0.942363421702265,827,509,-318,-668,572.5,95.5
0.944510035419126,828,509,-319,-668.5,573.5,95
0.946656649135988,828,509,-319,-668.5,573.5,95
0.94880326285285,828,509,-319,-668.5,573.5,95
0.950949876569711,828,509,-319,-668.5,573.5,95
0.953096490286573,828,509,-319,-668.5,573.5,95
0.955243104003434,829,509,-320,-669,574.5,94.5
0.957389717720296,827,509,-318,-668,572.5,95.5
0.959536331437158,827,509,-318,-668,572.5,95.5
0.96168294515402,829,508,-321,-668.5,575,93.5
0.963829558870881,828,509,-319,-668.5,573.5,95
0.965976172587743,829,509,-320,-669,574.5,94.5
0.968122786304604,829,509,-320,-669,574.5,94.5
0.970269400021466,829,509,-320,-669,574.5,94.5
0.972416013738328,828,509,-319,-668.5,573.5,95
0.974562627455189,829,509,-320,-669,574.5,94.5
0.976709241172051,827,509,-318,-668,572.5,95.5
0.978855854888913,827,509,-318,-668,572.5,95.5
0.981002468605774,827,509,-318,-668,572.5,95.5
0.983149082322636,827,509,-318,-668,572.5,95.5
0.985295696039498,829,508,-321,-668.5,575,93.5
0.987442309756359,831,509,-322,-670,576.5,93.5
0.989588923473221,832,509,-323,-670.5,577.5,93
0.991735537190083,833,509,-324,-671,578.5,92.5
0.993882150906944,832,509,-323,-670.5,577.5,93
0.996028764623806,833,509,-324,-671,578.5,92.5
0.998175378340667,833,509,-324,-671,578.5,92.5
1.00032199205753,835,509,-326,-672,580.5,91.5
1.00246860577439,835,509,-326,-672,580.5,91.5
1.00461521949125,836,509,-327,-672.5,581.5,91
1.00676183320811,834,509,-325,-671.5,579.5,92
1.00890844692498,833,509,-324,-671,578.5,92.5
1.01105506064184,833,509,-324,-671,578.5,92.5
1.0132016743587,831,509,-322,-670,576.5,93.5
1.01534828807556,831,509,-322,-670,576.5,93.5
1.01749490179242,831,509,-322,-670,576.5,93.5
1.01964151550928,831,509,-322,-670,576.5,93.5
1.02178812922615,832,509,-323,-670.5,577.5,93
1.02393474294301,831,509,-322,-670,576.5,93.5
1.02608135665987,830,508,-322,-669,576,93
1.02822797037673,829,508,-321,-668.5,575,93.5
1.03037458409359,831,509,-322,-670,576.5,93.5
1.03252119781045,831,509,-322,-670,576.5,93.5
1.03466781152732,830,509,-321,-669.5,575.5,94
1.03681442524418,829,509,-320,-669,574.5,94.5
1.03896103896104,826,509,-317,-667.5,571.5,96
1.0411076526779,825,509,-316,-667,570.5,96.5
1.04325426639476,823,509,-314,-666,568.5,97.5
1.04540088011162,823,509,-314,-666,568.5,97.5
1.04754749382849,823,509,-314,-666,568.5,97.5
1.04969410754535,821,509,-312,-665,566.5,98.5
1.05184072126221,821,509,-312,-665,566.5,98.5
1.05398733497907,822,509,-313,-665.5,567.5,98
1.05613394869593,821,509,-312,-665,566.5,98.5
1.05828056241279,822,509,-313,-665.5,567.5,98
1.06042717612966,824,509,-315,-666.5,569.5,97
1.06257378984652,822,509,-313,-665.5,567.5,98
1.06472040356338,822,509,-313,-665.5,567.5,98
1.06686701728024,821,508,-313,-664.5,567,97.5
1.0690136309971,824,509,-315,-666.5,569.5,97
1.07116024471396,824,509,-315,-666.5,569.5,97
1.07330685843083,823,509,-314,-666,568.5,97.5
1.07545347214769,822,509,-313,-665.5,567.5,98
1.07760008586455,822,509,-313,-665.5,567.5,98
1.07974669958141,823,509,-314,-666,568.5,97.5
1.08189331329827,822,509,-313,-665.5,567.5,98
1.08403992701513,822,509,-313,-665.5,567.5,98
1.086186540732,821,509,-312,-665,566.5,98.5
1.08833315444886,820,509,-311,-664.5,565.5,99
1.09047976816572,818,509,-309,-663.5,563.5,100
1.09262638188258,819,509,-310,-664,564.5,99.5
1.09477299559944,822,509,-313,-665.5,567.5,98
1.0969196093163,823,509,-314,-666,568.5,97.5
1.09906622303317,824,509,-315,-666.5,569.5,97
1.10121283675003,821,509,-312,-665,566.5,98.5
1.10335945046689,820,509,-311,-664.5,565.5,99
1.10550606418375,818,509,-309,-663.5,563.5,100
1.10765267790061,817,509,-308,-663,562.5,100.5
1.10979929161747,817,509,-308,-663,562.5,100.5
1.11194590533434,817,509,-308,-663,562.5,100.5
1.1140925190512,819,508,-311,-663.5,565,98.5
1.11623913276806,818,509,-309,-663.5,563.5,100
1.11838574648492,818,509,-309,-663.5,563.5,100
1.12053236020178,821,509,-312,-665,566.5,98.5
1.12267897391864,826,509,-317,-667.5,571.5,96
1.1248255876355,835,509,-326,-672,580.5,91.5
1.12697220135237,842,509,-333,-675.5,587.5,88
1.12911881506923,848,509,-339,-678.5,593.5,85
1.13126542878609,855,509,-346,-682,600.5,81.5
1.13341204250295,858,509,-349,-683.5,603.5,80
1.13555865621981,861,509,-352,-685,606.5,78.5
1.13770526993667,859,509,-350,-684,604.5,79.5
1.13985188365354,872,509,-363,-690.5,617.5,73
1.1419984973704,877,509,-368,-693,622.5,70.5
1.14414511108726,875,509,-366,-692,620.5,71.5
1.14629172480412,867,509,-358,-688,612.5,75.5
1.14843833852098,863,509,-354,-686,608.5,77.5
1.15058495223784,857,509,-348,-683,602.5,80.5
1.15273156595471,850,509,-341,-679.5,595.5,84
1.15487817967157,842,509,-333,-675.5,587.5,88
1.15702479338843,832,508,-324,-670,578,92
1.15917140710529,822,509,-313,-665.5,567.5,98
1.16131802082215,815,509,-306,-662,560.5,101.5
1.16346463453901,811,509,-302,-660,556.5,103.5
1.16561124825588,810,509,-301,-659.5,555.5,104
1.16775786197274,812,509,-303,-660.5,557.5,103
1.1699044756896,813,509,-304,-661,558.5,102.5
1.17205108940646,816,509,-307,-662.5,561.5,101
1.17419770312332,820,509,-311,-664.5,565.5,99
1.17634431684018,821,509,-312,-665,566.5,98.5
1.17849093055705,820,509,-311,-664.5,565.5,99
1.18063754427391,820,509,-311,-664.5,565.5,99
1.18278415799077,820,508,-312,-664,566,98
1.18493077170763,819,509,-310,-664,564.5,99.5
1.18707738542449,819,509,-310,-664,564.5,99.5
1.18922399914135,819,509,-310,-664,564.5,99.5
1.19137061285822,818,509,-309,-663.5,563.5,100
1.19351722657508,817,509,-308,-663,562.5,100.5
1.19566384029194,818,509,-309,-663.5,563.5,100
1.1978104540088,819,509,-310,-664,564.5,99.5
1.19995706772566,820,509,-311,-664.5,565.5,99
1.20210368144252,820,509,-311,-664.5,565.5,99
1.20425029515939,823,509,-314,-666,568.5,97.5
1.20639690887625,821,509,-312,-665,566.5,98.5
1.20854352259311,819,509,-310,-664,564.5,99.5
1.21069013630997,819,509,-310,-664,564.5,99.5
1.21283675002683,818,509,-309,-663.5,563.5,100
1.21498336374369,818,508,-310,-663,564,99
1.21712997746056,820,509,-311,-664.5,565.5,99
1.21927659117742,822,509,-313,-665.5,567.5,98
1.22142320489428,822,509,-313,-665.5,567.5,98
1.22356981861114,823,509,-314,-666,568.5,97.5
1.225716432328,824,509,-315,-666.5,569.5,97
1.22786304604486,822,509,-313,-665.5,567.5,98
1.23000965976173,823,508,-315,-665.5,569,96.5
1.23215627347859,824,509,-315,-666.5,569.5,97
1.23430288719545,825,509,-316,-667,570.5,96.5
1.23644950091231,827,509,-318,-668,572.5,95.5
1.23859611462917,827,508,-319,-667.5,573,94.5
1.24074272834603,828,509,-319,-668.5,573.5,95
1.2428893420629,828,509,-319,-668.5,573.5,95
1.24503595577976,828,509,-319,-668.5,573.5,95
1.24718256949662,827,509,-318,-668,572.5,95.5
1.24932918321348,826,509,-317,-667.5,571.5,96
1.25147579693034,826,509,-317,-667.5,571.5,96
1.2536224106472,826,509,-317,-667.5,571.5,96
1.25576902436407,826,509,-317,-667.5,571.5,96
1.25791563808093,825,509,-316,-667,570.5,96.5
1.26006225179779,826,509,-317,-667.5,571.5,96
1.26220886551465,828,509,-319,-668.5,573.5,95
1.26435547923151,830,509,-321,-669.5,575.5,94
1.26650209294837,829,509,-320,-669,574.5,94.5
1.26864870666524,831,509,-322,-670,576.5,93.5
1.2707953203821,831,509,-322,-670,576.5,93.5
1.27294193409896,831,509,-322,-670,576.5,93.5
1.27508854781582,830,509,-321,-669.5,575.5,94
1.27723516153268,829,509,-320,-669,574.5,94.5
1.27938177524954,831,509,-322,-670,576.5,93.5
1.28152838896641,830,509,-321,-669.5,575.5,94
1.28367500268327,832,509,-323,-670.5,577.5,93
1.28582161640013,832,509,-323,-670.5,577.5,93
1.28796823011699,831,509,-322,-670,576.5,93.5
1.29011484383385,831,509,-322,-670,576.5,93.5
1.29226145755071,832,509,-323,-670.5,577.5,93
1.29440807126758,832,509,-323,-670.5,577.5,93
1.29655468498444,834,509,-325,-671.5,579.5,92
1.2987012987013,834,509,-325,-671.5,579.5,92
1.30084791241816,834,508,-326,-671,580,91
1.30299452613502,833,509,-324,-671,578.5,92.5
1.30514113985188,834,509,-325,-671.5,579.5,92
1.30728775356875,834,509,-325,-671.5,579.5,92
1.30943436728561,834,509,-325,-671.5,579.5,92
1.31158098100247,833,508,-325,-670.5,579,91.5
1.31372759471933,834,509,-325,-671.5,579.5,92
1.31587420843619,835,509,-326,-672,580.5,91.5
1.31802082215305,836,509,-327,-672.5,581.5,91
1.32016743586992,836,509,-327,-672.5,581.5,91
1.32231404958678,834,509,-325,-671.5,579.5,92
1.32446066330364,834,509,-325,-671.5,579.5,92
1.3266072770205,836,509,-327,-672.5,581.5,91
1.32875389073736,837,508,-329,-672.5,583,89.5
1.33090050445422,838,508,-330,-673,584,89
1.33304711817109,840,509,-331,-674.5,585.5,89
1.33519373188795,840,509,-331,-674.5,585.5,89
1.33734034560481,840,508,-332,-674,586,88
1.33948695932167,840,509,-331,-674.5,585.5,89
1.34163357303853,838,509,-329,-673.5,583.5,90
1.34378018675539,839,508,-331,-673.5,585,88.5
1.34592680047225,840,509,-331,-674.5,585.5,89
1.34807341418912,841,508,-333,-674.5,587,87.5
1.35022002790598,841,509,-332,-675,586.5,88.5
1.35236664162284,840,509,-331,-674.5,585.5,89
1.3545132553397,841,509,-332,-675,586.5,88.5
1.35665986905656,842,509,-333,-675.5,587.5,88
1.35880648277342,841,509,-332,-675,586.5,88.5
1.36095309649029,839,509,-330,-674,584.5,89.5
1.36309971020715,838,509,-329,-673.5,583.5,90
1.36524632392401,839,509,-330,-674,584.5,89.5
1.36739293764087,839,509,-330,-674,584.5,89.5
1.36953955135773,837,509,-328,-673,582.5,90.5
1.37168616507459,837,509,-328,-673,582.5,90.5
1.37383277879146,838,509,-329,-673.5,583.5,90
1.37597939250832,838,509,-329,-673.5,583.5,90
1.37812600622518,838,508,-330,-673,584,89
1.38027261994204,842,509,-333,-675.5,587.5,88
1.3824192336589,841,509,-332,-675,586.5,88.5
1.38456584737576,840,509,-331,-674.5,585.5,89
1.38671246109263,838,509,-329,-673.5,583.5,90
1.38885907480949,837,509,-328,-673,582.5,90.5
1.39100568852635,836,509,-327,-672.5,581.5,91
1.39315230224321,833,509,-324,-671,578.5,92.5
1.39529891596007,834,508,-326,-671,580,91
1.39744552967693,833,509,-324,-671,578.5,92.5
1.3995921433938,832,509,-323,-670.5,577.5,93
1.40173875711066,833,509,-324,-671,578.5,92.5
1.40388537082752,832,509,-323,-670.5,577.5,93
1.40603198454438,830,509,-321,-669.5,575.5,94
1.40817859826124,828,509,-319,-668.5,573.5,95
1.4103252119781,825,509,-316,-667,570.5,96.5
1.41247182569497,824,509,-315,-666.5,569.5,97
1.41461843941183,824,509,-315,-666.5,569.5,97
1.41676505312869,825,509,-316,-667,570.5,96.5
1.41891166684555,823,509,-314,-666,568.5,97.5
1.42105828056241,820,509,-311,-664.5,565.5,99
1.42320489427927,819,509,-310,-664,564.5,99.5
1.42535150799614,820,508,-312,-664,566,98
1.427498121713,819,509,-310,-664,564.5,99.5
1.42964473542986,818,508,-310,-663,564,99
1.43179134914672,817,509,-308,-663,562.5,100.5
1.43393796286358,816,509,-307,-662.5,561.5,101
1.43608457658044,817,509,-308,-663,562.5,100.5
1.43823119029731,817,508,-309,-662.5,563,99.5
1.44037780401417,819,509,-310,-664,564.5,99.5
1.44252441773103,816,509,-307,-662.5,561.5,101
1.44467103144789,814,509,-305,-661.5,559.5,102
1.44681764516475,814,509,-305,-661.5,559.5,102
1.44896425888161,815,509,-306,-662,560.5,101.5
1.45111087259848,814,509,-305,-661.5,559.5,102
1.45325748631534,815,509,-306,-662,560.5,101.5
1.4554041000322,814,509,-305,-661.5,559.5,102
1.45755071374906,815,509,-306,-662,560.5,101.5
1.45969732746592,816,509,-307,-662.5,561.5,101
1.46184394118278,815,509,-306,-662,560.5,101.5
1.46399055489965,816,509,-307,-662.5,561.5,101
1.46613716861651,816,509,-307,-662.5,561.5,101
1.46828378233337,816,509,-307,-662.5,561.5,101
1.47043039605023,816,509,-307,-662.5,561.5,101
1.47257700976709,816,509,-307,-662.5,561.5,101
1.47472362348395,815,509,-306,-662,560.5,101.5
1.47687023720082,815,509,-306,-662,560.5,101.5
1.47901685091768,814,509,-305,-661.5,559.5,102
1.48116346463454,815,509,-306,-662,560.5,101.5
1.4833100783514,816,509,-307,-662.5,561.5,101
1.48545669206826,818,509,-309,-663.5,563.5,100
1.48760330578512,816,509,-307,-662.5,561.5,101
1.48974991950199,818,509,-309,-663.5,563.5,100
1.49189653321885,819,509,-310,-664,564.5,99.5
1.49404314693571,818,509,-309,-663.5,563.5,100
1.49618976065257,817,509,-308,-663,562.5,100.5
1.49833637436943,817,509,-308,-663,562.5,100.5
1.50048298808629,816,509,-307,-662.5,561.5,101
1.50262960180316,816,509,-307,-662.5,561.5,101
1.50477621552002,818,509,-309,-663.5,563.5,100
1.50692282923688,820,509,-311,-664.5,565.5,99
1.50906944295374,820,509,-311,-664.5,565.5,99
1.5112160566706,820,509,-311,-664.5,565.5,99
1.51336267038746,820,509,-311,-664.5,565.5,99
1.51550928410433,819,509,-310,-664,564.5,99.5
1.51765589782119,819,509,-310,-664,564.5,99.5
1.51980251153805,820,509,-311,-664.5,565.5,99
1.52194912525491,820,509,-311,-664.5,565.5,99
1.52409573897177,819,509,-310,-664,564.5,99.5
1.52624235268863,819,509,-310,-664,564.5,99.5
1.5283889664055,821,509,-312,-665,566.5,98.5
1.53053558012236,821,509,-312,-665,566.5,98.5
1.53268219383922,821,509,-312,-665,566.5,98.5
1.53482880755608,823,509,-314,-666,568.5,97.5
1.53697542127294,824,509,-315,-666.5,569.5,97
1.5391220349898,825,509,-316,-667,570.5,96.5
1.54126864870667,823,509,-314,-666,568.5,97.5
1.54341526242353,823,509,-314,-666,568.5,97.5
1.54556187614039,822,509,-313,-665.5,567.5,98
1.54770848985725,821,509,-312,-665,566.5,98.5
1.54985510357411,821,509,-312,-665,566.5,98.5
1.55200171729097,820,509,-311,-664.5,565.5,99
1.55414833100784,821,509,-312,-665,566.5,98.5
1.5562949447247,819,509,-310,-664,564.5,99.5
1.55844155844156,820,509,-311,-664.5,565.5,99
1.56058817215842,820,509,-311,-664.5,565.5,99
1.56273478587528,821,509,-312,-665,566.5,98.5
1.56488139959214,823,509,-314,-666,568.5,97.5
1.567028013309,824,509,-315,-666.5,569.5,97
1.56917462702587,824,509,-315,-666.5,569.5,97
1.57132124074273,824,509,-315,-666.5,569.5,97
1.57346785445959,823,509,-314,-666,568.5,97.5
1.57561446817645,823,509,-314,-666,568.5,97.5
1.57776108189331,823,509,-314,-666,568.5,97.5
1.57990769561017,823,509,-314,-666,568.5,97.5
1.58205430932704,824,509,-315,-666.5,569.5,97
1.5842009230439,823,509,-314,-666,568.5,97.5
1.58634753676076,823,509,-314,-666,568.5,97.5
1.58849415047762,824,509,-315,-666.5,569.5,97
1.59064076419448,824,509,-315,-666.5,569.5,97
1.59278737791134,823,509,-314,-666,568.5,97.5
1.59493399162821,824,509,-315,-666.5,569.5,97
1.59708060534507,822,509,-313,-665.5,567.5,98
1.59922721906193,823,509,-314,-666,568.5,97.5
1.60137383277879,825,509,-316,-667,570.5,96.5
1.60352044649565,825,509,-316,-667,570.5,96.5
1.60566706021251,824,509,-315,-666.5,569.5,97
1.60781367392938,823,509,-314,-666,568.5,97.5
1.60996028764624,824,509,-315,-666.5,569.5,97
1.6121069013631,825,509,-316,-667,570.5,96.5
1.61425351507996,826,509,-317,-667.5,571.5,96
1.61640012879682,825,508,-317,-666.5,571,95.5
1.61854674251368,824,509,-315,-666.5,569.5,97
1.62069335623055,825,509,-316,-667,570.5,96.5
1.62283996994741,824,509,-315,-666.5,569.5,97
1.62498658366427,823,509,-314,-666,568.5,97.5
1.62713319738113,823,509,-314,-666,568.5,97.5
1.62927981109799,823,509,-314,-666,568.5,97.5
1.63142642481485,822,509,-313,-665.5,567.5,98
1.63357303853172,824,509,-315,-666.5,569.5,97
1.63571965224858,824,509,-315,-666.5,569.5,97
1.63786626596544,825,509,-316,-667,570.5,96.5
1.6400128796823,827,509,-318,-668,572.5,95.5
1.64215949339916,828,508,-320,-668,574,94
1.64430610711602,827,509,-318,-668,572.5,95.5
1.64645272083289,828,509,-319,-668.5,573.5,95
1.64859933454975,829,509,-320,-669,574.5,94.5
1.65074594826661,828,509,-319,-668.5,573.5,95
1.65289256198347,828,509,-319,-668.5,573.5,95
1.65503917570033,830,509,-321,-669.5,575.5,94
1.65718578941719,831,509,-322,-670,576.5,93.5
1.65933240313406,829,509,-320,-669,574.5,94.5
1.66147901685092,829,509,-320,-669,574.5,94.5
1.66362563056778,829,508,-321,-668.5,575,93.5
1.66577224428464,831,509,-322,-670,576.5,93.5
1.6679188580015,832,509,-323,-670.5,577.5,93
1.67006547171836,831,509,-322,-670,576.5,93.5
1.67221208543523,832,509,-323,-670.5,577.5,93
1.67435869915209,831,509,-322,-670,576.5,93.5
1.67650531286895,832,509,-323,-670.5,577.5,93
1.67865192658581,831,509,-322,-670,576.5,93.5
1.68079854030267,830,509,-321,-669.5,575.5,94
1.68294515401953,831,509,-322,-670,576.5,93.5
1.6850917677364,833,509,-324,-671,578.5,92.5
1.68723838145326,833,509,-324,-671,578.5,92.5
1.68938499517012,835,509,-326,-672,580.5,91.5
1.69153160888698,837,509,-328,-673,582.5,90.5
1.69367822260384,838,509,-329,-673.5,583.5,90
1.6958248363207,837,509,-328,-673,582.5,90.5
1.69797145003757,837,509,-328,-673,582.5,90.5
1.70011806375443,837,509,-328,-673,582.5,90.5
1.70226467747129,837,508,-329,-672.5,583,89.5
1.70441129118815,835,509,-326,-672,580.5,91.5
1.70655790490501,836,509,-327,-672.5,581.5,91
1.70870451862187,835,509,-326,-672,580.5,91.5
1.71085113233874,834,509,-325,-671.5,579.5,92
1.7129977460556,834,509,-325,-671.5,579.5,92
1.71514435977246,835,509,-326,-672,580.5,91.5
1.71729097348932,833,509,-324,-671,578.5,92.5
1.71943758720618,830,509,-321,-669.5,575.5,94
1.72158420092304,830,509,-321,-669.5,575.5,94
1.72373081463991,830,509,-321,-669.5,575.5,94
1.72587742835677,831,509,-322,-670,576.5,93.5
1.72802404207363,831,509,-322,-670,576.5,93.5
1.73017065579049,829,508,-321,-668.5,575,93.5
1.73231726950735,828,509,-319,-668.5,573.5,95
1.73446388322421,827,509,-318,-668,572.5,95.5
1.73661049694108,828,508,-320,-668,574,94
1.73875711065794,827,509,-318,-668,572.5,95.5
1.7409037243748,827,509,-318,-668,572.5,95.5
1.74305033809166,826,509,-317,-667.5,571.5,96
1.74519695180852,826,509,-317,-667.5,571.5,96
1.74734356552538,825,509,-316,-667,570.5,96.5
1.74949017924225,825,509,-316,-667,570.5,96.5
1.75163679295911,826,509,-317,-667.5,571.5,96
1.75378340667597,824,509,-315,-666.5,569.5,97
1.75593002039283,825,509,-316,-667,570.5,96.5
1.75807663410969,824,509,-315,-666.5,569.5,97
1.76022324782655,825,509,-316,-667,570.5,96.5
1.76236986154342,825,509,-316,-667,570.5,96.5
1.76451647526028,826,509,-317,-667.5,571.5,96
1.76666308897714,826,509,-317,-667.5,571.5,96
1.768809702694,824,509,-315,-666.5,569.5,97
1.77095631641086,825,509,-316,-667,570.5,96.5
1.77310293012772,826,509,-317,-667.5,571.5,96
1.77524954384458,827,509,-318,-668,572.5,95.5
1.77739615756145,828,509,-319,-668.5,573.5,95
1.77954277127831,828,509,-319,-668.5,573.5,95
1.78168938499517,828,509,-319,-668.5,573.5,95
1.78383599871203,827,509,-318,-668,572.5,95.5
1.78598261242889,827,509,-318,-668,572.5,95.5
1.78812922614576,825,509,-316,-667,570.5,96.5
1.79027583986262,825,509,-316,-667,570.5,96.5
1.79242245357948,825,509,-316,-667,570.5,96.5
1.79456906729634,823,509,-314,-666,568.5,97.5
1.7967156810132,823,509,-314,-666,568.5,97.5
1.79886229473006,821,509,-312,-665,566.5,98.5
1.80100890844692,820,509,-311,-664.5,565.5,99
1.80315552216379,820,509,-311,-664.5,565.5,99
1.80530213588065,821,509,-312,-665,566.5,98.5
1.80744874959751,819,509,-310,-664,564.5,99.5
1.80959536331437,821,509,-312,-665,566.5,98.5
1.81174197703123,823,509,-314,-666,568.5,97.5
1.81388859074809,826,509,-317,-667.5,571.5,96
1.81603520446496,831,509,-322,-670,576.5,93.5
1.81818181818182,838,509,-329,-673.5,583.5,90
1.82032843189868,844,509,-335,-676.5,589.5,87
1.82247504561554,849,509,-340,-679,594.5,84.5
1.8246216593324,853,509,-344,-681,598.5,82.5
1.82676827304926,858,509,-349,-683.5,603.5,80
1.82891488676613,861,509,-352,-685,606.5,78.5
1.83106150048299,865,508,-357,-686.5,611,75.5
1.83320811419985,871,509,-362,-690,616.5,73.5
1.83535472791671,875,509,-366,-692,620.5,71.5
1.83750134163357,873,509,-364,-691,618.5,72.5
1.83964795535043,868,509,-359,-688.5,613.5,75
1.8417945690673,861,509,-352,-685,606.5,78.5
1.84394118278416,856,509,-347,-682.5,601.5,81
1.84608779650102,851,509,-342,-680,596.5,83.5
1.84823441021788,846,509,-337,-677.5,591.5,86
1.85038102393474,836,509,-327,-672.5,581.5,91
1.8525276376516,826,509,-317,-667.5,571.5,96
1.85467425136847,816,509,-307,-662.5,561.5,101
1.85682086508533,812,509,-303,-660.5,557.5,103
1.85896747880219,809,509,-300,-659,554.5,104.5
1.86111409251905,811,509,-302,-660,556.5,103.5
1.86326070623591,812,509,-303,-660.5,557.5,103
1.86540731995277,815,509,-306,-662,560.5,101.5
1.86755393366964,819,508,-311,-663.5,565,98.5
1.8697005473865,821,509,-312,-665,566.5,98.5
1.87184716110336,821,509,-312,-665,566.5,98.5
1.87399377482022,820,509,-311,-664.5,565.5,99
1.87614038853708,818,508,-310,-663,564,99
1.87828700225394,818,509,-309,-663.5,563.5,100
1.88043361597081,817,509,-308,-663,562.5,100.5
1.88258022968767,815,509,-306,-662,560.5,101.5
1.88472684340453,816,509,-307,-662.5,561.5,101
1.88687345712139,816,509,-307,-662.5,561.5,101
1.88902007083825,817,509,-308,-663,562.5,100.5
1.89116668455511,817,509,-308,-663,562.5,100.5
1.89331329827198,817,509,-308,-663,562.5,100.5
1.89545991198884,816,509,-307,-662.5,561.5,101
1.8976065257057,816,509,-307,-662.5,561.5,101
1.89975313942256,817,509,-308,-663,562.5,100.5
1.90189975313942,816,509,-307,-662.5,561.5,101
1.90404636685628,816,509,-307,-662.5,561.5,101
1.90619298057315,817,509,-308,-663,562.5,100.5
1.90833959429001,817,509,-308,-663,562.5,100.5
1.91048620800687,819,509,-310,-664,564.5,99.5
1.91263282172373,818,509,-309,-663.5,563.5,100
1.91477943544059,816,509,-307,-662.5,561.5,101
1.91692604915745,815,509,-306,-662,560.5,101.5
1.91907266287432,817,509,-308,-663,562.5,100.5
1.92121927659118,818,509,-309,-663.5,563.5,100
1.92336589030804,820,509,-311,-664.5,565.5,99
1.9255125040249,822,509,-313,-665.5,567.5,98
1.92765911774176,821,509,-312,-665,566.5,98.5
1.92980573145862,821,509,-312,-665,566.5,98.5
1.93195234517549,821,509,-312,-665,566.5,98.5
1.93409895889235,819,509,-310,-664,564.5,99.5
1.93624557260921,821,509,-312,-665,566.5,98.5
1.93839218632607,823,508,-315,-665.5,569,96.5
1.94053880004293,823,509,-314,-666,568.5,97.5
1.94268541375979,825,509,-316,-667,570.5,96.5
1.94483202747666,824,509,-315,-666.5,569.5,97
1.94697864119352,823,509,-314,-666,568.5,97.5
1.94912525491038,821,509,-312,-665,566.5,98.5
1.95127186862724,823,509,-314,-666,568.5,97.5
1.9534184823441,824,509,-315,-666.5,569.5,97
1.95556509606096,825,509,-316,-667,570.5,96.5
1.95771170977783,824,509,-315,-666.5,569.5,97
1.95985832349469,825,509,-316,-667,570.5,96.5
1.96200493721155,825,509,-316,-667,570.5,96.5
1.96415155092841,825,509,-316,-667,570.5,96.5
1.96629816464527,826,509,-317,-667.5,571.5,96
1.96844477836213,826,509,-317,-667.5,571.5,96
1.970591392079,827,509,-318,-668,572.5,95.5
1.97273800579586,826,509,-317,-667.5,571.5,96
1.97488461951272,827,509,-318,-668,572.5,95.5
1.97703123322958,827,509,-318,-668,572.5,95.5
1.97917784694644,827,509,-318,-668,572.5,95.5
1.9813244606633,826,509,-317,-667.5,571.5,96
1.98347107438017,827,509,-318,-668,572.5,95.5
1.98561768809703,827,509,-318,-668,572.5,95.5
1.98776430181389,827,509,-318,-668,572.5,95.5
1.98991091553075,827,509,-318,-668,572.5,95.5
1.99205752924761,826,509,-317,-667.5,571.5,96
1.99420414296447,828,509,-319,-668.5,573.5,95
1.99635075668133,828,508,-320,-668,574,94
1.9984973703982,829,509,-320,-669,574.5,94.5
2.00064398411506,828,509,-319,-668.5,573.5,95
2.00279059783192,829,508,-321,-668.5,575,93.5
2.00493721154878,829,508,-321,-668.5,575,93.5
2.00708382526564,828,508,-320,-668,574,94
2.00923043898251,829,509,-320,-669,574.5,94.5
2.01137705269937,829,509,-320,-669,574.5,94.5
2.01352366641623,829,508,-321,-668.5,575,93.5
2.01567028013309,830,509,-321,-669.5,575.5,94
2.01781689384995,832,509,-323,-670.5,577.5,93
2.01996350756681,830,509,-321,-669.5,575.5,94
2.02211012128367,830,509,-321,-669.5,575.5,94
2.02425673500054,831,508,-323,-669.5,577,92.5
2.0264033487174,831,509,-322,-670,576.5,93.5
2.02854996243426,831,509,-322,-670,576.5,93.5
2.03069657615112,831,509,-322,-670,576.5,93.5
2.03284318986798,831,509,-322,-670,576.5,93.5
2.03498980358484,832,509,-323,-670.5,577.5,93
2.03713641730171,832,508,-324,-670,578,92
2.03928303101857,830,509,-321,-669.5,575.5,94
2.04142964473543,830,509,-321,-669.5,575.5,94
2.04357625845229,831,509,-322,-670,576.5,93.5
2.04572287216915,831,509,-322,-670,576.5,93.5
2.04786948588601,833,509,-324,-671,578.5,92.5
2.05001609960288,834,509,-325,-671.5,579.5,92
2.05216271331974,834,509,-325,-671.5,579.5,92
2.0543093270366,835,509,-326,-672,580.5,91.5
2.05645594075346,833,509,-324,-671,578.5,92.5
2.05860255447032,833,509,-324,-671,578.5,92.5
2.06074916818718,833,509,-324,-671,578.5,92.5
2.06289578190405,833,509,-324,-671,578.5,92.5
2.06504239562091,833,509,-324,-671,578.5,92.5
2.06718900933777,834,509,-325,-671.5,579.5,92
2.06933562305463,833,509,-324,-671,578.5,92.5
2.07148223677149,835,509,-326,-672,580.5,91.5
2.07362885048835,834,509,-325,-671.5,579.5,92
2.07577546420522,834,509,-325,-671.5,579.5,92
2.07792207792208,833,509,-324,-671,578.5,92.5
2.08006869163894,833,509,-324,-671,578.5,92.5
2.0822153053558,831,508,-323,-669.5,577,92.5
2.08436191907266,831,509,-322,-670,576.5,93.5
2.08650853278952,829,509,-320,-669,574.5,94.5
2.08865514650639,830,509,-321,-669.5,575.5,94
2.09080176022325,829,509,-320,-669,574.5,94.5
2.09294837394011,828,509,-319,-668.5,573.5,95
2.09509498765697,827,509,-318,-668,572.5,95.5
2.09724160137383,823,509,-314,-666,568.5,97.5
2.09938821509069,822,509,-313,-665.5,567.5,98
2.10153482880756,822,509,-313,-665.5,567.5,98
2.10368144252442,821,509,-312,-665,566.5,98.5
2.10582805624128,820,508,-312,-664,566,98
2.10797466995814,819,509,-310,-664,564.5,99.5
2.110121283675,820,508,-312,-664,566,98
2.11226789739186,819,509,-310,-664,564.5,99.5
2.11441451110873,820,509,-311,-664.5,565.5,99
2.11656112482559,818,509,-309,-663.5,563.5,100
2.11870773854245,816,509,-307,-662.5,561.5,101
2.12085435225931,815,509,-306,-662,560.5,101.5
2.12300096597617,815,509,-306,-662,560.5,101.5
2.12514757969303,815,509,-306,-662,560.5,101.5
2.1272941934099,814,508,-306,-661,560,101
2.12944080712676,814,509,-305,-661.5,559.5,102
2.13158742084362,815,509,-306,-662,560.5,101.5
2.13373403456048,814,509,-305,-661.5,559.5,102
2.13588064827734,813,509,-304,-661,558.5,102.5
2.1380272619942,814,509,-305,-661.5,559.5,102
2.14017387571107,812,509,-303,-660.5,557.5,103
2.14232048942793,813,509,-304,-661,558.5,102.5
2.14446710314479,811,509,-302,-660,556.5,103.5
2.14661371686165,813,509,-304,-661,558.5,102.5
2.14876033057851,812,509,-303,-660.5,557.5,103
2.15090694429537,812,509,-303,-660.5,557.5,103
2.15305355801224,815,509,-306,-662,560.5,101.5
2.1552001717291,814,509,-305,-661.5,559.5,102
2.15734678544596,815,509,-306,-662,560.5,101.5
2.15949339916282,815,509,-306,-662,560.5,101.5
2.16164001287968,815,509,-306,-662,560.5,101.5
2.16378662659654,813,509,-304,-661,558.5,102.5
2.16593324031341,811,509,-302,-660,556.5,103.5
2.16807985403027,813,509,-304,-661,558.5,102.5
2.17022646774713,813,509,-304,-661,558.5,102.5
2.17237308146399,817,509,-308,-663,562.5,100.5
2.17451969518085,816,509,-307,-662.5,561.5,101
2.17666630889771,816,509,-307,-662.5,561.5,101
2.17881292261458,816,509,-307,-662.5,561.5,101
2.18095953633144,817,509,-308,-663,562.5,100.5
2.1831061500483,817,509,-308,-663,562.5,100.5
2.18525276376516,817,509,-308,-663,562.5,100.5
2.18739937748202,818,509,-309,-663.5,563.5,100
2.18954599119888,816,509,-307,-662.5,561.5,101
2.19169260491575,814,509,-305,-661.5,559.5,102
2.19383921863261,815,509,-306,-662,560.5,101.5
2.19598583234947,816,509,-307,-662.5,561.5,101
2.19813244606633,816,509,-307,-662.5,561.5,101
2.20027905978319,816,509,-307,-662.5,561.5,101
2.20242567350005,814,509,-305,-661.5,559.5,102
2.20457228721692,814,509,-305,-661.5,559.5,102
2.20671890093378,814,508,-306,-661,560,101
2.20886551465064,815,509,-306,-662,560.5,101.5
2.2110121283675,815,508,-307,-661.5,561,100.5
2.21315874208436,817,509,-308,-663,562.5,100.5
2.21530535580122,820,509,-311,-664.5,565.5,99
2.21745196951808,820,509,-311,-664.5,565.5,99
2.21959858323495,819,509,-310,-664,564.5,99.5
2.22174519695181,816,509,-307,-662.5,561.5,101
2.22389181066867,815,509,-306,-662,560.5,101.5
2.22603842438553,815,509,-306,-662,560.5,101.5
2.22818503810239,813,509,-304,-661,558.5,102.5
2.23033165181926,813,509,-304,-661,558.5,102.5
2.23247826553612,813,509,-304,-661,558.5,102.5
2.23462487925298,815,509,-306,-662,560.5,101.5
2.23677149296984,816,509,-307,-662.5,561.5,101
2.2389181066867,817,509,-308,-663,562.5,100.5
2.24106472040356,818,509,-309,-663.5,563.5,100
2.24321133412042,818,508,-310,-663,564,99
2.24535794783729,819,509,-310,-664,564.5,99.5
2.24750456155415,820,509,-311,-664.5,565.5,99
2.24965117527101,822,509,-313,-665.5,567.5,98
2.25179778898787,819,509,-310,-664,564.5,99.5
2.25394440270473,818,509,-309,-663.5,563.5,100
2.25609101642159,818,508,-310,-663,564,99
2.25823763013846,817,509,-308,-663,562.5,100.5
2.26038424385532,818,509,-309,-663.5,563.5,100
2.26253085757218,819,509,-310,-664,564.5,99.5
2.26467747128904,817,509,-308,-663,562.5,100.5
2.2668240850059,817,509,-308,-663,562.5,100.5
2.26897069872276,817,509,-308,-663,562.5,100.5
2.27111731243963,818,509,-309,-663.5,563.5,100
2.27326392615649,818,509,-309,-663.5,563.5,100
2.27541053987335,820,508,-312,-664,566,98
2.27755715359021,821,509,-312,-665,566.5,98.5
2.27970376730707,820,508,-312,-664,566,98
2.28185038102393,823,509,-314,-666,568.5,97.5
2.2839969947408,822,509,-313,-665.5,567.5,98
2.28614360845766,822,509,-313,-665.5,567.5,98
2.28829022217452,824,509,-315,-666.5,569.5,97
2.29043683589138,822,509,-313,-665.5,567.5,98
2.29258344960824,822,509,-313,-665.5,567.5,98
2.2947300633251,820,509,-311,-664.5,565.5,99
2.29687667704197,819,509,-310,-664,564.5,99.5
2.29902329075883,819,509,-310,-664,564.5,99.5
2.30116990447569,822,509,-313,-665.5,567.5,98
2.30331651819255,822,509,-313,-665.5,567.5,98
2.30546313190941,821,509,-312,-665,566.5,98.5
2.30760974562627,821,509,-312,-665,566.5,98.5
2.30975635934314,820,509,-311,-664.5,565.5,99
2.31190297306,819,509,-310,-664,564.5,99.5
2.31404958677686,820,509,-311,-664.5,565.5,99
2.31619620049372,821,509,-312,-665,566.5,98.5
2.31834281421058,823,509,-314,-666,568.5,97.5
2.32048942792744,823,509,-314,-666,568.5,97.5
2.32263604164431,823,509,-314,-666,568.5,97.5
2.32478265536117,825,509,-316,-667,570.5,96.5
2.32692926907803,824,509,-315,-666.5,569.5,97
2.32907588279489,824,509,-315,-666.5,569.5,97
2.33122249651175,824,509,-315,-666.5,569.5,97
2.33336911022861,823,509,-314,-666,568.5,97.5
2.33551572394548,824,509,-315,-666.5,569.5,97
2.33766233766234,823,509,-314,-666,568.5,97.5
2.3398089513792,824,509,-315,-666.5,569.5,97
2.34195556509606,823,509,-314,-666,568.5,97.5
2.34410217881292,824,509,-315,-666.5,569.5,97
2.34624879252978,823,509,-314,-666,568.5,97.5
2.34839540624665,825,509,-316,-667,570.5,96.5
2.35054201996351,824,509,-315,-666.5,569.5,97
2.35268863368037,825,509,-316,-667,570.5,96.5
2.35483524739723,826,509,-317,-667.5,571.5,96
2.35698186111409,825,509,-316,-667,570.5,96.5
2.35912847483095,825,509,-316,-667,570.5,96.5
2.36127508854782,826,509,-317,-667.5,571.5,96
2.36342170226468,827,509,-318,-668,572.5,95.5
2.36556831598154,826,509,-317,-667.5,571.5,96
2.3677149296984,826,509,-317,-667.5,571.5,96
2.36986154341526,826,509,-317,-667.5,571.5,96
2.37200815713212,827,509,-318,-668,572.5,95.5
2.37415477084899,828,509,-319,-668.5,573.5,95
2.37630138456585,828,509,-319,-668.5,573.5,95
2.37844799828271,828,509,-319,-668.5,573.5,95
2.38059461199957,827,509,-318,-668,572.5,95.5
2.38274122571643,828,508,-320,-668,574,94
2.38488783943329,828,509,-319,-668.5,573.5,95
2.38703445315016,828,509,-319,-668.5,573.5,95
2.38918106686702,828,509,-319,-668.5,573.5,95
2.39132768058388,830,509,-321,-669.5,575.5,94
2.39347429430074,829,509,-320,-669,574.5,94.5
2.3956209080176,830,509,-321,-669.5,575.5,94
2.39776752173446,831,509,-322,-670,576.5,93.5
2.39991413545133,833,508,-325,-670.5,579,91.5
2.40206074916819,831,509,-322,-670,576.5,93.5
2.40420736288505,831,509,-322,-670,576.5,93.5
2.40635397660191,831,509,-322,-670,576.5,93.5
2.40850059031877,832,509,-323,-670.5,577.5,93
2.41064720403563,832,509,-323,-670.5,577.5,93
2.4127938177525,831,509,-322,-670,576.5,93.5
2.41494043146936,828,509,-319,-668.5,573.5,95
2.41708704518622,827,509,-318,-668,572.5,95.5
2.41923365890308,825,509,-316,-667,570.5,96.5
2.42138027261994,823,509,-314,-666,568.5,97.5
2.4235268863368,823,509,-314,-666,568.5,97.5
2.42567350005367,823,509,-314,-666,568.5,97.5
2.42782011377053,823,509,-314,-666,568.5,97.5
2.42996672748739,821,509,-312,-665,566.5,98.5
2.43211334120425,821,509,-312,-665,566.5,98.5
2.43425995492111,821,509,-312,-665,566.5,98.5
2.43640656863797,818,509,-309,-663.5,563.5,100
2.43855318235483,817,509,-308,-663,562.5,100.5
2.4406997960717,817,509,-308,-663,562.5,100.5
2.44284640978856,816,509,-307,-662.5,561.5,101
2.44499302350542,816,509,-307,-662.5,561.5,101
2.44713963722228,815,509,-306,-662,560.5,101.5
2.44928625093914,815,509,-306,-662,560.5,101.5
2.45143286465601,814,509,-305,-661.5,559.5,102
2.45357947837287,814,509,-305,-661.5,559.5,102
2.45572609208973,814,509,-305,-661.5,559.5,102
2.45787270580659,814,509,-305,-661.5,559.5,102
2.46001931952345,815,509,-306,-662,560.5,101.5
2.46216593324031,813,509,-304,-661,558.5,102.5
2.46431254695717,813,509,-304,-661,558.5,102.5
2.46645916067404,814,509,-305,-661.5,559.5,102
2.4686057743909,811,509,-302,-660,556.5,103.5
2.47075238810776,811,509,-302,-660,556.5,103.5
2.47289900182462,813,509,-304,-661,558.5,102.5
2.47504561554148,814,509,-305,-661.5,559.5,102
2.47719222925834,813,509,-304,-661,558.5,102.5
2.47933884297521,814,509,-305,-661.5,559.5,102
2.48148545669207,813,509,-304,-661,558.5,102.5
2.48363207040893,813,509,-304,-661,558.5,102.5
2.48577868412579,813,509,-304,-661,558.5,102.5
2.48792529784265,813,509,-304,-661,558.5,102.5
2.49007191155951,811,509,-302,-660,556.5,103.5
2.49221852527638,812,509,-303,-660.5,557.5,103
2.49436513899324,811,508,-303,-659.5,557,102.5
2.4965117527101,811,509,-302,-660,556.5,103.5
2.49865836642696,813,509,-304,-661,558.5,102.5
2.50080498014382,811,509,-302,-660,556.5,103.5
2.50295159386068,810,509,-301,-659.5,555.5,104
2.50509820757755,809,509,-300,-659,554.5,104.5
2.50724482129441,809,509,-300,-659,554.5,104.5
2.50939143501127,809,509,-300,-659,554.5,104.5
2.51153804872813,811,509,-302,-660,556.5,103.5
2.51368466244499,813,509,-304,-661,558.5,102.5
2.51583127616185,814,509,-305,-661.5,559.5,102
2.51797788987872,815,509,-306,-662,560.5,101.5
2.52012450359558,815,509,-306,-662,560.5,101.5
2.52227111731244,816,509,-307,-662.5,561.5,101
2.5244177310293,822,509,-313,-665.5,567.5,98
2.52656434474616,830,509,-321,-669.5,575.5,94
2.52871095846302,839,509,-330,-674,584.5,89.5
2.53085757217989,848,509,-339,-678.5,593.5,85
2.53300418589675,853,509,-344,-681,598.5,82.5
2.53515079961361,856,509,-347,-682.5,601.5,81
2.53729741333047,861,509,-352,-685,606.5,78.5
2.53944402704733,862,509,-353,-685.5,607.5,78
2.54159064076419,867,509,-358,-688,612.5,75.5
2.54373725448106,867,509,-358,-688,612.5,75.5
2.54588386819792,862,509,-353,-685.5,607.5,78
2.54803048191478,859,509,-350,-684,604.5,79.5
2.55017709563164,855,509,-346,-682,600.5,81.5
2.5523237093485,852,509,-343,-680.5,597.5,83
2.55447032306536,839,509,-330,-674,584.5,89.5
2.55661693678223,827,509,-318,-668,572.5,95.5
2.55876355049909,814,509,-305,-661.5,559.5,102
2.56091016421595,804,509,-295,-656.5,549.5,107
2.56305677793281,799,509,-290,-654,544.5,109.5
2.56520339164967,798,509,-289,-653.5,543.5,110
2.56735000536653,799,509,-290,-654,544.5,109.5
2.5694966190834,802,509,-293,-655.5,547.5,108
2.57164323280026,806,509,-297,-657.5,551.5,106
2.57378984651712,810,509,-301,-659.5,555.5,104
2.57593646023398,814,509,-305,-661.5,559.5,102
2.57808307395084,813,509,-304,-661,558.5,102.5
2.5802296876677,813,509,-304,-661,558.5,102.5
2.58237630138457,812,509,-303,-660.5,557.5,103
2.58452291510143,811,509,-302,-660,556.5,103.5
2.58666952881829,813,509,-304,-661,558.5,102.5
2.58881614253515,813,509,-304,-661,558.5,102.5
2.59096275625201,811,508,-303,-659.5,557,102.5
2.59310936996887,810,509,-301,-659.5,555.5,104
2.59525598368574,811,509,-302,-660,556.5,103.5
2.5974025974026,812,509,-303,-660.5,557.5,103
2.59954921111946,812,509,-303,-660.5,557.5,103
2.60169582483632,812,509,-303,-660.5,557.5,103
2.60384243855318,809,509,-300,-659,554.5,104.5
2.60598905227004,809,509,-300,-659,554.5,104.5
2.60813566598691,807,509,-298,-658,552.5,105.5
2.61028227970377,807,509,-298,-658,552.5,105.5
2.61242889342063,807,509,-298,-658,552.5,105.5
2.61457550713749,808,509,-299,-658.5,553.5,105
2.61672212085435,810,509,-301,-659.5,555.5,104
2.61886873457121,811,508,-303,-659.5,557,102.5
2.62101534828808,812,509,-303,-660.5,557.5,103
2.62316196200494,812,509,-303,-660.5,557.5,103
2.6253085757218,813,509,-304,-661,558.5,102.5
2.62745518943866,814,509,-305,-661.5,559.5,102
2.62960180315552,814,509,-305,-661.5,559.5,102
2.63174841687238,814,509,-305,-661.5,559.5,102
2.63389503058925,813,509,-304,-661,558.5,102.5
2.63604164430611,811,509,-302,-660,556.5,103.5
2.63818825802297,810,509,-301,-659.5,555.5,104
2.64033487173983,811,509,-302,-660,556.5,103.5
2.64248148545669,810,509,-301,-659.5,555.5,104
2.64462809917355,811,509,-302,-660,556.5,103.5
2.64677471289042,810,509,-301,-659.5,555.5,104
2.64892132660728,812,509,-303,-660.5,557.5,103
2.65106794032414,813,509,-304,-661,558.5,102.5
2.653214554041,812,509,-303,-660.5,557.5,103
2.65536116775786,814,509,-305,-661.5,559.5,102
2.65750778147472,814,509,-305,-661.5,559.5,102
2.65965439519158,814,508,-306,-661,560,101
2.66180100890845,814,509,-305,-661.5,559.5,102
2.66394762262531,813,509,-304,-661,558.5,102.5
2.66609423634217,813,509,-304,-661,558.5,102.5
2.66824085005903,813,509,-304,-661,558.5,102.5
2.67038746377589,813,509,-304,-661,558.5,102.5
2.67253407749276,813,509,-304,-661,558.5,102.5
2.67468069120962,814,509,-305,-661.5,559.5,102
2.67682730492648,816,509,-307,-662.5,561.5,101
2.67897391864334,817,509,-308,-663,562.5,100.5
2.6811205323602,819,509,-310,-664,564.5,99.5
2.68326714607706,819,509,-310,-664,564.5,99.5
2.68541375979393,818,509,-309,-663.5,563.5,100
2.68756037351079,818,509,-309,-663.5,563.5,100
2.68970698722765,816,509,-307,-662.5,561.5,101
2.69185360094451,815,509,-306,-662,560.5,101.5
2.69400021466137,816,509,-307,-662.5,561.5,101
2.69614682837823,819,509,-310,-664,564.5,99.5
2.69829344209509,818,509,-309,-663.5,563.5,100
2.70044005581196,820,509,-311,-664.5,565.5,99
2.70258666952882,820,509,-311,-664.5,565.5,99
2.70473328324568,819,509,-310,-664,564.5,99.5
2.70687989696254,819,509,-310,-664,564.5,99.5
2.7090265106794,817,509,-308,-663,562.5,100.5
2.71117312439626,817,509,-308,-663,562.5,100.5
2.71331973811313,819,509,-310,-664,564.5,99.5
2.71546635182999,820,509,-311,-664.5,565.5,99
2.71761296554685,820,509,-311,-664.5,565.5,99
2.71975957926371,822,508,-314,-665,568,97
2.72190619298057,823,509,-314,-666,568.5,97.5
2.72405280669743,824,509,-315,-666.5,569.5,97
2.7261994204143,825,509,-316,-667,570.5,96.5
2.72834603413116,826,508,-318,-667,572,95
2.73049264784802,826,509,-317,-667.5,571.5,96
2.73263926156488,826,509,-317,-667.5,571.5,96
2.73478587528174,825,509,-316,-667,570.5,96.5
2.7369324889986,824,509,-315,-666.5,569.5,97
2.73907910271547,825,509,-316,-667,570.5,96.5
2.74122571643233,825,509,-316,-667,570.5,96.5
2.74337233014919,824,509,-315,-666.5,569.5,97
2.74551894386605,824,509,-315,-666.5,569.5,97
2.74766555758291,824,509,-315,-666.5,569.5,97
2.74981217129977,824,509,-315,-666.5,569.5,97
2.75195878501664,826,508,-318,-667,572,95
2.7541053987335,825,509,-316,-667,570.5,96.5
2.75625201245036,825,509,-316,-667,570.5,96.5
2.75839862616722,825,509,-316,-667,570.5,96.5
2.76054523988408,825,509,-316,-667,570.5,96.5
2.76269185360094,827,509,-318,-668,572.5,95.5
2.76483846731781,828,509,-319,-668.5,573.5,95
2.76698508103467,827,508,-319,-667.5,573,94.5
2.76913169475153,828,509,-319,-668.5,573.5,95
2.77127830846839,829,509,-320,-669,574.5,94.5
2.77342492218525,828,509,-319,-668.5,573.5,95
2.77557153590211,827,509,-318,-668,572.5,95.5
2.77771814961898,826,509,-317,-667.5,571.5,96
2.77986476333584,826,509,-317,-667.5,571.5,96
2.7820113770527,827,509,-318,-668,572.5,95.5
2.78415799076956,824,509,-315,-666.5,569.5,97
2.78630460448642,824,509,-315,-666.5,569.5,97
2.78845121820328,822,509,-313,-665.5,567.5,98
2.79059783192015,822,509,-313,-665.5,567.5,98
2.79274444563701,821,509,-312,-665,566.5,98.5
2.79489105935387,821,509,-312,-665,566.5,98.5
2.79703767307073,818,509,-309,-663.5,563.5,100
2.79918428678759,817,509,-308,-663,562.5,100.5
2.80133090050445,818,509,-309,-663.5,563.5,100
2.80347751422132,817,509,-308,-663,562.5,100.5
2.80562412793818,817,509,-308,-663,562.5,100.5
2.80777074165504,815,509,-306,-662,560.5,101.5
2.8099173553719,814,509,-305,-661.5,559.5,102
2.81206396908876,811,509,-302,-660,556.5,103.5
2.81421058280562,810,509,-301,-659.5,555.5,104
2.81635719652249,810,508,-302,-659,556,103
2.81850381023935,810,509,-301,-659.5,555.5,104
2.82065042395621,810,509,-301,-659.5,555.5,104
2.82279703767307,810,509,-301,-659.5,555.5,104
2.82494365138993,809,508,-301,-658.5,555,103.5
2.82709026510679,808,509,-299,-658.5,553.5,105
2.82923687882366,807,509,-298,-658,552.5,105.5
2.83138349254052,806,509,-297,-657.5,551.5,106
2.83353010625738,805,509,-296,-657,550.5,106.5
2.83567671997424,805,509,-296,-657,550.5,106.5
2.8378233336911,803,509,-294,-656,548.5,107.5
2.83996994740796,803,509,-294,-656,548.5,107.5
2.84211656112483,801,509,-292,-655,546.5,108.5
2.84426317484169,802,509,-293,-655.5,547.5,108
2.84640978855855,803,509,-294,-656,548.5,107.5
2.84855640227541,803,509,-294,-656,548.5,107.5
2.85070301599227,803,509,-294,-656,548.5,107.5
2.85284962970913,805,509,-296,-657,550.5,106.5
2.854996243426,804,509,-295,-656.5,549.5,107
2.85714285714286,803,509,-294,-656,548.5,107.5
2.85928947085972,802,509,-293,-655.5,547.5,108
2.86143608457658,802,509,-293,-655.5,547.5,108
2.86358269829344,801,509,-292,-655,546.5,108.5
2.8657293120103,802,509,-293,-655.5,547.5,108
2.86787592572717,803,509,-294,-656,548.5,107.5
2.87002253944403,805,509,-296,-657,550.5,106.5
2.87216915316089,806,509,-297,-657.5,551.5,106
2.87431576687775,803,509,-294,-656,548.5,107.5
2.87646238059461,804,509,-295,-656.5,549.5,107
2.87860899431147,804,509,-295,-656.5,549.5,107
2.88075560802833,804,509,-295,-656.5,549.5,107
2.8829022217452,803,509,-294,-656,548.5,107.5
2.88504883546206,804,509,-295,-656.5,549.5,107
2.88719544917892,803,509,-294,-656,548.5,107.5
2.88934206289578,803,509,-294,-656,548.5,107.5
2.89148867661264,804,508,-296,-656,550,106
2.89363529032951,803,509,-294,-656,548.5,107.5
2.89578190404637,805,509,-296,-657,550.5,106.5
2.89792851776323,803,509,-294,-656,548.5,107.5
2.90007513148009,805,509,-296,-657,550.5,106.5
2.90222174519695,805,509,-296,-657,550.5,106.5
2.90436835891381,806,509,-297,-657.5,551.5,106
2.90651497263068,804,509,-295,-656.5,549.5,107
2.90866158634754,805,509,-296,-657,550.5,106.5
2.9108082000644,804,509,-295,-656.5,549.5,107
2.91295481378126,804,509,-295,-656.5,549.5,107
2.91510142749812,803,509,-294,-656,548.5,107.5
2.91724804121498,804,509,-295,-656.5,549.5,107
2.91939465493184,805,509,-296,-657,550.5,106.5
2.92154126864871,806,509,-297,-657.5,551.5,106
2.92368788236557,808,509,-299,-658.5,553.5,105
2.92583449608243,807,509,-298,-658,552.5,105.5
2.92798110979929,807,509,-298,-658,552.5,105.5
2.93012772351615,807,509,-298,-658,552.5,105.5
2.93227433723301,806,509,-297,-657.5,551.5,106
2.93442095094988,808,509,-299,-658.5,553.5,105
2.93656756466674,807,509,-298,-658,552.5,105.5
2.9387141783836,805,509,-296,-657,550.5,106.5
2.94086079210046,806,509,-297,-657.5,551.5,106
2.94300740581732,806,509,-297,-657.5,551.5,106
2.94515401953418,806,509,-297,-657.5,551.5,106
2.94730063325105,807,509,-298,-658,552.5,105.5
2.94944724696791,807,509,-298,-658,552.5,105.5
2.95159386068477,806,509,-297,-657.5,551.5,106
2.95374047440163,807,508,-299,-657.5,553,104.5
2.95588708811849,807,509,-298,-658,552.5,105.5
2.95803370183535,806,509,-297,-657.5,551.5,106
2.96018031555222,806,508,-298,-657,552,105
2.96232692926908,806,508,-298,-657,552,105
2.96447354298594,807,509,-298,-658,552.5,105.5
2.9666201567028,808,509,-299,-658.5,553.5,105
2.96876677041966,809,509,-300,-659,554.5,104.5
2.97091338413652,809,509,-300,-659,554.5,104.5
2.97305999785339,809,509,-300,-659,554.5,104.5
2.97520661157025,808,509,-299,-658.5,553.5,105
2.97735322528711,810,509,-301,-659.5,555.5,104
2.97949983900397,809,509,-300,-659,554.5,104.5
2.98164645272083,809,509,-300,-659,554.5,104.5
2.98379306643769,809,509,-300,-659,554.5,104.5
2.98593968015456,811,509,-302,-660,556.5,103.5
2.98808629387142,811,509,-302,-660,556.5,103.5
2.99023290758828,809,509,-300,-659,554.5,104.5
2.99237952130514,809,509,-300,-659,554.5,104.5
2.994526135022,808,509,-299,-658.5,553.5,105
2.99667274873886,807,509,-298,-658,552.5,105.5
2.99881936245573,809,509,-300,-659,554.5,104.5
3.00096597617259,808,509,-299,-658.5,553.5,105
3.00311258988945,807,509,-298,-658,552.5,105.5
3.00525920360631,808,509,-299,-658.5,553.5,105
3.00740581732317,809,509,-300,-659,554.5,104.5
3.00955243104003,809,509,-300,-659,554.5,104.5
3.0116990447569,809,509,-300,-659,554.5,104.5
3.01384565847376,809,509,-300,-659,554.5,104.5
3.01599227219062,810,509,-301,-659.5,555.5,104
3.01813888590748,808,508,-300,-658,554,104
3.02028549962434,809,509,-300,-659,554.5,104.5
3.0224321133412,810,508,-302,-659,556,103
3.02457872705807,808,509,-299,-658.5,553.5,105
3.02672534077493,808,509,-299,-658.5,553.5,105
3.02887195449179,810,509,-301,-659.5,555.5,104
3.03101856820865,810,509,-301,-659.5,555.5,104
3.03316518192551,809,509,-300,-659,554.5,104.5
3.03531179564237,809,508,-301,-658.5,555,103.5
3.03745840935924,808,509,-299,-658.5,553.5,105
3.0396050230761,810,509,-301,-659.5,555.5,104
3.04175163679296,808,509,-299,-658.5,553.5,105
3.04389825050982,808,509,-299,-658.5,553.5,105
3.04604486422668,809,509,-300,-659,554.5,104.5
3.04819147794354,810,508,-302,-659,556,103
3.05033809166041,809,509,-300,-659,554.5,104.5
3.05248470537727,809,509,-300,-659,554.5,104.5
3.05463131909413,809,508,-301,-658.5,555,103.5
3.05677793281099,808,509,-299,-658.5,553.5,105
3.05892454652785,807,509,-298,-658,552.5,105.5
3.06107116024471,809,509,-300,-659,554.5,104.5
3.06321777396158,809,509,-300,-659,554.5,104.5
3.06536438767844,810,509,-301,-659.5,555.5,104
3.0675110013953,811,509,-302,-660,556.5,103.5
3.06965761511216,813,509,-304,-661,558.5,102.5
3.07180422882902,812,509,-303,-660.5,557.5,103
3.07395084254588,811,509,-302,-660,556.5,103.5
3.07609745626275,811,509,-302,-660,556.5,103.5
3.07824406997961,813,509,-304,-661,558.5,102.5
3.08039068369647,813,509,-304,-661,558.5,102.5
3.08253729741333,814,509,-305,-661.5,559.5,102
3.08468391113019,813,509,-304,-661,558.5,102.5
3.08683052484705,814,508,-306,-661,560,101
3.08897713856392,815,509,-306,-662,560.5,101.5
3.09112375228078,815,509,-306,-662,560.5,101.5
3.09327036599764,816,509,-307,-662.5,561.5,101
3.0954169797145,818,509,-309,-663.5,563.5,100
3.09756359343136,819,509,-310,-664,564.5,99.5
3.09971020714822,818,509,-309,-663.5,563.5,100
3.10185682086508,817,509,-308,-663,562.5,100.5
3.10400343458195,818,509,-309,-663.5,563.5,100
3.10615004829881,818,509,-309,-663.5,563.5,100
3.10829666201567,818,508,-310,-663,564,99
3.11044327573253,817,509,-308,-663,562.5,100.5
3.11258988944939,816,509,-307,-662.5,561.5,101
3.11473650316626,816,509,-307,-662.5,561.5,101
3.11688311688312,813,509,-304,-661,558.5,102.5
3.11902973059998,812,509,-303,-660.5,557.5,103
3.12117634431684,812,509,-303,-660.5,557.5,103
3.1233229580337,812,509,-303,-660.5,557.5,103
3.12546957175056,811,509,-302,-660,556.5,103.5
3.12761618546743,809,508,-301,-658.5,555,103.5
3.12976279918429,808,509,-299,-658.5,553.5,105
3.13190941290115,805,509,-296,-657,550.5,106.5
3.13405602661801,808,509,-299,-658.5,553.5,105
3.13620264033487,807,509,-298,-658,552.5,105.5
3.13834925405173,809,508,-301,-658.5,555,103.5
3.14049586776859,807,509,-298,-658,552.5,105.5
3.14264248148546,807,508,-299,-657.5,553,104.5
3.14478909520232,808,509,-299,-658.5,553.5,105
3.14693570891918,807,509,-298,-658,552.5,105.5
3.14908232263604,807,509,-298,-658,552.5,105.5
3.1512289363529,804,509,-295,-656.5,549.5,107
3.15337555006976,804,508,-296,-656,550,106
3.15552216378663,802,509,-293,-655.5,547.5,108
3.15766877750349,801,509,-292,-655,546.5,108.5
3.15981539122035,801,509,-292,-655,546.5,108.5
3.16196200493721,802,509,-293,-655.5,547.5,108
3.16410861865407,805,509,-296,-657,550.5,106.5
3.16625523237093,805,509,-296,-657,550.5,106.5
3.1684018460878,805,509,-296,-657,550.5,106.5
3.17054845980466,805,509,-296,-657,550.5,106.5
3.17269507352152,805,509,-296,-657,550.5,106.5
3.17484168723838,806,508,-298,-657,552,105
3.17698830095524,807,509,-298,-658,552.5,105.5
3.1791349146721,806,508,-298,-657,552,105
3.18128152838897,806,509,-297,-657.5,551.5,106
3.18342814210583,804,509,-295,-656.5,549.5,107
3.18557475582269,803,509,-294,-656,548.5,107.5
3.18772136953955,805,509,-296,-657,550.5,106.5
3.18986798325641,806,509,-297,-657.5,551.5,106
3.19201459697327,805,509,-296,-657,550.5,106.5
3.19416121069014,805,509,-296,-657,550.5,106.5
3.196307824407,805,509,-296,-657,550.5,106.5
3.19845443812386,805,509,-296,-657,550.5,106.5
3.20060105184072,805,509,-296,-657,550.5,106.5
3.20274766555758,804,509,-295,-656.5,549.5,107
3.20489427927444,802,509,-293,-655.5,547.5,108
3.20704089299131,804,509,-295,-656.5,549.5,107
3.20918750670817,802,509,-293,-655.5,547.5,108
3.21133412042503,803,509,-294,-656,548.5,107.5
3.21348073414189,803,509,-294,-656,548.5,107.5
3.21562734785875,803,509,-294,-656,548.5,107.5
3.21777396157561,805,509,-296,-657,550.5,106.5
3.21992057529248,810,509,-301,-659.5,555.5,104
3.22206718900934,819,509,-310,-664,564.5,99.5
3.2242138027262,830,509,-321,-669.5,575.5,94
3.22636041644306,841,509,-332,-675,586.5,88.5
3.22850703015992,849,509,-340,-679,594.5,84.5
3.23065364387678,853,509,-344,-681,598.5,82.5
3.23280025759365,857,509,-348,-683,602.5,80.5
3.23494687131051,861,508,-353,-684.5,607,77.5
3.23709348502737,862,509,-353,-685.5,607.5,78
3.23924009874423,865,509,-356,-687,610.5,76.5
3.24138671246109,864,509,-355,-686.5,609.5,77
3.24353332617795,862,509,-353,-685.5,607.5,78
3.24567993989482,857,509,-348,-683,602.5,80.5
3.24782655361168,851,509,-342,-680,596.5,83.5
3.24997316732854,844,509,-335,-676.5,589.5,87
3.2521197810454,832,509,-323,-670.5,577.5,93
3.25426639476226,818,509,-309,-663.5,563.5,100
3.25641300847912,806,509,-297,-657.5,551.5,106
3.25855962219599,798,509,-289,-653.5,543.5,110
3.26070623591285,793,509,-284,-651,538.5,112.5
3.26285284962971,791,509,-282,-650,536.5,113.5
3.26499946334657,791,509,-282,-650,536.5,113.5
3.26714607706343,794,509,-285,-651.5,539.5,112
3.26929269078029,799,509,-290,-654,544.5,109.5
3.27143930449716,801,509,-292,-655,546.5,108.5
3.27358591821402,803,509,-294,-656,548.5,107.5
3.27573253193088,804,509,-295,-656.5,549.5,107
3.27787914564774,807,509,-298,-658,552.5,105.5
3.2800257593646,806,509,-297,-657.5,551.5,106
3.28217237308146,806,509,-297,-657.5,551.5,106
3.28431898679833,807,509,-298,-658,552.5,105.5
3.28646560051519,806,509,-297,-657.5,551.5,106
3.28861221423205,808,509,-299,-658.5,553.5,105
3.29075882794891,807,509,-298,-658,552.5,105.5
3.29290544166577,807,509,-298,-658,552.5,105.5
3.29505205538263,805,509,-296,-657,550.5,106.5
3.2971986690995,807,509,-298,-658,552.5,105.5
3.29934528281636,808,509,-299,-658.5,553.5,105
3.30149189653322,809,509,-300,-659,554.5,104.5
3.30363851025008,808,509,-299,-658.5,553.5,105
3.30578512396694,807,509,-298,-658,552.5,105.5
3.3079317376838,806,509,-297,-657.5,551.5,106
3.31007835140067,806,508,-298,-657,552,105
3.31222496511753,806,509,-297,-657.5,551.5,106
3.31437157883439,808,508,-300,-658,554,104
3.31651819255125,808,509,-299,-658.5,553.5,105
3.31866480626811,810,509,-301,-659.5,555.5,104
3.32081141998497,812,508,-304,-660,558,102
3.32295803370184,813,509,-304,-661,558.5,102.5
3.3251046474187,811,509,-302,-660,556.5,103.5
3.32725126113556,813,509,-304,-661,558.5,102.5
3.32939787485242,811,509,-302,-660,556.5,103.5
3.33154448856928,812,509,-303,-660.5,557.5,103
3.33369110228614,812,509,-303,-660.5,557.5,103
3.33583771600301,811,509,-302,-660,556.5,103.5
3.33798432971987,810,509,-301,-659.5,555.5,104
3.34013094343673,811,509,-302,-660,556.5,103.5
3.34227755715359,811,508,-303,-659.5,557,102.5
3.34442417087045,814,509,-305,-661.5,559.5,102
3.34657078458731,813,509,-304,-661,558.5,102.5
3.34871739830418,814,509,-305,-661.5,559.5,102
3.35086401202104,812,509,-303,-660.5,557.5,103
3.3530106257379,812,509,-303,-660.5,557.5,103
3.35515723945476,816,509,-307,-662.5,561.5,101
3.35730385317162,817,509,-308,-663,562.5,100.5
3.35945046688848,817,509,-308,-663,562.5,100.5
3.36159708060534,818,508,-310,-663,564,99
3.36374369432221,817,509,-308,-663,562.5,100.5
3.36589030803907,817,509,-308,-663,562.5,100.5
3.36803692175593,817,509,-308,-663,562.5,100.5
3.37018353547279,819,509,-310,-664,564.5,99.5
3.37233014918965,818,509,-309,-663.5,563.5,100
3.37447676290651,817,509,-308,-663,562.5,100.5
3.37662337662338,819,509,-310,-664,564.5,99.5
3.37876999034024,817,509,-308,-663,562.5,100.5
3.3809166040571,818,508,-310,-663,564,99
3.38306321777396,819,509,-310,-664,564.5,99.5
3.38520983149082,819,509,-310,-664,564.5,99.5
3.38735644520768,819,509,-310,-664,564.5,99.5
3.38950305892455,819,509,-310,-664,564.5,99.5
3.39164967264141,820,509,-311,-664.5,565.5,99
3.39379628635827,819,509,-310,-664,564.5,99.5
3.39594290007513,820,509,-311,-664.5,565.5,99
3.39808951379199,821,509,-312,-665,566.5,98.5
3.40023612750885,821,508,-313,-664.5,567,97.5
3.40238274122572,824,508,-316,-666,570,96
3.40452935494258,826,509,-317,-667.5,571.5,96
3.40667596865944,825,509,-316,-667,570.5,96.5
3.4088225823763,826,509,-317,-667.5,571.5,96
3.41096919609316,825,509,-316,-667,570.5,96.5
3.41311580981002,824,509,-315,-666.5,569.5,97
3.41526242352689,823,509,-314,-666,568.5,97.5
3.41740903724375,825,509,-316,-667,570.5,96.5
3.41955565096061,825,509,-316,-667,570.5,96.5
3.42170226467747,826,508,-318,-667,572,95
3.42384887839433,826,509,-317,-667.5,571.5,96
3.42599549211119,825,509,-316,-667,570.5,96.5
3.42814210582806,827,509,-318,-668,572.5,95.5
3.43028871954492,828,508,-320,-668,574,94
3.43243533326178,828,509,-319,-668.5,573.5,95
3.43458194697864,830,509,-321,-669.5,575.5,94
3.4367285606955,830,509,-321,-669.5,575.5,94
3.43887517441236,831,509,-322,-670,576.5,93.5
3.44102178812923,829,509,-320,-669,574.5,94.5
3.44316840184609,829,509,-320,-669,574.5,94.5
3.44531501556295,831,509,-322,-670,576.5,93.5
3.44746162927981,832,509,-323,-670.5,577.5,93
3.44960824299667,834,509,-325,-671.5,579.5,92
3.45175485671353,834,509,-325,-671.5,579.5,92
3.4539014704304,834,509,-325,-671.5,579.5,92
3.45604808414726,834,509,-325,-671.5,579.5,92
3.45819469786412,832,509,-323,-670.5,577.5,93
3.46034131158098,832,509,-323,-670.5,577.5,93
3.46248792529784,832,509,-323,-670.5,577.5,93
3.4646345390147,832,509,-323,-670.5,577.5,93
3.46678115273157,832,509,-323,-670.5,577.5,93
3.46892776644843,832,509,-323,-670.5,577.5,93
3.47107438016529,834,508,-326,-671,580,91
3.47322099388215,833,509,-324,-671,578.5,92.5
3.47536760759901,834,509,-325,-671.5,579.5,92
3.47751422131587,834,509,-325,-671.5,579.5,92
3.47966083503274,834,509,-325,-671.5,579.5,92
3.4818074487496,834,509,-325,-671.5,579.5,92
3.48395406246646,833,509,-324,-671,578.5,92.5
3.48610067618332,833,509,-324,-671,578.5,92.5
3.48824728990018,832,509,-323,-670.5,577.5,93
3.49039390361704,830,509,-321,-669.5,575.5,94
3.49254051733391,829,509,-320,-669,574.5,94.5
3.49468713105077,829,509,-320,-669,574.5,94.5
3.49683374476763,826,509,-317,-667.5,571.5,96
3.49898035848449,825,509,-316,-667,570.5,96.5
3.50112697220135,825,509,-316,-667,570.5,96.5
3.50327358591821,824,509,-315,-666.5,569.5,97
3.50542019963508,824,509,-315,-666.5,569.5,97
3.50756681335194,824,509,-315,-666.5,569.5,97
3.5097134270688,824,509,-315,-666.5,569.5,97
3.51186004078566,823,509,-314,-666,568.5,97.5
3.51400665450252,822,509,-313,-665.5,567.5,98
3.51615326821938,821,509,-312,-665,566.5,98.5
3.51829988193625,821,509,-312,-665,566.5,98.5
3.52044649565311,821,509,-312,-665,566.5,98.5
3.52259310936997,819,509,-310,-664,564.5,99.5
3.52473972308683,817,509,-308,-663,562.5,100.5
3.52688633680369,813,509,-304,-661,558.5,102.5
3.52903295052055,811,509,-302,-660,556.5,103.5
3.53117956423742,809,509,-300,-659,554.5,104.5
3.53332617795428,810,509,-301,-659.5,555.5,104
3.53547279167114,813,509,-304,-661,558.5,102.5
3.537619405388,815,509,-306,-662,560.5,101.5
3.53976601910486,816,509,-307,-662.5,561.5,101
3.54191263282172,815,509,-306,-662,560.5,101.5
3.54405924653859,816,509,-307,-662.5,561.5,101
3.54620586025545,815,509,-306,-662,560.5,101.5
3.54835247397231,814,509,-305,-661.5,559.5,102
3.55049908768917,814,509,-305,-661.5,559.5,102
3.55264570140603,814,508,-306,-661,560,101
3.55479231512289,815,509,-306,-662,560.5,101.5
3.55693892883976,814,509,-305,-661.5,559.5,102
3.55908554255662,814,509,-305,-661.5,559.5,102
3.56123215627348,814,509,-305,-661.5,559.5,102
3.56337876999034,813,509,-304,-661,558.5,102.5
3.5655253837072,816,509,-307,-662.5,561.5,101
3.56767199742406,818,509,-309,-663.5,563.5,100
3.56981861114093,819,509,-310,-664,564.5,99.5
3.57196522485779,818,509,-309,-663.5,563.5,100
3.57411183857465,818,509,-309,-663.5,563.5,100
3.57625845229151,819,509,-310,-664,564.5,99.5
3.57840506600837,818,509,-309,-663.5,563.5,100
3.58055167972523,818,509,-309,-663.5,563.5,100
3.58269829344209,817,509,-308,-663,562.5,100.5
3.58484490715896,817,509,-308,-663,562.5,100.5
3.58699152087582,818,509,-309,-663.5,563.5,100
3.58913813459268,817,509,-308,-663,562.5,100.5
3.59128474830954,819,509,-310,-664,564.5,99.5
3.5934313620264,819,509,-310,-664,564.5,99.5
3.59557797574326,818,509,-309,-663.5,563.5,100
3.59772458946013,817,509,-308,-663,562.5,100.5
3.59987120317699,817,509,-308,-663,562.5,100.5
3.60201781689385,818,509,-309,-663.5,563.5,100
3.60416443061071,818,509,-309,-663.5,563.5,100
3.60631104432757,822,509,-313,-665.5,567.5,98
3.60845765804443,820,509,-311,-664.5,565.5,99
3.6106042717613,822,509,-313,-665.5,567.5,98
3.61275088547816,823,509,-314,-666,568.5,97.5
3.61489749919502,824,509,-315,-666.5,569.5,97
3.61704411291188,824,509,-315,-666.5,569.5,97
3.61919072662874,824,509,-315,-666.5,569.5,97
3.6213373403456,824,509,-315,-666.5,569.5,97
3.62348395406247,823,509,-314,-666,568.5,97.5
3.62563056777933,824,509,-315,-666.5,569.5,97
3.62777718149619,822,509,-313,-665.5,567.5,98
3.62992379521305,823,509,-314,-666,568.5,97.5
3.63207040892991,821,509,-312,-665,566.5,98.5
3.63421702264677,822,509,-313,-665.5,567.5,98
3.63636363636364,821,509,-312,-665,566.5,98.5
3.6385102500805,824,509,-315,-666.5,569.5,97
3.64065686379736,826,509,-317,-667.5,571.5,96
3.64280347751422,827,508,-319,-667.5,573,94.5
3.64495009123108,827,509,-318,-668,572.5,95.5
3.64709670494794,827,509,-318,-668,572.5,95.5
3.64924331866481,828,509,-319,-668.5,573.5,95
3.65138993238167,828,509,-319,-668.5,573.5,95
3.65353654609853,828,509,-319,-668.5,573.5,95
3.65568315981539,827,509,-318,-668,572.5,95.5
3.65782977353225,826,509,-317,-667.5,571.5,96
3.65997638724911,825,509,-316,-667,570.5,96.5
3.66212300096598,826,509,-317,-667.5,571.5,96
3.66426961468284,824,509,-315,-666.5,569.5,97
3.6664162283997,825,509,-316,-667,570.5,96.5
3.66856284211656,825,509,-316,-667,570.5,96.5
3.67070945583342,827,509,-318,-668,572.5,95.5
3.67285606955028,828,509,-319,-668.5,573.5,95
3.67500268326715,829,509,-320,-669,574.5,94.5
3.67714929698401,829,509,-320,-669,574.5,94.5
3.67929591070087,829,509,-320,-669,574.5,94.5
3.68144252441773,828,508,-320,-668,574,94
3.68358913813459,827,509,-318,-668,572.5,95.5
3.68573575185145,826,509,-317,-667.5,571.5,96
3.68788236556832,827,509,-318,-668,572.5,95.5
3.69002897928518,828,509,-319,-668.5,573.5,95
3.69217559300204,826,509,-317,-667.5,571.5,96
3.6943222067189,827,509,-318,-668,572.5,95.5
3.69646882043576,827,509,-318,-668,572.5,95.5
3.69861543415262,826,508,-318,-667,572,95
3.70076204786949,827,509,-318,-668,572.5,95.5
3.70290866158635,826,509,-317,-667.5,571.5,96
3.70505527530321,828,509,-319,-668.5,573.5,95
3.70720188902007,826,509,-317,-667.5,571.5,96
3.70934850273693,827,509,-318,-668,572.5,95.5
3.71149511645379,827,509,-318,-668,572.5,95.5
3.71364173017066,828,509,-319,-668.5,573.5,95
3.71578834388752,829,509,-320,-669,574.5,94.5
3.71793495760438,829,509,-320,-669,574.5,94.5
3.72008157132124,828,509,-319,-668.5,573.5,95
3.7222281850381,828,509,-319,-668.5,573.5,95
3.72437479875496,830,509,-321,-669.5,575.5,94
3.72652141247183,829,509,-320,-669,574.5,94.5
3.72866802618869,829,509,-320,-669,574.5,94.5
3.73081463990555,829,509,-320,-669,574.5,94.5
3.73296125362241,829,509,-320,-669,574.5,94.5
3.73510786733927,829,509,-320,-669,574.5,94.5
3.73725448105613,830,509,-321,-669.5,575.5,94
3.739401094773,830,509,-321,-669.5,575.5,94
3.74154770848986,830,509,-321,-669.5,575.5,94
3.74369432220672,832,509,-323,-670.5,577.5,93
3.74584093592358,833,509,-324,-671,578.5,92.5
3.74798754964044,834,509,-325,-671.5,579.5,92
3.7501341633573,832,509,-323,-670.5,577.5,93
3.75228077707417,831,509,-322,-670,576.5,93.5
3.75442739079103,830,509,-321,-669.5,575.5,94
3.75657400450789,830,509,-321,-669.5,575.5,94
3.75872061822475,832,509,-323,-670.5,577.5,93
3.76086723194161,833,509,-324,-671,578.5,92.5
3.76301384565847,833,509,-324,-671,578.5,92.5
3.76516045937534,835,509,-326,-672,580.5,91.5
3.7673070730922,836,509,-327,-672.5,581.5,91
3.76945368680906,836,509,-327,-672.5,581.5,91
3.77160030052592,835,509,-326,-672,580.5,91.5
3.77374691424278,835,509,-326,-672,580.5,91.5
3.77589352795964,836,509,-327,-672.5,581.5,91
3.77804014167651,835,509,-326,-672,580.5,91.5
3.78018675539337,835,509,-326,-672,580.5,91.5
3.78233336911023,837,509,-328,-673,582.5,90.5
3.78447998282709,837,509,-328,-673,582.5,90.5
3.78662659654395,836,508,-328,-672,582,90
3.78877321026081,836,509,-327,-672.5,581.5,91
3.79091982397768,836,509,-327,-672.5,581.5,91
3.79306643769454,834,509,-325,-671.5,579.5,92
3.7952130514114,833,509,-324,-671,578.5,92.5
3.79735966512826,832,508,-324,-670,578,92
3.79950627884512,831,509,-322,-670,576.5,93.5
3.80165289256198,831,509,-322,-670,576.5,93.5
3.80379950627884,831,509,-322,-670,576.5,93.5
3.80594611999571,829,509,-320,-669,574.5,94.5
3.80809273371257,828,508,-320,-668,574,94
3.81023934742943,826,509,-317,-667.5,571.5,96
3.81238596114629,826,509,-317,-667.5,571.5,96
3.81453257486315,827,509,-318,-668,572.5,95.5
3.81667918858001,826,509,-317,-667.5,571.5,96
3.81882580229688,826,509,-317,-667.5,571.5,96
3.82097241601374,826,509,-317,-667.5,571.5,96
3.8231190297306,827,509,-318,-668,572.5,95.5
3.82526564344746,826,509,-317,-667.5,571.5,96
3.82741225716432,826,509,-317,-667.5,571.5,96
3.82955887088118,827,509,-318,-668,572.5,95.5
3.83170548459805,827,509,-318,-668,572.5,95.5
3.83385209831491,826,509,-317,-667.5,571.5,96
3.83599871203177,826,509,-317,-667.5,571.5,96
3.83814532574863,825,509,-316,-667,570.5,96.5
3.84029193946549,826,508,-318,-667,572,95
3.84243855318235,825,509,-316,-667,570.5,96.5
3.84458516689922,824,509,-315,-666.5,569.5,97
3.84673178061608,822,509,-313,-665.5,567.5,98
3.84887839433294,823,509,-314,-666,568.5,97.5
3.8510250080498,823,509,-314,-666,568.5,97.5
3.85317162176666,825,509,-316,-667,570.5,96.5
3.85531823548352,825,509,-316,-667,570.5,96.5
3.85746484920039,825,509,-316,-667,570.5,96.5
3.85961146291725,824,509,-315,-666.5,569.5,97
3.86175807663411,826,509,-317,-667.5,571.5,96
3.86390469035097,826,509,-317,-667.5,571.5,96
3.86605130406783,825,509,-316,-667,570.5,96.5
3.86819791778469,823,509,-314,-666,568.5,97.5
3.87034453150156,823,509,-314,-666,568.5,97.5
3.87249114521842,821,509,-312,-665,566.5,98.5
3.87463775893528,820,508,-312,-664,566,98
3.87678437265214,820,509,-311,-664.5,565.5,99
3.878930986369,819,509,-310,-664,564.5,99.5
3.88107760008586,819,509,-310,-664,564.5,99.5
3.88322421380273,821,509,-312,-665,566.5,98.5
3.88537082751959,820,509,-311,-664.5,565.5,99
3.88751744123645,819,509,-310,-664,564.5,99.5
3.88966405495331,822,509,-313,-665.5,567.5,98
3.89181066867017,828,509,-319,-668.5,573.5,95
3.89395728238703,834,509,-325,-671.5,579.5,92
3.8961038961039,844,508,-336,-676,590,86
3.89825050982076,847,509,-338,-678,592.5,85.5
3.90039712353762,851,509,-342,-680,596.5,83.5
3.90254373725448,855,509,-346,-682,600.5,81.5
3.90469035097134,861,509,-352,-685,606.5,78.5
3.9068369646882,862,509,-353,-685.5,607.5,78
3.90898357840507,869,509,-360,-689,614.5,74.5
3.91113019212193,875,509,-366,-692,620.5,71.5
3.91327680583879,874,509,-365,-691.5,619.5,72
3.91542341955565,867,509,-358,-688,612.5,75.5
3.91757003327251,863,509,-354,-686,608.5,77.5
3.91971664698937,857,509,-348,-683,602.5,80.5
3.92186326070624,853,509,-344,-681,598.5,82.5
3.9240098744231,849,509,-340,-679,594.5,84.5
3.92615648813996,838,509,-329,-673.5,583.5,90
3.92830310185682,829,508,-321,-668.5,575,93.5
3.93044971557368,818,509,-309,-663.5,563.5,100
3.93259632929054,813,509,-304,-661,558.5,102.5
3.93474294300741,811,509,-302,-660,556.5,103.5
3.93688955672427,813,509,-304,-661,558.5,102.5
3.93903617044113,815,509,-306,-662,560.5,101.5
3.94118278415799,817,509,-308,-663,562.5,100.5
3.94332939787485,821,508,-313,-664.5,567,97.5
3.94547601159171,822,509,-313,-665.5,567.5,98
3.94762262530858,823,509,-314,-666,568.5,97.5
3.94976923902544,823,509,-314,-666,568.5,97.5
3.9519158527423,823,509,-314,-666,568.5,97.5
3.95406246645916,821,509,-312,-665,566.5,98.5
3.95620908017602,821,509,-312,-665,566.5,98.5
3.95835569389288,821,509,-312,-665,566.5,98.5
3.96050230760975,822,509,-313,-665.5,567.5,98
3.96264892132661,823,509,-314,-666,568.5,97.5
3.96479553504347,823,509,-314,-666,568.5,97.5
3.96694214876033,821,509,-312,-665,566.5,98.5
3.96908876247719,819,508,-311,-663.5,565,98.5
3.97123537619405,817,509,-308,-663,562.5,100.5
3.97338198991092,818,509,-309,-663.5,563.5,100
3.97552860362778,820,509,-311,-664.5,565.5,99
3.97767521734464,820,508,-312,-664,566,98
3.9798218310615,822,509,-313,-665.5,567.5,98
3.98196844477836,823,509,-314,-666,568.5,97.5
3.98411505849522,822,509,-313,-665.5,567.5,98
3.98626167221209,823,509,-314,-666,568.5,97.5
3.98840828592895,822,509,-313,-665.5,567.5,98
3.99055489964581,823,509,-314,-666,568.5,97.5
3.99270151336267,822,509,-313,-665.5,567.5,98
3.99484812707953,821,509,-312,-665,566.5,98.5
3.99699474079639,823,509,-314,-666,568.5,97.5
3.99914135451326,823,509,-314,-666,568.5,97.5
4.00128796823012,823,509,-314,-666,568.5,97.5
4.00343458194698,824,508,-316,-666,570,96
4.00558119566384,824,509,-315,-666.5,569.5,97
4.0077278093807,825,509,-316,-667,570.5,96.5
4.00987442309756,825,509,-316,-667,570.5,96.5
4.01202103681443,827,509,-318,-668,572.5,95.5
4.01416765053129,826,509,-317,-667.5,571.5,96
4.01631426424815,828,509,-319,-668.5,573.5,95
4.01846087796501,830,508,-322,-669,576,93
4.02060749168187,829,509,-320,-669,574.5,94.5
4.02275410539873,828,509,-319,-668.5,573.5,95
4.0249007191156,827,509,-318,-668,572.5,95.5
4.02704733283246,827,508,-319,-667.5,573,94.5
4.02919394654932,828,509,-319,-668.5,573.5,95
4.03134056026618,827,509,-318,-668,572.5,95.5
4.03348717398304,828,509,-319,-668.5,573.5,95
4.0356337876999,828,509,-319,-668.5,573.5,95
4.03778040141676,828,509,-319,-668.5,573.5,95
4.03992701513363,828,509,-319,-668.5,573.5,95
4.04207362885049,829,509,-320,-669,574.5,94.5
4.04422024256735,828,509,-319,-668.5,573.5,95
4.04636685628421,829,509,-320,-669,574.5,94.5
4.04851347000107,829,509,-320,-669,574.5,94.5
4.05066008371793,830,508,-322,-669,576,93
4.0528066974348,830,508,-322,-669,576,93
4.05495331115166,831,509,-322,-670,576.5,93.5
4.05709992486852,831,509,-322,-670,576.5,93.5
4.05924653858538,832,509,-323,-670.5,577.5,93
4.06139315230224,831,509,-322,-670,576.5,93.5
4.0635397660191,832,509,-323,-670.5,577.5,93
4.06568637973597,833,508,-325,-670.5,579,91.5
4.06783299345283,832,509,-323,-670.5,577.5,93
4.06997960716969,832,509,-323,-670.5,577.5,93
4.07212622088655,830,508,-322,-669,576,93
4.07427283460341,832,509,-323,-670.5,577.5,93
4.07641944832027,835,509,-326,-672,580.5,91.5
4.07856606203714,834,509,-325,-671.5,579.5,92
4.080712675754,834,509,-325,-671.5,579.5,92
4.08285928947086,834,508,-326,-671,580,91
4.08500590318772,834,509,-325,-671.5,579.5,92
4.08715251690458,836,509,-327,-672.5,581.5,91
4.08929913062144,835,509,-326,-672,580.5,91.5
4.09144574433831,837,509,-328,-673,582.5,90.5
4.09359235805517,837,509,-328,-673,582.5,90.5
4.09573897177203,838,509,-329,-673.5,583.5,90
4.09788558548889,842,509,-333,-675.5,587.5,88
4.10003219920575,841,509,-332,-675,586.5,88.5
4.10217881292261,840,509,-331,-674.5,585.5,89
4.10432542663948,840,509,-331,-674.5,585.5,89
4.10647204035634,838,509,-329,-673.5,583.5,90
4.1086186540732,838,509,-329,-673.5,583.5,90
4.11076526779006,839,509,-330,-674,584.5,89.5
4.11291188150692,837,509,-328,-673,582.5,90.5
4.11505849522378,836,509,-327,-672.5,581.5,91
4.11720510894065,838,509,-329,-673.5,583.5,90
4.11935172265751,839,509,-330,-674,584.5,89.5
4.12149833637437,838,509,-329,-673.5,583.5,90
4.12364495009123,840,509,-331,-674.5,585.5,89
4.12579156380809,840,509,-331,-674.5,585.5,89
4.12793817752495,838,509,-329,-673.5,583.5,90
4.13008479124182,840,509,-331,-674.5,585.5,89
4.13223140495868,840,509,-331,-674.5,585.5,89
4.13437801867554,840,509,-331,-674.5,585.5,89
4.1365246323924,840,509,-331,-674.5,585.5,89
4.13867124610926,839,509,-330,-674,584.5,89.5
4.14081785982612,840,509,-331,-674.5,585.5,89
4.14296447354299,840,509,-331,-674.5,585.5,89
4.14511108725985,840,509,-331,-674.5,585.5,89
4.14725770097671,837,509,-328,-673,582.5,90.5
4.14940431469357,839,508,-331,-673.5,585,88.5
4.15155092841043,837,509,-328,-673,582.5,90.5
4.15369754212729,837,509,-328,-673,582.5,90.5
4.15584415584416,838,509,-329,-673.5,583.5,90
4.15799076956102,838,509,-329,-673.5,583.5,90
4.16013738327788,837,509,-328,-673,582.5,90.5
4.16228399699474,837,509,-328,-673,582.5,90.5
4.1644306107116,836,509,-327,-672.5,581.5,91
4.16657722442846,836,509,-327,-672.5,581.5,91
4.16872383814533,834,509,-325,-671.5,579.5,92
4.17087045186219,832,509,-323,-670.5,577.5,93
4.17301706557905,832,508,-324,-670,578,92
4.17516367929591,831,509,-322,-670,576.5,93.5
4.17731029301277,832,509,-323,-670.5,577.5,93
4.17945690672963,829,509,-320,-669,574.5,94.5
4.1816035204465,831,509,-322,-670,576.5,93.5
4.18375013416336,829,509,-320,-669,574.5,94.5
4.18589674788022,825,509,-316,-667,570.5,96.5
4.18804336159708,824,509,-315,-666.5,569.5,97
4.19018997531394,822,509,-313,-665.5,567.5,98
4.1923365890308,821,509,-312,-665,566.5,98.5
4.19448320274767,821,509,-312,-665,566.5,98.5
4.19662981646453,820,509,-311,-664.5,565.5,99
4.19877643018139,822,509,-313,-665.5,567.5,98
4.20092304389825,822,509,-313,-665.5,567.5,98
4.20306965761511,822,509,-313,-665.5,567.5,98
4.20521627133197,822,509,-313,-665.5,567.5,98
4.20736288504883,822,509,-313,-665.5,567.5,98
4.2095094987657,821,509,-312,-665,566.5,98.5
4.21165611248256,819,509,-310,-664,564.5,99.5
4.21380272619942,819,509,-310,-664,564.5,99.5
4.21594933991628,819,509,-310,-664,564.5,99.5
4.21809595363314,820,509,-311,-664.5,565.5,99
4.22024256735001,821,509,-312,-665,566.5,98.5
4.22238918106687,819,508,-311,-663.5,565,98.5
4.22453579478373,819,509,-310,-664,564.5,99.5
4.22668240850059,817,509,-308,-663,562.5,100.5
4.22882902221745,817,509,-308,-663,562.5,100.5
4.23097563593431,816,509,-307,-662.5,561.5,101
4.23312224965118,816,509,-307,-662.5,561.5,101
4.23526886336804,816,508,-308,-662,562,100
4.2374154770849,819,509,-310,-664,564.5,99.5
4.23956209080176,820,508,-312,-664,566,98
4.24170870451862,821,509,-312,-665,566.5,98.5
4.24385531823548,823,509,-314,-666,568.5,97.5
4.24600193195235,823,509,-314,-666,568.5,97.5
4.24814854566921,822,509,-313,-665.5,567.5,98
4.25029515938607,822,509,-313,-665.5,567.5,98
4.25244177310293,823,509,-314,-666,568.5,97.5
4.25458838681979,823,509,-314,-666,568.5,97.5
4.25673500053665,823,509,-314,-666,568.5,97.5
4.25888161425352,823,509,-314,-666,568.5,97.5
4.26102822797038,823,508,-315,-665.5,569,96.5
4.26317484168724,823,508,-315,-665.5,569,96.5
4.2653214554041,824,509,-315,-666.5,569.5,97
4.26746806912096,822,509,-313,-665.5,567.5,98
4.26961468283782,821,509,-312,-665,566.5,98.5
4.27176129655468,821,509,-312,-665,566.5,98.5
4.27390791027155,820,509,-311,-664.5,565.5,99
4.27605452398841,823,509,-314,-666,568.5,97.5
4.27820113770527,822,509,-313,-665.5,567.5,98
4.28034775142213,822,509,-313,-665.5,567.5,98
4.28249436513899,822,509,-313,-665.5,567.5,98
4.28464097885585,821,509,-312,-665,566.5,98.5
4.28678759257272,823,509,-314,-666,568.5,97.5
4.28893420628958,823,509,-314,-666,568.5,97.5
4.29108082000644,824,509,-315,-666.5,569.5,97
4.2932274337233,824,509,-315,-666.5,569.5,97
4.29537404744016,824,509,-315,-666.5,569.5,97
4.29752066115702,825,509,-316,-667,570.5,96.5
4.29966727487389,824,509,-315,-666.5,569.5,97
4.30181388859075,825,509,-316,-667,570.5,96.5
4.30396050230761,825,509,-316,-667,570.5,96.5
4.30610711602447,825,509,-316,-667,570.5,96.5
4.30825372974133,824,509,-315,-666.5,569.5,97
4.31040034345819,824,509,-315,-666.5,569.5,97
4.31254695717506,823,509,-314,-666,568.5,97.5
4.31469357089192,821,509,-312,-665,566.5,98.5
4.31684018460878,823,509,-314,-666,568.5,97.5
4.31898679832564,824,509,-315,-666.5,569.5,97
4.3211334120425,824,509,-315,-666.5,569.5,97
4.32328002575936,825,509,-316,-667,570.5,96.5
4.32542663947623,826,509,-317,-667.5,571.5,96
4.32757325319309,826,509,-317,-667.5,571.5,96
4.32971986690995,826,509,-317,-667.5,571.5,96
4.33186648062681,826,509,-317,-667.5,571.5,96
4.33401309434367,827,509,-318,-668,572.5,95.5
4.33615970806053,827,509,-318,-668,572.5,95.5
4.3383063217774,827,509,-318,-668,572.5,95.5
4.34045293549426,827,509,-318,-668,572.5,95.5
4.34259954921112,826,509,-317,-667.5,571.5,96
4.34474616292798,825,509,-316,-667,570.5,96.5
4.34689277664484,823,509,-314,-666,568.5,97.5
4.3490393903617,826,509,-317,-667.5,571.5,96
4.35118600407857,827,509,-318,-668,572.5,95.5
4.35333261779543,828,509,-319,-668.5,573.5,95
4.35547923151229,828,509,-319,-668.5,573.5,95
4.35762584522915,828,509,-319,-668.5,573.5,95
4.35977245894601,829,509,-320,-669,574.5,94.5
4.36191907266287,829,509,-320,-669,574.5,94.5
4.36406568637974,829,509,-320,-669,574.5,94.5
4.3662123000966,828,509,-319,-668.5,573.5,95
4.36835891381346,827,509,-318,-668,572.5,95.5
4.37050552753032,828,508,-320,-668,574,94
4.37265214124718,830,508,-322,-669,576,93
4.37479875496404,830,509,-321,-669.5,575.5,94
4.37694536868091,830,509,-321,-669.5,575.5,94
4.37909198239777,829,509,-320,-669,574.5,94.5
4.38123859611463,828,509,-319,-668.5,573.5,95
4.38338520983149,827,509,-318,-668,572.5,95.5
4.38553182354835,827,509,-318,-668,572.5,95.5
4.38767843726521,827,509,-318,-668,572.5,95.5
4.38982505098208,828,509,-319,-668.5,573.5,95
4.39197166469894,829,509,-320,-669,574.5,94.5
4.3941182784158,827,509,-318,-668,572.5,95.5
4.39626489213266,829,509,-320,-669,574.5,94.5
4.39841150584952,829,509,-320,-669,574.5,94.5
4.40055811956638,827,509,-318,-668,572.5,95.5
4.40270473328325,828,509,-319,-668.5,573.5,95
4.40485134700011,828,508,-320,-668,574,94
4.40699796071697,829,509,-320,-669,574.5,94.5
4.40914457443383,828,509,-319,-668.5,573.5,95
4.41129118815069,829,509,-320,-669,574.5,94.5
4.41343780186755,830,509,-321,-669.5,575.5,94
4.41558441558442,830,509,-321,-669.5,575.5,94
4.41773102930128,831,508,-323,-669.5,577,92.5
4.41987764301814,829,509,-320,-669,574.5,94.5
4.422024256735,830,509,-321,-669.5,575.5,94
4.42417087045186,832,509,-323,-670.5,577.5,93
4.42631748416872,832,509,-323,-670.5,577.5,93
4.42846409788558,831,509,-322,-670,576.5,93.5
4.43061071160245,829,509,-320,-669,574.5,94.5
4.43275732531931,827,509,-318,-668,572.5,95.5
4.43490393903617,827,509,-318,-668,572.5,95.5
4.43705055275303,826,509,-317,-667.5,571.5,96
4.43919716646989,827,509,-318,-668,572.5,95.5
4.44134378018676,829,509,-320,-669,574.5,94.5
4.44349039390362,831,509,-322,-670,576.5,93.5
4.44563700762048,833,509,-324,-671,578.5,92.5
4.44778362133734,834,508,-326,-671,580,91
4.4499302350542,833,509,-324,-671,578.5,92.5
4.45207684877106,833,509,-324,-671,578.5,92.5
4.45422346248793,832,509,-323,-670.5,577.5,93
4.45637007620479,833,509,-324,-671,578.5,92.5
4.45851668992165,833,509,-324,-671,578.5,92.5
4.46066330363851,832,509,-323,-670.5,577.5,93
4.46280991735537,831,509,-322,-670,576.5,93.5
4.46495653107223,832,509,-323,-670.5,577.5,93
4.4671031447891,831,509,-322,-670,576.5,93.5
4.46924975850596,829,509,-320,-669,574.5,94.5
4.47139637222282,829,509,-320,-669,574.5,94.5
4.47354298593968,829,509,-320,-669,574.5,94.5
4.47568959965654,829,509,-320,-669,574.5,94.5
4.4778362133734,828,509,-319,-668.5,573.5,95
4.47998282709027,829,509,-320,-669,574.5,94.5
4.48212944080713,829,509,-320,-669,574.5,94.5
4.48427605452399,827,509,-318,-668,572.5,95.5
4.48642266824085,825,509,-316,-667,570.5,96.5
4.48856928195771,822,509,-313,-665.5,567.5,98
4.49071589567457,821,509,-312,-665,566.5,98.5
4.49286250939143,820,509,-311,-664.5,565.5,99
4.4950091231083,819,509,-310,-664,564.5,99.5
4.49715573682516,818,509,-309,-663.5,563.5,100
4.49930235054202,815,509,-306,-662,560.5,101.5
4.50144896425888,816,509,-307,-662.5,561.5,101
4.50359557797574,815,509,-306,-662,560.5,101.5
4.5057421916926,816,509,-307,-662.5,561.5,101
4.50788880540947,815,509,-306,-662,560.5,101.5
4.51003541912633,814,509,-305,-661.5,559.5,102
4.51218203284319,814,509,-305,-661.5,559.5,102
4.51432864656005,813,509,-304,-661,558.5,102.5
4.51647526027691,814,509,-305,-661.5,559.5,102
4.51862187399377,816,509,-307,-662.5,561.5,101
4.52076848771064,816,509,-307,-662.5,561.5,101
4.5229151014275,817,509,-308,-663,562.5,100.5
4.52506171514436,817,509,-308,-663,562.5,100.5
4.52720832886122,815,509,-306,-662,560.5,101.5
4.52935494257808,816,508,-308,-662,562,100
4.53150155629494,815,509,-306,-662,560.5,101.5
4.53364817001181,815,509,-306,-662,560.5,101.5
4.53579478372867,816,509,-307,-662.5,561.5,101
4.53794139744553,817,509,-308,-663,562.5,100.5
4.54008801116239,817,509,-308,-663,562.5,100.5
4.54223462487925,818,509,-309,-663.5,563.5,100
4.54438123859611,818,509,-309,-663.5,563.5,100
4.54652785231298,817,509,-308,-663,562.5,100.5
4.54867446602984,818,509,-309,-663.5,563.5,100
4.5508210797467,818,509,-309,-663.5,563.5,100
4.55296769346356,815,509,-306,-662,560.5,101.5
4.55511430718042,814,509,-305,-661.5,559.5,102
4.55726092089728,811,509,-302,-660,556.5,103.5
4.55940753461415,809,509,-300,-659,554.5,104.5
4.56155414833101,806,509,-297,-657.5,551.5,106
4.56370076204787,805,509,-296,-657,550.5,106.5
4.56584737576473,806,509,-297,-657.5,551.5,106
4.56799398948159,806,508,-298,-657,552,105
4.57014060319845,805,509,-296,-657,550.5,106.5
4.57228721691532,808,509,-299,-658.5,553.5,105
4.57443383063218,809,509,-300,-659,554.5,104.5
4.57658044434904,813,509,-304,-661,558.5,102.5
4.5787270580659,822,509,-313,-665.5,567.5,98
4.58087367178276,832,509,-323,-670.5,577.5,93
4.58302028549962,842,509,-333,-675.5,587.5,88
4.58516689921649,849,509,-340,-679,594.5,84.5
4.58731351293335,851,509,-342,-680,596.5,83.5
4.58946012665021,857,509,-348,-683,602.5,80.5
4.59160674036707,860,509,-351,-684.5,605.5,79
4.59375335408393,862,509,-353,-685.5,607.5,78
4.59589996780079,863,509,-354,-686,608.5,77.5
4.59804658151766,862,509,-353,-685.5,607.5,78
4.60019319523452,860,508,-352,-684,606,78
4.60233980895138,855,509,-346,-682,600.5,81.5
4.60448642266824,851,509,-342,-680,596.5,83.5
4.6066330363851,843,509,-334,-676,588.5,87.5
4.60877965010196,829,509,-320,-669,574.5,94.5
4.61092626381883,812,509,-303,-660.5,557.5,103
4.61307287753569,798,509,-289,-653.5,543.5,110
4.61521949125255,790,509,-281,-649.5,535.5,114
4.61736610496941,785,509,-276,-647,530.5,116.5
4.61951271868627,788,509,-279,-648.5,533.5,115
4.62165933240313,790,509,-281,-649.5,535.5,114
4.62380594612,796,508,-288,-652,542,110
4.62595255983686,798,509,-289,-653.5,543.5,110
4.62809917355372,799,509,-290,-654,544.5,109.5
4.63024578727058,800,509,-291,-654.5,545.5,109
4.63239240098744,797,509,-288,-653,542.5,110.5
4.6345390147043,797,509,-288,-653,542.5,110.5
4.63668562842117,795,508,-287,-651.5,541,110.5
4.63883224213803,792,509,-283,-650.5,537.5,113
4.64097885585489,792,508,-284,-650,538,112
4.64312546957175,792,509,-283,-650.5,537.5,113
4.64527208328861,792,509,-283,-650.5,537.5,113
4.64741869700547,791,509,-282,-650,536.5,113.5
4.64956531072233,791,509,-282,-650,536.5,113.5
4.6517119244392,791,509,-282,-650,536.5,113.5
4.65385853815606,791,509,-282,-650,536.5,113.5
4.65600515187292,791,509,-282,-650,536.5,113.5
4.65815176558978,793,509,-284,-651,538.5,112.5
4.66029837930664,794,509,-285,-651.5,539.5,112
4.66244499302351,791,509,-282,-650,536.5,113.5
4.66459160674037,788,509,-279,-648.5,533.5,115
4.66673822045723,786,509,-277,-647.5,531.5,116
4.66888483417409,782,509,-273,-645.5,527.5,118
4.67103144789095,782,509,-273,-645.5,527.5,118
4.67317806160781,783,509,-274,-646,528.5,117.5
4.67532467532468,787,508,-279,-647.5,533,114.5
4.67747128904154,789,509,-280,-649,534.5,114.5
4.6796179027584,790,509,-281,-649.5,535.5,114
4.68176451647526,789,509,-280,-649,534.5,114.5
4.68391113019212,791,509,-282,-650,536.5,113.5
4.68605774390898,790,509,-281,-649.5,535.5,114
4.68820435762585,785,509,-276,-647,530.5,116.5
4.69035097134271,782,508,-274,-645,528,117
4.69249758505957,781,509,-272,-645,526.5,118.5
4.69464419877643,782,509,-273,-645.5,527.5,118
4.69679081249329,786,509,-277,-647.5,531.5,116
4.69893742621015,787,509,-278,-648,532.5,115.5
4.70108403992702,786,509,-277,-647.5,531.5,116
4.70323065364388,784,509,-275,-646.5,529.5,117
4.70537726736074,785,509,-276,-647,530.5,116.5
4.7075238810776,787,509,-278,-648,532.5,115.5
4.70967049479446,788,508,-280,-648,534,114
4.71181710851132,788,509,-279,-648.5,533.5,115
4.71396372222818,788,509,-279,-648.5,533.5,115
4.71611033594505,787,509,-278,-648,532.5,115.5
4.71825694966191,789,509,-280,-649,534.5,114.5
4.72040356337877,789,509,-280,-649,534.5,114.5
4.72255017709563,788,509,-279,-648.5,533.5,115
4.72469679081249,787,509,-278,-648,532.5,115.5
4.72684340452935,791,509,-282,-650,536.5,113.5
4.72899001824622,790,509,-281,-649.5,535.5,114
4.73113663196308,790,509,-281,-649.5,535.5,114
4.73328324567994,792,509,-283,-650.5,537.5,113
4.7354298593968,790,509,-281,-649.5,535.5,114
4.73757647311366,787,509,-278,-648,532.5,115.5
4.73972308683052,786,509,-277,-647.5,531.5,116
4.74186970054739,784,509,-275,-646.5,529.5,117
4.74401631426425,786,509,-277,-647.5,531.5,116
4.74616292798111,786,509,-277,-647.5,531.5,116
4.74830954169797,789,509,-280,-649,534.5,114.5
4.75045615541483,789,509,-280,-649,534.5,114.5
4.75260276913169,791,509,-282,-650,536.5,113.5
4.75474938284856,793,509,-284,-651,538.5,112.5
4.75689599656542,796,509,-287,-652.5,541.5,111
4.75904261028228,797,509,-288,-653,542.5,110.5
4.76118922399914,799,509,-290,-654,544.5,109.5
4.763335837716,799,509,-290,-654,544.5,109.5
4.76548245143286,802,509,-293,-655.5,547.5,108
4.76762906514973,801,509,-292,-655,546.5,108.5
4.76977567886659,803,509,-294,-656,548.5,107.5
4.77192229258345,803,509,-294,-656,548.5,107.5
4.77406890630031,802,509,-293,-655.5,547.5,108
4.77621552001717,801,509,-292,-655,546.5,108.5
4.77836213373403,801,509,-292,-655,546.5,108.5
4.7805087474509,801,509,-292,-655,546.5,108.5
4.78265536116776,802,509,-293,-655.5,547.5,108
4.78480197488462,803,509,-294,-656,548.5,107.5
4.78694858860148,803,509,-294,-656,548.5,107.5
4.78909520231834,807,509,-298,-658,552.5,105.5
4.7912418160352,807,509,-298,-658,552.5,105.5
4.79338842975207,808,509,-299,-658.5,553.5,105
4.79553504346893,809,509,-300,-659,554.5,104.5
4.79768165718579,810,509,-301,-659.5,555.5,104
4.79982827090265,810,509,-301,-659.5,555.5,104
4.80197488461951,809,509,-300,-659,554.5,104.5
4.80412149833637,809,509,-300,-659,554.5,104.5
4.80626811205324,808,509,-299,-658.5,553.5,105
4.8084147257701,809,509,-300,-659,554.5,104.5
4.81056133948696,812,509,-303,-660.5,557.5,103
4.81270795320382,816,509,-307,-662.5,561.5,101
4.81485456692068,815,509,-306,-662,560.5,101.5
4.81700118063754,815,509,-306,-662,560.5,101.5
4.81914779435441,814,508,-306,-661,560,101
4.82129440807127,815,509,-306,-662,560.5,101.5
4.82344102178813,813,509,-304,-661,558.5,102.5
4.82558763550499,814,509,-305,-661.5,559.5,102
4.82773424922185,813,509,-304,-661,558.5,102.5
4.82988086293871,815,509,-306,-662,560.5,101.5
4.83202747665558,815,509,-306,-662,560.5,101.5
4.83417409037244,813,509,-304,-661,558.5,102.5
4.8363207040893,815,509,-306,-662,560.5,101.5
4.83846731780616,812,509,-303,-660.5,557.5,103
4.84061393152302,811,509,-302,-660,556.5,103.5
4.84276054523988,809,509,-300,-659,554.5,104.5
4.84490715895675,808,509,-299,-658.5,553.5,105
4.84705377267361,809,509,-300,-659,554.5,104.5
4.84920038639047,808,509,-299,-658.5,553.5,105
4.85134700010733,804,509,-295,-656.5,549.5,107
4.85349361382419,804,509,-295,-656.5,549.5,107
4.85564022754105,806,509,-297,-657.5,551.5,106
4.85778684125792,808,509,-299,-658.5,553.5,105
4.85993345497478,808,509,-299,-658.5,553.5,105
4.86208006869164,808,509,-299,-658.5,553.5,105
4.8642266824085,806,508,-298,-657,552,105
4.86637329612536,804,509,-295,-656.5,549.5,107
4.86851990984222,805,509,-296,-657,550.5,106.5
4.87066652355908,803,509,-294,-656,548.5,107.5
4.87281313727595,801,509,-292,-655,546.5,108.5
4.87495975099281,801,508,-293,-654.5,547,107.5
4.87710636470967,801,509,-292,-655,546.5,108.5
4.87925297842653,802,509,-293,-655.5,547.5,108
4.88139959214339,802,509,-293,-655.5,547.5,108
4.88354620586026,804,509,-295,-656.5,549.5,107
4.88569281957712,804,509,-295,-656.5,549.5,107
4.88783943329398,805,509,-296,-657,550.5,106.5
4.88998604701084,807,509,-298,-658,552.5,105.5
4.8921326607277,806,509,-297,-657.5,551.5,106
4.89427927444456,804,509,-295,-656.5,549.5,107
4.89642588816143,802,509,-293,-655.5,547.5,108
4.89857250187829,802,509,-293,-655.5,547.5,108
4.90071911559515,803,509,-294,-656,548.5,107.5
4.90286572931201,804,509,-295,-656.5,549.5,107
4.90501234302887,808,509,-299,-658.5,553.5,105
4.90715895674573,807,509,-298,-658,552.5,105.5
4.9093055704626,805,509,-296,-657,550.5,106.5
4.91145218417946,809,509,-300,-659,554.5,104.5
4.91359879789632,811,509,-302,-660,556.5,103.5
4.91574541161318,813,509,-304,-661,558.5,102.5
4.91789202533004,815,509,-306,-662,560.5,101.5
4.9200386390469,816,509,-307,-662.5,561.5,101
4.92218525276377,817,509,-308,-663,562.5,100.5
4.92433186648063,817,509,-308,-663,562.5,100.5
4.92647848019749,816,509,-307,-662.5,561.5,101
4.92862509391435,818,509,-309,-663.5,563.5,100
4.93077170763121,822,509,-313,-665.5,567.5,98
4.93291832134807,825,509,-316,-667,570.5,96.5
4.93506493506493,827,509,-318,-668,572.5,95.5
4.9372115487818,825,509,-316,-667,570.5,96.5
4.93935816249866,822,509,-313,-665.5,567.5,98
4.94150477621552,817,509,-308,-663,562.5,100.5
4.94365138993238,814,508,-306,-661,560,101
4.94579800364924,815,509,-306,-662,560.5,101.5
4.9479446173661,817,509,-308,-663,562.5,100.5
4.95009123108297,819,509,-310,-664,564.5,99.5
4.95223784479983,820,509,-311,-664.5,565.5,99
4.95438445851669,820,508,-312,-664,566,98
4.95653107223355,819,509,-310,-664,564.5,99.5
4.95867768595041,821,509,-312,-665,566.5,98.5
4.96082429966727,823,509,-314,-666,568.5,97.5
4.96297091338414,825,509,-316,-667,570.5,96.5
4.965117527101,828,509,-319,-668.5,573.5,95
4.96726414081786,828,509,-319,-668.5,573.5,95
4.96941075453472,830,509,-321,-669.5,575.5,94
4.97155736825158,830,509,-321,-669.5,575.5,94
4.97370398196844,832,509,-323,-670.5,577.5,93
4.97585059568531,832,508,-324,-670,578,92
4.97799720940217,833,509,-324,-671,578.5,92.5
4.98014382311903,833,509,-324,-671,578.5,92.5
4.98229043683589,832,508,-324,-670,578,92
4.98443705055275,832,509,-323,-670.5,577.5,93
4.98658366426961,831,509,-322,-670,576.5,93.5
4.98873027798648,831,509,-322,-670,576.5,93.5
4.99087689170334,830,508,-322,-669,576,93
4.9930235054202,832,508,-324,-670,578,92
4.99517011913706,832,508,-324,-670,578,92
4.99731673285392,834,509,-325,-671.5,579.5,92
4.99946334657078,834,509,-325,-671.5,579.5,92
5.00160996028765,832,509,-323,-670.5,577.5,93
5.00375657400451,833,509,-324,-671,578.5,92.5
5.00590318772137,833,509,-324,-671,578.5,92.5
5.00804980143823,835,509,-326,-672,580.5,91.5
5.01019641515509,834,509,-325,-671.5,579.5,92
5.01234302887195,834,509,-325,-671.5,579.5,92
5.01448964258882,834,509,-325,-671.5,579.5,92
5.01663625630568,833,509,-324,-671,578.5,92.5
5.01878287002254,830,509,-321,-669.5,575.5,94
5.0209294837394,828,509,-319,-668.5,573.5,95
5.02307609745626,827,509,-318,-668,572.5,95.5
5.02522271117312,829,509,-320,-669,574.5,94.5
5.02736932488999,828,509,-319,-668.5,573.5,95
5.02951593860685,828,509,-319,-668.5,573.5,95
5.03166255232371,830,509,-321,-669.5,575.5,94
5.03380916604057,829,509,-320,-669,574.5,94.5
5.03595577975743,827,509,-318,-668,572.5,95.5
5.03810239347429,825,509,-316,-667,570.5,96.5
5.04024900719116,822,508,-314,-665,568,97
5.04239562090802,820,508,-312,-664,566,98
5.04454223462488,824,509,-315,-666.5,569.5,97
5.04668884834174,825,509,-316,-667,570.5,96.5
5.0488354620586,824,509,-315,-666.5,569.5,97
5.05098207577546,822,509,-313,-665.5,567.5,98
5.05312868949233,819,509,-310,-664,564.5,99.5
5.05527530320919,817,509,-308,-663,562.5,100.5
5.05742191692605,818,509,-309,-663.5,563.5,100
5.05956853064291,817,509,-308,-663,562.5,100.5
5.06171514435977,817,509,-308,-663,562.5,100.5
5.06386175807663,817,508,-309,-662.5,563,99.5
5.0660083717935,818,509,-309,-663.5,563.5,100
5.06815498551036,817,509,-308,-663,562.5,100.5
5.07030159922722,817,509,-308,-663,562.5,100.5
5.07244821294408,817,509,-308,-663,562.5,100.5
5.07459482666094,814,508,-306,-661,560,101
5.0767414403778,809,509,-300,-659,554.5,104.5
5.07888805409467,806,509,-297,-657.5,551.5,106
5.08103466781153,803,509,-294,-656,548.5,107.5
5.08318128152839,802,509,-293,-655.5,547.5,108
5.08532789524525,803,509,-294,-656,548.5,107.5
5.08747450896211,800,509,-291,-654.5,545.5,109
5.08962112267897,798,509,-289,-653.5,543.5,110
5.09176773639583,797,509,-288,-653,542.5,110.5
5.0939143501127,799,509,-290,-654,544.5,109.5
5.09606096382956,800,509,-291,-654.5,545.5,109
5.09820757754642,802,509,-293,-655.5,547.5,108
5.10035419126328,803,509,-294,-656,548.5,107.5
5.10250080498014,805,509,-296,-657,550.5,106.5
5.10464741869701,806,509,-297,-657.5,551.5,106
5.10679403241387,807,509,-298,-658,552.5,105.5
5.10894064613073,808,509,-299,-658.5,553.5,105
5.11108725984759,806,508,-298,-657,552,105
5.11323387356445,805,509,-296,-657,550.5,106.5
5.11538048728131,803,509,-294,-656,548.5,107.5
5.11752710099818,802,509,-293,-655.5,547.5,108
5.11967371471504,804,508,-296,-656,550,106
5.1218203284319,800,509,-291,-654.5,545.5,109
5.12396694214876,799,509,-290,-654,544.5,109.5
5.12611355586562,799,509,-290,-654,544.5,109.5
5.12826016958248,798,509,-289,-653.5,543.5,110
5.13040678329935,799,509,-290,-654,544.5,109.5
5.13255339701621,802,509,-293,-655.5,547.5,108
5.13470001073307,807,509,-298,-658,552.5,105.5
5.13684662444993,806,509,-297,-657.5,551.5,106
5.13899323816679,810,508,-302,-659,556,103
5.14113985188365,810,509,-301,-659.5,555.5,104
5.14328646560052,809,509,-300,-659,554.5,104.5
5.14543307931738,809,509,-300,-659,554.5,104.5
5.14757969303424,808,509,-299,-658.5,553.5,105
5.1497263067511,808,509,-299,-658.5,553.5,105
5.15187292046796,809,509,-300,-659,554.5,104.5
5.15401953418482,807,509,-298,-658,552.5,105.5
5.15616614790168,807,509,-298,-658,552.5,105.5
5.15831276161855,808,509,-299,-658.5,553.5,105
5.16045937533541,808,509,-299,-658.5,553.5,105
5.16260598905227,810,509,-301,-659.5,555.5,104
5.16475260276913,813,509,-304,-661,558.5,102.5
5.16689921648599,813,509,-304,-661,558.5,102.5
5.16904583020285,815,509,-306,-662,560.5,101.5
5.17119244391972,813,509,-304,-661,558.5,102.5
5.17333905763658,811,509,-302,-660,556.5,103.5
5.17548567135344,810,509,-301,-659.5,555.5,104
5.1776322850703,809,509,-300,-659,554.5,104.5
5.17977889878716,808,509,-299,-658.5,553.5,105
5.18192551250402,808,509,-299,-658.5,553.5,105
5.18407212622089,808,509,-299,-658.5,553.5,105
5.18621873993775,809,509,-300,-659,554.5,104.5
5.18836535365461,808,509,-299,-658.5,553.5,105
5.19051196737147,807,509,-298,-658,552.5,105.5
5.19265858108833,809,509,-300,-659,554.5,104.5
5.19480519480519,809,509,-300,-659,554.5,104.5
5.19695180852206,811,509,-302,-660,556.5,103.5
5.19909842223892,812,508,-304,-660,558,102
5.20124503595578,816,509,-307,-662.5,561.5,101
5.20339164967264,818,509,-309,-663.5,563.5,100
5.2055382633895,820,509,-311,-664.5,565.5,99
5.20768487710636,817,509,-308,-663,562.5,100.5
5.20983149082323,818,509,-309,-663.5,563.5,100
5.21197810454009,818,508,-310,-663,564,99
5.21412471825695,819,509,-310,-664,564.5,99.5
5.21627133197381,819,509,-310,-664,564.5,99.5
5.21841794569067,821,509,-312,-665,566.5,98.5
5.22056455940753,820,509,-311,-664.5,565.5,99
5.2227111731244,820,509,-311,-664.5,565.5,99
5.22485778684126,819,509,-310,-664,564.5,99.5
5.22700440055812,819,509,-310,-664,564.5,99.5
5.22915101427498,822,509,-313,-665.5,567.5,98
5.23129762799184,823,509,-314,-666,568.5,97.5
5.2334442417087,824,509,-315,-666.5,569.5,97
5.23559085542557,826,509,-317,-667.5,571.5,96
5.23773746914243,826,509,-317,-667.5,571.5,96
5.23988408285929,826,509,-317,-667.5,571.5,96
5.24203069657615,824,509,-315,-666.5,569.5,97
5.24417731029301,823,509,-314,-666,568.5,97.5
5.24632392400987,823,509,-314,-666,568.5,97.5
5.24847053772674,820,509,-311,-664.5,565.5,99
5.2506171514436,821,509,-312,-665,566.5,98.5
5.25276376516046,822,509,-313,-665.5,567.5,98
5.25491037887732,825,508,-317,-666.5,571,95.5
5.25705699259418,826,509,-317,-667.5,571.5,96
5.25920360631104,828,509,-319,-668.5,573.5,95
5.26135022002791,832,509,-323,-670.5,577.5,93
5.26349683374477,840,509,-331,-674.5,585.5,89
5.26564344746163,848,509,-339,-678.5,593.5,85
5.26779006117849,851,509,-342,-680,596.5,83.5
5.26993667489535,855,509,-346,-682,600.5,81.5
5.27208328861221,859,509,-350,-684,604.5,79.5
5.27422990232908,865,509,-356,-687,610.5,76.5
5.27637651604594,870,509,-361,-689.5,615.5,74
5.2785231297628,879,509,-370,-694,624.5,69.5
5.28066974347966,884,509,-375,-696.5,629.5,67
5.28281635719652,881,509,-372,-695,626.5,68.5
5.28496297091338,878,509,-369,-693.5,623.5,70
5.28710958463025,866,509,-357,-687.5,611.5,76
5.28925619834711,860,509,-351,-684.5,605.5,79
5.29140281206397,856,509,-347,-682.5,601.5,81
5.29354942578083,850,508,-342,-679,596,83
5.29569603949769,843,509,-334,-676,588.5,87.5
5.29784265321455,835,509,-326,-672,580.5,91.5
5.29998926693142,828,509,-319,-668.5,573.5,95
5.30213588064828,826,509,-317,-667.5,571.5,96
5.30428249436514,827,509,-318,-668,572.5,95.5
5.306429108082,827,509,-318,-668,572.5,95.5
5.30857572179886,827,509,-318,-668,572.5,95.5
5.31072233551572,829,509,-320,-669,574.5,94.5
5.31286894923258,833,509,-324,-671,578.5,92.5
5.31501556294945,835,509,-326,-672,580.5,91.5
5.31716217666631,836,509,-327,-672.5,581.5,91
5.31930879038317,836,509,-327,-672.5,581.5,91
5.32145540410003,835,509,-326,-672,580.5,91.5
5.32360201781689,833,509,-324,-671,578.5,92.5
5.32574863153375,833,509,-324,-671,578.5,92.5
5.32789524525062,832,509,-323,-670.5,577.5,93
5.33004185896748,832,509,-323,-670.5,577.5,93
5.33218847268434,834,509,-325,-671.5,579.5,92
5.3343350864012,835,509,-326,-672,580.5,91.5
5.33648170011806,836,509,-327,-672.5,581.5,91
5.33862831383493,838,509,-329,-673.5,583.5,90
5.34077492755179,837,509,-328,-673,582.5,90.5
5.34292154126865,838,509,-329,-673.5,583.5,90
5.34506815498551,839,509,-330,-674,584.5,89.5
5.34721476870237,842,509,-333,-675.5,587.5,88
5.34936138241923,842,509,-333,-675.5,587.5,88
5.3515079961361,842,509,-333,-675.5,587.5,88
5.35365460985296,843,509,-334,-676,588.5,87.5
5.35580122356982,841,509,-332,-675,586.5,88.5
5.35794783728668,841,509,-332,-675,586.5,88.5
5.36009445100354,841,509,-332,-675,586.5,88.5
5.3622410647204,841,509,-332,-675,586.5,88.5
5.36438767843727,841,509,-332,-675,586.5,88.5
5.36653429215413,841,509,-332,-675,586.5,88.5
5.36868090587099,843,509,-334,-676,588.5,87.5
5.37082751958785,845,509,-336,-677,590.5,86.5
5.37297413330471,845,509,-336,-677,590.5,86.5
5.37512074702157,845,509,-336,-677,590.5,86.5
5.37726736073843,843,509,-334,-676,588.5,87.5
5.3794139744553,842,509,-333,-675.5,587.5,88
5.38156058817216,840,509,-331,-674.5,585.5,89
5.38370720188902,839,509,-330,-674,584.5,89.5
5.38585381560588,841,509,-332,-675,586.5,88.5
5.38800042932274,842,509,-333,-675.5,587.5,88
5.3901470430396,844,509,-335,-676.5,589.5,87
5.39229365675647,843,509,-334,-676,588.5,87.5
5.39444027047333,843,509,-334,-676,588.5,87.5
5.39658688419019,843,509,-334,-676,588.5,87.5
5.39873349790705,842,509,-333,-675.5,587.5,88
5.40088011162391,843,509,-334,-676,588.5,87.5
5.40302672534077,844,509,-335,-676.5,589.5,87
5.40517333905764,843,509,-334,-676,588.5,87.5
5.4073199527745,843,508,-335,-675.5,589,86.5
5.40946656649136,843,509,-334,-676,588.5,87.5
5.41161318020822,844,509,-335,-676.5,589.5,87
5.41375979392508,843,509,-334,-676,588.5,87.5
5.41590640764194,843,508,-335,-675.5,589,86.5
5.41805302135881,843,509,-334,-676,588.5,87.5
5.42019963507567,843,509,-334,-676,588.5,87.5
5.42234624879253,843,509,-334,-676,588.5,87.5
5.42449286250939,843,509,-334,-676,588.5,87.5
5.42663947622625,844,509,-335,-676.5,589.5,87
5.42878608994311,844,509,-335,-676.5,589.5,87
5.43093270365998,843,509,-334,-676,588.5,87.5
5.43307931737684,843,509,-334,-676,588.5,87.5
5.4352259310937,843,509,-334,-676,588.5,87.5
5.43737254481056,844,509,-335,-676.5,589.5,87
5.43951915852742,846,509,-337,-677.5,591.5,86
5.44166577224428,848,509,-339,-678.5,593.5,85
5.44381238596115,845,509,-336,-677,590.5,86.5
5.44595899967801,845,509,-336,-677,590.5,86.5
5.44810561339487,846,509,-337,-677.5,591.5,86
5.45025222711173,847,509,-338,-678,592.5,85.5
5.45239884082859,847,509,-338,-678,592.5,85.5
5.45454545454545,847,508,-339,-677.5,593,84.5
5.45669206826232,846,508,-338,-677,592,85
5.45883868197918,846,509,-337,-677.5,591.5,86
5.46098529569604,847,509,-338,-678,592.5,85.5
5.4631319094129,846,508,-338,-677,592,85
5.46527852312976,845,509,-336,-677,590.5,86.5
5.46742513684662,847,509,-338,-678,592.5,85.5
5.46957175056349,849,509,-340,-679,594.5,84.5
5.47171836428035,849,509,-340,-679,594.5,84.5
5.47386497799721,848,509,-339,-678.5,593.5,85
5.47601159171407,851,509,-342,-680,596.5,83.5
5.47815820543093,847,509,-338,-678,592.5,85.5
5.48030481914779,849,509,-340,-679,594.5,84.5
5.48245143286466,849,509,-340,-679,594.5,84.5
5.48459804658152,848,509,-339,-678.5,593.5,85
5.48674466029838,849,509,-340,-679,594.5,84.5
5.48889127401524,849,509,-340,-679,594.5,84.5
5.4910378877321,849,509,-340,-679,594.5,84.5
5.49318450144896,849,509,-340,-679,594.5,84.5
5.49533111516583,850,509,-341,-679.5,595.5,84
5.49747772888269,849,509,-340,-679,594.5,84.5
5.49962434259955,851,509,-342,-680,596.5,83.5
5.50177095631641,849,509,-340,-679,594.5,84.5
5.50391757003327,851,509,-342,-680,596.5,83.5
5.50606418375013,850,509,-341,-679.5,595.5,84
5.508210797467,852,509,-343,-680.5,597.5,83
5.51035741118386,850,509,-341,-679.5,595.5,84
5.51250402490072,852,509,-343,-680.5,597.5,83
5.51465063861758,850,508,-342,-679,596,83
5.51679725233444,850,509,-341,-679.5,595.5,84
5.5189438660513,851,509,-342,-680,596.5,83.5
5.52109047976817,851,509,-342,-680,596.5,83.5
5.52323709348503,850,508,-342,-679,596,83
5.52538370720189,851,509,-342,-680,596.5,83.5
5.52753032091875,850,509,-341,-679.5,595.5,84
5.52967693463561,854,509,-345,-681.5,599.5,82
5.53182354835247,852,509,-343,-680.5,597.5,83
5.53397016206934,850,508,-342,-679,596,83
5.5361167757862,851,509,-342,-680,596.5,83.5
5.53826338950306,851,509,-342,-680,596.5,83.5
5.54041000321992,852,509,-343,-680.5,597.5,83
5.54255661693678,850,509,-341,-679.5,595.5,84
5.54470323065364,851,508,-343,-679.5,597,82.5
5.5468498443705,849,509,-340,-679,594.5,84.5
5.54899645808737,848,509,-339,-678.5,593.5,85
5.55114307180423,850,508,-342,-679,596,83
5.55328968552109,849,509,-340,-679,594.5,84.5
5.55543629923795,848,509,-339,-678.5,593.5,85
5.55758291295481,848,509,-339,-678.5,593.5,85
5.55972952667168,848,509,-339,-678.5,593.5,85
5.56187614038854,847,509,-338,-678,592.5,85.5
5.5640227541054,848,509,-339,-678.5,593.5,85
5.56616936782226,847,509,-338,-678,592.5,85.5
5.56831598153912,847,509,-338,-678,592.5,85.5
5.57046259525598,847,509,-338,-678,592.5,85.5
5.57260920897285,846,509,-337,-677.5,591.5,86
5.57475582268971,845,509,-336,-677,590.5,86.5
5.57690243640657,846,509,-337,-677.5,591.5,86
5.57904905012343,845,509,-336,-677,590.5,86.5
5.58119566384029,843,509,-334,-676,588.5,87.5
5.58334227755715,843,509,-334,-676,588.5,87.5
5.58548889127402,844,509,-335,-676.5,589.5,87
5.58763550499088,844,509,-335,-676.5,589.5,87
5.58978211870774,845,509,-336,-677,590.5,86.5
5.5919287324246,846,509,-337,-677.5,591.5,86
5.59407534614146,845,509,-336,-677,590.5,86.5
5.59622195985832,845,509,-336,-677,590.5,86.5
5.59836857357518,846,509,-337,-677.5,591.5,86
5.60051518729205,845,509,-336,-677,590.5,86.5
5.60266180100891,846,509,-337,-677.5,591.5,86
5.60480841472577,847,508,-339,-677.5,593,84.5
5.60695502844263,847,509,-338,-678,592.5,85.5
5.60910164215949,845,509,-336,-677,590.5,86.5
5.61124825587635,845,509,-336,-677,590.5,86.5
5.61339486959322,844,509,-335,-676.5,589.5,87
5.61554148331008,844,509,-335,-676.5,589.5,87
5.61768809702694,845,509,-336,-677,590.5,86.5
5.6198347107438,845,509,-336,-677,590.5,86.5
5.62198132446066,845,509,-336,-677,590.5,86.5
5.62412793817752,846,509,-337,-677.5,591.5,86
5.62627455189439,846,509,-337,-677.5,591.5,86
5.62842116561125,847,509,-338,-678,592.5,85.5
5.63056777932811,847,509,-338,-678,592.5,85.5
5.63271439304497,846,509,-337,-677.5,591.5,86
5.63486100676183,846,509,-337,-677.5,591.5,86
5.63700762047869,846,509,-337,-677.5,591.5,86
5.63915423419556,846,508,-338,-677,592,85
5.64130084791242,846,509,-337,-677.5,591.5,86
5.64344746162928,846,509,-337,-677.5,591.5,86
5.64559407534614,846,509,-337,-677.5,591.5,86
5.647740689063,847,509,-338,-678,592.5,85.5
5.64988730277986,847,509,-338,-678,592.5,85.5
5.65203391649673,847,509,-338,-678,592.5,85.5
5.65418053021359,846,509,-337,-677.5,591.5,86
5.65632714393045,848,509,-339,-678.5,593.5,85
5.65847375764731,848,509,-339,-678.5,593.5,85
5.66062037136417,850,508,-342,-679,596,83
5.66276698508103,848,509,-339,-678.5,593.5,85
5.6649135987979,849,509,-340,-679,594.5,84.5
5.66706021251476,848,509,-339,-678.5,593.5,85
5.66920682623162,847,509,-338,-678,592.5,85.5
5.67135343994848,848,509,-339,-678.5,593.5,85
5.67350005366534,848,509,-339,-678.5,593.5,85
5.6756466673822,848,509,-339,-678.5,593.5,85
5.67779328109907,847,509,-338,-678,592.5,85.5
5.67993989481593,850,509,-341,-679.5,595.5,84
5.68208650853279,848,509,-339,-678.5,593.5,85
5.68423312224965,848,509,-339,-678.5,593.5,85
5.68637973596651,848,509,-339,-678.5,593.5,85
5.68852634968337,848,509,-339,-678.5,593.5,85
5.69067296340024,848,509,-339,-678.5,593.5,85
5.6928195771171,848,509,-339,-678.5,593.5,85
5.69496619083396,849,509,-340,-679,594.5,84.5
5.69711280455082,848,509,-339,-678.5,593.5,85
5.69925941826768,848,509,-339,-678.5,593.5,85
5.70140603198454,848,508,-340,-678,594,84
5.70355264570141,848,509,-339,-678.5,593.5,85
5.70569925941827,848,509,-339,-678.5,593.5,85
5.70784587313513,849,509,-340,-679,594.5,84.5
5.70999248685199,848,509,-339,-678.5,593.5,85
5.71213910056885,849,509,-340,-679,594.5,84.5
5.71428571428571,847,509,-338,-678,592.5,85.5
5.71643232800258,848,509,-339,-678.5,593.5,85
5.71857894171944,848,509,-339,-678.5,593.5,85
5.7207255554363,849,509,-340,-679,594.5,84.5
5.72287216915316,848,508,-340,-678,594,84
5.72501878287002,849,509,-340,-679,594.5,84.5
5.72716539658688,848,509,-339,-678.5,593.5,85
5.72931201030375,850,509,-341,-679.5,595.5,84
5.73145862402061,848,509,-339,-678.5,593.5,85
5.73360523773747,847,509,-338,-678,592.5,85.5
5.73575185145433,848,509,-339,-678.5,593.5,85
5.73789846517119,849,509,-340,-679,594.5,84.5
5.74004507888805,847,509,-338,-678,592.5,85.5
5.74219169260492,848,509,-339,-678.5,593.5,85
5.74433830632178,848,509,-339,-678.5,593.5,85
5.74648492003864,847,509,-338,-678,592.5,85.5
5.7486315337555,847,509,-338,-678,592.5,85.5
5.75077814747236,847,509,-338,-678,592.5,85.5
5.75292476118922,846,509,-337,-677.5,591.5,86
5.75507137490609,846,509,-337,-677.5,591.5,86
5.75721798862295,845,509,-336,-677,590.5,86.5
5.75936460233981,844,509,-335,-676.5,589.5,87
5.76151121605667,846,508,-338,-677,592,85
5.76365782977353,845,509,-336,-677,590.5,86.5
5.76580444349039,845,509,-336,-677,590.5,86.5
5.76795105720725,844,509,-335,-676.5,589.5,87
5.77009767092412,844,508,-336,-676,590,86
5.77224428464098,844,509,-335,-676.5,589.5,87
5.77439089835784,843,509,-334,-676,588.5,87.5
5.7765375120747,842,509,-333,-675.5,587.5,88
5.77868412579156,841,509,-332,-675,586.5,88.5
5.78083073950843,841,509,-332,-675,586.5,88.5
5.78297735322529,839,509,-330,-674,584.5,89.5
5.78512396694215,841,509,-332,-675,586.5,88.5
5.78727058065901,840,509,-331,-674.5,585.5,89
5.78941719437587,841,509,-332,-675,586.5,88.5
5.79156380809273,842,509,-333,-675.5,587.5,88
5.7937104218096,842,509,-333,-675.5,587.5,88
5.79585703552646,842,509,-333,-675.5,587.5,88
5.79800364924332,841,509,-332,-675,586.5,88.5
5.80015026296018,841,509,-332,-675,586.5,88.5
5.80229687667704,841,508,-333,-674.5,587,87.5
5.8044434903939,840,509,-331,-674.5,585.5,89
5.80659010411077,839,509,-330,-674,584.5,89.5
5.80873671782763,839,508,-331,-673.5,585,88.5
5.81088333154449,837,509,-328,-673,582.5,90.5
5.81302994526135,837,509,-328,-673,582.5,90.5
5.81517655897821,837,509,-328,-673,582.5,90.5
5.81732317269507,836,509,-327,-672.5,581.5,91
5.81946978641193,836,509,-327,-672.5,581.5,91
5.8216164001288,835,509,-326,-672,580.5,91.5
5.82376301384566,835,509,-326,-672,580.5,91.5
5.82590962756252,835,509,-326,-672,580.5,91.5
5.82805624127938,835,509,-326,-672,580.5,91.5
5.83020285499624,835,509,-326,-672,580.5,91.5
5.8323494687131,835,509,-326,-672,580.5,91.5
5.83449608242997,834,508,-326,-671,580,91
5.83664269614683,834,509,-325,-671.5,579.5,92
5.83878930986369,834,509,-325,-671.5,579.5,92
5.84093592358055,833,509,-324,-671,578.5,92.5
5.84308253729741,833,509,-324,-671,578.5,92.5
5.84522915101427,836,509,-327,-672.5,581.5,91
5.84737576473114,834,509,-325,-671.5,579.5,92
5.849522378448,835,509,-326,-672,580.5,91.5
5.85166899216486,836,509,-327,-672.5,581.5,91
5.85381560588172,836,509,-327,-672.5,581.5,91
5.85596221959858,835,509,-326,-672,580.5,91.5
5.85810883331544,835,509,-326,-672,580.5,91.5
5.86025544703231,834,509,-325,-671.5,579.5,92
5.86240206074917,834,509,-325,-671.5,579.5,92
5.86454867446603,835,509,-326,-672,580.5,91.5
5.86669528818289,836,509,-327,-672.5,581.5,91
5.86884190189975,834,509,-325,-671.5,579.5,92
5.87098851561661,834,509,-325,-671.5,579.5,92
5.87313512933348,833,509,-324,-671,578.5,92.5
5.87528174305034,832,509,-323,-670.5,577.5,93
5.8774283567672,833,509,-324,-671,578.5,92.5
5.87957497048406,834,508,-326,-671,580,91
5.88172158420092,834,509,-325,-671.5,579.5,92
5.88386819791778,835,509,-326,-672,580.5,91.5
5.88601481163465,836,509,-327,-672.5,581.5,91
5.88816142535151,837,509,-328,-673,582.5,90.5
5.89030803906837,836,509,-327,-672.5,581.5,91
5.89245465278523,837,509,-328,-673,582.5,90.5
5.89460126650209,838,509,-329,-673.5,583.5,90
5.89674788021895,836,509,-327,-672.5,581.5,91
5.89889449393582,832,508,-324,-670,578,92
5.90104110765268,831,509,-322,-670,576.5,93.5
5.90318772136954,832,508,-324,-670,578,92
5.9053343350864,833,509,-324,-671,578.5,92.5
5.90748094880326,833,509,-324,-671,578.5,92.5
5.90962756252012,833,509,-324,-671,578.5,92.5
5.91177417623699,832,509,-323,-670.5,577.5,93
5.91392078995385,831,509,-322,-670,576.5,93.5
5.91606740367071,831,509,-322,-670,576.5,93.5
5.91821401738757,832,509,-323,-670.5,577.5,93
5.92036063110443,832,509,-323,-670.5,577.5,93
5.92250724482129,830,509,-321,-669.5,575.5,94
5.92465385853816,830,509,-321,-669.5,575.5,94
5.92680047225502,831,509,-322,-670,576.5,93.5
5.92894708597188,828,509,-319,-668.5,573.5,95
5.93109369968874,826,509,-317,-667.5,571.5,96
5.9332403134056,824,509,-315,-666.5,569.5,97
5.93538692712246,820,509,-311,-664.5,565.5,99
5.93753354083933,820,509,-311,-664.5,565.5,99
5.93968015455619,818,509,-309,-663.5,563.5,100
5.94182676827305,817,509,-308,-663,562.5,100.5
5.94397338198991,818,509,-309,-663.5,563.5,100
5.94611999570677,818,509,-309,-663.5,563.5,100
5.94826660942363,818,508,-310,-663,564,99
5.9504132231405,819,509,-310,-664,564.5,99.5
5.95255983685736,819,509,-310,-664,564.5,99.5
5.95470645057422,817,509,-308,-663,562.5,100.5
5.95685306429108,817,509,-308,-663,562.5,100.5
5.95899967800794,817,509,-308,-663,562.5,100.5
5.9611462917248,818,509,-309,-663.5,563.5,100
5.96329290544167,817,509,-308,-663,562.5,100.5
5.96543951915853,817,509,-308,-663,562.5,100.5
5.96758613287539,818,509,-309,-663.5,563.5,100
5.96973274659225,820,509,-311,-664.5,565.5,99
5.97187936030911,819,509,-310,-664,564.5,99.5
5.97402597402597,818,509,-309,-663.5,563.5,100
5.97617258774284,817,509,-308,-663,562.5,100.5
5.9783192014597,817,509,-308,-663,562.5,100.5
5.98046581517656,820,509,-311,-664.5,565.5,99
5.98261242889342,821,509,-312,-665,566.5,98.5
5.98475904261028,821,509,-312,-665,566.5,98.5
5.98690565632714,822,508,-314,-665,568,97
5.989052270044,820,509,-311,-664.5,565.5,99
5.99119888376087,818,509,-309,-663.5,563.5,100
5.99334549747773,815,509,-306,-662,560.5,101.5
5.99549211119459,814,509,-305,-661.5,559.5,102
5.99763872491145,811,509,-302,-660,556.5,103.5
5.99978533862831,811,509,-302,-660,556.5,103.5
6.00193195234518,813,509,-304,-661,558.5,102.5
6.00407856606204,814,509,-305,-661.5,559.5,102
6.0062251797789,814,509,-305,-661.5,559.5,102
6.00837179349576,813,509,-304,-661,558.5,102.5
6.01051840721262,814,509,-305,-661.5,559.5,102
6.01266502092948,817,509,-308,-663,562.5,100.5
6.01481163464635,823,509,-314,-666,568.5,97.5
6.01695824836321,831,509,-322,-670,576.5,93.5
6.01910486208007,841,509,-332,-675,586.5,88.5
6.02125147579693,847,509,-338,-678,592.5,85.5
6.02339808951379,853,509,-344,-681,598.5,82.5
6.02554470323065,858,508,-350,-683,604,79
6.02769131694752,860,509,-351,-684.5,605.5,79
6.02983793066438,863,509,-354,-686,608.5,77.5
6.03198454438124,867,509,-358,-688,612.5,75.5
6.0341311580981,867,509,-358,-688,612.5,75.5
6.03627777181496,866,509,-357,-687.5,611.5,76
6.03842438553182,861,509,-352,-685,606.5,78.5
6.04057099924869,856,509,-347,-682.5,601.5,81
6.04271761296555,850,509,-341,-679.5,595.5,84
6.04486422668241,842,509,-333,-675.5,587.5,88
6.04701084039927,829,509,-320,-669,574.5,94.5
6.04915745411613,816,509,-307,-662.5,561.5,101
6.05130406783299,807,509,-298,-658,552.5,105.5
6.05345068154985,800,509,-291,-654.5,545.5,109
6.05559729526672,799,509,-290,-654,544.5,109.5
6.05774390898358,800,509,-291,-654.5,545.5,109
6.05989052270044,804,508,-296,-656,550,106
6.0620371364173,807,509,-298,-658,552.5,105.5
6.06418375013416,810,509,-301,-659.5,555.5,104
6.06633036385102,812,509,-303,-660.5,557.5,103
6.06847697756789,815,509,-306,-662,560.5,101.5
6.07062359128475,813,509,-304,-661,558.5,102.5
6.07277020500161,814,508,-306,-661,560,101
6.07491681871847,810,509,-301,-659.5,555.5,104
6.07706343243533,809,509,-300,-659,554.5,104.5
6.07921004615219,809,509,-300,-659,554.5,104.5
6.08135665986906,809,509,-300,-659,554.5,104.5
6.08350327358592,808,509,-299,-658.5,553.5,105
6.08564988730278,807,509,-298,-658,552.5,105.5
6.08779650101964,807,509,-298,-658,552.5,105.5
6.0899431147365,807,509,-298,-658,552.5,105.5
6.09208972845336,809,509,-300,-659,554.5,104.5
6.09423634217023,810,509,-301,-659.5,555.5,104
6.09638295588709,810,509,-301,-659.5,555.5,104
6.09852956960395,809,509,-300,-659,554.5,104.5
6.10067618332081,811,509,-302,-660,556.5,103.5
6.10282279703767,809,509,-300,-659,554.5,104.5
6.10496941075453,809,509,-300,-659,554.5,104.5
6.1071160244714,809,509,-300,-659,554.5,104.5
6.10926263818826,811,509,-302,-660,556.5,103.5
6.11140925190512,812,509,-303,-660.5,557.5,103
6.11355586562198,812,509,-303,-660.5,557.5,103
6.11570247933884,811,509,-302,-660,556.5,103.5
6.1178490930557,812,509,-303,-660.5,557.5,103
6.11999570677257,813,509,-304,-661,558.5,102.5
6.12214232048943,813,509,-304,-661,558.5,102.5
6.12428893420629,815,509,-306,-662,560.5,101.5
6.12643554792315,815,509,-306,-662,560.5,101.5
6.12858216164001,815,509,-306,-662,560.5,101.5
6.13072877535687,813,509,-304,-661,558.5,102.5
6.13287538907374,812,509,-303,-660.5,557.5,103
6.1350220027906,812,509,-303,-660.5,557.5,103
6.13716861650746,812,509,-303,-660.5,557.5,103
6.13931523022432,812,508,-304,-660,558,102
6.14146184394118,814,509,-305,-661.5,559.5,102
6.14360845765804,814,509,-305,-661.5,559.5,102
6.14575507137491,817,509,-308,-663,562.5,100.5
6.14790168509177,817,509,-308,-663,562.5,100.5
6.15004829880863,818,509,-309,-663.5,563.5,100
6.15219491252549,818,509,-309,-663.5,563.5,100
6.15434152624235,817,509,-308,-663,562.5,100.5
6.15648813995921,817,509,-308,-663,562.5,100.5
6.15863475367608,818,509,-309,-663.5,563.5,100
6.16078136739294,817,509,-308,-663,562.5,100.5
6.1629279811098,819,509,-310,-664,564.5,99.5
6.16507459482666,819,509,-310,-664,564.5,99.5
6.16722120854352,819,509,-310,-664,564.5,99.5
6.16936782226038,819,509,-310,-664,564.5,99.5
6.17151443597725,819,509,-310,-664,564.5,99.5
6.17366104969411,819,509,-310,-664,564.5,99.5
6.17580766341097,820,509,-311,-664.5,565.5,99
6.17795427712783,820,509,-311,-664.5,565.5,99
6.18010089084469,820,509,-311,-664.5,565.5,99
6.18224750456155,820,509,-311,-664.5,565.5,99
6.18439411827842,820,509,-311,-664.5,565.5,99
6.18654073199528,819,509,-310,-664,564.5,99.5
6.18868734571214,820,508,-312,-664,566,98
6.190833959429,820,509,-311,-664.5,565.5,99
6.19298057314586,821,509,-312,-665,566.5,98.5
6.19512718686272,820,508,-312,-664,566,98
6.19727380057959,822,509,-313,-665.5,567.5,98
6.19942041429645,824,509,-315,-666.5,569.5,97
6.20156702801331,825,509,-316,-667,570.5,96.5
6.20371364173017,823,509,-314,-666,568.5,97.5
6.20586025544703,823,509,-314,-666,568.5,97.5
6.20800686916389,823,509,-314,-666,568.5,97.5
6.21015348288075,823,509,-314,-666,568.5,97.5
6.21230009659762,823,509,-314,-666,568.5,97.5
6.21444671031448,823,509,-314,-666,568.5,97.5
6.21659332403134,824,509,-315,-666.5,569.5,97
6.2187399377482,824,509,-315,-666.5,569.5,97
6.22088655146506,825,508,-317,-666.5,571,95.5
6.22303316518193,825,509,-316,-667,570.5,96.5
6.22517977889879,825,509,-316,-667,570.5,96.5
6.22732639261565,826,508,-318,-667,572,95
6.22947300633251,827,509,-318,-668,572.5,95.5
6.23161962004937,829,509,-320,-669,574.5,94.5
6.23376623376623,829,509,-320,-669,574.5,94.5
6.2359128474831,829,509,-320,-669,574.5,94.5
6.23805946119996,829,509,-320,-669,574.5,94.5
6.24020607491682,830,509,-321,-669.5,575.5,94
6.24235268863368,828,509,-319,-668.5,573.5,95
6.24449930235054,828,509,-319,-668.5,573.5,95
6.2466459160674,828,509,-319,-668.5,573.5,95
6.24879252978427,827,509,-318,-668,572.5,95.5
6.25093914350113,826,509,-317,-667.5,571.5,96
6.25308575721799,829,509,-320,-669,574.5,94.5
6.25523237093485,829,509,-320,-669,574.5,94.5
6.25737898465171,827,509,-318,-668,572.5,95.5
6.25952559836857,828,509,-319,-668.5,573.5,95
6.26167221208544,829,509,-320,-669,574.5,94.5
6.2638188258023,828,509,-319,-668.5,573.5,95
6.26596543951916,829,509,-320,-669,574.5,94.5
6.26811205323602,830,508,-322,-669,576,93
6.27025866695288,829,509,-320,-669,574.5,94.5
6.27240528066974,828,509,-319,-668.5,573.5,95
6.2745518943866,828,509,-319,-668.5,573.5,95
6.27669850810347,827,509,-318,-668,572.5,95.5
6.27884512182033,827,509,-318,-668,572.5,95.5
6.28099173553719,826,509,-317,-667.5,571.5,96
6.28313834925405,824,509,-315,-666.5,569.5,97
6.28528496297091,823,509,-314,-666,568.5,97.5
6.28743157668777,822,509,-313,-665.5,567.5,98
6.28957819040464,823,509,-314,-666,568.5,97.5
6.2917248041215,822,509,-313,-665.5,567.5,98
6.29387141783836,821,509,-312,-665,566.5,98.5
6.29601803155522,819,508,-311,-663.5,565,98.5
6.29816464527208,817,509,-308,-663,562.5,100.5
6.30031125898894,816,509,-307,-662.5,561.5,101
6.30245787270581,817,509,-308,-663,562.5,100.5
6.30460448642267,815,509,-306,-662,560.5,101.5
6.30675110013953,813,509,-304,-661,558.5,102.5
6.30889771385639,811,509,-302,-660,556.5,103.5
6.31104432757325,809,509,-300,-659,554.5,104.5
6.31319094129011,808,509,-299,-658.5,553.5,105
6.31533755500698,807,509,-298,-658,552.5,105.5
6.31748416872384,807,509,-298,-658,552.5,105.5
6.3196307824407,808,509,-299,-658.5,553.5,105
6.32177739615756,808,509,-299,-658.5,553.5,105
6.32392400987442,807,509,-298,-658,552.5,105.5
6.32607062359128,804,509,-295,-656.5,549.5,107
6.32821723730815,803,509,-294,-656,548.5,107.5
6.33036385102501,801,509,-292,-655,546.5,108.5
6.33251046474187,802,509,-293,-655.5,547.5,108
6.33465707845873,803,509,-294,-656,548.5,107.5
6.33680369217559,803,509,-294,-656,548.5,107.5
6.33895030589245,802,509,-293,-655.5,547.5,108
6.34109691960932,801,509,-292,-655,546.5,108.5
6.34324353332618,799,509,-290,-654,544.5,109.5
6.34539014704304,800,509,-291,-654.5,545.5,109
6.3475367607599,799,509,-290,-654,544.5,109.5
6.34968337447676,800,509,-291,-654.5,545.5,109
6.35182998819362,800,509,-291,-654.5,545.5,109
6.35397660191049,802,509,-293,-655.5,547.5,108
6.35612321562735,803,509,-294,-656,548.5,107.5
6.35826982934421,804,509,-295,-656.5,549.5,107
6.36041644306107,805,509,-296,-657,550.5,106.5
6.36256305677793,803,509,-294,-656,548.5,107.5
6.36470967049479,802,509,-293,-655.5,547.5,108
6.36685628421166,801,509,-292,-655,546.5,108.5
6.36900289792852,802,509,-293,-655.5,547.5,108
6.37114951164538,802,509,-293,-655.5,547.5,108
6.37329612536224,802,509,-293,-655.5,547.5,108
6.3754427390791,803,509,-294,-656,548.5,107.5
6.37758935279596,803,509,-294,-656,548.5,107.5
6.37973596651283,806,509,-297,-657.5,551.5,106
6.38188258022969,806,509,-297,-657.5,551.5,106
6.38402919394655,805,509,-296,-657,550.5,106.5
6.38617580766341,804,509,-295,-656.5,549.5,107
6.38832242138027,804,509,-295,-656.5,549.5,107
6.39046903509713,806,509,-297,-657.5,551.5,106
6.392615648814,807,509,-298,-658,552.5,105.5
6.39476226253086,807,509,-298,-658,552.5,105.5
6.39690887624772,805,509,-296,-657,550.5,106.5
6.39905548996458,806,509,-297,-657.5,551.5,106
6.40120210368144,806,509,-297,-657.5,551.5,106
6.4033487173983,808,508,-300,-658,554,104
6.40549533111517,808,509,-299,-658.5,553.5,105
6.40764194483203,807,509,-298,-658,552.5,105.5
6.40978855854889,807,509,-298,-658,552.5,105.5
6.41193517226575,807,509,-298,-658,552.5,105.5
6.41408178598261,807,509,-298,-658,552.5,105.5
6.41622839969947,808,509,-299,-658.5,553.5,105
6.41837501341634,807,509,-298,-658,552.5,105.5
6.4205216271332,808,509,-299,-658.5,553.5,105
6.42266824085006,806,508,-298,-657,552,105
6.42481485456692,808,509,-299,-658.5,553.5,105
6.42696146828378,807,508,-299,-657.5,553,104.5
6.42910808200064,808,509,-299,-658.5,553.5,105
6.4312546957175,809,509,-300,-659,554.5,104.5
6.43340130943437,810,509,-301,-659.5,555.5,104
6.43554792315123,811,509,-302,-660,556.5,103.5
6.43769453686809,811,509,-302,-660,556.5,103.5
6.43984115058495,810,509,-301,-659.5,555.5,104
6.44198776430181,806,509,-297,-657.5,551.5,106
6.44413437801868,806,509,-297,-657.5,551.5,106
6.44628099173554,806,508,-298,-657,552,105
6.4484276054524,807,509,-298,-658,552.5,105.5
6.45057421916926,809,508,-301,-658.5,555,103.5
6.45272083288612,810,509,-301,-659.5,555.5,104
6.45486744660298,809,509,-300,-659,554.5,104.5
6.45701406031985,811,509,-302,-660,556.5,103.5
6.45916067403671,811,509,-302,-660,556.5,103.5
6.46130728775357,812,509,-303,-660.5,557.5,103
6.46345390147043,812,509,-303,-660.5,557.5,103
6.46560051518729,813,509,-304,-661,558.5,102.5
6.46774712890415,811,509,-302,-660,556.5,103.5
6.46989374262102,810,509,-301,-659.5,555.5,104
6.47204035633788,809,509,-300,-659,554.5,104.5
6.47418697005474,808,509,-299,-658.5,553.5,105
6.4763335837716,806,509,-297,-657.5,551.5,106
6.47848019748846,808,509,-299,-658.5,553.5,105
6.48062681120532,808,508,-300,-658,554,104
6.48277342492219,809,509,-300,-659,554.5,104.5
6.48492003863905,810,508,-302,-659,556,103
6.48706665235591,810,509,-301,-659.5,555.5,104
6.48921326607277,810,509,-301,-659.5,555.5,104
6.49135987978963,810,508,-302,-659,556,103
6.49350649350649,809,509,-300,-659,554.5,104.5
6.49565310722335,810,509,-301,-659.5,555.5,104
6.49779972094022,808,509,-299,-658.5,553.5,105
6.49994633465708,809,509,-300,-659,554.5,104.5
6.50209294837394,809,509,-300,-659,554.5,104.5
6.5042395620908,809,509,-300,-659,554.5,104.5
6.50638617580766,810,509,-301,-659.5,555.5,104
6.50853278952452,809,509,-300,-659,554.5,104.5
6.51067940324139,809,508,-301,-658.5,555,103.5
6.51282601695825,810,509,-301,-659.5,555.5,104
6.51497263067511,808,509,-299,-658.5,553.5,105
6.51711924439197,808,509,-299,-658.5,553.5,105
6.51926585810883,809,509,-300,-659,554.5,104.5
6.52141247182569,807,509,-298,-658,552.5,105.5
6.52355908554256,807,509,-298,-658,552.5,105.5
6.52570569925942,808,508,-300,-658,554,104
6.52785231297628,810,509,-301,-659.5,555.5,104
6.52999892669314,811,509,-302,-660,556.5,103.5
6.53214554041,811,509,-302,-660,556.5,103.5
6.53429215412686,812,509,-303,-660.5,557.5,103
6.53643876784373,810,509,-301,-659.5,555.5,104
6.53858538156059,810,509,-301,-659.5,555.5,104
6.54073199527745,808,509,-299,-658.5,553.5,105
6.54287860899431,809,509,-300,-659,554.5,104.5
6.54502522271117,809,509,-300,-659,554.5,104.5
6.54717183642803,811,509,-302,-660,556.5,103.5
6.5493184501449,811,509,-302,-660,556.5,103.5
6.55146506386176,811,509,-302,-660,556.5,103.5
6.55361167757862,813,509,-304,-661,558.5,102.5
6.55575829129548,814,509,-305,-661.5,559.5,102
6.55790490501234,813,509,-304,-661,558.5,102.5
6.5600515187292,813,509,-304,-661,558.5,102.5
6.56219813244607,814,509,-305,-661.5,559.5,102
6.56434474616293,814,509,-305,-661.5,559.5,102
6.56649135987979,814,509,-305,-661.5,559.5,102
6.56863797359665,815,509,-306,-662,560.5,101.5
6.57078458731351,816,509,-307,-662.5,561.5,101
6.57293120103037,818,509,-309,-663.5,563.5,100
6.57507781474724,817,509,-308,-663,562.5,100.5
6.5772244284641,816,509,-307,-662.5,561.5,101
6.57937104218096,817,509,-308,-663,562.5,100.5
6.58151765589782,817,509,-308,-663,562.5,100.5
6.58366426961468,817,509,-308,-663,562.5,100.5
6.58581088333154,817,509,-308,-663,562.5,100.5
6.58795749704841,818,509,-309,-663.5,563.5,100
6.59010411076527,818,509,-309,-663.5,563.5,100
6.59225072448213,819,509,-310,-664,564.5,99.5
6.59439733819899,820,509,-311,-664.5,565.5,99
6.59654395191585,818,509,-309,-663.5,563.5,100
6.59869056563271,819,509,-310,-664,564.5,99.5
6.60083717934958,819,509,-310,-664,564.5,99.5
6.60298379306644,821,509,-312,-665,566.5,98.5
6.6051304067833,822,509,-313,-665.5,567.5,98
6.60727702050016,822,509,-313,-665.5,567.5,98
6.60942363421702,821,509,-312,-665,566.5,98.5
6.61157024793388,822,509,-313,-665.5,567.5,98
6.61371686165075,822,509,-313,-665.5,567.5,98
6.61586347536761,822,508,-314,-665,568,97
6.61801008908447,818,509,-309,-663.5,563.5,100
6.62015670280133,817,509,-308,-663,562.5,100.5
6.62230331651819,815,509,-306,-662,560.5,101.5
6.62444993023505,815,509,-306,-662,560.5,101.5
6.62659654395192,814,509,-305,-661.5,559.5,102
6.62874315766878,814,509,-305,-661.5,559.5,102
6.63088977138564,814,509,-305,-661.5,559.5,102
6.6330363851025,812,509,-303,-660.5,557.5,103
6.63518299881936,810,509,-301,-659.5,555.5,104
6.63732961253622,809,509,-300,-659,554.5,104.5
6.63947622625309,808,509,-299,-658.5,553.5,105
6.64162283996995,809,509,-300,-659,554.5,104.5
6.64376945368681,809,509,-300,-659,554.5,104.5
6.64591606740367,810,509,-301,-659.5,555.5,104
6.64806268112053,811,509,-302,-660,556.5,103.5
6.65020929483739,807,508,-299,-657.5,553,104.5
6.65235590855425,808,509,-299,-658.5,553.5,105
6.65450252227112,808,509,-299,-658.5,553.5,105
6.65664913598798,808,509,-299,-658.5,553.5,105
6.65879574970484,809,509,-300,-659,554.5,104.5
6.6609423634217,809,509,-300,-659,554.5,104.5
6.66308897713856,808,509,-299,-658.5,553.5,105
6.66523559085543,811,509,-302,-660,556.5,103.5
6.66738220457229,810,509,-301,-659.5,555.5,104
6.66952881828915,810,509,-301,-659.5,555.5,104
6.67167543200601,810,509,-301,-659.5,555.5,104
6.67382204572287,810,509,-301,-659.5,555.5,104
6.67596865943973,811,509,-302,-660,556.5,103.5
6.6781152731566,809,509,-300,-659,554.5,104.5
6.68026188687346,809,509,-300,-659,554.5,104.5
6.68240850059032,807,509,-298,-658,552.5,105.5
6.68455511430718,808,509,-299,-658.5,553.5,105
6.68670172802404,807,509,-298,-658,552.5,105.5
6.6888483417409,806,509,-297,-657.5,551.5,106
6.69099495545777,808,509,-299,-658.5,553.5,105
6.69314156917463,809,509,-300,-659,554.5,104.5
6.69528818289149,809,509,-300,-659,554.5,104.5
6.69743479660835,806,509,-297,-657.5,551.5,106
6.69958141032521,808,509,-299,-658.5,553.5,105
6.70172802404207,806,509,-297,-657.5,551.5,106
6.70387463775894,807,509,-298,-658,552.5,105.5
6.7060212514758,805,509,-296,-657,550.5,106.5
6.70816786519266,806,509,-297,-657.5,551.5,106
6.71031447890952,806,509,-297,-657.5,551.5,106
6.71246109262638,806,509,-297,-657.5,551.5,106
6.71460770634324,807,508,-299,-657.5,553,104.5
6.7167543200601,807,509,-298,-658,552.5,105.5
6.71890093377697,809,508,-301,-658.5,555,103.5
6.72104754749383,812,509,-303,-660.5,557.5,103
6.72319416121069,819,509,-310,-664,564.5,99.5
6.72534077492755,828,509,-319,-668.5,573.5,95
6.72748738864441,838,509,-329,-673.5,583.5,90
6.72963400236127,846,509,-337,-677.5,591.5,86
6.73178061607814,851,509,-342,-680,596.5,83.5
6.733927229795,855,509,-346,-682,600.5,81.5
6.73607384351186,858,509,-349,-683.5,603.5,80
6.73822045722872,862,509,-353,-685.5,607.5,78
6.74036707094558,863,508,-355,-685.5,609,76.5
6.74251368466244,861,509,-352,-685,606.5,78.5
6.74466029837931,861,509,-352,-685,606.5,78.5
6.74680691209617,856,509,-347,-682.5,601.5,81
6.74895352581303,853,509,-344,-681,598.5,82.5
6.75110013952989,846,509,-337,-677.5,591.5,86
6.75324675324675,836,509,-327,-672.5,581.5,91
6.75539336696361,822,508,-314,-665,568,97
6.75753998068048,809,509,-300,-659,554.5,104.5
6.75968659439734,797,508,-289,-652.5,543,109.5
6.7618332081142,791,508,-283,-649.5,537,112.5
6.76397982183106,792,509,-283,-650.5,537.5,113
6.76612643554792,794,509,-285,-651.5,539.5,112
6.76827304926478,798,509,-289,-653.5,543.5,110
6.77041966298165,805,509,-296,-657,550.5,106.5
6.77256627669851,809,509,-300,-659,554.5,104.5
6.77471289041537,810,509,-301,-659.5,555.5,104
6.77685950413223,811,508,-303,-659.5,557,102.5
6.77900611784909,811,509,-302,-660,556.5,103.5
6.78115273156595,810,509,-301,-659.5,555.5,104
6.78329934528282,808,509,-299,-658.5,553.5,105
6.78544595899968,806,509,-297,-657.5,551.5,106
6.78759257271654,808,509,-299,-658.5,553.5,105
6.7897391864334,809,509,-300,-659,554.5,104.5
6.79188580015026,809,509,-300,-659,554.5,104.5
6.79403241386712,809,508,-301,-658.5,555,103.5
6.79617902758399,809,509,-300,-659,554.5,104.5
6.79832564130085,808,509,-299,-658.5,553.5,105
6.80047225501771,809,509,-300,-659,554.5,104.5
6.80261886873457,809,508,-301,-658.5,555,103.5
6.80476548245143,809,509,-300,-659,554.5,104.5
6.80691209616829,812,509,-303,-660.5,557.5,103
6.80905870988516,810,509,-301,-659.5,555.5,104
6.81120532360202,810,509,-301,-659.5,555.5,104
6.81335193731888,809,508,-301,-658.5,555,103.5
6.81549855103574,810,509,-301,-659.5,555.5,104
6.8176451647526,809,509,-300,-659,554.5,104.5
6.81979177846946,812,509,-303,-660.5,557.5,103
6.82193839218633,812,509,-303,-660.5,557.5,103
6.82408500590319,812,509,-303,-660.5,557.5,103
6.82623161962005,813,509,-304,-661,558.5,102.5
6.82837823333691,813,509,-304,-661,558.5,102.5
6.83052484705377,814,509,-305,-661.5,559.5,102
6.83267146077063,814,509,-305,-661.5,559.5,102
6.8348180744875,814,509,-305,-661.5,559.5,102
6.83696468820436,814,509,-305,-661.5,559.5,102
6.83911130192122,815,509,-306,-662,560.5,101.5
6.84125791563808,817,509,-308,-663,562.5,100.5
6.84340452935494,817,509,-308,-663,562.5,100.5
6.8455511430718,817,508,-309,-662.5,563,99.5
6.84769775678867,816,509,-307,-662.5,561.5,101
6.84984437050553,817,509,-308,-663,562.5,100.5
6.85199098422239,815,509,-306,-662,560.5,101.5
6.85413759793925,816,509,-307,-662.5,561.5,101
6.85628421165611,813,509,-304,-661,558.5,102.5
6.85843082537297,814,509,-305,-661.5,559.5,102
6.86057743908984,817,509,-308,-663,562.5,100.5
6.8627240528067,818,509,-309,-663.5,563.5,100
6.86487066652356,818,509,-309,-663.5,563.5,100
6.86701728024042,819,509,-310,-664,564.5,99.5
6.86916389395728,820,509,-311,-664.5,565.5,99
6.87131050767414,821,509,-312,-665,566.5,98.5
6.873457121391,821,508,-313,-664.5,567,97.5
6.87560373510787,823,509,-314,-666,568.5,97.5
6.87775034882473,824,509,-315,-666.5,569.5,97
6.87989696254159,826,508,-318,-667,572,95
6.88204357625845,825,509,-316,-667,570.5,96.5
6.88419018997531,825,509,-316,-667,570.5,96.5
6.88633680369218,824,509,-315,-666.5,569.5,97
6.88848341740904,823,509,-314,-666,568.5,97.5
6.8906300311259,825,509,-316,-667,570.5,96.5
6.89277664484276,825,509,-316,-667,570.5,96.5
6.89492325855962,825,509,-316,-667,570.5,96.5
6.89706987227648,825,509,-316,-667,570.5,96.5
6.89921648599335,825,509,-316,-667,570.5,96.5
6.90136309971021,825,509,-316,-667,570.5,96.5
6.90350971342707,825,509,-316,-667,570.5,96.5
6.90565632714393,825,508,-317,-666.5,571,95.5
6.90780294086079,827,509,-318,-668,572.5,95.5
6.90994955457765,827,508,-319,-667.5,573,94.5
6.91209616829452,827,508,-319,-667.5,573,94.5
6.91424278201138,827,509,-318,-668,572.5,95.5
6.91638939572824,829,509,-320,-669,574.5,94.5
6.9185360094451,829,508,-321,-668.5,575,93.5
6.92068262316196,829,509,-320,-669,574.5,94.5
6.92282923687882,830,509,-321,-669.5,575.5,94
6.92497585059569,830,509,-321,-669.5,575.5,94
6.92712246431255,830,508,-322,-669,576,93
6.92926907802941,831,509,-322,-670,576.5,93.5
6.93141569174627,832,509,-323,-670.5,577.5,93
6.93356230546313,832,509,-323,-670.5,577.5,93
6.93570891917999,832,509,-323,-670.5,577.5,93
6.93785553289685,831,509,-322,-670,576.5,93.5
6.94000214661372,832,509,-323,-670.5,577.5,93
6.94214876033058,832,508,-324,-670,578,92
6.94429537404744,832,509,-323,-670.5,577.5,93
6.9464419877643,832,509,-323,-670.5,577.5,93
6.94858860148116,832,508,-324,-670,578,92
6.95073521519802,833,508,-325,-670.5,579,91.5
6.95288182891489,833,509,-324,-671,578.5,92.5
6.95502844263175,834,509,-325,-671.5,579.5,92
6.95717505634861,836,509,-327,-672.5,581.5,91
6.95932167006547,837,509,-328,-673,582.5,90.5
6.96146828378233,837,509,-328,-673,582.5,90.5
6.96361489749919,837,509,-328,-673,582.5,90.5
6.96576151121606,836,509,-327,-672.5,581.5,91
6.96790812493292,836,509,-327,-672.5,581.5,91
6.97005473864978,835,509,-326,-672,580.5,91.5
6.97220135236664,833,509,-324,-671,578.5,92.5
6.9743479660835,834,509,-325,-671.5,579.5,92
6.97649457980036,835,509,-326,-672,580.5,91.5
6.97864119351723,837,509,-328,-673,582.5,90.5
6.98078780723409,834,509,-325,-671.5,579.5,92
6.98293442095095,834,509,-325,-671.5,579.5,92
6.98508103466781,834,509,-325,-671.5,579.5,92
6.98722764838467,835,509,-326,-672,580.5,91.5
6.98937426210153,832,509,-323,-670.5,577.5,93
6.9915208758184,831,509,-322,-670,576.5,93.5
6.99366748953526,830,509,-321,-669.5,575.5,94
6.99581410325212,830,508,-322,-669,576,93
6.99796071696898,830,509,-321,-669.5,575.5,94
7.00010733068584,830,509,-321,-669.5,575.5,94
7.0022539444027,830,508,-322,-669,576,93
7.00440055811957,829,509,-320,-669,574.5,94.5
7.00654717183643,826,509,-317,-667.5,571.5,96
7.00869378555329,823,508,-315,-665.5,569,96.5
7.01084039927015,820,509,-311,-664.5,565.5,99
7.01298701298701,819,509,-310,-664,564.5,99.5
7.01513362670387,818,508,-310,-663,564,99
7.01728024042074,818,509,-309,-663.5,563.5,100
7.0194268541376,818,509,-309,-663.5,563.5,100
7.02157346785446,817,509,-308,-663,562.5,100.5
7.02372008157132,818,509,-309,-663.5,563.5,100
7.02586669528818,816,509,-307,-662.5,561.5,101
7.02801330900504,815,509,-306,-662,560.5,101.5
7.03015992272191,812,509,-303,-660.5,557.5,103
7.03230653643877,811,508,-303,-659.5,557,102.5
7.03445315015563,810,509,-301,-659.5,555.5,104
7.03659976387249,811,509,-302,-660,556.5,103.5
7.03874637758935,811,508,-303,-659.5,557,102.5
7.04089299130621,812,509,-303,-660.5,557.5,103
7.04303960502308,810,509,-301,-659.5,555.5,104
7.04518621873994,811,508,-303,-659.5,557,102.5
7.0473328324568,811,509,-302,-660,556.5,103.5
7.04947944617366,811,509,-302,-660,556.5,103.5
7.05162605989052,813,509,-304,-661,558.5,102.5
7.05377267360738,815,509,-306,-662,560.5,101.5
7.05591928732425,813,509,-304,-661,558.5,102.5
7.05806590104111,814,509,-305,-661.5,559.5,102
7.06021251475797,813,509,-304,-661,558.5,102.5
7.06235912847483,814,509,-305,-661.5,559.5,102
7.06450574219169,812,509,-303,-660.5,557.5,103
7.06665235590855,812,509,-303,-660.5,557.5,103
7.06879896962542,812,509,-303,-660.5,557.5,103
7.07094558334228,810,509,-301,-659.5,555.5,104
7.07309219705914,812,509,-303,-660.5,557.5,103
7.075238810776,811,509,-302,-660,556.5,103.5
7.07738542449286,810,509,-301,-659.5,555.5,104
7.07953203820972,811,509,-302,-660,556.5,103.5
7.08167865192659,811,509,-302,-660,556.5,103.5
7.08382526564345,810,509,-301,-659.5,555.5,104
7.08597187936031,810,509,-301,-659.5,555.5,104
7.08811849307717,811,509,-302,-660,556.5,103.5
7.09026510679403,813,509,-304,-661,558.5,102.5
7.09241172051089,814,509,-305,-661.5,559.5,102
7.09455833422775,814,509,-305,-661.5,559.5,102
7.09670494794462,814,509,-305,-661.5,559.5,102
7.09885156166148,815,509,-306,-662,560.5,101.5
7.10099817537834,814,509,-305,-661.5,559.5,102
7.1031447890952,814,508,-306,-661,560,101
7.10529140281206,813,509,-304,-661,558.5,102.5
7.10743801652893,813,509,-304,-661,558.5,102.5
7.10958463024579,812,508,-304,-660,558,102
7.11173124396265,814,509,-305,-661.5,559.5,102
7.11387785767951,814,509,-305,-661.5,559.5,102
7.11602447139637,815,509,-306,-662,560.5,101.5
7.11817108511323,816,509,-307,-662.5,561.5,101
7.1203176988301,816,509,-307,-662.5,561.5,101
7.12246431254696,815,509,-306,-662,560.5,101.5
7.12461092626382,817,509,-308,-663,562.5,100.5
7.12675753998068,817,509,-308,-663,562.5,100.5
7.12890415369754,817,509,-308,-663,562.5,100.5
7.1310507674144,817,509,-308,-663,562.5,100.5
7.13319738113127,816,509,-307,-662.5,561.5,101
7.13534399484813,816,509,-307,-662.5,561.5,101
7.13749060856499,816,509,-307,-662.5,561.5,101
7.13963722228185,813,509,-304,-661,558.5,102.5
7.14178383599871,814,509,-305,-661.5,559.5,102
7.14393044971557,815,509,-306,-662,560.5,101.5
7.14607706343244,817,508,-309,-662.5,563,99.5
7.1482236771493,819,509,-310,-664,564.5,99.5
7.15037029086616,821,509,-312,-665,566.5,98.5
7.15251690458302,820,509,-311,-664.5,565.5,99
7.15466351829988,819,509,-310,-664,564.5,99.5
7.15681013201674,819,508,-311,-663.5,565,98.5
7.1589567457336,819,509,-310,-664,564.5,99.5
7.16110335945047,818,509,-309,-663.5,563.5,100
7.16324997316733,818,509,-309,-663.5,563.5,100
7.16539658688419,817,509,-308,-663,562.5,100.5
7.16754320060105,818,509,-309,-663.5,563.5,100
7.16968981431791,816,509,-307,-662.5,561.5,101
7.17183642803477,818,508,-310,-663,564,99
7.17398304175164,820,509,-311,-664.5,565.5,99
7.1761296554685,821,509,-312,-665,566.5,98.5
7.17827626918536,820,509,-311,-664.5,565.5,99
7.18042288290222,822,509,-313,-665.5,567.5,98
7.18256949661908,821,509,-312,-665,566.5,98.5
7.18471611033594,821,509,-312,-665,566.5,98.5
7.18686272405281,820,509,-311,-664.5,565.5,99
7.18900933776967,819,508,-311,-663.5,565,98.5
7.19115595148653,818,509,-309,-663.5,563.5,100
7.19330256520339,819,508,-311,-663.5,565,98.5
7.19544917892025,820,509,-311,-664.5,565.5,99
7.19759579263711,819,509,-310,-664,564.5,99.5
7.19974240635398,821,509,-312,-665,566.5,98.5
7.20188902007084,821,509,-312,-665,566.5,98.5
7.2040356337877,820,509,-311,-664.5,565.5,99
7.20618224750456,819,509,-310,-664,564.5,99.5
7.20832886122142,819,509,-310,-664,564.5,99.5
7.21047547493828,819,509,-310,-664,564.5,99.5
7.21262208865515,818,508,-310,-663,564,99
7.21476870237201,818,509,-309,-663.5,563.5,100
7.21691531608887,819,509,-310,-664,564.5,99.5
7.21906192980573,820,509,-311,-664.5,565.5,99
7.22120854352259,820,508,-312,-664,566,98
7.22335515723945,819,509,-310,-664,564.5,99.5
7.22550177095632,821,509,-312,-665,566.5,98.5
7.22764838467318,820,509,-311,-664.5,565.5,99
7.22979499839004,820,509,-311,-664.5,565.5,99
7.2319416121069,818,509,-309,-663.5,563.5,100
7.23408822582376,819,509,-310,-664,564.5,99.5
7.23623483954062,820,509,-311,-664.5,565.5,99
7.23838145325749,820,509,-311,-664.5,565.5,99
7.24052806697435,820,509,-311,-664.5,565.5,99
7.24267468069121,820,509,-311,-664.5,565.5,99
7.24482129440807,821,509,-312,-665,566.5,98.5
7.24696790812493,820,509,-311,-664.5,565.5,99
7.24911452184179,818,509,-309,-663.5,563.5,100
7.25126113555866,819,509,-310,-664,564.5,99.5
7.25340774927552,820,509,-311,-664.5,565.5,99
7.25555436299238,822,509,-313,-665.5,567.5,98
7.25770097670924,824,509,-315,-666.5,569.5,97
7.2598475904261,824,509,-315,-666.5,569.5,97
7.26199420414296,824,509,-315,-666.5,569.5,97
7.26414081785983,825,509,-316,-667,570.5,96.5
7.26628743157669,825,509,-316,-667,570.5,96.5
7.26843404529355,823,508,-315,-665.5,569,96.5
7.27058065901041,824,509,-315,-666.5,569.5,97
7.27272727272727,823,509,-314,-666,568.5,97.5
7.27487388644413,824,509,-315,-666.5,569.5,97
7.277020500161,821,509,-312,-665,566.5,98.5
7.27916711387786,822,509,-313,-665.5,567.5,98
7.28131372759472,821,509,-312,-665,566.5,98.5
7.28346034131158,821,509,-312,-665,566.5,98.5
7.28560695502844,822,509,-313,-665.5,567.5,98
7.2877535687453,825,509,-316,-667,570.5,96.5
7.28990018246217,825,509,-316,-667,570.5,96.5
7.29204679617903,825,509,-316,-667,570.5,96.5
7.29419340989589,825,509,-316,-667,570.5,96.5
7.29634002361275,825,509,-316,-667,570.5,96.5
7.29848663732961,824,509,-315,-666.5,569.5,97
7.30063325104647,823,509,-314,-666,568.5,97.5
7.30277986476334,822,509,-313,-665.5,567.5,98
7.3049264784802,822,509,-313,-665.5,567.5,98
7.30707309219706,820,509,-311,-664.5,565.5,99
7.30921970591392,819,509,-310,-664,564.5,99.5
7.31136631963078,819,509,-310,-664,564.5,99.5
7.31351293334764,817,509,-308,-663,562.5,100.5
7.3156595470645,815,509,-306,-662,560.5,101.5
7.31780616078137,815,509,-306,-662,560.5,101.5
7.31995277449823,815,509,-306,-662,560.5,101.5
7.32209938821509,813,509,-304,-661,558.5,102.5
7.32424600193195,813,509,-304,-661,558.5,102.5
7.32639261564881,811,509,-302,-660,556.5,103.5
7.32853922936568,811,509,-302,-660,556.5,103.5
7.33068584308254,813,509,-304,-661,558.5,102.5
7.3328324567994,812,508,-304,-660,558,102
7.33497907051626,812,509,-303,-660.5,557.5,103
7.33712568423312,812,509,-303,-660.5,557.5,103
7.33927229794998,811,509,-302,-660,556.5,103.5
7.34141891166685,810,509,-301,-659.5,555.5,104
7.34356552538371,807,508,-299,-657.5,553,104.5
7.34571213910057,808,509,-299,-658.5,553.5,105
7.34785875281743,809,509,-300,-659,554.5,104.5
7.35000536653429,810,509,-301,-659.5,555.5,104
7.35215198025115,811,509,-302,-660,556.5,103.5
7.35429859396802,810,509,-301,-659.5,555.5,104
7.35644520768488,812,509,-303,-660.5,557.5,103
7.35859182140174,813,509,-304,-661,558.5,102.5
7.3607384351186,813,509,-304,-661,558.5,102.5
7.36288504883546,812,509,-303,-660.5,557.5,103
7.36503166255232,811,509,-302,-660,556.5,103.5
7.36717827626919,810,509,-301,-659.5,555.5,104
7.36932488998605,811,508,-303,-659.5,557,102.5
7.37147150370291,811,509,-302,-660,556.5,103.5
7.37361811741977,811,509,-302,-660,556.5,103.5
7.37576473113663,811,509,-302,-660,556.5,103.5
7.37791134485349,813,509,-304,-661,558.5,102.5
7.38005795857035,813,509,-304,-661,558.5,102.5
7.38220457228722,812,509,-303,-660.5,557.5,103
7.38435118600408,811,509,-302,-660,556.5,103.5
7.38649779972094,812,509,-303,-660.5,557.5,103
7.3886444134378,811,509,-302,-660,556.5,103.5
7.39079102715466,811,509,-302,-660,556.5,103.5
7.39293764087152,810,509,-301,-659.5,555.5,104
7.39508425458839,810,509,-301,-659.5,555.5,104
7.39723086830525,809,509,-300,-659,554.5,104.5
7.39937748202211,811,509,-302,-660,556.5,103.5
7.40152409573897,811,509,-302,-660,556.5,103.5
7.40367070945583,813,509,-304,-661,558.5,102.5
7.40581732317269,813,509,-304,-661,558.5,102.5
7.40796393688956,817,508,-309,-662.5,563,99.5
7.41011055060642,825,509,-316,-667,570.5,96.5
7.41225716432328,833,509,-324,-671,578.5,92.5
7.41440377804014,843,509,-334,-676,588.5,87.5
7.416550391757,849,509,-340,-679,594.5,84.5
7.41869700547386,851,509,-342,-680,596.5,83.5
7.42084361919073,856,509,-347,-682.5,601.5,81
7.42299023290759,861,509,-352,-685,606.5,78.5
7.42513684662445,863,509,-354,-686,608.5,77.5
7.42728346034131,866,509,-357,-687.5,611.5,76
7.42943007405817,864,509,-355,-686.5,609.5,77
7.43157668777503,862,508,-354,-685,608,77
7.4337233014919,859,509,-350,-684,604.5,79.5
7.43586991520876,853,509,-344,-681,598.5,82.5
7.43801652892562,849,508,-341,-678.5,595,83.5
7.44016314264248,837,509,-328,-673,582.5,90.5
7.44230975635934,823,509,-314,-666,568.5,97.5
7.4444563700762,809,508,-301,-658.5,555,103.5
7.44660298379307,801,509,-292,-655,546.5,108.5
7.44874959750993,798,509,-289,-653.5,543.5,110
7.45089621122679,798,509,-289,-653.5,543.5,110
7.45304282494365,800,509,-291,-654.5,545.5,109
7.45518943866051,802,509,-293,-655.5,547.5,108
7.45733605237737,805,509,-296,-657,550.5,106.5
7.45948266609424,808,509,-299,-658.5,553.5,105
7.4616292798111,811,509,-302,-660,556.5,103.5
7.46377589352796,813,509,-304,-661,558.5,102.5
7.46592250724482,814,509,-305,-661.5,559.5,102
7.46806912096168,812,509,-303,-660.5,557.5,103
7.47021573467854,812,509,-303,-660.5,557.5,103
7.47236234839541,812,509,-303,-660.5,557.5,103
7.47450896211227,810,509,-301,-659.5,555.5,104
7.47665557582913,808,509,-299,-658.5,553.5,105
7.47880218954599,810,509,-301,-659.5,555.5,104
7.48094880326285,811,509,-302,-660,556.5,103.5
7.48309541697971,810,509,-301,-659.5,555.5,104
7.48524203069658,810,508,-302,-659,556,103
7.48738864441344,809,508,-301,-658.5,555,103.5
7.4895352581303,808,509,-299,-658.5,553.5,105
7.49168187184716,808,509,-299,-658.5,553.5,105
7.49382848556402,809,509,-300,-659,554.5,104.5
7.49597509928088,809,509,-300,-659,554.5,104.5
7.49812171299775,810,509,-301,-659.5,555.5,104
7.50026832671461,811,509,-302,-660,556.5,103.5
7.50241494043147,811,509,-302,-660,556.5,103.5
7.50456155414833,811,509,-302,-660,556.5,103.5
7.50670816786519,812,509,-303,-660.5,557.5,103
7.50885478158205,810,509,-301,-659.5,555.5,104
7.51100139529892,811,509,-302,-660,556.5,103.5
7.51314800901578,811,509,-302,-660,556.5,103.5
7.51529462273264,814,509,-305,-661.5,559.5,102
7.5174412364495,811,509,-302,-660,556.5,103.5
7.51958785016636,809,509,-300,-659,554.5,104.5
7.52173446388322,808,509,-299,-658.5,553.5,105
7.52388107760009,810,509,-301,-659.5,555.5,104
7.52602769131695,811,509,-302,-660,556.5,103.5
7.52817430503381,814,508,-306,-661,560,101
7.53032091875067,815,509,-306,-662,560.5,101.5
7.53246753246753,816,509,-307,-662.5,561.5,101
7.53461414618439,817,509,-308,-663,562.5,100.5
7.53676075990126,817,509,-308,-663,562.5,100.5
7.53890737361812,817,509,-308,-663,562.5,100.5
7.54105398733498,817,508,-309,-662.5,563,99.5
7.54320060105184,816,509,-307,-662.5,561.5,101
7.5453472147687,816,509,-307,-662.5,561.5,101
7.54749382848556,816,509,-307,-662.5,561.5,101
7.54964044220243,817,509,-308,-663,562.5,100.5
7.55178705591929,819,509,-310,-664,564.5,99.5
7.55393366963615,820,509,-311,-664.5,565.5,99
7.55608028335301,819,509,-310,-664,564.5,99.5
7.55822689706987,821,509,-312,-665,566.5,98.5
7.56037351078673,820,509,-311,-664.5,565.5,99
7.5625201245036,819,509,-310,-664,564.5,99.5
7.56466673822046,819,509,-310,-664,564.5,99.5
7.56681335193732,818,509,-309,-663.5,563.5,100
7.56895996565418,819,509,-310,-664,564.5,99.5
7.57110657937104,821,509,-312,-665,566.5,98.5
7.5732531930879,823,509,-314,-666,568.5,97.5
7.57539980680477,824,509,-315,-666.5,569.5,97
7.57754642052163,825,509,-316,-667,570.5,96.5
7.57969303423849,826,508,-318,-667,572,95
7.58183964795535,823,509,-314,-666,568.5,97.5
7.58398626167221,824,509,-315,-666.5,569.5,97
7.58613287538907,822,509,-313,-665.5,567.5,98
7.58827948910594,824,509,-315,-666.5,569.5,97
7.5904261028228,824,509,-315,-666.5,569.5,97
7.59257271653966,825,509,-316,-667,570.5,96.5
7.59471933025652,825,509,-316,-667,570.5,96.5
7.59686594397338,826,509,-317,-667.5,571.5,96
7.59901255769024,829,509,-320,-669,574.5,94.5
7.6011591714071,831,509,-322,-670,576.5,93.5
7.60330578512397,832,509,-323,-670.5,577.5,93
7.60545239884083,831,509,-322,-670,576.5,93.5
7.60759901255769,832,509,-323,-670.5,577.5,93
7.60974562627455,830,508,-322,-669,576,93
7.61189223999141,830,509,-321,-669.5,575.5,94
7.61403885370827,830,509,-321,-669.5,575.5,94
7.61618546742514,830,508,-322,-669,576,93
7.618332081142,830,509,-321,-669.5,575.5,94
7.62047869485886,831,509,-322,-670,576.5,93.5
7.62262530857572,832,509,-323,-670.5,577.5,93
7.62477192229258,833,509,-324,-671,578.5,92.5
7.62691853600944,834,509,-325,-671.5,579.5,92
7.62906514972631,833,509,-324,-671,578.5,92.5
7.63121176344317,835,509,-326,-672,580.5,91.5
7.63335837716003,835,509,-326,-672,580.5,91.5
7.63550499087689,834,509,-325,-671.5,579.5,92
7.63765160459375,834,509,-325,-671.5,579.5,92
7.63979821831061,834,509,-325,-671.5,579.5,92
7.64194483202748,834,509,-325,-671.5,579.5,92
7.64409144574434,835,509,-326,-672,580.5,91.5
7.6462380594612,835,509,-326,-672,580.5,91.5
7.64838467317806,835,509,-326,-672,580.5,91.5
7.65053128689492,834,509,-325,-671.5,579.5,92
7.65267790061178,835,509,-326,-672,580.5,91.5
7.65482451432865,836,509,-327,-672.5,581.5,91
7.65697112804551,834,509,-325,-671.5,579.5,92
7.65911774176237,835,509,-326,-672,580.5,91.5
7.66126435547923,835,509,-326,-672,580.5,91.5
7.66341096919609,835,509,-326,-672,580.5,91.5
7.66555758291295,835,509,-326,-672,580.5,91.5
7.66770419662982,834,509,-325,-671.5,579.5,92
7.66985081034668,834,509,-325,-671.5,579.5,92
7.67199742406354,834,509,-325,-671.5,579.5,92
7.6741440377804,834,509,-325,-671.5,579.5,92
7.67629065149726,835,509,-326,-672,580.5,91.5
7.67843726521412,835,509,-326,-672,580.5,91.5
7.68058387893099,836,509,-327,-672.5,581.5,91
7.68273049264785,834,508,-326,-671,580,91
7.68487710636471,830,509,-321,-669.5,575.5,94
7.68702372008157,830,509,-321,-669.5,575.5,94
7.68917033379843,829,509,-320,-669,574.5,94.5
7.69131694751529,827,509,-318,-668,572.5,95.5
7.69346356123216,826,509,-317,-667.5,571.5,96
7.69561017494902,824,509,-315,-666.5,569.5,97
7.69775678866588,825,508,-317,-666.5,571,95.5
7.69990340238274,824,508,-316,-666,570,96
7.7020500160996,822,509,-313,-665.5,567.5,98
7.70419662981646,821,509,-312,-665,566.5,98.5
7.70634324353333,822,508,-314,-665,568,97
7.70848985725019,822,509,-313,-665.5,567.5,98
7.71063647096705,820,509,-311,-664.5,565.5,99
7.71278308468391,820,509,-311,-664.5,565.5,99
7.71492969840077,819,509,-310,-664,564.5,99.5
7.71707631211763,818,509,-309,-663.5,563.5,100
7.7192229258345,818,509,-309,-663.5,563.5,100
7.72136953955136,818,509,-309,-663.5,563.5,100
7.72351615326822,816,509,-307,-662.5,561.5,101
7.72566276698508,815,509,-306,-662,560.5,101.5
7.72780938070194,813,509,-304,-661,558.5,102.5
7.7299559944188,814,509,-305,-661.5,559.5,102
7.73210260813567,815,509,-306,-662,560.5,101.5
7.73424922185253,814,509,-305,-661.5,559.5,102
7.73639583556939,814,509,-305,-661.5,559.5,102
7.73854244928625,814,509,-305,-661.5,559.5,102
7.74068906300311,815,509,-306,-662,560.5,101.5
7.74283567671997,814,509,-305,-661.5,559.5,102
7.74498229043684,815,509,-306,-662,560.5,101.5
7.7471289041537,815,508,-307,-661.5,561,100.5
7.74927551787056,814,509,-305,-661.5,559.5,102
7.75142213158742,815,509,-306,-662,560.5,101.5
7.75356874530428,816,509,-307,-662.5,561.5,101
7.75571535902114,817,509,-308,-663,562.5,100.5
7.75786197273801,817,509,-308,-663,562.5,100.5
7.76000858645487,818,509,-309,-663.5,563.5,100
7.76215520017173,817,509,-308,-663,562.5,100.5
7.76430181388859,815,509,-306,-662,560.5,101.5
7.76644842760545,816,509,-307,-662.5,561.5,101
7.76859504132231,817,509,-308,-663,562.5,100.5
7.77074165503918,817,509,-308,-663,562.5,100.5
7.77288826875604,817,509,-308,-663,562.5,100.5
7.7750348824729,817,509,-308,-663,562.5,100.5
7.77718149618976,818,508,-310,-663,564,99
7.77932810990662,817,509,-308,-663,562.5,100.5
7.78147472362348,819,509,-310,-664,564.5,99.5
7.78362133734035,818,509,-309,-663.5,563.5,100
7.78576795105721,819,509,-310,-664,564.5,99.5
7.78791456477407,819,509,-310,-664,564.5,99.5
7.79006117849093,819,509,-310,-664,564.5,99.5
7.79220779220779,820,509,-311,-664.5,565.5,99
7.79435440592465,819,509,-310,-664,564.5,99.5
7.79650101964152,819,509,-310,-664,564.5,99.5
7.79864763335838,820,509,-311,-664.5,565.5,99
7.80079424707524,819,509,-310,-664,564.5,99.5
7.8029408607921,818,509,-309,-663.5,563.5,100
7.80508747450896,820,509,-311,-664.5,565.5,99
7.80723408822582,820,508,-312,-664,566,98
7.80938070194269,822,508,-314,-665,568,97
7.81152731565955,822,509,-313,-665.5,567.5,98
7.81367392937641,823,509,-314,-666,568.5,97.5
7.81582054309327,821,509,-312,-665,566.5,98.5
7.81796715681013,821,509,-312,-665,566.5,98.5
7.82011377052699,822,509,-313,-665.5,567.5,98
7.82226038424385,822,509,-313,-665.5,567.5,98
7.82440699796072,822,509,-313,-665.5,567.5,98
7.82655361167758,824,509,-315,-666.5,569.5,97
7.82870022539444,824,509,-315,-666.5,569.5,97
7.8308468391113,824,509,-315,-666.5,569.5,97
7.83299345282816,824,509,-315,-666.5,569.5,97
7.83514006654502,823,509,-314,-666,568.5,97.5
7.83728668026189,823,509,-314,-666,568.5,97.5
7.83943329397875,824,509,-315,-666.5,569.5,97
7.84157990769561,824,509,-315,-666.5,569.5,97
7.84372652141247,824,509,-315,-666.5,569.5,97
7.84587313512933,823,509,-314,-666,568.5,97.5
7.84801974884619,823,509,-314,-666,568.5,97.5
7.85016636256306,824,508,-316,-666,570,96
7.85231297627992,823,509,-314,-666,568.5,97.5
7.85445958999678,823,509,-314,-666,568.5,97.5
7.85660620371364,824,509,-315,-666.5,569.5,97
7.8587528174305,824,509,-315,-666.5,569.5,97
7.86089943114736,823,509,-314,-666,568.5,97.5
7.86304604486423,824,509,-315,-666.5,569.5,97
7.86519265858109,823,509,-314,-666,568.5,97.5
7.86733927229795,822,509,-313,-665.5,567.5,98
7.86948588601481,821,509,-312,-665,566.5,98.5
7.87163249973167,824,509,-315,-666.5,569.5,97
7.87377911344853,825,509,-316,-667,570.5,96.5
7.8759257271654,826,509,-317,-667.5,571.5,96
7.87807234088226,827,509,-318,-668,572.5,95.5
7.88021895459912,826,509,-317,-667.5,571.5,96
7.88236556831598,825,509,-316,-667,570.5,96.5
7.88451218203284,823,509,-314,-666,568.5,97.5
7.8866587957497,821,509,-312,-665,566.5,98.5
7.88880540946657,822,509,-313,-665.5,567.5,98
7.89095202318343,823,509,-314,-666,568.5,97.5
7.89309863690029,824,509,-315,-666.5,569.5,97
7.89524525061715,824,509,-315,-666.5,569.5,97
7.89739186433401,826,509,-317,-667.5,571.5,96
7.89953847805087,823,509,-314,-666,568.5,97.5
7.90168509176774,822,509,-313,-665.5,567.5,98
7.9038317054846,822,509,-313,-665.5,567.5,98
7.90597831920146,824,509,-315,-666.5,569.5,97
7.90812493291832,824,509,-315,-666.5,569.5,97
7.91027154663518,826,509,-317,-667.5,571.5,96
7.91241816035204,827,508,-319,-667.5,573,94.5
7.91456477406891,826,509,-317,-667.5,571.5,96
7.91671138778577,825,509,-316,-667,570.5,96.5
7.91885800150263,826,508,-318,-667,572,95
7.92100461521949,825,508,-317,-666.5,571,95.5
7.92315122893635,825,509,-316,-667,570.5,96.5
7.92529784265321,824,509,-315,-666.5,569.5,97
7.92744445637008,824,509,-315,-666.5,569.5,97
7.92959107008694,826,509,-317,-667.5,571.5,96
7.9317376838038,827,509,-318,-668,572.5,95.5
7.93388429752066,827,509,-318,-668,572.5,95.5
7.93603091123752,826,509,-317,-667.5,571.5,96
7.93817752495438,826,509,-317,-667.5,571.5,96
7.94032413867125,828,509,-319,-668.5,573.5,95
7.94247075238811,827,508,-319,-667.5,573,94.5
7.94461736610497,827,509,-318,-668,572.5,95.5
7.94676397982183,827,509,-318,-668,572.5,95.5
7.94891059353869,826,509,-317,-667.5,571.5,96
7.95105720725555,828,509,-319,-668.5,573.5,95
7.95320382097242,828,509,-319,-668.5,573.5,95
7.95535043468928,830,509,-321,-669.5,575.5,94
7.95749704840614,831,509,-322,-670,576.5,93.5
7.959643662123,830,509,-321,-669.5,575.5,94
7.96179027583986,832,509,-323,-670.5,577.5,93
7.96393688955672,831,509,-322,-670,576.5,93.5
7.96608350327359,832,509,-323,-670.5,577.5,93
7.96823011699045,833,509,-324,-671,578.5,92.5
7.97037673070731,833,509,-324,-671,578.5,92.5
7.97252334442417,834,509,-325,-671.5,579.5,92
7.97466995814103,833,509,-324,-671,578.5,92.5
7.97681657185789,831,509,-322,-670,576.5,93.5
7.97896318557476,832,509,-323,-670.5,577.5,93
7.98110979929162,831,509,-322,-670,576.5,93.5
7.98325641300848,831,509,-322,-670,576.5,93.5
7.98540302672534,831,509,-322,-670,576.5,93.5
7.9875496404422,830,509,-321,-669.5,575.5,94
7.98969625415906,829,509,-320,-669,574.5,94.5
7.99184286787593,829,509,-320,-669,574.5,94.5
7.99398948159279,829,509,-320,-669,574.5,94.5
7.99613609530965,829,509,-320,-669,574.5,94.5
7.99828270902651,831,509,-322,-670,576.5,93.5
8.00042932274337,831,509,-322,-670,576.5,93.5
8.00257593646023,830,509,-321,-669.5,575.5,94
8.0047225501771,828,509,-319,-668.5,573.5,95
8.00686916389396,825,509,-316,-667,570.5,96.5
8.00901577761082,822,509,-313,-665.5,567.5,98
8.01116239132768,822,509,-313,-665.5,567.5,98
8.01330900504454,819,509,-310,-664,564.5,99.5
8.0154556187614,816,509,-307,-662.5,561.5,101
8.01760223247826,815,509,-306,-662,560.5,101.5
8.01974884619513,816,509,-307,-662.5,561.5,101
8.02189545991199,815,509,-306,-662,560.5,101.5
8.02404207362885,816,509,-307,-662.5,561.5,101
8.02618868734571,817,509,-308,-663,562.5,100.5
8.02833530106257,818,509,-309,-663.5,563.5,100
8.03048191477943,820,509,-311,-664.5,565.5,99
8.0326285284963,820,509,-311,-664.5,565.5,99
8.03477514221316,821,509,-312,-665,566.5,98.5
8.03692175593002,821,508,-313,-664.5,567,97.5
8.03906836964688,821,509,-312,-665,566.5,98.5
8.04121498336374,820,509,-311,-664.5,565.5,99
8.0433615970806,819,508,-311,-663.5,565,98.5
8.04550821079747,819,509,-310,-664,564.5,99.5
8.04765482451433,817,509,-308,-663,562.5,100.5
8.04980143823119,818,509,-309,-663.5,563.5,100
8.05194805194805,817,509,-308,-663,562.5,100.5
8.05409466566491,816,509,-307,-662.5,561.5,101
8.05624127938177,816,509,-307,-662.5,561.5,101
8.05838789309864,817,509,-308,-663,562.5,100.5
8.0605345068155,817,509,-308,-663,562.5,100.5
8.06268112053236,816,508,-308,-662,562,100
8.06482773424922,817,509,-308,-663,562.5,100.5
8.06697434796608,820,509,-311,-664.5,565.5,99
8.06912096168294,818,509,-309,-663.5,563.5,100
8.07126757539981,817,509,-308,-663,562.5,100.5
8.07341418911667,817,509,-308,-663,562.5,100.5
8.07556080283353,815,509,-306,-662,560.5,101.5
8.07770741655039,816,509,-307,-662.5,561.5,101
8.07985403026725,815,509,-306,-662,560.5,101.5
8.08200064398411,816,509,-307,-662.5,561.5,101
8.08414725770098,817,509,-308,-663,562.5,100.5
8.08629387141784,817,509,-308,-663,562.5,100.5
8.0884404851347,817,509,-308,-663,562.5,100.5
8.09058709885156,818,509,-309,-663.5,563.5,100
8.09273371256842,819,509,-310,-664,564.5,99.5
8.09488032628528,825,509,-316,-667,570.5,96.5
8.09702694000215,834,509,-325,-671.5,579.5,92
8.09917355371901,841,509,-332,-675,586.5,88.5
8.10132016743587,849,509,-340,-679,594.5,84.5
8.10346678115273,853,509,-344,-681,598.5,82.5
8.10561339486959,857,509,-348,-683,602.5,80.5
8.10776000858645,863,509,-354,-686,608.5,77.5
8.10990662230332,865,509,-356,-687,610.5,76.5
8.11205323602018,869,509,-360,-689,614.5,74.5
8.11419984973704,869,509,-360,-689,614.5,74.5
8.1163464634539,865,509,-356,-687,610.5,76.5
8.11849307717076,861,509,-352,-685,606.5,78.5
8.12063969088763,857,509,-348,-683,602.5,80.5
8.12278630460449,852,509,-343,-680.5,597.5,83
8.12493291832135,845,509,-336,-677,590.5,86.5
8.12707953203821,831,509,-322,-670,576.5,93.5
8.12922614575507,819,509,-310,-664,564.5,99.5
8.13137275947193,808,509,-299,-658.5,553.5,105
8.1335193731888,802,509,-293,-655.5,547.5,108
8.13566598690566,800,509,-291,-654.5,545.5,109
8.13781260062252,800,509,-291,-654.5,545.5,109
8.13995921433938,801,508,-293,-654.5,547,107.5
8.14210582805624,804,509,-295,-656.5,549.5,107
8.1442524417731,807,509,-298,-658,552.5,105.5
8.14639905548996,812,509,-303,-660.5,557.5,103
8.14854566920683,815,509,-306,-662,560.5,101.5
8.15069228292369,817,509,-308,-663,562.5,100.5
8.15283889664055,816,509,-307,-662.5,561.5,101
8.15498551035741,815,509,-306,-662,560.5,101.5
8.15713212407427,814,509,-305,-661.5,559.5,102
8.15927873779113,812,509,-303,-660.5,557.5,103
8.161425351508,813,509,-304,-661,558.5,102.5
8.16357196522486,812,509,-303,-660.5,557.5,103
8.16571857894172,814,509,-305,-661.5,559.5,102
8.16786519265858,814,509,-305,-661.5,559.5,102
8.17001180637544,815,509,-306,-662,560.5,101.5
8.1721584200923,813,509,-304,-661,558.5,102.5
8.17430503380917,814,509,-305,-661.5,559.5,102
8.17645164752603,813,509,-304,-661,558.5,102.5
8.17859826124289,813,509,-304,-661,558.5,102.5
8.18074487495975,813,509,-304,-661,558.5,102.5
8.18289148867661,811,509,-302,-660,556.5,103.5
8.18503810239347,811,509,-302,-660,556.5,103.5
8.18718471611034,813,509,-304,-661,558.5,102.5
8.1893313298272,813,509,-304,-661,558.5,102.5
8.19147794354406,815,509,-306,-662,560.5,101.5
8.19362455726092,815,509,-306,-662,560.5,101.5
8.19577117097778,815,509,-306,-662,560.5,101.5
8.19791778469464,816,509,-307,-662.5,561.5,101
8.20006439841151,815,509,-306,-662,560.5,101.5
8.20221101212837,815,509,-306,-662,560.5,101.5
8.20435762584523,816,509,-307,-662.5,561.5,101
8.20650423956209,818,508,-310,-663,564,99
8.20865085327895,817,509,-308,-663,562.5,100.5
8.21079746699581,817,509,-308,-663,562.5,100.5
8.21294408071268,817,509,-308,-663,562.5,100.5
8.21509069442954,818,509,-309,-663.5,563.5,100
8.2172373081464,817,509,-308,-663,562.5,100.5
8.21938392186326,819,509,-310,-664,564.5,99.5
8.22153053558012,818,509,-309,-663.5,563.5,100
8.22367714929698,819,509,-310,-664,564.5,99.5
8.22582376301385,818,509,-309,-663.5,563.5,100
8.22797037673071,817,509,-308,-663,562.5,100.5
8.23011699044757,816,509,-307,-662.5,561.5,101
8.23226360416443,818,509,-309,-663.5,563.5,100
8.23441021788129,819,509,-310,-664,564.5,99.5
8.23655683159815,820,509,-311,-664.5,565.5,99
8.23870344531501,820,509,-311,-664.5,565.5,99
8.24085005903188,819,508,-311,-663.5,565,98.5
8.24299667274874,818,508,-310,-663,564,99
8.2451432864656,815,509,-306,-662,560.5,101.5
8.24728990018246,816,508,-308,-662,562,100
8.24943651389932,815,509,-306,-662,560.5,101.5
8.25158312761618,817,509,-308,-663,562.5,100.5
8.25372974133305,819,509,-310,-664,564.5,99.5
8.25587635504991,821,509,-312,-665,566.5,98.5
8.25802296876677,822,509,-313,-665.5,567.5,98
8.26016958248363,823,509,-314,-666,568.5,97.5
8.26231619620049,823,509,-314,-666,568.5,97.5
8.26446280991735,822,509,-313,-665.5,567.5,98
8.26660942363422,821,509,-312,-665,566.5,98.5
8.26875603735108,819,509,-310,-664,564.5,99.5
8.27090265106794,822,509,-313,-665.5,567.5,98
8.2730492647848,823,509,-314,-666,568.5,97.5
8.27519587850166,823,509,-314,-666,568.5,97.5
8.27734249221852,821,509,-312,-665,566.5,98.5
8.27948910593539,822,509,-313,-665.5,567.5,98
8.28163571965225,821,509,-312,-665,566.5,98.5
8.28378233336911,823,509,-314,-666,568.5,97.5
8.28592894708597,823,509,-314,-666,568.5,97.5
8.28807556080283,822,509,-313,-665.5,567.5,98
8.29022217451969,822,509,-313,-665.5,567.5,98
8.29236878823656,820,509,-311,-664.5,565.5,99
8.29451540195342,819,509,-310,-664,564.5,99.5
8.29666201567028,819,509,-310,-664,564.5,99.5
8.29880862938714,819,509,-310,-664,564.5,99.5
8.300955243104,821,509,-312,-665,566.5,98.5
8.30310185682086,822,509,-313,-665.5,567.5,98
8.30524847053773,826,508,-318,-667,572,95
8.30739508425459,825,509,-316,-667,570.5,96.5
8.30954169797145,825,509,-316,-667,570.5,96.5
8.31168831168831,824,509,-315,-666.5,569.5,97
8.31383492540517,824,509,-315,-666.5,569.5,97
8.31598153912203,822,509,-313,-665.5,567.5,98
8.3181281528389,823,509,-314,-666,568.5,97.5
8.32027476655576,821,509,-312,-665,566.5,98.5
8.32242138027262,823,509,-314,-666,568.5,97.5
8.32456799398948,823,509,-314,-666,568.5,97.5
8.32671460770634,824,508,-316,-666,570,96
8.3288612214232,823,509,-314,-666,568.5,97.5
8.33100783514007,823,509,-314,-666,568.5,97.5
8.33315444885693,821,509,-312,-665,566.5,98.5
8.33530106257379,821,509,-312,-665,566.5,98.5
8.33744767629065,822,509,-313,-665.5,567.5,98
8.33959429000751,822,509,-313,-665.5,567.5,98
8.34174090372438,824,508,-316,-666,570,96
8.34388751744124,824,509,-315,-666.5,569.5,97
8.3460341311581,824,509,-315,-666.5,569.5,97
8.34818074487496,822,509,-313,-665.5,567.5,98
8.35032735859182,821,509,-312,-665,566.5,98.5
8.35247397230868,821,509,-312,-665,566.5,98.5
8.35462058602555,821,509,-312,-665,566.5,98.5
8.35676719974241,821,509,-312,-665,566.5,98.5
8.35891381345927,821,509,-312,-665,566.5,98.5
8.36106042717613,819,509,-310,-664,564.5,99.5
8.36320704089299,819,509,-310,-664,564.5,99.5
8.36535365460985,819,509,-310,-664,564.5,99.5
8.36750026832671,817,509,-308,-663,562.5,100.5
8.36964688204358,816,509,-307,-662.5,561.5,101
8.37179349576044,814,509,-305,-661.5,559.5,102
8.3739401094773,814,509,-305,-661.5,559.5,102
8.37608672319416,812,509,-303,-660.5,557.5,103
8.37823333691102,814,509,-305,-661.5,559.5,102
8.38037995062788,812,509,-303,-660.5,557.5,103
8.38252656434475,809,509,-300,-659,554.5,104.5
8.38467317806161,808,509,-299,-658.5,553.5,105
8.38681979177847,808,509,-299,-658.5,553.5,105
8.38896640549533,807,509,-298,-658,552.5,105.5
8.39111301921219,806,509,-297,-657.5,551.5,106
8.39325963292905,805,509,-296,-657,550.5,106.5
8.39540624664592,804,509,-295,-656.5,549.5,107
8.39755286036278,803,509,-294,-656,548.5,107.5
8.39969947407964,803,509,-294,-656,548.5,107.5
8.4018460877965,803,509,-294,-656,548.5,107.5
8.40399270151336,804,509,-295,-656.5,549.5,107
8.40613931523022,804,509,-295,-656.5,549.5,107
8.40828592894709,804,509,-295,-656.5,549.5,107
8.41043254266395,805,509,-296,-657,550.5,106.5
8.41257915638081,806,509,-297,-657.5,551.5,106
8.41472577009767,806,508,-298,-657,552,105
8.41687238381453,804,508,-296,-656,550,106
8.41901899753139,804,509,-295,-656.5,549.5,107
8.42116561124826,802,509,-293,-655.5,547.5,108
8.42331222496512,801,509,-292,-655,546.5,108.5
8.42545883868198,802,509,-293,-655.5,547.5,108
8.42760545239884,802,509,-293,-655.5,547.5,108
8.4297520661157,803,509,-294,-656,548.5,107.5
8.43189867983256,802,509,-293,-655.5,547.5,108
8.43404529354943,802,509,-293,-655.5,547.5,108
8.43619190726629,804,509,-295,-656.5,549.5,107
8.43833852098315,804,509,-295,-656.5,549.5,107
8.44048513470001,807,509,-298,-658,552.5,105.5
8.44263174841687,807,509,-298,-658,552.5,105.5
8.44477836213373,808,509,-299,-658.5,553.5,105
8.4469249758506,808,508,-300,-658,554,104
8.44907158956746,805,509,-296,-657,550.5,106.5
8.45121820328432,805,509,-296,-657,550.5,106.5
8.45336481700118,805,509,-296,-657,550.5,106.5
8.45551143071804,805,509,-296,-657,550.5,106.5
8.4576580444349,806,509,-297,-657.5,551.5,106
8.45980465815176,805,509,-296,-657,550.5,106.5
8.46195127186863,805,509,-296,-657,550.5,106.5
8.46409788558549,805,509,-296,-657,550.5,106.5
8.46624449930235,806,509,-297,-657.5,551.5,106
8.46839111301921,804,509,-295,-656.5,549.5,107
8.47053772673607,806,509,-297,-657.5,551.5,106
8.47268434045293,806,509,-297,-657.5,551.5,106
8.4748309541698,809,509,-300,-659,554.5,104.5
8.47697756788666,810,509,-301,-659.5,555.5,104
8.47912418160352,810,508,-302,-659,556,103
8.48127079532038,809,509,-300,-659,554.5,104.5
8.48341740903724,807,509,-298,-658,552.5,105.5
8.4855640227541,807,509,-298,-658,552.5,105.5
8.48771063647097,806,509,-297,-657.5,551.5,106
8.48985725018783,806,509,-297,-657.5,551.5,106
8.49200386390469,805,509,-296,-657,550.5,106.5
8.49415047762155,805,509,-296,-657,550.5,106.5
8.49629709133841,806,509,-297,-657.5,551.5,106
8.49844370505527,806,509,-297,-657.5,551.5,106
8.50059031877214,808,509,-299,-658.5,553.5,105
8.502736932489,808,509,-299,-658.5,553.5,105
8.50488354620586,807,509,-298,-658,552.5,105.5
8.50703015992272,808,509,-299,-658.5,553.5,105
8.50917677363958,808,509,-299,-658.5,553.5,105
8.51132338735644,810,509,-301,-659.5,555.5,104
8.51347000107331,809,509,-300,-659,554.5,104.5
8.51561661479017,809,509,-300,-659,554.5,104.5
8.51776322850703,808,509,-299,-658.5,553.5,105
8.51990984222389,809,509,-300,-659,554.5,104.5
8.52205645594075,807,509,-298,-658,552.5,105.5
8.52420306965761,806,509,-297,-657.5,551.5,106
8.52634968337448,805,509,-296,-657,550.5,106.5
8.52849629709134,804,509,-295,-656.5,549.5,107
8.5306429108082,803,509,-294,-656,548.5,107.5
8.53278952452506,804,509,-295,-656.5,549.5,107
8.53493613824192,805,509,-296,-657,550.5,106.5
8.53708275195878,807,509,-298,-658,552.5,105.5
8.53922936567565,807,509,-298,-658,552.5,105.5
8.54137597939251,807,509,-298,-658,552.5,105.5
8.54352259310937,807,509,-298,-658,552.5,105.5
8.54566920682623,807,509,-298,-658,552.5,105.5
8.54781582054309,808,509,-299,-658.5,553.5,105
8.54996243425995,807,509,-298,-658,552.5,105.5
8.55210904797682,807,509,-298,-658,552.5,105.5
8.55425566169368,805,509,-296,-657,550.5,106.5
8.55640227541054,808,509,-299,-658.5,553.5,105
8.5585488891274,809,509,-300,-659,554.5,104.5
8.56069550284426,810,509,-301,-659.5,555.5,104
8.56284211656113,808,509,-299,-658.5,553.5,105
8.56498873027799,807,509,-298,-658,552.5,105.5
8.56713534399485,806,509,-297,-657.5,551.5,106
8.56928195771171,806,509,-297,-657.5,551.5,106
8.57142857142857,808,508,-300,-658,554,104
8.57357518514543,806,509,-297,-657.5,551.5,106
8.5757217988623,806,509,-297,-657.5,551.5,106
8.57786841257916,806,509,-297,-657.5,551.5,106
8.58001502629602,808,509,-299,-658.5,553.5,105
8.58216164001288,809,508,-301,-658.5,555,103.5
8.58430825372974,810,509,-301,-659.5,555.5,104
8.5864548674466,809,509,-300,-659,554.5,104.5
8.58860148116346,811,509,-302,-660,556.5,103.5
8.59074809488033,811,509,-302,-660,556.5,103.5
8.59289470859719,809,509,-300,-659,554.5,104.5
8.59504132231405,811,509,-302,-660,556.5,103.5
8.59718793603091,811,509,-302,-660,556.5,103.5
8.59933454974777,812,508,-304,-660,558,102
8.60148116346463,809,509,-300,-659,554.5,104.5
8.6036277771815,808,509,-299,-658.5,553.5,105
8.60577439089836,809,509,-300,-659,554.5,104.5
8.60792100461522,812,508,-304,-660,558,102
8.61006761833208,814,509,-305,-661.5,559.5,102
8.61221423204894,817,508,-309,-662.5,563,99.5
8.6143608457658,817,509,-308,-663,562.5,100.5
8.61650745948267,817,509,-308,-663,562.5,100.5
8.61865407319953,816,509,-307,-662.5,561.5,101
8.62080068691639,814,509,-305,-661.5,559.5,102
8.62294730063325,814,509,-305,-661.5,559.5,102
8.62509391435011,813,509,-304,-661,558.5,102.5
8.62724052806697,813,509,-304,-661,558.5,102.5
8.62938714178384,815,509,-306,-662,560.5,101.5
8.6315337555007,816,509,-307,-662.5,561.5,101
8.63368036921756,818,508,-310,-663,564,99
8.63582698293442,819,509,-310,-664,564.5,99.5
8.63797359665128,820,509,-311,-664.5,565.5,99
8.64012021036814,821,508,-313,-664.5,567,97.5
8.64226682408501,820,509,-311,-664.5,565.5,99
8.64441343780187,821,509,-312,-665,566.5,98.5
8.64656005151873,822,509,-313,-665.5,567.5,98
8.64870666523559,822,509,-313,-665.5,567.5,98
8.65085327895245,819,509,-310,-664,564.5,99.5
8.65299989266931,820,509,-311,-664.5,565.5,99
8.65514650638618,819,509,-310,-664,564.5,99.5
8.65729312010304,817,509,-308,-663,562.5,100.5
8.6594397338199,818,509,-309,-663.5,563.5,100
8.66158634753676,818,509,-309,-663.5,563.5,100
8.66373296125362,819,509,-310,-664,564.5,99.5
8.66587957497048,819,509,-310,-664,564.5,99.5
8.66802618868735,817,509,-308,-663,562.5,100.5
8.67017280240421,815,509,-306,-662,560.5,101.5
8.67231941612107,814,509,-305,-661.5,559.5,102
8.67446602983793,813,509,-304,-661,558.5,102.5
8.67661264355479,811,509,-302,-660,556.5,103.5
8.67875925727165,810,509,-301,-659.5,555.5,104
8.68090587098852,809,508,-301,-658.5,555,103.5
8.68305248470538,809,508,-301,-658.5,555,103.5
8.68519909842224,809,509,-300,-659,554.5,104.5
8.6873457121391,810,509,-301,-659.5,555.5,104
8.68949232585596,810,509,-301,-659.5,555.5,104
8.69163893957282,810,509,-301,-659.5,555.5,104
8.69378555328968,808,509,-299,-658.5,553.5,105
8.69593216700655,805,509,-296,-657,550.5,106.5
8.69807878072341,803,509,-294,-656,548.5,107.5
8.70022539444027,804,509,-295,-656.5,549.5,107
8.70237200815713,803,509,-294,-656,548.5,107.5
8.70451862187399,802,509,-293,-655.5,547.5,108
8.70666523559085,804,509,-295,-656.5,549.5,107
8.70881184930772,805,509,-296,-657,550.5,106.5
8.71095846302458,806,509,-297,-657.5,551.5,106
8.71310507674144,807,509,-298,-658,552.5,105.5
8.7152516904583,807,509,-298,-658,552.5,105.5
8.71739830417516,807,509,-298,-658,552.5,105.5
8.71954491789202,806,509,-297,-657.5,551.5,106
8.72169153160889,805,509,-296,-657,550.5,106.5
8.72383814532575,804,509,-295,-656.5,549.5,107
8.72598475904261,804,509,-295,-656.5,549.5,107
8.72813137275947,805,509,-296,-657,550.5,106.5
8.73027798647633,804,508,-296,-656,550,106
8.73242460019319,805,509,-296,-657,550.5,106.5
8.73457121391006,805,509,-296,-657,550.5,106.5
8.73671782762692,805,509,-296,-657,550.5,106.5
8.73886444134378,808,509,-299,-658.5,553.5,105
8.74101105506064,810,509,-301,-659.5,555.5,104
8.7431576687775,808,509,-299,-658.5,553.5,105
8.74530428249436,807,509,-298,-658,552.5,105.5
8.74745089621123,804,509,-295,-656.5,549.5,107
8.74959750992809,803,509,-294,-656,548.5,107.5
8.75174412364495,801,509,-292,-655,546.5,108.5
8.75389073736181,802,509,-293,-655.5,547.5,108
8.75603735107867,803,509,-294,-656,548.5,107.5
8.75818396479553,803,509,-294,-656,548.5,107.5
8.7603305785124,804,508,-296,-656,550,106
8.76247719222926,804,509,-295,-656.5,549.5,107
8.76462380594612,807,509,-298,-658,552.5,105.5
8.76677041966298,813,509,-304,-661,558.5,102.5
8.76891703337984,823,509,-314,-666,568.5,97.5
8.7710636470967,836,508,-328,-672,582,90
8.77321026081357,844,509,-335,-676.5,589.5,87
8.77535687453043,850,509,-341,-679.5,595.5,84
8.77750348824729,855,509,-346,-682,600.5,81.5
8.77965010196415,859,509,-350,-684,604.5,79.5
8.78179671568101,862,509,-353,-685.5,607.5,78
8.78394332939788,862,509,-353,-685.5,607.5,78
8.78608994311474,862,509,-353,-685.5,607.5,78
8.7882365568316,862,509,-353,-685.5,607.5,78
8.79038317054846,858,509,-349,-683.5,603.5,80
8.79252978426532,853,509,-344,-681,598.5,82.5
8.79467639798218,849,509,-340,-679,594.5,84.5
8.79682301169905,837,509,-328,-673,582.5,90.5
8.79896962541591,822,509,-313,-665.5,567.5,98
8.80111623913277,808,509,-299,-658.5,553.5,105
8.80326285284963,797,509,-288,-653,542.5,110.5
8.80540946656649,792,509,-283,-650.5,537.5,113
8.80755608028335,790,509,-281,-649.5,535.5,114
8.80970269400021,788,509,-279,-648.5,533.5,115
8.81184930771708,792,509,-283,-650.5,537.5,113
8.81399592143394,796,509,-287,-652.5,541.5,111
8.8161425351508,802,509,-293,-655.5,547.5,108
8.81828914886766,804,508,-296,-656,550,106
8.82043576258452,807,509,-298,-658,552.5,105.5
8.82258237630138,806,509,-297,-657.5,551.5,106
8.82472899001825,805,509,-296,-657,550.5,106.5
8.82687560373511,805,509,-296,-657,550.5,106.5
8.82902221745197,806,509,-297,-657.5,551.5,106
8.83116883116883,803,509,-294,-656,548.5,107.5
8.83331544488569,802,509,-293,-655.5,547.5,108
8.83546205860255,803,509,-294,-656,548.5,107.5
8.83760867231942,802,509,-293,-655.5,547.5,108
8.83975528603628,803,509,-294,-656,548.5,107.5
8.84190189975314,804,509,-295,-656.5,549.5,107
8.84404851347,805,509,-296,-657,550.5,106.5
8.84619512718686,805,509,-296,-657,550.5,106.5
8.84834174090372,805,509,-296,-657,550.5,106.5
8.85048835462059,805,509,-296,-657,550.5,106.5
8.85263496833745,805,509,-296,-657,550.5,106.5
8.85478158205431,806,509,-297,-657.5,551.5,106
8.85692819577117,809,509,-300,-659,554.5,104.5
8.85907480948803,810,509,-301,-659.5,555.5,104
8.86122142320489,810,509,-301,-659.5,555.5,104
8.86336803692176,809,509,-300,-659,554.5,104.5
8.86551465063862,810,508,-302,-659,556,103
8.86766126435548,809,509,-300,-659,554.5,104.5
8.86980787807234,809,509,-300,-659,554.5,104.5
8.8719544917892,810,508,-302,-659,556,103
8.87410110550606,811,509,-302,-660,556.5,103.5
8.87624771922293,812,509,-303,-660.5,557.5,103
8.87839433293979,814,509,-305,-661.5,559.5,102
8.88054094665665,816,509,-307,-662.5,561.5,101
8.88268756037351,816,509,-307,-662.5,561.5,101
8.88483417409037,814,509,-305,-661.5,559.5,102
8.88698078780723,814,509,-305,-661.5,559.5,102
8.8891274015241,813,509,-304,-661,558.5,102.5
8.89127401524096,814,509,-305,-661.5,559.5,102
8.89342062895782,816,509,-307,-662.5,561.5,101
8.89556724267468,817,509,-308,-663,562.5,100.5
8.89771385639154,819,509,-310,-664,564.5,99.5
8.8998604701084,818,509,-309,-663.5,563.5,100
8.90200708382527,820,509,-311,-664.5,565.5,99
8.90415369754213,817,509,-308,-663,562.5,100.5
8.90630031125899,816,508,-308,-662,562,100
8.90844692497585,818,508,-310,-663,564,99
8.91059353869271,819,509,-310,-664,564.5,99.5
8.91274015240957,820,509,-311,-664.5,565.5,99
8.91488676612643,820,509,-311,-664.5,565.5,99
8.9170333798433,821,509,-312,-665,566.5,98.5
8.91917999356016,823,509,-314,-666,568.5,97.5
8.92132660727702,822,509,-313,-665.5,567.5,98
8.92347322099388,823,509,-314,-666,568.5,97.5
8.92561983471074,823,509,-314,-666,568.5,97.5
8.9277664484276,824,509,-315,-666.5,569.5,97
8.92991306214447,825,509,-316,-667,570.5,96.5
8.93205967586133,826,509,-317,-667.5,571.5,96
8.93420628957819,824,509,-315,-666.5,569.5,97
8.93635290329505,825,509,-316,-667,570.5,96.5
8.93849951701191,824,509,-315,-666.5,569.5,97
8.94064613072877,826,509,-317,-667.5,571.5,96
8.94279274444564,827,509,-318,-668,572.5,95.5
8.9449393581625,828,509,-319,-668.5,573.5,95
8.94708597187936,830,509,-321,-669.5,575.5,94
8.94923258559622,831,509,-322,-670,576.5,93.5
8.95137919931308,832,509,-323,-670.5,577.5,93
8.95352581302994,831,509,-322,-670,576.5,93.5
8.95567242674681,830,509,-321,-669.5,575.5,94
8.95781904046367,828,509,-319,-668.5,573.5,95
8.95996565418053,826,509,-317,-667.5,571.5,96
8.96211226789739,828,509,-319,-668.5,573.5,95
8.96425888161425,828,509,-319,-668.5,573.5,95
8.96640549533111,830,509,-321,-669.5,575.5,94
8.96855210904798,831,509,-322,-670,576.5,93.5
8.97069872276484,832,509,-323,-670.5,577.5,93
8.9728453364817,832,509,-323,-670.5,577.5,93
8.97499195019856,832,509,-323,-670.5,577.5,93
8.97713856391542,831,509,-322,-670,576.5,93.5
8.97928517763228,832,509,-323,-670.5,577.5,93
8.98143179134915,833,509,-324,-671,578.5,92.5
8.98357840506601,834,509,-325,-671.5,579.5,92
8.98572501878287,835,509,-326,-672,580.5,91.5
8.98787163249973,834,509,-325,-671.5,579.5,92
8.99001824621659,836,508,-328,-672,582,90
8.99216485993345,836,509,-327,-672.5,581.5,91
8.99431147365032,835,509,-326,-672,580.5,91.5
8.99645808736718,836,509,-327,-672.5,581.5,91
8.99860470108404,835,509,-326,-672,580.5,91.5
9.0007513148009,836,509,-327,-672.5,581.5,91
9.00289792851776,834,509,-325,-671.5,579.5,92
9.00504454223463,835,509,-326,-672,580.5,91.5
9.00719115595149,835,509,-326,-672,580.5,91.5
9.00933776966835,837,509,-328,-673,582.5,90.5
9.01148438338521,836,509,-327,-672.5,581.5,91
9.01363099710207,837,509,-328,-673,582.5,90.5
9.01577761081893,836,509,-327,-672.5,581.5,91
9.0179242245358,837,509,-328,-673,582.5,90.5
9.02007083825266,836,509,-327,-672.5,581.5,91
9.02221745196952,835,509,-326,-672,580.5,91.5
9.02436406568638,836,509,-327,-672.5,581.5,91
9.02651067940324,835,509,-326,-672,580.5,91.5
9.0286572931201,834,508,-326,-671,580,91
9.03080390683696,834,509,-325,-671.5,579.5,92
9.03295052055383,833,509,-324,-671,578.5,92.5
9.03509713427069,833,509,-324,-671,578.5,92.5
9.03724374798755,833,509,-324,-671,578.5,92.5
9.03939036170441,833,509,-324,-671,578.5,92.5
9.04153697542127,830,509,-321,-669.5,575.5,94
9.04368358913813,829,509,-320,-669,574.5,94.5
9.045830202855,827,509,-318,-668,572.5,95.5
9.04797681657186,827,509,-318,-668,572.5,95.5
9.05012343028872,826,509,-317,-667.5,571.5,96
9.05227004400558,826,509,-317,-667.5,571.5,96
9.05441665772244,827,509,-318,-668,572.5,95.5
9.0565632714393,827,509,-318,-668,572.5,95.5
9.05870988515617,825,509,-316,-667,570.5,96.5
9.06085649887303,823,509,-314,-666,568.5,97.5
9.06300311258989,821,509,-312,-665,566.5,98.5
9.06514972630675,820,509,-311,-664.5,565.5,99
9.06729634002361,821,509,-312,-665,566.5,98.5
9.06944295374047,821,509,-312,-665,566.5,98.5
9.07158956745734,819,509,-310,-664,564.5,99.5
9.0737361811742,820,509,-311,-664.5,565.5,99
9.07588279489106,818,509,-309,-663.5,563.5,100
9.07802940860792,818,509,-309,-663.5,563.5,100
9.08017602232478,815,509,-306,-662,560.5,101.5
9.08232263604164,815,509,-306,-662,560.5,101.5
9.08446924975851,814,509,-305,-661.5,559.5,102
9.08661586347537,815,509,-306,-662,560.5,101.5
9.08876247719223,816,509,-307,-662.5,561.5,101
9.09090909090909,816,509,-307,-662.5,561.5,101
9.09305570462595,817,509,-308,-663,562.5,100.5
9.09520231834281,817,509,-308,-663,562.5,100.5
9.09734893205968,818,508,-310,-663,564,99
9.09949554577654,818,509,-309,-663.5,563.5,100
9.1016421594934,819,509,-310,-664,564.5,99.5
9.10378877321026,819,509,-310,-664,564.5,99.5
9.10593538692712,818,509,-309,-663.5,563.5,100
9.10808200064398,818,509,-309,-663.5,563.5,100
9.11022861436085,818,509,-309,-663.5,563.5,100
9.11237522807771,818,509,-309,-663.5,563.5,100
9.11452184179457,818,509,-309,-663.5,563.5,100
9.11666845551143,818,508,-310,-663,564,99
9.11881506922829,819,509,-310,-664,564.5,99.5
9.12096168294515,821,509,-312,-665,566.5,98.5
9.12310829666202,822,509,-313,-665.5,567.5,98
9.12525491037888,824,509,-315,-666.5,569.5,97
9.12740152409574,823,509,-314,-666,568.5,97.5
9.1295481378126,824,509,-315,-666.5,569.5,97
9.13169475152946,823,509,-314,-666,568.5,97.5
9.13384136524632,822,509,-313,-665.5,567.5,98
9.13598797896318,823,509,-314,-666,568.5,97.5
9.13813459268005,824,509,-315,-666.5,569.5,97
9.14028120639691,825,509,-316,-667,570.5,96.5
9.14242782011377,825,509,-316,-667,570.5,96.5
9.14457443383063,824,509,-315,-666.5,569.5,97
9.14672104754749,824,509,-315,-666.5,569.5,97
9.14886766126435,823,509,-314,-666,568.5,97.5
9.15101427498122,823,509,-314,-666,568.5,97.5
9.15316088869808,822,508,-314,-665,568,97
9.15530750241494,823,509,-314,-666,568.5,97.5
9.1574541161318,824,509,-315,-666.5,569.5,97
9.15960072984866,824,509,-315,-666.5,569.5,97
9.16174734356552,823,509,-314,-666,568.5,97.5
9.16389395728239,824,509,-315,-666.5,569.5,97
9.16604057099925,825,509,-316,-667,570.5,96.5
9.16818718471611,825,509,-316,-667,570.5,96.5
9.17033379843297,825,509,-316,-667,570.5,96.5
9.17248041214983,828,509,-319,-668.5,573.5,95
9.17462702586669,829,509,-320,-669,574.5,94.5
9.17677363958356,829,509,-320,-669,574.5,94.5
9.17892025330042,831,509,-322,-670,576.5,93.5
9.18106686701728,830,509,-321,-669.5,575.5,94
9.18321348073414,829,509,-320,-669,574.5,94.5
9.185360094451,829,509,-320,-669,574.5,94.5
9.18750670816786,826,509,-317,-667.5,571.5,96
9.18965332188473,826,508,-318,-667,572,95
9.19179993560159,827,509,-318,-668,572.5,95.5
9.19394654931845,829,509,-320,-669,574.5,94.5
9.19609316303531,829,509,-320,-669,574.5,94.5
9.19823977675217,831,509,-322,-670,576.5,93.5
9.20038639046903,831,509,-322,-670,576.5,93.5
9.2025330041859,831,509,-322,-670,576.5,93.5
9.20467961790276,830,509,-321,-669.5,575.5,94
9.20682623161962,829,509,-320,-669,574.5,94.5
9.20897284533648,829,509,-320,-669,574.5,94.5
9.21111945905334,828,509,-319,-668.5,573.5,95
9.2132660727702,829,509,-320,-669,574.5,94.5
9.21541268648707,830,509,-321,-669.5,575.5,94
9.21755930020393,830,509,-321,-669.5,575.5,94
9.21970591392079,832,509,-323,-670.5,577.5,93
9.22185252763765,832,509,-323,-670.5,577.5,93
9.22399914135451,832,509,-323,-670.5,577.5,93
9.22614575507138,831,509,-322,-670,576.5,93.5
9.22829236878824,831,509,-322,-670,576.5,93.5
9.2304389825051,829,509,-320,-669,574.5,94.5
9.23258559622196,830,509,-321,-669.5,575.5,94
9.23473220993882,829,509,-320,-669,574.5,94.5
9.23687882365568,830,509,-321,-669.5,575.5,94
9.23902543737255,831,509,-322,-670,576.5,93.5
9.24117205108941,831,509,-322,-670,576.5,93.5
9.24331866480627,830,509,-321,-669.5,575.5,94
9.24546527852313,829,509,-320,-669,574.5,94.5
9.24761189223999,829,509,-320,-669,574.5,94.5
9.24975850595685,828,509,-319,-668.5,573.5,95
9.25190511967371,828,509,-319,-668.5,573.5,95
9.25405173339058,830,509,-321,-669.5,575.5,94
9.25619834710744,830,509,-321,-669.5,575.5,94
9.2583449608243,832,509,-323,-670.5,577.5,93
9.26049157454116,831,509,-322,-670,576.5,93.5
9.26263818825802,832,509,-323,-670.5,577.5,93
9.26478480197488,831,509,-322,-670,576.5,93.5
9.26693141569175,831,509,-322,-670,576.5,93.5
9.26907802940861,832,509,-323,-670.5,577.5,93
9.27122464312547,832,509,-323,-670.5,577.5,93
9.27337125684233,830,509,-321,-669.5,575.5,94
9.27551787055919,832,509,-323,-670.5,577.5,93
9.27766448427605,831,509,-322,-670,576.5,93.5
9.27981109799292,833,509,-324,-671,578.5,92.5
9.28195771170978,833,509,-324,-671,578.5,92.5
9.28410432542664,832,509,-323,-670.5,577.5,93
9.2862509391435,832,509,-323,-670.5,577.5,93
9.28839755286036,833,509,-324,-671,578.5,92.5
9.29054416657722,833,509,-324,-671,578.5,92.5
9.29269078029409,833,509,-324,-671,578.5,92.5
9.29483739401095,835,509,-326,-672,580.5,91.5
9.29698400772781,835,509,-326,-672,580.5,91.5
9.29913062144467,835,509,-326,-672,580.5,91.5
9.30127723516153,836,509,-327,-672.5,581.5,91
9.30342384887839,836,508,-328,-672,582,90
9.30557046259526,836,509,-327,-672.5,581.5,91
9.30771707631212,834,509,-325,-671.5,579.5,92
9.30986369002898,835,509,-326,-672,580.5,91.5
9.31201030374584,836,509,-327,-672.5,581.5,91
9.3141569174627,836,509,-327,-672.5,581.5,91
9.31630353117956,835,509,-326,-672,580.5,91.5
9.31845014489643,833,508,-325,-670.5,579,91.5
9.32059675861329,833,509,-324,-671,578.5,92.5
9.32274337233015,834,509,-325,-671.5,579.5,92
9.32488998604701,834,509,-325,-671.5,579.5,92
9.32703659976387,834,509,-325,-671.5,579.5,92
9.32918321348073,833,509,-324,-671,578.5,92.5
9.3313298271976,833,509,-324,-671,578.5,92.5
9.33347644091446,833,509,-324,-671,578.5,92.5
9.33562305463132,832,508,-324,-670,578,92
9.33776966834818,831,509,-322,-670,576.5,93.5
9.33991628206504,830,509,-321,-669.5,575.5,94
9.3420628957819,829,509,-320,-669,574.5,94.5
9.34420950949877,829,509,-320,-669,574.5,94.5
9.34635612321563,827,509,-318,-668,572.5,95.5
9.34850273693249,826,509,-317,-667.5,571.5,96
9.35064935064935,825,509,-316,-667,570.5,96.5
9.35279596436621,824,509,-315,-666.5,569.5,97
9.35494257808307,824,509,-315,-666.5,569.5,97
9.35708919179993,825,509,-316,-667,570.5,96.5
9.3592358055168,826,509,-317,-667.5,571.5,96
9.36138241923366,826,509,-317,-667.5,571.5,96
9.36352903295052,827,509,-318,-668,572.5,95.5
9.36567564666738,825,509,-316,-667,570.5,96.5
9.36782226038424,825,508,-317,-666.5,571,95.5
9.3699688741011,826,509,-317,-667.5,571.5,96
9.37211548781797,824,509,-315,-666.5,569.5,97
9.37426210153483,824,509,-315,-666.5,569.5,97
9.37640871525169,825,509,-316,-667,570.5,96.5
9.37855532896855,826,509,-317,-667.5,571.5,96
9.38070194268541,825,509,-316,-667,570.5,96.5
9.38284855640227,826,509,-317,-667.5,571.5,96
9.38499517011914,827,509,-318,-668,572.5,95.5
9.387141783836,826,509,-317,-667.5,571.5,96
9.38928839755286,826,509,-317,-667.5,571.5,96
9.39143501126972,825,509,-316,-667,570.5,96.5
9.39358162498658,827,509,-318,-668,572.5,95.5
9.39572823870344,825,509,-316,-667,570.5,96.5
9.39787485242031,825,509,-316,-667,570.5,96.5
9.40002146613717,825,508,-317,-666.5,571,95.5
9.40216807985403,826,509,-317,-667.5,571.5,96
9.40431469357089,825,509,-316,-667,570.5,96.5
9.40646130728775,826,509,-317,-667.5,571.5,96
9.40860792100461,824,509,-315,-666.5,569.5,97
9.41075453472148,825,509,-316,-667,570.5,96.5
9.41290114843834,825,509,-316,-667,570.5,96.5
9.4150477621552,824,509,-315,-666.5,569.5,97
9.41719437587206,824,509,-315,-666.5,569.5,97
9.41934098958892,824,509,-315,-666.5,569.5,97
9.42148760330578,826,509,-317,-667.5,571.5,96
9.42363421702265,827,509,-318,-668,572.5,95.5
9.42578083073951,830,509,-321,-669.5,575.5,94
9.42792744445637,836,509,-327,-672.5,581.5,91
9.43007405817323,840,509,-331,-674.5,585.5,89
9.43222067189009,846,509,-337,-677.5,591.5,86
9.43436728560695,851,509,-342,-680,596.5,83.5
9.43651389932382,855,509,-346,-682,600.5,81.5
9.43866051304068,860,509,-351,-684.5,605.5,79
9.44080712675754,866,509,-357,-687.5,611.5,76
9.4429537404744,873,509,-364,-691,618.5,72.5
9.44510035419126,877,509,-368,-693,622.5,70.5
9.44724696790813,880,509,-371,-694.5,625.5,69
9.44939358162499,876,509,-367,-692.5,621.5,71
9.45154019534185,868,509,-359,-688.5,613.5,75
9.45368680905871,861,509,-352,-685,606.5,78.5
9.45583342277557,856,508,-348,-682,602,80
9.45798003649243,851,509,-342,-680,596.5,83.5
9.4601266502093,844,509,-335,-676.5,589.5,87
9.46227326392616,837,508,-329,-672.5,583,89.5
9.46441987764302,827,509,-318,-668,572.5,95.5
9.46656649135988,820,509,-311,-664.5,565.5,99
9.46871310507674,819,509,-310,-664,564.5,99.5
9.4708597187936,818,509,-309,-663.5,563.5,100
9.47300633251046,819,509,-310,-664,564.5,99.5
9.47515294622733,821,509,-312,-665,566.5,98.5
9.47729955994419,824,509,-315,-666.5,569.5,97
9.47944617366105,827,509,-318,-668,572.5,95.5
9.48159278737791,828,509,-319,-668.5,573.5,95
9.48373940109477,828,508,-320,-668,574,94
9.48588601481163,828,509,-319,-668.5,573.5,95
9.4880326285285,827,509,-318,-668,572.5,95.5
9.49017924224536,826,509,-317,-667.5,571.5,96
9.49232585596222,824,509,-315,-666.5,569.5,97
9.49447246967908,821,509,-312,-665,566.5,98.5
9.49661908339594,822,508,-314,-665,568,97
9.4987656971128,822,509,-313,-665.5,567.5,98
9.50091231082967,823,509,-314,-666,568.5,97.5
9.50305892454653,824,509,-315,-666.5,569.5,97
9.50520553826339,822,509,-313,-665.5,567.5,98
9.50735215198025,824,509,-315,-666.5,569.5,97
9.50949876569711,824,509,-315,-666.5,569.5,97
9.51164537941397,824,509,-315,-666.5,569.5,97
9.51379199313084,823,509,-314,-666,568.5,97.5
9.5159386068477,825,509,-316,-667,570.5,96.5
9.51808522056456,824,509,-315,-666.5,569.5,97
9.52023183428142,824,509,-315,-666.5,569.5,97
9.52237844799828,823,509,-314,-666,568.5,97.5
9.52452506171514,823,509,-314,-666,568.5,97.5
9.52667167543201,823,509,-314,-666,568.5,97.5
9.52881828914887,824,509,-315,-666.5,569.5,97
9.53096490286573,824,508,-316,-666,570,96
9.53311151658259,825,509,-316,-667,570.5,96.5
9.53525813029945,827,509,-318,-668,572.5,95.5
9.53740474401631,827,509,-318,-668,572.5,95.5
9.53955135773318,828,509,-319,-668.5,573.5,95
9.54169797145004,829,509,-320,-669,574.5,94.5
9.5438445851669,829,509,-320,-669,574.5,94.5
9.54599119888376,830,508,-322,-669,576,93
9.54813781260062,830,509,-321,-669.5,575.5,94
9.55028442631748,829,509,-320,-669,574.5,94.5
9.55243104003435,829,509,-320,-669,574.5,94.5
9.55457765375121,829,509,-320,-669,574.5,94.5
9.55672426746807,828,509,-319,-668.5,573.5,95
9.55887088118493,829,509,-320,-669,574.5,94.5
9.56101749490179,830,509,-321,-669.5,575.5,94
9.56316410861865,829,509,-320,-669,574.5,94.5
9.56531072233552,828,509,-319,-668.5,573.5,95
9.56745733605238,828,509,-319,-668.5,573.5,95
9.56960394976924,829,509,-320,-669,574.5,94.5
9.5717505634861,831,509,-322,-670,576.5,93.5
9.57389717720296,831,509,-322,-670,576.5,93.5
9.57604379091982,833,509,-324,-671,578.5,92.5
9.57819040463668,834,509,-325,-671.5,579.5,92
9.58033701835355,833,509,-324,-671,578.5,92.5
9.58248363207041,834,509,-325,-671.5,579.5,92
9.58463024578727,835,509,-326,-672,580.5,91.5
9.58677685950413,833,509,-324,-671,578.5,92.5
9.58892347322099,834,509,-325,-671.5,579.5,92
9.59107008693785,833,509,-324,-671,578.5,92.5
9.59321670065472,834,509,-325,-671.5,579.5,92
9.59536331437158,833,509,-324,-671,578.5,92.5
9.59750992808844,832,509,-323,-670.5,577.5,93
9.5996565418053,833,509,-324,-671,578.5,92.5
9.60180315552216,835,509,-326,-672,580.5,91.5
9.60394976923902,834,509,-325,-671.5,579.5,92
9.60609638295589,836,509,-327,-672.5,581.5,91
9.60824299667275,836,509,-327,-672.5,581.5,91
9.61038961038961,836,509,-327,-672.5,581.5,91
9.61253622410647,838,509,-329,-673.5,583.5,90
9.61468283782333,837,509,-328,-673,582.5,90.5
9.61682945154019,837,509,-328,-673,582.5,90.5
9.61897606525706,837,509,-328,-673,582.5,90.5
9.62112267897392,838,509,-329,-673.5,583.5,90
9.62326929269078,837,509,-328,-673,582.5,90.5
9.62541590640764,838,509,-329,-673.5,583.5,90
9.6275625201245,842,508,-334,-675,588,87
9.62970913384136,840,509,-331,-674.5,585.5,89
9.63185574755823,840,509,-331,-674.5,585.5,89
9.63400236127509,840,509,-331,-674.5,585.5,89
9.63614897499195,838,508,-330,-673,584,89
9.63829558870881,840,509,-331,-674.5,585.5,89
9.64044220242567,839,509,-330,-674,584.5,89.5
9.64258881614253,842,508,-334,-675,588,87
9.6447354298594,842,509,-333,-675.5,587.5,88
9.64688204357626,842,509,-333,-675.5,587.5,88
9.64902865729312,843,509,-334,-676,588.5,87.5
9.65117527100998,841,509,-332,-675,586.5,88.5
9.65332188472684,842,508,-334,-675,588,87
9.6554684984437,843,509,-334,-676,588.5,87.5
9.65761511216057,843,509,-334,-676,588.5,87.5
9.65976172587743,843,509,-334,-676,588.5,87.5
9.66190833959429,842,509,-333,-675.5,587.5,88
9.66405495331115,844,509,-335,-676.5,589.5,87
9.66620156702801,844,509,-335,-676.5,589.5,87
9.66834818074488,844,508,-336,-676,590,86
9.67049479446174,845,509,-336,-677,590.5,86.5
9.6726414081786,845,509,-336,-677,590.5,86.5
9.67478802189546,845,509,-336,-677,590.5,86.5
9.67693463561232,843,509,-334,-676,588.5,87.5
9.67908124932918,844,509,-335,-676.5,589.5,87
9.68122786304605,843,509,-334,-676,588.5,87.5
9.68337447676291,843,509,-334,-676,588.5,87.5
9.68552109047977,842,509,-333,-675.5,587.5,88
9.68766770419663,842,509,-333,-675.5,587.5,88
9.68981431791349,842,509,-333,-675.5,587.5,88
9.69196093163035,841,509,-332,-675,586.5,88.5
9.69410754534721,840,509,-331,-674.5,585.5,89
9.69625415906408,839,509,-330,-674,584.5,89.5
9.69840077278094,839,508,-331,-673.5,585,88.5
9.7005473864978,838,509,-329,-673.5,583.5,90
9.70269400021466,839,509,-330,-674,584.5,89.5
9.70484061393152,839,509,-330,-674,584.5,89.5
9.70698722764838,837,509,-328,-673,582.5,90.5
9.70913384136525,837,509,-328,-673,582.5,90.5
9.71128045508211,837,509,-328,-673,582.5,90.5
9.71342706879897,836,509,-327,-672.5,581.5,91
9.71557368251583,835,509,-326,-672,580.5,91.5
9.71772029623269,833,509,-324,-671,578.5,92.5
9.71986690994955,831,509,-322,-670,576.5,93.5
9.72201352366642,828,509,-319,-668.5,573.5,95
9.72416013738328,827,509,-318,-668,572.5,95.5
9.72630675110014,827,509,-318,-668,572.5,95.5
9.728453364817,825,509,-316,-667,570.5,96.5
9.73059997853386,825,509,-316,-667,570.5,96.5
9.73274659225072,824,509,-315,-666.5,569.5,97
9.73489320596759,825,509,-316,-667,570.5,96.5
9.73703981968445,824,509,-315,-666.5,569.5,97
9.73918643340131,823,509,-314,-666,568.5,97.5
9.74133304711817,823,509,-314,-666,568.5,97.5
9.74347966083503,823,509,-314,-666,568.5,97.5
9.74562627455189,823,508,-315,-665.5,569,96.5
9.74777288826876,823,509,-314,-666,568.5,97.5
9.74991950198562,823,509,-314,-666,568.5,97.5
9.75206611570248,821,509,-312,-665,566.5,98.5
9.75421272941934,822,508,-314,-665,568,97
9.7563593431362,822,509,-313,-665.5,567.5,98
9.75850595685306,822,509,-313,-665.5,567.5,98
9.76065257056993,822,508,-314,-665,568,97
9.76279918428679,821,509,-312,-665,566.5,98.5
9.76494579800365,822,509,-313,-665.5,567.5,98
9.76709241172051,822,509,-313,-665.5,567.5,98
9.76923902543737,823,509,-314,-666,568.5,97.5
9.77138563915423,824,509,-315,-666.5,569.5,97
9.7735322528711,823,509,-314,-666,568.5,97.5
9.77567886658796,822,509,-313,-665.5,567.5,98
9.77782548030482,823,509,-314,-666,568.5,97.5
9.77997209402168,823,509,-314,-666,568.5,97.5
9.78211870773854,822,509,-313,-665.5,567.5,98
9.7842653214554,821,509,-312,-665,566.5,98.5
9.78641193517227,823,509,-314,-666,568.5,97.5
9.78855854888913,824,509,-315,-666.5,569.5,97
9.79070516260599,823,509,-314,-666,568.5,97.5
9.79285177632285,822,509,-313,-665.5,567.5,98
9.79499839003971,822,509,-313,-665.5,567.5,98
9.79714500375657,822,509,-313,-665.5,567.5,98
9.79929161747343,822,509,-313,-665.5,567.5,98
9.8014382311903,823,509,-314,-666,568.5,97.5
9.80358484490716,825,509,-316,-667,570.5,96.5
9.80573145862402,826,509,-317,-667.5,571.5,96
9.80787807234088,828,509,-319,-668.5,573.5,95
9.81002468605774,826,509,-317,-667.5,571.5,96
9.8121712997746,826,509,-317,-667.5,571.5,96
9.81431791349147,826,508,-318,-667,572,95
9.81646452720833,824,509,-315,-666.5,569.5,97
9.81861114092519,825,509,-316,-667,570.5,96.5
9.82075775464205,824,509,-315,-666.5,569.5,97
9.82290436835891,824,509,-315,-666.5,569.5,97
9.82505098207577,824,509,-315,-666.5,569.5,97
9.82719759579264,824,509,-315,-666.5,569.5,97
9.8293442095095,823,509,-314,-666,568.5,97.5
9.83149082322636,822,509,-313,-665.5,567.5,98
9.83363743694322,824,509,-315,-666.5,569.5,97
9.83578405066008,824,509,-315,-666.5,569.5,97
9.83793066437694,826,509,-317,-667.5,571.5,96
9.84007727809381,827,509,-318,-668,572.5,95.5
9.84222389181067,828,508,-320,-668,574,94
9.84437050552753,825,509,-316,-667,570.5,96.5
9.84651711924439,827,509,-318,-668,572.5,95.5
9.84866373296125,825,509,-316,-667,570.5,96.5
9.85081034667811,827,509,-318,-668,572.5,95.5
9.85295696039498,826,509,-317,-667.5,571.5,96
9.85510357411184,825,509,-316,-667,570.5,96.5
9.8572501878287,826,509,-317,-667.5,571.5,96
9.85939680154556,826,509,-317,-667.5,571.5,96
9.86154341526242,826,509,-317,-667.5,571.5,96
9.86369002897928,827,509,-318,-668,572.5,95.5
9.86583664269615,826,509,-317,-667.5,571.5,96
9.86798325641301,826,508,-318,-667,572,95
9.87012987012987,826,509,-317,-667.5,571.5,96
9.87227648384673,827,509,-318,-668,572.5,95.5
9.87442309756359,826,509,-317,-667.5,571.5,96
9.87656971128045,827,509,-318,-668,572.5,95.5
9.87871632499732,827,509,-318,-668,572.5,95.5
9.88086293871418,828,509,-319,-668.5,573.5,95
9.88300955243104,827,509,-318,-668,572.5,95.5
9.8851561661479,826,509,-317,-667.5,571.5,96
9.88730277986476,826,509,-317,-667.5,571.5,96
9.88944939358163,826,509,-317,-667.5,571.5,96
9.89159600729849,826,508,-318,-667,572,95
9.89374262101535,827,509,-318,-668,572.5,95.5
9.89588923473221,827,509,-318,-668,572.5,95.5
9.89803584844907,827,509,-318,-668,572.5,95.5
9.90018246216593,828,509,-319,-668.5,573.5,95
9.9023290758828,826,509,-317,-667.5,571.5,96
9.90447568959966,826,509,-317,-667.5,571.5,96
9.90662230331652,824,509,-315,-666.5,569.5,97
9.90876891703338,823,509,-314,-666,568.5,97.5
9.91091553075024,825,509,-316,-667,570.5,96.5
9.9130621444671,823,509,-314,-666,568.5,97.5
9.91520875818397,825,509,-316,-667,570.5,96.5
9.91735537190083,825,509,-316,-667,570.5,96.5
9.91950198561769,826,509,-317,-667.5,571.5,96
9.92164859933455,826,509,-317,-667.5,571.5,96
9.92379521305141,826,509,-317,-667.5,571.5,96
9.92594182676827,825,509,-316,-667,570.5,96.5
9.92808844048513,826,509,-317,-667.5,571.5,96
9.930235054202,827,509,-318,-668,572.5,95.5
9.93238166791886,827,509,-318,-668,572.5,95.5
9.93452828163572,827,509,-318,-668,572.5,95.5
9.93667489535258,827,509,-318,-668,572.5,95.5
9.93882150906944,827,509,-318,-668,572.5,95.5
9.9409681227863,827,509,-318,-668,572.5,95.5
9.94311473650317,830,509,-321,-669.5,575.5,94
9.94526135022003,831,509,-322,-670,576.5,93.5
9.94740796393689,831,509,-322,-670,576.5,93.5
9.94955457765375,830,509,-321,-669.5,575.5,94
9.95170119137061,829,509,-320,-669,574.5,94.5
9.95384780508747,828,509,-319,-668.5,573.5,95
9.95599441880434,828,509,-319,-668.5,573.5,95
9.9581410325212,827,509,-318,-668,572.5,95.5
9.96028764623806,827,509,-318,-668,572.5,95.5
9.96243425995492,828,509,-319,-668.5,573.5,95
9.96458087367178,829,509,-320,-669,574.5,94.5
9.96672748738864,831,509,-322,-670,576.5,93.5
9.96887410110551,835,509,-326,-672,580.5,91.5
9.97102071482237,835,509,-326,-672,580.5,91.5
9.97316732853923,836,509,-327,-672.5,581.5,91
9.97531394225609,835,509,-326,-672,580.5,91.5
9.97746055597295,834,509,-325,-671.5,579.5,92
9.97960716968981,833,509,-324,-671,578.5,92.5
9.98175378340668,833,509,-324,-671,578.5,92.5
9.98390039712354,832,509,-323,-670.5,577.5,93
9.9860470108404,832,509,-323,-670.5,577.5,93
9.98819362455726,832,509,-323,-670.5,577.5,93
9.99034023827412,832,509,-323,-670.5,577.5,93
9.99248685199098,830,509,-321,-669.5,575.5,94
9.99463346570785,831,509,-322,-670,576.5,93.5
9.99678007942471,829,509,-320,-669,574.5,94.5
9.99892669314157,829,509,-320,-669,574.5,94.5
10.0010733068584,831,509,-322,-670,576.5,93.5
10.0032199205753,830,509,-321,-669.5,575.5,94
10.0053665342922,830,509,-321,-669.5,575.5,94
10.007513148009,829,509,-320,-669,574.5,94.5
10.0096597617259,826,509,-317,-667.5,571.5,96
10.0118063754427,825,509,-316,-667,570.5,96.5
10.0139529891596,823,509,-314,-666,568.5,97.5
10.0160996028765,821,509,-312,-665,566.5,98.5
10.0182462165933,821,509,-312,-665,566.5,98.5
10.0203928303102,821,509,-312,-665,566.5,98.5
10.022539444027,822,509,-313,-665.5,567.5,98
10.0246860577439,821,509,-312,-665,566.5,98.5
10.0268326714608,820,509,-311,-664.5,565.5,99
10.0289792851776,817,509,-308,-663,562.5,100.5
10.0311258988945,817,509,-308,-663,562.5,100.5
10.0332725126114,817,509,-308,-663,562.5,100.5
10.0354191263282,818,509,-309,-663.5,563.5,100
10.0375657400451,818,509,-309,-663.5,563.5,100
10.0397123537619,818,509,-309,-663.5,563.5,100
10.0418589674788,817,509,-308,-663,562.5,100.5
10.0440055811957,816,508,-308,-662,562,100
10.0461521949125,816,509,-307,-662.5,561.5,101
10.0482988086294,817,509,-308,-663,562.5,100.5
10.0504454223462,818,509,-309,-663.5,563.5,100
10.0525920360631,820,509,-311,-664.5,565.5,99
10.05473864978,817,509,-308,-663,562.5,100.5
10.0568852634968,820,509,-311,-664.5,565.5,99
10.0590318772137,817,509,-308,-663,562.5,100.5
10.0611784909306,818,508,-310,-663,564,99
10.0633251046474,818,509,-309,-663.5,563.5,100
10.0654717183643,819,509,-310,-664,564.5,99.5
10.0676183320811,817,509,-308,-663,562.5,100.5
10.069764945798,817,509,-308,-663,562.5,100.5
10.0719115595149,816,509,-307,-662.5,561.5,101
10.0740581732317,816,508,-308,-662,562,100
10.0762047869486,816,509,-307,-662.5,561.5,101
10.0783514006654,816,509,-307,-662.5,561.5,101
10.0804980143823,814,509,-305,-661.5,559.5,102
10.0826446280992,815,509,-306,-662,560.5,101.5
10.084791241816,815,509,-306,-662,560.5,101.5
10.0869378555329,815,509,-306,-662,560.5,101.5
10.0890844692498,815,508,-307,-661.5,561,100.5
10.0912310829666,816,509,-307,-662.5,561.5,101
10.0933776966835,815,509,-306,-662,560.5,101.5
10.0955243104003,815,509,-306,-662,560.5,101.5
10.0976709241172,818,509,-309,-663.5,563.5,100
10.0998175378341,826,509,-317,-667.5,571.5,96
10.1019641515509,835,509,-326,-672,580.5,91.5
10.1041107652678,842,509,-333,-675.5,587.5,88
10.1062573789847,850,509,-341,-679.5,595.5,84
10.1084039927015,852,509,-343,-680.5,597.5,83
10.1105506064184,857,509,-348,-683,602.5,80.5
10.1126972201352,862,509,-353,-685.5,607.5,78
10.1148438338521,859,509,-350,-684,604.5,79.5
10.116990447569,869,509,-360,-689,614.5,74.5
10.1191370612858,869,509,-360,-689,614.5,74.5
10.1212836750027,866,509,-357,-687.5,611.5,76
10.1234302887195,860,509,-351,-684.5,605.5,79
10.1255769024364,854,509,-345,-681.5,599.5,82
10.1277235161533,851,509,-342,-680,596.5,83.5
10.1298701298701,844,509,-335,-676.5,589.5,87
10.132016743587,831,509,-322,-670,576.5,93.5
10.1341633573039,818,509,-309,-663.5,563.5,100
10.1363099710207,809,509,-300,-659,554.5,104.5
10.1384565847376,802,509,-293,-655.5,547.5,108
10.1406031984544,800,509,-291,-654.5,545.5,109
10.1427498121713,802,509,-293,-655.5,547.5,108
10.1448964258882,807,509,-298,-658,552.5,105.5
10.147043039605,811,509,-302,-660,556.5,103.5
10.1491896533219,815,509,-306,-662,560.5,101.5
10.1513362670387,819,509,-310,-664,564.5,99.5
10.1534828807556,817,509,-308,-663,562.5,100.5
10.1556294944725,816,509,-307,-662.5,561.5,101
10.1577761081893,816,509,-307,-662.5,561.5,101
10.1599227219062,813,509,-304,-661,558.5,102.5
10.1620693356231,811,509,-302,-660,556.5,103.5
10.1642159493399,811,509,-302,-660,556.5,103.5
10.1663625630568,809,509,-300,-659,554.5,104.5
10.1685091767736,810,509,-301,-659.5,555.5,104
10.1706557904905,811,509,-302,-660,556.5,103.5
10.1728024042074,811,509,-302,-660,556.5,103.5
10.1749490179242,814,509,-305,-661.5,559.5,102
10.1770956316411,815,509,-306,-662,560.5,101.5
10.1792422453579,813,509,-304,-661,558.5,102.5
10.1813888590748,812,509,-303,-660.5,557.5,103
10.1835354727917,812,509,-303,-660.5,557.5,103
10.1856820865085,813,509,-304,-661,558.5,102.5
10.1878287002254,811,509,-302,-660,556.5,103.5
10.1899753139423,813,509,-304,-661,558.5,102.5
10.1921219276591,814,509,-305,-661.5,559.5,102
10.194268541376,815,509,-306,-662,560.5,101.5
10.1964151550928,815,509,-306,-662,560.5,101.5
10.1985617688097,814,509,-305,-661.5,559.5,102
10.2007083825266,814,509,-305,-661.5,559.5,102
10.2028549962434,815,509,-306,-662,560.5,101.5
10.2050016099603,816,509,-307,-662.5,561.5,101
10.2071482236771,816,509,-307,-662.5,561.5,101
10.209294837394,814,509,-305,-661.5,559.5,102
10.2114414511109,814,509,-305,-661.5,559.5,102
10.2135880648277,816,508,-308,-662,562,100
10.2157346785446,816,509,-307,-662.5,561.5,101
10.2178812922615,816,509,-307,-662.5,561.5,101
10.2200279059783,818,509,-309,-663.5,563.5,100
10.2221745196952,819,509,-310,-664,564.5,99.5
10.224321133412,820,509,-311,-664.5,565.5,99
10.2264677471289,819,509,-310,-664,564.5,99.5
10.2286143608458,821,509,-312,-665,566.5,98.5
10.2307609745626,820,509,-311,-664.5,565.5,99
10.2329075882795,820,509,-311,-664.5,565.5,99
10.2350542019964,820,509,-311,-664.5,565.5,99
10.2372008157132,818,509,-309,-663.5,563.5,100
10.2393474294301,820,509,-311,-664.5,565.5,99
10.2414940431469,820,509,-311,-664.5,565.5,99
10.2436406568638,820,509,-311,-664.5,565.5,99
10.2457872705807,820,509,-311,-664.5,565.5,99
10.2479338842975,823,509,-314,-666,568.5,97.5
10.2500804980144,824,509,-315,-666.5,569.5,97
10.2522271117312,826,509,-317,-667.5,571.5,96
10.2543737254481,826,508,-318,-667,572,95
10.256520339165,825,509,-316,-667,570.5,96.5
10.2586669528818,825,509,-316,-667,570.5,96.5
10.2608135665987,825,509,-316,-667,570.5,96.5
10.2629601803156,825,509,-316,-667,570.5,96.5
10.2651067940324,825,509,-316,-667,570.5,96.5
10.2672534077493,824,509,-315,-666.5,569.5,97
10.2694000214661,825,509,-316,-667,570.5,96.5
10.271546635183,825,509,-316,-667,570.5,96.5
10.2736932488999,825,509,-316,-667,570.5,96.5
10.2758398626167,825,509,-316,-667,570.5,96.5
10.2779864763336,825,509,-316,-667,570.5,96.5
10.2801330900504,826,509,-317,-667.5,571.5,96
10.2822797037673,828,508,-320,-668,574,94
10.2844263174842,828,509,-319,-668.5,573.5,95
10.286572931201,827,509,-318,-668,572.5,95.5
10.2887195449179,829,509,-320,-669,574.5,94.5
10.2908661586348,828,509,-319,-668.5,573.5,95
10.2930127723516,829,509,-320,-669,574.5,94.5
10.2951593860685,830,509,-321,-669.5,575.5,94
10.2973059997853,831,509,-322,-670,576.5,93.5
10.2994526135022,832,509,-323,-670.5,577.5,93
10.3015992272191,832,509,-323,-670.5,577.5,93
10.3037458409359,830,509,-321,-669.5,575.5,94
10.3058924546528,830,509,-321,-669.5,575.5,94
10.3080390683696,831,509,-322,-670,576.5,93.5
10.3101856820865,830,509,-321,-669.5,575.5,94
10.3123322958034,832,509,-323,-670.5,577.5,93
10.3144789095202,832,508,-324,-670,578,92
10.3166255232371,832,509,-323,-670.5,577.5,93
10.318772136954,832,509,-323,-670.5,577.5,93
10.3209187506708,832,509,-323,-670.5,577.5,93
10.3230653643877,833,509,-324,-671,578.5,92.5
10.3252119781045,833,509,-324,-671,578.5,92.5
10.3273585918214,834,509,-325,-671.5,579.5,92
10.3295052055383,833,509,-324,-671,578.5,92.5
10.3316518192551,833,509,-324,-671,578.5,92.5
10.333798432972,833,509,-324,-671,578.5,92.5
10.3359450466888,833,509,-324,-671,578.5,92.5
10.3380916604057,832,509,-323,-670.5,577.5,93
10.3402382741226,831,509,-322,-670,576.5,93.5
10.3423848878394,831,509,-322,-670,576.5,93.5
10.3445315015563,832,509,-323,-670.5,577.5,93
10.3466781152732,833,509,-324,-671,578.5,92.5
10.34882472899,835,509,-326,-672,580.5,91.5
10.3509713427069,834,509,-325,-671.5,579.5,92
10.3531179564237,834,509,-325,-671.5,579.5,92
10.3552645701406,833,509,-324,-671,578.5,92.5
10.3574111838575,831,509,-322,-670,576.5,93.5
10.3595577975743,829,509,-320,-669,574.5,94.5
10.3617044112912,829,509,-320,-669,574.5,94.5
10.363851025008,828,509,-319,-668.5,573.5,95
10.3659976387249,828,509,-319,-668.5,573.5,95
10.3681442524418,827,509,-318,-668,572.5,95.5
10.3702908661586,825,509,-316,-667,570.5,96.5
10.3724374798755,826,509,-317,-667.5,571.5,96
10.3745840935924,827,509,-318,-668,572.5,95.5
10.3767307073092,829,509,-320,-669,574.5,94.5
10.3788773210261,828,509,-319,-668.5,573.5,95
10.3810239347429,827,509,-318,-668,572.5,95.5
10.3831705484598,826,509,-317,-667.5,571.5,96
10.3853171621767,823,509,-314,-666,568.5,97.5
10.3874637758935,821,509,-312,-665,566.5,98.5
10.3896103896104,818,509,-309,-663.5,563.5,100
10.3917570033273,817,509,-308,-663,562.5,100.5
10.3939036170441,815,509,-306,-662,560.5,101.5
10.396050230761,813,509,-304,-661,558.5,102.5
10.3981968444778,814,508,-306,-661,560,101
10.4003434581947,812,509,-303,-660.5,557.5,103
10.4024900719116,812,508,-304,-660,558,102
10.4046366856284,814,509,-305,-661.5,559.5,102
10.4067832993453,812,509,-303,-660.5,557.5,103
10.4089299130621,813,509,-304,-661,558.5,102.5
10.411076526779,811,509,-302,-660,556.5,103.5
10.4132231404959,810,509,-301,-659.5,555.5,104
10.4153697542127,810,509,-301,-659.5,555.5,104
10.4175163679296,809,509,-300,-659,554.5,104.5
10.4196629816465,809,509,-300,-659,554.5,104.5
10.4218095953633,811,509,-302,-660,556.5,103.5
10.4239562090802,813,509,-304,-661,558.5,102.5
10.426102822797,811,509,-302,-660,556.5,103.5
10.4282494365139,813,509,-304,-661,558.5,102.5
10.4303960502308,812,509,-303,-660.5,557.5,103
10.4325426639476,813,509,-304,-661,558.5,102.5
10.4346892776645,813,509,-304,-661,558.5,102.5
10.4368358913813,813,509,-304,-661,558.5,102.5
10.4389825050982,813,509,-304,-661,558.5,102.5
10.4411291188151,811,509,-302,-660,556.5,103.5
10.4432757325319,810,509,-301,-659.5,555.5,104
10.4454223462488,812,509,-303,-660.5,557.5,103
10.4475689599657,812,509,-303,-660.5,557.5,103
10.4497155736825,811,509,-302,-660,556.5,103.5
10.4518621873994,812,509,-303,-660.5,557.5,103
10.4540088011162,812,509,-303,-660.5,557.5,103
10.4561554148331,811,509,-302,-660,556.5,103.5
10.45830202855,811,509,-302,-660,556.5,103.5
10.4604486422668,813,509,-304,-661,558.5,102.5
10.4625952559837,814,509,-305,-661.5,559.5,102
10.4647418697005,814,509,-305,-661.5,559.5,102
10.4668884834174,815,509,-306,-662,560.5,101.5
10.4690350971343,816,509,-307,-662.5,561.5,101
10.4711817108511,816,509,-307,-662.5,561.5,101
10.473328324568,817,509,-308,-663,562.5,100.5
10.4754749382849,817,509,-308,-663,562.5,100.5
10.4776215520017,816,509,-307,-662.5,561.5,101
10.4797681657186,815,509,-306,-662,560.5,101.5
10.4819147794354,815,509,-306,-662,560.5,101.5
10.4840613931523,816,509,-307,-662.5,561.5,101
10.4862080068692,816,509,-307,-662.5,561.5,101
10.488354620586,815,509,-306,-662,560.5,101.5
10.4905012343029,815,509,-306,-662,560.5,101.5
10.4926478480197,816,509,-307,-662.5,561.5,101
10.4947944617366,817,509,-308,-663,562.5,100.5
10.4969410754535,817,509,-308,-663,562.5,100.5
10.4990876891703,818,509,-309,-663.5,563.5,100
10.5012343028872,818,509,-309,-663.5,563.5,100
10.5033809166041,819,509,-310,-664,564.5,99.5
10.5055275303209,818,509,-309,-663.5,563.5,100
10.5076741440378,817,508,-309,-662.5,563,99.5
10.5098207577546,816,509,-307,-662.5,561.5,101
10.5119673714715,816,509,-307,-662.5,561.5,101
10.5141139851884,818,509,-309,-663.5,563.5,100
10.5162605989052,817,509,-308,-663,562.5,100.5
10.5184072126221,818,509,-309,-663.5,563.5,100
10.520553826339,820,509,-311,-664.5,565.5,99
10.5227004400558,819,509,-310,-664,564.5,99.5
10.5248470537727,817,509,-308,-663,562.5,100.5
10.5269936674895,817,509,-308,-663,562.5,100.5
10.5291402812064,818,509,-309,-663.5,563.5,100
10.5312868949233,818,509,-309,-663.5,563.5,100
10.5334335086401,817,509,-308,-663,562.5,100.5
10.535580122357,819,509,-310,-664,564.5,99.5
10.5377267360738,821,509,-312,-665,566.5,98.5
10.5398733497907,821,509,-312,-665,566.5,98.5
10.5420199635076,819,509,-310,-664,564.5,99.5
10.5441665772244,818,509,-309,-663.5,563.5,100
10.5463131909413,817,509,-308,-663,562.5,100.5
10.5484598046582,816,508,-308,-662,562,100
10.550606418375,817,509,-308,-663,562.5,100.5
10.5527530320919,819,509,-310,-664,564.5,99.5
10.5548996458087,818,509,-309,-663.5,563.5,100
10.5570462595256,818,509,-309,-663.5,563.5,100
10.5591928732425,818,509,-309,-663.5,563.5,100
10.5613394869593,820,508,-312,-664,566,98
10.5634861006762,819,509,-310,-664,564.5,99.5
10.565632714393,820,509,-311,-664.5,565.5,99
10.5677793281099,819,509,-310,-664,564.5,99.5
10.5699259418268,819,508,-311,-663.5,565,98.5
10.5720725555436,817,509,-308,-663,562.5,100.5
10.5742191692605,819,509,-310,-664,564.5,99.5
10.5763657829774,819,509,-310,-664,564.5,99.5
10.5785123966942,820,508,-312,-664,566,98
10.5806590104111,819,509,-310,-664,564.5,99.5
10.5828056241279,819,509,-310,-664,564.5,99.5
10.5849522378448,818,509,-309,-663.5,563.5,100
10.5870988515617,817,509,-308,-663,562.5,100.5
10.5892454652785,818,509,-309,-663.5,563.5,100
10.5913920789954,817,509,-308,-663,562.5,100.5
10.5935386927122,816,509,-307,-662.5,561.5,101
10.5956853064291,815,508,-307,-661.5,561,100.5
10.597831920146,815,509,-306,-662,560.5,101.5
10.5999785338628,815,509,-306,-662,560.5,101.5
10.6021251475797,818,508,-310,-663,564,99
10.6042717612966,820,509,-311,-664.5,565.5,99
10.6064183750134,820,509,-311,-664.5,565.5,99
10.6085649887303,822,509,-313,-665.5,567.5,98
10.6107116024471,820,509,-311,-664.5,565.5,99
10.612858216164,821,509,-312,-665,566.5,98.5
10.6150048298809,822,509,-313,-665.5,567.5,98
10.6171514435977,822,509,-313,-665.5,567.5,98
10.6192980573146,821,509,-312,-665,566.5,98.5
10.6214446710314,820,509,-311,-664.5,565.5,99
10.6235912847483,821,509,-312,-665,566.5,98.5
10.6257378984652,822,509,-313,-665.5,567.5,98
10.627884512182,822,509,-313,-665.5,567.5,98
10.6300311258989,823,509,-314,-666,568.5,97.5
10.6321777396158,821,509,-312,-665,566.5,98.5
10.6343243533326,821,509,-312,-665,566.5,98.5
10.6364709670495,820,509,-311,-664.5,565.5,99
10.6386175807663,821,509,-312,-665,566.5,98.5
10.6407641944832,823,509,-314,-666,568.5,97.5
10.6429108082001,825,509,-316,-667,570.5,96.5
10.6450574219169,828,509,-319,-668.5,573.5,95
10.6472040356338,830,509,-321,-669.5,575.5,94
10.6493506493506,830,509,-321,-669.5,575.5,94
10.6514972630675,832,509,-323,-670.5,577.5,93
10.6536438767844,828,509,-319,-668.5,573.5,95
10.6557904905012,826,509,-317,-667.5,571.5,96
10.6579371042181,826,509,-317,-667.5,571.5,96
10.660083717935,825,509,-316,-667,570.5,96.5
10.6622303316518,824,509,-315,-666.5,569.5,97
10.6643769453687,822,509,-313,-665.5,567.5,98
10.6665235590855,824,509,-315,-666.5,569.5,97
10.6686701728024,822,509,-313,-665.5,567.5,98
10.6708167865193,821,509,-312,-665,566.5,98.5
10.6729634002361,820,509,-311,-664.5,565.5,99
10.675110013953,819,509,-310,-664,564.5,99.5
10.6772566276699,819,509,-310,-664,564.5,99.5
10.6794032413867,820,508,-312,-664,566,98
10.6815498551036,820,509,-311,-664.5,565.5,99
10.6836964688204,819,509,-310,-664,564.5,99.5
10.6858430825373,819,509,-310,-664,564.5,99.5
10.6879896962542,818,509,-309,-663.5,563.5,100
10.690136309971,816,509,-307,-662.5,561.5,101
10.6922829236879,815,509,-306,-662,560.5,101.5
10.6944295374047,814,509,-305,-661.5,559.5,102
10.6965761511216,813,509,-304,-661,558.5,102.5
10.6987227648385,812,509,-303,-660.5,557.5,103
10.7008693785553,811,509,-302,-660,556.5,103.5
10.7030159922722,812,509,-303,-660.5,557.5,103
10.7051626059891,811,509,-302,-660,556.5,103.5
10.7073092197059,812,509,-303,-660.5,557.5,103
10.7094558334228,811,509,-302,-660,556.5,103.5
10.7116024471396,812,509,-303,-660.5,557.5,103
10.7137490608565,810,509,-301,-659.5,555.5,104
10.7158956745734,811,509,-302,-660,556.5,103.5
10.7180422882902,811,509,-302,-660,556.5,103.5
10.7201889020071,811,509,-302,-660,556.5,103.5
10.7223355157239,810,509,-301,-659.5,555.5,104
10.7244821294408,811,509,-302,-660,556.5,103.5
10.7266287431577,811,509,-302,-660,556.5,103.5
10.7287753568745,812,509,-303,-660.5,557.5,103
10.7309219705914,813,509,-304,-661,558.5,102.5
10.7330685843083,814,508,-306,-661,560,101
10.7352151980251,813,509,-304,-661,558.5,102.5
10.737361811742,812,509,-303,-660.5,557.5,103
10.7395084254588,812,509,-303,-660.5,557.5,103
10.7416550391757,813,509,-304,-661,558.5,102.5
10.7438016528926,812,509,-303,-660.5,557.5,103
10.7459482666094,811,509,-302,-660,556.5,103.5
10.7480948803263,812,508,-304,-660,558,102
10.7502414940431,809,509,-300,-659,554.5,104.5
10.75238810776,808,509,-299,-658.5,553.5,105
10.7545347214769,805,509,-296,-657,550.5,106.5
10.7566813351937,804,509,-295,-656.5,549.5,107
10.7588279489106,804,509,-295,-656.5,549.5,107
10.7609745626275,806,509,-297,-657.5,551.5,106
10.7631211763443,808,509,-299,-658.5,553.5,105
10.7652677900612,810,508,-302,-659,556,103
10.767414403778,810,509,-301,-659.5,555.5,104
10.7695610174949,811,509,-302,-660,556.5,103.5
10.7717076312118,813,509,-304,-661,558.5,102.5
10.7738542449286,820,509,-311,-664.5,565.5,99
10.7760008586455,828,509,-319,-668.5,573.5,95
10.7781474723623,839,509,-330,-674,584.5,89.5
10.7802940860792,847,509,-338,-678,592.5,85.5
10.7824406997961,852,508,-344,-680,598,82
10.7845873135129,855,509,-346,-682,600.5,81.5
10.7867339272298,858,509,-349,-683.5,603.5,80
10.7888805409467,861,509,-352,-685,606.5,78.5
10.7910271546635,863,509,-354,-686,608.5,77.5
10.7931737683804,862,509,-353,-685.5,607.5,78
10.7953203820972,863,509,-354,-686,608.5,77.5
10.7974669958141,858,509,-349,-683.5,603.5,80
10.799613609531,854,509,-345,-681.5,599.5,82
10.8017602232478,848,509,-339,-678.5,593.5,85
10.8039068369647,840,509,-331,-674.5,585.5,89
10.8060534506815,826,509,-317,-667.5,571.5,96
10.8082000643984,814,509,-305,-661.5,559.5,102
10.8103466781153,804,509,-295,-656.5,549.5,107
10.8124932918321,796,509,-287,-652.5,541.5,111
10.814639905549,792,509,-283,-650.5,537.5,113
10.8167865192659,793,509,-284,-651,538.5,112.5
10.8189331329827,796,509,-287,-652.5,541.5,111
10.8210797466996,800,509,-291,-654.5,545.5,109
10.8232263604164,807,509,-298,-658,552.5,105.5
10.8253729741333,810,509,-301,-659.5,555.5,104
10.8275195878502,811,509,-302,-660,556.5,103.5
10.829666201567,812,509,-303,-660.5,557.5,103
10.8318128152839,811,509,-302,-660,556.5,103.5
10.8339594290008,809,509,-300,-659,554.5,104.5
10.8361060427176,806,508,-298,-657,552,105
10.8382526564345,806,509,-297,-657.5,551.5,106
10.8403992701513,806,509,-297,-657.5,551.5,106
10.8425458838682,806,509,-297,-657.5,551.5,106
10.8446924975851,805,509,-296,-657,550.5,106.5
10.8468391113019,808,509,-299,-658.5,553.5,105
10.8489857250188,809,509,-300,-659,554.5,104.5
10.8511323387356,809,509,-300,-659,554.5,104.5
10.8532789524525,808,509,-299,-658.5,553.5,105
10.8554255661694,808,509,-299,-658.5,553.5,105
10.8575721798862,806,509,-297,-657.5,551.5,106
10.8597187936031,806,509,-297,-657.5,551.5,106
10.86186540732,806,508,-298,-657,552,105
10.8640120210368,806,508,-298,-657,552,105
10.8661586347537,805,509,-296,-657,550.5,106.5
10.8683052484705,807,509,-298,-658,552.5,105.5
10.8704518621874,805,509,-296,-657,550.5,106.5
10.8725984759043,807,509,-298,-658,552.5,105.5
10.8747450896211,807,509,-298,-658,552.5,105.5
10.876891703338,807,509,-298,-658,552.5,105.5
10.8790383170548,809,509,-300,-659,554.5,104.5
10.8811849307717,810,509,-301,-659.5,555.5,104
10.8833315444886,811,509,-302,-660,556.5,103.5
10.8854781582054,811,509,-302,-660,556.5,103.5
10.8876247719223,809,509,-300,-659,554.5,104.5
10.8897713856392,808,509,-299,-658.5,553.5,105
10.891917999356,811,509,-302,-660,556.5,103.5
10.8940646130729,812,509,-303,-660.5,557.5,103
10.8962112267897,813,509,-304,-661,558.5,102.5
10.8983578405066,813,509,-304,-661,558.5,102.5
10.9005044542235,813,509,-304,-661,558.5,102.5
10.9026510679403,812,509,-303,-660.5,557.5,103
10.9047976816572,813,509,-304,-661,558.5,102.5
10.906944295374,812,509,-303,-660.5,557.5,103
10.9090909090909,810,509,-301,-659.5,555.5,104
10.9112375228078,810,509,-301,-659.5,555.5,104
10.9133841365246,811,509,-302,-660,556.5,103.5
10.9155307502415,810,509,-301,-659.5,555.5,104
10.9176773639584,812,509,-303,-660.5,557.5,103
10.9198239776752,815,509,-306,-662,560.5,101.5
10.9219705913921,815,509,-306,-662,560.5,101.5
10.9241172051089,815,509,-306,-662,560.5,101.5
10.9262638188258,816,509,-307,-662.5,561.5,101
10.9284104325427,814,509,-305,-661.5,559.5,102
10.9305570462595,816,509,-307,-662.5,561.5,101
10.9327036599764,816,509,-307,-662.5,561.5,101
10.9348502736932,817,509,-308,-663,562.5,100.5
10.9369968874101,818,509,-309,-663.5,563.5,100
10.939143501127,816,509,-307,-662.5,561.5,101
10.9412901148438,815,509,-306,-662,560.5,101.5
10.9434367285607,813,508,-305,-660.5,559,101.5
10.9455833422776,814,509,-305,-661.5,559.5,102
10.9477299559944,813,509,-304,-661,558.5,102.5
10.9498765697113,815,509,-306,-662,560.5,101.5
10.9520231834281,817,509,-308,-663,562.5,100.5
10.954169797145,818,509,-309,-663.5,563.5,100
10.9563164108619,820,509,-311,-664.5,565.5,99
10.9584630245787,822,509,-313,-665.5,567.5,98
10.9606096382956,821,509,-312,-665,566.5,98.5
10.9627562520125,821,509,-312,-665,566.5,98.5
10.9649028657293,821,509,-312,-665,566.5,98.5
10.9670494794462,820,509,-311,-664.5,565.5,99
10.969196093163,822,509,-313,-665.5,567.5,98
10.9713427068799,822,509,-313,-665.5,567.5,98
10.9734893205968,822,509,-313,-665.5,567.5,98
10.9756359343136,821,509,-312,-665,566.5,98.5
10.9777825480305,821,509,-312,-665,566.5,98.5
10.9799291617473,820,509,-311,-664.5,565.5,99
10.9820757754642,820,509,-311,-664.5,565.5,99
10.9842223891811,821,509,-312,-665,566.5,98.5
10.9863690028979,822,509,-313,-665.5,567.5,98
10.9885156166148,824,509,-315,-666.5,569.5,97
10.9906622303317,825,509,-316,-667,570.5,96.5
10.9928088440485,827,509,-318,-668,572.5,95.5
10.9949554577654,826,509,-317,-667.5,571.5,96
10.9971020714822,828,509,-319,-668.5,573.5,95
10.9992486851991,828,509,-319,-668.5,573.5,95
11.001395298916,829,509,-320,-669,574.5,94.5
11.0035419126328,826,509,-317,-667.5,571.5,96
11.0056885263497,828,509,-319,-668.5,573.5,95
11.0078351400665,827,509,-318,-668,572.5,95.5
11.0099817537834,828,509,-319,-668.5,573.5,95
11.0121283675003,828,509,-319,-668.5,573.5,95
11.0142749812171,828,509,-319,-668.5,573.5,95
11.016421594934,827,509,-318,-668,572.5,95.5
11.0185682086509,827,509,-318,-668,572.5,95.5
11.0207148223677,826,509,-317,-667.5,571.5,96
11.0228614360846,825,509,-316,-667,570.5,96.5
11.0250080498014,825,509,-316,-667,570.5,96.5
11.0271546635183,824,509,-315,-666.5,569.5,97
11.0293012772352,824,509,-315,-666.5,569.5,97
11.031447890952,826,509,-317,-667.5,571.5,96
11.0335945046689,827,509,-318,-668,572.5,95.5
11.0357411183857,827,509,-318,-668,572.5,95.5
11.0378877321026,828,509,-319,-668.5,573.5,95
11.0400343458195,827,509,-318,-668,572.5,95.5
11.0421809595363,825,509,-316,-667,570.5,96.5
11.0443275732532,824,509,-315,-666.5,569.5,97
11.0464741869701,824,509,-315,-666.5,569.5,97
11.0486208006869,821,509,-312,-665,566.5,98.5
11.0507674144038,819,509,-310,-664,564.5,99.5
11.0529140281206,816,509,-307,-662.5,561.5,101
11.0550606418375,816,509,-307,-662.5,561.5,101
11.0572072555544,815,509,-306,-662,560.5,101.5
11.0593538692712,815,509,-306,-662,560.5,101.5
11.0615004829881,814,509,-305,-661.5,559.5,102
11.0636470967049,811,508,-303,-659.5,557,102.5
11.0657937104218,809,509,-300,-659,554.5,104.5
11.0679403241387,809,509,-300,-659,554.5,104.5
11.0700869378555,809,508,-301,-658.5,555,103.5
11.0722335515724,809,509,-300,-659,554.5,104.5
11.0743801652893,807,509,-298,-658,552.5,105.5
11.0765267790061,807,509,-298,-658,552.5,105.5
11.078673392723,807,509,-298,-658,552.5,105.5
11.0808200064398,807,509,-298,-658,552.5,105.5
11.0829666201567,806,509,-297,-657.5,551.5,106
11.0851132338736,804,509,-295,-656.5,549.5,107
11.0872598475904,804,509,-295,-656.5,549.5,107
11.0894064613073,804,509,-295,-656.5,549.5,107
11.0915530750241,802,509,-293,-655.5,547.5,108
11.093699688741,804,509,-295,-656.5,549.5,107
11.0958463024579,801,509,-292,-655,546.5,108.5
11.0979929161747,802,508,-294,-655,548,107
11.1001395298916,801,509,-292,-655,546.5,108.5
11.1022861436085,803,509,-294,-656,548.5,107.5
11.1044327573253,804,509,-295,-656.5,549.5,107
11.1065793710422,803,509,-294,-656,548.5,107.5
11.108725984759,803,509,-294,-656,548.5,107.5
11.1108725984759,803,509,-294,-656,548.5,107.5
11.1130192121928,803,509,-294,-656,548.5,107.5
11.1151658259096,802,509,-293,-655.5,547.5,108
11.1173124396265,803,509,-294,-656,548.5,107.5
11.1194590533434,802,509,-293,-655.5,547.5,108
11.1216056670602,803,509,-294,-656,548.5,107.5
11.1237522807771,803,509,-294,-656,548.5,107.5
11.1258988944939,803,509,-294,-656,548.5,107.5
11.1280455082108,802,509,-293,-655.5,547.5,108
11.1301921219277,805,508,-297,-656.5,551,105.5
11.1323387356445,805,509,-296,-657,550.5,106.5
11.1344853493614,808,509,-299,-658.5,553.5,105
11.1366319630782,805,509,-296,-657,550.5,106.5
11.1387785767951,805,509,-296,-657,550.5,106.5
11.140925190512,804,509,-295,-656.5,549.5,107
11.1430718042288,804,509,-295,-656.5,549.5,107
11.1452184179457,803,509,-294,-656,548.5,107.5
11.1473650316626,804,509,-295,-656.5,549.5,107
11.1495116453794,803,509,-294,-656,548.5,107.5
11.1516582590963,805,509,-296,-657,550.5,106.5
11.1538048728131,806,509,-297,-657.5,551.5,106
11.15595148653,805,509,-296,-657,550.5,106.5
11.1580981002469,804,509,-295,-656.5,549.5,107
11.1602447139637,805,509,-296,-657,550.5,106.5
11.1623913276806,804,509,-295,-656.5,549.5,107
11.1645379413974,805,509,-296,-657,550.5,106.5
11.1666845551143,806,509,-297,-657.5,551.5,106
11.1688311688312,806,508,-298,-657,552,105
11.170977782548,808,508,-300,-658,554,104
11.1731243962649,808,509,-299,-658.5,553.5,105
11.1752710099818,808,509,-299,-658.5,553.5,105
11.1774176236986,808,508,-300,-658,554,104
11.1795642374155,809,509,-300,-659,554.5,104.5
11.1817108511323,808,508,-300,-658,554,104
11.1838574648492,809,509,-300,-659,554.5,104.5
11.1860040785661,808,508,-300,-658,554,104
11.1881506922829,808,509,-299,-658.5,553.5,105
11.1902973059998,807,509,-298,-658,552.5,105.5
11.1924439197166,806,509,-297,-657.5,551.5,106
11.1945905334335,807,509,-298,-658,552.5,105.5
11.1967371471504,806,508,-298,-657,552,105
11.1988837608672,808,509,-299,-658.5,553.5,105
11.2010303745841,809,509,-300,-659,554.5,104.5
11.203176988301,809,509,-300,-659,554.5,104.5
11.2053236020178,811,509,-302,-660,556.5,103.5
11.2074702157347,811,509,-302,-660,556.5,103.5
11.2096168294515,811,509,-302,-660,556.5,103.5
11.2117634431684,812,509,-303,-660.5,557.5,103
11.2139100568853,811,509,-302,-660,556.5,103.5
11.2160566706021,812,509,-303,-660.5,557.5,103
11.218203284319,810,509,-301,-659.5,555.5,104
11.2203498980358,810,509,-301,-659.5,555.5,104
11.2224965117527,809,509,-300,-659,554.5,104.5
11.2246431254696,810,508,-302,-659,556,103
11.2267897391864,808,509,-299,-658.5,553.5,105
11.2289363529033,808,509,-299,-658.5,553.5,105
11.2310829666202,810,509,-301,-659.5,555.5,104
11.233229580337,811,509,-302,-660,556.5,103.5
11.2353761940539,811,509,-302,-660,556.5,103.5
11.2375228077707,814,509,-305,-661.5,559.5,102
11.2396694214876,813,509,-304,-661,558.5,102.5
11.2418160352045,813,509,-304,-661,558.5,102.5
11.2439626489213,812,509,-303,-660.5,557.5,103
11.2461092626382,812,509,-303,-660.5,557.5,103
11.248255876355,813,509,-304,-661,558.5,102.5
11.2504024900719,813,509,-304,-661,558.5,102.5
11.2525491037888,812,509,-303,-660.5,557.5,103
11.2546957175056,810,509,-301,-659.5,555.5,104
11.2568423312225,809,509,-300,-659,554.5,104.5
11.2589889449394,809,509,-300,-659,554.5,104.5
11.2611355586562,808,509,-299,-658.5,553.5,105
11.2632821723731,809,509,-300,-659,554.5,104.5
11.2654287860899,809,509,-300,-659,554.5,104.5
11.2675753998068,810,509,-301,-659.5,555.5,104
11.2697220135237,811,509,-302,-660,556.5,103.5
11.2718686272405,814,509,-305,-661.5,559.5,102
11.2740152409574,817,509,-308,-663,562.5,100.5
11.2761618546743,817,509,-308,-663,562.5,100.5
11.2783084683911,817,509,-308,-663,562.5,100.5
11.280455082108,816,509,-307,-662.5,561.5,101
11.2826016958248,813,509,-304,-661,558.5,102.5
11.2847483095417,813,509,-304,-661,558.5,102.5
11.2868949232586,814,508,-306,-661,560,101
11.2890415369754,815,509,-306,-662,560.5,101.5
11.2911881506923,816,509,-307,-662.5,561.5,101
11.2933347644091,816,509,-307,-662.5,561.5,101
11.295481378126,818,509,-309,-663.5,563.5,100
11.2976279918429,816,509,-307,-662.5,561.5,101
11.2997746055597,816,509,-307,-662.5,561.5,101
11.3019212192766,816,509,-307,-662.5,561.5,101
11.3040678329935,816,509,-307,-662.5,561.5,101
11.3062144467103,816,509,-307,-662.5,561.5,101
11.3083610604272,816,509,-307,-662.5,561.5,101
11.310507674144,818,509,-309,-663.5,563.5,100
11.3126542878609,821,509,-312,-665,566.5,98.5
11.3148009015778,823,509,-314,-666,568.5,97.5
11.3169475152946,821,509,-312,-665,566.5,98.5
11.3190941290115,819,509,-310,-664,564.5,99.5
11.3212407427283,820,509,-311,-664.5,565.5,99
11.3233873564452,821,509,-312,-665,566.5,98.5
11.3255339701621,819,509,-310,-664,564.5,99.5
11.3276805838789,820,509,-311,-664.5,565.5,99
11.3298271975958,819,509,-310,-664,564.5,99.5
11.3319738113127,820,509,-311,-664.5,565.5,99
11.3341204250295,819,509,-310,-664,564.5,99.5
11.3362670387464,819,509,-310,-664,564.5,99.5
11.3384136524632,818,509,-309,-663.5,563.5,100
11.3405602661801,819,509,-310,-664,564.5,99.5
11.342706879897,818,509,-309,-663.5,563.5,100
11.3448534936138,818,508,-310,-663,564,99
11.3470001073307,817,509,-308,-663,562.5,100.5
11.3491467210475,815,509,-306,-662,560.5,101.5
11.3512933347644,814,509,-305,-661.5,559.5,102
11.3534399484813,812,509,-303,-660.5,557.5,103
11.3555865621981,811,509,-302,-660,556.5,103.5
11.357733175915,811,509,-302,-660,556.5,103.5
11.3598797896319,812,508,-304,-660,558,102
11.3620264033487,812,509,-303,-660.5,557.5,103
11.3641730170656,813,509,-304,-661,558.5,102.5
11.3663196307824,812,509,-303,-660.5,557.5,103
11.3684662444993,812,509,-303,-660.5,557.5,103
11.3706128582162,811,509,-302,-660,556.5,103.5
11.372759471933,810,509,-301,-659.5,555.5,104
11.3749060856499,809,509,-300,-659,554.5,104.5
11.3770526993667,809,509,-300,-659,554.5,104.5
11.3791993130836,810,509,-301,-659.5,555.5,104
11.3813459268005,810,509,-301,-659.5,555.5,104
11.3834925405173,809,509,-300,-659,554.5,104.5
11.3856391542342,809,509,-300,-659,554.5,104.5
11.3877857679511,809,509,-300,-659,554.5,104.5
11.3899323816679,810,509,-301,-659.5,555.5,104
11.3920789953848,809,509,-300,-659,554.5,104.5
11.3942256091016,809,509,-300,-659,554.5,104.5
11.3963722228185,811,509,-302,-660,556.5,103.5
11.3985188365354,812,509,-303,-660.5,557.5,103
11.4006654502522,811,509,-302,-660,556.5,103.5
11.4028120639691,810,509,-301,-659.5,555.5,104
11.404958677686,809,509,-300,-659,554.5,104.5
11.4071052914028,810,509,-301,-659.5,555.5,104
11.4092519051197,808,509,-299,-658.5,553.5,105
11.4113985188365,808,509,-299,-658.5,553.5,105
11.4135451325534,807,509,-298,-658,552.5,105.5
11.4156917462703,809,509,-300,-659,554.5,104.5
11.4178383599871,810,509,-301,-659.5,555.5,104
11.419984973704,811,509,-302,-660,556.5,103.5
11.4221315874208,811,509,-302,-660,556.5,103.5
11.4242782011377,813,509,-304,-661,558.5,102.5
11.4264248148546,810,509,-301,-659.5,555.5,104
11.4285714285714,809,509,-300,-659,554.5,104.5
11.4307180422883,809,509,-300,-659,554.5,104.5
11.4328646560052,808,509,-299,-658.5,553.5,105
11.435011269722,809,509,-300,-659,554.5,104.5
11.4371578834389,808,508,-300,-658,554,104
11.4393044971557,810,509,-301,-659.5,555.5,104
11.4414511108726,810,509,-301,-659.5,555.5,104
11.4435977245895,815,509,-306,-662,560.5,101.5
11.4457443383063,823,509,-314,-666,568.5,97.5
11.4478909520232,832,509,-323,-670.5,577.5,93
11.45003756574,842,508,-334,-675,588,87
11.4521841794569,849,509,-340,-679,594.5,84.5
11.4543307931738,851,509,-342,-680,596.5,83.5
11.4564774068906,857,509,-348,-683,602.5,80.5
11.4586240206075,861,509,-352,-685,606.5,78.5
11.4607706343244,862,509,-353,-685.5,607.5,78
11.4629172480412,867,509,-358,-688,612.5,75.5
11.4650638617581,865,509,-356,-687,610.5,76.5
11.4672104754749,863,509,-354,-686,608.5,77.5
11.4693570891918,860,509,-351,-684.5,605.5,79
11.4715037029087,853,509,-344,-681,598.5,82.5
11.4736503166255,850,509,-341,-679.5,595.5,84
11.4757969303424,841,509,-332,-675,586.5,88.5
11.4779435440592,828,509,-319,-668.5,573.5,95
11.4800901577761,817,509,-308,-663,562.5,100.5
11.482236771493,810,509,-301,-659.5,555.5,104
11.4843833852098,802,509,-293,-655.5,547.5,108
11.4865299989267,800,509,-291,-654.5,545.5,109
11.4886766126436,800,509,-291,-654.5,545.5,109
11.4908232263604,804,509,-295,-656.5,549.5,107
11.4929698400773,808,509,-299,-658.5,553.5,105
11.4951164537941,809,509,-300,-659,554.5,104.5
11.497263067511,813,509,-304,-661,558.5,102.5
11.4994096812279,814,509,-305,-661.5,559.5,102
11.5015562949447,816,509,-307,-662.5,561.5,101
11.5037029086616,814,509,-305,-661.5,559.5,102
11.5058495223784,814,509,-305,-661.5,559.5,102
11.5079961360953,814,509,-305,-661.5,559.5,102
11.5101427498122,813,509,-304,-661,558.5,102.5
11.512289363529,813,509,-304,-661,558.5,102.5
11.5144359772459,812,509,-303,-660.5,557.5,103
11.5165825909628,811,509,-302,-660,556.5,103.5
11.5187292046796,810,509,-301,-659.5,555.5,104
11.5208758183965,811,509,-302,-660,556.5,103.5
11.5230224321133,811,509,-302,-660,556.5,103.5
11.5251690458302,813,509,-304,-661,558.5,102.5
11.5273156595471,813,509,-304,-661,558.5,102.5
11.5294622732639,816,509,-307,-662.5,561.5,101
11.5316088869808,817,509,-308,-663,562.5,100.5
11.5337555006976,820,508,-312,-664,566,98
11.5359021144145,819,509,-310,-664,564.5,99.5
11.5380487281314,817,509,-308,-663,562.5,100.5
11.5401953418482,815,509,-306,-662,560.5,101.5
11.5423419555651,813,509,-304,-661,558.5,102.5
11.544488569282,815,509,-306,-662,560.5,101.5
11.5466351829988,815,509,-306,-662,560.5,101.5
11.5487817967157,817,508,-309,-662.5,563,99.5
11.5509284104325,816,509,-307,-662.5,561.5,101
11.5530750241494,818,509,-309,-663.5,563.5,100
11.5552216378663,817,509,-308,-663,562.5,100.5
11.5573682515831,818,509,-309,-663.5,563.5,100
11.5595148653,818,509,-309,-663.5,563.5,100
11.5616614790169,820,509,-311,-664.5,565.5,99
11.5638080927337,820,509,-311,-664.5,565.5,99
11.5659547064506,818,509,-309,-663.5,563.5,100
11.5681013201674,818,509,-309,-663.5,563.5,100
11.5702479338843,819,509,-310,-664,564.5,99.5
11.5723945476012,817,509,-308,-663,562.5,100.5
11.574541161318,817,509,-308,-663,562.5,100.5
11.5766877750349,818,509,-309,-663.5,563.5,100
11.5788343887517,819,509,-310,-664,564.5,99.5
11.5809810024686,818,509,-309,-663.5,563.5,100
11.5831276161855,821,509,-312,-665,566.5,98.5
11.5852742299023,823,509,-314,-666,568.5,97.5
11.5874208436192,823,509,-314,-666,568.5,97.5
11.5895674573361,822,508,-314,-665,568,97
11.5917140710529,824,509,-315,-666.5,569.5,97
11.5938606847698,825,509,-316,-667,570.5,96.5
11.5960072984866,826,508,-318,-667,572,95
11.5981539122035,826,509,-317,-667.5,571.5,96
11.6003005259204,826,509,-317,-667.5,571.5,96
11.6024471396372,825,509,-316,-667,570.5,96.5
11.6045937533541,826,509,-317,-667.5,571.5,96
11.6067403670709,826,509,-317,-667.5,571.5,96
11.6088869807878,827,509,-318,-668,572.5,95.5
11.6110335945047,825,509,-316,-667,570.5,96.5
11.6131802082215,827,509,-318,-668,572.5,95.5
11.6153268219384,828,509,-319,-668.5,573.5,95
11.6174734356553,829,509,-320,-669,574.5,94.5
11.6196200493721,829,509,-320,-669,574.5,94.5
11.621766663089,829,509,-320,-669,574.5,94.5
11.6239132768058,829,509,-320,-669,574.5,94.5
11.6260598905227,830,509,-321,-669.5,575.5,94
11.6282065042396,831,509,-322,-670,576.5,93.5
11.6303531179564,832,509,-323,-670.5,577.5,93
11.6324997316733,833,509,-324,-671,578.5,92.5
11.6346463453901,833,509,-324,-671,578.5,92.5
11.636792959107,833,509,-324,-671,578.5,92.5
11.6389395728239,833,509,-324,-671,578.5,92.5
11.6410861865407,835,509,-326,-672,580.5,91.5
11.6432328002576,835,509,-326,-672,580.5,91.5
11.6453794139745,834,509,-325,-671.5,579.5,92
11.6475260276913,835,509,-326,-672,580.5,91.5
11.6496726414082,836,509,-327,-672.5,581.5,91
11.651819255125,836,509,-327,-672.5,581.5,91
11.6539658688419,835,509,-326,-672,580.5,91.5
11.6561124825588,834,509,-325,-671.5,579.5,92
11.6582590962756,835,509,-326,-672,580.5,91.5
11.6604057099925,835,509,-326,-672,580.5,91.5
11.6625523237093,835,509,-326,-672,580.5,91.5
11.6646989374262,835,509,-326,-672,580.5,91.5
11.6668455511431,836,509,-327,-672.5,581.5,91
11.6689921648599,837,508,-329,-672.5,583,89.5
11.6711387785768,839,509,-330,-674,584.5,89.5
11.6732853922937,838,509,-329,-673.5,583.5,90
11.6754320060105,839,509,-330,-674,584.5,89.5
11.6775786197274,839,509,-330,-674,584.5,89.5
11.6797252334442,842,509,-333,-675.5,587.5,88
11.6818718471611,840,509,-331,-674.5,585.5,89
11.684018460878,839,509,-330,-674,584.5,89.5
11.6861650745948,840,509,-331,-674.5,585.5,89
11.6883116883117,839,509,-330,-674,584.5,89.5
11.6904583020285,840,509,-331,-674.5,585.5,89
11.6926049157454,839,509,-330,-674,584.5,89.5
11.6947515294623,839,509,-330,-674,584.5,89.5
11.6968981431791,840,509,-331,-674.5,585.5,89
11.699044756896,839,509,-330,-674,584.5,89.5
11.7011913706129,838,508,-330,-673,584,89
11.7033379843297,838,509,-329,-673.5,583.5,90
11.7054845980466,837,509,-328,-673,582.5,90.5
11.7076312117634,837,509,-328,-673,582.5,90.5
11.7097778254803,837,509,-328,-673,582.5,90.5
11.7119244391972,839,509,-330,-674,584.5,89.5
11.714071052914,840,509,-331,-674.5,585.5,89
11.7162176666309,840,509,-331,-674.5,585.5,89
11.7183642803478,838,509,-329,-673.5,583.5,90
11.7205108940646,836,509,-327,-672.5,581.5,91
11.7226575077815,833,509,-324,-671,578.5,92.5
11.7248041214983,832,509,-323,-670.5,577.5,93
11.7269507352152,830,509,-321,-669.5,575.5,94
11.7290973489321,829,508,-321,-668.5,575,93.5
11.7312439626489,827,509,-318,-668,572.5,95.5
11.7333905763658,826,509,-317,-667.5,571.5,96
11.7355371900826,826,509,-317,-667.5,571.5,96
11.7376838037995,826,509,-317,-667.5,571.5,96
11.7398304175164,825,509,-316,-667,570.5,96.5
11.7419770312332,825,509,-316,-667,570.5,96.5
11.7441236449501,824,509,-315,-666.5,569.5,97
11.746270258667,822,509,-313,-665.5,567.5,98
11.7484168723838,823,509,-314,-666,568.5,97.5
11.7505634861007,823,509,-314,-666,568.5,97.5
11.7527100998175,821,508,-313,-664.5,567,97.5
11.7548567135344,820,509,-311,-664.5,565.5,99
11.7570033272513,820,509,-311,-664.5,565.5,99
11.7591499409681,819,509,-310,-664,564.5,99.5
11.761296554685,818,509,-309,-663.5,563.5,100
11.7634431684018,818,509,-309,-663.5,563.5,100
11.7655897821187,817,509,-308,-663,562.5,100.5
11.7677363958356,817,509,-308,-663,562.5,100.5
11.7698830095524,818,509,-309,-663.5,563.5,100
11.7720296232693,820,509,-311,-664.5,565.5,99
11.7741762369862,819,509,-310,-664,564.5,99.5
11.776322850703,820,509,-311,-664.5,565.5,99
11.7784694644199,819,509,-310,-664,564.5,99.5
11.7806160781367,819,509,-310,-664,564.5,99.5
11.7827626918536,818,509,-309,-663.5,563.5,100
11.7849093055705,818,509,-309,-663.5,563.5,100
11.7870559192873,819,509,-310,-664,564.5,99.5
11.7892025330042,819,509,-310,-664,564.5,99.5
11.791349146721,819,509,-310,-664,564.5,99.5
11.7934957604379,820,509,-311,-664.5,565.5,99
11.7956423741548,821,509,-312,-665,566.5,98.5
11.7977889878716,821,509,-312,-665,566.5,98.5
11.7999356015885,822,509,-313,-665.5,567.5,98
11.8020822153054,823,509,-314,-666,568.5,97.5
11.8042288290222,823,509,-314,-666,568.5,97.5
11.8063754427391,823,509,-314,-666,568.5,97.5
11.8085220564559,824,509,-315,-666.5,569.5,97
11.8106686701728,824,509,-315,-666.5,569.5,97
11.8128152838897,823,508,-315,-665.5,569,96.5
11.8149618976065,824,509,-315,-666.5,569.5,97
11.8171085113234,823,509,-314,-666,568.5,97.5
11.8192551250402,822,509,-313,-665.5,567.5,98
11.8214017387571,823,509,-314,-666,568.5,97.5
11.823548352474,824,508,-316,-666,570,96
11.8256949661908,822,509,-313,-665.5,567.5,98
11.8278415799077,824,509,-315,-666.5,569.5,97
11.8299881936246,824,509,-315,-666.5,569.5,97
11.8321348073414,823,509,-314,-666,568.5,97.5
11.8342814210583,823,508,-315,-665.5,569,96.5
11.8364280347751,823,509,-314,-666,568.5,97.5
11.838574648492,823,509,-314,-666,568.5,97.5
11.8407212622089,824,509,-315,-666.5,569.5,97
11.8428678759257,825,509,-316,-667,570.5,96.5
11.8450144896426,823,509,-314,-666,568.5,97.5
11.8471611033595,824,508,-316,-666,570,96
11.8493077170763,824,509,-315,-666.5,569.5,97
11.8514543307932,824,509,-315,-666.5,569.5,97
11.85360094451,825,508,-317,-666.5,571,95.5
11.8557475582269,826,509,-317,-667.5,571.5,96
11.8578941719438,825,509,-316,-667,570.5,96.5
11.8600407856606,824,509,-315,-666.5,569.5,97
11.8621873993775,823,508,-315,-665.5,569,96.5
11.8643340130943,823,509,-314,-666,568.5,97.5
11.8664806268112,823,509,-314,-666,568.5,97.5
11.8686272405281,825,509,-316,-667,570.5,96.5
11.8707738542449,824,509,-315,-666.5,569.5,97
11.8729204679618,826,509,-317,-667.5,571.5,96
11.8750670816787,826,509,-317,-667.5,571.5,96
11.8772136953955,826,509,-317,-667.5,571.5,96
11.8793603091124,825,509,-316,-667,570.5,96.5
11.8815069228292,827,509,-318,-668,572.5,95.5
11.8836535365461,827,509,-318,-668,572.5,95.5
11.885800150263,828,509,-319,-668.5,573.5,95
11.8879467639798,828,509,-319,-668.5,573.5,95
11.8900933776967,828,508,-320,-668,574,94
11.8922399914135,827,509,-318,-668,572.5,95.5
11.8943866051304,827,509,-318,-668,572.5,95.5
11.8965332188473,826,509,-317,-667.5,571.5,96
11.8986798325641,826,508,-318,-667,572,95
11.900826446281,826,509,-317,-667.5,571.5,96
11.9029730599979,827,509,-318,-668,572.5,95.5
11.9051196737147,826,509,-317,-667.5,571.5,96
11.9072662874316,827,509,-318,-668,572.5,95.5
11.9094129011484,826,509,-317,-667.5,571.5,96
11.9115595148653,827,508,-319,-667.5,573,94.5
11.9137061285822,826,509,-317,-667.5,571.5,96
11.915852742299,825,509,-316,-667,570.5,96.5
11.9179993560159,826,509,-317,-667.5,571.5,96
11.9201459697327,827,509,-318,-668,572.5,95.5
11.9222925834496,827,509,-318,-668,572.5,95.5
11.9244391971665,827,509,-318,-668,572.5,95.5
11.9265858108833,826,509,-317,-667.5,571.5,96
11.9287324246002,828,509,-319,-668.5,573.5,95
11.9308790383171,827,508,-319,-667.5,573,94.5
11.9330256520339,829,509,-320,-669,574.5,94.5
11.9351722657508,829,509,-320,-669,574.5,94.5
11.9373188794676,829,509,-320,-669,574.5,94.5
11.9394654931845,830,509,-321,-669.5,575.5,94
11.9416121069014,831,509,-322,-670,576.5,93.5
11.9437587206182,830,509,-321,-669.5,575.5,94
11.9459053343351,828,509,-319,-668.5,573.5,95
11.9480519480519,827,509,-318,-668,572.5,95.5
11.9501985617688,828,509,-319,-668.5,573.5,95
11.9523451754857,828,509,-319,-668.5,573.5,95
11.9544917892025,829,509,-320,-669,574.5,94.5
11.9566384029194,829,509,-320,-669,574.5,94.5
11.9587850166363,830,508,-322,-669,576,93
11.9609316303531,831,509,-322,-670,576.5,93.5
11.96307824407,831,509,-322,-670,576.5,93.5
11.9652248577868,832,509,-323,-670.5,577.5,93
11.9673714715037,832,509,-323,-670.5,577.5,93
11.9695180852206,832,509,-323,-670.5,577.5,93
11.9716646989374,833,509,-324,-671,578.5,92.5
11.9738113126543,834,509,-325,-671.5,579.5,92
11.9759579263711,834,509,-325,-671.5,579.5,92
11.978104540088,834,509,-325,-671.5,579.5,92
11.9802511538049,835,509,-326,-672,580.5,91.5
11.9823977675217,834,509,-325,-671.5,579.5,92
11.9845443812386,833,509,-324,-671,578.5,92.5
11.9866909949555,835,509,-326,-672,580.5,91.5
11.9888376086723,836,509,-327,-672.5,581.5,91
11.9909842223892,835,509,-326,-672,580.5,91.5
11.993130836106,834,509,-325,-671.5,579.5,92
11.9952774498229,833,509,-324,-671,578.5,92.5
11.9974240635398,831,509,-322,-670,576.5,93.5
11.9995706772566,831,509,-322,-670,576.5,93.5
12.0017172909735,830,509,-321,-669.5,575.5,94
12.0038639046904,832,509,-323,-670.5,577.5,93
12.0060105184072,830,509,-321,-669.5,575.5,94
12.0081571321241,829,509,-320,-669,574.5,94.5
12.0103037458409,827,509,-318,-668,572.5,95.5
12.0124503595578,827,509,-318,-668,572.5,95.5
12.0145969732747,825,509,-316,-667,570.5,96.5
12.0167435869915,823,509,-314,-666,568.5,97.5
12.0188902007084,824,508,-316,-666,570,96
12.0210368144252,822,509,-313,-665.5,567.5,98
12.0231834281421,823,509,-314,-666,568.5,97.5
12.025330041859,821,509,-312,-665,566.5,98.5
12.0274766555758,822,509,-313,-665.5,567.5,98
12.0296232692927,822,509,-313,-665.5,567.5,98
12.0317698830096,821,509,-312,-665,566.5,98.5
12.0339164967264,820,508,-312,-664,566,98
12.0360631104433,820,509,-311,-664.5,565.5,99
12.0382097241601,820,508,-312,-664,566,98
12.040356337877,821,509,-312,-665,566.5,98.5
12.0425029515939,819,509,-310,-664,564.5,99.5
12.0446495653107,820,508,-312,-664,566,98
12.0467961790276,821,508,-313,-664.5,567,97.5
12.0489427927444,821,509,-312,-665,566.5,98.5
12.0510894064613,820,509,-311,-664.5,565.5,99
12.0532360201782,819,509,-310,-664,564.5,99.5
12.055382633895,818,509,-309,-663.5,563.5,100
12.0575292476119,818,509,-309,-663.5,563.5,100
12.0596758613288,820,509,-311,-664.5,565.5,99
12.0618224750456,823,509,-314,-666,568.5,97.5
12.0639690887625,821,509,-312,-665,566.5,98.5
12.0661157024793,823,509,-314,-666,568.5,97.5
12.0682623161962,821,509,-312,-665,566.5,98.5
12.0704089299131,819,508,-311,-663.5,565,98.5
12.0725555436299,818,509,-309,-663.5,563.5,100
12.0747021573468,819,509,-310,-664,564.5,99.5
12.0768487710636,821,509,-312,-665,566.5,98.5
12.0789953847805,819,509,-310,-664,564.5,99.5
12.0811419984974,820,509,-311,-664.5,565.5,99
12.0832886122142,819,509,-310,-664,564.5,99.5
12.0854352259311,819,509,-310,-664,564.5,99.5
12.087581839648,817,509,-308,-663,562.5,100.5
12.0897284533648,818,509,-309,-663.5,563.5,100
12.0918750670817,818,509,-309,-663.5,563.5,100
12.0940216807985,819,509,-310,-664,564.5,99.5
12.0961682945154,818,509,-309,-663.5,563.5,100
12.0983149082323,819,509,-310,-664,564.5,99.5
12.1004615219491,822,509,-313,-665.5,567.5,98
12.102608135666,828,509,-319,-668.5,573.5,95
12.1047547493828,836,509,-327,-672.5,581.5,91
12.1069013630997,843,509,-334,-676,588.5,87.5
12.1090479768166,850,509,-341,-679.5,595.5,84
12.1111945905334,855,509,-346,-682,600.5,81.5
12.1133412042503,858,509,-349,-683.5,603.5,80
12.1154878179672,862,509,-353,-685.5,607.5,78
12.117634431684,861,509,-352,-685,606.5,78.5
12.1197810454009,871,509,-362,-690,616.5,73.5
12.1219276591177,875,509,-366,-692,620.5,71.5
12.1240742728346,871,509,-362,-690,616.5,73.5
12.1262208865515,864,509,-355,-686.5,609.5,77
12.1283675002683,861,509,-352,-685,606.5,78.5
12.1305141139852,855,509,-346,-682,600.5,81.5
12.132660727702,850,509,-341,-679.5,595.5,84
12.1348073414189,844,509,-335,-676.5,589.5,87
12.1369539551358,833,509,-324,-671,578.5,92.5
12.1391005688526,822,509,-313,-665.5,567.5,98
12.1412471825695,815,508,-307,-661.5,561,100.5
12.1433937962864,812,509,-303,-660.5,557.5,103
12.1455404100032,809,509,-300,-659,554.5,104.5
12.1476870237201,811,508,-303,-659.5,557,102.5
12.1498336374369,814,508,-306,-661,560,101
12.1519802511538,816,509,-307,-662.5,561.5,101
12.1541268648707,820,509,-311,-664.5,565.5,99
12.1562734785875,821,509,-312,-665,566.5,98.5
12.1584200923044,822,509,-313,-665.5,567.5,98
12.1605667060213,820,509,-311,-664.5,565.5,99
12.1627133197381,819,509,-310,-664,564.5,99.5
12.164859933455,818,509,-309,-663.5,563.5,100
12.1670065471718,816,509,-307,-662.5,561.5,101
12.1691531608887,816,509,-307,-662.5,561.5,101
12.1712997746056,816,509,-307,-662.5,561.5,101
12.1734463883224,815,509,-306,-662,560.5,101.5
12.1755930020393,816,509,-307,-662.5,561.5,101
12.1777396157561,817,509,-308,-663,562.5,100.5
12.179886229473,819,509,-310,-664,564.5,99.5
12.1820328431899,822,509,-313,-665.5,567.5,98
12.1841794569067,821,509,-312,-665,566.5,98.5
12.1863260706236,820,509,-311,-664.5,565.5,99
12.1884726843405,820,509,-311,-664.5,565.5,99
12.1906192980573,820,509,-311,-664.5,565.5,99
12.1927659117742,820,509,-311,-664.5,565.5,99
12.194912525491,817,509,-308,-663,562.5,100.5
12.1970591392079,817,509,-308,-663,562.5,100.5
12.1992057529248,818,509,-309,-663.5,563.5,100
12.2013523666416,819,509,-310,-664,564.5,99.5
12.2034989803585,818,509,-309,-663.5,563.5,100
12.2056455940753,820,509,-311,-664.5,565.5,99
12.2077922077922,821,509,-312,-665,566.5,98.5
12.2099388215091,822,508,-314,-665,568,97
12.2120854352259,822,509,-313,-665.5,567.5,98
12.2142320489428,822,509,-313,-665.5,567.5,98
12.2163786626597,821,508,-313,-664.5,567,97.5
12.2185252763765,822,509,-313,-665.5,567.5,98
12.2206718900934,823,508,-315,-665.5,569,96.5
12.2228185038102,826,509,-317,-667.5,571.5,96
12.2249651175271,827,508,-319,-667.5,573,94.5
12.227111731244,827,509,-318,-668,572.5,95.5
12.2292583449608,825,509,-316,-667,570.5,96.5
12.2314049586777,823,509,-314,-666,568.5,97.5
12.2335515723945,825,509,-316,-667,570.5,96.5
12.2356981861114,825,509,-316,-667,570.5,96.5
12.2378447998283,824,509,-315,-666.5,569.5,97
12.2399914135451,824,509,-315,-666.5,569.5,97
12.242138027262,824,509,-315,-666.5,569.5,97
12.2442846409789,822,509,-313,-665.5,567.5,98
12.2464312546957,824,509,-315,-666.5,569.5,97
12.2485778684126,824,509,-315,-666.5,569.5,97
12.2507244821294,826,509,-317,-667.5,571.5,96
12.2528710958463,826,509,-317,-667.5,571.5,96
12.2550177095632,828,509,-319,-668.5,573.5,95
12.25716432328,829,509,-320,-669,574.5,94.5
12.2593109369969,828,508,-320,-668,574,94
12.2614575507137,829,508,-321,-668.5,575,93.5
12.2636041644306,830,509,-321,-669.5,575.5,94
12.2657507781475,830,509,-321,-669.5,575.5,94
12.2678973918643,829,509,-320,-669,574.5,94.5
12.2700440055812,830,509,-321,-669.5,575.5,94
12.2721906192981,830,509,-321,-669.5,575.5,94
12.2743372330149,830,508,-322,-669,576,93
12.2764838467318,831,508,-323,-669.5,577,92.5
12.2786304604486,832,509,-323,-670.5,577.5,93
12.2807770741655,832,509,-323,-670.5,577.5,93
12.2829236878824,833,509,-324,-671,578.5,92.5
12.2850703015992,831,509,-322,-670,576.5,93.5
12.2872169153161,831,509,-322,-670,576.5,93.5
12.289363529033,831,509,-322,-670,576.5,93.5
12.2915101427498,832,509,-323,-670.5,577.5,93
12.2936567564667,834,509,-325,-671.5,579.5,92
12.2958033701835,836,509,-327,-672.5,581.5,91
12.2979499839004,837,509,-328,-673,582.5,90.5
12.3000965976173,837,509,-328,-673,582.5,90.5
12.3022432113341,837,509,-328,-673,582.5,90.5
12.304389825051,836,509,-327,-672.5,581.5,91
12.3065364387678,836,509,-327,-672.5,581.5,91
12.3086830524847,836,509,-327,-672.5,581.5,91
12.3108296662016,837,509,-328,-673,582.5,90.5
12.3129762799184,838,509,-329,-673.5,583.5,90
12.3151228936353,837,509,-328,-673,582.5,90.5
12.3172695073522,837,509,-328,-673,582.5,90.5
12.319416121069,837,509,-328,-673,582.5,90.5
12.3215627347859,838,509,-329,-673.5,583.5,90
12.3237093485027,836,509,-327,-672.5,581.5,91
12.3258559622196,837,509,-328,-673,582.5,90.5
12.3280025759365,836,509,-327,-672.5,581.5,91
12.3301491896533,837,509,-328,-673,582.5,90.5
12.3322958033702,838,509,-329,-673.5,583.5,90
12.334442417087,839,509,-330,-674,584.5,89.5
12.3365890308039,840,509,-331,-674.5,585.5,89
12.3387356445208,838,509,-329,-673.5,583.5,90
12.3408822582376,840,509,-331,-674.5,585.5,89
12.3430288719545,840,509,-331,-674.5,585.5,89
12.3451754856714,840,509,-331,-674.5,585.5,89
12.3473220993882,841,509,-332,-675,586.5,88.5
12.3494687131051,843,509,-334,-676,588.5,87.5
12.3516153268219,842,509,-333,-675.5,587.5,88
12.3537619405388,841,509,-332,-675,586.5,88.5
12.3559085542557,840,509,-331,-674.5,585.5,89
12.3580551679725,839,509,-330,-674,584.5,89.5
12.3602017816894,840,509,-331,-674.5,585.5,89
12.3623483954062,839,509,-330,-674,584.5,89.5
12.3644950091231,838,509,-329,-673.5,583.5,90
12.36664162284,837,509,-328,-673,582.5,90.5
12.3687882365568,838,508,-330,-673,584,89
12.3709348502737,837,509,-328,-673,582.5,90.5
12.3730814639906,835,509,-326,-672,580.5,91.5
12.3752280777074,834,509,-325,-671.5,579.5,92
12.3773746914243,835,509,-326,-672,580.5,91.5
12.3795213051411,835,509,-326,-672,580.5,91.5
12.381667918858,835,509,-326,-672,580.5,91.5
12.3838145325749,833,509,-324,-671,578.5,92.5
12.3859611462917,833,508,-325,-670.5,579,91.5
12.3881077600086,831,509,-322,-670,576.5,93.5
12.3902543737254,829,509,-320,-669,574.5,94.5
12.3924009874423,827,509,-318,-668,572.5,95.5
12.3945476011592,826,509,-317,-667.5,571.5,96
12.396694214876,825,509,-316,-667,570.5,96.5
12.3988408285929,824,509,-315,-666.5,569.5,97
12.4009874423098,824,509,-315,-666.5,569.5,97
12.4031340560266,822,509,-313,-665.5,567.5,98
12.4052806697435,823,509,-314,-666,568.5,97.5
12.4074272834603,820,509,-311,-664.5,565.5,99
12.4095738971772,821,509,-312,-665,566.5,98.5
12.4117205108941,819,509,-310,-664,564.5,99.5
12.4138671246109,819,509,-310,-664,564.5,99.5
12.4160137383278,820,508,-312,-664,566,98
12.4181603520446,820,509,-311,-664.5,565.5,99
12.4203069657615,820,509,-311,-664.5,565.5,99
12.4224535794784,819,509,-310,-664,564.5,99.5
12.4246001931952,820,508,-312,-664,566,98
12.4267468069121,819,509,-310,-664,564.5,99.5
12.428893420629,819,509,-310,-664,564.5,99.5
12.4310400343458,818,509,-309,-663.5,563.5,100
12.4331866480627,818,509,-309,-663.5,563.5,100
12.4353332617795,818,509,-309,-663.5,563.5,100
12.4374798754964,817,509,-308,-663,562.5,100.5
12.4396264892133,819,509,-310,-664,564.5,99.5
12.4417731029301,819,509,-310,-664,564.5,99.5
12.443919716647,818,508,-310,-663,564,99
12.4460663303639,817,508,-309,-662.5,563,99.5
12.4482129440807,819,509,-310,-664,564.5,99.5
12.4503595577976,819,509,-310,-664,564.5,99.5
12.4525061715144,822,509,-313,-665.5,567.5,98
12.4546527852313,822,509,-313,-665.5,567.5,98
12.4567993989482,821,509,-312,-665,566.5,98.5
12.458946012665,821,509,-312,-665,566.5,98.5
12.4610926263819,820,509,-311,-664.5,565.5,99
12.4632392400987,820,509,-311,-664.5,565.5,99
12.4653858538156,819,509,-310,-664,564.5,99.5
12.4675324675325,820,509,-311,-664.5,565.5,99
12.4696790812493,820,509,-311,-664.5,565.5,99
12.4718256949662,822,509,-313,-665.5,567.5,98
12.4739723086831,823,509,-314,-666,568.5,97.5
12.4761189223999,822,509,-313,-665.5,567.5,98
12.4782655361168,822,509,-313,-665.5,567.5,98
12.4804121498336,823,509,-314,-666,568.5,97.5
12.4825587635505,823,508,-315,-665.5,569,96.5
12.4847053772674,823,509,-314,-666,568.5,97.5
12.4868519909842,825,509,-316,-667,570.5,96.5
12.4889986047011,827,509,-318,-668,572.5,95.5
12.4911452184179,827,509,-318,-668,572.5,95.5
12.4932918321348,827,509,-318,-668,572.5,95.5
12.4954384458517,827,509,-318,-668,572.5,95.5
12.4975850595685,826,509,-317,-667.5,571.5,96
12.4997316732854,825,509,-316,-667,570.5,96.5
12.5018782870023,824,509,-315,-666.5,569.5,97
12.5040249007191,825,509,-316,-667,570.5,96.5
12.506171514436,825,509,-316,-667,570.5,96.5
12.5083181281528,825,509,-316,-667,570.5,96.5
12.5104647418697,825,509,-316,-667,570.5,96.5
12.5126113555866,825,509,-316,-667,570.5,96.5
12.5147579693034,825,509,-316,-667,570.5,96.5
12.5169045830203,824,509,-315,-666.5,569.5,97
12.5190511967371,827,508,-319,-667.5,573,94.5
12.521197810454,826,509,-317,-667.5,571.5,96
12.5233444241709,828,509,-319,-668.5,573.5,95
12.5254910378877,829,509,-320,-669,574.5,94.5
12.5276376516046,829,509,-320,-669,574.5,94.5
12.5297842653215,828,509,-319,-668.5,573.5,95
12.5319308790383,826,509,-317,-667.5,571.5,96
12.5340774927552,826,509,-317,-667.5,571.5,96
12.536224106472,826,509,-317,-667.5,571.5,96
12.5383707201889,828,509,-319,-668.5,573.5,95
12.5405173339058,827,509,-318,-668,572.5,95.5
12.5426639476226,829,509,-320,-669,574.5,94.5
12.5448105613395,828,509,-319,-668.5,573.5,95
12.5469571750563,827,509,-318,-668,572.5,95.5
12.5491037887732,827,509,-318,-668,572.5,95.5
12.5512504024901,827,509,-318,-668,572.5,95.5
12.5533970162069,829,509,-320,-669,574.5,94.5
12.5555436299238,830,509,-321,-669.5,575.5,94
12.5576902436407,830,509,-321,-669.5,575.5,94
12.5598368573575,829,509,-320,-669,574.5,94.5
12.5619834710744,829,509,-320,-669,574.5,94.5
12.5641300847912,829,509,-320,-669,574.5,94.5
12.5662766985081,829,508,-321,-668.5,575,93.5
12.568423312225,828,509,-319,-668.5,573.5,95
12.5705699259418,828,509,-319,-668.5,573.5,95
12.5727165396587,827,509,-318,-668,572.5,95.5
12.5748631533755,826,509,-317,-667.5,571.5,96
12.5770097670924,828,509,-319,-668.5,573.5,95
12.5791563808093,829,509,-320,-669,574.5,94.5
12.5813029945261,829,509,-320,-669,574.5,94.5
12.583449608243,828,509,-319,-668.5,573.5,95
12.5855962219599,828,509,-319,-668.5,573.5,95
12.5877428356767,828,509,-319,-668.5,573.5,95
12.5898894493936,828,509,-319,-668.5,573.5,95
12.5920360631104,828,509,-319,-668.5,573.5,95
12.5941826768273,829,509,-320,-669,574.5,94.5
12.5963292905442,829,509,-320,-669,574.5,94.5
12.598475904261,830,509,-321,-669.5,575.5,94
12.6006225179779,831,509,-322,-670,576.5,93.5
12.6027691316948,831,509,-322,-670,576.5,93.5
12.6049157454116,831,509,-322,-670,576.5,93.5
12.6070623591285,831,508,-323,-669.5,577,92.5
12.6092089728453,832,509,-323,-670.5,577.5,93
12.6113555865622,831,509,-322,-670,576.5,93.5
12.6135022002791,833,509,-324,-671,578.5,92.5
12.6156488139959,833,509,-324,-671,578.5,92.5
12.6177954277128,834,509,-325,-671.5,579.5,92
12.6199420414296,833,509,-324,-671,578.5,92.5
12.6220886551465,834,509,-325,-671.5,579.5,92
12.6242352688634,833,509,-324,-671,578.5,92.5
12.6263818825802,833,509,-324,-671,578.5,92.5
12.6285284962971,833,509,-324,-671,578.5,92.5
12.630675110014,833,509,-324,-671,578.5,92.5
12.6328217237308,833,509,-324,-671,578.5,92.5
12.6349683374477,834,509,-325,-671.5,579.5,92
12.6371149511645,835,509,-326,-672,580.5,91.5
12.6392615648814,837,509,-328,-673,582.5,90.5
12.6414081785983,836,509,-327,-672.5,581.5,91
12.6435547923151,836,509,-327,-672.5,581.5,91
12.645701406032,838,509,-329,-673.5,583.5,90
12.6478480197488,836,509,-327,-672.5,581.5,91
12.6499946334657,836,509,-327,-672.5,581.5,91
12.6521412471826,836,509,-327,-672.5,581.5,91
12.6542878608994,835,509,-326,-672,580.5,91.5
12.6564344746163,834,509,-325,-671.5,579.5,92
12.6585810883332,833,509,-324,-671,578.5,92.5
12.66072770205,832,509,-323,-670.5,577.5,93
12.6628743157669,834,509,-325,-671.5,579.5,92
12.6650209294837,831,509,-322,-670,576.5,93.5
12.6671675432006,832,508,-324,-670,578,92
12.6693141569175,832,509,-323,-670.5,577.5,93
12.6714607706343,829,509,-320,-669,574.5,94.5
12.6736073843512,828,509,-319,-668.5,573.5,95
12.675753998068,827,509,-318,-668,572.5,95.5
12.6779006117849,826,509,-317,-667.5,571.5,96
12.6800472255018,825,509,-316,-667,570.5,96.5
12.6821938392186,825,509,-316,-667,570.5,96.5
12.6843404529355,825,509,-316,-667,570.5,96.5
12.6864870666524,825,508,-317,-666.5,571,95.5
12.6886336803692,826,509,-317,-667.5,571.5,96
12.6907802940861,824,509,-315,-666.5,569.5,97
12.6929269078029,822,509,-313,-665.5,567.5,98
12.6950735215198,821,509,-312,-665,566.5,98.5
12.6972201352367,822,509,-313,-665.5,567.5,98
12.6993667489535,821,509,-312,-665,566.5,98.5
12.7015133626704,821,509,-312,-665,566.5,98.5
12.7036599763872,822,509,-313,-665.5,567.5,98
12.7058065901041,821,509,-312,-665,566.5,98.5
12.707953203821,821,509,-312,-665,566.5,98.5
12.7100998175378,819,509,-310,-664,564.5,99.5
12.7122464312547,819,509,-310,-664,564.5,99.5
12.7143930449716,818,509,-309,-663.5,563.5,100
12.7165396586884,819,509,-310,-664,564.5,99.5
12.7186862724053,818,509,-309,-663.5,563.5,100
12.7208328861221,820,509,-311,-664.5,565.5,99
12.722979499839,821,509,-312,-665,566.5,98.5
12.7251261135559,822,509,-313,-665.5,567.5,98
12.7272727272727,822,509,-313,-665.5,567.5,98
12.7294193409896,821,509,-312,-665,566.5,98.5
12.7315659547065,821,509,-312,-665,566.5,98.5
12.7337125684233,822,509,-313,-665.5,567.5,98
12.7358591821402,822,509,-313,-665.5,567.5,98
12.738005795857,821,509,-312,-665,566.5,98.5
12.7401524095739,819,509,-310,-664,564.5,99.5
12.7422990232908,820,509,-311,-664.5,565.5,99
12.7444456370076,819,509,-310,-664,564.5,99.5
12.7465922507245,821,508,-313,-664.5,567,97.5
12.7487388644413,821,509,-312,-665,566.5,98.5
12.7508854781582,819,509,-310,-664,564.5,99.5
12.7530320918751,818,509,-309,-663.5,563.5,100
12.7551787055919,816,509,-307,-662.5,561.5,101
12.7573253193088,817,509,-308,-663,562.5,100.5
12.7594719330257,816,509,-307,-662.5,561.5,101
12.7616185467425,817,509,-308,-663,562.5,100.5
12.7637651604594,818,509,-309,-663.5,563.5,100
12.7659117741762,824,509,-315,-666.5,569.5,97
12.7680583878931,831,509,-322,-670,576.5,93.5
12.77020500161,839,508,-331,-673.5,585,88.5
12.7723516153268,849,509,-340,-679,594.5,84.5
12.7744982290437,852,509,-343,-680.5,597.5,83
12.7766448427605,856,509,-347,-682.5,601.5,81
12.7787914564774,860,509,-351,-684.5,605.5,79
12.7809380701943,864,509,-355,-686.5,609.5,77
12.7830846839111,872,509,-363,-690.5,617.5,73
12.785231297628,872,509,-363,-690.5,617.5,73
12.7873779113449,869,509,-360,-689,614.5,74.5
12.7895245250617,865,509,-356,-687,610.5,76.5
12.7916711387786,860,509,-351,-684.5,605.5,79
12.7938177524954,855,509,-346,-682,600.5,81.5
12.7959643662123,851,509,-342,-680,596.5,83.5
12.7981109799292,843,509,-334,-676,588.5,87.5
12.800257593646,830,509,-321,-669.5,575.5,94
12.8024042073629,820,509,-311,-664.5,565.5,99
12.8045508210797,811,509,-302,-660,556.5,103.5
12.8066974347966,808,509,-299,-658.5,553.5,105
12.8088440485135,807,509,-298,-658,552.5,105.5
12.8109906622303,809,509,-300,-659,554.5,104.5
12.8131372759472,812,508,-304,-660,558,102
12.8152838896641,815,509,-306,-662,560.5,101.5
12.8174305033809,817,509,-308,-663,562.5,100.5
12.8195771170978,817,509,-308,-663,562.5,100.5
12.8217237308146,818,509,-309,-663.5,563.5,100
12.8238703445315,819,509,-310,-664,564.5,99.5
12.8260169582484,818,509,-309,-663.5,563.5,100
12.8281635719652,818,509,-309,-663.5,563.5,100
12.8303101856821,817,509,-308,-663,562.5,100.5
12.8324567993989,816,509,-307,-662.5,561.5,101
12.8346034131158,815,509,-306,-662,560.5,101.5
12.8367500268327,815,509,-306,-662,560.5,101.5
12.8388966405495,814,509,-305,-661.5,559.5,102
12.8410432542664,815,509,-306,-662,560.5,101.5
12.8431898679833,815,509,-306,-662,560.5,101.5
12.8453364817001,816,509,-307,-662.5,561.5,101
12.847483095417,818,509,-309,-663.5,563.5,100
12.8496297091338,818,509,-309,-663.5,563.5,100
12.8517763228507,818,509,-309,-663.5,563.5,100
12.8539229365676,817,509,-308,-663,562.5,100.5
12.8560695502844,817,508,-309,-662.5,563,99.5
12.8582161640013,816,509,-307,-662.5,561.5,101
12.8603627777181,815,509,-306,-662,560.5,101.5
12.862509391435,816,509,-307,-662.5,561.5,101
12.8646560051519,816,509,-307,-662.5,561.5,101
12.8668026188687,816,509,-307,-662.5,561.5,101
12.8689492325856,817,509,-308,-663,562.5,100.5
12.8710958463025,819,509,-310,-664,564.5,99.5
12.8732424600193,818,509,-309,-663.5,563.5,100
12.8753890737362,820,509,-311,-664.5,565.5,99
12.877535687453,819,509,-310,-664,564.5,99.5
12.8796823011699,819,509,-310,-664,564.5,99.5
12.8818289148868,820,509,-311,-664.5,565.5,99
12.8839755286036,821,509,-312,-665,566.5,98.5
12.8861221423205,821,509,-312,-665,566.5,98.5
12.8882687560374,822,509,-313,-665.5,567.5,98
12.8904153697542,821,508,-313,-664.5,567,97.5
12.8925619834711,821,509,-312,-665,566.5,98.5
12.8947085971879,821,509,-312,-665,566.5,98.5
12.8968552109048,821,509,-312,-665,566.5,98.5
12.8990018246217,821,508,-313,-664.5,567,97.5
12.9011484383385,821,509,-312,-665,566.5,98.5
12.9032950520554,822,509,-313,-665.5,567.5,98
12.9054416657722,824,509,-315,-666.5,569.5,97
12.9075882794891,826,509,-317,-667.5,571.5,96
12.909734893206,827,509,-318,-668,572.5,95.5
12.9118815069228,828,509,-319,-668.5,573.5,95
12.9140281206397,830,509,-321,-669.5,575.5,94
12.9161747343566,829,509,-320,-669,574.5,94.5
12.9183213480734,829,509,-320,-669,574.5,94.5
12.9204679617903,827,509,-318,-668,572.5,95.5
12.9226145755071,826,509,-317,-667.5,571.5,96
12.924761189224,826,508,-318,-667,572,95
12.9269078029409,826,509,-317,-667.5,571.5,96
12.9290544166577,828,509,-319,-668.5,573.5,95
12.9312010303746,827,509,-318,-668,572.5,95.5
12.9333476440914,828,509,-319,-668.5,573.5,95
12.9354942578083,827,509,-318,-668,572.5,95.5
12.9376408715252,826,509,-317,-667.5,571.5,96
12.939787485242,825,509,-316,-667,570.5,96.5
12.9419340989589,828,509,-319,-668.5,573.5,95
12.9440807126758,827,509,-318,-668,572.5,95.5
12.9462273263926,830,508,-322,-669,576,93
12.9483739401095,829,509,-320,-669,574.5,94.5
12.9505205538263,829,509,-320,-669,574.5,94.5
12.9526671675432,830,509,-321,-669.5,575.5,94
12.9548137812601,831,509,-322,-670,576.5,93.5
12.9569603949769,831,509,-322,-670,576.5,93.5
12.9591070086938,832,509,-323,-670.5,577.5,93
12.9612536224106,833,509,-324,-671,578.5,92.5
12.9634002361275,831,509,-322,-670,576.5,93.5
12.9655468498444,832,509,-323,-670.5,577.5,93
12.9676934635612,833,509,-324,-671,578.5,92.5
12.9698400772781,834,508,-326,-671,580,91
12.971986690995,835,509,-326,-672,580.5,91.5
12.9741333047118,834,509,-325,-671.5,579.5,92
12.9762799184287,835,509,-326,-672,580.5,91.5
12.9784265321455,834,509,-325,-671.5,579.5,92
12.9805731458624,834,509,-325,-671.5,579.5,92
12.9827197595793,834,509,-325,-671.5,579.5,92
12.9848663732961,835,509,-326,-672,580.5,91.5
12.987012987013,833,509,-324,-671,578.5,92.5
12.9891596007298,834,509,-325,-671.5,579.5,92
12.9913062144467,836,509,-327,-672.5,581.5,91
12.9934528281636,838,509,-329,-673.5,583.5,90
12.9955994418804,837,509,-328,-673,582.5,90.5
12.9977460555973,840,509,-331,-674.5,585.5,89
12.9998926693142,839,509,-330,-674,584.5,89.5
13.002039283031,837,509,-328,-673,582.5,90.5
13.0041858967479,837,509,-328,-673,582.5,90.5
13.0063325104647,837,509,-328,-673,582.5,90.5
13.0084791241816,836,509,-327,-672.5,581.5,91
13.0106257378985,835,509,-326,-672,580.5,91.5
13.0127723516153,834,509,-325,-671.5,579.5,92
13.0149189653322,835,509,-326,-672,580.5,91.5
13.017065579049,836,509,-327,-672.5,581.5,91
13.0192121927659,835,509,-326,-672,580.5,91.5
13.0213588064828,837,509,-328,-673,582.5,90.5
13.0235054201996,836,509,-327,-672.5,581.5,91
13.0256520339165,837,509,-328,-673,582.5,90.5
13.0277986476334,837,509,-328,-673,582.5,90.5
13.0299452613502,835,509,-326,-672,580.5,91.5
13.0320918750671,834,509,-325,-671.5,579.5,92
13.0342384887839,834,508,-326,-671,580,91
13.0363851025008,832,509,-323,-670.5,577.5,93
13.0385317162177,831,509,-322,-670,576.5,93.5
13.0406783299345,829,509,-320,-669,574.5,94.5
13.0428249436514,829,509,-320,-669,574.5,94.5
13.0449715573683,829,509,-320,-669,574.5,94.5
13.0471181710851,826,509,-317,-667.5,571.5,96
13.049264784802,826,509,-317,-667.5,571.5,96
13.0514113985188,825,509,-316,-667,570.5,96.5
13.0535580122357,826,509,-317,-667.5,571.5,96
13.0557046259526,823,508,-315,-665.5,569,96.5
13.0578512396694,820,509,-311,-664.5,565.5,99
13.0599978533863,821,509,-312,-665,566.5,98.5
13.0621444671031,822,509,-313,-665.5,567.5,98
13.06429108082,822,509,-313,-665.5,567.5,98
13.0664376945369,820,509,-311,-664.5,565.5,99
13.0685843082537,819,509,-310,-664,564.5,99.5
13.0707309219706,818,509,-309,-663.5,563.5,100
13.0728775356875,817,509,-308,-663,562.5,100.5
13.0750241494043,814,509,-305,-661.5,559.5,102
13.0771707631212,814,509,-305,-661.5,559.5,102
13.079317376838,813,509,-304,-661,558.5,102.5
13.0814639905549,815,509,-306,-662,560.5,101.5
13.0836106042718,816,509,-307,-662.5,561.5,101
13.0857572179886,817,509,-308,-663,562.5,100.5
13.0879038317055,817,509,-308,-663,562.5,100.5
13.0900504454223,817,509,-308,-663,562.5,100.5
13.0921970591392,818,509,-309,-663.5,563.5,100
13.0943436728561,818,509,-309,-663.5,563.5,100
13.0964902865729,815,508,-307,-661.5,561,100.5
13.0986369002898,815,509,-306,-662,560.5,101.5
13.1007835140067,814,509,-305,-661.5,559.5,102
13.1029301277235,815,509,-306,-662,560.5,101.5
13.1050767414404,816,508,-308,-662,562,100
13.1072233551572,816,509,-307,-662.5,561.5,101
13.1093699688741,817,509,-308,-663,562.5,100.5
13.111516582591,816,509,-307,-662.5,561.5,101
13.1136631963078,816,509,-307,-662.5,561.5,101
13.1158098100247,817,509,-308,-663,562.5,100.5
13.1179564237415,818,509,-309,-663.5,563.5,100
13.1201030374584,819,509,-310,-664,564.5,99.5
13.1222496511753,819,509,-310,-664,564.5,99.5
13.1243962648921,819,509,-310,-664,564.5,99.5
13.126542878609,821,509,-312,-665,566.5,98.5
13.1286894923259,820,509,-311,-664.5,565.5,99
13.1308361060427,821,509,-312,-665,566.5,98.5
13.1329827197596,819,509,-310,-664,564.5,99.5
13.1351293334764,820,509,-311,-664.5,565.5,99
13.1372759471933,819,509,-310,-664,564.5,99.5
13.1394225609102,819,509,-310,-664,564.5,99.5
13.141569174627,818,509,-309,-663.5,563.5,100
13.1437157883439,819,509,-310,-664,564.5,99.5
13.1458624020607,818,509,-309,-663.5,563.5,100
13.1480090157776,819,509,-310,-664,564.5,99.5
13.1501556294945,820,509,-311,-664.5,565.5,99
13.1523022432113,822,508,-314,-665,568,97
13.1544488569282,821,509,-312,-665,566.5,98.5
13.1565954706451,822,509,-313,-665.5,567.5,98
13.1587420843619,820,509,-311,-664.5,565.5,99
13.1608886980788,819,509,-310,-664,564.5,99.5
13.1630353117956,820,509,-311,-664.5,565.5,99
13.1651819255125,822,509,-313,-665.5,567.5,98
13.1673285392294,822,509,-313,-665.5,567.5,98
13.1694751529462,823,509,-314,-666,568.5,97.5
13.1716217666631,823,509,-314,-666,568.5,97.5
13.17376838038,823,508,-315,-665.5,569,96.5
13.1759149940968,824,509,-315,-666.5,569.5,97
13.1780616078137,823,509,-314,-666,568.5,97.5
13.1802082215305,821,509,-312,-665,566.5,98.5
13.1823548352474,822,509,-313,-665.5,567.5,98
13.1845014489643,821,509,-312,-665,566.5,98.5
13.1866480626811,822,509,-313,-665.5,567.5,98
13.188794676398,822,509,-313,-665.5,567.5,98
13.1909412901148,824,509,-315,-666.5,569.5,97
13.1930879038317,824,509,-315,-666.5,569.5,97
13.1952345175486,824,509,-315,-666.5,569.5,97
13.1973811312654,824,509,-315,-666.5,569.5,97
13.1995277449823,824,509,-315,-666.5,569.5,97
13.2016743586992,824,509,-315,-666.5,569.5,97
13.203820972416,823,509,-314,-666,568.5,97.5
13.2059675861329,823,509,-314,-666,568.5,97.5
13.2081141998497,824,509,-315,-666.5,569.5,97
13.2102608135666,825,509,-316,-667,570.5,96.5
13.2124074272835,825,509,-316,-667,570.5,96.5
13.2145540410003,826,509,-317,-667.5,571.5,96
13.2167006547172,826,509,-317,-667.5,571.5,96
13.218847268434,825,509,-316,-667,570.5,96.5
13.2209938821509,826,509,-317,-667.5,571.5,96
13.2231404958678,825,509,-316,-667,570.5,96.5
13.2252871095846,826,509,-317,-667.5,571.5,96
13.2274337233015,825,509,-316,-667,570.5,96.5
13.2295803370184,827,509,-318,-668,572.5,95.5
13.2317269507352,827,509,-318,-668,572.5,95.5
13.2338735644521,827,509,-318,-668,572.5,95.5
13.2360201781689,826,509,-317,-667.5,571.5,96
13.2381667918858,826,509,-317,-667.5,571.5,96
13.2403134056027,825,509,-316,-667,570.5,96.5
13.2424600193195,826,509,-317,-667.5,571.5,96
13.2446066330364,828,509,-319,-668.5,573.5,95
13.2467532467532,829,509,-320,-669,574.5,94.5
13.2488998604701,829,509,-320,-669,574.5,94.5
13.251046474187,831,509,-322,-670,576.5,93.5
13.2531930879038,829,509,-320,-669,574.5,94.5
13.2553397016207,828,509,-319,-668.5,573.5,95
13.2574863153376,828,508,-320,-668,574,94
13.2596329290544,826,509,-317,-667.5,571.5,96
13.2617795427713,827,509,-318,-668,572.5,95.5
13.2639261564881,828,509,-319,-668.5,573.5,95
13.266072770205,829,509,-320,-669,574.5,94.5
13.2682193839219,829,509,-320,-669,574.5,94.5
13.2703659976387,830,508,-322,-669,576,93
13.2725126113556,829,509,-320,-669,574.5,94.5
13.2746592250724,829,509,-320,-669,574.5,94.5
13.2768058387893,831,509,-322,-670,576.5,93.5
13.2789524525062,831,509,-322,-670,576.5,93.5
13.281099066223,831,509,-322,-670,576.5,93.5
13.2832456799399,831,509,-322,-670,576.5,93.5
13.2853922936568,833,509,-324,-671,578.5,92.5
13.2875389073736,834,509,-325,-671.5,579.5,92
13.2896855210905,833,509,-324,-671,578.5,92.5
13.2918321348073,835,509,-326,-672,580.5,91.5
13.2939787485242,834,509,-325,-671.5,579.5,92
13.2961253622411,834,509,-325,-671.5,579.5,92
13.2982719759579,833,509,-324,-671,578.5,92.5
13.3004185896748,834,509,-325,-671.5,579.5,92
13.3025652033916,834,509,-325,-671.5,579.5,92
13.3047118171085,834,509,-325,-671.5,579.5,92
13.3068584308254,834,509,-325,-671.5,579.5,92
13.3090050445422,836,509,-327,-672.5,581.5,91
13.3111516582591,836,508,-328,-672,582,90
13.313298271976,837,509,-328,-673,582.5,90.5
13.3154448856928,839,509,-330,-674,584.5,89.5
13.3175914994097,840,508,-332,-674,586,88
13.3197381131265,838,509,-329,-673.5,583.5,90
13.3218847268434,838,509,-329,-673.5,583.5,90
13.3240313405603,838,509,-329,-673.5,583.5,90
13.3261779542771,839,509,-330,-674,584.5,89.5
13.328324567994,838,509,-329,-673.5,583.5,90
13.3304711817109,837,509,-328,-673,582.5,90.5
13.3326177954277,836,509,-327,-672.5,581.5,91
13.3347644091446,835,509,-326,-672,580.5,91.5
13.3369110228614,833,509,-324,-671,578.5,92.5
13.3390576365783,834,509,-325,-671.5,579.5,92
13.3412042502952,833,509,-324,-671,578.5,92.5
13.343350864012,832,509,-323,-670.5,577.5,93
13.3454974777289,832,509,-323,-670.5,577.5,93
13.3476440914457,831,509,-322,-670,576.5,93.5
13.3497907051626,832,509,-323,-670.5,577.5,93
13.3519373188795,831,509,-322,-670,576.5,93.5
13.3540839325963,829,509,-320,-669,574.5,94.5
13.3562305463132,829,509,-320,-669,574.5,94.5
13.3583771600301,828,509,-319,-668.5,573.5,95
13.3605237737469,827,509,-318,-668,572.5,95.5
13.3626703874638,827,509,-318,-668,572.5,95.5
13.3648170011806,828,509,-319,-668.5,573.5,95
13.3669636148975,827,509,-318,-668,572.5,95.5
13.3691102286144,827,509,-318,-668,572.5,95.5
13.3712568423312,828,509,-319,-668.5,573.5,95
13.3734034560481,827,509,-318,-668,572.5,95.5
13.3755500697649,826,508,-318,-667,572,95
13.3776966834818,827,509,-318,-668,572.5,95.5
13.3798432971987,824,509,-315,-666.5,569.5,97
13.3819899109155,824,509,-315,-666.5,569.5,97
13.3841365246324,824,509,-315,-666.5,569.5,97
13.3862831383493,824,509,-315,-666.5,569.5,97
13.3884297520661,824,509,-315,-666.5,569.5,97
13.390576365783,825,509,-316,-667,570.5,96.5
13.3927229794998,826,509,-317,-667.5,571.5,96
13.3948695932167,827,509,-318,-668,572.5,95.5
13.3970162069336,826,509,-317,-667.5,571.5,96
13.3991628206504,827,509,-318,-668,572.5,95.5
13.4013094343673,826,509,-317,-667.5,571.5,96
13.4034560480841,825,509,-316,-667,570.5,96.5
13.405602661801,826,509,-317,-667.5,571.5,96
13.4077492755179,826,509,-317,-667.5,571.5,96
13.4098958892347,825,508,-317,-666.5,571,95.5
13.4120425029516,827,509,-318,-668,572.5,95.5
13.4141891166685,826,509,-317,-667.5,571.5,96
13.4163357303853,826,509,-317,-667.5,571.5,96
13.4184823441022,825,509,-316,-667,570.5,96.5
13.420628957819,824,509,-315,-666.5,569.5,97
13.4227755715359,823,509,-314,-666,568.5,97.5
13.4249221852528,822,509,-313,-665.5,567.5,98
13.4270687989696,822,509,-313,-665.5,567.5,98
13.4292154126865,821,509,-312,-665,566.5,98.5
13.4313620264033,823,509,-314,-666,568.5,97.5
13.4335086401202,824,509,-315,-666.5,569.5,97
13.4356552538371,824,509,-315,-666.5,569.5,97
13.4378018675539,826,509,-317,-667.5,571.5,96
13.4399484812708,830,509,-321,-669.5,575.5,94
13.4420950949877,835,509,-326,-672,580.5,91.5
13.4442417087045,842,509,-333,-675.5,587.5,88
13.4463883224214,848,509,-339,-678.5,593.5,85
13.4485349361382,853,509,-344,-681,598.5,82.5
13.4506815498551,855,509,-346,-682,600.5,81.5
13.452828163572,861,509,-352,-685,606.5,78.5
13.4549747772888,862,509,-353,-685.5,607.5,78
13.4571213910057,870,509,-361,-689.5,615.5,74
13.4592680047225,874,509,-365,-691.5,619.5,72
13.4614146184394,876,509,-367,-692.5,621.5,71
13.4635612321563,869,509,-360,-689,614.5,74.5
13.4657078458731,864,508,-356,-686,610,76
13.46785445959,858,509,-349,-683.5,603.5,80
13.4700010733069,853,509,-344,-681,598.5,82.5
13.4721476870237,847,509,-338,-678,592.5,85.5
13.4742943007406,837,509,-328,-673,582.5,90.5
13.4764409144574,824,509,-315,-666.5,569.5,97
13.4785875281743,814,509,-305,-661.5,559.5,102
13.4807341418912,807,509,-298,-658,552.5,105.5
13.482880755608,807,509,-298,-658,552.5,105.5
13.4850273693249,809,509,-300,-659,554.5,104.5
13.4871739830418,813,509,-304,-661,558.5,102.5
13.4893205967586,818,509,-309,-663.5,563.5,100
13.4914672104755,822,509,-313,-665.5,567.5,98
13.4936138241923,824,509,-315,-666.5,569.5,97
13.4957604379092,825,509,-316,-667,570.5,96.5
13.4979070516261,826,509,-317,-667.5,571.5,96
13.5000536653429,826,509,-317,-667.5,571.5,96
13.5022002790598,825,509,-316,-667,570.5,96.5
13.5043468927766,823,509,-314,-666,568.5,97.5
13.5064935064935,822,509,-313,-665.5,567.5,98
13.5086401202104,821,509,-312,-665,566.5,98.5
13.5107867339272,821,509,-312,-665,566.5,98.5
13.5129333476441,822,509,-313,-665.5,567.5,98
13.515079961361,822,509,-313,-665.5,567.5,98
13.5172265750778,823,509,-314,-666,568.5,97.5
13.5193731887947,822,508,-314,-665,568,97
13.5215198025115,823,509,-314,-666,568.5,97.5
13.5236664162284,823,509,-314,-666,568.5,97.5
13.5258130299453,825,509,-316,-667,570.5,96.5
13.5279596436621,825,509,-316,-667,570.5,96.5
13.530106257379,825,509,-316,-667,570.5,96.5
13.5322528710958,826,509,-317,-667.5,571.5,96
13.5343994848127,825,509,-316,-667,570.5,96.5
13.5365460985296,825,509,-316,-667,570.5,96.5
13.5386927122464,826,509,-317,-667.5,571.5,96
13.5408393259633,826,509,-317,-667.5,571.5,96
13.5429859396802,824,509,-315,-666.5,569.5,97
13.545132553397,826,509,-317,-667.5,571.5,96
13.5472791671139,826,509,-317,-667.5,571.5,96
13.5494257808307,826,509,-317,-667.5,571.5,96
13.5515723945476,826,509,-317,-667.5,571.5,96
13.5537190082645,827,509,-318,-668,572.5,95.5
13.5558656219813,825,509,-316,-667,570.5,96.5
13.5580122356982,826,509,-317,-667.5,571.5,96
13.560158849415,826,509,-317,-667.5,571.5,96
13.5623054631319,826,509,-317,-667.5,571.5,96
13.5644520768488,827,509,-318,-668,572.5,95.5
13.5665986905656,828,509,-319,-668.5,573.5,95
13.5687453042825,829,509,-320,-669,574.5,94.5
13.5708919179994,830,509,-321,-669.5,575.5,94
13.5730385317162,831,509,-322,-670,576.5,93.5
13.5751851454331,831,509,-322,-670,576.5,93.5
13.5773317591499,832,509,-323,-670.5,577.5,93
13.5794783728668,832,509,-323,-670.5,577.5,93
13.5816249865837,832,509,-323,-670.5,577.5,93
13.5837716003005,832,509,-323,-670.5,577.5,93
13.5859182140174,830,509,-321,-669.5,575.5,94
13.5880648277342,829,509,-320,-669,574.5,94.5
13.5902114414511,830,509,-321,-669.5,575.5,94
13.592358055168,832,509,-323,-670.5,577.5,93
13.5945046688848,831,508,-323,-669.5,577,92.5
13.5966512826017,831,509,-322,-670,576.5,93.5
13.5987978963186,832,509,-323,-670.5,577.5,93
13.6009445100354,831,509,-322,-670,576.5,93.5
13.6030911237523,831,509,-322,-670,576.5,93.5
13.6052377374691,830,509,-321,-669.5,575.5,94
13.607384351186,830,509,-321,-669.5,575.5,94
13.6095309649029,831,509,-322,-670,576.5,93.5
13.6116775786197,832,509,-323,-670.5,577.5,93
13.6138241923366,833,509,-324,-671,578.5,92.5
13.6159708060535,834,509,-325,-671.5,579.5,92
13.6181174197703,834,509,-325,-671.5,579.5,92
13.6202640334872,834,509,-325,-671.5,579.5,92
13.622410647204,834,509,-325,-671.5,579.5,92
13.6245572609209,835,509,-326,-672,580.5,91.5
13.6267038746378,835,509,-326,-672,580.5,91.5
13.6288504883546,836,509,-327,-672.5,581.5,91
13.6309971020715,837,509,-328,-673,582.5,90.5
13.6331437157883,837,509,-328,-673,582.5,90.5
13.6352903295052,838,509,-329,-673.5,583.5,90
13.6374369432221,838,509,-329,-673.5,583.5,90
13.6395835569389,835,509,-326,-672,580.5,91.5
13.6417301706558,835,509,-326,-672,580.5,91.5
13.6438767843727,837,509,-328,-673,582.5,90.5
13.6460233980895,836,509,-327,-672.5,581.5,91
13.6481700118064,837,509,-328,-673,582.5,90.5
13.6503166255232,837,509,-328,-673,582.5,90.5
13.6524632392401,839,509,-330,-674,584.5,89.5
13.654609852957,839,509,-330,-674,584.5,89.5
13.6567564666738,842,509,-333,-675.5,587.5,88
13.6589030803907,841,509,-332,-675,586.5,88.5
13.6610496941075,840,509,-331,-674.5,585.5,89
13.6631963078244,842,509,-333,-675.5,587.5,88
13.6653429215413,842,508,-334,-675,588,87
13.6674895352581,843,509,-334,-676,588.5,87.5
13.669636148975,842,509,-333,-675.5,587.5,88
13.6717827626919,841,509,-332,-675,586.5,88.5
13.6739293764087,842,508,-334,-675,588,87
13.6760759901256,844,509,-335,-676.5,589.5,87
13.6782226038424,843,509,-334,-676,588.5,87.5
13.6803692175593,842,509,-333,-675.5,587.5,88
13.6825158312762,841,509,-332,-675,586.5,88.5
13.684662444993,843,509,-334,-676,588.5,87.5
13.6868090587099,842,509,-333,-675.5,587.5,88
13.6889556724267,842,509,-333,-675.5,587.5,88
13.6911022861436,843,509,-334,-676,588.5,87.5
13.6932488998605,840,509,-331,-674.5,585.5,89
13.6953955135773,840,509,-331,-674.5,585.5,89
13.6975421272942,839,509,-330,-674,584.5,89.5
13.6996887410111,839,509,-330,-674,584.5,89.5
13.7018353547279,839,509,-330,-674,584.5,89.5
13.7039819684448,838,509,-329,-673.5,583.5,90
13.7061285821616,837,509,-328,-673,582.5,90.5
13.7082751958785,837,509,-328,-673,582.5,90.5
13.7104218095954,836,509,-327,-672.5,581.5,91
13.7125684233122,837,509,-328,-673,582.5,90.5
13.7147150370291,838,509,-329,-673.5,583.5,90
13.7168616507459,838,509,-329,-673.5,583.5,90
13.7190082644628,834,509,-325,-671.5,579.5,92
13.7211548781797,833,509,-324,-671,578.5,92.5
13.7233014918965,831,509,-322,-670,576.5,93.5
13.7254481056134,831,509,-322,-670,576.5,93.5
13.7275947193303,829,509,-320,-669,574.5,94.5
13.7297413330471,828,509,-319,-668.5,573.5,95
13.731887946764,828,509,-319,-668.5,573.5,95
13.7340345604808,825,509,-316,-667,570.5,96.5
13.7361811741977,825,509,-316,-667,570.5,96.5
13.7383277879146,825,509,-316,-667,570.5,96.5
13.7404744016314,823,509,-314,-666,568.5,97.5
13.7426210153483,824,509,-315,-666.5,569.5,97
13.7447676290651,822,509,-313,-665.5,567.5,98
13.746914242782,820,509,-311,-664.5,565.5,99
13.7490608564989,820,509,-311,-664.5,565.5,99
13.7512074702157,817,509,-308,-663,562.5,100.5
13.7533540839326,818,509,-309,-663.5,563.5,100
13.7555006976495,819,509,-310,-664,564.5,99.5
13.7576473113663,819,509,-310,-664,564.5,99.5
13.7597939250832,819,509,-310,-664,564.5,99.5
13.7619405388,818,509,-309,-663.5,563.5,100
13.7640871525169,816,509,-307,-662.5,561.5,101
13.7662337662338,816,509,-307,-662.5,561.5,101
13.7683803799506,817,509,-308,-663,562.5,100.5
13.7705269936675,819,509,-310,-664,564.5,99.5
13.7726736073844,819,509,-310,-664,564.5,99.5
13.7748202211012,819,509,-310,-664,564.5,99.5
13.7769668348181,820,509,-311,-664.5,565.5,99
13.7791134485349,818,509,-309,-663.5,563.5,100
13.7812600622518,818,509,-309,-663.5,563.5,100
13.7834066759687,817,509,-308,-663,562.5,100.5
13.7855532896855,818,509,-309,-663.5,563.5,100
13.7876999034024,817,509,-308,-663,562.5,100.5
13.7898465171192,819,509,-310,-664,564.5,99.5
13.7919931308361,820,509,-311,-664.5,565.5,99
13.794139744553,822,508,-314,-665,568,97
13.7962863582698,822,509,-313,-665.5,567.5,98
13.7984329719867,822,509,-313,-665.5,567.5,98
13.8005795857036,821,509,-312,-665,566.5,98.5
13.8027261994204,820,508,-312,-664,566,98
13.8048728131373,819,509,-310,-664,564.5,99.5
13.8070194268541,820,509,-311,-664.5,565.5,99
13.809166040571,820,509,-311,-664.5,565.5,99
13.8113126542879,822,509,-313,-665.5,567.5,98
13.8134592680047,821,509,-312,-665,566.5,98.5
13.8156058817216,823,509,-314,-666,568.5,97.5
13.8177524954384,821,509,-312,-665,566.5,98.5
13.8198991091553,822,509,-313,-665.5,567.5,98
13.8220457228722,821,509,-312,-665,566.5,98.5
13.824192336589,821,509,-312,-665,566.5,98.5
13.8263389503059,821,509,-312,-665,566.5,98.5
13.8284855640228,821,509,-312,-665,566.5,98.5
13.8306321777396,822,509,-313,-665.5,567.5,98
13.8327787914565,822,508,-314,-665,568,97
13.8349254051733,822,508,-314,-665,568,97
13.8370720188902,824,509,-315,-666.5,569.5,97
13.8392186326071,822,509,-313,-665.5,567.5,98
13.8413652463239,822,509,-313,-665.5,567.5,98
13.8435118600408,823,509,-314,-666,568.5,97.5
13.8456584737576,824,509,-315,-666.5,569.5,97
13.8478050874745,823,509,-314,-666,568.5,97.5
13.8499517011914,824,509,-315,-666.5,569.5,97
13.8520983149082,825,509,-316,-667,570.5,96.5
13.8542449286251,824,509,-315,-666.5,569.5,97
13.856391542342,825,509,-316,-667,570.5,96.5
13.8585381560588,823,509,-314,-666,568.5,97.5
13.8606847697757,823,509,-314,-666,568.5,97.5
13.8628313834925,822,509,-313,-665.5,567.5,98
13.8649779972094,822,509,-313,-665.5,567.5,98
13.8671246109263,823,509,-314,-666,568.5,97.5
13.8692712246431,822,509,-313,-665.5,567.5,98
13.87141783836,821,509,-312,-665,566.5,98.5
13.8735644520768,823,509,-314,-666,568.5,97.5
13.8757110657937,824,509,-315,-666.5,569.5,97
13.8778576795106,823,509,-314,-666,568.5,97.5
13.8800042932274,824,509,-315,-666.5,569.5,97
13.8821509069443,824,509,-315,-666.5,569.5,97
13.8842975206612,826,509,-317,-667.5,571.5,96
13.886444134378,825,509,-316,-667,570.5,96.5
13.8885907480949,828,509,-319,-668.5,573.5,95
13.8907373618117,826,509,-317,-667.5,571.5,96
13.8928839755286,827,509,-318,-668,572.5,95.5
13.8950305892455,827,509,-318,-668,572.5,95.5
13.8971772029623,827,509,-318,-668,572.5,95.5
13.8993238166792,825,509,-316,-667,570.5,96.5
13.901470430396,827,509,-318,-668,572.5,95.5
13.9036170441129,827,509,-318,-668,572.5,95.5
13.9057636578298,827,508,-319,-667.5,573,94.5
13.9079102715466,825,509,-316,-667,570.5,96.5
13.9100568852635,824,509,-315,-666.5,569.5,97
13.9122034989804,824,509,-315,-666.5,569.5,97
13.9143501126972,825,509,-316,-667,570.5,96.5
13.9164967264141,825,509,-316,-667,570.5,96.5
13.9186433401309,826,509,-317,-667.5,571.5,96
13.9207899538478,825,509,-316,-667,570.5,96.5
13.9229365675647,826,509,-317,-667.5,571.5,96
13.9250831812815,826,509,-317,-667.5,571.5,96
13.9272297949984,827,509,-318,-668,572.5,95.5
13.9293764087153,826,509,-317,-667.5,571.5,96
13.9315230224321,825,508,-317,-666.5,571,95.5
13.933669636149,825,509,-316,-667,570.5,96.5
13.9358162498658,824,509,-315,-666.5,569.5,97
13.9379628635827,826,508,-318,-667,572,95
13.9401094772996,826,509,-317,-667.5,571.5,96
13.9422560910164,826,509,-317,-667.5,571.5,96
13.9444027047333,826,509,-317,-667.5,571.5,96
13.9465493184501,825,509,-316,-667,570.5,96.5
13.948695932167,826,509,-317,-667.5,571.5,96
13.9508425458839,826,509,-317,-667.5,571.5,96
13.9529891596007,825,509,-316,-667,570.5,96.5
13.9551357733176,825,509,-316,-667,570.5,96.5
13.9572823870345,826,509,-317,-667.5,571.5,96
13.9594290007513,829,509,-320,-669,574.5,94.5
13.9615756144682,829,509,-320,-669,574.5,94.5
13.963722228185,830,509,-321,-669.5,575.5,94
13.9658688419019,830,509,-321,-669.5,575.5,94
13.9680154556188,830,509,-321,-669.5,575.5,94
13.9701620693356,832,509,-323,-670.5,577.5,93
13.9723086830525,831,509,-322,-670,576.5,93.5
13.9744552967693,831,509,-322,-670,576.5,93.5
13.9766019104862,831,509,-322,-670,576.5,93.5
13.9787485242031,829,509,-320,-669,574.5,94.5
13.9808951379199,829,509,-320,-669,574.5,94.5
13.9830417516368,830,509,-321,-669.5,575.5,94
13.9851883653537,831,509,-322,-670,576.5,93.5
13.9873349790705,831,509,-322,-670,576.5,93.5
13.9894815927874,833,509,-324,-671,578.5,92.5
13.9916282065042,833,509,-324,-671,578.5,92.5
13.9937748202211,834,509,-325,-671.5,579.5,92
13.995921433938,834,509,-325,-671.5,579.5,92
13.9980680476548,834,509,-325,-671.5,579.5,92
14.0002146613717,833,509,-324,-671,578.5,92.5
14.0023612750885,833,509,-324,-671,578.5,92.5
14.0045078888054,833,509,-324,-671,578.5,92.5
14.0066545025223,833,509,-324,-671,578.5,92.5
14.0088011162391,832,509,-323,-670.5,577.5,93
14.010947729956,832,509,-323,-670.5,577.5,93
14.0130943436729,831,509,-322,-670,576.5,93.5
14.0152409573897,829,509,-320,-669,574.5,94.5
14.0173875711066,829,509,-320,-669,574.5,94.5
14.0195341848234,829,509,-320,-669,574.5,94.5
14.0216807985403,829,508,-321,-668.5,575,93.5
14.0238274122572,829,509,-320,-669,574.5,94.5
14.025974025974,828,509,-319,-668.5,573.5,95
14.0281206396909,828,509,-319,-668.5,573.5,95
14.0302672534077,826,509,-317,-667.5,571.5,96
14.0324138671246,824,509,-315,-666.5,569.5,97
14.0345604808415,823,509,-314,-666,568.5,97.5
14.0367070945583,821,509,-312,-665,566.5,98.5
14.0388537082752,821,509,-312,-665,566.5,98.5
14.0410003219921,823,508,-315,-665.5,569,96.5
14.0431469357089,823,509,-314,-666,568.5,97.5
14.0452935494258,825,509,-316,-667,570.5,96.5
14.0474401631426,824,509,-315,-666.5,569.5,97
14.0495867768595,822,509,-313,-665.5,567.5,98
14.0517333905764,821,509,-312,-665,566.5,98.5
14.0538800042932,819,509,-310,-664,564.5,99.5
14.0560266180101,818,509,-309,-663.5,563.5,100
14.058173231727,820,509,-311,-664.5,565.5,99
14.0603198454438,819,509,-310,-664,564.5,99.5
14.0624664591607,821,509,-312,-665,566.5,98.5
14.0646130728775,822,509,-313,-665.5,567.5,98
14.0667596865944,821,508,-313,-664.5,567,97.5
14.0689063003113,822,509,-313,-665.5,567.5,98
14.0710529140281,822,509,-313,-665.5,567.5,98
14.073199527745,820,509,-311,-664.5,565.5,99
14.0753461414618,821,509,-312,-665,566.5,98.5
14.0774927551787,822,509,-313,-665.5,567.5,98
14.0796393688956,822,509,-313,-665.5,567.5,98
14.0817859826124,820,509,-311,-664.5,565.5,99
14.0839325963293,821,509,-312,-665,566.5,98.5
14.0860792100462,821,509,-312,-665,566.5,98.5
14.088225823763,821,509,-312,-665,566.5,98.5
14.0903724374799,821,509,-312,-665,566.5,98.5
14.0925190511967,822,509,-313,-665.5,567.5,98
14.0946656649136,821,509,-312,-665,566.5,98.5
14.0968122786305,820,508,-312,-664,566,98
14.0989588923473,819,509,-310,-664,564.5,99.5
14.1011055060642,817,509,-308,-663,562.5,100.5
14.103252119781,815,508,-307,-661.5,561,100.5
14.1053987334979,816,509,-307,-662.5,561.5,101
14.1075453472148,817,509,-308,-663,562.5,100.5
14.1096919609316,817,509,-308,-663,562.5,100.5
14.1118385746485,818,509,-309,-663.5,563.5,100
14.1139851883654,821,509,-312,-665,566.5,98.5
14.1161318020822,825,509,-316,-667,570.5,96.5
14.1182784157991,830,509,-321,-669.5,575.5,94
14.1204250295159,839,509,-330,-674,584.5,89.5
14.1225716432328,846,509,-337,-677.5,591.5,86
14.1247182569497,850,509,-341,-679.5,595.5,84
14.1268648706665,856,509,-347,-682.5,601.5,81
14.1290114843834,860,509,-351,-684.5,605.5,79
14.1311580981002,863,509,-354,-686,608.5,77.5
14.1333047118171,868,509,-359,-688.5,613.5,75
14.135451325534,875,509,-366,-692,620.5,71.5
14.1375979392508,875,509,-366,-692,620.5,71.5
14.1397445529677,872,509,-363,-690.5,617.5,73
14.1418911666846,865,509,-356,-687,610.5,76.5
14.1440377804014,859,509,-350,-684,604.5,79.5
14.1461843941183,855,509,-346,-682,600.5,81.5
14.1483310078351,850,509,-341,-679.5,595.5,84
14.150477621552,843,509,-334,-676,588.5,87.5
14.1526242352689,833,509,-324,-671,578.5,92.5
14.1547708489857,824,509,-315,-666.5,569.5,97
14.1569174627026,816,509,-307,-662.5,561.5,101
14.1590640764194,813,509,-304,-661,558.5,102.5
14.1612106901363,812,509,-303,-660.5,557.5,103
14.1633573038532,812,509,-303,-660.5,557.5,103
14.16550391757,816,509,-307,-662.5,561.5,101
14.1676505312869,819,509,-310,-664,564.5,99.5
14.1697971450038,821,509,-312,-665,566.5,98.5
14.1719437587206,824,509,-315,-666.5,569.5,97
14.1740903724375,825,509,-316,-667,570.5,96.5
14.1762369861543,824,509,-315,-666.5,569.5,97
14.1783835998712,824,509,-315,-666.5,569.5,97
14.1805302135881,822,509,-313,-665.5,567.5,98
14.1826768273049,823,509,-314,-666,568.5,97.5
14.1848234410218,823,509,-314,-666,568.5,97.5
14.1869700547386,822,509,-313,-665.5,567.5,98
14.1891166684555,821,509,-312,-665,566.5,98.5
14.1912632821724,822,509,-313,-665.5,567.5,98
14.1934098958892,821,509,-312,-665,566.5,98.5
14.1955565096061,821,509,-312,-665,566.5,98.5
14.197703123323,820,509,-311,-664.5,565.5,99
14.1998497370398,821,509,-312,-665,566.5,98.5
14.2019963507567,821,509,-312,-665,566.5,98.5
14.2041429644735,823,509,-314,-666,568.5,97.5
14.2062895781904,824,509,-315,-666.5,569.5,97
14.2084361919073,824,509,-315,-666.5,569.5,97
14.2105828056241,826,509,-317,-667.5,571.5,96
14.212729419341,827,509,-318,-668,572.5,95.5
14.2148760330579,827,509,-318,-668,572.5,95.5
14.2170226467747,826,509,-317,-667.5,571.5,96
14.2191692604916,824,509,-315,-666.5,569.5,97
14.2213158742084,825,509,-316,-667,570.5,96.5
14.2234624879253,825,509,-316,-667,570.5,96.5
14.2256091016422,825,509,-316,-667,570.5,96.5
14.227755715359,825,509,-316,-667,570.5,96.5
14.2299023290759,827,509,-318,-668,572.5,95.5
14.2320489427927,827,509,-318,-668,572.5,95.5
14.2341955565096,829,509,-320,-669,574.5,94.5
14.2363421702265,829,509,-320,-669,574.5,94.5
14.2384887839433,832,508,-324,-670,578,92
14.2406353976602,831,508,-323,-669.5,577,92.5
14.2427820113771,832,509,-323,-670.5,577.5,93
14.2449286250939,832,509,-323,-670.5,577.5,93
14.2470752388108,833,509,-324,-671,578.5,92.5
14.2492218525276,833,509,-324,-671,578.5,92.5
14.2513684662445,834,508,-326,-671,580,91
14.2535150799614,832,508,-324,-670,578,92
14.2556616936782,832,508,-324,-670,578,92
14.2578083073951,830,509,-321,-669.5,575.5,94
14.2599549211119,831,509,-322,-670,576.5,93.5
14.2621015348288,833,509,-324,-671,578.5,92.5
14.2642481485457,833,509,-324,-671,578.5,92.5
14.2663947622625,834,509,-325,-671.5,579.5,92
14.2685413759794,834,509,-325,-671.5,579.5,92
14.2706879896963,835,509,-326,-672,580.5,91.5
14.2728346034131,836,509,-327,-672.5,581.5,91
14.27498121713,837,509,-328,-673,582.5,90.5
14.2771278308468,838,509,-329,-673.5,583.5,90
14.2792744445637,837,509,-328,-673,582.5,90.5
14.2814210582806,837,509,-328,-673,582.5,90.5
14.2835676719974,837,509,-328,-673,582.5,90.5
14.2857142857143,836,509,-327,-672.5,581.5,91
14.2878608994311,837,508,-329,-672.5,583,89.5
14.290007513148,837,509,-328,-673,582.5,90.5
14.2921541268649,838,509,-329,-673.5,583.5,90
14.2943007405817,840,509,-331,-674.5,585.5,89
14.2964473542986,841,508,-333,-674.5,587,87.5
14.2985939680155,840,509,-331,-674.5,585.5,89
14.3007405817323,840,509,-331,-674.5,585.5,89
14.3028871954492,839,509,-330,-674,584.5,89.5
14.305033809166,839,509,-330,-674,584.5,89.5
14.3071804228829,841,509,-332,-675,586.5,88.5
14.3093270365998,841,509,-332,-675,586.5,88.5
14.3114736503166,844,509,-335,-676.5,589.5,87
14.3136202640335,844,509,-335,-676.5,589.5,87
14.3157668777503,844,509,-335,-676.5,589.5,87
14.3179134914672,844,509,-335,-676.5,589.5,87
14.3200601051841,844,508,-336,-676,590,86
14.3222067189009,842,509,-333,-675.5,587.5,88
14.3243533326178,843,509,-334,-676,588.5,87.5
14.3264999463347,845,509,-336,-677,590.5,86.5
14.3286465600515,843,509,-334,-676,588.5,87.5
14.3307931737684,845,509,-336,-677,590.5,86.5
14.3329397874852,846,508,-338,-677,592,85
14.3350864012021,847,509,-338,-678,592.5,85.5
14.337233014919,847,509,-338,-678,592.5,85.5
14.3393796286358,847,509,-338,-678,592.5,85.5
14.3415262423527,847,509,-338,-678,592.5,85.5
14.3436728560695,847,509,-338,-678,592.5,85.5
14.3458194697864,848,508,-340,-678,594,84
14.3479660835033,850,509,-341,-679.5,595.5,84
14.3501126972201,848,509,-339,-678.5,593.5,85
14.352259310937,847,509,-338,-678,592.5,85.5
14.3544059246539,847,509,-338,-678,592.5,85.5
14.3565525383707,848,509,-339,-678.5,593.5,85
14.3586991520876,846,509,-337,-677.5,591.5,86
14.3608457658044,846,509,-337,-677.5,591.5,86
14.3629923795213,848,509,-339,-678.5,593.5,85
14.3651389932382,848,509,-339,-678.5,593.5,85
14.367285606955,848,509,-339,-678.5,593.5,85
14.3694322206719,848,509,-339,-678.5,593.5,85
14.3715788343888,848,509,-339,-678.5,593.5,85
14.3737254481056,848,509,-339,-678.5,593.5,85
14.3758720618225,850,508,-342,-679,596,83
14.3780186755393,847,509,-338,-678,592.5,85.5
14.3801652892562,847,509,-338,-678,592.5,85.5
14.3823119029731,845,509,-336,-677,590.5,86.5
14.3844585166899,846,509,-337,-677.5,591.5,86
14.3866051304068,846,509,-337,-677.5,591.5,86
14.3887517441236,846,509,-337,-677.5,591.5,86
14.3908983578405,845,509,-336,-677,590.5,86.5
14.3930449715574,844,509,-335,-676.5,589.5,87
14.3951915852742,843,509,-334,-676,588.5,87.5
14.3973381989911,842,509,-333,-675.5,587.5,88
14.399484812708,841,509,-332,-675,586.5,88.5
14.4016314264248,840,509,-331,-674.5,585.5,89
14.4037780401417,839,509,-330,-674,584.5,89.5
14.4059246538585,839,509,-330,-674,584.5,89.5
14.4080712675754,838,509,-329,-673.5,583.5,90
14.4102178812923,837,509,-328,-673,582.5,90.5
14.4123644950091,836,509,-327,-672.5,581.5,91
14.414511108726,835,509,-326,-672,580.5,91.5
14.4166577224428,836,509,-327,-672.5,581.5,91
14.4188043361597,836,508,-328,-672,582,90
14.4209509498766,835,509,-326,-672,580.5,91.5
14.4230975635934,834,509,-325,-671.5,579.5,92
14.4252441773103,835,509,-326,-672,580.5,91.5
14.4273907910272,834,509,-325,-671.5,579.5,92
14.429537404744,833,509,-324,-671,578.5,92.5
14.4316840184609,831,509,-322,-670,576.5,93.5
14.4338306321777,833,509,-324,-671,578.5,92.5
14.4359772458946,834,509,-325,-671.5,579.5,92
14.4381238596115,835,509,-326,-672,580.5,91.5
14.4402704733283,834,508,-326,-671,580,91
14.4424170870452,834,509,-325,-671.5,579.5,92
14.444563700762,833,509,-324,-671,578.5,92.5
14.4467103144789,831,509,-322,-670,576.5,93.5
14.4488569281958,831,509,-322,-670,576.5,93.5
14.4510035419126,831,509,-322,-670,576.5,93.5
14.4531501556295,831,509,-322,-670,576.5,93.5
14.4552967693464,832,509,-323,-670.5,577.5,93
14.4574433830632,832,509,-323,-670.5,577.5,93
14.4595899967801,832,508,-324,-670,578,92
14.4617366104969,833,509,-324,-671,578.5,92.5
14.4638832242138,833,509,-324,-671,578.5,92.5
14.4660298379307,833,509,-324,-671,578.5,92.5
14.4681764516475,833,509,-324,-671,578.5,92.5
14.4703230653644,833,509,-324,-671,578.5,92.5
14.4724696790812,834,509,-325,-671.5,579.5,92
14.4746162927981,834,509,-325,-671.5,579.5,92
14.476762906515,833,509,-324,-671,578.5,92.5
14.4789095202318,833,508,-325,-670.5,579,91.5
14.4810561339487,834,509,-325,-671.5,579.5,92
14.4832027476656,833,509,-324,-671,578.5,92.5
14.4853493613824,833,509,-324,-671,578.5,92.5
14.4874959750993,835,509,-326,-672,580.5,91.5
14.4896425888161,833,509,-324,-671,578.5,92.5
14.491789202533,834,509,-325,-671.5,579.5,92
14.4939358162499,834,509,-325,-671.5,579.5,92
14.4960824299667,832,509,-323,-670.5,577.5,93
14.4982290436836,834,509,-325,-671.5,579.5,92
14.5003756574005,834,509,-325,-671.5,579.5,92
14.5025222711173,836,509,-327,-672.5,581.5,91
14.5046688848342,837,509,-328,-673,582.5,90.5
14.506815498551,838,509,-329,-673.5,583.5,90
14.5089621122679,837,509,-328,-673,582.5,90.5
14.5111087259848,836,509,-327,-672.5,581.5,91
14.5132553397016,835,509,-326,-672,580.5,91.5
14.5154019534185,836,509,-327,-672.5,581.5,91
14.5175485671353,835,509,-326,-672,580.5,91.5
14.5196951808522,835,509,-326,-672,580.5,91.5
14.5218417945691,835,509,-326,-672,580.5,91.5
14.5239884082859,835,509,-326,-672,580.5,91.5
14.5261350220028,836,509,-327,-672.5,581.5,91
14.5282816357197,837,509,-328,-673,582.5,90.5
14.5304282494365,837,509,-328,-673,582.5,90.5
14.5325748631534,837,509,-328,-673,582.5,90.5
14.5347214768702,838,509,-329,-673.5,583.5,90
14.5368680905871,839,508,-331,-673.5,585,88.5
14.539014704304,838,509,-329,-673.5,583.5,90
14.5411613180208,837,509,-328,-673,582.5,90.5
14.5433079317377,837,509,-328,-673,582.5,90.5
14.5454545454545,837,509,-328,-673,582.5,90.5
14.5476011591714,835,509,-326,-672,580.5,91.5
14.5497477728883,836,509,-327,-672.5,581.5,91
14.5518943866051,836,509,-327,-672.5,581.5,91
14.554041000322,837,509,-328,-673,582.5,90.5
14.5561876140389,838,509,-329,-673.5,583.5,90
14.5583342277557,838,509,-329,-673.5,583.5,90
14.5604808414726,839,509,-330,-674,584.5,89.5
14.5626274551894,839,509,-330,-674,584.5,89.5
14.5647740689063,839,509,-330,-674,584.5,89.5
14.5669206826232,839,509,-330,-674,584.5,89.5
14.56906729634,838,509,-329,-673.5,583.5,90
14.5712139100569,836,509,-327,-672.5,581.5,91
14.5733605237737,837,509,-328,-673,582.5,90.5
14.5755071374906,839,509,-330,-674,584.5,89.5
14.5776537512075,837,509,-328,-673,582.5,90.5
14.5798003649243,838,509,-329,-673.5,583.5,90
14.5819469786412,838,509,-329,-673.5,583.5,90
14.5840935923581,839,509,-330,-674,584.5,89.5
14.5862402060749,839,509,-330,-674,584.5,89.5
14.5883868197918,839,509,-330,-674,584.5,89.5
14.5905334335086,839,508,-331,-673.5,585,88.5
14.5926800472255,839,509,-330,-674,584.5,89.5
14.5948266609424,838,509,-329,-673.5,583.5,90
14.5969732746592,838,509,-329,-673.5,583.5,90
14.5991198883761,838,509,-329,-673.5,583.5,90
14.6012665020929,838,509,-329,-673.5,583.5,90
14.6034131158098,839,509,-330,-674,584.5,89.5
14.6055597295267,838,509,-329,-673.5,583.5,90
14.6077063432435,837,509,-328,-673,582.5,90.5
14.6098529569604,836,509,-327,-672.5,581.5,91
14.6119995706773,838,509,-329,-673.5,583.5,90
14.6141461843941,838,509,-329,-673.5,583.5,90
14.616292798111,836,509,-327,-672.5,581.5,91
14.6184394118278,838,509,-329,-673.5,583.5,90
14.6205860255447,838,509,-329,-673.5,583.5,90
14.6227326392616,838,509,-329,-673.5,583.5,90
14.6248792529784,837,509,-328,-673,582.5,90.5
14.6270258666953,837,509,-328,-673,582.5,90.5
14.6291724804121,838,509,-329,-673.5,583.5,90
14.631319094129,839,509,-330,-674,584.5,89.5
14.6334657078459,838,509,-329,-673.5,583.5,90
14.6356123215627,838,509,-329,-673.5,583.5,90
14.6377589352796,838,509,-329,-673.5,583.5,90
14.6399055489965,838,509,-329,-673.5,583.5,90
14.6420521627133,839,509,-330,-674,584.5,89.5
14.6441987764302,837,509,-328,-673,582.5,90.5
14.646345390147,839,509,-330,-674,584.5,89.5
14.6484920038639,840,509,-331,-674.5,585.5,89
14.6506386175808,842,509,-333,-675.5,587.5,88
14.6527852312976,841,509,-332,-675,586.5,88.5
14.6549318450145,843,509,-334,-676,588.5,87.5
14.6570784587314,843,509,-334,-676,588.5,87.5
14.6592250724482,842,509,-333,-675.5,587.5,88
14.6613716861651,842,508,-334,-675,588,87
14.6635182998819,839,509,-330,-674,584.5,89.5
14.6656649135988,838,508,-330,-673,584,89
14.6678115273157,839,509,-330,-674,584.5,89.5
14.6699581410325,839,509,-330,-674,584.5,89.5
14.6721047547494,840,509,-331,-674.5,585.5,89
14.6742513684662,839,509,-330,-674,584.5,89.5
14.6763979821831,840,509,-331,-674.5,585.5,89
14.6785445959,839,509,-330,-674,584.5,89.5
14.6806912096168,839,509,-330,-674,584.5,89.5
14.6828378233337,839,509,-330,-674,584.5,89.5
14.6849844370506,838,509,-329,-673.5,583.5,90
14.6871310507674,838,508,-330,-673,584,89
14.6892776644843,836,509,-327,-672.5,581.5,91
14.6914242782011,834,509,-325,-671.5,579.5,92
14.693570891918,834,509,-325,-671.5,579.5,92
14.6957175056349,831,509,-322,-670,576.5,93.5
14.6978641193517,830,509,-321,-669.5,575.5,94
14.7000107330686,830,509,-321,-669.5,575.5,94
14.7021573467854,829,509,-320,-669,574.5,94.5
14.7043039605023,829,509,-320,-669,574.5,94.5
14.7064505742192,829,509,-320,-669,574.5,94.5
14.708597187936,829,509,-320,-669,574.5,94.5
14.7107438016529,828,509,-319,-668.5,573.5,95
14.7128904153698,829,509,-320,-669,574.5,94.5
14.7150370290866,828,509,-319,-668.5,573.5,95
14.7171836428035,826,509,-317,-667.5,571.5,96
14.7193302565203,827,509,-318,-668,572.5,95.5
14.7214768702372,825,509,-316,-667,570.5,96.5
14.7236234839541,824,509,-315,-666.5,569.5,97
14.7257700976709,824,509,-315,-666.5,569.5,97
14.7279167113878,824,508,-316,-666,570,96
14.7300633251046,824,509,-315,-666.5,569.5,97
14.7322099388215,823,509,-314,-666,568.5,97.5
14.7343565525384,824,509,-315,-666.5,569.5,97
14.7365031662552,825,509,-316,-667,570.5,96.5
14.7386497799721,826,509,-317,-667.5,571.5,96
14.740796393689,827,509,-318,-668,572.5,95.5
14.7429430074058,826,509,-317,-667.5,571.5,96
14.7450896211227,826,509,-317,-667.5,571.5,96
14.7472362348395,827,508,-319,-667.5,573,94.5
14.7493828485564,826,509,-317,-667.5,571.5,96
14.7515294622733,825,509,-316,-667,570.5,96.5
14.7536760759901,826,509,-317,-667.5,571.5,96
14.755822689707,826,509,-317,-667.5,571.5,96
14.7579693034238,826,509,-317,-667.5,571.5,96
14.7601159171407,825,509,-316,-667,570.5,96.5
14.7622625308576,821,509,-312,-665,566.5,98.5
14.7644091445744,820,509,-311,-664.5,565.5,99
14.7665557582913,818,509,-309,-663.5,563.5,100
14.7687023720082,818,508,-310,-663,564,99
14.770848985725,821,509,-312,-665,566.5,98.5
14.7729955994419,822,509,-313,-665.5,567.5,98
14.7751422131587,823,509,-314,-666,568.5,97.5
14.7772888268756,825,509,-316,-667,570.5,96.5
14.7794354405925,828,509,-319,-668.5,573.5,95
14.7815820543093,833,509,-324,-671,578.5,92.5
14.7837286680262,840,509,-331,-674.5,585.5,89
14.785875281743,846,509,-337,-677.5,591.5,86
14.7880218954599,851,509,-342,-680,596.5,83.5
14.7901685091768,855,509,-346,-682,600.5,81.5
14.7923151228936,860,509,-351,-684.5,605.5,79
14.7944617366105,864,509,-355,-686.5,609.5,77
14.7966083503274,870,509,-361,-689.5,615.5,74
14.7987549640442,880,509,-371,-694.5,625.5,69
14.8009015777611,884,509,-375,-696.5,629.5,67
14.8030481914779,876,509,-367,-692.5,621.5,71
14.8051948051948,867,509,-358,-688,612.5,75.5
14.8073414189117,860,509,-351,-684.5,605.5,79
14.8094880326285,855,509,-346,-682,600.5,81.5
14.8116346463454,851,509,-342,-680,596.5,83.5
14.8137812600623,841,509,-332,-675,586.5,88.5
14.8159278737791,830,508,-322,-669,576,93
14.818074487496,820,509,-311,-664.5,565.5,99
14.8202211012128,815,509,-306,-662,560.5,101.5
14.8223677149297,814,509,-305,-661.5,559.5,102
14.8245143286466,814,509,-305,-661.5,559.5,102
14.8266609423634,817,509,-308,-663,562.5,100.5
14.8288075560803,820,509,-311,-664.5,565.5,99
14.8309541697971,820,509,-311,-664.5,565.5,99
14.833100783514,821,509,-312,-665,566.5,98.5
14.8352473972309,821,509,-312,-665,566.5,98.5
14.8373940109477,822,509,-313,-665.5,567.5,98
14.8395406246646,820,509,-311,-664.5,565.5,99
14.8416872383815,818,509,-309,-663.5,563.5,100
14.8438338520983,816,509,-307,-662.5,561.5,101
14.8459804658152,815,509,-306,-662,560.5,101.5
14.848127079532,816,509,-307,-662.5,561.5,101
14.8502736932489,817,509,-308,-663,562.5,100.5
14.8524203069658,816,509,-307,-662.5,561.5,101
14.8545669206826,816,509,-307,-662.5,561.5,101
14.8567135343995,815,509,-306,-662,560.5,101.5
14.8588601481163,816,509,-307,-662.5,561.5,101
14.8610067618332,816,509,-307,-662.5,561.5,101
14.8631533755501,816,509,-307,-662.5,561.5,101
14.8652999892669,818,509,-309,-663.5,563.5,100
14.8674466029838,819,509,-310,-664,564.5,99.5
14.8695932167007,820,509,-311,-664.5,565.5,99
14.8717398304175,821,509,-312,-665,566.5,98.5
14.8738864441344,823,509,-314,-666,568.5,97.5
14.8760330578512,822,509,-313,-665.5,567.5,98
14.8781796715681,821,508,-313,-664.5,567,97.5
14.880326285285,820,509,-311,-664.5,565.5,99
14.8824728990018,820,509,-311,-664.5,565.5,99
14.8846195127187,821,509,-312,-665,566.5,98.5
14.8867661264355,821,509,-312,-665,566.5,98.5
14.8889127401524,822,509,-313,-665.5,567.5,98
14.8910593538693,824,509,-315,-666.5,569.5,97
14.8932059675861,823,509,-314,-666,568.5,97.5
14.895352581303,823,509,-314,-666,568.5,97.5
14.8974991950199,824,509,-315,-666.5,569.5,97
14.8996458087367,824,509,-315,-666.5,569.5,97
14.9017924224536,824,509,-315,-666.5,569.5,97
14.9039390361704,823,509,-314,-666,568.5,97.5
14.9060856498873,824,509,-315,-666.5,569.5,97
14.9082322636042,824,509,-315,-666.5,569.5,97
14.910378877321,824,509,-315,-666.5,569.5,97
14.9125254910379,826,509,-317,-667.5,571.5,96
14.9146721047547,826,509,-317,-667.5,571.5,96
14.9168187184716,827,509,-318,-668,572.5,95.5
14.9189653321885,825,509,-316,-667,570.5,96.5
14.9211119459053,825,509,-316,-667,570.5,96.5
14.9232585596222,824,509,-315,-666.5,569.5,97
14.9254051733391,825,509,-316,-667,570.5,96.5
14.9275517870559,825,509,-316,-667,570.5,96.5
14.9296984007728,825,509,-316,-667,570.5,96.5
14.9318450144896,825,509,-316,-667,570.5,96.5
14.9339916282065,826,509,-317,-667.5,571.5,96
14.9361382419234,827,509,-318,-668,572.5,95.5
14.9382848556402,829,509,-320,-669,574.5,94.5
14.9404314693571,828,509,-319,-668.5,573.5,95
14.942578083074,830,509,-321,-669.5,575.5,94
14.9447246967908,829,509,-320,-669,574.5,94.5
14.9468713105077,829,509,-320,-669,574.5,94.5
14.9490179242245,828,509,-319,-668.5,573.5,95
14.9511645379414,827,509,-318,-668,572.5,95.5
14.9533111516583,830,508,-322,-669,576,93
14.9554577653751,828,509,-319,-668.5,573.5,95
14.957604379092,829,509,-320,-669,574.5,94.5
14.9597509928088,829,509,-320,-669,574.5,94.5
14.9618976065257,829,509,-320,-669,574.5,94.5
14.9640442202426,829,509,-320,-669,574.5,94.5
14.9661908339594,829,509,-320,-669,574.5,94.5
14.9683374476763,828,509,-319,-668.5,573.5,95
14.9704840613932,829,509,-320,-669,574.5,94.5
14.97263067511,831,509,-322,-670,576.5,93.5
14.9747772888269,831,509,-322,-670,576.5,93.5
14.9769239025437,833,509,-324,-671,578.5,92.5
14.9790705162606,834,508,-326,-671,580,91
14.9812171299775,836,509,-327,-672.5,581.5,91
14.9833637436943,834,509,-325,-671.5,579.5,92
14.9855103574112,836,509,-327,-672.5,581.5,91
14.987656971128,835,508,-327,-671.5,581,90.5
14.9898035848449,836,509,-327,-672.5,581.5,91
14.9919501985618,837,509,-328,-673,582.5,90.5
14.9940968122786,835,508,-327,-671.5,581,90.5
14.9962434259955,834,509,-325,-671.5,579.5,92
14.9983900397124,836,509,-327,-672.5,581.5,91
15.0005366534292,836,508,-328,-672,582,90
15.0026832671461,835,509,-326,-672,580.5,91.5
15.0048298808629,835,508,-327,-671.5,581,90.5
15.0069764945798,835,508,-327,-671.5,581,90.5
15.0091231082967,837,509,-328,-673,582.5,90.5
15.0112697220135,837,509,-328,-673,582.5,90.5
15.0134163357304,837,509,-328,-673,582.5,90.5
15.0155629494472,836,509,-327,-672.5,581.5,91
15.0177095631641,836,509,-327,-672.5,581.5,91
15.019856176881,838,509,-329,-673.5,583.5,90
15.0220027905978,838,509,-329,-673.5,583.5,90
15.0241494043147,839,509,-330,-674,584.5,89.5
15.0262960180316,840,509,-331,-674.5,585.5,89
15.0284426317484,839,509,-330,-674,584.5,89.5
15.0305892454653,840,509,-331,-674.5,585.5,89
15.0327358591821,838,508,-330,-673,584,89
15.034882472899,837,509,-328,-673,582.5,90.5
15.0370290866159,838,509,-329,-673.5,583.5,90
15.0391757003327,838,509,-329,-673.5,583.5,90
15.0413223140496,838,509,-329,-673.5,583.5,90
15.0434689277664,836,509,-327,-672.5,581.5,91
15.0456155414833,836,509,-327,-672.5,581.5,91
15.0477621552002,836,509,-327,-672.5,581.5,91
15.049908768917,833,508,-325,-670.5,579,91.5
15.0520553826339,831,509,-322,-670,576.5,93.5
15.0542019963508,831,509,-322,-670,576.5,93.5
15.0563486100676,829,509,-320,-669,574.5,94.5
15.0584952237845,831,509,-322,-670,576.5,93.5
15.0606418375013,829,509,-320,-669,574.5,94.5
15.0627884512182,830,509,-321,-669.5,575.5,94
15.0649350649351,829,509,-320,-669,574.5,94.5
15.0670816786519,829,509,-320,-669,574.5,94.5
15.0692282923688,827,509,-318,-668,572.5,95.5
15.0713749060856,826,509,-317,-667.5,571.5,96
15.0735215198025,825,509,-316,-667,570.5,96.5
15.0756681335194,826,508,-318,-667,572,95
15.0778147472362,823,509,-314,-666,568.5,97.5
15.0799613609531,821,509,-312,-665,566.5,98.5
15.08210797467,821,509,-312,-665,566.5,98.5
15.0842545883868,819,509,-310,-664,564.5,99.5
15.0864012021037,817,509,-308,-663,562.5,100.5
15.0885478158205,815,509,-306,-662,560.5,101.5
15.0906944295374,813,509,-304,-661,558.5,102.5
15.0928410432543,814,509,-305,-661.5,559.5,102
15.0949876569711,816,509,-307,-662.5,561.5,101
15.097134270688,818,509,-309,-663.5,563.5,100
15.0992808844049,819,509,-310,-664,564.5,99.5
15.1014274981217,818,509,-309,-663.5,563.5,100
15.1035741118386,820,509,-311,-664.5,565.5,99
15.1057207255554,819,509,-310,-664,564.5,99.5
15.1078673392723,819,509,-310,-664,564.5,99.5
15.1100139529892,818,509,-309,-663.5,563.5,100
15.112160566706,815,509,-306,-662,560.5,101.5
15.1143071804229,817,509,-308,-663,562.5,100.5
15.1164537941397,817,509,-308,-663,562.5,100.5
15.1186004078566,817,509,-308,-663,562.5,100.5
15.1207470215735,818,509,-309,-663.5,563.5,100
15.1228936352903,819,509,-310,-664,564.5,99.5
15.1250402490072,819,509,-310,-664,564.5,99.5
15.1271868627241,820,509,-311,-664.5,565.5,99
15.1293334764409,820,509,-311,-664.5,565.5,99
15.1314800901578,818,508,-310,-663,564,99
15.1336267038746,817,509,-308,-663,562.5,100.5
15.1357733175915,817,509,-308,-663,562.5,100.5
15.1379199313084,818,509,-309,-663.5,563.5,100
15.1400665450252,819,509,-310,-664,564.5,99.5
15.1422131587421,818,508,-310,-663,564,99
15.1443597724589,822,509,-313,-665.5,567.5,98
15.1465063861758,822,509,-313,-665.5,567.5,98
15.1486529998927,822,509,-313,-665.5,567.5,98
15.1507996136095,822,509,-313,-665.5,567.5,98
15.1529462273264,823,509,-314,-666,568.5,97.5
15.1550928410433,823,509,-314,-666,568.5,97.5
15.1572394547601,822,509,-313,-665.5,567.5,98
15.159386068477,822,509,-313,-665.5,567.5,98
15.1615326821938,821,509,-312,-665,566.5,98.5
15.1636792959107,821,509,-312,-665,566.5,98.5
15.1658259096276,821,509,-312,-665,566.5,98.5
15.1679725233444,824,509,-315,-666.5,569.5,97
15.1701191370613,824,509,-315,-666.5,569.5,97
15.1722657507781,825,509,-316,-667,570.5,96.5
15.174412364495,825,509,-316,-667,570.5,96.5
15.1765589782119,828,508,-320,-668,574,94
15.1787055919287,829,509,-320,-669,574.5,94.5
15.1808522056456,828,509,-319,-668.5,573.5,95
15.1829988193625,828,509,-319,-668.5,573.5,95
15.1851454330793,826,509,-317,-667.5,571.5,96
15.1872920467962,826,509,-317,-667.5,571.5,96
15.189438660513,829,508,-321,-668.5,575,93.5
15.1915852742299,830,509,-321,-669.5,575.5,94
15.1937318879468,830,509,-321,-669.5,575.5,94
15.1958785016636,831,509,-322,-670,576.5,93.5
15.1980251153805,831,509,-322,-670,576.5,93.5
15.2001717290973,832,509,-323,-670.5,577.5,93
15.2023183428142,830,509,-321,-669.5,575.5,94
15.2044649565311,830,508,-322,-669,576,93
15.2066115702479,830,509,-321,-669.5,575.5,94
15.2087581839648,831,509,-322,-670,576.5,93.5
15.2109047976817,832,509,-323,-670.5,577.5,93
15.2130514113985,832,509,-323,-670.5,577.5,93
15.2151980251154,832,509,-323,-670.5,577.5,93
15.2173446388322,832,509,-323,-670.5,577.5,93
15.2194912525491,832,509,-323,-670.5,577.5,93
15.221637866266,832,509,-323,-670.5,577.5,93
15.2237844799828,831,509,-322,-670,576.5,93.5
15.2259310936997,834,509,-325,-671.5,579.5,92
15.2280777074165,832,509,-323,-670.5,577.5,93
15.2302243211334,832,509,-323,-670.5,577.5,93
15.2323709348503,833,509,-324,-671,578.5,92.5
15.2345175485671,833,509,-324,-671,578.5,92.5
15.236664162284,833,509,-324,-671,578.5,92.5
15.2388107760009,833,509,-324,-671,578.5,92.5
15.2409573897177,833,509,-324,-671,578.5,92.5
15.2431040034346,833,509,-324,-671,578.5,92.5
15.2452506171514,832,509,-323,-670.5,577.5,93
15.2473972308683,831,509,-322,-670,576.5,93.5
15.2495438445852,830,509,-321,-669.5,575.5,94
15.251690458302,827,509,-318,-668,572.5,95.5
15.2538370720189,829,509,-320,-669,574.5,94.5
15.2559836857358,828,509,-319,-668.5,573.5,95
15.2581302994526,829,509,-320,-669,574.5,94.5
15.2602769131695,828,509,-319,-668.5,573.5,95
15.2624235268863,830,509,-321,-669.5,575.5,94
15.2645701406032,830,509,-321,-669.5,575.5,94
15.2667167543201,829,509,-320,-669,574.5,94.5
15.2688633680369,830,509,-321,-669.5,575.5,94
15.2710099817538,828,509,-319,-668.5,573.5,95
15.2731565954706,827,509,-318,-668,572.5,95.5
15.2753032091875,827,509,-318,-668,572.5,95.5
15.2774498229044,827,509,-318,-668,572.5,95.5
15.2795964366212,829,509,-320,-669,574.5,94.5
15.2817430503381,827,509,-318,-668,572.5,95.5
15.283889664055,828,509,-319,-668.5,573.5,95
15.2860362777718,826,509,-317,-667.5,571.5,96
15.2881828914887,826,509,-317,-667.5,571.5,96
15.2903295052055,825,509,-316,-667,570.5,96.5
15.2924761189224,824,509,-315,-666.5,569.5,97
15.2946227326393,822,509,-313,-665.5,567.5,98
15.2967693463561,822,509,-313,-665.5,567.5,98
15.298915960073,824,509,-315,-666.5,569.5,97
15.3010625737898,824,509,-315,-666.5,569.5,97
15.3032091875067,824,509,-315,-666.5,569.5,97
15.3053558012236,825,509,-316,-667,570.5,96.5
15.3075024149404,824,509,-315,-666.5,569.5,97
15.3096490286573,824,509,-315,-666.5,569.5,97
15.3117956423742,824,509,-315,-666.5,569.5,97
15.313942256091,823,509,-314,-666,568.5,97.5
15.3160888698079,825,509,-316,-667,570.5,96.5
15.3182354835247,824,509,-315,-666.5,569.5,97
15.3203820972416,825,509,-316,-667,570.5,96.5
15.3225287109585,824,509,-315,-666.5,569.5,97
15.3246753246753,823,509,-314,-666,568.5,97.5
15.3268219383922,822,509,-313,-665.5,567.5,98
15.328968552109,823,509,-314,-666,568.5,97.5
15.3311151658259,821,509,-312,-665,566.5,98.5
15.3332617795428,822,509,-313,-665.5,567.5,98
15.3354083932596,823,509,-314,-666,568.5,97.5
15.3375550069765,823,509,-314,-666,568.5,97.5
15.3397016206934,824,509,-315,-666.5,569.5,97
15.3418482344102,824,509,-315,-666.5,569.5,97
15.3439948481271,826,509,-317,-667.5,571.5,96
15.3461414618439,826,509,-317,-667.5,571.5,96
15.3482880755608,826,509,-317,-667.5,571.5,96
15.3504346892777,827,509,-318,-668,572.5,95.5
15.3525813029945,826,509,-317,-667.5,571.5,96
15.3547279167114,824,509,-315,-666.5,569.5,97
15.3568745304282,824,509,-315,-666.5,569.5,97
15.3590211441451,822,508,-314,-665,568,97
15.361167757862,823,509,-314,-666,568.5,97.5
15.3633143715788,823,509,-314,-666,568.5,97.5
15.3654609852957,823,509,-314,-666,568.5,97.5
15.3676075990126,822,509,-313,-665.5,567.5,98
15.3697542127294,823,509,-314,-666,568.5,97.5
15.3719008264463,821,509,-312,-665,566.5,98.5
15.3740474401631,819,509,-310,-664,564.5,99.5
15.37619405388,819,509,-310,-664,564.5,99.5
15.3783406675969,819,509,-310,-664,564.5,99.5
15.3804872813137,817,509,-308,-663,562.5,100.5
15.3826338950306,817,509,-308,-663,562.5,100.5
15.3847805087475,818,509,-309,-663.5,563.5,100
15.3869271224643,817,509,-308,-663,562.5,100.5
15.3890737361812,818,508,-310,-663,564,99
15.391220349898,814,509,-305,-661.5,559.5,102
15.3933669636149,813,509,-304,-661,558.5,102.5
15.3955135773318,812,509,-303,-660.5,557.5,103
15.3976601910486,809,508,-301,-658.5,555,103.5
15.3998068047655,809,509,-300,-659,554.5,104.5
15.4019534184823,810,509,-301,-659.5,555.5,104
15.4041000321992,809,509,-300,-659,554.5,104.5
15.4062466459161,809,509,-300,-659,554.5,104.5
15.4083932596329,810,509,-301,-659.5,555.5,104
15.4105398733498,811,509,-302,-660,556.5,103.5
15.4126864870667,814,508,-306,-661,560,101
15.4148331007835,816,508,-308,-662,562,100
15.4169797145004,816,509,-307,-662.5,561.5,101
15.4191263282172,816,509,-307,-662.5,561.5,101
15.4212729419341,816,509,-307,-662.5,561.5,101
15.423419555651,816,509,-307,-662.5,561.5,101
15.4255661693678,814,509,-305,-661.5,559.5,102
15.4277127830847,812,509,-303,-660.5,557.5,103
15.4298593968015,812,508,-304,-660,558,102
15.4320060105184,809,509,-300,-659,554.5,104.5
15.4341526242353,811,509,-302,-660,556.5,103.5
15.4362992379521,812,509,-303,-660.5,557.5,103
15.438445851669,811,509,-302,-660,556.5,103.5
15.4405924653859,813,509,-304,-661,558.5,102.5
15.4427390791027,813,509,-304,-661,558.5,102.5
15.4448856928196,812,509,-303,-660.5,557.5,103
15.4470323065364,812,509,-303,-660.5,557.5,103
15.4491789202533,812,509,-303,-660.5,557.5,103
15.4513255339702,811,509,-302,-660,556.5,103.5
15.453472147687,808,508,-300,-658,554,104
15.4556187614039,807,509,-298,-658,552.5,105.5
15.4577653751207,809,509,-300,-659,554.5,104.5
15.4599119888376,810,509,-301,-659.5,555.5,104
15.4620586025545,810,509,-301,-659.5,555.5,104
15.4642052162713,810,509,-301,-659.5,555.5,104
15.4663518299882,811,509,-302,-660,556.5,103.5
15.4684984437051,813,509,-304,-661,558.5,102.5
15.4706450574219,818,509,-309,-663.5,563.5,100
15.4727916711388,823,509,-314,-666,568.5,97.5
15.4749382848556,831,508,-323,-669.5,577,92.5
15.4770848985725,839,509,-330,-674,584.5,89.5
15.4792315122894,847,509,-338,-678,592.5,85.5
15.4813781260062,850,509,-341,-679.5,595.5,84
15.4835247397231,854,509,-345,-681.5,599.5,82
15.4856713534399,861,509,-352,-685,606.5,78.5
15.4878179671568,863,509,-354,-686,608.5,77.5
15.4899645808737,865,509,-356,-687,610.5,76.5
15.4921111945905,865,509,-356,-687,610.5,76.5
15.4942578083074,863,509,-354,-686,608.5,77.5
15.4964044220243,860,509,-351,-684.5,605.5,79
15.4985510357411,857,509,-348,-683,602.5,80.5
15.500697649458,852,509,-343,-680.5,597.5,83
15.5028442631748,845,508,-337,-676.5,591,85.5
15.5049908768917,831,509,-322,-670,576.5,93.5
15.5071374906086,820,509,-311,-664.5,565.5,99
15.5092841043254,809,509,-300,-659,554.5,104.5
15.5114307180423,803,509,-294,-656,548.5,107.5
15.5135773317591,799,509,-290,-654,544.5,109.5
15.515723945476,799,509,-290,-654,544.5,109.5
15.5178705591929,800,509,-291,-654.5,545.5,109
15.5200171729097,801,509,-292,-655,546.5,108.5
15.5221637866266,804,509,-295,-656.5,549.5,107
15.5243104003435,805,509,-296,-657,550.5,106.5
15.5264570140603,807,509,-298,-658,552.5,105.5
15.5286036277772,807,509,-298,-658,552.5,105.5
15.530750241494,806,509,-297,-657.5,551.5,106
15.5328968552109,805,508,-297,-656.5,551,105.5
15.5350434689278,805,509,-296,-657,550.5,106.5
15.5371900826446,804,509,-295,-656.5,549.5,107
15.5393366963615,803,509,-294,-656,548.5,107.5
15.5414833100784,804,509,-295,-656.5,549.5,107
15.5436299237952,804,509,-295,-656.5,549.5,107
15.5457765375121,804,509,-295,-656.5,549.5,107
15.5479231512289,804,509,-295,-656.5,549.5,107
15.5500697649458,804,509,-295,-656.5,549.5,107
15.5522163786627,805,509,-296,-657,550.5,106.5
15.5543629923795,807,509,-298,-658,552.5,105.5
15.5565096060964,805,509,-296,-657,550.5,106.5
15.5586562198132,806,509,-297,-657.5,551.5,106
15.5608028335301,806,509,-297,-657.5,551.5,106
15.562949447247,806,509,-297,-657.5,551.5,106
15.5650960609638,805,509,-296,-657,550.5,106.5
15.5672426746807,804,509,-295,-656.5,549.5,107
15.5693892883976,803,509,-294,-656,548.5,107.5
15.5715359021144,805,509,-296,-657,550.5,106.5
15.5736825158313,807,509,-298,-658,552.5,105.5
15.5758291295481,809,509,-300,-659,554.5,104.5
15.577975743265,811,509,-302,-660,556.5,103.5
15.5801223569819,811,509,-302,-660,556.5,103.5
15.5822689706987,810,509,-301,-659.5,555.5,104
15.5844155844156,807,509,-298,-658,552.5,105.5
15.5865621981324,806,509,-297,-657.5,551.5,106
15.5887088118493,806,509,-297,-657.5,551.5,106
15.5908554255662,807,509,-298,-658,552.5,105.5
15.593002039283,808,509,-299,-658.5,553.5,105
15.5951486529999,807,509,-298,-658,552.5,105.5
15.5972952667168,808,509,-299,-658.5,553.5,105
15.5994418804336,809,509,-300,-659,554.5,104.5
15.6015884941505,810,509,-301,-659.5,555.5,104
15.6037351078673,811,509,-302,-660,556.5,103.5
15.6058817215842,811,509,-302,-660,556.5,103.5
15.6080283353011,809,509,-300,-659,554.5,104.5
15.6101749490179,810,509,-301,-659.5,555.5,104
15.6123215627348,811,509,-302,-660,556.5,103.5
15.6144681764516,811,509,-302,-660,556.5,103.5
15.6166147901685,811,509,-302,-660,556.5,103.5
15.6187614038854,811,509,-302,-660,556.5,103.5
15.6209080176022,812,509,-303,-660.5,557.5,103
15.6230546313191,815,509,-306,-662,560.5,101.5
15.625201245036,814,509,-305,-661.5,559.5,102
15.6273478587528,815,509,-306,-662,560.5,101.5
15.6294944724697,813,509,-304,-661,558.5,102.5
15.6316410861865,812,509,-303,-660.5,557.5,103
15.6337876999034,811,509,-302,-660,556.5,103.5
15.6359343136203,812,509,-303,-660.5,557.5,103
15.6380809273371,814,509,-305,-661.5,559.5,102
15.640227541054,814,509,-305,-661.5,559.5,102
15.6423741547708,815,509,-306,-662,560.5,101.5
15.6445207684877,816,509,-307,-662.5,561.5,101
15.6466673822046,817,509,-308,-663,562.5,100.5
15.6488139959214,816,509,-307,-662.5,561.5,101
15.6509606096383,815,509,-306,-662,560.5,101.5
15.6531072233552,814,509,-305,-661.5,559.5,102
15.655253837072,815,509,-306,-662,560.5,101.5
15.6574004507889,814,508,-306,-661,560,101
15.6595470645057,816,509,-307,-662.5,561.5,101
15.6616936782226,816,509,-307,-662.5,561.5,101
15.6638402919395,817,509,-308,-663,562.5,100.5
15.6659869056563,818,509,-309,-663.5,563.5,100
15.6681335193732,818,509,-309,-663.5,563.5,100
15.67028013309,818,509,-309,-663.5,563.5,100
15.6724267468069,816,509,-307,-662.5,561.5,101
15.6745733605238,819,509,-310,-664,564.5,99.5
15.6767199742406,820,509,-311,-664.5,565.5,99
15.6788665879575,821,509,-312,-665,566.5,98.5
15.6810132016744,820,509,-311,-664.5,565.5,99
15.6831598153912,821,509,-312,-665,566.5,98.5
15.6853064291081,821,509,-312,-665,566.5,98.5
15.6874530428249,823,509,-314,-666,568.5,97.5
15.6895996565418,823,509,-314,-666,568.5,97.5
15.6917462702587,824,509,-315,-666.5,569.5,97
15.6938928839755,825,509,-316,-667,570.5,96.5
15.6960394976924,826,509,-317,-667.5,571.5,96
15.6981861114093,824,509,-315,-666.5,569.5,97
15.7003327251261,825,509,-316,-667,570.5,96.5
15.702479338843,824,509,-315,-666.5,569.5,97
15.7046259525598,824,509,-315,-666.5,569.5,97
15.7067725662767,825,509,-316,-667,570.5,96.5
15.7089191799936,825,509,-316,-667,570.5,96.5
15.7110657937104,826,509,-317,-667.5,571.5,96
15.7132124074273,827,509,-318,-668,572.5,95.5
15.7153590211441,826,509,-317,-667.5,571.5,96
15.717505634861,827,509,-318,-668,572.5,95.5
15.7196522485779,826,509,-317,-667.5,571.5,96
15.7217988622947,827,509,-318,-668,572.5,95.5
15.7239454760116,827,509,-318,-668,572.5,95.5
15.7260920897285,827,509,-318,-668,572.5,95.5
15.7282387034453,826,509,-317,-667.5,571.5,96
15.7303853171622,825,509,-316,-667,570.5,96.5
15.732531930879,824,508,-316,-666,570,96
15.7346785445959,824,509,-315,-666.5,569.5,97
15.7368251583128,824,509,-315,-666.5,569.5,97
15.7389717720296,823,509,-314,-666,568.5,97.5
15.7411183857465,824,509,-315,-666.5,569.5,97
15.7432649994633,825,509,-316,-667,570.5,96.5
15.7454116131802,822,508,-314,-665,568,97
15.7475582268971,823,509,-314,-666,568.5,97.5
15.7497048406139,821,509,-312,-665,566.5,98.5
15.7518514543308,820,509,-311,-664.5,565.5,99
15.7539980680477,819,509,-310,-664,564.5,99.5
15.7561446817645,819,509,-310,-664,564.5,99.5
15.7582912954814,817,509,-308,-663,562.5,100.5
15.7604379091982,814,508,-306,-661,560,101
15.7625845229151,814,509,-305,-661.5,559.5,102
15.764731136632,815,509,-306,-662,560.5,101.5
15.7668777503488,816,509,-307,-662.5,561.5,101
15.7690243640657,816,509,-307,-662.5,561.5,101
15.7711709777825,813,509,-304,-661,558.5,102.5
15.7733175914994,811,509,-302,-660,556.5,103.5
15.7754642052163,812,509,-303,-660.5,557.5,103
15.7776108189331,812,509,-303,-660.5,557.5,103
15.77975743265,810,508,-302,-659,556,103
15.7819040463669,812,509,-303,-660.5,557.5,103
15.7840506600837,808,509,-299,-658.5,553.5,105
15.7861972738006,807,509,-298,-658,552.5,105.5
15.7883438875174,805,509,-296,-657,550.5,106.5
15.7904905012343,804,509,-295,-656.5,549.5,107
15.7926371149512,804,509,-295,-656.5,549.5,107
15.794783728668,804,509,-295,-656.5,549.5,107
15.7969303423849,805,509,-296,-657,550.5,106.5
15.7990769561017,807,509,-298,-658,552.5,105.5
15.8012235698186,807,509,-298,-658,552.5,105.5
15.8033701835355,809,509,-300,-659,554.5,104.5
15.8055167972523,809,509,-300,-659,554.5,104.5
15.8076634109692,810,509,-301,-659.5,555.5,104
15.8098100246861,810,509,-301,-659.5,555.5,104
15.8119566384029,810,509,-301,-659.5,555.5,104
15.8141032521198,812,508,-304,-660,558,102
15.8162498658366,810,509,-301,-659.5,555.5,104
15.8183964795535,811,509,-302,-660,556.5,103.5
15.8205430932704,810,509,-301,-659.5,555.5,104
15.8226897069872,808,509,-299,-658.5,553.5,105
15.8248363207041,806,509,-297,-657.5,551.5,106
15.826982934421,806,509,-297,-657.5,551.5,106
15.8291295481378,805,509,-296,-657,550.5,106.5
15.8312761618547,807,509,-298,-658,552.5,105.5
15.8334227755715,808,509,-299,-658.5,553.5,105
15.8355693892884,811,509,-302,-660,556.5,103.5
15.8377160030053,810,509,-301,-659.5,555.5,104
15.8398626167221,809,509,-300,-659,554.5,104.5
15.842009230439,809,509,-300,-659,554.5,104.5
15.8441558441558,810,509,-301,-659.5,555.5,104
15.8463024578727,809,509,-300,-659,554.5,104.5
15.8484490715896,810,509,-301,-659.5,555.5,104
15.8505956853064,811,509,-302,-660,556.5,103.5
15.8527422990233,812,509,-303,-660.5,557.5,103
15.8548889127402,812,509,-303,-660.5,557.5,103
15.857035526457,810,508,-302,-659,556,103
15.8591821401739,810,509,-301,-659.5,555.5,104
15.8613287538907,811,509,-302,-660,556.5,103.5
15.8634753676076,809,509,-300,-659,554.5,104.5
15.8656219813245,809,509,-300,-659,554.5,104.5
15.8677685950413,810,509,-301,-659.5,555.5,104
15.8699152087582,810,509,-301,-659.5,555.5,104
15.872061822475,810,509,-301,-659.5,555.5,104
15.8742084361919,812,509,-303,-660.5,557.5,103
15.8763550499088,815,509,-306,-662,560.5,101.5
15.8785016636256,815,509,-306,-662,560.5,101.5
15.8806482773425,815,509,-306,-662,560.5,101.5
15.8827948910594,814,509,-305,-661.5,559.5,102
15.8849415047762,814,509,-305,-661.5,559.5,102
15.8870881184931,812,509,-303,-660.5,557.5,103
15.8892347322099,810,509,-301,-659.5,555.5,104
15.8913813459268,809,509,-300,-659,554.5,104.5
15.8935279596437,809,509,-300,-659,554.5,104.5
15.8956745733605,810,508,-302,-659,556,103
15.8978211870774,811,509,-302,-660,556.5,103.5
15.8999678007942,812,509,-303,-660.5,557.5,103
15.9021144145111,814,509,-305,-661.5,559.5,102
15.904261028228,815,509,-306,-662,560.5,101.5
15.9064076419448,817,509,-308,-663,562.5,100.5
15.9085542556617,817,509,-308,-663,562.5,100.5
15.9107008693786,817,509,-308,-663,562.5,100.5
15.9128474830954,817,509,-308,-663,562.5,100.5
15.9149940968123,817,509,-308,-663,562.5,100.5
15.9171407105291,818,509,-309,-663.5,563.5,100
15.919287324246,817,509,-308,-663,562.5,100.5
15.9214339379629,818,509,-309,-663.5,563.5,100
15.9235805516797,816,509,-307,-662.5,561.5,101
15.9257271653966,814,509,-305,-661.5,559.5,102
15.9278737791134,815,509,-306,-662,560.5,101.5
15.9300203928303,814,509,-305,-661.5,559.5,102
15.9321670065472,816,508,-308,-662,562,100
15.934313620264,817,509,-308,-663,562.5,100.5
15.9364602339809,817,509,-308,-663,562.5,100.5
15.9386068476978,816,509,-307,-662.5,561.5,101
15.9407534614146,817,509,-308,-663,562.5,100.5
15.9429000751315,818,509,-309,-663.5,563.5,100
15.9450466888483,818,509,-309,-663.5,563.5,100
15.9471933025652,820,509,-311,-664.5,565.5,99
15.9493399162821,819,509,-310,-664,564.5,99.5
15.9514865299989,819,509,-310,-664,564.5,99.5
15.9536331437158,817,509,-308,-663,562.5,100.5
15.9557797574326,817,509,-308,-663,562.5,100.5
15.9579263711495,816,509,-307,-662.5,561.5,101
15.9600729848664,816,509,-307,-662.5,561.5,101
15.9622195985832,816,509,-307,-662.5,561.5,101
15.9643662123001,817,509,-308,-663,562.5,100.5
15.966512826017,817,509,-308,-663,562.5,100.5
15.9686594397338,817,509,-308,-663,562.5,100.5
15.9708060534507,819,508,-311,-663.5,565,98.5
15.9729526671675,817,509,-308,-663,562.5,100.5
15.9750992808844,816,509,-307,-662.5,561.5,101
15.9772458946013,815,509,-306,-662,560.5,101.5
15.9793925083181,815,509,-306,-662,560.5,101.5
15.981539122035,817,509,-308,-663,562.5,100.5
15.9836857357519,817,509,-308,-663,562.5,100.5
15.9858323494687,818,508,-310,-663,564,99
15.9879789631856,818,509,-309,-663.5,563.5,100
15.9901255769024,817,509,-308,-663,562.5,100.5
15.9922721906193,819,509,-310,-664,564.5,99.5
15.9944188043362,819,509,-310,-664,564.5,99.5
15.996565418053,818,509,-309,-663.5,563.5,100
15.9987120317699,817,509,-308,-663,562.5,100.5
16.0008586454867,816,509,-307,-662.5,561.5,101
16.0030052592036,817,509,-308,-663,562.5,100.5
16.0051518729205,818,508,-310,-663,564,99
16.0072984866373,818,509,-309,-663.5,563.5,100
16.0094451003542,818,509,-309,-663.5,563.5,100
16.0115917140711,816,508,-308,-662,562,100
16.0137383277879,818,509,-309,-663.5,563.5,100
16.0158849415048,817,509,-308,-663,562.5,100.5
16.0180315552216,816,509,-307,-662.5,561.5,101
16.0201781689385,815,509,-306,-662,560.5,101.5
16.0223247826554,813,509,-304,-661,558.5,102.5
16.0244713963722,814,509,-305,-661.5,559.5,102
16.0266180100891,815,509,-306,-662,560.5,101.5
16.0287646238059,815,509,-306,-662,560.5,101.5
16.0309112375228,816,508,-308,-662,562,100
16.0330578512397,816,509,-307,-662.5,561.5,101
16.0352044649565,817,509,-308,-663,562.5,100.5
16.0373510786734,818,509,-309,-663.5,563.5,100
16.0394976923903,819,509,-310,-664,564.5,99.5
16.0416443061071,820,509,-311,-664.5,565.5,99
16.043790919824,821,509,-312,-665,566.5,98.5
16.0459375335408,819,509,-310,-664,564.5,99.5
16.0480841472577,821,509,-312,-665,566.5,98.5
16.0502307609746,820,509,-311,-664.5,565.5,99
16.0523773746914,821,509,-312,-665,566.5,98.5
16.0545239884083,823,509,-314,-666,568.5,97.5
16.0566706021251,822,508,-314,-665,568,97
16.058817215842,821,509,-312,-665,566.5,98.5
16.0609638295589,821,509,-312,-665,566.5,98.5
16.0631104432757,820,509,-311,-664.5,565.5,99
16.0652570569926,822,509,-313,-665.5,567.5,98
16.0674036707095,825,509,-316,-667,570.5,96.5
16.0695502844263,827,509,-318,-668,572.5,95.5
16.0716968981432,826,509,-317,-667.5,571.5,96
16.07384351186,826,509,-317,-667.5,571.5,96
16.0759901255769,825,509,-316,-667,570.5,96.5
16.0781367392938,825,509,-316,-667,570.5,96.5
16.0802833530106,826,509,-317,-667.5,571.5,96
16.0824299667275,826,509,-317,-667.5,571.5,96
16.0845765804443,828,509,-319,-668.5,573.5,95
16.0867231941612,829,509,-320,-669,574.5,94.5
16.0888698078781,831,509,-322,-670,576.5,93.5
16.0910164215949,830,509,-321,-669.5,575.5,94
16.0931630353118,829,509,-320,-669,574.5,94.5
16.0953096490287,829,509,-320,-669,574.5,94.5
16.0974562627455,828,509,-319,-668.5,573.5,95
16.0996028764624,827,509,-318,-668,572.5,95.5
16.1017494901792,828,508,-320,-668,574,94
16.1038961038961,828,508,-320,-668,574,94
16.106042717613,826,509,-317,-667.5,571.5,96
16.1081893313298,824,508,-316,-666,570,96
16.1103359450467,825,509,-316,-667,570.5,96.5
16.1124825587635,825,509,-316,-667,570.5,96.5
16.1146291724804,826,509,-317,-667.5,571.5,96
16.1167757861973,823,509,-314,-666,568.5,97.5
16.1189223999141,822,509,-313,-665.5,567.5,98
16.121069013631,820,509,-311,-664.5,565.5,99
16.1232156273479,819,509,-310,-664,564.5,99.5
16.1253622410647,818,509,-309,-663.5,563.5,100
16.1275088547816,816,509,-307,-662.5,561.5,101
16.1296554684984,816,509,-307,-662.5,561.5,101
16.1318020822153,818,509,-309,-663.5,563.5,100
16.1339486959322,817,509,-308,-663,562.5,100.5
16.136095309649,817,509,-308,-663,562.5,100.5
16.1382419233659,818,509,-309,-663.5,563.5,100
16.1403885370827,817,509,-308,-663,562.5,100.5
16.1425351507996,818,509,-309,-663.5,563.5,100
16.1446817645165,819,509,-310,-664,564.5,99.5
16.1468283782333,818,509,-309,-663.5,563.5,100
16.1489749919502,818,509,-309,-663.5,563.5,100
16.1511216056671,817,509,-308,-663,562.5,100.5
16.1532682193839,817,509,-308,-663,562.5,100.5
16.1554148331008,816,509,-307,-662.5,561.5,101
16.1575614468176,815,509,-306,-662,560.5,101.5
16.1597080605345,816,509,-307,-662.5,561.5,101
16.1618546742514,817,509,-308,-663,562.5,100.5
16.1640012879682,817,509,-308,-663,562.5,100.5
16.1661479016851,817,509,-308,-663,562.5,100.5
16.168294515402,818,509,-309,-663.5,563.5,100
16.1704411291188,818,509,-309,-663.5,563.5,100
16.1725877428357,817,509,-308,-663,562.5,100.5
16.1747343565525,817,509,-308,-663,562.5,100.5
16.1768809702694,817,509,-308,-663,562.5,100.5
16.1790275839863,815,509,-306,-662,560.5,101.5
16.1811741977031,813,509,-304,-661,558.5,102.5
16.18332081142,812,509,-303,-660.5,557.5,103
16.1854674251368,815,509,-306,-662,560.5,101.5
16.1876140388537,816,509,-307,-662.5,561.5,101
16.1897606525706,816,509,-307,-662.5,561.5,101
16.1919072662874,817,509,-308,-663,562.5,100.5
16.1940538800043,815,509,-306,-662,560.5,101.5
16.1962004937212,812,508,-304,-660,558,102
16.198347107438,810,509,-301,-659.5,555.5,104
16.2004937211549,809,509,-300,-659,554.5,104.5
16.2026403348717,809,509,-300,-659,554.5,104.5
16.2047869485886,811,509,-302,-660,556.5,103.5
16.2069335623055,814,509,-305,-661.5,559.5,102
16.2090801760223,817,509,-308,-663,562.5,100.5
16.2112267897392,825,509,-316,-667,570.5,96.5
16.213373403456,833,509,-324,-671,578.5,92.5
16.2155200171729,843,509,-334,-676,588.5,87.5
16.2176666308898,850,509,-341,-679.5,595.5,84
16.2198132446066,854,509,-345,-681.5,599.5,82
16.2219598583235,856,509,-347,-682.5,601.5,81
16.2241064720404,862,509,-353,-685.5,607.5,78
16.2262530857572,861,509,-352,-685,606.5,78.5
16.2283996994741,870,509,-361,-689.5,615.5,74
16.2305463131909,872,509,-363,-690.5,617.5,73
16.2326929269078,867,509,-358,-688,612.5,75.5
16.2348395406247,863,509,-354,-686,608.5,77.5
16.2369861543415,857,509,-348,-683,602.5,80.5
16.2391327680584,853,509,-344,-681,598.5,82.5
16.2412793817753,847,509,-338,-678,592.5,85.5
16.2434259954921,838,508,-330,-673,584,89
16.245572609209,824,509,-315,-666.5,569.5,97
16.2477192229258,815,509,-306,-662,560.5,101.5
16.2498658366427,810,509,-301,-659.5,555.5,104
16.2520124503596,808,509,-299,-658.5,553.5,105
16.2541590640764,808,509,-299,-658.5,553.5,105
16.2563056777933,811,509,-302,-660,556.5,103.5
16.2584522915101,814,509,-305,-661.5,559.5,102
16.260598905227,818,508,-310,-663,564,99
16.2627455189439,818,509,-309,-663.5,563.5,100
16.2648921326607,818,509,-309,-663.5,563.5,100
16.2670387463776,817,509,-308,-663,562.5,100.5
16.2691853600945,815,509,-306,-662,560.5,101.5
16.2713319738113,814,509,-305,-661.5,559.5,102
16.2734785875282,812,509,-303,-660.5,557.5,103
16.275625201245,812,509,-303,-660.5,557.5,103
16.2777718149619,811,509,-302,-660,556.5,103.5
16.2799184286788,812,509,-303,-660.5,557.5,103
16.2820650423956,812,509,-303,-660.5,557.5,103
16.2842116561125,814,509,-305,-661.5,559.5,102
16.2863582698293,815,509,-306,-662,560.5,101.5
16.2885048835462,816,509,-307,-662.5,561.5,101
16.2906514972631,816,509,-307,-662.5,561.5,101
16.2927981109799,815,509,-306,-662,560.5,101.5
16.2949447246968,817,508,-309,-662.5,563,99.5
16.2970913384137,816,509,-307,-662.5,561.5,101
16.2992379521305,817,509,-308,-663,562.5,100.5
16.3013845658474,816,509,-307,-662.5,561.5,101
16.3035311795642,819,509,-310,-664,564.5,99.5
16.3056777932811,818,509,-309,-663.5,563.5,100
16.307824406998,818,509,-309,-663.5,563.5,100
16.3099710207148,819,509,-310,-664,564.5,99.5
16.3121176344317,818,509,-309,-663.5,563.5,100
16.3142642481485,817,509,-308,-663,562.5,100.5
16.3164108618654,817,508,-309,-662.5,563,99.5
16.3185574755823,818,509,-309,-663.5,563.5,100
16.3207040892991,818,509,-309,-663.5,563.5,100
16.322850703016,817,509,-308,-663,562.5,100.5
16.3249973167329,818,509,-309,-663.5,563.5,100
16.3271439304497,819,509,-310,-664,564.5,99.5
16.3292905441666,818,509,-309,-663.5,563.5,100
16.3314371578834,821,509,-312,-665,566.5,98.5
16.3335837716003,821,509,-312,-665,566.5,98.5
16.3357303853172,823,509,-314,-666,568.5,97.5
16.337876999034,823,509,-314,-666,568.5,97.5
16.3400236127509,823,509,-314,-666,568.5,97.5
16.3421702264677,823,509,-314,-666,568.5,97.5
16.3443168401846,824,509,-315,-666.5,569.5,97
16.3464634539015,822,509,-313,-665.5,567.5,98
16.3486100676183,822,509,-313,-665.5,567.5,98
16.3507566813352,824,509,-315,-666.5,569.5,97
16.3529032950521,823,509,-314,-666,568.5,97.5
16.3550499087689,823,509,-314,-666,568.5,97.5
16.3571965224858,824,509,-315,-666.5,569.5,97
16.3593431362026,824,509,-315,-666.5,569.5,97
16.3614897499195,825,509,-316,-667,570.5,96.5
16.3636363636364,824,509,-315,-666.5,569.5,97
16.3657829773532,824,509,-315,-666.5,569.5,97
16.3679295910701,823,509,-314,-666,568.5,97.5
16.3700762047869,823,509,-314,-666,568.5,97.5
16.3722228185038,823,509,-314,-666,568.5,97.5
16.3743694322207,824,509,-315,-666.5,569.5,97
16.3765160459375,824,509,-315,-666.5,569.5,97
16.3786626596544,826,509,-317,-667.5,571.5,96
16.3808092733713,827,509,-318,-668,572.5,95.5
16.3829558870881,827,509,-318,-668,572.5,95.5
16.385102500805,828,509,-319,-668.5,573.5,95
16.3872491145218,829,509,-320,-669,574.5,94.5
16.3893957282387,830,508,-322,-669,576,93
16.3915423419556,827,509,-318,-668,572.5,95.5
16.3936889556724,828,508,-320,-668,574,94
16.3958355693893,825,509,-316,-667,570.5,96.5
16.3979821831061,825,509,-316,-667,570.5,96.5
16.400128796823,826,509,-317,-667.5,571.5,96
16.4022754105399,826,509,-317,-667.5,571.5,96
16.4044220242567,828,509,-319,-668.5,573.5,95
16.4065686379736,829,509,-320,-669,574.5,94.5
16.4087152516905,829,509,-320,-669,574.5,94.5
16.4108618654073,832,508,-324,-670,578,92
16.4130084791242,832,508,-324,-670,578,92
16.415155092841,830,509,-321,-669.5,575.5,94
16.4173017065579,831,509,-322,-670,576.5,93.5
16.4194483202748,832,509,-323,-670.5,577.5,93
16.4215949339916,832,509,-323,-670.5,577.5,93
16.4237415477085,832,509,-323,-670.5,577.5,93
16.4258881614254,833,509,-324,-671,578.5,92.5
16.4280347751422,833,509,-324,-671,578.5,92.5
16.4301813888591,833,509,-324,-671,578.5,92.5
16.4323280025759,833,509,-324,-671,578.5,92.5
16.4344746162928,834,509,-325,-671.5,579.5,92
16.4366212300097,836,509,-327,-672.5,581.5,91
16.4387678437265,835,509,-326,-672,580.5,91.5
16.4409144574434,834,509,-325,-671.5,579.5,92
16.4430610711602,833,509,-324,-671,578.5,92.5
16.4452076848771,832,509,-323,-670.5,577.5,93
16.447354298594,834,509,-325,-671.5,579.5,92
16.4495009123108,836,509,-327,-672.5,581.5,91
16.4516475260277,837,509,-328,-673,582.5,90.5
16.4537941397446,837,509,-328,-673,582.5,90.5
16.4559407534614,836,509,-327,-672.5,581.5,91
16.4580873671783,837,509,-328,-673,582.5,90.5
16.4602339808951,837,509,-328,-673,582.5,90.5
16.462380594612,837,509,-328,-673,582.5,90.5
16.4645272083289,837,509,-328,-673,582.5,90.5
16.4666738220457,835,509,-326,-672,580.5,91.5
16.4688204357626,835,509,-326,-672,580.5,91.5
16.4709670494794,837,509,-328,-673,582.5,90.5
16.4731136631963,835,509,-326,-672,580.5,91.5
16.4752602769132,835,509,-326,-672,580.5,91.5
16.47740689063,835,509,-326,-672,580.5,91.5
16.4795535043469,834,509,-325,-671.5,579.5,92
16.4817001180638,832,509,-323,-670.5,577.5,93
16.4838467317806,831,509,-322,-670,576.5,93.5
16.4859933454975,832,509,-323,-670.5,577.5,93
16.4881399592143,831,509,-322,-670,576.5,93.5
16.4902865729312,830,509,-321,-669.5,575.5,94
16.4924331866481,830,509,-321,-669.5,575.5,94
16.4945798003649,829,509,-320,-669,574.5,94.5
16.4967264140818,828,509,-319,-668.5,573.5,95
16.4988730277986,827,509,-318,-668,572.5,95.5
16.5010196415155,826,509,-317,-667.5,571.5,96
16.5031662552324,824,509,-315,-666.5,569.5,97
16.5053128689492,823,509,-314,-666,568.5,97.5
16.5074594826661,821,509,-312,-665,566.5,98.5
16.509606096383,820,509,-311,-664.5,565.5,99
16.5117527100998,820,509,-311,-664.5,565.5,99
16.5138993238167,821,509,-312,-665,566.5,98.5
16.5160459375335,818,509,-309,-663.5,563.5,100
16.5181925512504,818,508,-310,-663,564,99
16.5203391649673,818,509,-309,-663.5,563.5,100
16.5224857786841,818,509,-309,-663.5,563.5,100
16.524632392401,817,509,-308,-663,562.5,100.5
16.5267790061178,816,509,-307,-662.5,561.5,101
16.5289256198347,815,509,-306,-662,560.5,101.5
16.5310722335516,815,509,-306,-662,560.5,101.5
16.5332188472684,814,509,-305,-661.5,559.5,102
16.5353654609853,812,508,-304,-660,558,102
16.5375120747022,812,508,-304,-660,558,102
16.539658688419,813,509,-304,-661,558.5,102.5
16.5418053021359,814,509,-305,-661.5,559.5,102
16.5439519158527,816,509,-307,-662.5,561.5,101
16.5460985295696,816,509,-307,-662.5,561.5,101
16.5482451432865,816,509,-307,-662.5,561.5,101
16.5503917570033,814,509,-305,-661.5,559.5,102
16.5525383707202,814,509,-305,-661.5,559.5,102
16.554684984437,812,509,-303,-660.5,557.5,103
16.5568315981539,811,509,-302,-660,556.5,103.5
16.5589782118708,811,509,-302,-660,556.5,103.5
16.5611248255876,814,509,-305,-661.5,559.5,102
16.5632714393045,815,509,-306,-662,560.5,101.5
16.5654180530214,817,509,-308,-663,562.5,100.5
16.5675646667382,819,509,-310,-664,564.5,99.5
16.5697112804551,819,509,-310,-664,564.5,99.5
16.5718578941719,818,509,-309,-663.5,563.5,100
16.5740045078888,817,509,-308,-663,562.5,100.5
16.5761511216057,817,508,-309,-662.5,563,99.5
16.5782977353225,818,509,-309,-663.5,563.5,100
16.5804443490394,815,509,-306,-662,560.5,101.5
16.5825909627562,815,509,-306,-662,560.5,101.5
16.5847375764731,814,508,-306,-661,560,101
16.58688419019,813,509,-304,-661,558.5,102.5
16.5890308039068,814,509,-305,-661.5,559.5,102
16.5911774176237,815,509,-306,-662,560.5,101.5
16.5933240313406,815,509,-306,-662,560.5,101.5
16.5954706450574,814,509,-305,-661.5,559.5,102
16.5976172587743,814,509,-305,-661.5,559.5,102
16.5997638724911,815,509,-306,-662,560.5,101.5
16.601910486208,815,509,-306,-662,560.5,101.5
16.6040570999249,815,509,-306,-662,560.5,101.5
16.6062037136417,815,509,-306,-662,560.5,101.5
16.6083503273586,816,509,-307,-662.5,561.5,101
16.6104969410755,815,509,-306,-662,560.5,101.5
16.6126435547923,818,509,-309,-663.5,563.5,100
16.6147901685092,816,509,-307,-662.5,561.5,101
16.616936782226,819,509,-310,-664,564.5,99.5
16.6190833959429,819,509,-310,-664,564.5,99.5
16.6212300096598,819,509,-310,-664,564.5,99.5
16.6233766233766,818,508,-310,-663,564,99
16.6255232370935,817,509,-308,-663,562.5,100.5
16.6276698508103,816,509,-307,-662.5,561.5,101
16.6298164645272,816,509,-307,-662.5,561.5,101
16.6319630782441,817,509,-308,-663,562.5,100.5
16.6341096919609,819,509,-310,-664,564.5,99.5
16.6362563056778,818,509,-309,-663.5,563.5,100
16.6384029193947,819,509,-310,-664,564.5,99.5
16.6405495331115,818,509,-309,-663.5,563.5,100
16.6426961468284,816,509,-307,-662.5,561.5,101
16.6448427605452,816,509,-307,-662.5,561.5,101
16.6469893742621,816,509,-307,-662.5,561.5,101
16.649135987979,816,509,-307,-662.5,561.5,101
16.6512826016958,817,509,-308,-663,562.5,100.5
16.6534292154127,817,509,-308,-663,562.5,100.5
16.6555758291295,816,509,-307,-662.5,561.5,101
16.6577224428464,817,509,-308,-663,562.5,100.5
16.6598690565633,815,509,-306,-662,560.5,101.5
16.6620156702801,815,509,-306,-662,560.5,101.5
16.664162283997,817,509,-308,-663,562.5,100.5
16.6663088977139,818,509,-309,-663.5,563.5,100
16.6684555114307,819,509,-310,-664,564.5,99.5
16.6706021251476,818,508,-310,-663,564,99
16.6727487388644,818,509,-309,-663.5,563.5,100
16.6748953525813,819,509,-310,-664,564.5,99.5
16.6770419662982,819,509,-310,-664,564.5,99.5
16.679188580015,819,509,-310,-664,564.5,99.5
16.6813351937319,818,509,-309,-663.5,563.5,100
16.6834818074488,819,509,-310,-664,564.5,99.5
16.6856284211656,819,509,-310,-664,564.5,99.5
16.6877750348825,818,509,-309,-663.5,563.5,100
16.6899216485993,815,509,-306,-662,560.5,101.5
16.6920682623162,816,509,-307,-662.5,561.5,101
16.6942148760331,815,509,-306,-662,560.5,101.5
16.6963614897499,815,509,-306,-662,560.5,101.5
16.6985081034668,816,509,-307,-662.5,561.5,101
16.7006547171836,815,509,-306,-662,560.5,101.5
16.7028013309005,816,509,-307,-662.5,561.5,101
16.7049479446174,817,509,-308,-663,562.5,100.5
16.7070945583342,817,508,-309,-662.5,563,99.5
16.7092411720511,817,509,-308,-663,562.5,100.5
16.711387785768,817,509,-308,-663,562.5,100.5
16.7135343994848,816,509,-307,-662.5,561.5,101
16.7156810132017,816,509,-307,-662.5,561.5,101
16.7178276269185,816,509,-307,-662.5,561.5,101
16.7199742406354,814,509,-305,-661.5,559.5,102
16.7221208543523,814,509,-305,-661.5,559.5,102
16.7242674680691,814,509,-305,-661.5,559.5,102
16.726414081786,816,509,-307,-662.5,561.5,101
16.7285606955028,817,509,-308,-663,562.5,100.5
16.7307073092197,818,509,-309,-663.5,563.5,100
16.7328539229366,818,509,-309,-663.5,563.5,100
16.7350005366534,817,509,-308,-663,562.5,100.5
16.7371471503703,817,509,-308,-663,562.5,100.5
16.7392937640872,817,509,-308,-663,562.5,100.5
16.741440377804,818,509,-309,-663.5,563.5,100
16.7435869915209,817,509,-308,-663,562.5,100.5
16.7457336052377,816,509,-307,-662.5,561.5,101
16.7478802189546,815,509,-306,-662,560.5,101.5
16.7500268326715,815,509,-306,-662,560.5,101.5
16.7521734463883,816,509,-307,-662.5,561.5,101
16.7543200601052,815,508,-307,-661.5,561,100.5
16.756466673822,816,509,-307,-662.5,561.5,101
16.7586132875389,816,509,-307,-662.5,561.5,101
16.7607599012558,815,509,-306,-662,560.5,101.5
16.7629065149726,816,509,-307,-662.5,561.5,101
16.7650531286895,818,509,-309,-663.5,563.5,100
16.7671997424064,820,509,-311,-664.5,565.5,99
16.7693463561232,820,508,-312,-664,566,98
16.7714929698401,818,509,-309,-663.5,563.5,100
16.7736395835569,818,509,-309,-663.5,563.5,100
16.7757861972738,821,509,-312,-665,566.5,98.5
16.7779328109907,820,509,-311,-664.5,565.5,99
16.7800794247075,821,509,-312,-665,566.5,98.5
16.7822260384244,819,509,-310,-664,564.5,99.5
16.7843726521412,819,509,-310,-664,564.5,99.5
16.7865192658581,819,509,-310,-664,564.5,99.5
16.788665879575,820,509,-311,-664.5,565.5,99
16.7908124932918,821,509,-312,-665,566.5,98.5
16.7929591070087,822,509,-313,-665.5,567.5,98
16.7951057207256,822,508,-314,-665,568,97
16.7972523344424,823,509,-314,-666,568.5,97.5
16.7993989481593,823,509,-314,-666,568.5,97.5
16.8015455618761,825,509,-316,-667,570.5,96.5
16.803692175593,827,509,-318,-668,572.5,95.5
16.8058387893099,826,509,-317,-667.5,571.5,96
16.8079854030267,826,509,-317,-667.5,571.5,96
16.8101320167436,826,509,-317,-667.5,571.5,96
16.8122786304604,825,509,-316,-667,570.5,96.5
16.8144252441773,826,509,-317,-667.5,571.5,96
16.8165718578942,827,509,-318,-668,572.5,95.5
16.818718471611,828,509,-319,-668.5,573.5,95
16.8208650853279,827,509,-318,-668,572.5,95.5
16.8230116990448,827,509,-318,-668,572.5,95.5
16.8251583127616,827,509,-318,-668,572.5,95.5
16.8273049264785,825,509,-316,-667,570.5,96.5
16.8294515401953,822,509,-313,-665.5,567.5,98
16.8315981539122,823,509,-314,-666,568.5,97.5
16.8337447676291,823,509,-314,-666,568.5,97.5
16.8358913813459,822,509,-313,-665.5,567.5,98
16.8380379950628,822,509,-313,-665.5,567.5,98
16.8401846087796,821,509,-312,-665,566.5,98.5
16.8423312224965,819,508,-311,-663.5,565,98.5
16.8444778362134,819,509,-310,-664,564.5,99.5
16.8466244499302,817,509,-308,-663,562.5,100.5
16.8487710636471,817,509,-308,-663,562.5,100.5
16.850917677364,818,509,-309,-663.5,563.5,100
16.8530642910808,817,509,-308,-663,562.5,100.5
16.8552109047977,817,509,-308,-663,562.5,100.5
16.8573575185145,814,509,-305,-661.5,559.5,102
16.8595041322314,814,508,-306,-661,560,101
16.8616507459483,811,509,-302,-660,556.5,103.5
16.8637973596651,811,509,-302,-660,556.5,103.5
16.865943973382,811,509,-302,-660,556.5,103.5
16.8680905870989,812,509,-303,-660.5,557.5,103
16.8702372008157,813,509,-304,-661,558.5,102.5
16.8723838145326,814,509,-305,-661.5,559.5,102
16.8745304282494,815,509,-306,-662,560.5,101.5
16.8766770419663,814,509,-305,-661.5,559.5,102
16.8788236556832,815,509,-306,-662,560.5,101.5
16.8809702694,816,509,-307,-662.5,561.5,101
16.8831168831169,816,509,-307,-662.5,561.5,101
16.8852634968337,817,509,-308,-663,562.5,100.5
16.8874101105506,815,509,-306,-662,560.5,101.5
16.8895567242675,814,509,-305,-661.5,559.5,102
16.8917033379843,812,508,-304,-660,558,102
16.8938499517012,811,509,-302,-660,556.5,103.5
16.8959965654181,810,508,-302,-659,556,103
16.8981431791349,809,509,-300,-659,554.5,104.5
16.9002897928518,810,509,-301,-659.5,555.5,104
16.9024364065686,811,509,-302,-660,556.5,103.5
16.9045830202855,812,509,-303,-660.5,557.5,103
16.9067296340024,812,509,-303,-660.5,557.5,103
16.9088762477192,812,509,-303,-660.5,557.5,103
16.9110228614361,812,509,-303,-660.5,557.5,103
16.9131694751529,812,508,-304,-660,558,102
16.9153160888698,813,509,-304,-661,558.5,102.5
16.9174627025867,811,509,-302,-660,556.5,103.5
16.9196093163035,811,509,-302,-660,556.5,103.5
16.9217559300204,811,509,-302,-660,556.5,103.5
16.9239025437373,812,509,-303,-660.5,557.5,103
16.9260491574541,811,509,-302,-660,556.5,103.5
16.928195771171,813,509,-304,-661,558.5,102.5
16.9303423848878,817,509,-308,-663,562.5,100.5
16.9324889986047,823,509,-314,-666,568.5,97.5
16.9346356123216,834,508,-326,-671,580,91
16.9367822260384,843,509,-334,-676,588.5,87.5
16.9389288397553,850,509,-341,-679.5,595.5,84
16.9410754534721,854,509,-345,-681.5,599.5,82
16.943222067189,860,509,-351,-684.5,605.5,79
16.9453686809059,862,509,-353,-685.5,607.5,78
16.9475152946227,865,509,-356,-687,610.5,76.5
16.9496619083396,869,509,-360,-689,614.5,74.5
16.9518085220565,867,509,-358,-688,612.5,75.5
16.9539551357733,861,509,-352,-685,606.5,78.5
16.9561017494902,859,509,-350,-684,604.5,79.5
16.958248363207,854,509,-345,-681.5,599.5,82
16.9603949769239,849,509,-340,-679,594.5,84.5
16.9625415906408,841,509,-332,-675,586.5,88.5
16.9646882043576,830,509,-321,-669.5,575.5,94
16.9668348180745,818,509,-309,-663.5,563.5,100
16.9689814317913,809,509,-300,-659,554.5,104.5
16.9711280455082,804,509,-295,-656.5,549.5,107
16.9732746592251,801,509,-292,-655,546.5,108.5
16.9754212729419,802,509,-293,-655.5,547.5,108
16.9775678866588,803,509,-294,-656,548.5,107.5
16.9797145003757,808,509,-299,-658.5,553.5,105
16.9818611140925,810,509,-301,-659.5,555.5,104
16.9840077278094,812,508,-304,-660,558,102
16.9861543415262,812,509,-303,-660.5,557.5,103
16.9883009552431,812,509,-303,-660.5,557.5,103
16.99044756896,811,509,-302,-660,556.5,103.5
16.9925941826768,811,509,-302,-660,556.5,103.5
16.9947407963937,808,509,-299,-658.5,553.5,105
16.9968874101105,806,509,-297,-657.5,551.5,106
16.9990340238274,807,509,-298,-658,552.5,105.5
17.0011806375443,807,509,-298,-658,552.5,105.5
17.0033272512611,807,509,-298,-658,552.5,105.5
17.005473864978,809,509,-300,-659,554.5,104.5
17.0076204786949,809,509,-300,-659,554.5,104.5
17.0097670924117,811,509,-302,-660,556.5,103.5
17.0119137061286,810,509,-301,-659.5,555.5,104
17.0140603198454,813,509,-304,-661,558.5,102.5
17.0162069335623,812,509,-303,-660.5,557.5,103
17.0183535472792,812,509,-303,-660.5,557.5,103
17.020500160996,812,509,-303,-660.5,557.5,103
17.0226467747129,812,509,-303,-660.5,557.5,103
17.0247933884297,812,509,-303,-660.5,557.5,103
17.0269400021466,812,509,-303,-660.5,557.5,103
17.0290866158635,812,509,-303,-660.5,557.5,103
17.0312332295803,814,508,-306,-661,560,101
17.0333798432972,813,509,-304,-661,558.5,102.5
17.0355264570141,813,509,-304,-661,558.5,102.5
17.0376730707309,815,509,-306,-662,560.5,101.5
17.0398196844478,815,508,-307,-661.5,561,100.5
17.0419662981646,816,509,-307,-662.5,561.5,101
17.0441129118815,815,509,-306,-662,560.5,101.5
17.0462595255984,816,509,-307,-662.5,561.5,101
17.0484061393152,815,509,-306,-662,560.5,101.5
17.0505527530321,815,509,-306,-662,560.5,101.5
17.052699366749,815,509,-306,-662,560.5,101.5
17.0548459804658,817,509,-308,-663,562.5,100.5
17.0569925941827,819,509,-310,-664,564.5,99.5
17.0591392078995,822,508,-314,-665,568,97
17.0612858216164,822,509,-313,-665.5,567.5,98
17.0634324353333,821,509,-312,-665,566.5,98.5
17.0655790490501,818,508,-310,-663,564,99
17.067725662767,821,509,-312,-665,566.5,98.5
17.0698722764838,819,509,-310,-664,564.5,99.5
17.0720188902007,820,509,-311,-664.5,565.5,99
17.0741655039176,819,509,-310,-664,564.5,99.5
17.0763121176344,819,509,-310,-664,564.5,99.5
17.0784587313513,820,509,-311,-664.5,565.5,99
17.0806053450682,822,509,-313,-665.5,567.5,98
17.082751958785,823,509,-314,-666,568.5,97.5
17.0848985725019,824,509,-315,-666.5,569.5,97
17.0870451862187,825,509,-316,-667,570.5,96.5
17.0891917999356,825,509,-316,-667,570.5,96.5
17.0913384136525,824,509,-315,-666.5,569.5,97
17.0934850273693,823,509,-314,-666,568.5,97.5
17.0956316410862,824,508,-316,-666,570,96
17.097778254803,826,509,-317,-667.5,571.5,96
17.0999248685199,826,509,-317,-667.5,571.5,96
17.1020714822368,829,509,-320,-669,574.5,94.5
17.1042180959536,830,509,-321,-669.5,575.5,94
17.1063647096705,830,509,-321,-669.5,575.5,94
17.1085113233874,830,508,-322,-669,576,93
17.1106579371042,827,509,-318,-668,572.5,95.5
17.1128045508211,827,509,-318,-668,572.5,95.5
17.1149511645379,829,509,-320,-669,574.5,94.5
17.1170977782548,828,509,-319,-668.5,573.5,95
17.1192443919717,831,509,-322,-670,576.5,93.5
17.1213910056885,831,509,-322,-670,576.5,93.5
17.1235376194054,832,509,-323,-670.5,577.5,93
17.1256842331223,833,509,-324,-671,578.5,92.5
17.1278308468391,833,509,-324,-671,578.5,92.5
17.129977460556,832,509,-323,-670.5,577.5,93
17.1321240742728,833,509,-324,-671,578.5,92.5
17.1342706879897,835,509,-326,-672,580.5,91.5
17.1364173017066,835,509,-326,-672,580.5,91.5
17.1385639154234,834,509,-325,-671.5,579.5,92
17.1407105291403,833,509,-324,-671,578.5,92.5
17.1428571428571,832,509,-323,-670.5,577.5,93
17.145003756574,832,509,-323,-670.5,577.5,93
17.1471503702909,833,509,-324,-671,578.5,92.5
17.1492969840077,833,509,-324,-671,578.5,92.5
17.1514435977246,835,509,-326,-672,580.5,91.5
17.1535902114415,835,509,-326,-672,580.5,91.5
17.1557368251583,837,509,-328,-673,582.5,90.5
17.1578834388752,839,509,-330,-674,584.5,89.5
17.160030052592,839,509,-330,-674,584.5,89.5
17.1621766663089,838,509,-329,-673.5,583.5,90
17.1643232800258,838,509,-329,-673.5,583.5,90
17.1664698937426,835,509,-326,-672,580.5,91.5
17.1686165074595,836,509,-327,-672.5,581.5,91
17.1707631211763,837,509,-328,-673,582.5,90.5
17.1729097348932,837,509,-328,-673,582.5,90.5
17.1750563486101,837,509,-328,-673,582.5,90.5
17.1772029623269,836,508,-328,-672,582,90
17.1793495760438,836,509,-327,-672.5,581.5,91
17.1814961897607,838,509,-329,-673.5,583.5,90
17.1836428034775,836,509,-327,-672.5,581.5,91
17.1857894171944,838,509,-329,-673.5,583.5,90
17.1879360309112,839,509,-330,-674,584.5,89.5
17.1900826446281,839,509,-330,-674,584.5,89.5
17.192229258345,837,509,-328,-673,582.5,90.5
17.1943758720618,837,509,-328,-673,582.5,90.5
17.1965224857787,838,509,-329,-673.5,583.5,90
17.1986690994955,834,509,-325,-671.5,579.5,92
17.2008157132124,836,509,-327,-672.5,581.5,91
17.2029623269293,837,509,-328,-673,582.5,90.5
17.2051089406461,837,509,-328,-673,582.5,90.5
17.207255554363,838,509,-329,-673.5,583.5,90
17.2094021680799,837,509,-328,-673,582.5,90.5
17.2115487817967,835,509,-326,-672,580.5,91.5
17.2136953955136,832,509,-323,-670.5,577.5,93
17.2158420092304,831,509,-322,-670,576.5,93.5
17.2179886229473,830,508,-322,-669,576,93
17.2201352366642,829,509,-320,-669,574.5,94.5
17.222281850381,829,509,-320,-669,574.5,94.5
17.2244284640979,829,509,-320,-669,574.5,94.5
17.2265750778147,828,509,-319,-668.5,573.5,95
17.2287216915316,827,509,-318,-668,572.5,95.5
17.2308683052485,825,509,-316,-667,570.5,96.5
17.2330149189653,825,509,-316,-667,570.5,96.5
17.2351615326822,824,509,-315,-666.5,569.5,97
17.2373081463991,824,509,-315,-666.5,569.5,97
17.2394547601159,822,509,-313,-665.5,567.5,98
17.2416013738328,825,509,-316,-667,570.5,96.5
17.2437479875496,824,509,-315,-666.5,569.5,97
17.2458946012665,822,509,-313,-665.5,567.5,98
17.2480412149834,822,509,-313,-665.5,567.5,98
17.2501878287002,822,509,-313,-665.5,567.5,98
17.2523344424171,821,509,-312,-665,566.5,98.5
17.2544810561339,821,509,-312,-665,566.5,98.5
17.2566276698508,820,509,-311,-664.5,565.5,99
17.2587742835677,822,509,-313,-665.5,567.5,98
17.2609208972845,821,509,-312,-665,566.5,98.5
17.2630675110014,822,509,-313,-665.5,567.5,98
17.2652141247183,824,509,-315,-666.5,569.5,97
17.2673607384351,824,509,-315,-666.5,569.5,97
17.269507352152,823,509,-314,-666,568.5,97.5
17.2716539658688,823,509,-314,-666,568.5,97.5
17.2738005795857,824,509,-315,-666.5,569.5,97
17.2759471933026,823,508,-315,-665.5,569,96.5
17.2780938070194,825,509,-316,-667,570.5,96.5
17.2802404207363,824,509,-315,-666.5,569.5,97
17.2823870344531,826,508,-318,-667,572,95
17.28453364817,825,509,-316,-667,570.5,96.5
17.2866802618869,823,509,-314,-666,568.5,97.5
17.2888268756037,822,509,-313,-665.5,567.5,98
17.2909734893206,821,509,-312,-665,566.5,98.5
17.2931201030375,822,509,-313,-665.5,567.5,98
17.2952667167543,824,509,-315,-666.5,569.5,97
17.2974133304712,825,509,-316,-667,570.5,96.5
17.299559944188,824,508,-316,-666,570,96
17.3017065579049,825,509,-316,-667,570.5,96.5
17.3038531716218,824,509,-315,-666.5,569.5,97
17.3059997853386,823,509,-314,-666,568.5,97.5
17.3081463990555,822,509,-313,-665.5,567.5,98
17.3102930127724,823,509,-314,-666,568.5,97.5
17.3124396264892,823,509,-314,-666,568.5,97.5
17.3145862402061,825,509,-316,-667,570.5,96.5
17.3167328539229,826,509,-317,-667.5,571.5,96
17.3188794676398,825,509,-316,-667,570.5,96.5
17.3210260813567,825,509,-316,-667,570.5,96.5
17.3231726950735,825,509,-316,-667,570.5,96.5
17.3253193087904,823,509,-314,-666,568.5,97.5
17.3274659225072,825,509,-316,-667,570.5,96.5
17.3296125362241,824,509,-315,-666.5,569.5,97
17.331759149941,824,509,-315,-666.5,569.5,97
17.3339057636578,824,509,-315,-666.5,569.5,97
17.3360523773747,824,509,-315,-666.5,569.5,97
17.3381989910916,823,509,-314,-666,568.5,97.5
17.3403456048084,825,509,-316,-667,570.5,96.5
17.3424922185253,826,509,-317,-667.5,571.5,96
17.3446388322421,826,509,-317,-667.5,571.5,96
17.346785445959,826,509,-317,-667.5,571.5,96
17.3489320596759,826,509,-317,-667.5,571.5,96
17.3510786733927,826,509,-317,-667.5,571.5,96
17.3532252871096,825,508,-317,-666.5,571,95.5
17.3553719008264,826,509,-317,-667.5,571.5,96
17.3575185145433,828,509,-319,-668.5,573.5,95
17.3596651282602,827,509,-318,-668,572.5,95.5
17.361811741977,829,509,-320,-669,574.5,94.5
17.3639583556939,828,509,-319,-668.5,573.5,95
17.3661049694108,828,508,-320,-668,574,94
17.3682515831276,828,509,-319,-668.5,573.5,95
17.3703981968445,827,509,-318,-668,572.5,95.5
17.3725448105613,828,509,-319,-668.5,573.5,95
17.3746914242782,827,509,-318,-668,572.5,95.5
17.3768380379951,825,509,-316,-667,570.5,96.5
17.3789846517119,826,509,-317,-667.5,571.5,96
17.3811312654288,828,509,-319,-668.5,573.5,95
17.3832778791456,829,509,-320,-669,574.5,94.5
17.3854244928625,827,509,-318,-668,572.5,95.5
17.3875711065794,830,509,-321,-669.5,575.5,94
17.3897177202962,829,509,-320,-669,574.5,94.5
17.3918643340131,829,509,-320,-669,574.5,94.5
17.39401094773,828,509,-319,-668.5,573.5,95
17.3961575614468,830,509,-321,-669.5,575.5,94
17.3983041751637,830,509,-321,-669.5,575.5,94
17.4004507888805,828,509,-319,-668.5,573.5,95
17.4025974025974,829,509,-320,-669,574.5,94.5
17.4047440163143,828,509,-319,-668.5,573.5,95
17.4068906300311,828,509,-319,-668.5,573.5,95
17.409037243748,830,509,-321,-669.5,575.5,94
17.4111838574648,829,509,-320,-669,574.5,94.5
17.4133304711817,830,508,-322,-669,576,93
17.4154770848986,828,509,-319,-668.5,573.5,95
17.4176236986154,829,509,-320,-669,574.5,94.5
17.4197703123323,828,509,-319,-668.5,573.5,95
17.4219169260492,829,509,-320,-669,574.5,94.5
17.424063539766,830,509,-321,-669.5,575.5,94
17.4262101534829,828,509,-319,-668.5,573.5,95
17.4283567671997,828,509,-319,-668.5,573.5,95
17.4305033809166,828,509,-319,-668.5,573.5,95
17.4326499946335,829,509,-320,-669,574.5,94.5
17.4347966083503,831,509,-322,-670,576.5,93.5
17.4369432220672,831,509,-322,-670,576.5,93.5
17.439089835784,832,509,-323,-670.5,577.5,93
17.4412364495009,831,509,-322,-670,576.5,93.5
17.4433830632178,831,509,-322,-670,576.5,93.5
17.4455296769346,829,509,-320,-669,574.5,94.5
17.4476762906515,829,509,-320,-669,574.5,94.5
17.4498229043684,829,509,-320,-669,574.5,94.5
17.4519695180852,827,509,-318,-668,572.5,95.5
17.4541161318021,826,509,-317,-667.5,571.5,96
17.4562627455189,826,509,-317,-667.5,571.5,96
17.4584093592358,827,509,-318,-668,572.5,95.5
17.4605559729527,827,509,-318,-668,572.5,95.5
17.4627025866695,827,509,-318,-668,572.5,95.5
17.4648492003864,828,508,-320,-668,574,94
17.4669958141032,826,509,-317,-667.5,571.5,96
17.4691424278201,828,509,-319,-668.5,573.5,95
17.471289041537,831,509,-322,-670,576.5,93.5
17.4734356552538,831,509,-322,-670,576.5,93.5
17.4755822689707,829,509,-320,-669,574.5,94.5
17.4777288826876,830,508,-322,-669,576,93
17.4798754964044,831,509,-322,-670,576.5,93.5
17.4820221101213,830,509,-321,-669.5,575.5,94
17.4841687238381,829,509,-320,-669,574.5,94.5
17.486315337555,831,509,-322,-670,576.5,93.5
17.4884619512719,831,509,-322,-670,576.5,93.5
17.4906085649887,831,509,-322,-670,576.5,93.5
17.4927551787056,830,509,-321,-669.5,575.5,94
17.4949017924225,830,509,-321,-669.5,575.5,94
17.4970484061393,831,509,-322,-670,576.5,93.5
17.4991950198562,831,509,-322,-670,576.5,93.5
17.501341633573,830,509,-321,-669.5,575.5,94
17.5034882472899,831,509,-322,-670,576.5,93.5
17.5056348610068,833,509,-324,-671,578.5,92.5
17.5077814747236,831,509,-322,-670,576.5,93.5
17.5099280884405,833,509,-324,-671,578.5,92.5
17.5120747021573,833,509,-324,-671,578.5,92.5
17.5142213158742,835,509,-326,-672,580.5,91.5
17.5163679295911,834,509,-325,-671.5,579.5,92
17.5185145433079,836,509,-327,-672.5,581.5,91
17.5206611570248,835,509,-326,-672,580.5,91.5
17.5228077707417,835,509,-326,-672,580.5,91.5
17.5249543844585,834,508,-326,-671,580,91
17.5271009981754,833,509,-324,-671,578.5,92.5
17.5292476118922,834,509,-325,-671.5,579.5,92
17.5313942256091,833,509,-324,-671,578.5,92.5
17.533540839326,832,509,-323,-670.5,577.5,93
17.5356874530428,831,509,-322,-670,576.5,93.5
17.5378340667597,831,509,-322,-670,576.5,93.5
17.5399806804765,830,509,-321,-669.5,575.5,94
17.5421272941934,829,509,-320,-669,574.5,94.5
17.5442739079103,829,509,-320,-669,574.5,94.5
17.5464205216271,831,509,-322,-670,576.5,93.5
17.548567135344,831,509,-322,-670,576.5,93.5
17.5507137490609,831,509,-322,-670,576.5,93.5
17.5528603627777,829,509,-320,-669,574.5,94.5
17.5550069764946,824,509,-315,-666.5,569.5,97
17.5571535902114,822,509,-313,-665.5,567.5,98
17.5593002039283,822,508,-314,-665,568,97
17.5614468176452,821,509,-312,-665,566.5,98.5
17.563593431362,822,509,-313,-665.5,567.5,98
17.5657400450789,820,509,-311,-664.5,565.5,99
17.5678866587958,819,509,-310,-664,564.5,99.5
17.5700332725126,817,509,-308,-663,562.5,100.5
17.5721798862295,818,509,-309,-663.5,563.5,100
17.5743264999463,817,509,-308,-663,562.5,100.5
17.5764731136632,817,509,-308,-663,562.5,100.5
17.5786197273801,815,509,-306,-662,560.5,101.5
17.5807663410969,817,509,-308,-663,562.5,100.5
17.5829129548138,817,509,-308,-663,562.5,100.5
17.5850595685306,819,509,-310,-664,564.5,99.5
17.5872061822475,821,509,-312,-665,566.5,98.5
17.5893527959644,821,509,-312,-665,566.5,98.5
17.5914994096812,820,509,-311,-664.5,565.5,99
17.5936460233981,821,509,-312,-665,566.5,98.5
17.595792637115,819,509,-310,-664,564.5,99.5
17.5979392508318,819,509,-310,-664,564.5,99.5
17.6000858645487,818,509,-309,-663.5,563.5,100
17.6022324782655,819,508,-311,-663.5,565,98.5
17.6043790919824,819,509,-310,-664,564.5,99.5
17.6065257056993,818,509,-309,-663.5,563.5,100
17.6086723194161,817,509,-308,-663,562.5,100.5
17.610818933133,817,509,-308,-663,562.5,100.5
17.6129655468498,819,509,-310,-664,564.5,99.5
17.6151121605667,819,509,-310,-664,564.5,99.5
17.6172587742836,820,509,-311,-664.5,565.5,99
17.6194053880004,820,508,-312,-664,566,98
17.6215520017173,820,509,-311,-664.5,565.5,99
17.6236986154342,819,509,-310,-664,564.5,99.5
17.625845229151,816,508,-308,-662,562,100
17.6279918428679,813,509,-304,-661,558.5,102.5
17.6301384565847,813,508,-305,-660.5,559,101.5
17.6322850703016,812,509,-303,-660.5,557.5,103
17.6344316840185,812,509,-303,-660.5,557.5,103
17.6365782977353,813,509,-304,-661,558.5,102.5
17.6387249114522,819,509,-310,-664,564.5,99.5
17.640871525169,822,509,-313,-665.5,567.5,98
17.6430181388859,829,509,-320,-669,574.5,94.5
17.6451647526028,838,509,-329,-673.5,583.5,90
17.6473113663196,846,509,-337,-677.5,591.5,86
17.6494579800365,852,509,-343,-680.5,597.5,83
17.6516045937534,858,509,-349,-683.5,603.5,80
17.6537512074702,860,509,-351,-684.5,605.5,79
17.6558978211871,863,509,-354,-686,608.5,77.5
17.6580444349039,865,509,-356,-687,610.5,76.5
17.6601910486208,870,509,-361,-689.5,615.5,74
17.6623376623377,868,509,-359,-688.5,613.5,75
17.6644842760545,865,509,-356,-687,610.5,76.5
17.6666308897714,861,509,-352,-685,606.5,78.5
17.6687775034882,855,509,-346,-682,600.5,81.5
17.6709241172051,851,509,-342,-680,596.5,83.5
17.673070730922,845,509,-336,-677,590.5,86.5
17.6752173446388,834,509,-325,-671.5,579.5,92
17.6773639583557,826,509,-317,-667.5,571.5,96
17.6795105720726,815,509,-306,-662,560.5,101.5
17.6816571857894,809,509,-300,-659,554.5,104.5
17.6838037995063,808,509,-299,-658.5,553.5,105
17.6859504132231,809,508,-301,-658.5,555,103.5
17.68809702694,811,509,-302,-660,556.5,103.5
17.6902436406569,813,509,-304,-661,558.5,102.5
17.6923902543737,817,508,-309,-662.5,563,99.5
17.6945368680906,818,509,-309,-663.5,563.5,100
17.6966834818074,818,509,-309,-663.5,563.5,100
17.6988300955243,818,509,-309,-663.5,563.5,100
17.7009767092412,815,509,-306,-662,560.5,101.5
17.703123322958,814,509,-305,-661.5,559.5,102
17.7052699366749,812,509,-303,-660.5,557.5,103
17.7074165503918,812,509,-303,-660.5,557.5,103
17.7095631641086,813,509,-304,-661,558.5,102.5
17.7117097778255,814,509,-305,-661.5,559.5,102
17.7138563915423,814,509,-305,-661.5,559.5,102
17.7160030052592,816,509,-307,-662.5,561.5,101
17.7181496189761,816,509,-307,-662.5,561.5,101
17.7202962326929,817,509,-308,-663,562.5,100.5
17.7224428464098,818,509,-309,-663.5,563.5,100
17.7245894601266,817,509,-308,-663,562.5,100.5
17.7267360738435,815,509,-306,-662,560.5,101.5
17.7288826875604,815,509,-306,-662,560.5,101.5
17.7310293012772,814,509,-305,-661.5,559.5,102
17.7331759149941,814,509,-305,-661.5,559.5,102
17.735322528711,815,509,-306,-662,560.5,101.5
17.7374691424278,816,509,-307,-662.5,561.5,101
17.7396157561447,817,509,-308,-663,562.5,100.5
17.7417623698615,817,509,-308,-663,562.5,100.5
17.7439089835784,818,509,-309,-663.5,563.5,100
17.7460555972953,819,509,-310,-664,564.5,99.5
17.7482022110121,819,509,-310,-664,564.5,99.5
17.750348824729,817,509,-308,-663,562.5,100.5
17.7524954384459,817,509,-308,-663,562.5,100.5
17.7546420521627,817,509,-308,-663,562.5,100.5
17.7567886658796,819,509,-310,-664,564.5,99.5
17.7589352795964,823,509,-314,-666,568.5,97.5
17.7610818933133,821,509,-312,-665,566.5,98.5
17.7632285070302,821,509,-312,-665,566.5,98.5
17.765375120747,821,509,-312,-665,566.5,98.5
17.7675217344639,820,509,-311,-664.5,565.5,99
17.7696683481807,820,509,-311,-664.5,565.5,99
17.7718149618976,819,509,-310,-664,564.5,99.5
17.7739615756145,819,509,-310,-664,564.5,99.5
17.7761081893313,819,509,-310,-664,564.5,99.5
17.7782548030482,821,509,-312,-665,566.5,98.5
17.7804014167651,821,509,-312,-665,566.5,98.5
17.7825480304819,823,509,-314,-666,568.5,97.5
17.7846946441988,824,509,-315,-666.5,569.5,97
17.7868412579156,822,509,-313,-665.5,567.5,98
17.7889878716325,822,509,-313,-665.5,567.5,98
17.7911344853494,822,509,-313,-665.5,567.5,98
17.7932810990662,821,509,-312,-665,566.5,98.5
17.7954277127831,822,508,-314,-665,568,97
17.7975743264999,822,509,-313,-665.5,567.5,98
17.7997209402168,823,509,-314,-666,568.5,97.5
17.8018675539337,825,509,-316,-667,570.5,96.5
17.8040141676505,825,509,-316,-667,570.5,96.5
17.8061607813674,827,509,-318,-668,572.5,95.5
17.8083073950843,824,509,-315,-666.5,569.5,97
17.8104540088011,826,509,-317,-667.5,571.5,96
17.812600622518,825,509,-316,-667,570.5,96.5
17.8147472362348,827,509,-318,-668,572.5,95.5
17.8168938499517,826,509,-317,-667.5,571.5,96
17.8190404636686,827,509,-318,-668,572.5,95.5
17.8211870773854,828,509,-319,-668.5,573.5,95
17.8233336911023,830,509,-321,-669.5,575.5,94
17.8254803048191,831,509,-322,-670,576.5,93.5
17.827626918536,831,509,-322,-670,576.5,93.5
17.8297735322529,830,509,-321,-669.5,575.5,94
17.8319201459697,831,509,-322,-670,576.5,93.5
17.8340667596866,831,509,-322,-670,576.5,93.5
17.8362133734035,830,509,-321,-669.5,575.5,94
17.8383599871203,831,509,-322,-670,576.5,93.5
17.8405066008372,833,509,-324,-671,578.5,92.5
17.842653214554,832,509,-323,-670.5,577.5,93
17.8447998282709,834,509,-325,-671.5,579.5,92
17.8469464419878,834,509,-325,-671.5,579.5,92
17.8490930557046,836,509,-327,-672.5,581.5,91
17.8512396694215,835,509,-326,-672,580.5,91.5
17.8533862831383,835,509,-326,-672,580.5,91.5
17.8555328968552,836,509,-327,-672.5,581.5,91
17.8576795105721,835,509,-326,-672,580.5,91.5
17.8598261242889,835,509,-326,-672,580.5,91.5
17.8619727380058,838,509,-329,-673.5,583.5,90
17.8641193517227,838,509,-329,-673.5,583.5,90
17.8662659654395,838,509,-329,-673.5,583.5,90
17.8684125791564,838,509,-329,-673.5,583.5,90
17.8705591928732,838,508,-330,-673,584,89
17.8727058065901,838,509,-329,-673.5,583.5,90
17.874852420307,838,509,-329,-673.5,583.5,90
17.8769990340238,836,508,-328,-672,582,90
17.8791456477407,835,509,-326,-672,580.5,91.5
17.8812922614575,836,508,-328,-672,582,90
17.8834388751744,837,509,-328,-673,582.5,90.5
17.8855854888913,837,508,-329,-672.5,583,89.5
17.8877321026081,837,509,-328,-673,582.5,90.5
17.889878716325,837,509,-328,-673,582.5,90.5
17.8920253300419,837,509,-328,-673,582.5,90.5
17.8941719437587,836,509,-327,-672.5,581.5,91
17.8963185574756,838,509,-329,-673.5,583.5,90
17.8984651711924,836,509,-327,-672.5,581.5,91
17.9006117849093,836,509,-327,-672.5,581.5,91
17.9027583986262,836,509,-327,-672.5,581.5,91
17.904905012343,835,509,-326,-672,580.5,91.5
17.9070516260599,835,509,-326,-672,580.5,91.5
17.9091982397768,835,509,-326,-672,580.5,91.5
17.9113448534936,836,509,-327,-672.5,581.5,91
17.9134914672105,837,508,-329,-672.5,583,89.5
17.9156380809273,836,509,-327,-672.5,581.5,91
17.9177846946442,833,509,-324,-671,578.5,92.5
17.9199313083611,831,509,-322,-670,576.5,93.5
17.9220779220779,830,509,-321,-669.5,575.5,94
17.9242245357948,827,509,-318,-668,572.5,95.5
17.9263711495116,825,509,-316,-667,570.5,96.5
17.9285177632285,826,509,-317,-667.5,571.5,96
17.9306643769454,825,509,-316,-667,570.5,96.5
17.9328109906622,825,509,-316,-667,570.5,96.5
17.9349576043791,824,509,-315,-666.5,569.5,97
17.937104218096,822,509,-313,-665.5,567.5,98
17.9392508318128,820,508,-312,-664,566,98
17.9413974455297,819,509,-310,-664,564.5,99.5
17.9435440592465,819,509,-310,-664,564.5,99.5
17.9456906729634,817,509,-308,-663,562.5,100.5
17.9478372866803,818,509,-309,-663.5,563.5,100
17.9499839003971,816,509,-307,-662.5,561.5,101
17.952130514114,814,509,-305,-661.5,559.5,102
17.9542771278308,812,509,-303,-660.5,557.5,103
17.9564237415477,812,509,-303,-660.5,557.5,103
17.9585703552646,812,509,-303,-660.5,557.5,103
17.9607169689814,814,509,-305,-661.5,559.5,102
17.9628635826983,811,509,-302,-660,556.5,103.5
17.9650101964152,811,509,-302,-660,556.5,103.5
17.967156810132,812,509,-303,-660.5,557.5,103
17.9693034238489,813,509,-304,-661,558.5,102.5
17.9714500375657,814,509,-305,-661.5,559.5,102
17.9735966512826,817,509,-308,-663,562.5,100.5
17.9757432649995,818,509,-309,-663.5,563.5,100
17.9778898787163,818,509,-309,-663.5,563.5,100
17.9800364924332,815,509,-306,-662,560.5,101.5
17.98218310615,815,509,-306,-662,560.5,101.5
17.9843297198669,812,508,-304,-660,558,102
17.9864763335838,812,509,-303,-660.5,557.5,103
17.9886229473006,811,509,-302,-660,556.5,103.5
17.9907695610175,811,509,-302,-660,556.5,103.5
17.9929161747344,812,509,-303,-660.5,557.5,103
17.9950627884512,812,509,-303,-660.5,557.5,103
17.9972094021681,814,509,-305,-661.5,559.5,102
17.9993560158849,814,509,-305,-661.5,559.5,102
18.0015026296018,815,509,-306,-662,560.5,101.5
18.0036492433187,816,509,-307,-662.5,561.5,101
18.0057958570355,818,509,-309,-663.5,563.5,100
18.0079424707524,815,509,-306,-662,560.5,101.5
18.0100890844693,817,509,-308,-663,562.5,100.5
18.0122356981861,815,508,-307,-661.5,561,100.5
18.014382311903,813,509,-304,-661,558.5,102.5
18.0165289256198,811,509,-302,-660,556.5,103.5
18.0186755393367,810,509,-301,-659.5,555.5,104
18.0208221530536,810,509,-301,-659.5,555.5,104
18.0229687667704,811,509,-302,-660,556.5,103.5
18.0251153804873,813,509,-304,-661,558.5,102.5
18.0272619942041,814,509,-305,-661.5,559.5,102
18.029408607921,817,509,-308,-663,562.5,100.5
18.0315552216379,817,509,-308,-663,562.5,100.5
18.0337018353547,819,509,-310,-664,564.5,99.5
18.0358484490716,818,509,-309,-663.5,563.5,100
18.0379950627885,816,509,-307,-662.5,561.5,101
18.0401416765053,816,509,-307,-662.5,561.5,101
18.0422882902222,815,509,-306,-662,560.5,101.5
18.044434903939,814,509,-305,-661.5,559.5,102
18.0465815176559,816,509,-307,-662.5,561.5,101
18.0487281313728,815,509,-306,-662,560.5,101.5
18.0508747450896,815,508,-307,-661.5,561,100.5
18.0530213588065,815,508,-307,-661.5,561,100.5
18.0551679725233,815,509,-306,-662,560.5,101.5
18.0573145862402,817,509,-308,-663,562.5,100.5
18.0594611999571,817,509,-308,-663,562.5,100.5
18.0616078136739,818,509,-309,-663.5,563.5,100
18.0637544273908,818,509,-309,-663.5,563.5,100
18.0659010411077,820,509,-311,-664.5,565.5,99
18.0680476548245,820,509,-311,-664.5,565.5,99
18.0701942685414,820,509,-311,-664.5,565.5,99
18.0723408822582,818,509,-309,-663.5,563.5,100
18.0744874959751,816,509,-307,-662.5,561.5,101
18.076634109692,816,509,-307,-662.5,561.5,101
18.0787807234088,818,508,-310,-663,564,99
18.0809273371257,818,509,-309,-663.5,563.5,100
18.0830739508425,819,509,-310,-664,564.5,99.5
18.0852205645594,821,509,-312,-665,566.5,98.5
18.0873671782763,821,509,-312,-665,566.5,98.5
18.0895137919931,821,509,-312,-665,566.5,98.5
18.09166040571,819,509,-310,-664,564.5,99.5
18.0938070194269,817,509,-308,-663,562.5,100.5
18.0959536331437,818,509,-309,-663.5,563.5,100
18.0981002468606,819,509,-310,-664,564.5,99.5
18.1002468605774,819,509,-310,-664,564.5,99.5
18.1023934742943,819,509,-310,-664,564.5,99.5
18.1045400880112,819,509,-310,-664,564.5,99.5
18.106686701728,818,509,-309,-663.5,563.5,100
18.1088333154449,818,509,-309,-663.5,563.5,100
18.1109799291617,818,509,-309,-663.5,563.5,100
18.1131265428786,819,509,-310,-664,564.5,99.5
18.1152731565955,820,508,-312,-664,566,98
18.1174197703123,822,509,-313,-665.5,567.5,98
18.1195663840292,823,508,-315,-665.5,569,96.5
18.1217129977461,823,509,-314,-666,568.5,97.5
18.1238596114629,822,509,-313,-665.5,567.5,98
18.1260062251798,823,509,-314,-666,568.5,97.5
18.1281528388966,821,509,-312,-665,566.5,98.5
18.1302994526135,820,509,-311,-664.5,565.5,99
18.1324460663304,818,509,-309,-663.5,563.5,100
18.1345926800472,818,509,-309,-663.5,563.5,100
18.1367392937641,817,509,-308,-663,562.5,100.5
18.1388859074809,816,509,-307,-662.5,561.5,101
18.1410325211978,817,509,-308,-663,562.5,100.5
18.1431791349147,819,509,-310,-664,564.5,99.5
18.1453257486315,818,509,-309,-663.5,563.5,100
18.1474723623484,820,509,-311,-664.5,565.5,99
18.1496189760653,819,509,-310,-664,564.5,99.5
18.1517655897821,819,509,-310,-664,564.5,99.5
18.153912203499,819,509,-310,-664,564.5,99.5
18.1560588172158,822,509,-313,-665.5,567.5,98
18.1582054309327,823,509,-314,-666,568.5,97.5
18.1603520446496,821,509,-312,-665,566.5,98.5
18.1624986583664,820,509,-311,-664.5,565.5,99
18.1646452720833,820,508,-312,-664,566,98
18.1667918858001,819,509,-310,-664,564.5,99.5
18.168938499517,820,508,-312,-664,566,98
18.1710851132339,818,509,-309,-663.5,563.5,100
18.1732317269507,819,509,-310,-664,564.5,99.5
18.1753783406676,819,509,-310,-664,564.5,99.5
18.1775249543845,820,509,-311,-664.5,565.5,99
18.1796715681013,820,508,-312,-664,566,98
18.1818181818182,822,508,-314,-665,568,97
18.183964795535,821,509,-312,-665,566.5,98.5
18.1861114092519,822,509,-313,-665.5,567.5,98
18.1882580229688,823,509,-314,-666,568.5,97.5
18.1904046366856,824,509,-315,-666.5,569.5,97
18.1925512504025,823,509,-314,-666,568.5,97.5
18.1946978641194,824,509,-315,-666.5,569.5,97
18.1968444778362,823,509,-314,-666,568.5,97.5
18.1989910915531,824,509,-315,-666.5,569.5,97
18.2011377052699,824,509,-315,-666.5,569.5,97
18.2032843189868,825,509,-316,-667,570.5,96.5
18.2054309327037,826,509,-317,-667.5,571.5,96
18.2075775464205,827,509,-318,-668,572.5,95.5
18.2097241601374,829,509,-320,-669,574.5,94.5
18.2118707738542,829,509,-320,-669,574.5,94.5
18.2140173875711,828,509,-319,-668.5,573.5,95
18.216164001288,828,509,-319,-668.5,573.5,95
18.2183106150048,829,509,-320,-669,574.5,94.5
18.2204572287217,827,509,-318,-668,572.5,95.5
18.2226038424386,826,509,-317,-667.5,571.5,96
18.2247504561554,826,509,-317,-667.5,571.5,96
18.2268970698723,825,509,-316,-667,570.5,96.5
18.2290436835891,825,509,-316,-667,570.5,96.5
18.231190297306,827,509,-318,-668,572.5,95.5
18.2333369110229,827,509,-318,-668,572.5,95.5
18.2354835247397,827,509,-318,-668,572.5,95.5
18.2376301384566,828,508,-320,-668,574,94
18.2397767521734,826,509,-317,-667.5,571.5,96
18.2419233658903,822,509,-313,-665.5,567.5,98
18.2440699796072,822,509,-313,-665.5,567.5,98
18.246216593324,821,509,-312,-665,566.5,98.5
18.2483632070409,820,509,-311,-664.5,565.5,99
18.2505098207578,820,509,-311,-664.5,565.5,99
18.2526564344746,817,509,-308,-663,562.5,100.5
18.2548030481915,815,509,-306,-662,560.5,101.5
18.2569496619083,814,509,-305,-661.5,559.5,102
18.2590962756252,813,509,-304,-661,558.5,102.5
18.2612428893421,814,509,-305,-661.5,559.5,102
18.2633895030589,810,509,-301,-659.5,555.5,104
18.2655361167758,811,509,-302,-660,556.5,103.5
18.2676827304926,810,509,-301,-659.5,555.5,104
18.2698293442095,809,509,-300,-659,554.5,104.5
18.2719759579264,810,509,-301,-659.5,555.5,104
18.2741225716432,811,509,-302,-660,556.5,103.5
18.2762691853601,812,509,-303,-660.5,557.5,103
18.278415799077,813,508,-305,-660.5,559,101.5
18.2805624127938,814,509,-305,-661.5,559.5,102
18.2827090265107,815,509,-306,-662,560.5,101.5
18.2848556402275,814,508,-306,-661,560,101
18.2870022539444,815,509,-306,-662,560.5,101.5
18.2891488676613,815,509,-306,-662,560.5,101.5
18.2912954813781,812,509,-303,-660.5,557.5,103
18.293442095095,813,509,-304,-661,558.5,102.5
18.2955887088118,811,509,-302,-660,556.5,103.5
18.2977353225287,811,509,-302,-660,556.5,103.5
18.2998819362456,811,509,-302,-660,556.5,103.5
18.3020285499624,812,509,-303,-660.5,557.5,103
18.3041751636793,812,509,-303,-660.5,557.5,103
18.3063217773962,813,509,-304,-661,558.5,102.5
18.308468391113,813,509,-304,-661,558.5,102.5
18.3106150048299,814,509,-305,-661.5,559.5,102
18.3127616185467,815,509,-306,-662,560.5,101.5
18.3149082322636,814,509,-305,-661.5,559.5,102
18.3170548459805,815,509,-306,-662,560.5,101.5
18.3192014596973,816,509,-307,-662.5,561.5,101
18.3213480734142,815,509,-306,-662,560.5,101.5
18.323494687131,811,509,-302,-660,556.5,103.5
18.3256413008479,811,509,-302,-660,556.5,103.5
18.3277879145648,809,509,-300,-659,554.5,104.5
18.3299345282816,809,508,-301,-658.5,555,103.5
18.3320811419985,812,509,-303,-660.5,557.5,103
18.3342277557154,812,509,-303,-660.5,557.5,103
18.3363743694322,815,509,-306,-662,560.5,101.5
18.3385209831491,820,509,-311,-664.5,565.5,99
18.3406675968659,828,509,-319,-668.5,573.5,95
18.3428142105828,836,509,-327,-672.5,581.5,91
18.3449608242997,846,509,-337,-677.5,591.5,86
18.3471074380165,851,509,-342,-680,596.5,83.5
18.3492540517334,856,509,-347,-682.5,601.5,81
18.3514006654503,858,509,-349,-683.5,603.5,80
18.3535472791671,862,509,-353,-685.5,607.5,78
18.355693892884,862,509,-353,-685.5,607.5,78
18.3578405066008,866,509,-357,-687.5,611.5,76
18.3599871203177,866,509,-357,-687.5,611.5,76
18.3621337340346,864,509,-355,-686.5,609.5,77
18.3642803477514,859,509,-350,-684,604.5,79.5
18.3664269614683,853,509,-344,-681,598.5,82.5
18.3685735751851,851,509,-342,-680,596.5,83.5
18.370720188902,840,509,-331,-674.5,585.5,89
18.3728668026189,826,509,-317,-667.5,571.5,96
18.3750134163357,814,508,-306,-661,560,101
18.3771600300526,805,509,-296,-657,550.5,106.5
18.3793066437695,801,509,-292,-655,546.5,108.5
18.3814532574863,799,509,-290,-654,544.5,109.5
18.3835998712032,803,509,-294,-656,548.5,107.5
18.38574648492,807,509,-298,-658,552.5,105.5
18.3878930986369,810,509,-301,-659.5,555.5,104
18.3900397123538,814,509,-305,-661.5,559.5,102
18.3921863260706,816,509,-307,-662.5,561.5,101
18.3943329397875,816,509,-307,-662.5,561.5,101
18.3964795535043,813,509,-304,-661,558.5,102.5
18.3986261672212,811,509,-302,-660,556.5,103.5
18.4007727809381,810,509,-301,-659.5,555.5,104
18.4029193946549,810,508,-302,-659,556,103
18.4050660083718,808,509,-299,-658.5,553.5,105
18.4072126220887,809,509,-300,-659,554.5,104.5
18.4093592358055,812,509,-303,-660.5,557.5,103
18.4115058495224,813,509,-304,-661,558.5,102.5
18.4136524632392,812,509,-303,-660.5,557.5,103
18.4157990769561,813,509,-304,-661,558.5,102.5
18.417945690673,811,509,-302,-660,556.5,103.5
18.4200923043898,813,509,-304,-661,558.5,102.5
18.4222389181067,812,509,-303,-660.5,557.5,103
18.4243855318235,812,509,-303,-660.5,557.5,103
18.4265321455404,811,509,-302,-660,556.5,103.5
18.4286787592573,812,509,-303,-660.5,557.5,103
18.4308253729741,814,509,-305,-661.5,559.5,102
18.432971986691,814,509,-305,-661.5,559.5,102
18.4351186004079,815,509,-306,-662,560.5,101.5
18.4372652141247,816,508,-308,-662,562,100
18.4394118278416,818,509,-309,-663.5,563.5,100
18.4415584415584,818,509,-309,-663.5,563.5,100
18.4437050552753,818,509,-309,-663.5,563.5,100
18.4458516689922,818,509,-309,-663.5,563.5,100
18.447998282709,817,509,-308,-663,562.5,100.5
18.4501448964259,817,509,-308,-663,562.5,100.5
18.4522915101428,816,509,-307,-662.5,561.5,101
18.4544381238596,817,509,-308,-663,562.5,100.5
18.4565847375765,817,509,-308,-663,562.5,100.5
18.4587313512933,817,509,-308,-663,562.5,100.5
18.4608779650102,818,509,-309,-663.5,563.5,100
18.4630245787271,818,509,-309,-663.5,563.5,100
18.4651711924439,820,508,-312,-664,566,98
18.4673178061608,820,509,-311,-664.5,565.5,99
18.4694644198776,821,509,-312,-665,566.5,98.5
18.4716110335945,823,509,-314,-666,568.5,97.5
18.4737576473114,824,509,-315,-666.5,569.5,97
18.4759042610282,824,509,-315,-666.5,569.5,97
18.4780508747451,822,509,-313,-665.5,567.5,98
18.480197488462,822,509,-313,-665.5,567.5,98
18.4823441021788,821,509,-312,-665,566.5,98.5
18.4844907158957,819,509,-310,-664,564.5,99.5
18.4866373296125,819,509,-310,-664,564.5,99.5
18.4887839433294,820,509,-311,-664.5,565.5,99
18.4909305570463,821,509,-312,-665,566.5,98.5
18.4930771707631,822,509,-313,-665.5,567.5,98
18.49522378448,822,509,-313,-665.5,567.5,98
18.4973703981968,824,509,-315,-666.5,569.5,97
18.4995170119137,825,509,-316,-667,570.5,96.5
18.5016636256306,827,509,-318,-668,572.5,95.5
18.5038102393474,828,509,-319,-668.5,573.5,95
18.5059568530643,828,509,-319,-668.5,573.5,95
18.5081034667812,828,509,-319,-668.5,573.5,95
18.510250080498,826,509,-317,-667.5,571.5,96
18.5123966942149,825,509,-316,-667,570.5,96.5
18.5145433079317,826,509,-317,-667.5,571.5,96
18.5166899216486,826,509,-317,-667.5,571.5,96
18.5188365353655,826,509,-317,-667.5,571.5,96
18.5209831490823,826,509,-317,-667.5,571.5,96
18.5231297627992,825,509,-316,-667,570.5,96.5
18.525276376516,826,509,-317,-667.5,571.5,96
18.5274229902329,827,509,-318,-668,572.5,95.5
18.5295696039498,829,509,-320,-669,574.5,94.5
18.5317162176666,832,509,-323,-670.5,577.5,93
18.5338628313835,832,509,-323,-670.5,577.5,93
18.5360094451004,833,509,-324,-671,578.5,92.5
18.5381560588172,832,509,-323,-670.5,577.5,93
18.5403026725341,831,509,-322,-670,576.5,93.5
18.5424492862509,832,509,-323,-670.5,577.5,93
18.5445958999678,832,509,-323,-670.5,577.5,93
18.5467425136847,832,509,-323,-670.5,577.5,93
18.5488891274015,834,509,-325,-671.5,579.5,92
18.5510357411184,835,509,-326,-672,580.5,91.5
18.5531823548352,834,509,-325,-671.5,579.5,92
18.5553289685521,833,509,-324,-671,578.5,92.5
18.557475582269,834,509,-325,-671.5,579.5,92
18.5596221959858,833,509,-324,-671,578.5,92.5
18.5617688097027,835,509,-326,-672,580.5,91.5
18.5639154234196,835,509,-326,-672,580.5,91.5
18.5660620371364,837,509,-328,-673,582.5,90.5
18.5682086508533,839,509,-330,-674,584.5,89.5
18.5703552645701,838,509,-329,-673.5,583.5,90
18.572501878287,835,509,-326,-672,580.5,91.5
18.5746484920039,836,509,-327,-672.5,581.5,91
18.5767951057207,835,509,-326,-672,580.5,91.5
18.5789417194376,836,509,-327,-672.5,581.5,91
18.5810883331544,836,508,-328,-672,582,90
18.5832349468713,837,509,-328,-673,582.5,90.5
18.5853815605882,836,509,-327,-672.5,581.5,91
18.587528174305,835,509,-326,-672,580.5,91.5
18.5896747880219,837,509,-328,-673,582.5,90.5
18.5918214017388,836,509,-327,-672.5,581.5,91
18.5939680154556,838,509,-329,-673.5,583.5,90
18.5961146291725,838,509,-329,-673.5,583.5,90
18.5982612428893,839,509,-330,-674,584.5,89.5
18.6004078566062,838,509,-329,-673.5,583.5,90
18.6025544703231,838,509,-329,-673.5,583.5,90
18.6047010840399,837,509,-328,-673,582.5,90.5
18.6068476977568,837,509,-328,-673,582.5,90.5
18.6089943114736,838,508,-330,-673,584,89
18.6111409251905,836,509,-327,-672.5,581.5,91
18.6132875389074,834,509,-325,-671.5,579.5,92
18.6154341526242,833,509,-324,-671,578.5,92.5
18.6175807663411,831,509,-322,-670,576.5,93.5
18.619727380058,832,509,-323,-670.5,577.5,93
18.6218739937748,830,509,-321,-669.5,575.5,94
18.6240206074917,831,509,-322,-670,576.5,93.5
18.6261672212085,831,509,-322,-670,576.5,93.5
18.6283138349254,829,509,-320,-669,574.5,94.5
18.6304604486423,826,509,-317,-667.5,571.5,96
18.6326070623591,822,509,-313,-665.5,567.5,98
18.634753676076,819,509,-310,-664,564.5,99.5
18.6369002897929,817,509,-308,-663,562.5,100.5
18.6390469035097,815,509,-306,-662,560.5,101.5
18.6411935172266,815,509,-306,-662,560.5,101.5
18.6433401309434,817,509,-308,-663,562.5,100.5
18.6454867446603,815,509,-306,-662,560.5,101.5
18.6476333583772,816,509,-307,-662.5,561.5,101
18.649779972094,817,509,-308,-663,562.5,100.5
18.6519265858109,817,509,-308,-663,562.5,100.5
18.6540731995277,816,509,-307,-662.5,561.5,101
18.6562198132446,817,509,-308,-663,562.5,100.5
18.6583664269615,817,509,-308,-663,562.5,100.5
18.6605130406783,817,509,-308,-663,562.5,100.5
18.6626596543952,816,509,-307,-662.5,561.5,101
18.6648062681121,814,509,-305,-661.5,559.5,102
18.6669528818289,813,509,-304,-661,558.5,102.5
18.6690994955458,815,509,-306,-662,560.5,101.5
18.6712461092626,811,508,-303,-659.5,557,102.5
18.6733927229795,812,509,-303,-660.5,557.5,103
18.6755393366964,812,509,-303,-660.5,557.5,103
18.6776859504132,812,509,-303,-660.5,557.5,103
18.6798325641301,813,509,-304,-661,558.5,102.5
18.6819791778469,815,509,-306,-662,560.5,101.5
18.6841257915638,815,509,-306,-662,560.5,101.5
18.6862724052807,815,509,-306,-662,560.5,101.5
18.6884190189975,816,509,-307,-662.5,561.5,101
18.6905656327144,815,509,-306,-662,560.5,101.5
18.6927122464313,815,509,-306,-662,560.5,101.5
18.6948588601481,814,509,-305,-661.5,559.5,102
18.697005473865,815,509,-306,-662,560.5,101.5
18.6991520875818,813,509,-304,-661,558.5,102.5
18.7012987012987,814,509,-305,-661.5,559.5,102
18.7034453150156,812,508,-304,-660,558,102
18.7055919287324,813,509,-304,-661,558.5,102.5
18.7077385424493,814,509,-305,-661.5,559.5,102
18.7098851561661,815,509,-306,-662,560.5,101.5
18.712031769883,815,509,-306,-662,560.5,101.5
18.7141783835999,814,509,-305,-661.5,559.5,102
18.7163249973167,815,509,-306,-662,560.5,101.5
18.7184716110336,815,509,-306,-662,560.5,101.5
18.7206182247505,816,509,-307,-662.5,561.5,101
18.7227648384673,815,509,-306,-662,560.5,101.5
18.7249114521842,816,509,-307,-662.5,561.5,101
18.727058065901,817,509,-308,-663,562.5,100.5
18.7292046796179,818,509,-309,-663.5,563.5,100
18.7313512933348,820,509,-311,-664.5,565.5,99
18.7334979070516,821,509,-312,-665,566.5,98.5
18.7356445207685,818,509,-309,-663.5,563.5,100
18.7377911344853,817,509,-308,-663,562.5,100.5
18.7399377482022,814,509,-305,-661.5,559.5,102
18.7420843619191,813,509,-304,-661,558.5,102.5
18.7442309756359,814,509,-305,-661.5,559.5,102
18.7463775893528,815,509,-306,-662,560.5,101.5
18.7485242030697,816,509,-307,-662.5,561.5,101
18.7506708167865,815,509,-306,-662,560.5,101.5
18.7528174305034,816,508,-308,-662,562,100
18.7549640442202,817,509,-308,-663,562.5,100.5
18.7571106579371,817,509,-308,-663,562.5,100.5
18.759257271654,818,509,-309,-663.5,563.5,100
18.7614038853708,819,509,-310,-664,564.5,99.5
18.7635504990877,819,509,-310,-664,564.5,99.5
18.7656971128045,819,509,-310,-664,564.5,99.5
18.7678437265214,818,509,-309,-663.5,563.5,100
18.7699903402383,817,509,-308,-663,562.5,100.5
18.7721369539551,817,509,-308,-663,562.5,100.5
18.774283567672,816,509,-307,-662.5,561.5,101
18.7764301813889,815,509,-306,-662,560.5,101.5
18.7785767951057,815,509,-306,-662,560.5,101.5
18.7807234088226,817,509,-308,-663,562.5,100.5
18.7828700225394,817,508,-309,-662.5,563,99.5
18.7850166362563,819,509,-310,-664,564.5,99.5
18.7871632499732,819,509,-310,-664,564.5,99.5
18.78930986369,817,509,-308,-663,562.5,100.5
18.7914564774069,818,509,-309,-663.5,563.5,100
18.7936030911238,818,509,-309,-663.5,563.5,100
18.7957497048406,818,509,-309,-663.5,563.5,100
18.7978963185575,817,509,-308,-663,562.5,100.5
18.8000429322743,816,509,-307,-662.5,561.5,101
18.8021895459912,815,509,-306,-662,560.5,101.5
18.8043361597081,814,509,-305,-661.5,559.5,102
18.8064827734249,815,509,-306,-662,560.5,101.5
18.8086293871418,815,509,-306,-662,560.5,101.5
18.8107760008586,817,509,-308,-663,562.5,100.5
18.8129226145755,817,509,-308,-663,562.5,100.5
18.8150692282924,819,509,-310,-664,564.5,99.5
18.8172158420092,817,509,-308,-663,562.5,100.5
18.8193624557261,817,509,-308,-663,562.5,100.5
18.821509069443,818,509,-309,-663.5,563.5,100
18.8236556831598,820,509,-311,-664.5,565.5,99
18.8258022968767,819,509,-310,-664,564.5,99.5
18.8279489105935,818,508,-310,-663,564,99
18.8300955243104,816,509,-307,-662.5,561.5,101
18.8322421380273,815,509,-306,-662,560.5,101.5
18.8343887517441,814,509,-305,-661.5,559.5,102
18.836535365461,815,509,-306,-662,560.5,101.5
18.8386819791778,815,509,-306,-662,560.5,101.5
18.8408285928947,817,509,-308,-663,562.5,100.5
18.8429752066116,818,509,-309,-663.5,563.5,100
18.8451218203284,817,509,-308,-663,562.5,100.5
18.8472684340453,818,509,-309,-663.5,563.5,100
18.8494150477622,817,509,-308,-663,562.5,100.5
18.851561661479,817,509,-308,-663,562.5,100.5
18.8537082751959,817,509,-308,-663,562.5,100.5
18.8558548889127,816,509,-307,-662.5,561.5,101
18.8580015026296,816,509,-307,-662.5,561.5,101
18.8601481163465,815,509,-306,-662,560.5,101.5
18.8622947300633,815,509,-306,-662,560.5,101.5
18.8644413437802,814,509,-305,-661.5,559.5,102
18.866587957497,814,509,-305,-661.5,559.5,102
18.8687345712139,815,509,-306,-662,560.5,101.5
18.8708811849308,816,509,-307,-662.5,561.5,101
18.8730277986476,818,509,-309,-663.5,563.5,100
18.8751744123645,819,508,-311,-663.5,565,98.5
18.8773210260814,820,509,-311,-664.5,565.5,99
18.8794676397982,820,508,-312,-664,566,98
18.8816142535151,821,509,-312,-665,566.5,98.5
18.8837608672319,821,509,-312,-665,566.5,98.5
18.8859074809488,821,509,-312,-665,566.5,98.5
18.8880540946657,821,509,-312,-665,566.5,98.5
18.8902007083825,822,509,-313,-665.5,567.5,98
18.8923473220994,823,509,-314,-666,568.5,97.5
18.8944939358163,823,509,-314,-666,568.5,97.5
18.8966405495331,822,509,-313,-665.5,567.5,98
18.89878716325,821,508,-313,-664.5,567,97.5
18.9009337769668,821,509,-312,-665,566.5,98.5
18.9030803906837,822,509,-313,-665.5,567.5,98
18.9052270044006,824,509,-315,-666.5,569.5,97
18.9073736181174,822,509,-313,-665.5,567.5,98
18.9095202318343,823,509,-314,-666,568.5,97.5
18.9116668455511,824,509,-315,-666.5,569.5,97
18.913813459268,823,509,-314,-666,568.5,97.5
18.9159600729849,823,509,-314,-666,568.5,97.5
18.9181066867017,821,509,-312,-665,566.5,98.5
18.9202533004186,819,509,-310,-664,564.5,99.5
18.9223999141355,820,509,-311,-664.5,565.5,99
18.9245465278523,820,509,-311,-664.5,565.5,99
18.9266931415692,820,509,-311,-664.5,565.5,99
18.928839755286,820,509,-311,-664.5,565.5,99
18.9309863690029,819,508,-311,-663.5,565,98.5
18.9331329827198,817,509,-308,-663,562.5,100.5
18.9352795964366,816,509,-307,-662.5,561.5,101
18.9374262101535,814,509,-305,-661.5,559.5,102
18.9395728238703,815,509,-306,-662,560.5,101.5
18.9417194375872,813,509,-304,-661,558.5,102.5
18.9438660513041,814,509,-305,-661.5,559.5,102
18.9460126650209,812,509,-303,-660.5,557.5,103
18.9481592787378,812,509,-303,-660.5,557.5,103
18.9503058924547,810,509,-301,-659.5,555.5,104
18.9524525061715,810,509,-301,-659.5,555.5,104
18.9545991198884,809,509,-300,-659,554.5,104.5
18.9567457336052,808,509,-299,-658.5,553.5,105
18.9588923473221,808,509,-299,-658.5,553.5,105
18.961038961039,805,509,-296,-657,550.5,106.5
18.9631855747558,805,509,-296,-657,550.5,106.5
18.9653321884727,809,508,-301,-658.5,555,103.5
18.9674788021895,811,509,-302,-660,556.5,103.5
18.9696254159064,811,509,-302,-660,556.5,103.5
18.9717720296233,808,509,-299,-658.5,553.5,105
18.9739186433401,809,509,-300,-659,554.5,104.5
18.976065257057,808,509,-299,-658.5,553.5,105
18.9782118707739,809,509,-300,-659,554.5,104.5
18.9803584844907,810,509,-301,-659.5,555.5,104
18.9825050982076,807,509,-298,-658,552.5,105.5
18.9846517119244,806,508,-298,-657,552,105
18.9867983256413,808,509,-299,-658.5,553.5,105
18.9889449393582,809,509,-300,-659,554.5,104.5
18.991091553075,812,509,-303,-660.5,557.5,103
18.9932381667919,812,508,-304,-660,558,102
18.9953847805087,814,509,-305,-661.5,559.5,102
18.9975313942256,813,509,-304,-661,558.5,102.5
18.9996780079425,811,509,-302,-660,556.5,103.5
19.0018246216593,812,509,-303,-660.5,557.5,103
19.0039712353762,810,509,-301,-659.5,555.5,104
19.0061178490931,809,509,-300,-659,554.5,104.5
19.0082644628099,806,509,-297,-657.5,551.5,106
19.0104110765268,806,509,-297,-657.5,551.5,106
19.0125576902436,805,509,-296,-657,550.5,106.5
19.0147043039605,804,509,-295,-656.5,549.5,107
19.0168509176774,804,509,-295,-656.5,549.5,107
19.0189975313942,805,509,-296,-657,550.5,106.5
19.0211441451111,805,509,-296,-657,550.5,106.5
19.0232907588279,807,509,-298,-658,552.5,105.5
19.0254373725448,807,508,-299,-657.5,553,104.5
19.0275839862617,810,509,-301,-659.5,555.5,104
19.0297305999785,812,509,-303,-660.5,557.5,103
19.0318772136954,816,509,-307,-662.5,561.5,101
19.0340238274123,822,509,-313,-665.5,567.5,98
19.0361704411291,832,509,-323,-670.5,577.5,93
19.038317054846,841,509,-332,-675,586.5,88.5
19.0404636685628,850,509,-341,-679.5,595.5,84
19.0426102822797,853,509,-344,-681,598.5,82.5
19.0447568959966,858,509,-349,-683.5,603.5,80
19.0469035097134,862,509,-353,-685.5,607.5,78
19.0490501234303,863,509,-354,-686,608.5,77.5
19.0511967371471,864,509,-355,-686.5,609.5,77
19.053343350864,864,509,-355,-686.5,609.5,77
19.0554899645809,860,509,-351,-684.5,605.5,79
19.0576365782977,856,509,-347,-682.5,601.5,81
19.0597831920146,849,509,-340,-679,594.5,84.5
19.0619298057315,842,509,-333,-675.5,587.5,88
19.0640764194483,830,509,-321,-669.5,575.5,94
19.0662230331652,814,509,-305,-661.5,559.5,102
19.068369646882,799,509,-290,-654,544.5,109.5
19.0705162605989,790,509,-281,-649.5,535.5,114
19.0726628743158,785,509,-276,-647,530.5,116.5
19.0748094880326,786,509,-277,-647.5,531.5,116
19.0769561017495,788,509,-279,-648.5,533.5,115
19.0791027154664,792,509,-283,-650.5,537.5,113
19.0812493291832,797,509,-288,-653,542.5,110.5
19.0833959429001,803,509,-294,-656,548.5,107.5
19.0855425566169,806,509,-297,-657.5,551.5,106
19.0876891703338,808,509,-299,-658.5,553.5,105
19.0898357840507,807,509,-298,-658,552.5,105.5
19.0919823977675,806,509,-297,-657.5,551.5,106
19.0941290114844,803,509,-294,-656,548.5,107.5
19.0962756252012,801,509,-292,-655,546.5,108.5
19.0984222389181,801,509,-292,-655,546.5,108.5
19.100568852635,800,509,-291,-654.5,545.5,109
19.1027154663518,802,509,-293,-655.5,547.5,108
19.1048620800687,802,509,-293,-655.5,547.5,108
19.1070086937856,803,509,-294,-656,548.5,107.5
19.1091553075024,802,509,-293,-655.5,547.5,108
19.1113019212193,802,509,-293,-655.5,547.5,108
19.1134485349361,800,509,-291,-654.5,545.5,109
19.115595148653,801,509,-292,-655,546.5,108.5
19.1177417623699,801,509,-292,-655,546.5,108.5
19.1198883760867,801,509,-292,-655,546.5,108.5
19.1220349898036,802,509,-293,-655.5,547.5,108
19.1241816035204,804,509,-295,-656.5,549.5,107
19.1263282172373,805,509,-296,-657,550.5,106.5
19.1284748309542,806,508,-298,-657,552,105
19.130621444671,807,509,-298,-658,552.5,105.5
19.1327680583879,806,509,-297,-657.5,551.5,106
19.1349146721048,804,509,-295,-656.5,549.5,107
19.1370612858216,801,509,-292,-655,546.5,108.5
19.1392078995385,801,509,-292,-655,546.5,108.5
19.1413545132553,801,508,-293,-654.5,547,107.5
19.1435011269722,803,509,-294,-656,548.5,107.5
19.1456477406891,803,509,-294,-656,548.5,107.5
19.1477943544059,804,509,-295,-656.5,549.5,107
19.1499409681228,805,509,-296,-657,550.5,106.5
19.1520875818396,806,509,-297,-657.5,551.5,106
19.1542341955565,807,509,-298,-658,552.5,105.5
19.1563808092734,806,509,-297,-657.5,551.5,106
19.1585274229902,806,509,-297,-657.5,551.5,106
19.1606740367071,806,509,-297,-657.5,551.5,106
19.162820650424,807,509,-298,-658,552.5,105.5
19.1649672641408,807,509,-298,-658,552.5,105.5
19.1671138778577,806,509,-297,-657.5,551.5,106
19.1692604915745,806,509,-297,-657.5,551.5,106
19.1714071052914,808,508,-300,-658,554,104
19.1735537190083,809,509,-300,-659,554.5,104.5
19.1757003327251,809,509,-300,-659,554.5,104.5
19.177846946442,812,508,-304,-660,558,102
19.1799935601588,811,509,-302,-660,556.5,103.5
19.1821401738757,812,509,-303,-660.5,557.5,103
19.1842867875926,810,509,-301,-659.5,555.5,104
19.1864334013094,811,509,-302,-660,556.5,103.5
19.1885800150263,811,509,-302,-660,556.5,103.5
19.1907266287432,812,509,-303,-660.5,557.5,103
19.19287324246,812,509,-303,-660.5,557.5,103
19.1950198561769,812,509,-303,-660.5,557.5,103
19.1971664698937,812,509,-303,-660.5,557.5,103
19.1993130836106,813,509,-304,-661,558.5,102.5
19.2014596973275,813,509,-304,-661,558.5,102.5
19.2036063110443,814,508,-306,-661,560,101
19.2057529247612,815,509,-306,-662,560.5,101.5
19.207899538478,815,509,-306,-662,560.5,101.5
19.2100461521949,815,509,-306,-662,560.5,101.5
19.2121927659118,814,509,-305,-661.5,559.5,102
19.2143393796286,813,509,-304,-661,558.5,102.5
19.2164859933455,813,509,-304,-661,558.5,102.5
19.2186326070624,814,508,-306,-661,560,101
19.2207792207792,815,509,-306,-662,560.5,101.5
19.2229258344961,815,509,-306,-662,560.5,101.5
19.2250724482129,816,509,-307,-662.5,561.5,101
19.2272190619298,817,509,-308,-663,562.5,100.5
19.2293656756467,817,509,-308,-663,562.5,100.5
19.2315122893635,817,509,-308,-663,562.5,100.5
19.2336589030804,817,508,-309,-662.5,563,99.5
19.2358055167973,820,509,-311,-664.5,565.5,99
19.2379521305141,820,509,-311,-664.5,565.5,99
19.240098744231,820,509,-311,-664.5,565.5,99
19.2422453579478,819,509,-310,-664,564.5,99.5
19.2443919716647,818,508,-310,-663,564,99
19.2465385853816,820,509,-311,-664.5,565.5,99
19.2486851990984,820,509,-311,-664.5,565.5,99
19.2508318128153,821,509,-312,-665,566.5,98.5
19.2529784265321,820,509,-311,-664.5,565.5,99
19.255125040249,822,509,-313,-665.5,567.5,98
19.2572716539659,822,509,-313,-665.5,567.5,98
19.2594182676827,824,509,-315,-666.5,569.5,97
19.2615648813996,824,509,-315,-666.5,569.5,97
19.2637114951165,824,509,-315,-666.5,569.5,97
19.2658581088333,823,509,-314,-666,568.5,97.5
19.2680047225502,822,509,-313,-665.5,567.5,98
19.270151336267,823,509,-314,-666,568.5,97.5
19.2722979499839,823,509,-314,-666,568.5,97.5
19.2744445637008,823,509,-314,-666,568.5,97.5
19.2765911774176,825,509,-316,-667,570.5,96.5
19.2787377911345,825,509,-316,-667,570.5,96.5
19.2808844048513,824,508,-316,-666,570,96
19.2830310185682,824,509,-315,-666.5,569.5,97
19.2851776322851,824,509,-315,-666.5,569.5,97
19.2873242460019,823,509,-314,-666,568.5,97.5
19.2894708597188,822,509,-313,-665.5,567.5,98
19.2916174734357,822,509,-313,-665.5,567.5,98
19.2937640871525,821,509,-312,-665,566.5,98.5
19.2959107008694,821,509,-312,-665,566.5,98.5
19.2980573145862,819,509,-310,-664,564.5,99.5
19.3002039283031,818,509,-309,-663.5,563.5,100
19.30235054202,816,509,-307,-662.5,561.5,101
19.3044971557368,815,509,-306,-662,560.5,101.5
19.3066437694537,814,509,-305,-661.5,559.5,102
19.3087903831705,815,509,-306,-662,560.5,101.5
19.3109369968874,814,509,-305,-661.5,559.5,102
19.3130836106043,815,509,-306,-662,560.5,101.5
19.3152302243211,812,509,-303,-660.5,557.5,103
19.317376838038,811,509,-302,-660,556.5,103.5
19.3195234517549,808,509,-299,-658.5,553.5,105
19.3216700654717,807,509,-298,-658,552.5,105.5
19.3238166791886,807,509,-298,-658,552.5,105.5
19.3259632929054,805,509,-296,-657,550.5,106.5
19.3281099066223,805,509,-296,-657,550.5,106.5
19.3302565203392,803,509,-294,-656,548.5,107.5
19.332403134056,806,509,-297,-657.5,551.5,106
19.3345497477729,804,509,-295,-656.5,549.5,107
19.3366963614898,803,509,-294,-656,548.5,107.5
19.3388429752066,802,509,-293,-655.5,547.5,108
19.3409895889235,801,509,-292,-655,546.5,108.5
19.3431362026403,800,509,-291,-654.5,545.5,109
19.3452828163572,799,509,-290,-654,544.5,109.5
19.3474294300741,798,509,-289,-653.5,543.5,110
19.3495760437909,794,508,-286,-651,540,111
19.3517226575078,795,509,-286,-652,540.5,111.5
19.3538692712246,793,509,-284,-651,538.5,112.5
19.3560158849415,796,508,-288,-652,542,110
19.3581624986584,795,509,-286,-652,540.5,111.5
19.3603091123752,796,509,-287,-652.5,541.5,111
19.3624557260921,798,508,-290,-653,544,109
19.364602339809,799,509,-290,-654,544.5,109.5
19.3667489535258,798,509,-289,-653.5,543.5,110
19.3688955672427,798,509,-289,-653.5,543.5,110
19.3710421809595,795,509,-286,-652,540.5,111.5
19.3731887946764,796,509,-287,-652.5,541.5,111
19.3753354083933,795,509,-286,-652,540.5,111.5
19.3774820221101,796,509,-287,-652.5,541.5,111
19.379628635827,795,509,-286,-652,540.5,111.5
19.3817752495438,792,509,-283,-650.5,537.5,113
19.3839218632607,793,508,-285,-650.5,539,111.5
19.3860684769776,797,509,-288,-653,542.5,110.5
19.3882150906944,798,509,-289,-653.5,543.5,110
19.3903617044113,797,509,-288,-653,542.5,110.5
19.3925083181282,799,509,-290,-654,544.5,109.5
19.394654931845,801,509,-292,-655,546.5,108.5
19.3968015455619,802,508,-294,-655,548,107
19.3989481592787,799,509,-290,-654,544.5,109.5
19.4010947729956,798,508,-290,-653,544,109
19.4032413867125,800,509,-291,-654.5,545.5,109
19.4053880004293,799,509,-290,-654,544.5,109.5
19.4075346141462,799,509,-290,-654,544.5,109.5
19.409681227863,799,509,-290,-654,544.5,109.5
19.4118278415799,799,509,-290,-654,544.5,109.5
19.4139744552968,798,509,-289,-653.5,543.5,110
19.4161210690136,797,509,-288,-653,542.5,110.5
19.4182676827305,796,509,-287,-652.5,541.5,111
19.4204142964474,797,509,-288,-653,542.5,110.5
19.4225609101642,797,509,-288,-653,542.5,110.5
19.4247075238811,798,508,-290,-653,544,109
19.4268541375979,799,509,-290,-654,544.5,109.5
19.4290007513148,800,509,-291,-654.5,545.5,109
19.4311473650317,798,508,-290,-653,544,109
19.4332939787485,797,509,-288,-653,542.5,110.5
19.4354405924654,798,509,-289,-653.5,543.5,110
19.4375872061822,796,509,-287,-652.5,541.5,111
19.4397338198991,796,509,-287,-652.5,541.5,111
19.441880433616,798,509,-289,-653.5,543.5,110
19.4440270473328,799,509,-290,-654,544.5,109.5
19.4461736610497,800,509,-291,-654.5,545.5,109
19.4483202747666,800,509,-291,-654.5,545.5,109
19.4504668884834,800,509,-291,-654.5,545.5,109
19.4526135022003,801,509,-292,-655,546.5,108.5
19.4547601159171,803,509,-294,-656,548.5,107.5
19.456906729634,803,509,-294,-656,548.5,107.5
19.4590533433509,805,509,-296,-657,550.5,106.5
19.4611999570677,802,508,-294,-655,548,107
19.4633465707846,798,509,-289,-653.5,543.5,110
19.4654931845014,795,509,-286,-652,540.5,111.5
19.4676397982183,794,509,-285,-651.5,539.5,112
19.4697864119352,795,509,-286,-652,540.5,111.5
19.471933025652,797,509,-288,-653,542.5,110.5
19.4740796393689,798,509,-289,-653.5,543.5,110
19.4762262530858,800,509,-291,-654.5,545.5,109
19.4783728668026,800,509,-291,-654.5,545.5,109
19.4805194805195,801,509,-292,-655,546.5,108.5
19.4826660942363,801,509,-292,-655,546.5,108.5
19.4848127079532,802,509,-293,-655.5,547.5,108
19.4869593216701,800,509,-291,-654.5,545.5,109
19.4891059353869,800,509,-291,-654.5,545.5,109
19.4912525491038,802,509,-293,-655.5,547.5,108
19.4933991628206,803,509,-294,-656,548.5,107.5
19.4955457765375,802,509,-293,-655.5,547.5,108
19.4976923902544,802,509,-293,-655.5,547.5,108
19.4998390039712,804,509,-295,-656.5,549.5,107
19.5019856176881,803,509,-294,-656,548.5,107.5
19.504132231405,802,509,-293,-655.5,547.5,108
19.5062788451218,800,509,-291,-654.5,545.5,109
19.5084254588387,799,509,-290,-654,544.5,109.5
19.5105720725555,799,509,-290,-654,544.5,109.5
19.5127186862724,800,509,-291,-654.5,545.5,109
19.5148652999893,800,508,-292,-654,546,108
19.5170119137061,799,509,-290,-654,544.5,109.5
19.519158527423,800,509,-291,-654.5,545.5,109
19.5213051411399,801,509,-292,-655,546.5,108.5
19.5234517548567,804,509,-295,-656.5,549.5,107
19.5255983685736,805,509,-296,-657,550.5,106.5
19.5277449822904,806,509,-297,-657.5,551.5,106
19.5298915960073,805,509,-296,-657,550.5,106.5
19.5320382097242,804,509,-295,-656.5,549.5,107
19.534184823441,804,509,-295,-656.5,549.5,107
19.5363314371579,805,509,-296,-657,550.5,106.5
19.5384780508747,806,509,-297,-657.5,551.5,106
19.5406246645916,807,508,-299,-657.5,553,104.5
19.5427712783085,808,509,-299,-658.5,553.5,105
19.5449178920253,807,509,-298,-658,552.5,105.5
19.5470645057422,809,509,-300,-659,554.5,104.5
19.5492111194591,809,509,-300,-659,554.5,104.5
19.5513577331759,808,508,-300,-658,554,104
19.5535043468928,808,509,-299,-658.5,553.5,105
19.5556509606096,808,509,-299,-658.5,553.5,105
19.5577975743265,808,509,-299,-658.5,553.5,105
19.5599441880434,808,509,-299,-658.5,553.5,105
19.5620908017602,810,509,-301,-659.5,555.5,104
19.5642374154771,811,509,-302,-660,556.5,103.5
19.5663840291939,812,509,-303,-660.5,557.5,103
19.5685306429108,814,509,-305,-661.5,559.5,102
19.5706772566277,815,509,-306,-662,560.5,101.5
19.5728238703445,816,509,-307,-662.5,561.5,101
19.5749704840614,815,509,-306,-662,560.5,101.5
19.5771170977783,814,509,-305,-661.5,559.5,102
19.5792637114951,813,509,-304,-661,558.5,102.5
19.581410325212,814,509,-305,-661.5,559.5,102
19.5835569389288,813,509,-304,-661,558.5,102.5
19.5857035526457,814,509,-305,-661.5,559.5,102
19.5878501663626,814,509,-305,-661.5,559.5,102
19.5899967800794,814,508,-306,-661,560,101
19.5921433937963,813,509,-304,-661,558.5,102.5
19.5942900075131,812,509,-303,-660.5,557.5,103
19.59643662123,811,509,-302,-660,556.5,103.5
19.5985832349469,812,509,-303,-660.5,557.5,103
19.6007298486637,812,509,-303,-660.5,557.5,103
19.6028764623806,811,509,-302,-660,556.5,103.5
19.6050230760975,809,509,-300,-659,554.5,104.5
19.6071696898143,807,509,-298,-658,552.5,105.5
19.6093163035312,804,509,-295,-656.5,549.5,107
19.611462917248,802,509,-293,-655.5,547.5,108
19.6136095309649,800,509,-291,-654.5,545.5,109
19.6157561446818,801,509,-292,-655,546.5,108.5
19.6179027583986,802,508,-294,-655,548,107
19.6200493721155,804,509,-295,-656.5,549.5,107
19.6221959858323,804,509,-295,-656.5,549.5,107
19.6243425995492,803,509,-294,-656,548.5,107.5
19.6264892132661,801,508,-293,-654.5,547,107.5
19.6286358269829,804,509,-295,-656.5,549.5,107
19.6307824406998,803,509,-294,-656,548.5,107.5
19.6329290544167,803,509,-294,-656,548.5,107.5
19.6350756681335,803,509,-294,-656,548.5,107.5
19.6372222818504,802,509,-293,-655.5,547.5,108
19.6393688955672,803,509,-294,-656,548.5,107.5
19.6415155092841,803,509,-294,-656,548.5,107.5
19.643662123001,804,509,-295,-656.5,549.5,107
19.6458087367178,805,509,-296,-657,550.5,106.5
19.6479553504347,806,509,-297,-657.5,551.5,106
19.6501019641515,806,509,-297,-657.5,551.5,106
19.6522485778684,807,509,-298,-658,552.5,105.5
19.6543951915853,807,509,-298,-658,552.5,105.5
19.6565418053021,805,509,-296,-657,550.5,106.5
19.658688419019,802,509,-293,-655.5,547.5,108
19.6608350327359,806,509,-297,-657.5,551.5,106
19.6629816464527,805,509,-296,-657,550.5,106.5
19.6651282601696,805,509,-296,-657,550.5,106.5
19.6672748738864,806,508,-298,-657,552,105
19.6694214876033,806,509,-297,-657.5,551.5,106
19.6715681013202,806,509,-297,-657.5,551.5,106
19.673714715037,805,509,-296,-657,550.5,106.5
19.6758613287539,804,508,-296,-656,550,106
19.6780079424708,804,509,-295,-656.5,549.5,107
19.6801545561876,802,509,-293,-655.5,547.5,108
19.6823011699045,802,509,-293,-655.5,547.5,108
19.6844477836213,802,509,-293,-655.5,547.5,108
19.6865943973382,803,509,-294,-656,548.5,107.5
19.6887410110551,804,509,-295,-656.5,549.5,107
19.6908876247719,804,509,-295,-656.5,549.5,107
19.6930342384888,803,509,-294,-656,548.5,107.5
19.6951808522056,811,509,-302,-660,556.5,103.5
19.6973274659225,820,509,-311,-664.5,565.5,99
19.6994740796394,830,509,-321,-669.5,575.5,94
19.7016206933562,839,509,-330,-674,584.5,89.5
19.7037673070731,850,509,-341,-679.5,595.5,84
19.70591392079,853,509,-344,-681,598.5,82.5
19.7080605345068,855,509,-346,-682,600.5,81.5
19.7102071482237,861,509,-352,-685,606.5,78.5
19.7123537619405,862,509,-353,-685.5,607.5,78
19.7145003756574,865,509,-356,-687,610.5,76.5
19.7166469893743,865,509,-356,-687,610.5,76.5
19.7187936030911,862,508,-354,-685,608,77
19.720940216808,858,509,-349,-683.5,603.5,80
19.7230868305248,853,509,-344,-681,598.5,82.5
19.7252334442417,847,509,-338,-678,592.5,85.5
19.7273800579586,835,509,-326,-672,580.5,91.5
19.7295266716754,821,509,-312,-665,566.5,98.5
19.7316732853923,809,509,-300,-659,554.5,104.5
19.7338198991092,801,509,-292,-655,546.5,108.5
19.735966512826,797,509,-288,-653,542.5,110.5
19.7381131265429,793,509,-284,-651,538.5,112.5
19.7402597402597,791,509,-282,-650,536.5,113.5
19.7424063539766,793,508,-285,-650.5,539,111.5
19.7445529676935,799,509,-290,-654,544.5,109.5
19.7466995814103,804,509,-295,-656.5,549.5,107
19.7488461951272,807,509,-298,-658,552.5,105.5
19.750992808844,809,509,-300,-659,554.5,104.5
19.7531394225609,809,509,-300,-659,554.5,104.5
19.7552860362778,809,508,-301,-658.5,555,103.5
19.7574326499946,807,509,-298,-658,552.5,105.5
19.7595792637115,807,509,-298,-658,552.5,105.5
19.7617258774284,809,509,-300,-659,554.5,104.5
19.7638724911452,810,509,-301,-659.5,555.5,104
19.7660191048621,813,509,-304,-661,558.5,102.5
19.7681657185789,811,509,-302,-660,556.5,103.5
19.7703123322958,812,509,-303,-660.5,557.5,103
19.7724589460127,812,509,-303,-660.5,557.5,103
19.7746055597295,811,509,-302,-660,556.5,103.5
19.7767521734464,810,509,-301,-659.5,555.5,104
19.7788987871633,811,509,-302,-660,556.5,103.5
19.7810454008801,811,509,-302,-660,556.5,103.5
19.783192014597,814,509,-305,-661.5,559.5,102
19.7853386283138,814,509,-305,-661.5,559.5,102
19.7874852420307,815,509,-306,-662,560.5,101.5
19.7896318557476,816,509,-307,-662.5,561.5,101
19.7917784694644,816,509,-307,-662.5,561.5,101
19.7939250831813,816,509,-307,-662.5,561.5,101
19.7960716968981,816,509,-307,-662.5,561.5,101
19.798218310615,815,509,-306,-662,560.5,101.5
19.8003649243319,815,509,-306,-662,560.5,101.5
19.8025115380487,818,509,-309,-663.5,563.5,100
19.8046581517656,818,509,-309,-663.5,563.5,100
19.8068047654825,818,509,-309,-663.5,563.5,100
19.8089513791993,818,509,-309,-663.5,563.5,100
19.8110979929162,818,508,-310,-663,564,99
19.813244606633,818,509,-309,-663.5,563.5,100
19.8153912203499,818,509,-309,-663.5,563.5,100
19.8175378340668,820,509,-311,-664.5,565.5,99
19.8196844477836,821,509,-312,-665,566.5,98.5
19.8218310615005,822,509,-313,-665.5,567.5,98
19.8239776752173,823,509,-314,-666,568.5,97.5
19.8261242889342,824,509,-315,-666.5,569.5,97
19.8282709026511,825,509,-316,-667,570.5,96.5
19.8304175163679,825,509,-316,-667,570.5,96.5
19.8325641300848,825,509,-316,-667,570.5,96.5
19.8347107438017,824,509,-315,-666.5,569.5,97
19.8368573575185,826,509,-317,-667.5,571.5,96
19.8390039712354,825,509,-316,-667,570.5,96.5
19.8411505849522,825,509,-316,-667,570.5,96.5
19.8432971986691,825,509,-316,-667,570.5,96.5
19.845443812386,826,508,-318,-667,572,95
19.8475904261028,826,509,-317,-667.5,571.5,96
19.8497370398197,827,509,-318,-668,572.5,95.5
19.8518836535365,829,509,-320,-669,574.5,94.5
19.8540302672534,829,509,-320,-669,574.5,94.5
19.8561768809703,831,509,-322,-670,576.5,93.5
19.8583234946871,831,509,-322,-670,576.5,93.5
19.860470108404,831,509,-322,-670,576.5,93.5
19.8626167221209,832,509,-323,-670.5,577.5,93
19.8647633358377,833,509,-324,-671,578.5,92.5
19.8669099495546,833,509,-324,-671,578.5,92.5
19.8690565632714,832,508,-324,-670,578,92
19.8712031769883,834,509,-325,-671.5,579.5,92
19.8733497907052,833,509,-324,-671,578.5,92.5
19.875496404422,834,509,-325,-671.5,579.5,92
19.8776430181389,834,509,-325,-671.5,579.5,92
19.8797896318557,833,509,-324,-671,578.5,92.5
19.8819362455726,833,509,-324,-671,578.5,92.5
19.8840828592895,834,509,-325,-671.5,579.5,92
19.8862294730063,833,509,-324,-671,578.5,92.5
19.8883760867232,834,509,-325,-671.5,579.5,92
19.8905227004401,834,509,-325,-671.5,579.5,92
19.8926693141569,835,509,-326,-672,580.5,91.5
19.8948159278738,836,509,-327,-672.5,581.5,91
19.8969625415906,836,509,-327,-672.5,581.5,91
19.8991091553075,836,509,-327,-672.5,581.5,91
19.9012557690244,839,509,-330,-674,584.5,89.5
19.9034023827412,839,509,-330,-674,584.5,89.5
19.9055489964581,839,509,-330,-674,584.5,89.5
19.9076956101749,838,508,-330,-673,584,89
19.9098422238918,840,508,-332,-674,586,88
19.9119888376087,840,509,-331,-674.5,585.5,89
19.9141354513255,841,509,-332,-675,586.5,88.5
19.9162820650424,840,509,-331,-674.5,585.5,89
19.9184286787593,840,509,-331,-674.5,585.5,89
19.9205752924761,840,508,-332,-674,586,88
19.922721906193,839,509,-330,-674,584.5,89.5
19.9248685199098,839,509,-330,-674,584.5,89.5
19.9270151336267,841,509,-332,-675,586.5,88.5
19.9291617473436,842,508,-334,-675,588,87
19.9313083610604,842,509,-333,-675.5,587.5,88
19.9334549747773,844,509,-335,-676.5,589.5,87
19.9356015884941,844,509,-335,-676.5,589.5,87
19.937748202211,844,509,-335,-676.5,589.5,87
19.9398948159279,844,509,-335,-676.5,589.5,87
19.9420414296447,846,509,-337,-677.5,591.5,86
19.9441880433616,845,509,-336,-677,590.5,86.5
19.9463346570785,845,509,-336,-677,590.5,86.5
19.9484812707953,844,509,-335,-676.5,589.5,87
19.9506278845122,843,509,-334,-676,588.5,87.5
19.952774498229,843,509,-334,-676,588.5,87.5
19.9549211119459,842,509,-333,-675.5,587.5,88
19.9570677256628,841,509,-332,-675,586.5,88.5
19.9592143393796,842,509,-333,-675.5,587.5,88
19.9613609530965,842,509,-333,-675.5,587.5,88
19.9635075668134,842,509,-333,-675.5,587.5,88
19.9656541805302,842,509,-333,-675.5,587.5,88
19.9678007942471,840,509,-331,-674.5,585.5,89
19.9699474079639,840,509,-331,-674.5,585.5,89
19.9720940216808,839,509,-330,-674,584.5,89.5
19.9742406353977,838,509,-329,-673.5,583.5,90
19.9763872491145,839,509,-330,-674,584.5,89.5
19.9785338628314,838,509,-329,-673.5,583.5,90
19.9806804765482,838,509,-329,-673.5,583.5,90
19.9828270902651,837,509,-328,-673,582.5,90.5
19.984973703982,838,509,-329,-673.5,583.5,90
19.9871203176988,835,509,-326,-672,580.5,91.5
19.9892669314157,835,509,-326,-672,580.5,91.5
19.9914135451326,834,509,-325,-671.5,579.5,92
19.9935601588494,832,508,-324,-670,578,92
19.9957067725663,831,509,-322,-670,576.5,93.5
19.9978533862831,830,509,-321,-669.5,575.5,94
